caller,callee
00100000,00100024
00100000,00102520
00100000,00103b48
00100000,00103de8
00100000,00103e1c
00100000,00103e70
00100000,00104db0
00100000,002a6ca4
00100048,00100064
001000a0,00100186
001000a0,001001fc
001000a0,001003d0
001000a0,002a8ef8
001000a0,002a8f1c
001000a0,002a8f84
001000a0,002a8f8c
00100128,0010036c
0010013c,00100144
00100144,002a8eac
001001a6,00100144
001001a6,001213cc
001001a6,002a67b4
001001a6,002a8eac
001001f4,002a8e8c
001001fc,00100378
001001fc,001003b8
001001fc,001003d0
001001fc,00100428
001001fc,00101764
001001fc,002a8df8
001001fc,002a8e0c
001001fc,002a8e48
001001fc,002a8ef8
001001fc,002a8ffc
00100378,00100808
001003d0,001007c4
001003d0,002a8ef8
001003d0,002a8f84
00100428,002a8d70
0010044c,002a8ca4
0010044c,002a8cc4
00100596,002a8ca4
001007c4,002a8c68
001007c4,002a8c7e
00100808,00100de8
00100870,002a8c28
0010098c,0010165c
0010098c,002a8be4
00100a70,0010165c
00100b3c,001022cc
00100b3c,002a8cdc
00100b6e,002a8b2c
00100b6e,002a8b58
00100c3c,00100bf8
00100c3c,002a8b16
00100cc8,00100c70
00100cc8,002a8b16
00100d18,002a8b2c
00100d18,002a8b58
00100d18,002a8be4
00100de8,0010044c
00100de8,00100596
00100de8,001006e0
00100de8,00100870
00100de8,0010098c
00100de8,00100a70
00100de8,00121690
00101398,00101184
00101398,00102140
00101398,00102144
00101398,00121ea8
00101398,002a8974
00101398,002a8984
0010167c,00101d4e
0010167c,001022bc
0010167c,001216dc
0010167c,002a892c
0010167c,002a8938
0010167c,002a8df8
0010167c,002a8f84
0010167c,002a8f8c
00101764,002a892c
00101780,00103a7c
00101780,002a8974
00101978,00121bd0
00101978,002a8278
00101978,002a88b4
00101a54,00101d88
00101a54,00121e64
00101a54,002a8278
00101a54,002a899c
00101a54,002a8b2c
00101a54,002a8b58
00101d3c,002a8134
00101d4e,0010228c
00101d88,002a8b2c
00101d88,002a8b58
00101e00,00101e18
00101e18,00121ea8
00101e18,00121fd8
00101e18,002a8104
00101e18,002a899c
00101e18,002a8ca4
00102140,00101e18
00102144,00102150
0010228c,001022d8
001022a4,002a7f88
001022d8,002a8f84
001023cc,002a8c68
001023cc,002a8c7e
001023f0,00100808
00102430,00102856
00102470,00102742
00102478,001028c0
001024c6,002a7d08
00102550,002a7d08
0010255c,00102af8
00102574,002a8b2c
00102574,002a8b58
00102574,002a8c28
0010260e,00101780
00102644,002a8b2c
00102644,002a8b58
0010269a,002a8990
0010269a,002a8ca4
00102742,00102b20
00102742,002a8990
00102742,002a89a4
001027cc,00102b20
001027cc,002a8990
001027cc,002a89a4
00102856,00100de8
001028c0,00102544
001028c0,00102bf8
001028c0,002a8990
00102944,00102a38
00102944,002a7c18
00102944,0038bbcc
00102944,0038bbd4
00102a38,002a8990
00102a7a,00382cd0
00102a86,002a89a4
00102afa,0010293a
00102afa,002a8c7e
00102b20,002a8990
00102b20,002a8ca4
00102b20,002a8cc4
00102bf8,002a8990
00102bf8,002a8ca4
00102bf8,002a8cc4
00102cd0,002a7a54
00102cd0,002a7aa0
00102cd0,002a7aac
00102cd0,002a7b94
00102daa,002a7a08
00102daa,002a7bec
00102e0c,002a7c18
00102e0c,002a7c2c
00102e0c,002a7cc4
00102e0c,002a8eac
00102e0c,0038bbcc
00102e0c,0038bbd4
00102ffc,00103168
0010301c,002a8ffc
0010301c,002a9080
00103040,0010255c
00103040,002a67b4
00103040,002a8ef8
001030d8,002a783c
001030d8,002a8ffc
001030d8,002a9080
001031a0,0010301c
001031a0,00103764
001031a0,001038fc
001031a0,002a77aa
001031a0,002a77c4
001031a0,002a7804
0010320e,001036ec
0010320e,002a77c4
0010322c,00102ffc
0010322c,002a77c4
00103268,001038e4
00103268,002a7764
001032e8,002a8e48
0010332c,002a764c
0010332c,002a77aa
0010332c,002a7804
0010332c,002a89a4
0010332c,002a8f84
001033f4,0010332c
001033f4,002a7508
001033f4,002a7518
001033f4,002a77aa
001033f4,002a7804
00103534,001036bc
00103534,002a8ffc
00103540,002a8ef8
0010355c,001036ec
0010355c,00103758
00103578,002a7740
00103582,00103764
00103594,001032e8
00103594,002a7508
00103594,002a77aa
00103594,002a7804
00103594,002a8df8
001036ae,001036bc
001036ae,002a8ffc
001036bc,002a8ef8
001036e4,002a8ffc
001036ec,00103734
001036ec,002a7504
001036ec,002a783c
001036ec,002a8d70
00103734,002a8d70
00103764,002a8b7a
00103764,002a8ffc
00103798,002a7320
00103798,002a7740
00103798,002a8ef8
001037d0,001037dc
001037d0,002a8ffc
001037dc,002a8df8
00103816,00102a7a
0010382e,002a7504
0010382e,002a8f84
0010387a,00102e0c
0010389c,001033f4
0010389c,002a7518
0010389c,002a9080
001038ec,002a8ef8
001038fc,00101d4e
001038fc,0010355c
001038fc,00103582
001038fc,002a7740
001038fc,002a892c
00103990,0010331c
001039a4,0010320e
001039a4,0010322c
001039a4,002a7218
001039a4,002a8df8
001039a4,002a8e0c
001039a4,002a8e48
00103a30,001031a0
00103a3e,00103990
00103a6c,001030d8
00103a7c,00100bc8
00103a7c,00101a54
00103a7c,0025942c
00103a7c,00259434
00103a7c,0025943c
00103a7c,00259444
00103a7c,0025944c
00103a7c,002a7128
00103a7c,002a71a0
00103a7c,002a7214
00103b48,00100048
00103b48,00103f00
00103b48,00103fc0
00103b48,00103fe8
00103b48,00104024
00103b48,00104254
00103b48,00104308
00103b48,00104320
00103b48,00104370
00103b48,001043ac
00103b48,00104458
00103b48,00104508
00103b48,001045b8
00103b48,00104668
00103b48,00104798
00103b48,00104ae0
00103b48,00104b14
00103b48,00104b78
00103b48,00104eb4
00103b48,00104ed0
00103b48,001050a0
00103b48,00105358
00103b48,001053a0
00103b48,001053b4
00103b48,0010542c
00103b48,0010610c
00103b48,001062f4
00103b48,002a6e2c
00103b48,002a6e74
00103b48,002a6e8c
00103b48,002a6ea4
00103b48,002a6ec8
00103b48,002a6fe8
00103b48,002a7000
00103b48,002a7018
00103b48,002a7030
00103b48,002a707c
00103b48,002a708c
00103b48,002a709c
00103e1c,00121648
00103e1c,00121694
00103e1c,002a8984
00103e70,00103e90
00103e70,00104244
00103e70,00105d9c
00103e70,00105e98
00103e90,00105f60
00103e90,00106138
00103e90,00106148
00103e90,001064d0
00103e90,002a6c00
00103e90,002a6c70
00103f00,0010561c
00103f00,00105708
00103f00,00105738
00103f00,002a6b44
00103f00,002a6b78
00103f00,002a6bac
00103f00,002a6cb4
00103f00,002a8f8c
00103fc0,00105498
00103fe8,00105748
00104024,00105648
00104024,002a69e8
00104078,002a69c4
00104110,00105470
00104164,002a69c4
00104254,002a685c
00104254,002a687c
00104254,002a68ec
00104254,002a6924
00104254,002a6bac
00104308,00105aec
00104320,002a6b78
00104320,002a8f8c
00104370,00109d88
00104370,002a709c
001043ac,0010a408
001043ac,00120ff0
001043ac,002a6630
001043ac,002a6640
001043ac,002a6bac
001043ac,002a6c00
001043ac,002a6c70
00104458,001062e4
00104458,00106490
00104458,001064a4
00104458,001064b0
00104458,001064c0
00104458,0010650c
00104458,002a61ac
00104458,002a65e4
00104458,002a6600
00104458,002a6610
00104458,002a6630
00104458,002a6c00
00104458,002a6c70
00104458,002a6e2c
00104508,002a6030
00104508,002a6188
00104508,002a7030
001045b8,00105ac4
001045b8,002a5ff4
001045b8,002a6010
001045b8,002a6020
001045b8,002a7030
001045b8,002a7b94
00104668,00107484
00104668,002a6030
00104668,002a6188
00104668,002a7030
00104798,00106584
00104798,001065c4
00104798,001078c4
00104798,00108070
00104798,001080bc
00104798,001080e0
00104798,001081cc
00104798,00108304
00104798,0010835c
00104798,00109000
00104798,0010d598
00104798,0010d820
00104798,0010d8d4
00104798,002a1820
00104798,002a5dd0
00104798,002a5ecc
00104798,002a6030
00104798,002a6188
00104798,002a7030
00104ae0,00105928
00104ae0,00105a04
00104ae0,00105de0
00104ae0,002a67b8
00104b14,0010709c
00104b14,001070b8
00104b14,001070f8
00104b14,0010725c
00104b14,0010791c
00104b14,002a6188
00104b78,00105c14
00104b78,00105c20
00104b78,00105d50
00104b78,00105d68
00104b78,002a6030
00104b78,002a6188
00104b78,002a7030
00104db0,00104078
00104db0,00104110
00104db0,00104164
00104db0,001057e8
00104db0,00105834
00104db0,00105868
00104db0,00105ac4
00104db0,00109034
00104db0,002a5ff4
00104db0,002a6dd8
00104ed0,002a5c34
00104ed0,002a5cec
00104ed0,002a6030
00104ed0,002a6188
00104ed0,002a7030
001050a0,00106038
001050a0,00106bb0
001050a0,00106be0
001050a0,00106cc0
001050a0,00106eec
001050a0,00106fd4
001050a0,00107004
001050a0,0010729c
001050a0,0010caf0
001050a0,002a582c
001050a0,002a597c
001050a0,002a59f0
001050a0,002a5aa8
001050a0,002a5ac0
001050a0,002a5b48
001050a0,002a5ba0
001050a0,002a67b8
001050a0,002a6bac
001050a0,002a7030
00105358,002a54e8
001053b4,00106544
001053b4,002a54d8
0010542c,00109510
0010542c,002a685c
0010542c,002a68ec
00105498,002a53d4
00105498,002a5438
00105498,002a6bac
0010561c,00109318
00105648,002a5344
00105648,002a5374
00105648,002a53d4
00105748,001091b8
00105748,002a69e8
00105748,002a6bac
001057f8,00109170
00105834,002a52e0
00105874,001057f8
00105874,00105898
00105874,00105900
00105874,00105914
00105874,0010e828
00105874,0011c234
00105874,002a50d0
00105898,00109188
00105898,002a52e0
00105900,002a52e0
00105928,00109f64
00105928,002a5ff4
00105928,002a6b78
00105928,002a6cb4
00105928,002a8f8c
00105a04,002a5280
00105a04,002a685c
00105a04,002a68ec
00105ac4,0010947c
00105ac4,002a67b8
00105aec,001099f4
00105aec,0010ee6c
00105aec,002a67b8
00105aec,002a6b78
00105aec,002a6cb4
00105aec,002a8f8c
00105c20,00109634
00105c20,001098fc
00105c20,00109a6c
00105c20,0010a850
00105c20,0011106c
00105c20,002a5260
00105c20,002a5270
00105d50,00109680
00105d68,00109990
00105d9c,0010f358
00105d9c,0010f394
00105d9c,002a524c
00105d9c,002a5270
00105d9c,002a67b8
00105d9c,002a709c
00105de0,00109424
00105de0,00109a84
00105de0,0010f404
00105de0,0010f924
00105de0,002a5230
00105de0,002a523c
00105de0,002a5fd4
00105de0,002a6cb4
00105e98,00109d4c
00105e98,002a50d0
00105e98,002a5140
00105f60,002a685c
00105f60,002a68ec
00106038,0010f140
00106038,0010f190
00106038,002a50a8
00106038,002a67b8
0010610c,002a5070
00106148,00109350
00106148,00109368
00106148,00109e2c
00106148,00109e40
00106148,00109e60
00106148,00109ec0
00106148,0010a04c
00106148,0010a05c
00106148,0010a0dc
00106148,0010a114
00106148,0010a2cc
00106148,0010a31c
00106148,0010a444
00106148,0010a83c
00106148,002a5040
00106148,002a5050
00106148,002a5060
00106148,002a65e4
00106148,002a6600
00106148,002a6c00
00106148,002a6c70
00106148,002a6e2c
001062f4,00109e70
001062f4,00109eb0
001062f4,0010a378
001062f4,0010a408
001062f4,00120ff0
001062f4,002a4fb4
001062f4,002a4fc8
001062f4,002a6630
001062f4,002a6640
001062f4,002a67b8
001062f4,002a6bac
001062f4,002a6c00
001062f4,002a6c70
001062f4,002a707c
001062f4,002a708c
00106584,0010aa7c
001065c4,0010a9f8
001065c4,0010abd8
001065c4,0010ae14
001065c4,002a4f28
00106bb0,0010aed4
00106bb0,0010af08
00106be0,0010ae4c
00106be0,002a4d4c
00106be0,002a4f08
00106be0,002a783c
00106cc0,0010b12c
00106cc0,0010d074
00106cc0,0010d090
00106cc0,002a19d8
00106cc0,002a1b5c
00106cc0,002a1b78
00106cc0,002a3610
00106cc0,002a375c
00106cc0,002a384c
00106cc0,002a3908
00106cc0,002a4b14
00106cc0,002a4c34
00106cc0,002a4d4c
00106cc0,002a81f0
00106fd4,0010b7e0
00106fd4,002a1994
00107004,0010aee4
00107004,0010afe4
00107004,0010b08c
00107004,0010b0ac
0010709c,0010af18
001070b8,0010afa8
0010725c,0010afcc
0010725c,002a5ff4
00107484,001095a4
00107484,001095b0
00107484,0010e258
00107484,002a7ec4
00107484,002a7f5c
00107484,002a7f64
001078c4,0010d5c8
001078c4,0010d6b0
001078c4,0010d894
001078c4,002a182c
00107938,0010b82c
00107938,0010bae8
00107938,0010cf0c
00107938,0010d598
00107938,0010dab4
00107938,002a09b0
00107938,002a0b48
00107938,002a1384
00107938,002a1568
00107938,002a5ecc
00107c18,0010b874
00107c54,0010b81c
00107c54,0010d820
00107c54,0010d8d4
00107c54,0010d91c
00107c54,0010dfa4
00107c54,002a1820
00107cf4,002a59f0
00107d18,0010e6ec
00107d18,0010e77c
00107d18,0029feb4
00107d18,0029ffe4
00107d18,002a0278
00107d18,002a02a4
00107d18,002a0324
00107d18,002a0388
00107d18,002a5c34
00107d18,002a6e8c
00107d18,002a6ea4
00107d18,002a7000
00107d18,002a7018
00108070,0010e02c
0010835c,0010bb64
0010835c,0010bba8
0010835c,0010c3f0
0010835c,0010c888
0010835c,0010ca3c
0010835c,0010cab0
0010835c,0010d7e4
0010835c,0010e844
0010835c,00110020
0010835c,00110128
0010835c,00110220
0010835c,00110254
0010835c,0011026c
0010835c,001102b8
0010835c,0011ce1c
0010835c,0011ce2c
0010835c,0029faf0
0010835c,0029fc34
0010835c,0029fc38
0010835c,0029fc50
0010835c,002a09b0
0010835c,002a182c
0010835c,002a7b94
00109034,0029f940
00109034,002a50d0
001090ac,002a7030
001090f8,002a8ffc
00109108,002a7030
00109154,002a8ffc
001091b8,0010e850
001091b8,0010ec90
001091b8,0010ed78
001091b8,002a5438
001091b8,002a7b94
0010947c,0010f26c
001095b0,00111140
001095b0,002a5260
001095b0,002a5270
001098fc,00110cb8
001098fc,00110dbc
001098fc,00110ea0
00109a6c,0010ee5c
00109a84,0010f140
00109a84,0010f190
00109a84,0010f614
00109a84,0010f63c
00109a84,0010f8e4
00109a84,002a50a8
00109a84,002a5ff4
00109b60,0029f694
00109ba0,0010fdc0
00109ba0,0029f658
00109be8,0010f924
00109be8,0029f694
00109be8,002a523c
00109c50,0010ffac
00109c50,002a50d0
00109c50,002a67b8
00109c50,002a685c
00109c50,002a68ec
00109d88,0010ff04
00109d88,0010ffe8
00109d88,0029f0a8
00109d88,002a67b8
00109d88,002a6cb4
00109e70,001102cc
00109ec0,00110c30
00109f64,002a685c
00109f64,002a68ec
0010a05c,002a6e2c
0010a0a8,0029ef94
0010a0ec,001101f8
0010a114,0029ee6c
0010a114,0029f658
0010a114,002a50d0
0010a114,002a5140
0010a444,001102dc
0010a444,002a6b78
0010a444,002a6e2c
0010a444,002a8f8c
0010a578,00110afc
0010a578,0011cf74
0010a578,0011d07c
0010a578,00120ff0
0010a578,0029eddc
0010a578,0029ede8
0010a578,0029edf8
0010a578,002a5040
0010a578,002a6c00
0010a578,002a6c70
0010aa7c,001112b4
0010aa7c,00116168
0010aa7c,001163a0
0010aa7c,001165d8
0010aa7c,0029ebd4
0010aa7c,0029ec98
0010aa7c,002a5dd0
0010ae4c,00115ed8
0010ae4c,00116038
0010ae4c,0029e790
0010af18,001112d4
0010af18,00111308
0010af18,002a5ff4
0010afe4,001113c8
0010b08c,001113c8
0010b12c,0029e654
0010b12c,002a1b78
0010b12c,002a3610
0010b12c,002a375c
0010b12c,002a384c
0010b12c,002a3908
0010b12c,002a4b14
0010b12c,002a4c34
0010b12c,002a4d4c
0010b7e0,0029e630
0010b82c,001166e8
0010b82c,00116778
0010b82c,0029e594
0010b82c,002a09b0
0010b82c,002a182c
0010b874,00111bbc
0010b8c8,00111ba0
0010b8c8,002a0278
0010b8ec,002a5d88
0010b8ec,002a5da8
0010b8ec,002a7f64
0010bae8,0029e564
0010bae8,002a582c
0010bb2c,0029e4f0
0010bb2c,002a0964
0010bb64,0029e418
0010bba8,002a7490
0010bba8,002a7b94
0010bba8,002a81f0
0010c3f0,0029e408
0010c3f0,002a7b94
0010c888,0029e130
0010c888,0029e218
0010c888,0029e2a8
0010c888,0029e370
0010c888,002a7b94
0010ca3c,0029e080
0010ca3c,002a7b94
0010cab0,00111d58
0010cab0,0011222c
0010cab0,00115d44
0010cab0,0029d858
0010cf0c,0011b8e8
0010cf0c,0011d3e8
0010cf0c,0029da90
0010d074,00116994
0010d090,001167f0
0010d5c8,002a7b94
0010d6b0,002a7b94
0010d7e4,0029da80
0010d820,0011ce1c
0010d820,0011ce2c
0010d820,0029fc50
0010d91c,001167d0
0010dab4,0011b890
0010dab4,0011ce1c
0010dab4,0011ce2c
0010dab4,0029da90
0010dab4,0029fc50
0010dfa4,00110128
0010e02c,0011ce1c
0010e02c,0011ce2c
0010e02c,0029fc50
0010e160,0029d78c
0010e22c,0029d78c
0010e230,0029d78c
0010e234,0029d78c
0010e258,002a7f5c
0010e6ec,002a7f54
0010e6ec,002a7f5c
0010e77c,002a7f54
0010e77c,002a7f5c
0010e850,0011c2a0
0010e850,0029d6dc
0010e850,002a5ff4
0010e850,002a6bac
0010ec30,0029d64c
0010ec90,0029d6dc
0010ec90,002a53d4
0010ec90,002a5ff4
0010ec90,002a685c
0010ec90,002a68ec
0010ec90,002a783c
0010ee6c,0029f940
0010ef64,0010013c
0010efc4,002a67b4
0010efc8,002a5140
0010f064,002a67b8
0010f064,002a685c
0010f064,002a68ec
0010f064,002a6924
0010f064,002a6b78
0010f064,002a6cb4
0010f064,002a8f8c
0010f190,002a67b8
0010f190,002a685c
0010f190,002a68ec
0010f190,002a6924
0010f214,0011c45c
0010f240,0011c494
0010f26c,0011c684
0010f26c,0011c6dc
0010f26c,0011c744
0010f26c,001202b8
0010f3d0,001202d0
0010f404,0029d2fc
0010f404,0029d468
0010f404,0029f74c
0010f5b4,0029d2fc
0010f5b4,0029d468
0010f614,002a5ff4
0010f63c,0011c75c
0010f63c,0011c7b0
0010f63c,0011c818
0010f63c,0011c8d8
0010f63c,0029d090
0010f63c,0029d0a0
0010f63c,0029d10c
0010f63c,0029d198
0010f63c,0029d224
0010f63c,0029d29c
0010f63c,002a685c
0010f63c,002a68ec
0010f7f8,0011c75c
0010f7f8,0011c7b0
0010f7f8,0011c818
0010f7f8,0011c878
0010f7f8,0011c8d8
0010f7f8,0011c98c
0010f7f8,0029d0a0
0010f7f8,0029d10c
0010f7f8,0029d198
0010f7f8,0029d224
0010f7f8,0029d29c
0010f8e4,0011c878
0010f8e4,0029d090
0010f918,0011c92c
0010f924,0010f214
0010f924,0010f240
0010f924,0010f3d0
0010f924,0010f5b4
0010f924,0010f7f8
0010f924,0010fb10
0010f924,0029cfe0
0010f924,0029d078
0010f924,0029d084
0010f924,0029d090
0010f924,0029ee6c
0010f924,0029f74c
0010f924,002a50d0
0010f924,002a5230
0010f924,002a685c
0010f924,002a68ec
0010fb10,0011c3bc
0010fb10,0011c41c
0010fb10,0029cf44
0010fb10,0029cf98
0010fb10,002a50d0
0010fb10,002a81f0
0010fdc0,0011c3e8
0010fdc0,0011c618
0010fdc0,00120ff0
0010fdc0,0029cf98
0010fdc0,0029cfe0
0010fdc0,0029d078
0010fdc0,0029d084
0010fdc0,0029d090
0010fdc0,002a685c
0010fdc0,002a68ec
0010fdc0,002a81f0
0010ff04,002a6b78
0010ff04,002a8f8c
0010ff50,0029cf30
00110020,0011ca8c
00110020,0011cd28
00110020,002a685c
00110020,002a68ec
00110020,002a6b78
00110020,002a6cb4
00110020,002a8f8c
00110128,002a6814
0011013c,0011cc7c
0011013c,0011cd28
0011013c,0029cf04
0011013c,0029cf14
0011013c,0029cf24
0011013c,0029da80
001101a4,0011cc7c
001101a4,0011cd6c
001101a4,0029cf04
001101a4,0029cf14
001101a4,0029cf24
001101a4,0029da80
001101f8,0011cd94
001101f8,0029cf14
001101f8,0029cf24
00110220,0011cdbc
00110220,0029cf24
0011026c,002a685c
0011026c,002a68ec
001102cc,0011c2c0
001102dc,0011ceb8
001102ec,0011c504
001102ec,0011ce5c
001102ec,0011ce6c
001102ec,0011ce94
001102ec,0011cea4
001102ec,0011ced0
001102ec,0011cf24
001102ec,0011cf54
001102ec,0011cf90
001102ec,0011cfa4
001102ec,0011d14c
001102ec,0029ccb4
001102ec,0029cea8
001102ec,0029ced4
001102ec,0029cee4
001102ec,0029cef4
001102ec,0029ef08
001102ec,0029ef44
001102ec,002a5260
001102ec,002a685c
001102ec,002a68ec
001102ec,002a6e2c
001102ec,002a707c
001102ec,002a708c
001107a4,0011ce48
001107a4,0011ce80
001107a4,0011cf34
001107a4,0011cf44
001107a4,0011cf80
001107a4,0011cfc8
001107a4,0011d108
001107a4,00120ff0
001107a4,0029cc40
001107a4,0029cc90
001107a4,0029cef4
001107a4,0029e630
001107a4,0029ede8
001107a4,0029f694
001107a4,002a5040
001107a4,002a5050
001107a4,002a5060
001107a4,002a50d0
001107a4,002a67b8
001107a4,002a6c00
001107a4,002a6c70
001107a4,002a6e2c
00110afc,0011cf68
00110afc,0011cf74
00110afc,0011d07c
00110afc,0029eddc
00110afc,0029ede8
00110afc,0029edf8
00110afc,002a5040
00110afc,002a6c00
00110afc,002a6c70
00110c78,0011d224
00110c78,0029cb80
00110cb8,002a8278
00110dbc,002a8278
001112b4,0011d308
0011131c,0029e630
001113c8,0011d2a8
001113c8,0011d2d4
001113c8,0029ca50
001113c8,0029ca54
001113c8,0029cb10
001113c8,0029e408
001113c8,002a81f0
00111bbc,002a67b8
00111c38,002a67b8
00111c38,002a7f64
00111d64,00120860
00111d64,002a1568
0011222c,0011d400
00112308,0029c748
00112308,0029c778
00112308,0029c85c
00112308,0029c9f0
00115d44,0011e36c
00115d6c,0011e850
00115d6c,0011f7f8
00115ed8,0011fe38
00115ed8,001206c8
00115ed8,00120ee0
00115ed8,0029c6cc
00115ed8,002a81f0
001163a0,002a7b94
001165d8,0011dcdc
001166e8,002a7b94
00116778,0011ce1c
00116778,0011ce2c
001167d0,0011c9f8
001167f0,0011e640
0011b890,001206c8
0011b8e8,0011d3e8
0011b8e8,0011e218
0011b8e8,0011e2d8
0011b8e8,0029da90
0011b8e8,002a09b0
0011c234,0010ef18
0011c234,0010ef64
0011c294,002a7e38
0011c2a0,0012004c
0011c2a0,002a6b44
0011c2c0,0029c500
0011c3bc,0012009c
0011c3e8,001200d4
0011c41c,00120200
0011c504,0011c520
0011c520,00120160
0011c520,002a5280
0011c520,002a685c
0011c520,002a68ec
0011c520,002a6e2c
0011c618,0012023c
0011c64c,0029f758
0011c684,0011c684
0011c684,001202b8
0011c75c,0029d078
0011c75c,0029d084
0011c75c,0029d090
0011c7b0,0029d078
0011c7b0,0029d084
0011c7b0,0029d090
0011c818,0029d078
0011c818,0029d084
0011c818,0029d090
0011c878,0029d078
0011c878,0029d084
0011c878,0029d090
0011c8d8,0029d078
0011c8d8,0029d084
0011c8d8,0029d090
0011c92c,0029d078
0011c92c,0029d084
0011c92c,0029d090
0011c98c,0029d078
0011c98c,0029d084
0011c98c,0029d090
0011c9f8,0029cf04
0011ca8c,0010ee6c
0011ca8c,001205f8
0011ca8c,00120ad4
0011ca8c,00120b24
0011ca8c,0029cf24
0011ca8c,0029da80
0011ca8c,0029ee6c
0011ca8c,0029f658
0011ca8c,002a50d0
0011ca8c,002a5140
0011ca8c,002a5ff4
0011ca8c,002a685c
0011ca8c,002a68ec
0011ccb8,0029cf24
0011ce1c,002a68ec
0011ce2c,002a685c
0011ced0,00120c2c
0011ced0,002a6c00
0011ced0,002a6c70
0011ced0,002a6e2c
0011cf68,0029d56c
0011cf74,0029cc40
0011cfa4,00120d58
0011cfa4,002a5040
0011cfa4,002a6c00
0011cfa4,002a6c70
0011cfa4,002a6e2c
0011d14c,00120c88
0011d14c,002a5040
0011d14c,002a6c00
0011d14c,002a6c70
0011d2d4,0029c3e0
0011d308,00120d90
0011d308,0029c2fc
0011d308,0029ec98
0011d308,002a5dd0
0011d400,0029c234
0011d400,0029c85c
0011d400,002a7b94
0011dcdc,002a67b4
0011e218,0011ce1c
0011e218,0011ce2c
0011e218,0029fc50
0011e2d8,0011ce1c
0011e2d8,0011ce2c
0011e2d8,0029fc50
0011e434,00120ee0
0011e640,0029c518
0011e7dc,00120578
0011e7f0,00120a68
0011e810,00120658
0011e830,001207cc
0011e850,00120860
0011e850,0029c778
0011f7f8,00120860
0011f7f8,0029c778
0011ffd4,0029c144
0011fff4,0010ef18
0011fff4,0010ef64
0011fff4,0011c248
0011fff4,0011c254
0011fff4,0011c368
00120280,002a7490
001202dc,00120ffc
001202dc,0012107c
001202dc,001210f8
001202dc,00121168
001202dc,001211e0
001202dc,0012126c
00120578,0029c04c
00120578,0029cf04
00120658,0029c04c
00120658,0029cf04
001206cc,00121354
001206cc,0029cf24
001206fc,0029c04c
001206fc,0029cf04
001207cc,0029c04c
001207cc,0029cf04
00120830,00121390
00120830,0029cf24
00120864,001214c0
00120864,0012150c
00120864,00121524
00120864,0029bfe0
00120864,0029bff8
00120910,0029f694
00120910,002a50d0
00120910,002a685c
00120910,002a68ec
00120a68,0029c04c
00120a68,0029cf04
00120b34,0029e4ac
00120b34,002a50d0
00120ffc,0029d078
00120ffc,0029d084
00120ffc,0029d090
0012107c,0029d078
0012107c,0029d084
0012107c,0029d090
001210f8,0029d078
001210f8,0029d084
001210f8,0029d090
00121168,0029d078
00121168,0029d084
00121168,0029d090
001211e0,0029d078
001211e0,0029d084
001211e0,0029d090
0012126c,0012153c
001213dc,0029c500
001214c0,0029bfc0
001214c0,0029bfd0
0012153c,0029d078
0012153c,0029d084
0012153c,0029d090
00121648,002a764c
00121690,00259424
00121694,002a764c
001216dc,002a81f0
00121714,0012182c
00121714,00121b74
00121744,00121b74
00121744,00121c00
00121774,002a7490
00121b8c,0029bee4
00121bd0,0012182c
00121bd0,0029bee4
00121ea8,001220d0
00121ea8,0029bec4
00121ea8,0029bed6
00121fd8,001221d0
00121fd8,001221e8
00121fd8,0029bed6
0012264c,0029cc90
0012645c,00123e20
0012648c,00122b34
0012a1d4,00127b98
0012a204,001268ac
0012df4c,0012b910
0012df7c,0012a624
0012dfb4,0012e9c0
0012e9c0,0012e238
0012e9c0,0012e7e4
0012f6d0,00131468
0012f704,0013147c
0012ff44,0012f490
0012ff58,0012f490
0012ff6c,0012f490
0012ff80,0012f490
0012ff94,0012f490
0012ffa8,001300e4
0012ffc0,0013033c
0012ffd8,00131468
00130068,0012f490
0013007c,0012f490
00130090,0012f490
001300a4,0012f490
001300b8,0012f490
001300cc,00130448
001300e4,00131468
00130224,00131468
001302a8,0012f744
001302bc,0012f744
001302d0,0012f744
001302e4,0012f744
001302f8,0012f744
0013030c,00130448
00130324,001306a0
0013033c,00131468
001303cc,0012f744
001303e0,0012f744
001303f4,0012f744
00130408,0012f744
0013041c,0012f744
00130430,001307ac
00130448,00131468
0013060c,0012f98c
00130620,0012f98c
00130634,0012f98c
00130648,0012f98c
0013065c,0012f98c
00130670,001307ac
00130688,001309c4
001306a0,00131468
00130730,0012f98c
00130744,0012f98c
00130758,0012f98c
0013076c,0012f98c
00130780,0012f98c
00130794,00130ab0
001307ac,00131468
00130948,0012fbb4
0013095c,0012fbb4
00130970,0012fbb4
00130984,0012fbb4
00130998,0012fbb4
001309ac,00130ab0
001309c4,00131468
00130a4c,0012fbb4
00130a60,0012fbb4
00130a74,0012fbb4
00130a88,0012fbb4
00130a9c,0012fbb4
00130ab0,00131468
00130ae4,0012f6d0
00130ae4,00131468
00130ae4,0013147c
00130ae4,00133d70
00130d04,00131340
00130d04,00131438
00130d04,00131468
00130d04,001314bc
00130ea0,0013122c
00130ea0,00131438
00130f20,00131468
001310dc,00131468
00131134,001310dc
00131134,00131328
00131134,00131438
0013116c,001310dc
0013116c,00131328
00131194,001310dc
00131194,00131328
001311c0,001310dc
001311c0,00131328
0013122c,001312d4
0013123c,001333a0
001312c0,00133410
001312d4,001313e8
001312d4,00131438
00131340,00131328
00131340,00131438
00131378,00131328
00131398,00131328
001313bc,00131328
001313e8,001333a0
0013147c,00131468
001314bc,0013147c
001319cc,0013147c
00132b98,0013147c
001333a0,00131468
00135cd0,00137a68
00135d04,00137a7c
00136544,00135a90
00136558,00135a90
0013656c,00135a90
00136580,00135a90
00136594,00135a90
001365a8,001366e4
001365c0,0013693c
001365d8,00137a68
00136668,00135a90
0013667c,00135a90
00136690,00135a90
001366a4,00135a90
001366b8,00135a90
001366cc,00136a48
001366e4,00137a68
001368a8,00135d44
001368bc,00135d44
001368d0,00135d44
001368e4,00135d44
001368f8,00135d44
0013690c,00136a48
00136924,00136ca0
0013693c,00137a68
001369cc,00135d44
001369e0,00135d44
001369f4,00135d44
00136a08,00135d44
00136a1c,00135d44
00136a30,00136dac
00136a48,00137a68
00136c0c,00135f8c
00136c20,00135f8c
00136c34,00135f8c
00136c48,00135f8c
00136c5c,00135f8c
00136c70,00136dac
00136c88,00136fc4
00136ca0,00137a68
00136d30,00135f8c
00136d44,00135f8c
00136d58,00135f8c
00136d6c,00135f8c
00136d80,00135f8c
00136d94,001370b0
00136dac,00137a68
00136f48,001361b4
00136f5c,001361b4
00136f70,001361b4
00136f84,001361b4
00136f98,001361b4
00136fac,001370b0
00136fc4,00137a68
0013704c,001361b4
00137060,001361b4
00137074,001361b4
00137088,001361b4
0013709c,001361b4
001370b0,00137a68
001370e4,00135cd0
001370e4,00137a68
001370e4,00137a7c
001370e4,0013a370
00137304,00137940
00137304,00137a38
00137304,00137a68
00137304,00137abc
001374a0,0013782c
001374a0,00137a38
00137520,00137a68
001376dc,00137a68
00137734,001376dc
00137734,00137928
00137734,00137a38
0013776c,001376dc
0013776c,00137928
00137794,001376dc
00137794,00137928
001377c0,001376dc
001377c0,00137928
0013782c,001378d4
0013783c,001399a0
001378c0,00139a10
001378d4,001379e8
001378d4,00137a38
00137940,00137928
00137940,00137a38
00137978,00137928
00137998,00137928
001379bc,00137928
001379e8,001399a0
00137a7c,00137a68
00137abc,00137a7c
00137fcc,00137a7c
00139198,00137a7c
001399a0,00137a68
0013c2d0,0013e068
0013c304,0013e07c
0013cb44,0013c090
0013cb58,0013c090
0013cb6c,0013c090
0013cb80,0013c090
0013cb94,0013c090
0013cba8,0013cce4
0013cbc0,0013cf3c
0013cbd8,0013e068
0013cc68,0013c090
0013cc7c,0013c090
0013cc90,0013c090
0013cca4,0013c090
0013ccb8,0013c090
0013cccc,0013d048
0013cce4,0013e068
0013cea8,0013c344
0013cebc,0013c344
0013ced0,0013c344
0013cee4,0013c344
0013cef8,0013c344
0013cf0c,0013d048
0013cf24,0013d2a0
0013cf3c,0013e068
0013cfcc,0013c344
0013cfe0,0013c344
0013cff4,0013c344
0013d008,0013c344
0013d01c,0013c344
0013d030,0013d3ac
0013d048,0013e068
0013d20c,0013c58c
0013d220,0013c58c
0013d234,0013c58c
0013d248,0013c58c
0013d25c,0013c58c
0013d270,0013d3ac
0013d288,0013d5c4
0013d2a0,0013e068
0013d330,0013c58c
0013d344,0013c58c
0013d358,0013c58c
0013d36c,0013c58c
0013d380,0013c58c
0013d394,0013d6b0
0013d3ac,0013e068
0013d548,0013c7b4
0013d55c,0013c7b4
0013d570,0013c7b4
0013d584,0013c7b4
0013d598,0013c7b4
0013d5ac,0013d6b0
0013d5c4,0013e068
0013d64c,0013c7b4
0013d660,0013c7b4
0013d674,0013c7b4
0013d688,0013c7b4
0013d69c,0013c7b4
0013d6b0,0013e068
0013d6e4,0013c2d0
0013d6e4,0013e068
0013d6e4,0013e07c
0013d6e4,00140970
0013d904,0013df40
0013d904,0013e038
0013d904,0013e068
0013d904,0013e0bc
0013daa0,0013de2c
0013daa0,0013e038
0013db20,0013e068
0013dcdc,0013e068
0013dd34,0013dcdc
0013dd34,0013df28
0013dd34,0013e038
0013dd6c,0013dcdc
0013dd6c,0013df28
0013dd94,0013dcdc
0013dd94,0013df28
0013ddc0,0013dcdc
0013ddc0,0013df28
0013de2c,0013ded4
0013de3c,0013ffa0
0013dec0,00140010
0013ded4,0013dfe8
0013ded4,0013e038
0013df40,0013df28
0013df40,0013e038
0013df78,0013df28
0013df98,0013df28
0013dfbc,0013df28
0013dfe8,0013ffa0
0013e07c,0013e068
0013e0bc,0013e07c
0013e5cc,0013e07c
0013f798,0013e07c
0013ffa0,0013e068
001425e0,002a812c
0014264c,002a812c
00142668,002a812c
00142684,002a812c
001426bc,00120ff0
001426bc,00142704
00142704,0029b410
00142704,0029b468
00142758,00143588
00142758,00143ae4
00142758,00144200
00142758,00144694
00142758,00144bc4
00142758,001450fc
00142758,001454e8
00142758,0029b410
00142758,0029b468
00142758,0029c3e0
00142758,002a81f0
00142a4c,00143864
00142a4c,0029b468
00142ac0,00143ae4
00142ac0,0029b410
00142ac0,0029b468
00142b1c,00144694
00142b1c,0029b410
00142b1c,0029b468
00142b8c,00145714
00142b8c,0029b468
00142c04,00146e64
00142c04,00147344
00142c04,00148f4c
00142c04,0014a73c
00142c04,0014ab58
00142c04,0014b6e0
00142c04,0029b410
00142c04,0029b468
00142f24,00144200
00142f24,00144bc4
00142f24,0029b410
00142f24,0029b468
0014317c,00120ff0
0014317c,001431c4
001431c4,0029b468
001431c4,002a7b94
00143304,00143398
00143304,00143578
00143304,0029b318
00143398,00143578
0014349c,001434bc
001434d0,0029b380
00143544,002a7d24
00143588,001490c8
00143588,0029b1f8
00143588,0029b2cc
00143588,0029b410
00143588,0029b468
00143588,002a7b94
00143864,00120ff0
00143864,00150804
00143958,00120ff0
00143958,00142a24
00143958,001475f8
00143958,0029b410
00143958,002a81f0
00143ae4,00120ff0
00143ae4,0029b16c
00143ae4,0029b1f8
00143ae4,0029b410
00143ae4,0029c3e0
00144200,00120ff0
00144200,0029b004
001443e4,00120ff0
001443e4,0029c3e0
00144694,00120ff0
00144694,0029b1f8
00144694,0029c3e0
00144694,002a7b94
00144694,002a81f0
00144bc4,00120ff0
00144bc4,00146694
00144cf4,00120ff0
00144cf4,002a7b94
001450fc,0029b468
001454e8,00120ff0
001454e8,0029b410
001455ec,001443e4
001455ec,00144cf4
001455ec,0029b468
00145684,001450fc
00145684,0029b410
00145684,0029b468
001456f0,0029b4b0
00145714,00120ff0
00145714,001506a8
00145714,0029b1f8
00145714,0029b410
00145714,0029c3e0
00145714,002a7b94
00145cd0,0029af88
00145d18,0029a7a0
00145d18,0029a7cc
00145d18,0029aa44
00145d18,0029aa78
00145d18,0029aaf8
00145d18,0029af70
00145d18,002a7f5c
00145d18,002ecac8
00145d18,002ecb48
00145f10,0029a404
00145f10,0029a7cc
00145fbc,0021b50c
00145fbc,00299f50
00145fbc,0029a184
00145fbc,0029a238
00145fbc,0029a29c
00145fbc,0029a360
00145fbc,0029a3d0
00145fbc,0029a3f4
00145fbc,002a0964
00145fbc,002a81f0
00145fbc,002a9020
001461e8,001e71f4
00146218,00120ff0
00146218,0014c6bc
00146218,00299aee
00146218,0029b410
00146694,00120ff0
00146694,002a7490
001467f0,002a7f5c
001467f0,002a7f64
001467f0,002a7f88
001467f0,002a81f0
001467f0,002a88e4
001467f0,002a8cdc
00146c0c,002a8938
00146c48,002994f8
00146c48,0029c3e0
00146e64,00120ff0
001470e8,001e9718
00147178,002a7f88
00147178,002a88e4
00147178,002a8f8c
00147228,002a5aa8
00147228,002a5ba0
00147228,002a67b8
00147344,00120ff0
00147500,001e2fac
00147568,001e7274
001475f8,00120ff0
001475f8,00142a24
001475f8,002991f0
001475f8,00299254
001475f8,0029b1f8
001475f8,0029b410
001475f8,0029c3e0
00148188,0029a404
00148188,002a7f54
00148188,002a7f5c
00148188,002a7f64
00148188,002a81f0
00148188,002a8cdc
001488e8,00298b6c
001488e8,00298b74
001488e8,00298c14
001488e8,00298f28
001488e8,0029e4f0
001488e8,002a7218
001488e8,002a7320
001488e8,002a7f5c
001488e8,002a7f64
001488e8,002a81f0
001488e8,002a88e4
001488e8,002a892c
001488e8,002a8cdc
001488e8,002a8d68
001488e8,002a8ef8
001488e8,002a8f8c
001488e8,002a8ffc
001488e8,002a9020
00148f4c,0029b468
001490c8,0014bf74
001490c8,0029b1f8
001490c8,0029b410
001490c8,0029b468
001490c8,002a7b94
001490c8,002a81f0
00149b58,0029d77c
00149b58,002a7f5c
00149b58,002a7f64
00149b58,002a81f0
00149b58,002a9020
00149df0,00299498
00149e28,00298b5c
00149e80,001e7938
00149e80,001e9774
00149e80,001e99e0
00149e80,00298b10
00149e80,0029e630
00149e80,002a8ef8
00149f8c,0029b1f8
00149f8c,0029b2cc
00149f8c,0029b410
00149f8c,002a7b94
0014a120,002a5ff4
0014a140,00298458
0014a140,002988a0
0014a140,002989d8
0014a140,0029b468
0014a73c,0014ec9c
0014a77c,001e97dc
0014a7b0,00298394
0014a7b0,002a7030
0014a7b0,0037ffb8
0014a8e0,0021b50c
0014a8e0,00299f50
0014a8e0,0029a184
0014a8e0,0029a238
0014a8e0,0029a29c
0014a8e0,0029a360
0014a8e0,0029a3d0
0014a8e0,0029a3f4
0014a8e0,002a0964
0014a8e0,002a81f0
0014a8e0,002a9020
0014ab58,0014a140
0014ab58,0014d0f4
0014ab58,0014e7c0
0014ab58,0014faf0
0014ab58,00298288
0014ab58,00299508
0014ab58,0029b1f8
0014ab58,0029b410
0014ab58,0029b468
0014ab58,0029c3e0
0014b6e0,00120ff0
0014b6e0,00146218
0014b6e0,0014f990
0014bb44,00120ff0
0014bb44,0014b7e8
0014bb44,00298028
0014bb44,00298154
0014bb44,00299aee
0014bf74,0014ed98
0014bf74,00297fa8
0014bf74,0029b1f8
0014bf74,0029b2cc
0014bf74,0029b410
0014bf74,0029b468
0014c670,001e9718
0014c6bc,00120ff0
0014c6bc,0014a80c
0014c6bc,00298154
0014cb50,00297e30
0014cb50,00297f4c
0014cb50,00298154
0014d0f4,00297c78
0014d0f4,00297d54
0014d0f4,00298288
0014d0f4,00298458
0014d0f4,002988a0
0014d0f4,002989d8
0014d0f4,0029b468
0014d0f4,002a81f0
0014e0b8,002a7f64
0014e1c8,00297bc4
0014e1c8,002a7f5c
0014e1c8,002a7f64
0014e564,00120ff0
0014e7c0,00297c78
0014e7c0,00297d54
0014e7c0,00298288
0014e7c0,00298458
0014e7c0,002988a0
0014e7c0,002989d8
0014e7c0,0029b468
0014ec68,001e7938
0014ec9c,00120ff0
0014ec9c,001505dc
0014ed98,00147078
0014ed98,00149f8c
0014ed98,00297a0c
0014ed98,00297fa8
0014ed98,0029b1f8
0014ed98,0029b2cc
0014ed98,0029b410
0014ed98,0029b468
0014ed98,002a7b94
0014f990,00120ff0
0014f990,00297980
0014fa24,00299360
0014fa24,00299418
0014fa24,00299498
0014faf0,00296a8c
0014faf0,00296dfc
0014faf0,00297170
0014faf0,00298288
0014faf0,0029955c
0014faf0,0029b468
0014faf0,003824d0
001505bc,001dd99c
001505bc,002a7030
001505dc,00120ff0
001505dc,0014e564
00150790,0037d89c
00150804,00120ff0
00150804,0014bb44
00150804,0014cb50
00150804,00297980
00150804,00297e30
00150804,00297f4c
00150804,00298154
00150804,0029b410
00151400,00120ff0
00151400,00296a18
00151400,0029e4f0
001515b0,00295f48
00151618,00171e08
00151618,002954f4
00151618,0029555c
00151618,002955d0
00151618,002958f4
00151618,00295d80
00151618,00295e1c
00151618,002a7030
00151618,002a8ffc
00151618,00370df4
00151828,00294df8
00151828,00294e40
00151828,002953f4
00151828,002954f4
00151828,0029555c
00151828,002a7030
00151828,002a8ffc
00151828,00370e14
00151918,001c4d80
00151918,00294b84
00151918,00294bd8
00151918,00294df8
00151918,002953f4
00151918,002954f4
00151918,0029555c
00151918,00295d80
00151918,002a7030
00151918,002a8ffc
00151918,00370e38
00151b40,00294768
00151b40,00294b24
00151b40,002954f4
00151b40,0029555c
00151bcc,00294750
00151bcc,00295d80
00151c08,00294718
00151c08,00295d80
00151c08,002a8ffc
00151c08,00370e58
00151c60,002943f0
00151c60,002946f8
00151c60,002954f4
00151c60,0029555c
00151c60,002955d0
00151c60,00295e1c
00151c60,002a7030
00151c60,002a8ffc
00151d58,00294348
00151d58,00294394
00151d58,002954f4
00151d58,0029555c
00151e30,00294334
00151e30,002943f0
00151e30,00294b24
00151e30,002954f4
00151e30,0029555c
00151e30,00295e1c
00151e30,002a7030
00151e30,002a8ffc
00151f10,00293e10
00151f10,00293e34
00151f10,00293e40
00151f74,00293d38
00151f74,00293db8
00151f74,00293dd4
00151f74,00293e34
0015204c,00293e10
0015204c,00293e34
00152098,00293d04
00152098,00293d1c
00152098,00293e34
001520f8,00155e38
001520f8,0015b5c8
001520f8,0015efe0
001520f8,00293ae8
001520f8,00293ca4
001520f8,00293cdc
001520f8,002a7030
00152398,001520f8
00152398,00152408
00152398,00293ac4
00152408,00293920
00152408,00293ca4
00152408,00293cdc
00152408,002a7030
00152744,002938ec
00152744,00293904
00152744,00293e34
0015278c,001520f8
0015278c,00152408
0015278c,001e7938
0015278c,00293558
0015278c,0029373c
0015278c,002937e0
0015278c,002937f8
0015278c,00293814
0015278c,002938a8
0015278c,00293920
0015278c,00293ac4
0015278c,00293ae8
0015278c,00293d38
0015278c,00293db8
0015278c,00293dd4
0015278c,00293e34
0015278c,00299f50
0015278c,0029a360
0015278c,0029e630
0015278c,002a0964
0015278c,002a7030
0015278c,002a7f5c
00152c90,00293518
00152c90,002a7f5c
00152c90,002a8134
00152e90,0015b0d4
00152e90,00293230
00152e90,002932cc
00152e90,00293460
00152e90,00293510
00152e90,002f831c
00152f14,002930e0
00152f14,00293230
00152f60,0023fef4
00152f60,00292e84
00152f60,00292ee0
00152f60,00293064
00152f60,002930d0
00152f60,00293230
00152f60,002932cc
00152f60,0029654c
00152f60,002965a8
00152f60,002965d8
00152f60,002f7ffc
00152f60,00369b00
001531f0,00292d1c
001531f0,00292dcc
001531f0,00293230
001531f0,002932cc
001531f0,00293460
0015347c,00292a24
0015347c,002930d0
0015356c,00292b48
0015356c,00292b60
0015356c,00292c10
0015356c,002965d8
0015356c,002f3764
00153628,0029270c
00153628,00292738
00153628,00292780
00153628,002927ec
00153628,0029286c
00153628,00292a90
00153628,00292dcc
00153628,002930e0
00153628,00293230
00153628,002932cc
00153628,0036fb98
00153b1c,002f831c
00153b30,0023fef4
00153b30,0023ffe4
00153b30,00291fa8
00153b30,00292034
00153b30,00292040
00153b30,00292050
00153b30,002923e4
00153b30,002923f8
00153b30,00292600
00153b30,00292620
00153b30,002927ec
00153b30,00292984
00153b30,002930e0
00153b30,002938a8
00153b30,00295ee4
00153b30,00295f04
00153b30,00295f10
00153b30,0029654c
00153b30,002965a8
00153b30,002965d8
00153b30,00296618
00153b30,002a6188
00153b30,002a7030
00153b30,002a7f5c
00153b30,002a7f64
00153b30,002e5dd0
00153b30,002f0974
00153b30,002f3764
00153b30,002f57f0
00153b30,002f7de8
00153b30,002f7ed8
00153b30,002f7f20
001545b8,001545c8
001545b8,002a8ffc
001545c8,00291f60
001545c8,00293518
001545c8,00293e74
001545c8,00293fa4
001545c8,00296060
001545c8,002a7f5c
00154720,00291f20
0015477c,0023fef4
0015477c,00293064
00154814,00292a24
00154868,00291b30
00154868,002a6030
00154868,002a7030
00154a38,00291884
00154a38,00291910
00154a38,002919d4
00154a38,00291a18
00154a38,00291af4
00154a38,00291b1c
00154a38,002954f4
00154a38,002a7030
00154bbc,00291b1c
00154bbc,00295d80
00154c18,00291b1c
00154c18,00295d80
00154c60,002917a4
00154c60,002917b4
00154c60,00291810
00154c60,002923e4
00154c60,002923f8
00154c60,00292600
00154c60,00292c10
00154c60,002938a8
00154c60,00295ee4
00154c60,00295f04
00154c60,00295f10
00154c60,00296200
00154c60,002965a8
00154c60,002965d8
00154c60,00296618
00154c60,002a6188
00154c60,002a7030
00154c60,002a7f5c
00154c60,002a7f64
00154c60,002f3764
0015541c,00293518
0015541c,00293e74
0015541c,00293fa4
0015541c,00295f80
0015541c,00296060
0015541c,002a7f5c
0015541c,002a8ffc
00155530,0023fef4
00155530,00293064
00155530,002930d0
00155638,002923f8
00155638,002930d0
00155638,00296618
00155638,002f3764
001556d0,002923f8
001556d0,002930d0
001556d0,002f3764
00155810,002917a4
00155810,002917b4
00155810,00291810
00155810,002923e4
00155810,00292600
00155810,002938a8
00155810,00295f04
00155810,00295f10
00155810,00296200
00155810,002965a8
00155810,002965d8
00155810,00296618
00155810,002a6188
00155810,002a7030
00155c68,00293518
00155c68,00295f80
00155c68,00296060
00155c68,002a8ffc
00155cd8,0023fef4
00155cd8,00291304
00155cd8,00291668
00155cd8,00293064
00155cd8,002f3764
00155d64,00291294
00155d64,002930d0
00155da0,00292a24
00155da8,00291174
00155da8,00295d80
00155e38,001c7fe0
00155e38,00290f04
00155e38,00290f50
00155e38,00290f90
00155e38,00290fa8
00155e38,00290fb8
00155e38,0029114c
00155e38,00291304
00155e38,00291668
00155e38,002923e4
00155e38,002923f8
00155e38,00292b60
00155e38,0029373c
00155e38,00293814
00155e38,002938a8
00155e38,00295f04
00155e38,00295f10
00155e38,0029654c
00155e38,002965a8
00155e38,002965d8
00155e38,00296618
00155e38,0029a3f4
00155e38,0029d77c
00155e38,002a6030
00155e38,002a6188
00155e38,002a7030
00155e38,002a7f5c
00155e38,002a7f64
00155e38,002a81f0
00155e38,002a9020
00155e38,002f3764
00156d90,00156da0
00156d90,002a8ffc
00156da0,00290fb8
00156da0,00293518
00156da0,00293fa4
00156da0,00296060
00156da0,002a7f5c
00156fb4,00291f20
00157014,0023fef4
00157014,00293064
0015708c,00157b34
0015708c,0023fef4
0015708c,00290d08
0015708c,00290d34
0015708c,00290d6c
0015708c,00290da0
0015708c,00290dac
0015708c,00290e2c
0015708c,00290e6c
0015708c,00290ea8
001573b8,00164fc0
001573b8,00292a24
00157440,00290c60
00157440,00290cb8
00157440,00290ccc
00157440,00291294
00157440,00299c38
00157440,002a6030
00157440,002a7030
00157440,002a7d24
00157778,0023fef4
00157778,0028d048
00157778,00290bf8
00157778,00290c00
00157778,00290ccc
00157778,00290d08
00157778,00290d6c
00157778,00291294
00157778,002917b4
00157778,00293e74
00157778,00293fa4
00157778,002954f4
00157778,00295f80
00157778,00296060
00157778,00296124
00157778,002a7030
00157778,002a8134
00157778,002a8ffc
00157b34,00290bb4
00157b34,00290dac
00157b34,00290e6c
00157c38,001c3468
00157c50,00159e88
00157c50,0023fef4
00157c50,0028d048
00157c50,00290a88
00157c50,00290c60
00157c50,00290ccc
00157c50,00290e6c
00157c50,00291294
00157c50,002917b4
00157c50,00292040
00157c50,00293e74
00157c50,00293fa4
00157c50,002954f4
00157c50,00295f50
00157c50,00295f80
00157c50,00296060
00157c50,00296618
00157c50,002a7030
00157c50,002a8134
00157c50,002a8ffc
00157c50,002f063c
00157c50,0036f4b8
00157c50,0037d84c
00158224,00290a0c
00158224,00291f20
00158224,00295d80
00158224,0036f758
00158370,0023fef4
00158370,00290c00
00158370,00290ccc
00158370,00291294
00158370,002917b4
00158370,00295d80
00158370,0037d84c
00158588,00164ff8
00158588,0023fef4
00158588,0023ffe4
00158588,002908d0
00158588,0029093c
00158588,00290f04
00158588,002917a4
00158588,002917b4
00158588,00291810
00158588,00291f20
00158588,002923e4
00158588,00292ee0
00158588,002938a8
00158588,00295ee4
00158588,00295f04
00158588,00295f10
00158588,00296200
00158588,002965d8
00158588,00296618
00158588,0029e4f0
00158588,0029e630
00158588,002a6030
00158588,002a6188
00158588,002a7030
00158588,002a7b94
00158588,002a7f5c
00158588,002a7f64
00158588,002a81f0
00158588,002a8f8c
00158588,002a9020
00158588,002ebd6c
00158588,002ee808
00158588,002f3764
00158588,0037d834
001592b0,001592c0
001592b0,002a8ffc
001592c0,00291f60
001592c0,00293518
001592c0,00293e74
001592c0,00293fa4
001592c0,00295f80
001592c0,00296060
001592c0,002a7f5c
001592c0,002a8134
001592c0,002a8ffc
00159498,0023fef4
00159498,00293064
001594dc,00292a24
00159608,001e7938
00159608,002906d0
00159608,002923e4
00159608,002923f8
00159608,002938a8
00159608,00295f04
00159608,00295f10
00159608,002965a8
00159608,002965d8
00159608,00296618
00159608,002a6188
00159608,002a8f8c
00159608,002f3764
00159808,00293518
00159808,00296060
00159808,002a8ffc
0015982c,00290504
0015982c,002954f4
001598c4,001a0c20
001598c4,00290504
001598c4,00290578
001598c4,00290670
001598c4,00291f20
001598c4,002954f4
001599a0,00290504
001599a0,002954f4
00159a70,001a13a0
00159a70,00290504
00159a70,00290578
00159a70,00290670
00159a70,00291f20
00159a70,002954f4
00159c0c,001a0c20
00159c0c,00290504
00159c0c,00290578
00159c0c,00290670
00159c0c,00291f20
00159c0c,002954f4
00159d24,001a10b0
00159d24,00290504
00159d24,00290578
00159d24,00290670
00159d24,00291f20
00159d24,002954f4
00159e1c,00290504
00159e1c,002954f4
00159e1c,003704ec
00159e88,001a0d68
00159e88,0023ffe4
00159e88,002903a0
00159e88,002904e8
00159e88,00290504
00159e88,00290578
00159e88,00290670
00159e88,00291810
00159e88,00291f20
00159e88,002923f8
00159e88,00292ee0
00159e88,00295ee4
00159e88,00295f04
00159e88,00295f10
00159e88,00296200
00159e88,002965d8
00159e88,00296618
00159e88,0029e630
00159e88,002a6030
00159e88,002a6188
00159e88,002a7030
00159e88,002f3764
0015a394,00291f20
0015a414,0023fef4
0015a414,00293064
0015a414,002930d0
0015a414,002965a8
0015a414,002965d8
0015a5c8,00292a24
0015a5c8,002930d0
0015a770,00291f20
0015a7a8,0023fef4
0015a7a8,00290358
0015a7a8,00290ea8
0015a7a8,00291810
0015a7a8,002923f8
0015a7a8,00292b60
0015a7a8,002938a8
0015a7a8,00295f04
0015a7a8,00295f10
0015a7a8,00296200
0015a7a8,002965a8
0015a7a8,002965d8
0015a7a8,00296618
0015a7a8,002a6188
0015a7a8,002a7030
0015a7a8,002f3764
0015a7a8,0037d2d0
0015afa8,00293518
0015afa8,00293fa4
0015afa8,00295f80
0015afa8,00296060
0015afa8,002a8ffc
0015b0fc,0023fef4
0015b0fc,00293064
0015b140,00292a24
0015b148,00290204
0015b148,0029024c
0015b148,00290264
0015b148,002912e8
0015b148,00292b60
0015b148,002938a8
0015b148,00295f04
0015b148,00295f10
0015b148,002965a8
0015b148,002965d8
0015b148,00296618
0015b148,002a6188
0015b148,002f3764
0015b33c,00293518
0015b33c,00296060
0015b33c,002a8ffc
0015b374,0023fef4
0015b374,00291304
0015b374,00291668
0015b374,00293064
0015b374,002f3764
0015b40c,00291294
0015b40c,002930d0
0015b448,00292a24
0015b450,00293518
0015b450,00296060
0015b450,002a8ffc
0015b488,0023fef4
0015b488,00293064
0015b4cc,00291294
0015b4cc,002930d0
0015b508,00292a24
0015b510,0028fc54
0015b510,0028fdc8
0015b510,00294348
0015b510,00295d80
0015b5c8,0028f494
0015b5c8,0028f6d4
0015b5c8,0028f6e4
0015b5c8,0028f798
0015b5c8,0028f9d0
0015b5c8,0028fa04
0015b5c8,0028fa90
0015b5c8,0028fc40
0015b5c8,0028fdc8
0015b5c8,00290f90
0015b5c8,00290fa8
0015b5c8,0029114c
0015b5c8,002923e4
0015b5c8,002938a8
0015b5c8,00293ca4
0015b5c8,00294320
0015b5c8,00294bd8
0015b5c8,00295ee4
0015b5c8,00295f04
0015b5c8,00295f10
0015b5c8,002965a8
0015b5c8,002965d8
0015b5c8,00296618
0015b5c8,002a6030
0015b5c8,002a6188
0015b5c8,002a7030
0015b5c8,002a7f5c
0015b5c8,002a7f64
0015b5c8,002a81f0
0015b5c8,002a8ffc
0015b5c8,002a9020
0015b5c8,002f3764
0015b5c8,0037d3b4
0015c380,0015c390
0015c380,002a8ffc
0015c390,0028f45c
0015c390,0028f6e4
0015c390,00293518
0015c390,00293e74
0015c390,00293fa4
0015c390,00296060
0015c390,002a7f5c
0015c480,00291f20
0015c4a0,0023fef4
0015c4a0,00293064
0015c53c,0028f2d0
0015c53c,0028f344
0015c53c,0028f448
0015c53c,00291884
0015c53c,002954f4
0015c61c,0019cb00
0015c61c,0019cb40
0015c61c,0028f1d0
0015c61c,0028f2bc
0015c61c,0028f2d0
0015c61c,00291884
0015c61c,002954f4
0015c810,0028f2d0
0015c810,0028f344
0015c810,0028f448
0015c810,002954f4
0015c888,00292a24
0015c8c0,0028f158
0015c8c0,0028f2d0
0015c8c0,002a6030
0015ca3c,0028f14c
0015ca3c,0028f2bc
0015ca3c,00295d80
0015cab0,001a1834
0015cab0,0028f090
0015cab0,0028f14c
0015cab0,0028f2bc
0015cab0,0028f2d0
0015cab0,002954f4
0015cbd0,0028f070
0015cbd0,0028f090
0015cbd0,0028f14c
0015cbd0,0028f2bc
0015cbd0,0028f2d0
0015cbd0,002954f4
0015cce0,0028f048
0015cce0,0028f448
0015cce0,00295d80
0015cd50,0028f048
0015cd50,0028f448
0015cd50,00295d80
0015cdbc,0028f1d0
0015cdbc,0028f2bc
0015cdbc,0028f2d0
0015cdbc,00291884
0015cdbc,002954f4
0015ce48,0028f2bc
0015ce48,00295d80
0015cea8,0028f14c
0015cea8,0028f2bc
0015cea8,0028f2d0
0015cea8,00294768
0015cea8,002954f4
0015cf60,0028f1d0
0015cf60,0028f2bc
0015cf60,0028f2d0
0015cf60,00291884
0015cf60,002954f4
0015cf60,00348ed8
0015d0bc,00291884
0015d0bc,00294750
0015d0bc,00295d80
0015d128,0028f2bc
0015d128,00295d80
0015d188,0019c758
0015d188,0028f004
0015d188,0028f01c
0015d188,0028f2bc
0015d188,0028f2d0
0015d188,002954f4
0015d188,002a6030
0015d340,0019cc18
0015d340,0028ee78
0015d340,0028eea0
0015d340,0028ef04
0015d340,002917a4
0015d340,00291810
0015d340,002923e4
0015d340,002923f8
0015d340,00292c10
0015d340,002938a8
0015d340,002942d4
0015d340,00295ee4
0015d340,00295f04
0015d340,00295f10
0015d340,00296200
0015d340,002965a8
0015d340,00296618
0015d340,002a6188
0015d340,002a7030
0015d340,002f3764
0015d340,0037d4d8
0015d840,0019cd3c
0015d840,0028ec40
0015d840,0028ee48
0015d840,00293518
0015d840,00293e74
0015d840,00293f64
0015d840,00293fa4
0015d840,00295f80
0015d840,00296060
0015d840,002a8ffc
0015d908,00293e10
0015d908,00293e34
0015d93c,0023fef4
0015d93c,00293064
0015d93c,002930d0
0015d93c,00293d38
0015da20,00291294
0015da20,002930d0
0015daa0,00292a24
0015daa0,002930d0
0015daa0,00293d04
0015daa0,00293e34
0015db28,0023ffe4
0015db28,0028ebdc
0015db28,0028ebe8
0015db28,002923f8
0015db28,00293ac4
0015db28,002965a8
0015db28,002965d8
0015db28,00296618
0015db28,002a7d24
0015db28,002f3764
0015db28,0037d2fc
0015dd68,002923f8
0015dd68,00293ac4
0015dd68,002965a8
0015dd68,00296618
0015dd68,002f3764
0015de54,0015ded8
0015de54,0028eb70
0015de54,00293ac4
0015de54,00296124
0015ded8,0023ffe4
0015ded8,0028ebdc
0015ded8,0028ebe8
0015ded8,002923f8
0015ded8,00293ac4
0015ded8,002965a8
0015ded8,002965d8
0015ded8,00296618
0015ded8,002f3764
0015e0b8,002938ec
0015e0b8,00293e34
0015e0e0,0015db28
0015e0e0,0015ded8
0015e0e0,0028eb40
0015e0e0,002923e4
0015e0e0,002923f8
0015e0e0,00293558
0015e0e0,002938a8
0015e0e0,00293ac4
0015e0e0,00295f04
0015e0e0,00295f10
0015e0e0,002965a8
0015e0e0,00296618
0015e0e0,0029e630
0015e0e0,002a6188
0015e0e0,002f3764
0015e0e0,0037d308
0015e380,00293518
0015e380,00296060
0015e380,002a8134
0015e380,002a8ffc
0015e3f0,00293e10
0015e3f0,00293e34
0015e424,0023fef4
0015e424,00291304
0015e424,00291668
0015e424,00293064
0015e424,00293d38
0015e424,00293e34
0015e424,002f3764
0015e4f8,00291294
0015e4f8,002930d0
0015e534,0023fef4
0015e534,00292b60
0015e534,00293064
0015e534,00293ac4
0015e534,002965a8
0015e534,002f3764
0015e618,00292a24
0015e618,00293d04
0015e618,00293e34
0015e658,0015e534
0015e658,002912e8
0015e658,00291668
0015e658,002f3764
0015e658,0036e544
0015e700,002938ec
0015e700,00293e34
0015e72c,0015e534
0015e72c,0023fef4
0015e72c,002912e8
0015e72c,00291304
0015e72c,00291668
0015e72c,002923e4
0015e72c,00293558
0015e72c,002938a8
0015e72c,00295f04
0015e72c,00295f10
0015e72c,002965a8
0015e72c,00296618
0015e72c,002a6188
0015e72c,002f3764
0015e924,00293518
0015e924,00296060
0015e924,002a8ffc
0015e948,00291f20
0015e9a4,0028e958
0015e9a4,0028e9c0
0015e9a4,0028ea10
0015e9a4,00293e74
0015e9a4,002954f4
0015e9a4,00296060
0015e9a4,002a7030
0015e9a4,002a8ffc
0015eac8,0023fef4
0015eac8,00293064
0015eb44,00291294
0015eb44,002930d0
0015eba8,0028e8ec
0015eba8,00295d80
0015ec18,00292a24
0015ec68,002a6030
0015ec68,002a7030
0015edfc,001515b0
0015edfc,0028e854
0015edfc,002954f4
0015edfc,002a7030
0015edfc,0037d7d0
0015eec8,0028e804
0015eec8,0028e8ec
0015eec8,002954f4
0015eec8,002a7030
0015eec8,002eb938
0015efe0,00209e50
0015efe0,00290f04
0015efe0,00290f90
0015efe0,002917a4
0015efe0,00291810
0015efe0,002923e4
0015efe0,002923f8
0015efe0,00292c10
0015efe0,002938a8
0015efe0,00295f04
0015efe0,00295f10
0015efe0,00296200
0015efe0,002965a8
0015efe0,002965d8
0015efe0,00296618
0015efe0,002a6188
0015efe0,002a7030
0015efe0,002a7b94
0015efe0,002a7f5c
0015efe0,002a7f64
0015efe0,002eba44
0015efe0,002f3764
0015f728,00293518
0015f728,00293e74
0015f728,00293fa4
0015f728,00295f80
0015f728,00296060
0015f728,002a7f5c
0015f728,002a8ffc
0015f728,002eba58
0015f834,0023fef4
0015f834,00291304
0015f834,00291668
0015f834,00293064
0015f834,002f3764
0015f8cc,00292a24
0015f8d8,002912e8
0015f8d8,00291668
0015f8d8,00292b60
0015f8d8,002938a8
0015f8d8,00295f04
0015f8d8,00295f10
0015f8d8,002965a8
0015f8d8,00296618
0015f8d8,002a6188
0015f8d8,002f3764
0015fa58,00293518
0015fa58,00296060
0015fa58,002a8ffc
0015fa7c,00291f20
0015fad8,0023fef4
0015fad8,00293064
0015fb70,00292a24
0015fbc8,00291b30
0015fbc8,002a6030
0015fbc8,002a7030
0015fda0,001c72d8
0015fda0,00291884
0015fda0,00291910
0015fda0,002919d4
0015fda0,00291af4
0015fda0,00291b1c
0015fda0,002954f4
0015fda0,002a7030
0015ff40,00291b1c
0015ff40,00295d80
0015ff9c,00291b1c
0015ff9c,00295d80
0015ffe0,002917a4
0015ffe0,002917b4
0015ffe0,00291810
0015ffe0,002923e4
0015ffe0,002923f8
0015ffe0,00292600
0015ffe0,00292c10
0015ffe0,002938a8
0015ffe0,00295ee4
0015ffe0,00295f04
0015ffe0,00295f10
0015ffe0,00296200
0015ffe0,002965a8
0015ffe0,002965d8
0015ffe0,00296618
0015ffe0,002a6188
0015ffe0,002a7030
0015ffe0,002a7f5c
0015ffe0,002a7f64
0015ffe0,002f3764
0015ffe0,0037d648
001607ec,00293518
001607ec,00293e74
001607ec,00293fa4
001607ec,00295f80
001607ec,00296060
001607ec,002a7f5c
001607ec,002a8ffc
001608ec,0029286c
001608ec,00292e20
001608ec,0036fb98
00160adc,001c3498
00160adc,00292738
00160b28,0028e7c4
00160b34,002a7f5c
00160b34,002a7f64
00160d74,002a7030
00160d74,002e76c8
00160d74,003acb78
00160e0c,002a7f5c
00160e0c,002a8ffc
00160f84,002a7f5c
00160f84,00398ca8
0016109c,00295d80
0016109c,00381e54
001610c4,0028f1d0
001610c4,0028f2bc
001610c4,00295d80
00161100,0028e64c
00161100,0028e71c
00161100,0028e790
00161100,00294b24
00161100,002954f4
001611f8,0028f1d0
001611f8,0028f2bc
001611f8,00295d80
00161234,0028e71c
00161234,00294768
00161234,00294b24
00161234,002954f4
001612b8,0028e630
001612b8,00295d80
001612e0,0028d420
001612e0,0028d4cc
00161314,0028d4cc
00161314,0028d678
00161354,0028d200
00161354,0028d2d8
00161354,0028d3a0
00161354,0028d3b0
00161354,0028d3bc
00161354,0028d3cc
00161354,0028d3dc
00161354,0028d3ec
00161354,0028d400
00161354,0028d410
00161354,0028d420
00161354,002a0964
001614b0,0028d200
001614b0,0028d2d8
001614b0,0028d3a0
001614b0,0028d3b0
001614b0,0028d3bc
001614b0,0028d3cc
001614b0,0028d3dc
001614b0,0028d3ec
001614b0,0028d400
001614b0,0028d410
001614b0,0028d420
001614b0,002a0964
001614b0,002a81f0
001614b0,002a8f8c
00161640,001bba28
00161640,001c33b0
00161640,001fa120
00161640,0028e854
00161640,00295d80
00161640,0029e594
00161640,002a1384
00161640,002a582c
00161640,002a6e8c
00161640,002a6ea4
00161640,002ef4f4
00161640,0036c4c8
00161640,003909b4
001617e0,0028d4cc
001617e0,0028d678
00161828,001484c0
00161828,001c33c4
00161828,0028d054
00161828,0028d0ac
00161828,0028d0d0
00161828,0028e804
00161828,002954f4
00161828,002a7030
00161828,002a7f5c
00161828,002a81f0
00161828,0036c42c
001619c4,002a7f5c
001619c4,003997ac
00161adc,0028d04c
00161adc,002930d0
00161b1c,00161bf0
00161b1c,0023ffe4
00161b1c,0028cfb8
00161b1c,0028cfec
00161b1c,0028eb70
00161b1c,00294348
00161b1c,00295d80
00161b1c,002a7490
00161bf0,0028cdb4
00161bf0,0028ce4c
00161bf0,0028cf70
00161bf0,00294320
00161bf0,00294bd8
00161bf0,00295f50
00161bf0,002965d8
00161bf0,002a6030
00161bf0,002a7030
00161bf0,002a7490
00161e78,0028cd1c
00161e78,0028cda4
00161e78,0028cdb4
00161e78,0028ce4c
00161e78,002954f4
00161e78,00295d80
00161e78,002a7030
00162000,0028cfb8
00162000,0028cfec
00162000,0028eb70
00162000,00294348
00162000,00295d80
00162068,0028cd0c
00162068,0028eb70
00162068,00294348
00162068,00295d80
001620b0,0028ccf4
001620b0,0029114c
001620b0,00294320
001620b0,00295ee4
001620b0,00295f04
001620b0,00295f10
001620b0,002a6188
00162164,0028cd1c
00162164,0028cdb4
00162164,0028fc54
00162164,00295d80
00162164,002ebd6c
00162164,002ee808
00162218,0028ca60
00162218,0028cac8
00162218,0028cb3c
00162218,0028cb80
00162218,0028cc54
00162218,00294bd8
00162310,0028ab5c
00162310,0028ac08
00162310,0028c860
00162310,0028c870
00162310,0028ca18
00162310,0028ca28
00162310,0028ca60
00162310,0028cac8
00162310,002a7030
00162310,0036fb90
001624e0,0028a9d0
001624e0,0028ca60
001624e0,0028cac8
00162568,0028a994
00162568,0028ca28
00162590,0028a7b4
00162590,0028ca28
001625c0,002a8b94
001625d0,001c0f20
001625d0,0028a45c
001625d0,0028a468
001625d0,0028a528
001625d0,0028a69c
001625d0,0028a6d4
001625d0,0028a6f0
001625d0,0028a734
001625d0,0028a744
001625d0,0028a760
001625d0,0028a788
001625d0,0028a7b4
001625d0,0028a994
001625d0,0028ab5c
001625d0,0028ca60
001625d0,0028cac8
001625d0,0028cb3c
001625d0,0028d410
001625d0,002919d4
001625d0,00299c28
001625d0,002a7030
001625d0,002a8ffc
001625d0,002ef12c
001625d0,00308d38
001625d0,0035ae50
001625d0,00381cb8
001629bc,0028ca60
001629bc,0028cac8
001629bc,00294768
00162a30,0028a994
00162a30,00294750
00162a54,0028a528
00162a54,0028ab5c
00162a54,0028ac08
00162a54,0028c860
00162a54,0028c870
00162a54,0028ca60
00162a54,0028cac8
00162a54,002a7030
00162a54,002a8ffc
00162a54,00381c68
00162b7c,0028ca60
00162b7c,0028cac8
00162b7c,002930d0
00162b7c,00294348
00162b7c,00294394
00162b7c,0029a29c
00162b7c,0029a360
00162b7c,002a7f5c
00162ee4,00147138
00162ee4,0014a110
00162ee4,0028a414
00162ee4,0028a438
00162ee4,0028a994
00162ee4,0028ca60
00162ee4,0028cac8
00162ee4,0029a360
00162ee4,002a7f5c
0016304c,0028a438
0016304c,0028ca60
0016304c,0028cac8
0016304c,0028e64c
0016304c,0028f090
0016310c,0028a994
0016310c,0028f048
0016310c,0028f1d0
0016310c,0028f2bc
00163154,0017277c
00163154,0028ca60
00163154,0028cac8
00163154,002930d0
00163154,00294334
00163154,00294348
00163154,0037d2a0
00163154,0037d2d0
00163154,0037d308
00163154,0037d564
0016323c,0028a468
0016323c,0028ab5c
0016323c,0028ac08
0016323c,0028c860
0016323c,0028c870
0016323c,0028ca60
0016323c,0028cac8
0016323c,002a7030
0016323c,002a8ffc
0016323c,00370d70
00163364,0014fa24
00163364,00172c80
00163364,00289c30
00163364,00289c5c
00163364,00289ca4
00163364,00289cec
00163364,00289d8c
00163364,00289dd0
00163364,00289dec
00163364,00289e1c
00163364,00289f98
00163364,0028a258
00163364,0028a2b8
00163364,0028a35c
00163364,0028ab5c
00163364,0028c870
00163364,0028ca60
00163364,0028cac8
00163364,0028eea0
00163364,002942d4
00163364,00294320
00163364,00295ee4
00163364,00295f04
00163364,00295f10
00163364,00299bd0
00163364,00299c28
00163364,00299c38
00163364,0029a3f4
00163364,0029e4f0
00163364,002a6188
00163364,002a7030
00163364,002a7f5c
00163364,002a7f64
00163364,002a7f88
00163364,002a81f0
00163364,002a8b94
00163364,002a8f8c
00163364,002a9020
00163364,002df080
00163a24,00163a34
00163a24,002a8ffc
00163a34,00172ca4
00163a34,00289a04
00163a34,00289a3c
00163a34,00289ba0
00163a34,0028a468
00163a34,0028a528
00163a34,0028ee48
00163a34,00293e74
00163a34,00293f64
00163a34,00293fa4
00163a34,00296060
00163a34,002a7f5c
00163a34,002a8b94
00163a34,002a8ffc
00163c5c,0017277c
00163c5c,0028985c
00163c5c,00289914
00163c5c,00289990
00163c5c,0028ca60
00163c5c,00308a8c
00163db0,0028954c
00163db0,00289834
00163db0,0028985c
00163db0,00289914
00163db0,00289990
00163db0,0028ca28
00163db0,0028ca60
00163db0,0028cb3c
00163db0,002a7030
00163db0,002a8ffc
00163db0,0035fb48
00163db0,0036fb90
00164040,0028a994
00164040,0028ca28
00164064,0028a7b4
00164064,0028ca28
00164088,0017277c
00164088,00289990
00164088,0028ca60
00164108,0028954c
00164108,0028a7b4
00164108,0028a994
00164108,002919d4
00164108,002a8ffc
00164108,0037e284
00164108,00381d00
00164174,00147138
00164174,0014a110
00164174,0028954c
00164174,00289834
00164174,0028985c
00164174,00289990
00164174,0028a414
00164174,0028a438
00164174,0028a994
00164174,0028ca60
00164174,0028cb3c
00164174,0029a360
00164174,002a7030
00164174,002a7f5c
00164174,002a8ffc
00164174,0035fb48
0016439c,00289990
0016439c,0028a438
0016439c,0028ca60
0016439c,0028e64c
0016439c,0028f090
00164454,0028a994
00164454,0028f048
00164454,0028f1d0
00164454,0028f2bc
00164498,00172c80
00164498,0028985c
00164498,00289990
00164498,00289cec
00164498,0028a258
00164498,0028a2b8
00164498,0028a35c
00164498,0028ca60
00164498,0028eea0
00164498,00295ee4
00164498,00295f04
00164498,00295f10
00164498,002a6188
001645fc,00172ca4
001645fc,00289394
001645fc,0028954c
001645fc,0028985c
001645fc,00289a04
001645fc,00289a3c
001645fc,00289ba0
001645fc,0028ee48
001645fc,00293e74
001645fc,00296060
001645fc,002a8ffc
0016468c,002892f8
0016468c,0028936c
0016468c,0028ca18
0016468c,0028ca60
0016468c,0028cb80
0016468c,0028cc54
0016468c,002a7030
0016468c,002a8ffc
0016468c,002fe5b0
0016468c,002fe7bc
0016468c,0036c564
001647d0,002892ec
001647d0,002892f8
001647d0,0028a9d0
001647d0,0028ca60
001647d0,0028e64c
001647d0,0037e538
00164974,002892a4
00164974,0028a994
00164974,0028f1d0
00164974,0028f2bc
001649bc,001625b8
001649bc,00289258
001649bc,00289280
001649bc,002892f8
001649bc,0028a45c
001649bc,0028a7b4
001649bc,0028a994
001649bc,0028ca60
001649bc,002919d4
001649bc,0037e478
001649bc,0037e488
001649bc,0037e4c4
001649bc,0037e544
00164b78,002892ec
00164b78,002892f8
00164b78,0028ca60
00164b78,00294768
00164bf0,0028a994
00164bf0,00294750
00164c14,002892f8
00164c14,0028ca60
00164c14,0028e958
00164c14,0028e9c0
00164c14,0028ea10
00164c14,00293e74
00164c14,00294750
00164c14,00296060
00164c14,002a7030
00164c14,002a8ffc
00164cf8,0028920c
00164cf8,0028e8ec
00164d2c,002892f8
00164d2c,00289cec
00164d2c,00289d8c
00164d2c,0028a2b8
00164d2c,0028a35c
00164d2c,0028ca60
00164d2c,0028eea0
00164d2c,002942d4
00164e0c,00289a04
00164e0c,00289a3c
00164e0c,0028ee48
00164e0c,00293e74
00164e0c,00293f64
00164e0c,00296060
00164e0c,002a8ffc
00164e0c,002fe7bc
00164e0c,00300420
00164e0c,00300f54
00164ee8,00289200
00164ee8,0028cdb4
00164ee8,0028ce4c
00164fc0,00292a24
00164fc0,002930d0
00164ff8,00164ee8
00164ff8,0023ffe4
00164ff8,0028915c
00164ff8,0028cf70
00164ff8,0028cfb8
00164ff8,0028cfec
00164ff8,0028eb70
00164ff8,0028ebe8
00164ff8,00294348
00164ff8,00294bd8
00164ff8,00295d80
00164ff8,00295f50
00164ff8,002965d8
00164ff8,002a6030
00164ff8,002a7030
00164ff8,002a7490
00164ff8,002ecc40
00165378,00164ee8
00165378,0028cd1c
00165378,0028cdb4
00165378,002954f4
00165378,002a7030
001654a8,00294348
001654a8,00295d80
001654a8,00295f50
001654f4,00289100
001654f4,0028ccf4
001654f4,0029114c
001654f4,00294320
001654f4,00295ee4
001654f4,00295f04
001654f4,00295f10
001654f4,0029e630
001654f4,002a6188
001655c8,002890b0
001655c8,0028f45c
001655c8,00293e74
001655c8,00293fa4
001655c8,00296060
001655c8,002a8134
001655c8,002ee808
00165674,00288104
00165674,00288178
00165674,00288338
00165674,00288f54
00165674,0028907c
00165674,0028c860
00165674,002954f4
00165674,002a7030
00165674,002a8ffc
00165780,00167b7c
00165780,00287f70
00165780,002880d4
00165780,00288104
00165780,00288178
00165780,00288338
00165780,0028c860
00165780,002954f4
00165780,002a7030
00165780,002a8ffc
001658f8,00287f70
001658f8,002880d4
001658f8,00288104
001658f8,00288178
001658f8,00288338
001658f8,0028c860
001658f8,002954f4
001658f8,002a7030
001658f8,002a8ffc
00165a04,00167c34
00165a04,00167fec
00165a04,00288104
00165a04,00288178
00165a04,00288338
00165a04,00288f54
00165a04,0028907c
00165a04,0028c860
00165a04,002954f4
00165a04,002a7030
00165a04,002a8ffc
00165a04,0036f77c
00165bf4,00167930
00165bf4,00167b7c
00165bf4,00167c34
00165bf4,00167fec
00165bf4,0019a370
00165bf4,001c72d8
00165bf4,00287778
00165bf4,0028782c
00165bf4,00287858
00165bf4,00287f68
00165bf4,00287f70
00165bf4,00288104
00165bf4,00288178
00165bf4,00288f54
00165bf4,0028a788
00165bf4,002919d4
00165bf4,00291af4
00165bf4,002954f4
00165bf4,00295d80
00165bf4,002a7030
00165bf4,002a7f5c
00165bf4,002a7f64
00165bf4,002a8ffc
00165bf4,0036f764
00165bf4,0036f770
001666c0,0028782c
00166750,00167cf0
00166750,001680a4
00166750,00287714
00166750,00287748
00166750,00287760
00166750,0028782c
00166750,00288104
00166750,00288178
00166750,00288338
00166750,0028a788
00166750,0028c860
00166750,00299c38
00166750,002a6030
00166750,002a6188
00166750,002a7030
00166750,002a8ffc
00166750,00308df0
00166be4,002875e4
00166be4,002876f0
00166c2c,002923f8
00166c2c,00292c10
00166c2c,002f3764
00166d58,001671a4
00166d58,00287164
00166d58,0028724c
00166d58,00287330
00166d58,002875bc
00166d58,002875c0
00166d58,002875e4
00166d58,002876f0
00166d58,0028782c
00166d58,00291f20
00166d58,00292d1c
00166d58,00293460
00166d58,002954f4
00166d58,0029a184
00166d58,0029a238
00166d58,0029a3f4
00166d58,002a7030
001671a4,002923f8
001671a4,002f3764
0016734c,0023fef4
0016734c,00291f20
0016734c,00293064
00167464,002875e4
00167484,002923f8
00167484,00292c10
00167484,002f3764
001675b0,002923f8
001675b0,00292c10
001675b0,002f3764
001676dc,00287048
001676dc,002870b0
001676dc,002954f4
001676dc,002a7030
001677d8,00286fdc
001677d8,00295d80
00167814,00286f54
00167814,00286fdc
00167814,00291f20
00167814,002954f4
00167814,002a7030
00167980,00286f34
00167980,00287164
00167980,0028724c
00167980,002876f0
00167980,0028782c
00167980,0028a414
00167980,0028a438
00167980,00291f20
00167980,002954f4
00167980,0029a238
00167980,0029a360
00167980,002a7030
00167b7c,002923f8
00167b7c,00292c10
00167b7c,002f3764
00167c34,002923f8
00167c34,00292c10
00167c34,002f3764
00167cf0,00145fbc
00167cf0,0028cb80
00167cf0,002923f8
00167cf0,00292c10
00167cf0,00296618
00167cf0,002a7f5c
00167cf0,002f3764
00167fec,002923f8
00167fec,00292c10
00167fec,002f3764
001680a4,00295f04
001680a4,00295f10
001680a4,002a6188
001680ec,001b11b4
001680ec,001b1200
001680ec,001b13dc
001680ec,001b1444
001680ec,0023fef4
001680ec,00286904
001680ec,00293064
0016823c,00168620
0016823c,002876f0
00168284,00168620
00168284,00292d1c
00168284,00293460
001682ec,001680ec
001682ec,002868ec
001682ec,00291f20
001683cc,00287048
001683cc,002870b0
001683cc,002954f4
001683cc,002a7030
001684a8,00286fdc
001684a8,00295d80
001684f8,002868ec
001684f8,00286f54
001684f8,00286fdc
001684f8,00291f20
001684f8,002954f4
001684f8,002a7030
00168620,002868ec
00168620,002876f0
00168620,00291f20
00168620,002954f4
00168620,002a7030
00168734,0028d04c
00168734,002930d0
00168798,002864f0
00168798,00286650
00168798,002923f8
00168798,002930d0
00168798,002965d8
00168798,00296618
00168798,002f3764
001688c0,002864f0
001688c0,00286650
001688c0,002923f8
001688c0,00292c10
001688c0,002930d0
001688c0,002965d8
001688c0,00296618
001688c0,002f3764
00168ad0,00292c10
00168ad0,002f3764
00168b1c,00292c10
00168b1c,002f3764
00168ba8,002923f8
00168ba8,002f3764
00168bfc,002a8938
00168c0c,002a8938
00168c1c,002a8938
00168c28,002861f0
00168c28,002a8ffc
00168c38,0029270c
00168c38,00292780
00168c38,0029286c
00168c38,00292e20
00168c38,0036fb98
0016924c,001c33f8
0016924c,001c3500
0016924c,00292738
00169300,002a7f5c
00169300,002a7f64
00169828,0023fef4
00169828,0029024c
00169828,00291f20
00169828,00293064
00169828,002965a8
00169828,002965d8
00169828,00296618
00169aa4,002859e0
00169aa4,00285ad0
00169aa4,00285b74
00169aa4,00285bd4
00169aa4,00352344
00169aa4,00352468
00169aa4,00352478
00169b38,00285944
00169b38,0028d410
00169bbc,00169c4c
00169bbc,00169dd0
00169bbc,0016a13c
00169bbc,00285558
00169bbc,00285688
00169c08,002843d0
00169c4c,001eef9c
00169c4c,001eefb4
00169c4c,001ef2f8
00169c4c,002841ec
00169c4c,00284314
00169c4c,0028434c
00169c4c,002854b8
00169c4c,0028d410
00169c4c,002a764c
00169dd0,001ef03c
00169dd0,001ef04c
00169dd0,001ef078
00169dd0,001ef378
00169dd0,001ef734
00169dd0,001ef754
00169dd0,001ef820
00169dd0,001ef8ac
00169dd0,00283c20
00169dd0,00283eb8
00169dd0,00283f48
00169dd0,00284530
00169dd0,002850d0
00169dd0,002a7f5c
0016a13c,001a3364
0016a13c,002838a4
0016a13c,002838b0
0016a13c,002838c0
0016a13c,00285370
0016a13c,002853ac
0016a13c,002853d0
0016a13c,002a5aa8
0016a13c,002a5ba0
0016a13c,002a67b8
0016a13c,002a7d54
0016a4dc,001eef94
0016a4dc,001eef9c
0016a4dc,001eefb4
0016a4dc,001eefe0
0016a4dc,001ef018
0016a4dc,001ef0a4
0016a4dc,001ef2f8
0016a4dc,001ef510
0016a4dc,001ef5bc
0016a4dc,001ef61c
0016a4dc,00285b74
0016a4dc,00285bd4
0016a4dc,002a764c
0016a4dc,00309838
0016a694,00291f20
0016a730,0014ab24
0016a730,001e6118
0016a730,0023ffe4
0016a730,00283670
0016a730,0028367c
0016a730,00283784
0016a730,0028383c
0016a730,002908d0
0016a730,00290cb8
0016a730,00290f90
0016a730,002917b4
0016a730,00291810
0016a730,00291f20
0016a730,002923f8
0016a730,00292c10
0016a730,00295ee4
0016a730,00296200
0016a730,002965d8
0016a730,00296618
0016a730,002a7030
0016a730,002ebd6c
0016a730,002ee808
0016a730,002f3764
0016adb0,00283654
0016adb0,0028f45c
0016adb0,00293e74
0016adb0,00293fa4
0016adb0,00295f80
0016adb0,00296060
0016adb0,002a8ffc
0016adb0,002ee808
0016ae90,0028cb80
0016ae90,002923f8
0016ae90,00296618
0016ae90,002f3764
0016afd0,00295f04
0016afd0,00295f10
0016afd0,002a6188
0016b050,0023fef4
0016b050,002835e0
0016b050,002923f8
0016b050,002930d0
0016b050,00296124
0016b050,0029654c
0016b050,002965a8
0016b050,002965d8
0016b050,00296618
0016b050,002a7030
0016b050,002f3764
0016b050,002f4088
0016b324,002835e0
0016b324,002930d0
0016b324,00296060
0016b324,00296124
0016b324,002f4950
0016b380,0028f1d0
0016b380,0028f2bc
0016b380,00295d80
0016b380,00295f48
0016b3d8,0023ffe4
0016b3d8,0028e64c
0016b3d8,0028eea0
0016b3d8,002923f8
0016b3d8,00292c10
0016b3d8,002937e0
0016b3d8,00295ee4
0016b3d8,00295f04
0016b3d8,00295f10
0016b3d8,00296618
0016b3d8,002a6030
0016b3d8,002a6188
0016b3d8,002a7030
0016b3d8,002f3764
0016b648,0023ffe4
0016b648,002834a0
0016b648,00283514
0016b648,00283540
0016b648,0028354c
0016b648,0028915c
0016b648,002954f4
0016b818,0028348c
0016b818,00289200
0016b818,002ecb80
0016b818,0038f554
0016b8bc,0028348c
0016b8bc,002834a0
0016b8bc,00289200
0016b8bc,0028ce4c
0016b8bc,002954f4
0016b8bc,002ecb80
0016ba08,001df5b4
0016ba08,001e00f0
0016ba08,001e0db4
0016ba08,001e147c
0016ba08,001e1d7c
0016ba08,0023ffe4
0016ba08,00282ce0
0016ba08,00283024
0016ba08,00283120
0016ba08,00283198
0016ba08,00283280
0016ba08,002832e4
0016ba08,002834a0
0016ba08,0029feb4
0016ba08,002a6030
0016ba08,002a7030
0016ba08,002a8ffc
0016ba08,002e6c98
0016ba08,0030a774
0016ba08,0038d704
0016ba08,0038d8f0
0016ba08,0038d9cc
0016ba08,0038ddf4
0016ba08,0038dfb8
0016ba08,0038e2d4
0016bd54,001df7bc
0016bd54,001dfb08
0016bd54,002a81f0
0016be08,001df3a8
0016be08,001e14c8
0016be88,001e158c
0016be88,001e1818
0016becc,001dfd54
0016becc,001e1600
0016bf2c,001e1640
0016bf2c,00283120
0016bf50,001dfe30
0016bf64,001dff50
0016bf98,001df654
0016bfac,001df708
0016bfc0,00120ff0
0016bfc0,001e0128
0016bfc0,001e0340
0016bfc0,001e0b78
0016bfc0,001e0bf4
0016bfc0,001e0c54
0016bfc0,00282ce0
0016c280,001e0100
0016c280,001e0188
0016c280,001e09fc
0016c280,001e0b30
0016c280,001e1160
0016c3c0,0016b818
0016c3c0,0016c280
0016c3c0,002834a0
0016c3c0,0028354c
0016c3c0,00294bd8
0016c3c0,002954f4
0016c3c0,002965d8
0016c4d0,0016b818
0016c4d0,0016c280
0016c4d0,002834a0
0016c4d0,0028354c
0016c4d0,002954f4
0016c578,0028cda4
0016c578,00295d80
0016c578,00295f48
0016c5d0,00282cb0
0016c5d0,00289100
0016c5d0,00294320
0016c5d0,00295ee4
0016c5d0,00295f04
0016c5d0,00295f10
0016c5d0,0029e630
0016c5d0,002a6188
0016c6a0,00282c0c
0016c6a0,00283024
0016c6a0,00283120
0016c6a0,00283198
0016c6a0,00283280
0016c6a0,002832e4
0016c6a0,002890b0
0016c6a0,00293e74
0016c6a0,00293fa4
0016c6a0,00296060
0016c6a0,002a8134
0016c6a0,002a8ffc
0016c7e8,00170330
0016c7e8,00170368
0016c7e8,002827f0
0016c7e8,002954f4
0016c7e8,002a7030
0016c7e8,002a8ffc
0016c928,0016e464
0016c928,002818c0
0016c928,00282704
0016c928,0029187c
0016c928,00292960
0016c928,002954f4
0016c928,002a7030
0016c928,002a8ffc
0016cacc,0016e498
0016cacc,00170330
0016cacc,00282704
0016cacc,00292960
0016cacc,002954f4
0016cacc,002a7030
0016cacc,002a8ffc
0016cc10,00170368
0016cc10,002827f0
0016cc10,002a6030
0016cc10,002a6188
0016cc10,002a7030
0016cc10,002a8ffc
0016cd70,00282690
0016cd70,00294394
0016cd70,002954f4
0016cdf8,00282690
0016cdf8,0028a9d0
0016cdf8,00294334
0016cdf8,00294768
0016cdf8,002954f4
0016cf68,0028f1d0
0016cf68,0028f2bc
0016cf68,00295d80
0016cfb0,0016dd0c
0016cfb0,00292984
0016cff0,0016dd0c
0016cff0,00282688
0016cff0,00291f20
0016cff0,00292984
0016cff0,00292d1c
0016cff0,00293460
0016d0bc,00170a1c
0016d0bc,00282688
0016d0bc,00286904
0016d0bc,00291f20
0016d1dc,00294750
0016d1dc,00295d80
0016d218,00170a1c
0016d218,00170b28
0016d218,0021b50c
0016d218,0028202c
0016d218,00282090
0016d218,00282298
0016d218,002824c0
0016d218,00282530
0016d218,00282688
0016d218,00282690
0016d218,00286754
0016d218,00286904
0016d218,00286a68
0016d218,00286d64
0016d218,00287714
0016d218,0028cb80
0016d218,0028e64c
0016d218,00291f20
0016d218,00292600
0016d218,00292ee0
0016d218,002954f4
0016d218,00295f04
0016d218,00295f10
0016d218,00296060
0016d218,002965a8
0016d218,002965d8
0016d218,00296618
0016d218,002a6188
0016d218,002a7030
0016d218,002a7f5c
0016d218,002a7f64
0016d218,0036f988
0016db7c,00282690
0016db7c,00287048
0016db7c,002870b0
0016db7c,002954f4
0016dc04,00286fdc
0016dc04,00295d80
0016dc40,00282688
0016dc40,00282690
0016dc40,00286f54
0016dc40,00286fdc
0016dc40,00291f20
0016dc40,002954f4
0016dd0c,00282688
0016dd0c,00282690
0016dd0c,00291f20
0016dd0c,00292984
0016dd0c,002954f4
0016ddc0,00281ed4
0016ddc0,00281f1c
0016ddc0,00282690
0016ddc0,002863c8
0016ddc0,0028689c
0016ddc0,0028eea0
0016ddc0,00291810
0016ddc0,00292620
0016ddc0,002942d4
0016ddc0,00294320
0016ddc0,00294bd8
0016ddc0,00295ee4
0016ddc0,00295f04
0016ddc0,00295f10
0016ddc0,00299c38
0016ddc0,002a6030
0016ddc0,002a6188
0016ddc0,002a7030
0016ddc0,002a8ffc
0016e3c0,00168b1c
0016e3c0,00281e18
0016e3c0,00281e50
0016e3c0,00281ec0
0016e3c0,00295d80
0016e498,00281bbc
0016e498,00281e18
0016e498,00281e50
0016e498,00281f1c
0016e498,00282530
0016e498,002863c8
0016e498,002a6030
0016e498,002a6188
0016e498,002a7030
0016e498,002a7f5c
0016e498,002a7f64
0016e498,002a8ffc
0016e498,0036aeb8
0016e498,0037ee4c
0016ec20,00291f20
0016ec40,0023fef4
0016ec40,00281b44
0016ec40,00281b84
0016ec40,00292a24
0016ec40,00293064
0016ed70,00281a18
0016ed70,00281a28
0016ed70,00281ab0
0016ed70,0028367c
0016ed70,00283784
0016ed70,002917b4
0016ed70,00291810
0016ed70,00292c10
0016ed70,00295f04
0016ed70,00295f10
0016ed70,00296200
0016ed70,002965d8
0016ed70,00296618
0016ed70,0029a184
0016ed70,0029a3f4
0016ed70,0029e630
0016ed70,002a6188
0016ed70,002a7030
0016ed70,002a7f5c
0016ed70,002ebd6c
0016ed70,002ee808
0016ed70,002f3764
0016f224,00281940
0016f224,00294394
0016f224,002954f4
0016f2ac,00281940
0016f2ac,0028a9d0
0016f2ac,00294334
0016f2ac,00294768
0016f2ac,002954f4
0016f418,0028f1d0
0016f418,0028f2bc
0016f418,00295d80
0016f464,002818cc
0016f464,00292984
0016f4a4,002818cc
0016f4a4,002819b4
0016f4a4,00292984
0016f4a4,00292d1c
0016f4a4,00293460
0016f540,00292984
0016f5a0,0016ec40
0016f5a0,002819b4
0016f5a0,00286904
0016f664,00294750
0016f664,00295d80
0016f698,0016ec40
0016f698,0016ed70
0016f698,0023fef4
0016f698,00281940
0016f698,002819b4
0016f698,00281e18
0016f698,00281e50
0016f698,0028202c
0016f698,00282090
0016f698,00282298
0016f698,002824c0
0016f698,00282530
0016f698,00286754
0016f698,00286904
0016f698,00286a68
0016f698,00286d64
0016f698,00287714
0016f698,0028cb80
0016f698,0028e64c
0016f698,002923f8
0016f698,00292600
0016f698,00292984
0016f698,00292ee0
0016f698,002954f4
0016f698,00295f04
0016f698,00295f10
0016f698,00296060
0016f698,00296200
0016f698,0029654c
0016f698,002965a8
0016f698,002965d8
0016f698,00296618
0016f698,002a6030
0016f698,002a6188
0016f698,002a7030
0016f698,002a7f5c
0016f698,002a7f64
0016f698,002f3764
0016f698,0036f928
0016f698,0037ef48
001701d0,00281940
001701d0,00287048
001701d0,002870b0
001701d0,002954f4
00170258,00286fdc
00170258,00295d80
00170290,00281940
00170290,002819b4
00170290,00286f54
00170290,00286fdc
00170290,00292984
00170290,002954f4
00170368,00281940
00170368,00281ed4
00170368,00281f1c
00170368,002863c8
00170368,0028689c
00170368,0028eea0
00170368,00291810
00170368,00292620
00170368,002942d4
00170368,00294320
00170368,00294bd8
00170368,00295ee4
00170368,00295f04
00170368,00295f10
00170368,00299b78
00170368,00299c38
00170368,002a6030
00170368,002a6188
00170368,002a7030
00170368,002a8ffc
00170368,0037eddc
00170368,0037eea0
00170368,0037ef10
00170a1c,0023fef4
00170a1c,00281b84
00170a1c,00292a24
00170a1c,00293064
00170b28,00281874
00170b28,00281888
00170b28,00281a18
00170b28,0028367c
00170b28,00283784
00170b28,002917b4
00170b28,00291810
00170b28,002923f8
00170b28,00292c10
00170b28,00295f04
00170b28,00295f10
00170b28,00296200
00170b28,002965d8
00170b28,00296618
00170b28,0029a184
00170b28,0029a3f4
00170b28,002a6188
00170b28,002a7030
00170b28,002a7f5c
00170b28,002ebd6c
00170b28,002ee808
00170b28,002f3764
00171048,00281818
00171048,0028e7c4
00171094,001c8a58
00171094,001c8d18
00171094,002a7030
00171094,003a98ac
001711f4,001c8d18
001711f4,002a7030
001711f4,003a98ac
001712f8,001c8e54
001712f8,002a7f5c
001712f8,002a8ffc
001712f8,0039768c
00171410,00281600
00171410,00281674
00171410,00286a68
00171410,00286ad0
00171410,00286d64
00171410,002912e8
00171410,00291668
00171410,00291f20
00171410,002923f8
00171410,00292b60
00171410,00292c10
00171410,0029373c
00171410,00294334
00171410,00294348
00171410,002954f4
00171410,002965a8
00171410,002a7030
00171410,002f3764
001717a0,00281600
001717a0,002876f0
001717a0,00291f20
001717a0,002954f4
00171868,0028157c
00171868,00281588
00171868,00290264
00171868,00296618
00171868,002f3764
00171868,003369f4
001719d8,0023fef4
001719d8,00286904
001719d8,00291304
001719d8,00291668
001719d8,00291f20
001719d8,00293064
001719d8,002f3764
00171ac8,00281600
00171ac8,00287048
00171ac8,002954f4
00171b48,00286fdc
00171b48,00295d80
00171b84,00281600
00171b84,00286f54
00171b84,00286fdc
00171b84,00291f20
00171b84,002954f4
00171c1c,00281600
00171c1c,0028a9d0
00171c1c,00294768
00171c1c,002954f4
00171cfc,00294750
00171cfc,00295d80
00171d28,00281600
00171d28,00294348
00171d28,00294394
00171d28,002954f4
00171e08,00171868
00171e08,0028151c
00171e08,00281600
00171e08,0028689c
00171e08,00287714
00171e08,00291810
00171e08,00292620
00171e08,00293814
00171e08,002942d4
00171e08,00294320
00171e08,00294bd8
00171e08,00295ee4
00171e08,00295f04
00171e08,00295f10
00171e08,002a6030
00171e08,002a6188
001720a8,00171868
001720a8,0028151c
001720a8,00281600
001720a8,0028689c
001720a8,00287714
001720a8,00291810
001720a8,00292620
001720a8,00293814
001720a8,002942d4
001720a8,00294320
001720a8,00294bd8
001720a8,00295ee4
001720a8,00295f04
001720a8,00295f10
001720a8,002a6030
001720a8,002a6188
0017236c,0028e7c4
00172378,0029aaf8
00172378,0029af70
00172378,002a7f5c
001723d8,00281508
001723d8,002a7f5c
001723d8,002a7f64
001723d8,003aa274
00172648,003aa304
001726ac,002a7f5c
0017277c,001727a0
0017277c,002814fc
001727a0,00281318
001727a0,00281380
001727a0,00281478
001727a0,002814a8
001727a0,00289b54
001727a0,002a6030
001727a0,002a7030
001727a0,002a8ffc
001727a0,003076b4
001727a0,00307adc
001729d8,002812dc
001729d8,00281318
001729d8,002814a8
001729d8,00289b54
001729d8,002954f4
001729d8,002a7030
001729d8,002a8ffc
001729d8,003076b4
001729d8,00307adc
00172b2c,002814a8
00172b2c,00307a74
00172b74,002812dc
00172b74,002814a8
00172b74,002954f4
00172b74,002a7030
00172c84,002a6188
00172ca4,00281318
00172ca4,002814a8
00172ca4,00289b54
00172ca4,00293fa4
00172ca4,002a8ffc
00172cf8,0018aa90
00172cf8,0018aeac
00172cf8,0018b200
00172cf8,0018b470
00172cf8,00281194
00172cf8,00281208
00172cf8,0028123c
00172cf8,00281280
00172cf8,002812d8
00172cf8,00286a68
00172cf8,00287714
00172cf8,00289cec
00172cf8,0028ca60
00172cf8,0028cb80
00172cf8,0028cc54
00172cf8,00292c10
00172cf8,00296618
00172cf8,002a7030
00172cf8,002a8ffc
00172cf8,002f10b8
00172cf8,002f21fc
00172cf8,002f2608
00172cf8,002f3764
00173008,00281168
00173008,0028116c
00173008,00281180
00173438,00280de8
00173438,00280e90
00173438,00280ed0
00173438,00281194
00173438,0028ca60
001735e4,0018b168
001735e4,00281194
001735e4,0028ca60
00173648,00173008
00173648,0018aa78
00173648,0018ae00
00173648,00281194
00173648,0028ca60
00173648,0036fea0
0017372c,00281194
0017372c,0028ca60
0017372c,0036febc
001737e0,0018ad7c
001737e0,0018b428
001737e0,00281194
001737e0,0028ca60
001737e0,0036feb4
0017385c,00277ce0
0017385c,0028116c
0017385c,00281194
0017385c,00287048
0017385c,0028ca60
001738f8,00280d2c
001738f8,00286fdc
00173928,00281194
00173928,0028a2b8
00173928,0028a35c
00173928,0028ca60
00173928,00295f04
00173928,00295f10
00173928,002a6188
00173928,002f1148
00173928,002f2f54
00173a10,00281208
00173a10,0028123c
00173a10,00281280
00173a10,002812d8
00173a10,002853e4
00173a10,00289a04
00173a10,00289a3c
00173a10,00296060
00173a10,002a8ffc
00173a10,002f2f84
00173ad0,00166750
00173ad0,00280b0c
00173ad0,00280b80
00173ad0,0028ca60
00173ad0,002930d0
00173ad0,00294334
00173ad0,00294348
00173ad0,002a7030
00173ad0,002a8ffc
00173bb0,00166750
00173bb0,00280ab4
00173bb0,00280afc
00173bb0,00280b0c
00173bb0,00280b80
00173bb0,0028ca60
00173bb0,0028cc54
00173bb0,00294bd8
00173bb0,002a7030
00173bb0,002a8ffc
00173d58,00280b0c
00173d58,0028a9d0
00173d58,0028ca60
00173df8,00280b0c
00173df8,0028ca60
00173df8,002930d0
00173df8,00294348
00173df8,00294394
00173f38,00280b0c
00173f38,0028ca60
00173f38,00294768
00173fc0,00280b80
00173fc0,0028a994
00173fc0,00294750
00173fc0,002a8ffc
0017400c,001666c0
0017400c,00280b80
0017400c,0028a7b4
0017400c,0028a994
0017400c,002a8ffc
0017400c,00308cec
001740a0,00280b0c
001740a0,00289cec
001740a0,0028a2b8
001740a0,0028a35c
001740a0,0028ca60
001740a0,002942d4
001740a0,00294320
001740a0,00295ee4
001740a0,00295f04
001740a0,00295f10
001740a0,002a6188
001741d4,00280b80
001741d4,00289a04
001741d4,00289a3c
001741d4,00293e74
001741d4,00293f64
001741d4,00293fa4
001741d4,00296060
001741d4,002a8ffc
001742c4,0023ffe4
001742c4,0029024c
001742c4,00290264
001742c4,00290ea8
001742c4,00290f90
001742c4,00293064
001742c4,0029654c
001742c4,002965a8
001742c4,002965d8
001742c4,00296618
001742c4,002a7490
00174554,0029024c
00174554,00290f90
00174608,0028eb70
00174608,002930d0
00174608,00296124
00174608,002ee73c
00174644,00280a40
00174644,00294348
00174644,00294394
00174644,002954f4
0017471c,00180620
0017471c,00280508
0017471c,00280674
0017471c,00280938
0017471c,00280a40
0017471c,002954f4
0017471c,00295d80
0017471c,002a7030
0017471c,002a8ffc
0017471c,0036fd0c
0017471c,0036fd1c
0017471c,0036fd24
001748d8,00280a40
001748d8,0028a9d0
001748d8,00294768
001748d8,002954f4
001749b0,0017f330
001749b0,00280508
001749b0,00280674
001749b0,00280a40
001749b0,002930d0
001749b0,00294bd8
001749b0,002954f4
001749b0,002a6030
001749b0,002a7030
001749b0,002a8ffc
001749b0,0036fd48
00174be0,0017f330
00174be0,00280508
00174be0,00280a40
00174be0,00294334
00174be0,00294348
00174be0,002954f4
00174be0,002a7030
00174be0,002a8ffc
00174d10,00280a40
00174d10,00294348
00174d10,00294394
00174d10,002954f4
00174de8,00294750
00174de8,00295d80
00174e24,00286fdc
00174e24,002892a4
00174e24,0028f2bc
00174e24,00295d80
00174e8c,00280a40
00174e8c,00286a68
00174e8c,00287714
00174e8c,0028e64c
00174e8c,00294334
00174e8c,002954f4
00174f48,00280a40
00174f48,00287048
00174f48,0028f1d0
00174f48,0028f2bc
00174f48,002954f4
00174fdc,00280454
00174fdc,00280938
00174fdc,0028eea0
00174fdc,002942d4
00174fdc,00294320
00174fdc,00295ee4
00174fdc,00295f04
00174fdc,00295f10
00174fdc,00299c38
00174fdc,002a6188
00175110,002803e0
00175110,00287048
00175110,00294bd8
00175110,002a6030
001751ec,002803e0
001751ec,0028a9d0
001751ec,002954f4
001752b8,002802cc
001752b8,00280300
001752b8,002803c0
001752b8,002803e0
001752b8,00295d80
001752b8,002a6030
00175454,002803e0
00175454,00294768
00175454,002954f4
001754f4,00294750
001754f4,00295d80
00175530,002803e0
00175530,00294348
00175530,00294394
00175530,002954f4
00175678,0027ee38
00175678,0027f020
00175678,002803e0
00175678,00294334
00175678,00294348
00175678,002954f4
00175678,002a7030
00175678,002a8ffc
0017580c,00280300
0017580c,002803e0
0017580c,00294348
0017580c,002954f4
00175928,0027ee0c
00175928,00291f20
00175928,00299c28
00175a18,0023ffe4
00175a18,0027ed28
00175a18,0027ee0c
00175a18,0028383c
00175a18,002908d0
00175a18,00290cb8
00175a18,002917b4
00175a18,00291810
00175a18,00291f20
00175a18,002923f8
00175a18,00292c10
00175a18,00295ee4
00175a18,00296200
00175a18,002965d8
00175a18,00296618
00175a18,00299c28
00175a18,002a7030
00175a18,002f3764
00175eb8,00283654
00175eb8,00293e74
00175eb8,00295f80
00175eb8,002a8ffc
00175f14,0027eb68
00175f14,00292984
00175f54,0027eb68
00175f54,00292d1c
00175f54,00293460
00175fbc,001761ec
00175fbc,0027ed28
00175fbc,00292c10
00175fbc,002f3764
00175fbc,0036f860
00175fbc,003816a0
0017612c,00175fbc
0017612c,0027ea6c
0017612c,0027eafc
001761ec,00292c10
001761ec,002f3764
0017630c,0027eafc
0017630c,00292984
00176368,00287048
00176368,002870b0
00176368,00293510
00176368,002954f4
00176368,002a7030
00176448,00286fdc
00176448,00295d80
00176480,0027eafc
00176480,00286f54
00176480,00286fdc
00176480,002954f4
00176480,002a7030
00176560,00286fdc
00176560,0028e64c
00176560,002954f4
00176560,002a7030
00176654,0028f1d0
00176654,0028f2bc
00176654,002954f4
00176654,002a7030
00176738,00175a18
00176738,00175fbc
00176738,001761ec
00176738,0027e61c
00176738,0027e6f4
00176738,0027e710
00176738,0027e890
00176738,0027ea6c
00176738,0027eafc
00176738,0028202c
00176738,00282090
00176738,00282298
00176738,00286a68
00176738,00286d64
00176738,0028cb80
00176738,0028eea0
00176738,00291810
00176738,002923f8
00176738,00292600
00176738,00292620
00176738,00295f04
00176738,00295f10
00176738,002965a8
00176738,002965d8
00176738,00296618
00176738,002a6030
00176738,002a6188
00176738,002a7030
00176738,002a7f5c
00176738,002a7f64
00176738,002f3764
00177388,0027e448
00177388,0027e4bc
00177388,0027e524
00177388,00294bd8
00177388,002954f4
00177388,00295d80
00177388,00299c38
00177388,002a8ffc
00177388,0036fd94
00177388,0036fda0
00177388,0036fdac
00177388,0036fdc8
0017758c,0027e448
0017758c,0028a9d0
0017758c,00294768
0017758c,002954f4
0017765c,00294750
0017765c,00295d80
00177698,0027e448
00177698,00294348
00177698,00294394
00177698,002954f4
00177798,0027e310
00177798,0027e448
00177798,00294334
00177798,002954f4
00177814,0027e220
00177814,0027e2e0
00177814,0027e448
00177814,002954f4
00177894,0027e1d4
00177894,0027e2e0
00177894,00295d80
001778e0,00183ca8
001778e0,001de8f0
001778e0,0027e014
001778e0,0027e0d8
001778e0,0027e120
001778e0,0027e448
001778e0,0027e524
001778e0,00282cb0
001778e0,00289cec
001778e0,0028a2b8
001778e0,002942d4
001778e0,00294320
001778e0,00295ee4
001778e0,00295f04
001778e0,00295f10
001778e0,002a6030
001778e0,002a6188
001778e0,002a7030
001778e0,002a8ffc
00177dd8,0023ffe4
00177dd8,002954f4
00177dd8,002a7030
00177ed8,0023ffe4
00177ed8,00295d80
00177f20,0023ffe4
00177f20,0027de64
00177f20,0027deb4
00177f20,0027df20
00177f20,00286a68
00177f20,00287714
00177f20,0028cb80
00177f20,00295ee4
00177f20,00295f04
00177f20,00295f10
00177f20,00296618
00177f20,002a6030
00177f20,002a6188
00177f20,002a7030
001781a8,00178588
001781c0,00178588
001781c0,002876f0
00178200,0023fef4
00178200,0027ece8
00178200,00286904
00178200,00291f20
00178200,00293064
00178308,002876f0
00178308,00291f20
00178384,00287048
00178384,002870b0
00178384,002954f4
00178384,002a7030
0017845c,00286fdc
0017845c,00295d80
00178498,0027ece8
00178498,00286fdc
00178498,00291f20
00178498,002954f4
00178498,002a7030
00178588,0027ece8
00178588,002876f0
00178588,00291f20
00178588,002954f4
00178588,002a7030
00178668,0027dc38
00178668,0027dd68
00178668,0027ddb0
00178668,0027e61c
00178668,0027ece8
00178668,00281674
00178668,0028689c
00178668,00286a68
00178668,00286ad0
00178668,00286d64
00178668,00286f54
00178668,00290204
00178668,00291810
00178668,00291f20
00178668,002923f8
00178668,00292620
00178668,00292b60
00178668,00292ee0
00178668,00295f04
00178668,00295f10
00178668,00296200
00178668,002965a8
00178668,002965d8
00178668,00296618
00178668,00299c38
00178668,0029e630
00178668,002a6030
00178668,002a6188
00178668,002a7030
00178668,002a8ffc
00178668,002f3764
00178fc4,0027dba4
00178fe4,0027db30
00178fe4,0027ece8
00178fe4,002876f0
00178fe4,00291f20
00178fe4,002954f4
001790b8,0023fef4
001790b8,0027ece8
001790b8,00286904
001790b8,00291f20
001790b8,00293064
001791b8,002876f0
001791b8,00291f20
00179234,0027db30
00179234,00287048
00179234,002870b0
00179234,002954f4
001792bc,00286fdc
001792bc,00295d80
001792f8,0027db30
001792f8,0027ece8
001792f8,00286f54
001792f8,00286fdc
001792f8,00291f20
001792f8,002954f4
001793a0,0027db30
001793a0,0027ece8
001793a0,002876f0
001793a0,0028f1d0
001793a0,0028f2bc
001793a0,00291884
001793a0,00291f20
001793a0,002954f4
0017946c,0027d908
0017946c,0027db30
0017946c,002954f4
0017952c,001024ec
0017952c,0027d884
0017952c,0027db30
0017952c,0027dba4
0017952c,0027ece8
0017952c,002876f0
0017952c,0028e64c
0017952c,00291884
0017952c,00291f20
0017952c,002954f4
001796e4,0027db30
001796e4,0027dba4
001796e4,002812dc
001796e4,00291884
001796e4,002954f4
001797e8,0027db30
001797e8,0027ece8
001797e8,002812dc
001797e8,00287590
001797e8,002876f0
001797e8,00291f20
001797e8,002954f4
00179898,0027dba4
00179898,002812dc
001798d8,001e7274
001798d8,001e7788
001798d8,0023ffe4
001798d8,0027d854
001798d8,0027db30
001798d8,0027dc38
001798d8,0027dd68
001798d8,0027ddb0
001798d8,0027e61c
001798d8,0027ece8
001798d8,00281478
001798d8,00281674
001798d8,0028689c
001798d8,00286a68
001798d8,00286ad0
001798d8,00286d64
001798d8,0028eea0
001798d8,00290204
001798d8,00290cb8
001798d8,00290f50
001798d8,00291810
001798d8,00291f20
001798d8,002923f8
001798d8,00292620
001798d8,00292b60
001798d8,00295ee4
001798d8,00295f04
001798d8,00295f10
001798d8,00296200
001798d8,002965a8
001798d8,002965d8
001798d8,00296618
001798d8,00299c38
001798d8,0029a3f4
001798d8,0029d77c
001798d8,0029e630
001798d8,002a6030
001798d8,002a6188
001798d8,002a7030
001798d8,002a7f5c
001798d8,002a7f64
001798d8,002a81f0
001798d8,002a8ffc
001798d8,002a9020
001798d8,002f3764
0017a768,0027d68c
0017a768,0027de64
0017a768,0027deb4
0017a768,0027ece8
0017a768,00291f20
0017a768,002954f4
0017a8b0,00291f20
0017a934,0027d68c
0017a934,00287048
0017a934,002954f4
0017a9b4,00286fdc
0017a9b4,00295d80
0017a9f0,0027d68c
0017a9f0,0027ece8
0017a9f0,00286fdc
0017a9f0,00291f20
0017a9f0,002954f4
0017aaa4,0027d68c
0017aaa4,00294768
0017aaa4,00294b24
0017aaa4,002954f4
0017ab34,0027d68c
0017ab34,00287048
0017ab34,002954f4
0017abb8,00169aa4
0017abb8,0027d668
0017abb8,0027d68c
0017abb8,00286fdc
0017abb8,0028cc54
0017abb8,00294bd8
0017abb8,002954f4
0017abb8,00349374
0017acf0,0027d68c
0017acf0,00294348
0017acf0,00294394
0017acf0,002954f4
0017acf0,0029a7a0
0017adcc,00294334
0017adcc,00295d80
0017adf8,0027d68c
0017adf8,0027dc38
0017adf8,0027dd68
0017adf8,0027ddb0
0017adf8,0027df20
0017adf8,0027e61c
0017adf8,0027ece8
0017adf8,00286a68
0017adf8,00291f20
0017adf8,002942d4
0017adf8,00294320
0017adf8,00295ee4
0017adf8,00295f04
0017adf8,00295f10
0017adf8,00296200
0017adf8,00296618
0017adf8,0029e630
0017adf8,002a6030
0017adf8,002a6188
0017adf8,002a7030
0017adf8,002a8ffc
0017b418,0027d5a8
0017b418,0027d61c
0017b418,00294348
0017b418,00294394
0017b418,00294b24
0017b418,002954f4
0017b418,002a7030
0017b51c,0027d5a8
0017b51c,00286a68
0017b51c,00287714
0017b51c,0028e64c
0017b51c,00294334
0017b51c,002954f4
0017b5cc,0027d5a8
0017b5cc,0027d61c
0017b5cc,00294768
0017b5cc,002954f4
0017b5cc,002a7030
0017b674,0027d5a8
0017b674,00287048
0017b674,002954f4
0017b6e4,0027d5a8
0017b6e4,0028f1d0
0017b6e4,0028f2bc
0017b6e4,002954f4
0017b760,00294750
0017b760,00295d80
0017b788,0027d5a8
0017b788,002892a4
0017b788,0028f2bc
0017b788,002954f4
0017b804,00286fdc
0017b804,00295d80
0017b838,0027d5a8
0017b838,0027d61c
0017b838,0027de64
0017b838,0027deb4
0017b838,0027df20
0017b838,0028cb80
0017b838,0028eea0
0017b838,002942d4
0017b838,00294320
0017b838,00294bd8
0017b838,00295ee4
0017b838,00295f04
0017b838,00295f10
0017b838,002a6030
0017b838,002a6188
0017b838,002a7030
0017b838,00319268
0017b9e4,0027d480
0017b9e4,0027d570
0017b9e4,0027d57c
0017b9e4,0028a7b4
0017b9e4,0028cc54
0017b9e4,002919d4
0017b9e4,00294068
0017b9e4,00295d80
0017bae4,0027cb3c
0017bae4,0027cbb0
0017bae4,0027ccb0
0017bae4,0028cc54
0017bae4,002954f4
0017bae4,002a7030
0017bae4,002a8ffc
0017bbb4,0027c918
0017bbb4,0027c978
0017bbb4,0027cb2c
0017bbb4,0027cb3c
0017bbb4,002954f4
0017bbb4,002a7030
0017bbb4,002a8ffc
0017bc88,0027c8e4
0017bc88,0027c8f0
0017bc88,0027c918
0017bc88,0027cb3c
0017bc88,0027d480
0017bc88,0028cc54
0017bc88,002954f4
0017bc88,002a8ffc
0017bd78,0027cb3c
0017bd78,0028a9d0
0017bd78,00294768
0017bd78,002954f4
0017be7c,0027c47c
0017be7c,0027c630
0017be7c,0027cb3c
0017be7c,0028fc40
0017be7c,00293cdc
0017be7c,002954f4
0017be7c,002a7030
0017be7c,002a8ffc
0017bf78,0027c918
0017bf78,0027c978
0017bf78,0027cb3c
0017bf78,002954f4
0017bf78,002a7030
0017bf78,002a8ffc
0017c044,0027cb3c
0017c044,0027cbb0
0017c044,0027ccb0
0017c044,00294750
0017c044,002954f4
0017c044,00295d80
0017c044,002a7030
0017c044,002a8ffc
0017c158,0027c3a8
0017c158,0027c45c
0017c158,0027c47c
0017c158,0027cb3c
0017c158,00294b24
0017c158,002954f4
0017c158,002a8ffc
0017c260,0027c45c
0017c260,0027c47c
0017c260,0027d480
0017c260,0028cc54
0017c260,002a8ffc
0017c2bc,0027c8f0
0017c2bc,0027c918
0017c2bc,0027cb3c
0017c2bc,0027d480
0017c2bc,0028cc54
0017c2bc,002954f4
0017c2bc,002a8ffc
0017c39c,0027cb3c
0017c39c,0028a9d0
0017c39c,00294768
0017c39c,00294b24
0017c39c,002954f4
0017c484,0027cb3c
0017c484,0028f1d0
0017c484,0028f2bc
0017c484,002954f4
0017c504,0027cb3c
0017c504,00294750
0017c504,002954f4
0017c504,00295d80
0017c5c8,0027cb3c
0017c5c8,00280c94
0017c5c8,00294bd8
0017c5c8,002954f4
0017c5c8,002a7f5c
0017c6d0,0027c37c
0017c6d0,0027c394
0017c6d0,0027cb3c
0017c6d0,0028e64c
0017c6d0,00294b24
0017c6d0,002954f4
0017c7d8,0027cb3c
0017c7d8,0028f1d0
0017c7d8,0028f2bc
0017c7d8,002954f4
0017c8b0,0027cb3c
0017c8b0,0027cbb0
0017c8b0,0027ccb0
0017c8b0,002892a4
0017c8b0,0028f2bc
0017c8b0,002954f4
0017c8b0,002a7030
0017c8b0,002a8ffc
0017c988,002892a4
0017c988,0028f2bc
0017c988,00295d80
0017c9d4,0027d480
0017c9d4,0028cc54
0017c9d4,0028d6b0
0017c9d4,0028e630
0017c9d4,002a8ffc
0017ca30,0027cb3c
0017ca30,00294348
0017ca30,00294394
0017ca30,002954f4
0017cb14,0027c338
0017cb14,0027cb3c
0017cb14,0027de64
0017cb14,0027deb4
0017cb14,00280c94
0017cb14,0028cc54
0017cb14,0028d6b0
0017cb14,0028d7b0
0017cb14,0028f01c
0017cb14,0028f158
0017cb14,00294334
0017cb14,00294348
0017cb14,002954f4
0017cb14,002a7030
0017cb14,002a7f5c
0017cb14,002a8ffc
0017cb14,002e8638
0017ce84,0027d480
0017ce84,0028cc54
0017ce84,0028f1d0
0017ce84,0028f2bc
0017cee0,0027cb3c
0017cee0,00294bd8
0017cee0,002954f4
0017cf80,0027cb3c
0017cf80,00281380
0017cf80,0028fc40
0017cf80,002954f4
0017d044,0027cb3c
0017d044,00294348
0017d044,00294394
0017d044,002954f4
0017d128,0027bbcc
0017d128,0027bce0
0017d128,0027c114
0017d128,0027c1cc
0017d128,0027cb3c
0017d128,00294334
0017d128,002954f4
0017d128,00299bd0
0017d128,00299c28
0017d128,00299c38
0017d128,002a7030
0017d128,002a8ffc
0017d258,0027c338
0017d258,0027cb3c
0017d258,0027cbb0
0017d258,0027de64
0017d258,0027deb4
0017d258,00280c94
0017d258,0028cc54
0017d258,0028d6b0
0017d258,0028d7b0
0017d258,0028f01c
0017d258,0028f158
0017d258,002954f4
0017d258,00295d80
0017d258,002a7030
0017d258,002a7f5c
0017d258,002a8ffc
0017d258,002e8638
0017d258,0036fde4
0017d258,0036fe0c
0017d638,0027cb3c
0017d638,002812dc
0017d638,00287590
0017d638,002954f4
0017d750,0027d480
0017d750,002812dc
0017d750,0028cc54
0017d790,002812dc
0017d790,00295d80
0017d7cc,0017d7dc
0017d7cc,002a8ffc
0017d7dc,0027bbcc
0017d7dc,0027c47c
0017d7dc,0027c918
0017d7dc,0027cbb0
0017d7dc,0027de00
0017d7dc,00289a3c
0017d7dc,00289b54
0017d7dc,0028d6b0
0017d7dc,0028ee48
0017d7dc,00293e74
0017d7dc,00293f64
0017d7dc,00293fa4
0017d7dc,00296060
0017d7dc,002a8ffc
0017d940,0027bb38
0017d940,002812dc
0017d940,002954f4
0017da30,00294750
0017da30,00295d80
0017da6c,0027bb38
0017da6c,00280454
0017da6c,0028d174
0017da6c,00294348
0017da6c,00294394
0017da6c,002954f4
0017dc60,0027bb38
0017dc60,00294bd8
0017dc60,002954f4
0017dcf8,002812dc
0017dd24,0027b848
0017dd24,0027b8f0
0017dd24,0027bb38
0017dd24,00294334
0017dd24,00294348
0017dd24,002954f4
0017dd24,002a7030
0017dd24,002a8ffc
0017de0c,001617e0
0017de0c,0027b848
0017de0c,0027bb38
0017de0c,002954f4
0017de0c,00295d80
0017de0c,002a8ffc
0017df00,0027bb38
0017df00,0028a9d0
0017df00,00294768
0017df00,002954f4
0017dfd8,0027b680
0017dfd8,0027b724
0017dfd8,0027b7e4
0017dfd8,0027b81c
0017dfd8,0027b838
0017dfd8,0027b848
0017dfd8,0027b8f0
0017dfd8,0027bb38
0017dfd8,00294768
0017dfd8,002954f4
0017dfd8,00295d80
0017dfd8,002a7030
0017dfd8,002a8ffc
0017e220,0027bb38
0017e220,00294348
0017e220,00294394
0017e220,002954f4
0017e320,0027bb38
0017e320,0028a9d0
0017e320,00294768
0017e320,002954f4
0017e3f8,0027b5b8
0017e3f8,0027b61c
0017e3f8,0027b664
0017e3f8,0027bb38
0017e3f8,0027d884
0017e3f8,00281478
0017e3f8,00289cec
0017e3f8,0028a2b8
0017e3f8,002942d4
0017e3f8,00294320
0017e3f8,00295ee4
0017e3f8,00295f04
0017e3f8,00295f10
0017e3f8,0029a3f4
0017e3f8,002a6030
0017e3f8,002a6188
0017e5f8,0027e890
0017e5f8,00295f04
0017e5f8,00295f10
0017e5f8,002965a8
0017e5f8,002965d8
0017e5f8,00296618
0017e5f8,002a6188
0017e5f8,002a7030
0017e838,00283654
0017e838,00295f80
0017e838,00296060
0017e838,002a8ffc
0017e8a8,00291f20
0017e8d8,0027ed28
0017e8d8,0028383c
0017e8d8,002917b4
0017e8d8,00291810
0017e8d8,00295f04
0017e8d8,00295f10
0017e8d8,00296200
0017e8d8,002965a8
0017e8d8,002965d8
0017e8d8,00296618
0017e8d8,002a6188
0017e8d8,002a7030
0017e8d8,002f3764
0017ecb0,00283654
0017ecb0,00295f80
0017ecb0,00296060
0017ecb0,002a8ffc
0017ecfc,0027b4f0
0017ecfc,002876f0
0017ed3c,0027b484
0017ed3c,0027b4f0
0017ed3c,0027ece8
0017ed3c,002876f0
0017ed3c,00292d1c
0017ed3c,00293460
0017edc8,0027b4f0
0017edc8,00292d1c
0017edc8,00293460
0017ee30,00286fdc
0017ee30,0028e64c
0017ee30,002954f4
0017ee30,002a7030
0017ef2c,0027b484
0017ef2c,0027ea6c
0017efe0,00286fdc
0017efe0,00295d80
0017f018,0027b484
0017f018,002876f0
0017f074,0028f1d0
0017f074,0028f2bc
0017f074,002954f4
0017f074,002a7030
0017f160,00287048
0017f160,002870b0
0017f160,00293510
0017f160,002954f4
0017f160,002a7030
0017f248,0027b484
0017f248,00286f54
0017f248,00286fdc
0017f248,002954f4
0017f248,002a7030
0017f330,0017e5f8
0017f330,0017e8d8
0017f330,0027b484
0017f330,0027e61c
0017f330,0027e6f4
0017f330,0027ea6c
0017f330,00286a68
0017f330,00286ad0
0017f330,00286d64
0017f330,0028cb80
0017f330,0028eea0
0017f330,00291810
0017f330,00291fa8
0017f330,002923f8
0017f330,00292600
0017f330,00292620
0017f330,00295f04
0017f330,00295f10
0017f330,002965a8
0017f330,002965d8
0017f330,00296618
0017f330,002a6030
0017f330,002a6188
0017f330,002a7030
0017f330,002a7f5c
0017f330,002a7f64
0017f330,002f3764
0017f330,003ace78
0018008c,00287048
0018008c,002870b0
0018008c,002954f4
0018008c,002a7030
00180164,0023fef4
00180164,00286904
00180164,00291304
00180164,00291668
00180164,00293064
00180164,002f3764
0018020c,00180448
00180224,00180448
00180224,002876f0
00180264,0023fef4
00180264,0027ece8
00180264,00286904
00180264,00291304
00180264,00291668
00180264,00291f20
00180264,00293064
00180264,002f3764
00180394,00286fdc
00180394,00295d80
001803cc,002876f0
001803cc,00291f20
00180448,0027ece8
00180448,002876f0
00180448,00291f20
00180448,002954f4
00180448,002a7030
0018052c,0027ece8
0018052c,00286fdc
0018052c,00291f20
0018052c,002954f4
0018052c,002a7030
00180620,0027b424
00180620,0027e61c
00180620,0027ece8
00180620,00281674
00180620,0028689c
00180620,00286a68
00180620,00286ad0
00180620,00286d64
00180620,00286f54
00180620,00290204
00180620,00291304
00180620,00291810
00180620,00291f20
00180620,002923f8
00180620,00292620
00180620,00292b60
00180620,00292c10
00180620,0029373c
00180620,00293814
00180620,00295f04
00180620,00295f10
00180620,00296200
00180620,002965a8
00180620,002965d8
00180620,00296618
00180620,002a6030
00180620,002a6188
00180620,002a7030
00180620,002f3764
00180dfc,00291f20
00180e1c,00291884
00180e28,00291810
00180e28,002923f8
00180e28,00295f04
00180e28,00295f10
00180e28,00296200
00180e28,00296618
00180e28,002a6188
00180e28,002a7030
00180e28,002f3764
001810e8,00295f80
001810e8,00296060
001810e8,002a8ffc
00181148,00182138
00181148,0027b1b4
00181148,0027b350
00181148,0027b3b0
00181148,00286a68
00181148,00286d64
00181148,00287714
00181148,0028cb80
00181148,002923f8
00181148,00294334
00181148,002954f4
00181148,00296618
00181148,002a7030
00181148,002f3764
001813b8,00182138
001813b8,0027b1b4
001813b8,0027b3b0
001813b8,00286a68
001813b8,00286fdc
001813b8,002954f4
001814c4,0027b3b0
001814c4,0028a9d0
001814c4,002954f4
00181560,00180e28
00181560,0027b034
00181560,00290204
00181560,002965a8
00181560,002965d8
00181560,002a7030
00181560,002f3764
00181760,0027afb8
00181760,0027b350
00181760,0027b3b0
00181760,002954f4
00181868,0027ad60
00181868,0027ae7c
00181868,0027af18
00181868,0027b034
00181868,00290204
00181868,0029024c
00181868,00290264
00181868,002912e8
00181868,00292b60
00181868,002965a8
00181868,002965d8
00181868,002a7030
00181868,002f3764
00181a3c,0027afb8
00181a3c,0027b350
00181a3c,0027b3b0
00181a3c,002954f4
00181a3c,00369518
00181a3c,0036963c
00181b08,0027ad60
00181b08,0027ae7c
00181b08,0027af18
00181b08,0027b034
00181b08,00290204
00181b08,0029024c
00181b08,00290264
00181b08,002912e8
00181b08,00292b60
00181b08,002965a8
00181b08,002965d8
00181b08,002a7030
00181b08,002f3764
00181d3c,0027b3b0
00181d3c,00287048
00181d3c,002954f4
00181dbc,0027b3b0
00181dbc,00287048
00181dbc,002954f4
00181e3c,00296060
00181e3c,002a8ffc
00181e5c,00286fdc
00181e5c,00295d80
00181e98,0027afb8
00181e98,0027b350
00181e98,0027b3b0
00181e98,00286fdc
00181e98,002954f4
00181f30,0027b3b0
00181f30,00294768
00181f30,002954f4
00181fb4,00294750
00181fb4,00295d80
00181fe0,0027b3b0
00181fe0,00294348
00181fe0,00294394
00181fe0,002954f4
00182114,00296060
00182114,002a8ffc
00182138,00181458
00182138,00181560
00182138,00181868
00182138,00181b08
00182138,001a4c18
00182138,0027abf0
00182138,00281674
00182138,002a7030
00182380,0027b3b0
00182380,0028689c
00182380,0029093c
00182380,00291810
00182380,002942d4
00182380,00294320
00182380,00294bd8
00182380,00295ee4
00182380,00295f04
00182380,00295f10
00182380,00299c38
00182380,0029e630
00182380,002a6030
00182380,002a6188
00182380,002eb318
00182380,0030a90c
00182380,0036bebc
001826b4,00291f20
001826b4,002954f4
001826b4,002a7030
001827b8,002954f4
001827b8,002a7030
00182898,00295d80
001828c8,00291f20
001828c8,002954f4
001828c8,002a7030
001829e8,0023ffe4
001829e8,0027abbc
001829e8,00281ab0
001829e8,00291810
001829e8,00291f20
001829e8,002923f8
001829e8,00292c10
001829e8,00295ee4
001829e8,00295f04
001829e8,00295f10
001829e8,00296200
001829e8,00296618
001829e8,00299bd0
001829e8,00299c28
001829e8,00299c38
001829e8,0029e630
001829e8,002a6030
001829e8,002a6188
001829e8,002a7030
001829e8,002f3764
001829e8,0036fae4
00182ea0,00291f20
00182ec0,0028367c
00182ec0,00283784
00182ec0,0028383c
00182ec0,002917a4
00182ec0,002917b4
00182ec0,00291810
00182ec0,00292c10
00182ec0,00296200
00182ec0,002965d8
00182ec0,00296618
00182ec0,002a7030
00182ec0,002ebd6c
00182ec0,002ee808
00182ec0,002f3764
0018318c,00283654
0018318c,0028f45c
0018318c,00293e74
0018318c,00293fa4
0018318c,00295f80
0018318c,00296060
0018318c,002a8ffc
0018318c,002ee808
00183260,00184790
00183260,0027ab48
00183260,00294bd8
00183260,002a6030
00183434,0027ab48
00183434,0028a9d0
00183434,00294768
00183434,002954f4
00183514,00294750
00183514,00295d80
00183550,0027ab48
00183550,00294348
00183550,00294394
00183550,002954f4
00183550,002a7f5c
00183550,002a7f64
00183938,00184980
00183938,00185a5c
00183938,0027ab48
00183938,002954f4
00183938,002a7030
00183938,002a7f5c
00183938,002a7f64
00183938,002a8ffc
00183c80,00183938
00183c80,00294334
00183ca8,0027ab48
00183ca8,002942d4
00183ca8,00294320
00183ca8,00294bd8
00183ca8,00295ee4
00183ca8,00295f04
00183ca8,00295f10
00183ca8,00299c38
00183ca8,002a6030
00183ca8,002a6188
00183ca8,002a7f64
00183ca8,0030a9b0
00183f50,0027aab8
00183f50,00292984
00183f98,001829e8
00183f98,0027a970
00183f98,0027a9e4
00183f98,0027aa40
00183f98,0027ece8
00183f98,00292984
00183f98,00292d1c
00183f98,00293460
00183f98,002954f4
00183f98,002a7030
00183f98,002a8ffc
001840d4,0027aab8
001840d4,00292d1c
001840d4,00293460
00184140,001829a4
00184140,0027a970
00184140,0027a9e4
00184140,0027aa40
00184140,0027aab8
00184140,0027ece8
00184140,00292984
00184140,002954f4
00184140,002a8ffc
00184238,0027a970
00184238,0027aa40
00184238,0027ece8
00184238,0028f158
00184238,00292984
00184238,002954f4
00184344,0027aa40
00184344,0027ea6c
00184344,0027ece8
00184344,00286904
0018441c,0027aa40
0018441c,00292984
00184474,0027a970
00184474,00287048
00184474,002870b0
00184474,00293510
00184474,002954f4
0018450c,00286fdc
0018450c,00295d80
00184544,0027a970
00184544,0027aa40
00184544,0027ece8
00184544,00286f54
00184544,00286fdc
00184544,00293510
00184544,002954f4
001845ec,0027a970
001845ec,00286fdc
001845ec,0028e64c
001845ec,002954f4
00184694,0027a970
00184694,0028f1d0
00184694,0028f2bc
00184694,002954f4
00184710,0027a970
00184710,0028f2bc
00184710,002954f4
001847b8,0027a970
001847b8,0028f1d0
001847b8,0028f2bc
001847b8,00291884
001847b8,002954f4
00184894,0027a970
00184894,0027aa40
00184894,0027ece8
00184894,002892a4
00184894,0028f2bc
00184894,00292984
00184894,002954f4
00184934,0027aab8
00184934,002892a4
00184934,0028f2bc
00184980,00182ec0
00184980,0027a928
00184980,0027a970
00184980,0027aa40
00184980,0027e0d8
00184980,0027e120
00184980,0027e61c
00184980,0027e6f4
00184980,0027e710
00184980,0027e890
00184980,0027ea6c
00184980,0027ece8
00184980,00281674
00184980,0028202c
00184980,00282090
00184980,00282298
00184980,0028689c
00184980,00286904
00184980,00286a68
00184980,00286d64
00184980,0028eea0
00184980,0029179c
00184980,00291810
00184980,002923f8
00184980,00292600
00184980,00292620
00184980,00292ee0
00184980,002942d4
00184980,00295f04
00184980,00295f10
00184980,00296060
00184980,00296200
00184980,002965a8
00184980,002965d8
00184980,00296618
00184980,002a6030
00184980,002a6188
00184980,002a7030
00184980,002a7f5c
00184980,002a7f64
00184980,002a8ffc
00184980,002f3764
00185a5c,0027a9e4
00185a5c,0027e120
00185a5c,00286a10
00185a5c,0028ee48
00185a5c,00291f60
00185a5c,00293e74
00185a5c,00293f64
00185a5c,00293fa4
00185a5c,00295f80
00185a5c,00296060
00185a5c,002a7f5c
00185a5c,002a8ffc
00185cf4,0027a6f0
00185cf4,0027a89c
00185cf4,0027a910
00185cf4,0027ece8
00185cf4,00287330
00185cf4,00291f20
00185cf4,002954f4
00185cf4,002a7030
00185cf4,002a8ffc
00185cf4,00355670
00185eec,0027a644
00185eec,0027a89c
00185eec,0027a910
00185eec,0027ece8
00185eec,00280c94
00185eec,00291f20
00185eec,002954f4
00185eec,0029a238
00185fec,0027a910
00185fec,00291f20
001860b4,0027a89c
001860b4,00287048
001860b4,002954f4
00186134,00286fdc
00186134,00295d80
00186170,0027a89c
00186170,0027a910
00186170,0027ece8
00186170,00286fdc
00186170,00291f20
00186170,002954f4
00186248,0027a89c
00186248,0028a9d0
00186248,00294768
00186248,002954f4
00186344,0027a644
00186344,0027a6f0
00186344,0027a89c
00186344,0027a910
00186344,0027ece8
00186344,00280c94
00186344,00291884
00186344,00291f20
00186344,002954f4
00186344,0029a238
00186344,0029a29c
00186344,0029a360
00186344,002a8ffc
00186344,00355630
00186344,0038174c
0018657c,0027a630
0018657c,0027a89c
0018657c,00286a68
0018657c,00291884
0018657c,00294750
0018657c,002954f4
00186620,0027a618
00186620,0027a89c
00186620,0027a910
00186620,0027ece8
00186620,00286fdc
00186620,00291f20
00186620,00292c10
00186620,002954f4
00186620,0029a238
00186620,0029a29c
00186620,0029a360
00186620,002f3764
001867a4,0027a89c
001867a4,00287048
001867a4,002954f4
00186824,0027a618
00186824,0027a89c
00186824,0027a910
00186824,0027ece8
00186824,0028a438
00186824,00291f20
00186824,00292c10
00186824,002954f4
00186824,0029a238
00186824,0029a29c
00186824,0029a360
00186824,002f1700
00186824,002f3764
001869b0,0027a89c
001869b0,00286fdc
001869b0,00294bd8
001869b0,002954f4
00186a68,0027a89c
00186a68,00294348
00186a68,00294394
00186a68,002954f4
00186b4c,0027a644
00186b4c,00294334
00186b4c,00294348
00186b90,00188850
00186b90,001888e0
00186b90,00286904
00186c54,00186fe4
00186c54,00292d1c
00186c54,00293460
00186c54,0036fe5c
00186ce8,00186fe4
00186ce8,002876f0
00186d28,0027a204
00186d28,002876f0
00186d28,00291f20
00186dcc,00287048
00186dcc,002870b0
00186dcc,002954f4
00186dcc,002a7030
00186ea0,00286fdc
00186ea0,00295d80
00186ed8,0027a204
00186ed8,0027ece8
00186ed8,00286f54
00186ed8,00286fdc
00186ed8,00291f20
00186ed8,002954f4
00186ed8,002a7030
00186fe4,0027a204
00186fe4,0027ece8
00186fe4,002876f0
00186fe4,00291f20
00186fe4,002954f4
00186fe4,002a7030
001870d8,00279568
001870d8,00294348
001870d8,002954f4
001870d8,002a7030
001871c4,00279568
001871c4,002802cc
001871c4,002803c0
001871c4,00295d80
001872c0,00294768
001872c0,002954f4
001872c0,002a7030
00187394,00294750
00187394,00295d80
001873d0,00279568
001873d0,00294348
001873d0,00294394
001873d0,002954f4
001873d0,002a7030
00187558,0027ee38
00187558,0027f020
00187558,00294334
00187558,00294348
00187558,002954f4
00187558,00299c38
00187558,002a7030
00187558,002a8ffc
00187700,00289cec
00187700,0028a2b8
00187700,0028eea0
00187700,002942d4
00187700,00294320
00187700,00294bd8
00187700,00295ee4
00187700,00295f04
00187700,00295f10
00187700,002a6030
00187700,002a6188
00187700,002a7030
00187700,003490d8
00187930,001720a8
00187930,00279248
00187930,00279350
00187930,002793c4
00187930,002954f4
00187930,002955d0
00187930,00295d80
00187930,002a7030
00187930,002a8ffc
00187930,0036fbc0
00187930,0036fbc8
00187930,0036fbdc
00187930,0036fbf0
00187930,0036fc10
00187b78,00279350
00187b78,0028a9d0
00187b78,00294768
00187b78,002954f4
00187c50,00294750
00187c50,00295d80
00187c8c,00279350
00187c8c,00294348
00187c8c,00294394
00187c8c,002954f4
00187d64,00176738
00187d64,00279350
00187d64,002793c4
00187d64,002946f8
00187d64,002954f4
00187d64,002955d0
00187d64,002a7030
00187d64,002a8ffc
00187eb8,00176738
00187eb8,00279350
00187eb8,002793c4
00187eb8,00294334
00187eb8,00294348
00187eb8,002954f4
00187eb8,002a7030
00187eb8,002a8ffc
00187fec,00279248
00187fec,002942d4
00187fec,00294320
00187fec,00295ee4
00187fec,00295f04
00187fec,00295f10
00187fec,00299c38
00187fec,002a6188
00187fec,00349170
00188134,001798d8
00188134,00278e44
00188134,002790a4
00188134,002954f4
00188134,00295d80
00188134,002a7030
00188134,002a8ffc
00188134,0036fc3c
00188278,00178668
00188278,001797dc
00188278,0017adf8
00188278,00278ce8
00188278,00278e44
00188278,002790a4
00188278,002954f4
00188278,00295d80
00188278,0029a360
00188278,002a7030
00188278,002a7f5c
00188278,002a8ffc
00188278,0036fc60
0018850c,00177f20
0018850c,001798d8
0018850c,00278ce8
0018850c,00278e44
0018850c,0027ddc8
0018850c,00294068
0018850c,002954f4
0018850c,002a7030
0018850c,002a8ffc
0018850c,0036fc8c
00188708,00178668
00188708,002790a4
00188708,002a6030
00188708,002a6188
00188708,002a7030
00188708,002a8ffc
00188850,0023fef4
00188850,00293064
001888e0,00292a24
00188a08,00295d80
00188a30,00278c74
00188a30,002a6030
00188ab4,002876f0
00188ab4,00291f20
00188ab4,00295d80
00188b1c,00278c68
00188b1c,00286904
00188b1c,00291f20
00188bf8,001d2bc8
00188bf8,001d3d28
00188bf8,001d41f8
00188bf8,001d4850
00188bf8,00278c74
00188bf8,00281674
00188bf8,00286a68
00188bf8,00286ad0
00188bf8,00286f34
00188bf8,00286f54
00188bf8,002875c0
00188bf8,002876f0
00188bf8,00287714
00188bf8,0028cb80
00188bf8,0028d0d0
00188bf8,00291f20
00188bf8,002923f8
00188bf8,00296200
00188bf8,00296618
00188bf8,0029a3d0
00188bf8,002a6030
00188bf8,002a7030
00188bf8,002f3764
00189384,00278c74
00189384,00287048
00189384,002870b0
00189384,002954f4
00189410,00286fdc
00189410,00295d80
0018944c,001c0f20
0018944c,00278c74
0018944c,00287048
0018944c,002870b0
0018944c,002876f0
0018944c,0028a468
0018944c,00291f20
0018944c,002954f4
0018944c,00299c28
0018944c,002a7030
0018944c,002a8ffc
0018957c,00278c74
0018957c,00286fdc
0018957c,002876f0
0018957c,00291f20
0018957c,002954f4
0018962c,0021ec98
0018962c,00278c58
0018962c,00278c64
0018962c,00278c74
0018962c,00286fdc
0018962c,002954f4
00189710,0014ec68
00189710,00278c74
00189710,00286f34
00189710,002875c0
00189710,0028f158
00189710,002a6030
00189870,00278c74
00189870,002954f4
00189934,001d41dc
00189934,0021ec98
00189934,00278c58
00189934,00278c64
00189934,00278c74
00189934,00286a68
00189934,00286f54
00189934,0028a468
00189934,002954f4
00189934,002a8ffc
00189934,00370d70
00189a54,00278c74
00189a54,00286fdc
00189a54,002876f0
00189a54,00291f20
00189a54,002954f4
00189b04,00278c74
00189b04,002892a4
00189b04,0028f1d0
00189b04,0028f2bc
00189b04,002954f4
00189b04,00295d80
00189ba8,00278c74
00189ba8,0028f2bc
00189ba8,002a6030
00189c6c,002789a0
00189c6c,002954f4
00189ce8,002788d8
00189ce8,002789a0
00189ce8,002954f4
00189d50,002786f8
00189d50,002789a0
00189d50,00294bd8
00189d50,002954f4
00189d50,00295d80
00189d50,002a8ffc
00189e28,002789a0
00189e28,00294394
00189e28,002954f4
00189ea8,00278690
00189ea8,002789a0
00189ea8,0028a9d0
00189ea8,00294334
00189ea8,00294348
00189ea8,00294768
00189ea8,002954f4
00189ea8,00295d80
0018a04c,002789a0
0018a04c,0028a45c
0018a04c,002954f4
0018a12c,00294750
0018a12c,00295d80
0018a160,00278240
0018a160,002783c0
0018a160,00278460
0018a160,00278500
0018a160,00278634
0018a160,0027864c
0018a160,00278660
0018a160,00278690
0018a160,002789a0
0018a160,0027a5f0
0018a160,00280c94
0018a160,002954f4
0018a160,0029a238
0018a160,002a0964
0018a160,002a7030
0018a160,002a8ffc
0018a608,00277da8
0018a654,00277d60
0018a654,00277d9c
0018a654,00277da8
0018a654,00280e90
0018a6d8,00277ce8
0018a6d8,00277d9c
0018a6d8,0037d858
0018a6d8,0037db84
0018a734,002773f8
0018a734,00277750
0018a734,00277ab0
0018a734,00277af4
0018a734,00277b00
0018a734,00277c7c
0018a734,00277c90
0018a734,00277ca4
0018a734,00277da8
0018a844,002a4f08
0018a8cc,0018a6d8
0018a920,0018a608
0018a920,002771ac
0018a920,002772c8
0018a920,00277ce8
0018a920,00295d80
0018aa18,00277c7c
0018aa18,00277ca4
0018aa18,002ea360
0018aa44,00277368
0018aa44,00277390
0018aa44,002773f4
0018aa44,002a8ffc
0018aa44,002ea37c
0018aa90,0018a734
0018aa90,00277368
0018aa90,002773f8
0018aa90,00277ab0
0018aa90,00277b00
0018aa90,00277c7c
0018aa90,00277ca4
0018aa90,00277d9c
0018aa90,00277da8
0018aa90,0029e630
0018aa90,002a6030
0018aa90,002a6188
0018aa90,002a7030
0018aa90,002a8ffc
0018aa90,002eeb30
0018aa90,0037dad4
0018ad60,002eea74
0018ad7c,00277090
0018ad7c,00277da8
0018ae00,00277090
0018ae00,002771ac
0018ae00,00277ce8
0018ae00,00277da8
0018aeac,00277090
0018aeac,002773f8
0018aeac,00277750
0018aeac,00277ab0
0018aeac,00277af4
0018aeac,00277b00
0018aeac,00277c7c
0018aeac,00277c90
0018aeac,00277ca4
0018aeac,00277da8
0018b0dc,00277d60
0018b168,00277058
0018b168,0027707c
0018b168,002773f8
0018b168,00277750
0018b200,0027707c
0018b200,002773f8
0018b200,00277ab0
0018b200,00277af4
0018b200,00277b00
0018b200,00277c7c
0018b200,00277c90
0018b200,00277ca4
0018b200,00277da8
0018b200,002a7030
0018b200,002ebe54
0018b200,002eeb30
0018b3a4,00277058
0018b3a4,0037d800
0018b428,00277058
0018b428,00295d80
0018b428,0037d800
0018b470,002a6030
0018b470,002a6188
0018b470,002a7030
0018b584,00276fe4
0018b584,00280de8
0018b584,00280e90
0018b584,00280ed0
0018b584,002954f4
0018b724,0018b168
0018b724,00276fe4
0018b724,002954f4
0018b78c,0018aa78
0018b78c,0018ae00
0018b78c,00276fe4
0018b78c,00287048
0018b78c,00291f20
0018b78c,00294b24
0018b78c,002954f4
0018b78c,0036fea0
0018b8f4,00276fe4
0018b8f4,00286fdc
0018b8f4,00294768
0018b8f4,002954f4
0018b8f4,00295d80
0018b9d0,0018aa90
0018b9d0,0018ad60
0018b9d0,0018aeac
0018b9d0,0018b200
0018b9d0,0018b470
0018b9d0,0023fef4
0018b9d0,0023ffe4
0018b9d0,00276fe4
0018b9d0,00281208
0018b9d0,0028123c
0018b9d0,00281280
0018b9d0,002812d8
0018b9d0,00286a68
0018b9d0,0028cb80
0018b9d0,0028cc54
0018b9d0,0028cd1c
0018b9d0,002908d0
0018b9d0,00291f20
0018b9d0,002923f8
0018b9d0,00292c10
0018b9d0,00296200
0018b9d0,0029654c
0018b9d0,002965a8
0018b9d0,002965d8
0018b9d0,00296618
0018b9d0,002a6030
0018b9d0,002a7030
0018b9d0,002a8ffc
0018b9d0,002e9b08
0018b9d0,002e9b94
0018b9d0,002f10b8
0018b9d0,002f21fc
0018b9d0,002f2608
0018b9d0,002f3764
0018bf8c,00276fe4
0018bf8c,002908d0
0018bf8c,00291f20
0018bf8c,002930d0
0018bf8c,002954f4
0018bf8c,0036febc
0018c07c,00294750
0018c07c,00295d80
0018c0b4,00276fe4
0018c0b4,00294394
0018c0b4,002954f4
0018c134,0018ad7c
0018c134,0018b428
0018c134,00276fe4
0018c134,002954f4
0018c134,0036feb4
0018c1b4,0018b9d0
0018c1b4,00294334
0018c1b4,00294348
0018c1e4,00276fe4
0018c1e4,00277ce0
0018c1e4,00287048
0018c1e4,002954f4
0018c268,00286fdc
0018c268,00295d80
0018c2b0,0018b9d0
0018c2b0,00276fe4
0018c2b0,0028cf70
0018c2b0,00291810
0018c2b0,002942d4
0018c2b0,00294320
0018c2b0,00294b84
0018c2b0,00294bd8
0018c2b0,00295ee4
0018c2b0,00295f04
0018c2b0,00295f10
0018c2b0,002a6030
0018c2b0,002a6188
0018c2b0,002e9c58
0018c2b0,002f1148
0018c2b0,002f2f54
0018c52c,00276d68
0018c52c,00292ee0
0018c52c,002965d8
0018c5ac,0018ca50
0018c5ac,00292d1c
0018c5ac,00293460
0018c610,0018ca50
0018c610,00292984
0018c650,001940bc
0018c650,00276fdc
0018c650,00291f20
0018c76c,00194160
0018c76c,00276f68
0018c76c,002870b0
0018c76c,00293510
0018c76c,002954f4
0018c868,00295d80
0018c89c,00276f68
0018c89c,00276fdc
0018c89c,00286a68
0018c89c,00286f54
0018c89c,00291f20
0018c89c,002954f4
0018c9cc,00276f68
0018c9cc,0028e64c
0018c9cc,002954f4
0018ca50,00276f68
0018ca50,00276fdc
0018ca50,00291f20
0018ca50,00292984
0018ca50,00293510
0018ca50,002954f4
0018cb14,00276f68
0018cb14,00276fdc
0018cb14,00286f54
0018cb14,00286fdc
0018cb14,00291f20
0018cb14,002954f4
0018cbec,0028f1d0
0018cbec,0028f2bc
0018cbec,00295d80
0018cc38,001940bc
0018cc38,00194188
0018cc38,0023ffe4
0018cc38,00276f68
0018cc38,00276fdc
0018cc38,0028202c
0018cc38,00282090
0018cc38,00282298
0018cc38,00285df0
0018cc38,0028cd0c
0018cc38,0028eea0
0018cc38,00290cb8
0018cc38,00291810
0018cc38,00291f20
0018cc38,00292600
0018cc38,00292620
0018cc38,00292ee0
0018cc38,00295ee4
0018cc38,00295f04
0018cc38,00295f10
0018cc38,00295f50
0018cc38,00296060
0018cc38,00296200
0018cc38,002965a8
0018cc38,002965d8
0018cc38,00296618
0018cc38,00299c38
0018cc38,002a6030
0018cc38,002a6188
0018cc38,002a7030
0018cc38,002a7f5c
0018cc38,002a7f64
0018cc38,003615b8
0018cc38,00381dcc
0018d6c8,003011c0
0018d6ec,00290f90
0018d6ec,002923f8
0018d6ec,002965d8
0018d6ec,002f3764
0018d914,00290f90
0018d914,002923f8
0018d914,00295d80
0018d914,002965d8
0018d914,002a8ffc
0018d914,002f3764
0018db18,001914f0
0018db18,00276e04
0018db18,002814fc
0018db18,0028367c
0018db18,00283784
0018db18,00289100
0018db18,0028915c
0018db18,00289c5c
0018db18,0028a45c
0018db18,0028fa04
0018db18,00290f90
0018db18,0029114c
0018db18,00292c10
0018db18,00293ca4
0018db18,00294320
0018db18,00295ee4
0018db18,00295f04
0018db18,00295f10
0018db18,002965d8
0018db18,002a6030
0018db18,002a6188
0018db18,002a7030
0018db18,002ebd6c
0018db18,002ee808
0018db18,002f3764
0018dfac,0018dfbc
0018dfac,002a8ffc
0018dfbc,00191a30
0018dfbc,002890b0
0018dfbc,0028f45c
0018dfbc,00293e74
0018dfbc,00293fa4
0018dfbc,00296060
0018dfbc,002ee808
0018e1c4,00191a98
0018e1c4,00295f04
0018e1c4,00295f10
0018e1c4,002a6188
0018e1c4,002a7f5c
0018e1c4,002a7f64
0018e1c4,00370a40
0018e1c4,00370a4c
0018e32c,00192044
0018e32c,002a8ffc
0018e354,0023fef4
0018e354,00293064
0018e3e4,00276d70
0018e588,0023ffe4
0018e588,002917a4
0018e588,002917b4
0018e588,00291810
0018e588,002923f8
0018e588,00292600
0018e588,00292c10
0018e588,00292ee0
0018e588,00295ee4
0018e588,00295f04
0018e588,00295f10
0018e588,00296200
0018e588,002965a8
0018e588,002965d8
0018e588,00296618
0018e588,002a6188
0018e588,002a7030
0018e588,002a7f5c
0018e588,002a7f64
0018e588,002f3764
0018ed14,00293e74
0018ed14,00295f80
0018ed14,00296060
0018ed14,002a7f5c
0018ed14,002a8ffc
0018eddc,00295f48
0018ee08,00276d5c
0018ee08,00286650
0018ee08,002965d8
0018eea8,0023ffe4
0018eea8,00295f48
0018eea8,00296618
0018ef20,0023ffe4
0018ef20,00276d5c
0018ef20,00286650
0018ef20,00291294
0018ef20,002965d8
0018f1b0,00294320
0018f1b0,00295ee4
0018f1b0,00295f04
0018f1b0,00295f10
0018f1b0,002a6188
0018f238,0018f4ec
0018f288,00276d58
0018f288,0028f048
0018f288,002954f4
0018f288,002a7030
0018f3ac,00276d50
0018f3ac,00295d80
0018f3f4,00291f20
0018f3f4,002954f4
0018f3f4,002a7030
0018f4ec,00291f20
0018f4ec,002954f4
0018f4ec,002a7030
0018f5d8,00291810
0018f5d8,00295ee4
0018f5d8,00295f04
0018f5d8,00295f10
0018f5d8,002a6188
0018f628,0023fef4
0018f628,0023ffe4
0018f628,00276c58
0018f628,00285df0
0018f628,0028cd0c
0018f628,00291810
0018f628,00291f20
0018f628,002923f8
0018f628,00295ee4
0018f628,00295f04
0018f628,00295f10
0018f628,00296200
0018f628,0029654c
0018f628,002965a8
0018f628,002965d8
0018f628,00296618
0018f628,00299c38
0018f628,0029e630
0018f628,002a6030
0018f628,002a6188
0018f628,002a7030
0018f628,002f3764
0018fb50,0018e3e4
0018fb50,00292ee0
0018fb50,002965d8
0018fbc0,00276be0
0018fbc0,00294394
0018fbc0,002954f4
0018fc4c,00276be0
0018fc4c,0028a9d0
0018fc4c,00294334
0018fc4c,00294768
0018fc4c,002954f4
0018fdc0,00294750
0018fdc0,00295d80
0018fdf8,001909cc
0018fdf8,00292d1c
0018fdf8,00293460
0018fe94,001909cc
0018fe94,002876f0
0018fed4,0018e354
0018fed4,0018e4f4
0018fed4,00276b98
0018fed4,00291f20
0018ffd0,0018e33c
0018ffd0,0018e354
0018ffd0,0018e588
0018ffd0,0018ed14
0018ffd0,0021b50c
0018ffd0,0023ffe4
0018ffd0,00276b98
0018ffd0,00276be0
0018ffd0,00276c58
0018ffd0,00281e18
0018ffd0,00285df0
0018ffd0,00286ad0
0018ffd0,00286ce8
0018ffd0,0028cd0c
0018ffd0,0028d0d0
0018ffd0,0028d410
0018ffd0,00290cb8
0018ffd0,00291f20
0018ffd0,00292ee0
0018ffd0,002930d0
0018ffd0,002954f4
0018ffd0,00295f50
0018ffd0,00296200
0018ffd0,002965d8
0018ffd0,00296618
0018ffd0,002a6030
0018ffd0,002a7030
0018ffd0,002a7f5c
0018ffd0,002a7f64
0018ffd0,002a8ffc
0018ffd0,0037efc0
00190744,0018e504
00190744,00276be0
00190744,00276d58
00190744,002870b0
00190744,0028f048
00190744,00293510
00190744,002954f4
0019084c,00295d80
00190884,00276b98
00190884,00276be0
00190884,00286f54
00190884,00291f20
00190884,002954f4
0019093c,00276be0
0019093c,0028e64c
0019093c,002954f4
001909cc,00276b98
001909cc,00276be0
001909cc,002876f0
001909cc,00291f20
001909cc,002954f4
00190a6c,0028f1d0
00190a6c,0028f2bc
00190a6c,00295d80
00190ac0,0023ffe4
00190ac0,00276be0
00190ac0,0028cd0c
00190ac0,0028eea0
00190ac0,00290cb8
00190ac0,00291810
00190ac0,00292620
00190ac0,002942d4
00190ac0,00294320
00190ac0,00294bd8
00190ac0,00295ee4
00190ac0,00295f04
00190ac0,00295f10
00190ac0,00295f50
00190ac0,00296618
00190ac0,00299c38
00190ac0,0029e630
00190ac0,002a6030
00190ac0,002a6188
00190ac0,003493c8
00190e68,00276a54
00190e68,00276b4c
00190e68,00276b7c
00190e68,002a8278
00190f60,0018e1c4
00190f60,00194470
00190f60,002769f4
00190f60,00276a38
00190f60,00276a54
00190f60,00276b4c
00190f60,002a6030
00190f60,002a6188
00190f60,002a7030
001911f0,00293fa4
0019123c,00291f20
001912c8,00285df0
001912c8,0028cd0c
001912c8,00290c00
001912c8,00290c60
001912c8,00291294
001912c8,00295f50
001912c8,002961f4
00191368,00285df0
00191368,00290c60
00191368,00291294
00191368,002961f4
00191368,002a6030
00191368,002a7030
00191494,00290c00
00191494,00290c60
00191494,00290cb8
00191494,00295d80
001914f0,0023ffe4
001914f0,0027ed28
001914f0,00285df0
001914f0,00290f90
001914f0,002917a4
001914f0,002917b4
001914f0,00291810
001914f0,002923f8
001914f0,00295ee4
001914f0,00295f04
001914f0,00295f10
001914f0,00296200
001914f0,002965d8
001914f0,00296618
001914f0,002a6188
001914f0,002a7030
001914f0,002f3764
00191a30,00293e74
00191a30,00293fa4
00191a30,00295f80
00191a30,00296060
00191a98,00290264
00191a98,002917b4
00191a98,00292b48
00191a98,00292c10
00191a98,00295f04
00191a98,00295f10
00191a98,002965a8
00191a98,002965d8
00191a98,00296618
00191a98,002a6188
00191a98,002a7030
00191a98,002a7f5c
00191a98,002a7f64
00191a98,002f3764
00191a98,0037e064
00192044,00296060
00192044,002a7f5c
00192044,002a8ffc
001920c8,002768f4
001920c8,00276964
001920c8,00276994
001920c8,00292e20
00192130,0027675c
00192130,00276784
00192130,00276814
00192130,00276824
00192130,00276834
00192130,00276994
00192130,00292d1c
00192130,00292e20
00192130,00293460
00192578,0027675c
00192578,00276784
001925c8,00192ef8
001925c8,00276824
001925c8,0027ed28
001925c8,00292b48
001925c8,00292b60
001925c8,002965d8
001925c8,002f3764
001925c8,0036ff58
001926f0,00276520
001926f0,002765b0
001926f0,0027675c
001926f0,00276784
001926f0,00276834
001926f0,002768f4
001926f0,00276994
001926f0,0029270c
001926f0,00292780
001926f0,0029286c
001926f0,00292e20
001926f0,00295f28
001926f0,00369768
00192ef8,0018d6c8
00192ef8,00276824
00192ef8,002965d0
00192ef8,002a8ffc
00192ef8,0036ff00
001930f0,0018ee08
001930f0,00276514
001930f0,00295f48
00193134,00276520
00193180,0018db18
00193180,00191244
00193180,00193cec
00193180,00193d10
00193180,0023fef4
00193180,0023ffe4
00193180,002764cc
00193180,00276520
00193180,00291fa8
00193180,00292034
00193180,00292040
00193180,00292050
00193180,00292600
00193180,00292984
00193180,0029654c
00193180,002965a8
00193180,002965d8
00193180,00296618
00193180,002a6030
00193180,002a7030
00193180,002a7f5c
00193180,002a7f64
00193b0c,00292620
00193b0c,00295ee4
00193b0c,00295f04
00193b0c,00295f10
00193b0c,002a6188
00193ba8,00291f60
00193ba8,00293e74
00193ba8,00293fa4
00193ba8,00296060
00193ba8,002a7f5c
00193cec,001467d0
00193d00,0028d04c
00193d10,001467d0
00193d10,001914f0
00193d10,0021b50c
00193d10,0023ffe4
00193d10,0027643c
00193d10,00289100
00193d10,0028915c
00193d10,00289200
00193d10,0028cdb4
00193d10,00290f90
00193d10,0029114c
00193d10,00295ee4
00193d10,002965d8
00193d10,002a783c
00193d10,002ebd6c
00193d10,002ee808
00193d10,00381dec
00194064,00191a30
00194064,002890b0
00194064,0028f45c
00194064,00293e74
00194064,002a8ffc
001940bc,0023fef4
001940bc,00293064
00194160,00295f48
00194188,0023ffe4
00194188,00290f90
00194188,002917a4
00194188,002917b4
00194188,00291810
00194188,00292c10
00194188,00295ee4
00194188,00295f04
00194188,00295f10
00194188,00296200
00194188,002965d8
00194188,00296618
00194188,002a6188
00194188,002a7030
00194188,002f3764
00194470,00191a98
00194470,00295f04
00194470,00295f10
00194470,002a6188
00194470,002a7f5c
00194470,002a7f64
00194470,00370130
00194470,00370140
001945d8,00192044
001945d8,002a8ffc
001945e8,00291f20
001945e8,002954f4
001945e8,002a7030
001946f4,0027d908
001946f4,002954f4
001946f4,002a7030
00194828,0027ed28
00194828,002919d4
00194828,00291a18
00194828,00291af4
00194828,00291f20
00194828,002954f4
00194828,00295d80
00194828,0029a360
00194828,0029d77c
00194828,002a7030
00194828,002a7f5c
00194828,002a7f64
00194828,002a81f0
00194828,002a9020
00194828,002f3764
00194e78,0023fef4
00194e78,0027a5f0
00194e78,0027d854
00194e78,0027ed28
00194e78,00291810
00194e78,00295f04
00194e78,00295f10
00194e78,00296200
00194e78,0029654c
00194e78,002965a8
00194e78,002965d8
00194e78,00296618
00194e78,002a0964
00194e78,002a6030
00194e78,002a6188
00194e78,002a7030
00194e78,002f3764
001951ec,0027d7c8
001951ec,00293fa4
001951ec,00295f80
001951ec,00296060
00195234,002763b0
00195234,00292984
00195274,002763b0
00195274,00292d1c
00195274,00293460
001952dc,002762a8
001952dc,0027631c
001952dc,002763b0
001952dc,0027ece8
001952dc,0028f158
001952dc,00292984
001952dc,00292d1c
001952dc,00293460
001952dc,002954f4
00195454,002762a8
00195454,00286fdc
00195454,0028e64c
00195454,002954f4
00195500,002762a8
00195500,0028f1d0
00195500,0028f2bc
00195500,002954f4
00195580,002762a8
00195580,0028f2bc
00195580,002954f4
00195604,0027631c
00195604,0027ea6c
00195604,0027ece8
00195604,00286904
001956e8,0027631c
001956e8,00292984
0019573c,002762a8
0019573c,00292984
0019573c,002954f4
00195804,002762a8
00195804,00287048
00195804,002870b0
00195804,00293510
00195804,002954f4
001958b4,00286fdc
001958b4,00295d80
001958f0,002762a8
001958f0,0027631c
001958f0,0027ece8
001958f0,00286f54
001958f0,00286fdc
001958f0,00293510
001958f0,002954f4
00195994,002762a8
00195994,00286fdc
00195994,0028e64c
00195994,002954f4
00195a40,002762a8
00195a40,0028f1d0
00195a40,0028f2bc
00195a40,002954f4
00195ac0,002762a8
00195ac0,0028f2bc
00195ac0,002954f4
00195b3c,00197724
00195b3c,002762a8
00195b3c,0027c1cc
00195b3c,0028f1d0
00195b3c,0028f2bc
00195b3c,002954f4
00195c40,002762a8
00195c40,0027631c
00195c40,002763b0
00195c40,0027ece8
00195c40,0028f2bc
00195c40,00292984
00195c40,002954f4
00195d18,00197680
00195d18,00197e50
00195d18,0023fef4
00195d18,0023ffe4
00195d18,00276280
00195d18,00276290
00195d18,002762a8
00195d18,0027631c
00195d18,0027a928
00195d18,0027e61c
00195d18,0027e6f4
00195d18,0027e710
00195d18,0027e890
00195d18,0027ea6c
00195d18,00281674
00195d18,0028202c
00195d18,00282090
00195d18,00282298
00195d18,00285df0
00195d18,0028689c
00195d18,00286904
00195d18,00286a68
00195d18,00286d64
00195d18,0028cd0c
00195d18,0028d174
00195d18,0028eea0
00195d18,00290c00
00195d18,00290cb8
00195d18,00291810
00195d18,002923f8
00195d18,00292600
00195d18,00292620
00195d18,00293e74
00195d18,00295ee4
00195d18,00295f04
00195d18,00295f10
00195d18,00296200
00195d18,0029654c
00195d18,002965a8
00195d18,002965d8
00195d18,00296618
00195d18,002a6030
00195d18,002a6188
00195d18,002a7030
00195d18,002a7490
00195d18,002a7f5c
00195d18,002a7f64
00195d18,002a8ffc
00195d18,002f3764
001972dc,00276290
001972dc,00286a10
001972dc,0028ee48
001972dc,00291f60
001972dc,00293e74
001972dc,00293fa4
001972dc,00295f80
001972dc,00296060
001972dc,002a7f5c
001972dc,002a8ffc
00197588,0028cb80
00197588,002923f8
00197588,002930d0
00197588,00296618
00197588,002f3764
00197680,00295f04
00197680,00295f10
00197680,002a6188
001976c8,0027ee0c
001976c8,00291f20
001976c8,00299c28
00197724,00291884
00197778,00276158
00197778,002761a0
00197778,00287824
00197778,0028d0d0
00197778,00290358
00197778,00290cb8
00197778,00290ea8
00197778,00290f90
00197778,002923f8
00197778,00292b48
00197778,00292b60
00197778,00292c10
00197778,00295d80
00197778,002965d8
00197778,0029989c
00197778,0029a3d0
00197778,002f3764
00197e50,0023ffe4
00197e50,00276140
00197e50,0027614c
00197e50,0027ed28
00197e50,0027ee0c
00197e50,0028367c
00197e50,00283784
00197e50,0028383c
00197e50,00289c5c
00197e50,00290cb8
00197e50,00290f90
00197e50,002917b4
00197e50,00291810
00197e50,002923f8
00197e50,00292c10
00197e50,00295ee4
00197e50,00296200
00197e50,002965d8
00197e50,00296618
00197e50,00299c28
00197e50,002a6030
00197e50,002a6188
00197e50,002a7030
00197e50,002ebd6c
00197e50,002ee808
00197e50,002f3764
001986c0,00283654
001986c0,0028f45c
001986c0,00293e74
001986c0,00293fa4
001986c0,00295f80
001986c0,00296060
001986c0,002a8ffc
001986c0,002ee808
001987c4,00299c28
0019882c,001ac808
0019882c,002760dc
0019882c,00299c28
0019882c,002a7030
0019882c,003accf8
00198938,002a7f5c
001989ac,00275f58
001989ac,00276028
001989ac,0028d0ac
001989ac,0028f158
001989ac,002954f4
001989ac,002a7030
00198b38,0028f048
00198b38,002954f4
00198b38,002a7030
00198c74,00295d80
00198ca0,00275f58
00198ca0,002954f4
00198ca0,002a7030
00198d78,0023fef4
00198d78,00275e7c
00198d78,00290f04
00198d78,00293064
00198d78,002965d8
00198d78,002ee708
00198e7c,0028f1d0
00198e7c,0028f2bc
00198e7c,002954f4
00198e7c,002a7030
00198fb8,00275f58
00198fb8,00276028
00198fb8,0028f2bc
00198fb8,00291884
00198fb8,002954f4
00198fb8,002a7030
001990c8,00148188
001990c8,0023ffe4
001990c8,00275dd4
001990c8,00276c58
001990c8,0028d0ac
001990c8,0028eea0
001990c8,002908d0
001990c8,00291810
001990c8,00291f20
001990c8,002923f8
001990c8,00292c10
001990c8,002937e0
001990c8,00295ee4
001990c8,00295f04
001990c8,00295f10
001990c8,00296200
001990c8,0029654c
001990c8,002965a8
001990c8,002965d8
001990c8,00296618
001990c8,002a6030
001990c8,002a6188
001990c8,002a7030
001990c8,002a7f5c
001990c8,002a7f64
001990c8,002f3764
00199ca8,00291f20
00199cc4,00283654
00199cc4,00295f80
00199cc4,002a8ffc
00199d08,001ef28c
00199d08,00275cfc
00199d08,00275d0c
00199d08,00275d64
00199d08,00275db4
00199d08,00275dc4
00199d58,001ef28c
00199d58,00275d0c
00199d58,00275d64
00199e7c,00293e74
00199e7c,00295f80
00199e7c,00296060
00199e7c,002a7f5c
00199e7c,002a8ffc
00199f30,00275a58
00199f30,002876f0
00199f70,00275a58
00199f70,00292d1c
00199f70,00293460
00199f70,00370120
00199fec,00199e6c
00199fec,00275964
00199fec,002759f4
00199fec,00286904
00199fec,00291f20
0019a144,00287048
0019a144,002954f4
0019a144,002a7030
0019a210,00286fdc
0019a210,00295d80
0019a258,002759f4
0019a258,00286f54
0019a258,00286fdc
0019a258,00291f20
0019a258,002954f4
0019a258,002a7030
0019a370,00199d90
0019a370,00274d20
0019a370,00275964
0019a370,002759f4
0019a370,00281674
0019a370,0028689c
0019a370,00286904
0019a370,00286a68
0019a370,00286ad0
0019a370,00286d64
0019a370,00291810
0019a370,00291f20
0019a370,00292620
0019a370,00295f04
0019a370,00295f10
0019a370,00296618
0019a370,002a6030
0019a370,002a6188
0019a370,002a7030
0019a370,002a7f5c
0019a370,002a7f64
0019a370,003714fc
0019ac28,002a7f5c
0019ad1c,001e5920
0019ad1c,001ee5bc
0019ad1c,001ee690
0019ad1c,001ee80c
0019ad1c,001ee844
0019ad1c,001ee86c
0019ad1c,0020bab4
0019ad1c,00274c3c
0019ad1c,0028cdb4
0019ad1c,002a50d0
0019ad1c,002a685c
0019ad1c,002a68ec
0019aefc,002a50d0
0019af40,0029feb4
0019af40,002a6030
0019af40,002a7030
0019b068,00120ff0
0019b068,001e1e40
0019b068,001e24bc
0019b068,001ee748
0019b068,001ee8c0
0019b068,001ee904
0019b068,001ee944
0019b068,001ee960
0019b068,0020b97c
0019b068,0020b998
0019b068,0020b9bc
0019b068,0020ba30
0019b068,0020bab4
0019b068,0020bad0
0019b068,0020bc54
0019b068,0020bc74
0019b068,0020bc90
0019b068,0020bcd0
0019b068,0020bcf4
0019b068,0020bd34
0019b068,0020c238
0019b068,00274bb0
0019b068,0028ce4c
0019b068,0029c3e0
0019b068,0029feb4
0019b068,002a05ac
0019b068,002a5ff4
0019b068,002a7030
0019b5e4,001023f0
0019b5e4,00120ff0
0019b5e4,001e1e9c
0019b5e4,002749d4
0019b5e4,0029a488
0019b5e4,002a0388
0019b5e4,002a7e38
0019b5e4,002a7f5c
0019b5e4,002a7f64
0019b5e4,002a81f0
0019b5e4,002a9020
0019bbcc,00295d80
0019bbcc,002a0324
0019bc04,001e251c
0019bc04,00282cb0
0019bc04,00285434
0019bc04,0028f6d4
0019bc04,0029e630
0019bc04,002a6188
0019bcd8,00274820
0019bcd8,00282c0c
0019bcd8,002853fc
0019bcd8,00293fa4
0019bcd8,002a7f5c
0019bcd8,002a8134
0019be3c,0028f1d0
0019be3c,0028f2bc
0019be3c,00295d80
0019be8c,0028a9d0
0019be8c,00294768
0019be8c,002954f4
0019be8c,002a7030
0019bfac,00294750
0019bfac,00295d80
0019bfec,00294348
0019bfec,00294394
0019bfec,002954f4
0019bfec,002a7030
0019c12c,0020c2c4
0019c12c,002745e0
0019c12c,00274710
0019c12c,002747e4
0019c12c,0028e64c
0019c12c,00294334
0019c12c,00294768
0019c12c,002954f4
0019c12c,00295d80
0019c12c,0029a578
0019c12c,002a7030
0019c12c,002a764c
0019c12c,002a7f5c
0019c12c,002a7f64
0019c12c,002a81f0
0019c12c,002a9020
0019c12c,0038059c
0019c12c,003805ac
0019c6f0,0027455c
0019c6f0,0028eb70
0019c6f0,00294348
0019c6f0,00295d80
0019c6f0,00296124
0019c758,0023ffe4
0019c758,0027455c
0019c758,0028eb70
0019c758,00290cb8
0019c758,002923f8
0019c758,00294348
0019c758,00295d80
0019c758,00296124
0019c758,00296618
0019c758,002a6030
0019c758,002a7030
0019c758,002f3764
0019c910,0023ffe4
0019c910,00286650
0019c910,0028cda4
0019c910,002930d0
0019c910,00294bd8
0019c910,00295d80
0019c910,002965d8
0019c910,00296618
0019cb00,00290cb8
0019cb40,002a6030
0019cb40,002a7030
0019cc1c,00294320
0019cc1c,00295ee4
0019cc1c,00295f04
0019cc1c,00295f10
0019cc1c,002a6188
0019cd3c,00293e74
0019cd3c,00293fa4
0019cd3c,00296060
0019cdf8,00161354
0019cdf8,001614b0
0019cdf8,002744e8
0019cdf8,0028a994
0019cdf8,0028ca60
0019cdf8,0028cb3c
0019cdf8,0028d3ec
0019cf14,002744e8
0019cf14,0027ece8
0019cf14,00287714
0019cf14,0028ca60
0019cf14,0028cc54
0019cf98,002744e8
0019cf98,0027b724
0019cf98,0027b7e4
0019cf98,0028ca60
0019cf98,00294768
0019d038,00274238
0019d038,00274254
0019d038,0027444c
0019d038,002744e8
0019d038,0027b680
0019d038,0027b724
0019d038,0027b81c
0019d038,0027b838
0019d038,00287748
0019d038,0028a994
0019d038,0028ca60
0019d038,0028cb3c
0019d1d0,002744e8
0019d1d0,0027b680
0019d1d0,0027b724
0019d1d0,0028a994
0019d1d0,0028ca60
0019d1d0,0028cb3c
0019d1d0,00294750
0019d284,002892a4
0019d284,0028a994
0019d284,0028cb3c
0019d284,0028f2bc
0019d2c4,002744e8
0019d2c4,0027b5b8
0019d2c4,0028a35c
0019d2c4,0028ca60
0019d2c4,0028eea0
0019d2c4,002942d4
0019d34c,00289a04
0019d34c,0028ee48
0019d34c,00293f64
0019d34c,00293fa0
0019d34c,00299f50
0019d34c,002a8ffc
0019d3cc,0016cc10
0019d3cc,0016ddc0
0019d3cc,00273e24
0019d3cc,002741f0
0019d3cc,0028ca18
0019d3cc,0028ca60
0019d3cc,0028cc54
0019d3cc,002a7030
0019d3cc,002a8ffc
0019d5d0,002741f0
0019d5d0,0028a7b4
0019d5d0,0028a994
0019d5d0,002919d4
0019d5d0,002a8ffc
0019d5d0,0036f978
0019d63c,00273e24
0019d63c,0028a7b4
0019d63c,0028a994
0019d63c,002919d4
0019d63c,002a8ffc
0019d63c,0036f904
0019d63c,0036f9d0
0019d6a8,00289cec
0019d6a8,0028a2b8
0019d6a8,0028a35c
0019d6a8,0028ca60
0019d6a8,002a7030
0019d7a8,00273e24
0019d7a8,002741f0
0019d7a8,00289a04
0019d7a8,00289a3c
0019d7a8,002a8ffc
0019d80c,001778e0
0019d80c,00187700
0019d80c,00187fec
0019d80c,0027269c
0019d80c,00272798
0019d80c,002734ec
0019d80c,002734fc
0019d80c,0027369c
0019d80c,00273778
0019d80c,00273844
0019d80c,00273918
0019d80c,00273b8c
0019d80c,00273c00
0019d80c,00289c30
0019d80c,0028ca18
0019d80c,0028ca60
0019d80c,0028cc54
0019d80c,002a7030
0019d80c,002a8ffc
0019de78,00272548
0019de78,0027269c
0019de78,00272798
0019de78,00273b8c
0019de78,0028a7b4
0019de78,0028ca60
0019de78,002a7030
0019de78,002a8ffc
0019de78,0036fd00
0019df8c,00272464
0019df8c,0027269c
0019df8c,00272798
0019df8c,00273b8c
0019df8c,0028a7b4
0019df8c,0028ca60
0019df8c,002a7030
0019df8c,002a8ffc
0019df8c,0036fba8
0019e0a0,00272458
0019e0a0,0027269c
0019e0a0,00272798
0019e0a0,00273844
0019e0a0,00273b8c
0019e0a0,0028a734
0019e0a0,0028a744
0019e0a0,0028a7b4
0019e0a0,0028ca60
0019e0a0,002919d4
0019e0a0,002a7030
0019e0a0,002a8ffc
0019e0a0,0036fbb4
0019e258,0027269c
0019e258,00272798
0019e258,002734fc
0019e258,00273b8c
0019e258,0028a7b4
0019e258,0028ca60
0019e258,002919d4
0019e258,002a7030
0019e258,002a8ffc
0019e258,0036fc24
0019e258,0036fc30
0019e3a8,00272308
0019e3a8,0027236c
0019e3a8,00272438
0019e3a8,0027269c
0019e3a8,00272798
0019e3a8,00273b8c
0019e3a8,0028ca60
0019e3a8,002a7030
0019e3a8,002a8ffc
0019e3a8,0037147c
0019e4b0,00272290
0019e4b0,0027269c
0019e4b0,00272798
0019e4b0,00273b8c
0019e4b0,0028ca60
0019e4b0,002a7030
0019e4b0,002a8ffc
0019e4b0,0036fcb8
0019e5a8,00272210
0019e5a8,00272284
0019e5a8,0027269c
0019e5a8,00272798
0019e5a8,00273b8c
0019e5a8,00280c94
0019e5a8,00289c30
0019e5a8,0028a6f0
0019e5a8,0028a734
0019e5a8,0028a788
0019e5a8,0028a7b4
0019e5a8,0028a994
0019e5a8,0028ca60
0019e5a8,002919d4
0019e5a8,0029a238
0019e5a8,0029a29c
0019e5a8,0029a360
0019e5a8,002a7030
0019e5a8,002a8ffc
0019e5a8,0036fcd4
0019e84c,00272144
0019e84c,0027269c
0019e84c,00272798
0019e84c,00273b8c
0019e84c,0028ca60
0019e84c,00294750
0019e84c,002a7030
0019e84c,002a8ffc
0019e944,00271fc4
0019e944,0027269c
0019e944,00272798
0019e944,00273b8c
0019e944,0028ca60
0019e944,002a7030
0019e944,002a8ffc
0019e944,0036fd6c
0019ea3c,00271e24
0019ea3c,00271f98
0019ea3c,0027269c
0019ea3c,00272798
0019ea3c,00273b8c
0019ea3c,0028a7b4
0019ea3c,0028ca60
0019ea3c,002a7030
0019ea3c,002a8ffc
0019eb54,00174fdc
0019eb54,001778e0
0019eb54,0017b838
0019eb54,0017e3f8
0019eb54,00182380
0019eb54,00187700
0019eb54,00187fec
0019eb54,00188708
0019eb54,001adc00
0019eb54,0027100c
0019eb54,00271090
0019eb54,00271208
0019eb54,002712c0
0019eb54,00271428
0019eb54,002716f0
0019eb54,00271a70
0019eb54,00271bf0
0019eb54,00271e1c
0019eb54,00271e24
0019eb54,00271fc4
0019eb54,00272144
0019eb54,00272290
0019eb54,00272308
0019eb54,00272464
0019eb54,00272548
0019eb54,0027269c
0019eb54,002734fc
0019eb54,0027369c
0019eb54,00273778
0019eb54,00273844
0019eb54,00273918
0019eb54,00273b8c
0019eb54,00273c00
0019eb54,0027a6f0
0019eb54,0028a7b4
0019eb54,0028a994
0019eb54,0028ca60
0019eb54,0029a238
0019eb54,0029a29c
0019eb54,0029a360
0019eb54,002a7030
0019eb54,002a8ffc
0019eb54,00353890
0019eb54,00355670
0019eb54,0036fe18
0019fa14,00271090
0019fa14,0027269c
0019fa14,00272798
0019fa14,00273b8c
0019fa14,0028ca60
0019fa14,002a7030
0019fa14,002a8ffc
0019fa14,00381720
0019fb0c,00272210
0019fb0c,0027269c
0019fb0c,00272798
0019fb0c,00273b8c
0019fb0c,00273c00
0019fb0c,0027a6f0
0019fb0c,00280d08
0019fb0c,0028a7b4
0019fb0c,0028ca60
0019fb0c,002919d4
0019fb0c,0029a238
0019fb0c,0029a29c
0019fb0c,0029a360
0019fb0c,002a7030
0019fb0c,002a8ffc
0019fb0c,00355630
0019fb0c,0038174c
0019fe34,00271000
0019fe34,0027269c
0019fe34,00272798
0019fe34,00273778
0019fe34,00273b8c
0019fe34,0028a734
0019fe34,0028a744
0019fe34,0028a7b4
0019fe34,0028ca60
0019fe34,002919d4
0019fe34,002a7030
0019fe34,002a8ffc
0019fe34,0036fe38
0019ffec,00271a70
0019ffec,0027236c
0019ffec,0027269c
0019ffec,00272798
0019ffec,00273b8c
0019ffec,0028ca60
0019ffec,002a7030
0019ffec,002a8ffc
0019ffec,003708b0
0019ffec,003708dc
001a01bc,0027269c
001a01bc,00272798
001a01bc,0027369c
001a01bc,00273b8c
001a01bc,0028a7b4
001a01bc,0028ca60
001a01bc,002919d4
001a01bc,002a7030
001a01bc,002a8ffc
001a01bc,0036fe44
001a01bc,0036fe50
001a030c,00273b8c
001a030c,0028ca60
001a030c,0028e958
001a030c,0028e9c0
001a030c,0028ea10
001a030c,00293e74
001a030c,00296060
001a030c,002a7030
001a030c,002a8ffc
001a03e0,0027100c
001a03e0,0027269c
001a03e0,00272798
001a03e0,00273b8c
001a03e0,0028a7b4
001a03e0,0028ca60
001a03e0,002a7030
001a03e0,002a8ffc
001a04f8,00272144
001a04f8,0027269c
001a04f8,00272798
001a04f8,00273b8c
001a04f8,0028a9d0
001a04f8,0028ca60
001a04f8,00294768
001a04f8,002a7030
001a04f8,002a8ffc
001a0710,00271208
001a0710,0027269c
001a0710,00272798
001a0710,00273b8c
001a0710,0028ca60
001a0710,002a7030
001a0710,002a8ffc
001a0808,0028920c
001a0808,0028e8ec
001a083c,00273b8c
001a083c,00289cec
001a083c,0028a2b8
001a083c,0028a35c
001a083c,0028ca60
001a083c,002942d4
001a083c,0029a238
001a083c,0029a29c
001a083c,0029a360
001a083c,0029a3f4
001a09b0,001a09c0
001a09b0,002a8ffc
001a09c0,0027100c
001a09c0,00271090
001a09c0,00271208
001a09c0,00271a70
001a09c0,00271e24
001a09c0,00271fc4
001a09c0,00272144
001a09c0,00272290
001a09c0,00272308
001a09c0,00272464
001a09c0,00272548
001a09c0,0027269c
001a09c0,002734fc
001a09c0,0027369c
001a09c0,00273778
001a09c0,00273844
001a09c0,0027a6f0
001a09c0,00289a04
001a09c0,00289a3c
001a09c0,00293e74
001a09c0,00293f64
001a09c0,00296060
001a09c0,0029a238
001a09c0,002a8ffc
001a0c20,00270f18
001a0d68,0023fef4
001a0d68,0023ffe4
001a0d68,00270ba0
001a0d68,00270ed0
001a0d68,00270f90
001a0d68,0028eb70
001a0d68,00295d80
001a0d68,00296124
001a0d68,0029654c
001a0d68,002965a8
001a0d68,002965d8
001a0d68,00296618
001a0d68,002a6030
001a0d68,002a7030
001a10b0,00290c60
001a10b0,002954f4
001a10b0,002a7030
001a11bc,00270f90
001a11bc,0028cd0c
001a11bc,00290c00
001a11bc,002954f4
001a11bc,00295f50
001a11bc,002a7030
001a11bc,002ed2f0
001a1324,00270b0c
001a1324,00295ee4
001a1324,00295f04
001a1324,00295f10
001a1324,002a6188
001a137c,00270a58
001a137c,00293e74
001a137c,00296060
001a13a0,00270f90
001a13a0,00290c60
001a13a0,002954f4
001a13a0,002a7030
001a14a4,002954f4
001a14a4,002a7030
001a15ac,0023fef4
001a15ac,00291f20
001a15ac,00293064
001a16b4,002870b0
001a16b4,002954f4
001a16b4,002a7030
001a17dc,00295d80
001a1834,00270298
001a1858,00286f54
001a1858,00291f20
001a1858,002954f4
001a1858,002a7030
001a1994,0023fef4
001a1994,00275e7c
001a1994,00276d70
001a1994,00292ee0
001a1994,00293064
001a1994,002965d8
001a1a64,001a2164
001a1a64,00292984
001a1aac,001a2164
001a1aac,002700f0
001a1aac,00278634
001a1aac,0027864c
001a1aac,00280d08
001a1aac,0028a69c
001a1aac,00292d1c
001a1aac,00293460
001a1aac,0029a360
001a1aac,002a7f5c
001a1c8c,0023fef4
001a1c8c,0026ffe4
001a1c8c,00293064
001a1d48,002870b0
001a1d48,002954f4
001a1d48,002a7030
001a1f10,0026ffb4
001a1f10,00287048
001a1f10,002954f4
001a1f10,002a7030
001a1fe8,0026ff90
001a1fe8,00295d80
001a205c,0026ffe4
001a205c,00286f54
001a205c,002954f4
001a205c,002a7030
001a2164,0026ffe4
001a2164,00292984
001a2164,002954f4
001a2164,002a7030
001a222c,0023fef4
001a222c,00275e7c
001a222c,00276d70
001a222c,002917b4
001a222c,00292600
001a222c,00292ee0
001a222c,002965a8
001a222c,002965d8
001a222c,002ee6e8
001a23b8,00169300
001a23b8,0023fef4
001a23b8,0023ffe4
001a23b8,0026ffe4
001a23b8,00276280
001a23b8,00282298
001a23b8,0028cd0c
001a23b8,00290cb8
001a23b8,00291810
001a23b8,002923f8
001a23b8,00292620
001a23b8,00293064
001a23b8,00295ee4
001a23b8,00295f04
001a23b8,00295f10
001a23b8,00295f50
001a23b8,00296200
001a23b8,002965a8
001a23b8,002965d8
001a23b8,00296618
001a23b8,0029e630
001a23b8,002a6030
001a23b8,002a6188
001a23b8,002a7030
001a23b8,002a7f5c
001a23b8,002a7f64
001a23b8,002f3764
001a2d8c,00291f60
001a2d8c,00293e74
001a2d8c,00293fa4
001a2d8c,00295f80
001a2d8c,00296060
001a2d8c,002a7f5c
001a2d8c,002a8134
001a2f18,001a2ff4
001a2f18,002961ac
001a2f18,00296618
001a2fdc,001a2ff4
001a2ff4,00290f90
001a2ff4,00296200
001a2ff4,002965d8
001a2ff4,002a7030
001a3140,00291810
001a3140,00295f04
001a3140,00295f10
001a3140,002a6188
001a31ac,00295f80
001a31ac,00296060
001a31e8,002ceed8
001a3200,0026fe18
001a3200,0026fe4c
001a3200,0026fea4
001a3200,0026ff00
001a32b8,002ceeec
001a32d4,002ce4bc
001a3304,0026fe18
001a3304,0026ff00
001a3304,002d0998
001a3390,0026fe18
001a3390,0026ff00
001a3390,00377024
001a33dc,0026fe18
001a33dc,0026ff00
001a33dc,002d09e8
001a341c,002cba30
001a341c,00376d9c
001a341c,00376f00
001a341c,00376f30
001a351c,002caf60
001a351c,002ce980
001a3568,0026fe18
001a3568,0026fe4c
001a3568,0026fea4
001a3568,0026ff00
001a3568,002cd0fc
001a37e4,0026faa0
001a3808,001070b8
001a3808,001070f8
001a3808,0010725c
001a3808,001a341c
001a3808,001ec238
001a3808,001ec490
001a3808,001ec64c
001a3808,0026fa7c
001a3808,0026fe18
001a3808,0026fe4c
001a3808,0026fea4
001a3808,0026ff00
001a3808,0029e630
001a3808,002ca16c
001a3808,002ca3a0
001a3808,002ca410
001a3808,002ca52c
001a3808,002ca6d0
001a3808,002ca904
001a3808,002cad08
001a3808,002cad24
001a3808,002cadb0
001a3808,002cae68
001a3808,002cb038
001a3808,002cb128
001a3808,002cb1b8
001a3808,002cd87c
001a3808,002ce03c
001a3808,002ce060
001a3808,002ce154
001a3808,002ce2e0
001a3808,002d1234
001a3808,002d1344
001a3808,002d1424
001a3808,002dcdf8
001a3808,00376d50
001a3808,00377b18
001a3808,00377bd8
001a3dd4,0024ab40
001a3dd4,0026fa2c
001a3dd4,002a8134
001a3dd4,002ca4a0
001a3dd4,002ca738
001a3dd4,002ca9a0
001a3dd4,002cb40c
001a3dd4,002cb46c
001a3dd4,002cd3c8
001a3dd4,002cd854
001a3dd4,002cd8a0
001a3dd4,002ce054
001a3dd4,002ce444
001a3dd4,002d1570
001a3dd4,002dcda4
001a3dd4,002dce38
001a3dd4,002dceb0
001a4000,0023fef4
001a4000,00291f20
001a4000,00293064
001a40b8,0023ffe4
001a40b8,002923f8
001a40b8,00296618
001a40b8,002f3764
001a419c,002870b0
001a419c,002954f4
001a419c,002a7030
001a42bc,00295d80
001a4318,0023ffe4
001a4318,0026f520
001a4318,00270258
001a4318,0028eb70
001a4318,00292c10
001a4318,00295d80
001a4318,00296124
001a4318,002961ac
001a4318,00296618
001a4318,002f3764
001a4434,00286f54
001a4434,00291f20
001a4434,002954f4
001a4434,002a7030
001a4548,0023fef4
001a4548,00275e7c
001a4548,00276d70
001a4548,00292ee0
001a4548,00293064
001a4548,002965d8
001a462c,00270258
001a462c,0028eb70
001a462c,00295d80
001a462c,00296124
001a462c,002961ac
001a46a4,002876f0
001a46a4,00291f20
001a46a4,002954f4
001a46a4,002a7030
001a4780,00291810
001a4780,00292620
001a4780,00295ee4
001a4780,00295f04
001a4780,00295f10
001a4780,002a6188
001a486c,00291f60
001a486c,00293e74
001a486c,00293fa4
001a486c,00295f80
001a486c,00296060
001a4968,00368750
001a4968,0036889c
001a4968,00368c2c
001a4968,00381eac
001a4968,00381ebc
001a4bc0,001c3498
001a4bc0,00381e78
001a4bc0,00381ebc
001a4c18,002a6030
001a4c18,002a7030
001a4c18,00368e78
001a4df8,0026f424
001a4df8,00292984
001a4e38,0026f424
001a4e38,00292d1c
001a4e38,00293460
001a4eec,0023fef4
001a4eec,00286904
001a4eec,00291f20
001a4eec,00293064
001a5054,00287048
001a5054,002870b0
001a5054,002954f4
001a5054,002a7030
001a512c,00286fdc
001a512c,00295d80
001a5168,00286f54
001a5168,00286fdc
001a5168,00291f20
001a5168,002954f4
001a5168,002a7030
001a57b0,0023fef4
001a57b0,0028202c
001a57b0,00282090
001a57b0,00282298
001a57b0,00286754
001a57b0,0028689c
001a57b0,00286904
001a57b0,00286a68
001a57b0,00286d64
001a57b0,00287714
001a57b0,0028cb80
001a57b0,002917b4
001a57b0,00291810
001a57b0,00291f20
001a57b0,002923f8
001a57b0,00292600
001a57b0,00292620
001a57b0,00292c10
001a57b0,00292ee0
001a57b0,00293064
001a57b0,00295f04
001a57b0,00295f10
001a57b0,00296060
001a57b0,00296200
001a57b0,002965a8
001a57b0,002965d8
001a57b0,00296618
001a57b0,002a6030
001a57b0,002a6188
001a57b0,002a7030
001a57b0,002a7f5c
001a57b0,002a7f64
001a57b0,002f3764
001a5df8,001c33c4
001a5df8,00276d50
001a5df8,0027d908
001a5df8,002954f4
001a5df8,002a7030
001a5f20,0026f408
001a5f20,00276d50
001a5f20,00295d80
001a5f64,001c33b0
001a5f64,0028f048
001a5f64,002954f4
001a5f64,002a7030
001a6048,00291f20
001a6048,002954f4
001a6048,002a7030
001a612c,002954f4
001a612c,002a7030
001a621c,00295d80
001a6250,00291f20
001a6250,002954f4
001a6250,002a7030
001a6328,0023ffe4
001a6328,00287824
001a6328,00291810
001a6328,00291f20
001a6328,002923f8
001a6328,00295ee4
001a6328,00295f04
001a6328,00295f10
001a6328,00296200
001a6328,00296618
001a6328,00299c38
001a6328,002a6030
001a6328,002a6188
001a6328,002a7030
001a6328,002f3764
001a6728,002a8df8
001a6738,002a8df8
001a674c,002a8df8
001a675c,002a8df8
001a6794,002a8df8
001a67ac,002a8df8
001a67c4,002a8df8
001a67d8,002a8df8
001a67e8,002a8df8
001a6804,002a8df8
001a6810,002a88e4
001a6824,002a88e4
001a6844,002a88e4
001a6858,002a88e4
001a689c,002a88e4
001a68bc,002a88e4
001a68dc,002a88e4
001a68fc,002a88e4
001a6910,002a88e4
001a6938,002a88e4
001a694c,0029a360
001a694c,0029d77c
001a694c,002a7f5c
001a694c,002a7f64
001a694c,002a81f0
001a694c,002a9020
001a6c0c,002a7f5c
001a6c0c,002a7f64
001a6c0c,002a8938
001a6c0c,002a8df8
001a6c0c,002a8e0c
001a6ef0,0029a3f4
001a6f30,002a7f5c
001a7078,0028e7c4
001a7084,002a7030
001a7084,0034d5c0
001a7084,003acfd0
001a711c,002a7f5c
001a711c,002a8ffc
001a71ec,001c60d0
001a7200,001c6128
001a7200,0026f2ec
001a7200,002917b4
001a7200,002965d8
001a7278,001c6200
001a729c,001c6408
001a729c,0023fef4
001a729c,00293064
001a72ec,00297bc4
001a737c,001c6658
001a7390,0014e0b8
001a7390,001c66a0
001a7390,0026f248
001a7390,0026f258
001a7390,0026f2ec
001a7390,0027a5f0
001a7390,002917b4
001a7390,002923f8
001a7390,00295f04
001a7390,00295f10
001a7390,002965d8
001a7390,00296618
001a7390,00297bc4
001a7390,002a0964
001a7390,002a6188
001a7390,002a7030
001a7390,002a7f5c
001a7390,002a8ffc
001a7390,002a9020
001a7390,002f3764
001a7390,003ac3e4
001a7a60,002a7f64
001a7a60,002a81f0
001a7a60,002a9020
001a7b30,0029a360
001a7b30,0029d77c
001a7b30,002a7f5c
001a7b30,002a7f64
001a7b30,002a81f0
001a7b30,002a9020
001a7df0,0029a3f4
001a7e10,002876f0
001a7e10,00291f20
001a7e10,002954f4
001a7e10,002a7030
001a7f14,0023fef4
001a7f14,00286904
001a7f14,00291f20
001a7f14,00293064
001a7fec,00287048
001a7fec,002954f4
001a7fec,002a7030
001a80b8,00286fdc
001a80b8,00295d80
001a80f0,00286f54
001a80f0,00286fdc
001a80f0,00291f20
001a80f0,002954f4
001a80f0,002a7030
001a81e0,00171e08
001a81e0,0026ea88
001a81e0,0026ee58
001a81e0,0026ef18
001a81e0,0028a6d4
001a81e0,0028a7b4
001a81e0,0028ca60
001a81e0,002919d4
001a81e0,002955d0
001a81e0,002a7030
001a81e0,002a8ffc
001a81e0,0036fe70
001a81e0,0036fe94
001a8498,0018c2b0
001a8498,0026e8fc
001a8498,0028a6d4
001a8498,0028ca60
001a8498,002a7030
001a8498,002a8ffc
001a85c0,0026ea88
001a85c0,0026ee58
001a85c0,0028a6d4
001a85c0,0028ca60
001a85c0,002946f8
001a85c0,002955d0
001a85c0,002a7030
001a85c0,002a8ffc
001a8714,0026e8fc
001a8714,0026ea88
001a8714,0026ee58
001a8714,0026ef18
001a8714,0028a6d4
001a8714,0028ca60
001a8714,00294b24
001a8714,002a7030
001a8714,002a8ffc
001a8714,0036fec4
001a89a8,0027de64
001a89a8,0027deb4
001a89a8,0027df20
001a89a8,00289cec
001a89a8,0028a2b8
001a89a8,0028a35c
001a89a8,0028ca60
001a89a8,00299c38
001a89a8,002a7030
001a8ae0,0026e8fc
001a8ae0,0026ee58
001a8ae0,0027de00
001a8ae0,00289a04
001a8ae0,00289a3c
001a8ae0,002955d0
001a8ae0,002a8ffc
001a8b6c,00193134
001a8b6c,0026e788
001a8b6c,0026e7fc
001a8b6c,0026e85c
001a8b6c,00276830
001a8b6c,00286fdc
001a8b6c,0028ca60
001a8b6c,0036ff64
001a8ca8,0018cc38
001a8ca8,0018eea8
001a8ca8,00190f60
001a8ca8,001911ec
001a8ca8,00193180
001a8ca8,00194e78
001a8ca8,001951e8
001a8ca8,0026e4c0
001a8ca8,0026e6dc
001a8ca8,0026e6ec
001a8ca8,0026e788
001a8ca8,0026e85c
001a8ca8,002765a0
001a8ca8,0027e61c
001a8ca8,00286a68
001a8ca8,00289c30
001a8ca8,0028ca60
001a8ca8,0028cc54
001a8ca8,0028d054
001a8ca8,002903a0
001a8ca8,00294768
001a8ca8,00296200
001a8ca8,00296618
001a8ca8,002a7030
001a8ca8,002a7f5c
001a8ca8,002a7f64
001a8ca8,002a8ffc
001a8ca8,00350bb0
001a8ca8,00381624
001a8ca8,00381690
001a9844,0026e4b8
001a9844,0026e788
001a9844,002700f0
001a9844,0028ca60
001a9844,003685fc
001a9844,0036feec
001a9844,0036ff94
001a994c,0026e4c0
001a994c,0026e788
001a994c,0026e7fc
001a994c,0026e85c
001a994c,00289d8c
001a994c,0028ca60
001a994c,00299c38
001a994c,002a8ffc
001a9a10,0026e3f8
001a9a40,00192124
001a9a40,00192578
001a9a40,0026e380
001a9a40,0026e7fc
001a9a40,00276830
001a9b10,001aeb78
001a9b10,0026e4b8
001a9b10,0026e788
001a9b10,002700f0
001a9b10,0028ca60
001a9b10,002919d4
001a9c74,0019d5b4
001a9c74,0026e170
001a9c74,0026e4b8
001a9c74,0026e788
001a9c74,0026e7fc
001a9c74,0026e85c
001a9c74,002700f0
001a9c74,0028ca60
001a9c74,002a8ffc
001a9e50,0026e110
001a9e50,0026e788
001a9e50,0026e7fc
001a9e50,0026e85c
001a9e50,00289d8c
001a9e50,0028ca60
001a9e50,00299c38
001a9e50,002a8ffc
001a9f14,0026e3f8
001a9f44,0026e170
001a9f44,0026e788
001a9f44,0026e7fc
001a9f44,0026e85c
001a9f44,00289d8c
001a9f44,0028ca60
001a9f44,00299c38
001a9f44,002a8ffc
001aa008,0026e3f8
001aa034,0018cc38
001aa034,0018f628
001aa034,00190ac0
001aa034,001920c8
001aa034,001dba70
001aa034,0026df48
001aa034,0026e0ec
001aa034,0026e110
001aa034,0026e170
001aa034,0026e380
001aa034,0026e3f8
001aa034,0026e46c
001aa034,0026e478
001aa034,0026e4c0
001aa034,0026e788
001aa034,0026e7fc
001aa034,0026e85c
001aa034,002700f0
001aa034,00276814
001aa034,0027ece8
001aa034,00280d08
001aa034,0028a69c
001aa034,0028ca60
001aa034,0028e64c
001aa034,0028f090
001aa034,002919d4
001aa034,00291f20
001aa034,00299c38
001aa034,002a7030
001aa034,002a8ffc
001aa608,0026e478
001aa608,0026e7fc
001aa608,0026e85c
001aa684,001c1a14
001aa684,0026df00
001aa684,0026df1c
001aa684,0026e3f8
001aa684,0026e4b8
001aa684,0026e788
001aa684,0026e85c
001aa684,002700f0
001aa684,0028ca60
001aa798,0026e3f8
001aa798,0026e478
001aa798,0026e7fc
001aa798,0026e85c
001aa798,002700f0
001aa81c,0026e3f8
001aa81c,0026e478
001aa81c,0026e7fc
001aa81c,0026e85c
001aa81c,002700f0
001aa8a8,001930f0
001aa8a8,0026e788
001aa8a8,00287048
001aa8a8,0028ca60
001aa8a8,0036ff64
001aa964,0026ff90
001aa964,00286fdc
001aa9bc,0026e788
001aa9bc,0026e7fc
001aa9bc,0026e85c
001aa9bc,00286fdc
001aa9bc,0028ca60
001aaa50,0026e4b8
001aaa50,0026e788
001aaa50,0028ca60
001aaa50,0028f048
001aaa50,0028f1d0
001aaa50,0028f2bc
001aaae8,0026e788
001aaae8,0026e7fc
001aaae8,0026e85c
001aaae8,0026f408
001aaae8,002892a4
001aaae8,0028ca60
001aaae8,0028f2bc
001aab8c,0014fa24
001aab8c,0018f1b0
001aab8c,0026e6dc
001aab8c,0026e788
001aab8c,00289cec
001aab8c,00289d8c
001aab8c,00289dec
001aab8c,00289e1c
001aab8c,00289f98
001aab8c,0028a2b8
001aab8c,0028a35c
001aab8c,0028ca60
001aab8c,0028eea0
001aab8c,00291810
001aab8c,002942d4
001aab8c,00294320
001aab8c,00295ee4
001aab8c,00295f04
001aab8c,00295f10
001aab8c,00299c38
001aab8c,0029e630
001aab8c,002a6188
001aab8c,002a7030
001aab8c,0034e9b8
001aaefc,001aaf0c
001aaefc,002a8ffc
001aaf0c,001911ec
001aaf0c,001951e8
001aaf0c,0026e110
001aaf0c,0026e170
001aaf0c,0026e4c0
001aaf0c,0027ece8
001aaf0c,00289a04
001aaf0c,00289a3c
001aaf0c,0028ee48
001aaf0c,00293e74
001aaf0c,00293f64
001aaf0c,00293fa4
001aaf0c,00295f80
001aaf0c,00296060
001aaf0c,002a8134
001aaf0c,002a8ffc
001aaf0c,00350bb0
001ab188,00197588
001ab188,0026de8c
001ab188,0028ca60
001ab188,0028cc54
001ab188,00294bd8
001ab2e4,0026de8c
001ab2e4,0028a9d0
001ab2e4,0028ca60
001ab360,001ab9a8
001ab360,0026de8c
001ab360,0028ca60
001ab3c0,00195cf0
001ab3c0,001ab9a8
001ab3c0,0026dc5c
001ab3c0,0026de8c
001ab3c0,0027c114
001ab3c0,0028a744
001ab3c0,0028a7b4
001ab3c0,0028a994
001ab3c0,0028ca60
001ab3c0,002919d4
001ab3c0,00294bd8
001ab3c0,00299c28
001ab3c0,0036ffa4
001ab3c0,0036ffac
001ab718,0026de8c
001ab718,0028ca60
001ab718,00294768
001ab78c,0028a994
001ab78c,00294750
001ab7b0,0026de8c
001ab7b0,0028ca60
001ab7b0,00294348
001ab91c,0026de8c
001ab91c,0028ca60
001ab91c,00294394
001ab980,0026dc5c
001ab980,00294334
001ab9a8,001456e8
001ab9a8,0026d898
001ab9a8,0026d8c4
001ab9a8,0026db04
001ab9a8,0027ee0c
001ab9a8,00299c28
001ab9a8,002a7f5c
001ab9a8,00381a10
001abba4,00197680
001abba4,0026d850
001abba4,0026de8c
001abba4,00276290
001abba4,002764cc
001abba4,00289c30
001abba4,00289cec
001abba4,0028a2b8
001abba4,0028a35c
001abba4,0028ca60
001abba4,002942d4
001abba4,00294320
001abba4,00295ee4
001abba4,00295f04
001abba4,00295f10
001abba4,00299c38
001abba4,002a6188
001abba4,002a7030
001abba4,002a8ffc
001ac04c,001ac05c
001ac04c,002a8ffc
001ac05c,001972dc
001ac05c,00276290
001ac05c,00289a04
001ac05c,00289a3c
001ac05c,00293e74
001ac05c,00293f64
001ac05c,00293fa4
001ac05c,00296060
001ac05c,002a7f5c
001ac05c,002a8ffc
001ac22c,0026d5ac
001ac2b4,0026d5ac
001ac2b4,002a7f5c
001ac2b4,002a7f64
001ac610,0026d564
001ac610,00299c28
001ac78c,0026d5ac
001ac808,002760dc
001ac860,001ac870
001ac860,002a8ffc
001ac870,002861f0
001ac870,002a7f5c
001acab0,002a7f5c
001acb60,002954f4
001acb60,002a7030
001acc34,0027ece8
001acc34,0028eb70
001acc34,00295d80
001acc34,00296124
001acc34,002961ac
001acca8,00291f20
001acca8,002954f4
001acca8,002a7030
001acd7c,00148030
001acd7c,0026d4a4
001acd7c,0026d518
001acd7c,00276814
001acd7c,002876f0
001acd7c,0028e64c
001acd7c,00291f20
001acd7c,002954f4
001acf04,001ad93c
001acf04,002876f0
001acf4c,002876f0
001acf4c,002908d0
001acf4c,00291f20
001acfc0,0023fef4
001acfc0,0026d518
001acfc0,00286904
001acfc0,00291f20
001acfc0,00293064
001ad0e4,0026d4a4
001ad0e4,00287048
001ad0e4,002954f4
001ad164,00286fdc
001ad164,00295d80
001ad1a0,0026d4a4
001ad1a0,0026d518
001ad1a0,00286f54
001ad1a0,00286fdc
001ad1a0,002876f0
001ad1a0,00291f20
001ad1a0,002954f4
001ad294,0026d4a4
001ad294,0028a9d0
001ad294,00294768
001ad294,002954f4
001ad388,0016b050
001ad388,0026d4a4
001ad388,0026d518
001ad388,0026efb0
001ad388,00276814
001ad388,00281674
001ad388,00286a68
001ad388,00286ad0
001ad388,00286d64
001ad388,0028cb80
001ad388,002908d0
001ad388,00291f20
001ad388,002923f8
001ad388,00292b60
001ad388,00292c10
001ad388,00296618
001ad388,002a6030
001ad388,002a7030
001ad388,002f3764
001ad388,002f3ee0
001ad93c,0026d4a4
001ad93c,0026d518
001ad93c,002876f0
001ad93c,00291f20
001ad93c,002954f4
001ad9f4,0026d4a4
001ad9f4,0028f1d0
001ad9f4,0028f2bc
001ad9f4,002954f4
001ada74,00294750
001ada74,00295d80
001adab8,001ad93c
001adab8,0028f2bc
001adaf4,0026d4a4
001adaf4,00294348
001adaf4,00294394
001adaf4,002954f4
001adbd0,001ad388
001adbd0,00294334
001adbd0,00294348
001adc00,0026d4a4
001adc00,00276814
001adc00,0028151c
001adc00,0028689c
001adc00,00287714
001adc00,00289cec
001adc00,0028a2b8
001adc00,0028eea0
001adc00,00291810
001adc00,00292620
001adc00,002942d4
001adc00,00294320
001adc00,00294bd8
001adc00,00295ee4
001adc00,00295f04
001adc00,00295f10
001adc00,00299c38
001adc00,002a6030
001adc00,002a6188
001adf64,0023fef4
001adf64,00286904
001adf64,00291304
001adf64,00291668
001adf64,00293064
001adf64,002a7490
001adf64,002f3764
001ae058,002876f0
001ae058,00291f20
001ae058,002a6030
001ae058,002a7030
001ae1a8,0023fef4
001ae1a8,00286904
001ae1a8,00291304
001ae1a8,00291668
001ae1a8,00291f20
001ae1a8,00293064
001ae1a8,002a7490
001ae1a8,002f3764
001ae304,00287048
001ae304,002870b0
001ae304,002954f4
001ae304,002a7030
001ae3e4,00286fdc
001ae3e4,00295d80
001ae41c,00286fdc
001ae41c,002876f0
001ae41c,00291f20
001ae41c,002954f4
001ae41c,002a7030
001ae57c,002a7f5c
001ae57c,0039a2b0
001ae698,0026cff4
001ae698,0026d20c
001ae698,0028d0ac
001ae698,00294bd8
001ae698,00295d80
001ae698,0029a5a4
001ae698,002a6030
001ae698,002a7030
001ae698,0036f8b0
001ae828,0026cff4
001ae828,0026d20c
001ae828,0028d0ac
001ae828,00294bd8
001ae828,00295d80
001ae828,0029a5a4
001ae828,002a6030
001ae828,002a7030
001ae828,003700e4
001ae828,003700f8
001ae9c8,00199d58
001ae9c8,0026cf38
001ae9c8,0026cfa0
001ae9c8,0026cfc0
001ae9c8,0027236c
001ae9c8,00275db4
001ae9c8,0027d668
001ae9c8,0028d0ac
001ae9c8,002930d0
001ae9c8,00294394
001ae9c8,00295d80
001ae9c8,002f3200
001aeaec,0026cdc8
001aeaec,0026cde8
001aeaec,0026cdf4
001aeb78,0026cbc4
001aeb78,0026cc20
001aeb78,0026cd80
001aecb4,002760dc
001aece0,001aecf0
001aece0,002a8ffc
001aecf0,002861f0
001aecf0,002a7f5c
001aef50,001c8510
001aef8c,001c8518
001aef8c,002917b4
001aef8c,00292600
001aef8c,002930d0
001aef8c,002965a8
001aef8c,002965d8
001af0b0,001c8584
001af0b0,0023fef4
001af0b0,00293064
001af11c,001c85c0
001af150,001c85c8
001af150,002917b4
001af150,00292600
001af150,00295f04
001af150,00295f10
001af150,002965a8
001af150,002965d8
001af150,00296618
001af150,002a6188
001af150,002a7030
001af150,002a7f5c
001af150,002a7f64
001af56c,0026cb00
001af56c,0029a360
001af56c,002a7f5c
001af5e0,002a7f5c
001af6b4,0028e7c4
001af6c0,002a7f5c
001af6c0,002a7f64
001af900,002a7030
001af900,00361ef4
001af900,003ad150
001af998,002a7f5c
001af998,002a8ffc
001afa64,0026c9a4
001afa64,0026ef18
001afa64,0027d570
001afa64,0027d57c
001afa64,0028a7b4
001afa64,0028a994
001afa64,002919d4
001afa64,00294068
001afb3c,0026c930
001afb3c,0026c9a4
001afb3c,0027deb4
001afb3c,00289dd0
001afb3c,0028ca60
001afb3c,0028cc54
001afb3c,0028d6b0
001afb3c,0028d7b0
001afb3c,002a7030
001afb3c,002a8ffc
001afb3c,0037d314
001afc88,0026c930
001afc88,0027c918
001afc88,0027c978
001afc88,0027cb2c
001afc88,0028ca60
001afc88,00294334
001afc88,002a7030
001afc88,002a8ffc
001afd64,001b0924
001afd64,0026c930
001afd64,0028a9d0
001afd64,0028ca60
001afd64,00294348
001afd64,00294768
001afee8,0026c930
001afee8,0027c8e4
001afee8,0027c8f0
001afee8,0027c918
001afee8,0028a994
001afee8,0028ca60
001afee8,002a8ffc
001affa0,0026c930
001affa0,00278c48
001affa0,0027c47c
001affa0,0027c630
001affa0,0028ca60
001affa0,0028fc40
001affa0,002a7030
001affa0,002a8ffc
001b0084,0026c930
001b0084,0027c918
001b0084,0027c978
001b0084,0028ca60
001b0084,002a7030
001b0084,002a8ffc
001b0144,0026c930
001b0144,0028ca60
001b0144,00294348
001b0144,00294394
001b0220,0026c930
001b0220,0028a9d0
001b0220,0028ca60
001b0220,0028e64c
001b0220,00294768
001b0220,00294b24
001b0470,0026c930
001b0470,0027c3a8
001b0470,0027c45c
001b0470,0027c47c
001b0470,0028ca60
001b0470,002a8ffc
001b0564,0026c9a4
001b0564,0027c45c
001b0564,0027c47c
001b0564,0028a994
001b0564,002a8ffc
001b05c0,0026c930
001b05c0,0027c8f0
001b05c0,0027c918
001b05c0,0028a994
001b05c0,0028ca60
001b05c0,002a8ffc
001b0664,0028a994
001b0664,0028f1d0
001b0664,0028f2bc
001b06a4,001a5288
001b06a4,0026c930
001b06a4,00289394
001b06a4,00289dd0
001b06a4,0028a994
001b06a4,0028ca60
001b06a4,0028cc54
001b06a4,0028d6b0
001b06a4,0028d7b0
001b06a4,002a7030
001b06a4,002a8ffc
001b06a4,0037d314
001b0824,0026c930
001b0824,0027c37c
001b0824,0027c394
001b0824,0028ca60
001b0824,0028e64c
001b0824,00294b24
001b0924,0026c930
001b0924,00286f34
001b0924,0028ca60
001b09d0,001b0924
001b09d0,0026c930
001b09d0,0027de64
001b09d0,0027deb4
001b09d0,00289ca4
001b09d0,0028ca60
001b09d0,00294bd8
001b09d0,00299c28
001b0b20,0028a994
001b0b20,0028e630
001b0b44,0026c9a4
001b0b44,0028a994
001b0b44,0028f1d0
001b0b44,0028f2bc
001b0ba0,0026c930
001b0ba0,0028ca60
001b0ba0,00294bd8
001b0c38,0028a994
001b0c38,00294750
001b0c60,0026c930
001b0c60,0028ca60
001b0c60,00294348
001b0c60,00294394
001b0d3c,0026c930
001b0d3c,0027bbcc
001b0d3c,0027bce0
001b0d3c,0028ca60
001b0d3c,00294334
001b0d3c,00299bd0
001b0d3c,00299c28
001b0d3c,00299c38
001b0d3c,002a7030
001b0d3c,002a8ffc
001b0e48,0026c894
001b0e48,0026c930
001b0e48,0027bbac
001b0e48,0027bbbc
001b0e48,0027df20
001b0e48,00281478
001b0e48,00289cec
001b0e48,0028a2b8
001b0e48,0028a35c
001b0e48,0028ca60
001b0e48,0028eea0
001b0e48,002942d4
001b0e48,00294320
001b0e48,00295ee4
001b0e48,00295f04
001b0e48,00295f10
001b0e48,002a6188
001b1020,001b1030
001b1020,002a8ffc
001b1030,0027bbcc
001b1030,0027c47c
001b1030,0027c918
001b1030,0027de00
001b1030,00289394
001b1030,00289a04
001b1030,00289a3c
001b1030,00289b54
001b1030,0028d6b0
001b1030,0028ee48
001b1030,00293e74
001b1030,00293f64
001b1030,00293fa4
001b1030,00296060
001b1030,002a8ffc
001b11b0,00296124
001b11b4,00291f20
001b1200,0023fef4
001b1200,00293064
001b1240,0023fef4
001b1240,00290ea8
001b1240,00296200
001b1240,00296618
001b1240,002a7030
001b13dc,002923f8
001b13dc,002f3764
001b1444,00292c10
001b1444,002f3764
001b14ac,00291810
001b14ac,00295f04
001b14ac,00295f10
001b14ac,002a6188
001b1508,00295f80
001b1508,00296060
001b1540,001b5cf8
001b1540,0026b964
001b1540,0026bb40
001b1540,0026c2b0
001b1540,0026c2e0
001b1540,0026c354
001b1540,0026c40c
001b1540,0026c5e4
001b1540,0026c6f4
001b1540,002954f4
001b1540,00295d80
001b1540,0029a238
001b1540,002a7030
001b1540,002a7f5c
001b1540,002a8ffc
001b1540,00370afc
001b1540,00370b04
001b1540,00370c04
001b18b8,0026ae44
001b18b8,0026b028
001b18b8,0026b638
001b18b8,0026b964
001b18b8,0026bb40
001b18b8,0026c2b0
001b18b8,0026c2e0
001b18b8,0026c354
001b18b8,0028d0d0
001b18b8,00294bd8
001b18b8,002954f4
001b18b8,002a7030
001b18b8,002a8ffc
001b1b4c,001b2cd0
001b1b4c,00294334
001b1b4c,00294348
001b1b84,0026ae04
001b1b84,0026ae18
001b1b84,0026c2e0
001b1b84,0028a9d0
001b1b84,002954f4
001b1c14,001b45f0
001b1c14,001b8500
001b1c14,001b9d10
001b1c14,0026ab4c
001b1c14,0026ad54
001b1c14,0026ad7c
001b1c14,0026adcc
001b1c14,0026ae44
001b1c14,0026b028
001b1c14,0026c2e0
001b1c14,0026c354
001b1c14,0026c40c
001b1c14,0026c6f4
001b1c14,0028d0d0
001b1c14,002954f4
001b1c14,00295d80
001b1c14,002a7030
001b1c14,002a8ffc
001b1c14,00370b24
001b2058,0026ae44
001b2058,0026b028
001b2058,0026b638
001b2058,0026b964
001b2058,0026c2e0
001b2058,0026c354
001b2058,0028d0d0
001b2058,00294bd8
001b2058,002954f4
001b2058,00295d80
001b2058,002a7030
001b2058,002a8ffc
001b2058,00370b4c
001b2274,0026ab38
001b2274,0026c2e0
001b2274,00294348
001b2274,00294394
001b2274,002954f4
001b23a0,001b45f0
001b23a0,0026c2e0
001b23a0,0026c354
001b23a0,0026c6f4
001b23a0,00294334
001b23a0,00294348
001b23a0,002954f4
001b23a0,002a7030
001b23a0,002a8ffc
001b24e4,001b5a90
001b24e4,001b8500
001b24e4,0026ab4c
001b24e4,0026ad54
001b24e4,0026ae44
001b24e4,0026b964
001b24e4,0026bb40
001b24e4,0026c2b0
001b24e4,0026c2e0
001b24e4,0026c354
001b24e4,0026c40c
001b24e4,0026c5e4
001b24e4,002954f4
001b24e4,00295d80
001b24e4,0029a238
001b24e4,0029a360
001b24e4,0029d77c
001b24e4,002a7030
001b24e4,002a7f5c
001b24e4,002a7f64
001b24e4,002a81f0
001b24e4,002a8ffc
001b24e4,002a9020
001b24e4,00370b78
001b24e4,00370b84
001b2c10,0026ae04
001b2c10,0026c2e0
001b2c10,00294768
001b2c10,002954f4
001b2c90,00294750
001b2c90,00295d80
001b2cd0,001b3738
001b2cd0,001b9d10
001b2cd0,0026ad7c
001b2cd0,0026adcc
001b2cd0,0026c2b0
001b2cd0,0026c2e0
001b2cd0,0027d884
001b2cd0,00295d80
001b2cd0,002a6030
001b2cd0,002a7030
001b2cd0,002a8ffc
001b2ea0,0026c2e0
001b2ea0,00276c58
001b2ea0,0028f158
001b2ea0,002954f4
001b2f98,001b5a90
001b2f98,0026ab4c
001b2f98,0026ae44
001b2f98,0026b028
001b2f98,0026c2e0
001b2f98,0026c354
001b2f98,0026c40c
001b2f98,0026c5e4
001b2f98,002954f4
001b2f98,0029a238
001b2f98,002a7030
001b2f98,002a7f5c
001b2f98,002a8ffc
001b2f98,00370c14
001b2f98,00370c1c
001b2f98,00370c24
001b32fc,00295d80
001b32fc,00370c48
001b3350,001b3738
001b3350,0026c2e0
001b3350,002812dc
001b3350,00287590
001b3350,002954f4
001b343c,0026c2e0
001b343c,0026f408
001b343c,002892a4
001b343c,0028f048
001b343c,0028f1d0
001b343c,0028f2bc
001b343c,002954f4
001b3554,0028f2bc
001b3554,00295d80
001b3594,002812dc
001b3594,00295d80
001b35d0,002812dc
001b35d0,00295d80
001b360c,0026ab38
001b360c,0026c2e0
001b360c,00294348
001b360c,00294394
001b360c,002954f4
001b3738,0026c2b0
001b3738,0026c2e0
001b3738,002a6030
001b3838,0026a904
001b3838,0028e8ec
001b3838,002954f4
001b3838,00295d80
001b3910,001e7938
001b3910,0020b30c
001b3910,002532c4
001b3910,0026a8b8
001b3910,0026a8f4
001b3910,00295d80
001b3910,0029a360
001b3910,0029cf30
001b3910,002a7b94
001b3910,002a7f5c
001b3910,002a7f64
001b3910,002a81f0
001b3910,002a9020
001b3c48,001e7938
001b3c48,0020afd0
001b3c48,0020b30c
001b3c48,0026a8b8
001b3c48,00295d80
001b3c48,0029cf30
001b3c48,002a7b94
001b3d60,0026a904
001b3d60,002a6030
001b3de8,0026a904
001b3de8,002a6030
001b3e70,0026a904
001b3e70,002a6030
001b3f10,0026a904
001b3f10,002a6030
001b3f94,0026a904
001b3f94,0028e958
001b3f94,0028e9c0
001b3f94,0028ea10
001b3f94,00293e74
001b3f94,002954f4
001b3f94,00296060
001b3f94,002a7030
001b3f94,002a8ffc
001b4080,001b44d0
001b4080,00292984
001b40c0,001b44d0
001b40c0,00292d1c
001b40c0,00293460
001b4124,0023fef4
001b4124,0027ea6c
001b4124,0027ed1c
001b4124,00291f20
001b4124,00293064
001b429c,00287048
001b429c,002870b0
001b429c,002954f4
001b429c,002a7030
001b4370,00286fdc
001b4370,00295d80
001b43a8,0027ed1c
001b43a8,00286f54
001b43a8,00286fdc
001b43a8,00291f20
001b43a8,002954f4
001b43a8,002a7030
001b44d0,0027ed1c
001b44d0,00291f20
001b44d0,00292984
001b44d0,002954f4
001b44d0,002a7030
001b45f0,001b7948
001b45f0,0023fef4
001b45f0,0027e6f4
001b45f0,0027ea6c
001b45f0,0027ed1c
001b45f0,0028202c
001b45f0,00282090
001b45f0,00282298
001b45f0,00286a68
001b45f0,00286d64
001b45f0,0028cb80
001b45f0,00291810
001b45f0,00291f20
001b45f0,002923f8
001b45f0,00292600
001b45f0,00292620
001b45f0,00293064
001b45f0,00295f04
001b45f0,00295f10
001b45f0,002965a8
001b45f0,002965d8
001b45f0,00296618
001b45f0,00299c38
001b45f0,002a6030
001b45f0,002a6188
001b45f0,002a7030
001b45f0,002a7f5c
001b45f0,002a7f64
001b45f0,002f3764
001b4fc8,0026a844
001b4fc8,0026efb0
001b4fc8,00286a68
001b4fc8,00286d64
001b4fc8,00291f20
001b4fc8,00296618
001b4fc8,002a6030
001b4fc8,002a7030
001b51b0,0026a844
001b51b0,0026a978
001b51b0,00287048
001b51b0,00291f20
001b51b0,002954f4
001b51b0,002a7030
001b51b0,002a8ffc
001b51b0,00345640
001b538c,0026a844
001b538c,0026ae04
001b538c,0026ae18
001b538c,0028a9d0
001b538c,002954f4
001b5418,0026a844
001b5418,00291f20
001b5418,002954f4
001b54a8,0026a844
001b54a8,00287048
001b54a8,002954f4
001b5524,00286fdc
001b5524,00295d80
001b555c,0026a844
001b555c,00286fdc
001b555c,00291f20
001b555c,002954f4
001b55f0,0026a844
001b55f0,0026ae04
001b55f0,00294768
001b55f0,002954f4
001b566c,0026a844
001b566c,0028f1d0
001b566c,0028f2bc
001b566c,002954f4
001b56f8,0026a844
001b56f8,00291f20
001b56f8,00294750
001b56f8,002954f4
001b5794,0026a844
001b5794,002892a4
001b5794,0028f2bc
001b5794,002954f4
001b5810,0026a844
001b5810,0026ab38
001b5810,00294348
001b5810,00294394
001b5810,002954f4
001b5934,0026a844
001b5934,0028f01c
001b5934,00294334
001b5934,002954f4
001b59e8,0026a844
001b59e8,00286fdc
001b59e8,00294bd8
001b59e8,002954f4
001b5a90,001b4fc8
001b5a90,001b7f10
001b5a90,0026a5a0
001b5a90,0028eea0
001b5a90,00291810
001b5a90,002942d4
001b5a90,00294320
001b5a90,00295ee4
001b5a90,00295f04
001b5a90,00295f10
001b5a90,00299c38
001b5a90,002a6188
001b5a90,0039adb4
001b5cf8,001b4fc8
001b5cf8,0026a5a0
001b5cf8,0028eea0
001b5cf8,00291810
001b5cf8,002942d4
001b5cf8,00294320
001b5cf8,00295ee4
001b5cf8,00295f04
001b5cf8,00295f10
001b5cf8,00299c38
001b5cf8,002a6188
001b5cf8,0039adb4
001b5f48,0026a514
001b5f48,00286a68
001b5f48,00286d64
001b5f48,00291f20
001b5f48,00296200
001b5f48,00296618
001b5f48,00299c38
001b5f48,002a6030
001b5f48,002a7030
001b61e8,0026a514
001b61e8,0026ae04
001b61e8,0026ae18
001b61e8,0028a9d0
001b61e8,002954f4
001b6278,0026a48c
001b6298,0026a48c
001b6298,0026a514
001b6298,0028e64c
001b6298,00291f20
001b6298,002954f4
001b63a4,0026a514
001b63a4,00287048
001b63a4,002954f4
001b6424,00286fdc
001b6424,00295d80
001b6460,0026a514
001b6460,00286fdc
001b6460,00291f20
001b6460,002954f4
001b6504,0026a514
001b6504,0026ae04
001b6504,00294768
001b6504,002954f4
001b6580,0026a48c
001b6580,00294750
001b65a8,0026a514
001b65a8,002892a4
001b65a8,0028f1d0
001b65a8,0028f2bc
001b65a8,00291884
001b65a8,00291f20
001b65a8,002954f4
001b65a8,00345834
001b66d0,0026a514
001b66d0,00287048
001b66d0,002892a4
001b66d0,0028f2bc
001b66d0,002954f4
001b6760,0026a514
001b6760,00286fdc
001b6760,00294bd8
001b6760,002954f4
001b6808,0026a514
001b6808,0026ab38
001b6808,00294348
001b6808,00294394
001b6808,002954f4
001b692c,0026a48c
001b692c,00294334
001b6964,0026a3d0
001b6964,0026a978
001b6964,0026b638
001b6964,00291f20
001b6964,002954f4
001b6964,002a7030
001b6964,002a8ffc
001b6b3c,0026a3d0
001b6b3c,0026ae04
001b6b3c,0026ae18
001b6b3c,0028a9d0
001b6b3c,0028e64c
001b6b3c,002954f4
001b6c68,0026a3d0
001b6c68,00291f20
001b6c68,002954f4
001b6d08,0026a3d0
001b6d08,00287330
001b6d08,00291f20
001b6d08,002954f4
001b6de4,0026a3d0
001b6de4,00287048
001b6de4,002954f4
001b6e64,00286fdc
001b6e64,00295d80
001b6ea0,0026a3d0
001b6ea0,00286fdc
001b6ea0,00291f20
001b6ea0,002954f4
001b6f58,0026a3d0
001b6f58,0026ae04
001b6f58,0028e64c
001b6f58,00294768
001b6f58,002954f4
001b7050,0026a3d0
001b7050,00286a68
001b7050,00291884
001b7050,00294750
001b7050,002954f4
001b70dc,0026a3d0
001b70dc,00286a68
001b70dc,002892a4
001b70dc,0028f1d0
001b70dc,0028f2bc
001b70dc,00291884
001b70dc,002954f4
001b7190,0026a3d0
001b7190,00286fdc
001b7190,00291f20
001b7190,002954f4
001b7248,0026a3d0
001b7248,00287048
001b7248,002954f4
001b72c8,0026a3d0
001b72c8,0028a438
001b72c8,002908d0
001b72c8,00291f20
001b72c8,00292c10
001b72c8,002954f4
001b72c8,0029a360
001b72c8,0029d77c
001b72c8,002a7f5c
001b72c8,002a7f64
001b72c8,002a81f0
001b72c8,002a9020
001b72c8,002f3764
001b76b0,0026a3d0
001b76b0,00286fdc
001b76b0,00294bd8
001b76b0,002954f4
001b7758,0026a3d0
001b7758,0026ab38
001b7758,00294348
001b7758,00294394
001b7758,002954f4
001b787c,0026a3d0
001b787c,00291f20
001b787c,00294334
001b787c,00294348
001b787c,002954f4
001b792c,00291f20
001b7948,0028383c
001b7948,002917b4
001b7948,00291810
001b7948,00292c10
001b7948,00296200
001b7948,002965d8
001b7948,00296618
001b7948,002a7030
001b7948,002f3764
001b7b90,0028383c
001b7b90,002917b4
001b7b90,00291810
001b7b90,00292c10
001b7b90,00296200
001b7b90,002965d8
001b7b90,00296618
001b7b90,002a7030
001b7b90,002f3764
001b7ecc,00283654
001b7ecc,00295f80
001b7ecc,002a8ffc
001b7f10,00292c10
001b7f10,002f3764
001b7fd8,001b83f4
001b7fd8,002876f0
001b8018,001b83f4
001b8018,00292d1c
001b8018,00293460
001b807c,0023fef4
001b807c,0027ea6c
001b807c,0027ed1c
001b807c,00291f20
001b807c,00293064
001b81c4,00287048
001b81c4,002870b0
001b81c4,002954f4
001b81c4,002a7030
001b829c,00286fdc
001b829c,00295d80
001b82d8,0027ed1c
001b82d8,00286f54
001b82d8,00286fdc
001b82d8,00291f20
001b82d8,002954f4
001b82d8,002a7030
001b83f4,0027ed1c
001b83f4,002876f0
001b83f4,00291f20
001b83f4,002954f4
001b83f4,002a7030
001b8c40,001b7b90
001b8c40,0023fef4
001b8c40,0026a444
001b8c40,0026a588
001b8c40,0026a5a0
001b8c40,0027e6f4
001b8c40,0027ea6c
001b8c40,0027ed1c
001b8c40,00280c94
001b8c40,00286a68
001b8c40,00286ad0
001b8c40,00286ce8
001b8c40,00286d64
001b8c40,00291810
001b8c40,00291f20
001b8c40,00291fa8
001b8c40,00292600
001b8c40,00292620
001b8c40,00293064
001b8c40,00295f04
001b8c40,00295f10
001b8c40,002965a8
001b8c40,002965d8
001b8c40,00296618
001b8c40,00299c38
001b8c40,002a6030
001b8c40,002a6188
001b8c40,002a7030
001b8c40,002a7f5c
001b8c40,002a7f64
001b8c40,002a81f0
001b8c40,002a8ffc
001b8c40,002a9020
001b8c40,00370bb0
001b9394,00150790
001b9394,001b9c18
001b9394,00270f90
001b9394,0028e64c
001b9394,00291f20
001b9394,002954f4
001b9394,002a7030
001b94f4,0026a280
001b94f4,002ebd6c
001b94f4,002ee808
001b9690,001b94f4
001b9690,0026a22c
001b99e4,00287048
001b99e4,002954f4
001b99e4,002a7030
001b9ab4,00286fdc
001b9ab4,00295d80
001b9af0,00270f90
001b9af0,00286fdc
001b9af0,00291f20
001b9af0,002954f4
001b9af0,002a7030
001b9c18,00270f90
001b9c18,00291f20
001b9c18,002954f4
001b9c18,002a7030
001b9d10,001b94f4
001b9d10,001e7058
001b9d10,0026a220
001b9d10,0026efb0
001b9d10,00270ba0
001b9d10,00270f90
001b9d10,00286a68
001b9d10,0028cb80
001b9d10,0028d0ac
001b9d10,0028d174
001b9d10,0028e64c
001b9d10,0028eea0
001b9d10,00291810
001b9d10,00291f20
001b9d10,002923f8
001b9d10,00294320
001b9d10,00295f04
001b9d10,00295f10
001b9d10,00296618
001b9d10,0029e408
001b9d10,0029e630
001b9d10,002a6030
001b9d10,002a6188
001b9d10,002a7030
001b9d10,002a7e38
001b9d10,002a7f5c
001b9d10,002a7f64
001b9d10,002a81f0
001b9d10,002a8f8c
001b9d10,002a9020
001b9d10,002f3764
001baaa0,00291f20
001baaa8,00276d70
001baac4,00295f48
001baaf0,0023ffe4
001baaf0,0026d23c
001baaf0,0026d24c
001baaf0,0026d2b4
001baaf0,0026d320
001baaf0,0026d38c
001baaf0,0026d39c
001baaf0,0026d3f4
001baaf0,0026d44c
001baaf0,00276140
001baaf0,00276158
001baaf0,0027ed28
001baaf0,00281874
001baaf0,00287824
001baaf0,0028d0d0
001baaf0,00290204
001baaf0,00290ea8
001baaf0,00290f90
001baaf0,002917a4
001baaf0,002917b4
001baaf0,00291810
001baaf0,002923f8
001baaf0,00292b48
001baaf0,00292b60
001baaf0,00292c10
001baaf0,00292ee0
001baaf0,00295ee4
001baaf0,00295f04
001baaf0,00295f10
001baaf0,00296200
001baaf0,002965a8
001baaf0,002965d8
001baaf0,00296618
001baaf0,002a6188
001baaf0,002a7030
001baaf0,002f3764
001bb808,0028eb70
001bb808,00293e74
001bb808,00295f80
001bb808,00296060
001bb808,00296124
001bb808,002961ac
001bb808,002a8ffc
001bb888,001e7294
001bb8f8,0026a130
001bb8f8,002875bc
001bb8f8,002892a4
001bb8f8,00295d80
001bb950,00287330
001bba50,001bb950
001bba50,002954f4
001bba50,002a7030
001bbb14,002875bc
001bbb14,002892a4
001bbb14,0028f1d0
001bbb14,0028f2bc
001bbb14,00295d80
001bbb78,001aa994
001bbb78,001e732c
001bbb78,002875bc
001bbb78,002892a4
001bbb78,0028a438
001bbb78,0028e64c
001bbb78,0028f01c
001bbb78,002954f4
001bbb78,00295d80
001bbb78,00299c38
001bbb78,002a7030
001bbe9c,001bb950
001bbe9c,002892a4
001bbe9c,0028f1d0
001bbe9c,0028f2bc
001bbe9c,002954f4
001bbe9c,002a7030
001bbf90,002875bc
001bbf90,002892a4
001bbf90,0028a438
001bbf90,00295d80
001bbfd4,00280d0c
001bbfd4,0028782c
001bc020,0026a0bc
001bc020,0027b7e4
001bc020,0028ca60
001bc020,00294768
001bc0b0,001612e0
001bc0b0,00161314
001bc0b0,0026a0bc
001bc0b0,0028ca60
001bc0b0,0028d3ec
001bc0b0,0028d458
001bc1b4,0026a0bc
001bc1b4,002764cc
001bc1b4,0027ece8
001bc1b4,00287714
001bc1b4,0028ca60
001bc1b4,0028cb3c
001bc1b4,0028cc54
001bc1b4,0028d3cc
001bc1b4,0028d3dc
001bc1b4,0028e64c
001bc36c,0026a0bc
001bc36c,00274238
001bc36c,00274254
001bc36c,0027444c
001bc36c,0027b680
001bc36c,0027b724
001bc36c,0027b81c
001bc36c,0027b838
001bc36c,00287748
001bc36c,0028a934
001bc36c,0028ca60
001bc36c,00299c38
001bc500,0026a0bc
001bc500,0028ca60
001bc500,0028f1d0
001bc500,0028f2bc
001bc574,0026a0bc
001bc574,0027b680
001bc574,0027b724
001bc574,0028a934
001bc574,0028ca60
001bc574,00294750
001bc618,002892a4
001bc618,0028a934
001bc618,0028f2bc
001bc64c,0029a29c
001bc67c,0026a0bc
001bc67c,0027b5b8
001bc67c,0028a35c
001bc67c,0028ca60
001bc67c,0028eea0
001bc67c,002942d4
001bc67c,00299c38
001bc714,00289a04
001bc714,0028ee48
001bc714,00293f64
001bc714,00293fa0
001bc714,0029a29c
001bc714,0029a360
001bc714,002a7f5c
001bc714,002a8ffc
001bc7ec,00289a04
001bc7ec,0028ee48
001bc7ec,00293f64
001bc7ec,00293fa0
001bc7ec,0029a29c
001bc7ec,0029a360
001bc7ec,002a7f5c
001bc8bc,00291f20
001bc8bc,002954f4
001bc8bc,002a7030
001bc988,00287048
001bc988,002954f4
001bc988,002a7030
001bca58,00286fdc
001bca58,00295d80
001bca94,00286fdc
001bca94,00291f20
001bca94,002954f4
001bca94,002a7030
001bcb6c,0028f1d0
001bcb6c,0028f2bc
001bcb6c,002954f4
001bcb6c,002a7030
001bcc50,001bfbac
001bcc50,00269f00
001bcc50,00269fc0
001bcc50,0026a008
001bcc50,00286a68
001bcc50,0028d174
001bcc50,0028e64c
001bcc50,0028eea0
001bcc50,00291810
001bcc50,00291f20
001bcc50,00295f04
001bcc50,00295f10
001bcc50,00296200
001bcc50,00296618
001bcc50,002a6030
001bcc50,002a6188
001bcc50,002a7030
001bcc50,002a8ffc
001bd1fc,00291f20
001bd1fc,002954f4
001bd1fc,002a7030
001bd2c4,0023ffe4
001bd2c4,002954f4
001bd2c4,002a7030
001bd3c8,0023ffe4
001bd3c8,00287048
001bd3c8,002954f4
001bd3c8,002a7030
001bd4b4,00286fdc
001bd4b4,00295d80
001bd4f0,0023ffe4
001bd4f0,002954f4
001bd4f0,002a6030
001bd4f0,002a7030
001bd658,00286fdc
001bd658,00291f20
001bd658,002954f4
001bd658,002a7030
001bd72c,0023ffe4
001bd72c,00295d80
001bd770,0023ffe4
001bd770,00286a68
001bd770,00291810
001bd770,00291f20
001bd770,002923f8
001bd770,00295ee4
001bd770,00295f04
001bd770,00295f10
001bd770,00296200
001bd770,00296618
001bd770,002a6030
001bd770,002a6188
001bd770,002a7030
001bd770,002f3764
001bda64,00293e74
001bda64,00293fa4
001bda64,00295f80
001bda64,00296060
001bda98,00269e8c
001bda98,00291f20
001bda98,002954f4
001bdb2c,001c07e8
001bdb2c,00269e50
001bdb2c,00269e8c
001bdb2c,00291f20
001bdb2c,002954f4
001bdb2c,002a7030
001bdb2c,002a8ffc
001bdbfc,00269e8c
001bdbfc,00287048
001bdbfc,002954f4
001bdc7c,00286fdc
001bdc7c,00295d80
001bdcb8,00269e8c
001bdcb8,00286fdc
001bdcb8,00291f20
001bdcb8,002954f4
001bdd50,00269e8c
001bdd50,0028a9d0
001bdd50,00294768
001bdd50,002954f4
001bde38,00294750
001bde38,00295d80
001bde78,001c07ac
001bde78,00269e50
001bde78,00269e8c
001bde78,00291884
001bde78,00291f20
001bde78,002954f4
001bde78,002a8ffc
001bdfd8,00269e8c
001bdfd8,00287048
001bdfd8,002954f4
001be058,00269e8c
001be058,00286fdc
001be058,00294bd8
001be058,002954f4
001be108,00269e8c
001be108,00294348
001be108,00294394
001be108,002954f4
001be1ec,00294334
001be1ec,00295d80
001be220,00269e8c
001be220,00269f00
001be220,00269fc0
001be220,0026a008
001be220,00286a68
001be220,00286d64
001be220,00287714
001be220,0028d174
001be220,00291810
001be220,00291f20
001be220,00292c10
001be220,002942d4
001be220,00294320
001be220,00295ee4
001be220,00295f04
001be220,00295f10
001be220,00296200
001be220,00296618
001be220,002a6030
001be220,002a6188
001be220,002a7030
001be220,002a8ffc
001be220,002f3764
001be858,00269d58
001be858,00269dcc
001be858,00287330
001be858,002875bc
001be858,0028d410
001be858,002954f4
001beadc,00269d58
001beadc,0026a008
001beadc,00287048
001beadc,002954f4
001bec54,00286fdc
001bec54,00295d80
001bec8c,00269d58
001bec8c,00269dcc
001bec8c,00286fdc
001bec8c,002954f4
001bed10,00269d58
001bed10,0028a9d0
001bed10,00294768
001bed10,002954f4
001bedf4,00269d58
001bedf4,00286a68
001bedf4,00291884
001bedf4,00294750
001bedf4,002954f4
001bee90,00269d58
001bee90,00269dcc
001bee90,00286fdc
001bee90,002954f4
001bef14,00269d58
001bef14,00287048
001bef14,002954f4
001bef90,00269d00
001bef90,00269d58
001bef90,00269dcc
001bef90,0027ed28
001bef90,0028a438
001bef90,00290a0c
001bef90,00290f50
001bef90,00292c10
001bef90,002954f4
001bef90,0029a29c
001bef90,0029a360
001bef90,0029a3f4
001bef90,0029d77c
001bef90,002a0964
001bef90,002a7f64
001bef90,002a81f0
001bef90,002a9020
001bef90,002f3764
001bf3d0,00269d58
001bf3d0,00286fdc
001bf3d0,00294bd8
001bf3d0,002954f4
001bf478,00269d58
001bf478,00294348
001bf478,00294394
001bf478,002954f4
001bf554,00269d58
001bf554,00269dcc
001bf554,00294334
001bf554,00294348
001bf554,002954f4
001bf5f0,00269d58
001bf5f0,00269dcc
001bf5f0,00269f00
001bf5f0,00269fc0
001bf5f0,0026a008
001bf5f0,00286a68
001bf5f0,00287714
001bf5f0,0028a258
001bf5f0,0028d174
001bf5f0,002908d0
001bf5f0,002923f8
001bf5f0,002942d4
001bf5f0,00294320
001bf5f0,00295ee4
001bf5f0,00295f04
001bf5f0,00295f10
001bf5f0,00296200
001bf5f0,00296618
001bf5f0,0029a3f4
001bf5f0,0029e630
001bf5f0,002a6030
001bf5f0,002a6188
001bf5f0,002a7030
001bf5f0,002a8ffc
001bf5f0,002f3764
001bfbac,0028cb80
001bfbac,002923f8
001bfbac,002f3764
001bfc1c,00294334
001bfc1c,002954f4
001bfc1c,002a7030
001bfcdc,00295d80
001bfce8,00294348
001bfce8,00294394
001bfce8,002954f4
001bfce8,002a7030
001bfe40,00294bd8
001bfe40,002954f4
001bfe40,002a7030
001bff2c,00294768
001bff2c,002954f4
001bff2c,002a7030
001c0008,00294750
001c0008,00295d80
001c0038,00269c20
001c0038,00269fc0
001c0038,00287714
001c0038,002942d4
001c0038,00294320
001c0038,00295ee4
001c0038,00295f04
001c0038,00295f10
001c0038,002a6030
001c0038,002a6188
001c0038,002a7030
001c0038,002a8ffc
001c04b0,00291f20
001c04b0,002954f4
001c04b0,002a7030
001c05c0,002954f4
001c05c0,002a7030
001c069c,00295d80
001c06c8,00291f20
001c06c8,002954f4
001c06c8,002a7030
001c07e8,0023ffe4
001c07e8,00291f20
001c07e8,00292c10
001c07e8,00295ee4
001c07e8,00295f04
001c07e8,00295f10
001c07e8,00296200
001c07e8,00296618
001c07e8,00299c38
001c07e8,0029e630
001c07e8,002a6030
001c07e8,002a6188
001c07e8,002a7030
001c07e8,002f3764
001c0a90,00295d80
001c0a90,003714a4
001c0af8,00295d80
001c0af8,003714cc
001c0b28,00295d80
001c0b28,00381700
001c0b54,0028a9d0
001c0b54,00294768
001c0b54,002954f4
001c0b54,002a7030
001c0c84,00294750
001c0c84,00295d80
001c0cb0,00294348
001c0cb0,00294394
001c0cb0,002954f4
001c0cb0,002a7030
001c0df8,00294334
001c0df8,00294348
001c0df8,002954f4
001c0df8,002a7030
001c0df8,002a8ffc
001c0df8,003512b8
001c0df8,003517a0
001c0f20,0028151c
001c0f20,00287714
001c0f20,002942d4
001c0f20,00294320
001c0f20,00294bd8
001c0f20,00295ee4
001c0f20,00295f04
001c0f20,00295f10
001c0f20,002a6030
001c0f20,002a6188
001c0f20,002a7030
001c1130,001a6ef0
001c1130,002699bc
001c1130,0029a29c
001c1130,002a7030
001c1130,002a7f5c
001c1130,002a7f64
001c1130,002a8938
001c1130,003b06a0
001c16c8,002699bc
001c16c8,002a7f5c
001c16c8,002a8ffc
001c1794,0029a3f4
001c17b4,0028a35c
001c17b4,0028ca60
001c17b4,002942d4
001c17b4,00294768
001c17b4,002a7030
001c188c,00289a04
001c188c,00293f64
001c188c,002a8ffc
001c18b0,0023fef4
001c18b0,00286904
001c18b0,00291304
001c18b0,00291668
001c18b0,00293064
001c18b0,002930d0
001c18b0,002965a8
001c18b0,002965d8
001c18b0,002a7490
001c18b0,002f3764
001c1a14,00269868
001c1a14,0028782c
001c1a14,0029a29c
001c1a14,002a7030
001c1a14,002a8938
001c1b00,002876f0
001c1b00,0028ca60
001c1b00,00291f20
001c1b00,002a7030
001c1c5c,001c18b0
001c1c5c,00291f20
001c1ce8,00161b1c
001c1ce8,0023fef4
001c1ce8,002697e8
001c1ce8,0026d23c
001c1ce8,0026d24c
001c1ce8,0026d2b4
001c1ce8,0026d320
001c1ce8,0026d38c
001c1ce8,0026d39c
001c1ce8,0026d3f4
001c1ce8,0026d44c
001c1ce8,0026e6ec
001c1ce8,00276140
001c1ce8,0027ece8
001c1ce8,00281674
001c1ce8,00281874
001c1ce8,00286a68
001c1ce8,00286ad0
001c1ce8,00286d64
001c1ce8,00286f54
001c1ce8,002876f0
001c1ce8,00287714
001c1ce8,00287824
001c1ce8,0028ca60
001c1ce8,0028cb80
001c1ce8,00290204
001c1ce8,00290f90
001c1ce8,002912e8
001c1ce8,00291668
001c1ce8,00291f20
001c1ce8,002923f8
001c1ce8,00292b60
001c1ce8,00292c10
001c1ce8,00292ee0
001c1ce8,00293064
001c1ce8,0029373c
001c1ce8,00296200
001c1ce8,002965a8
001c1ce8,002965d8
001c1ce8,00296618
001c1ce8,0029e4f0
001c1ce8,002a7030
001c1ce8,002a7490
001c1ce8,002a7f5c
001c1ce8,002a7f64
001c1ce8,002a81f0
001c1ce8,002a8f8c
001c1ce8,002a9020
001c1ce8,002ebd6c
001c1ce8,002ee808
001c1ce8,002f3764
001c2a34,00287048
001c2a34,002870b0
001c2a34,0028ca60
001c2a34,002a7030
001c2b08,001505b4
001c2b08,001dd77c
001c2b08,00286fdc
001c2b08,0028a7b4
001c2b08,0028a994
001c2b08,002919d4
001c2b8c,00286fdc
001c2b8c,002876f0
001c2b8c,0028ca60
001c2b8c,00291f20
001c2b8c,002a7030
001c2c94,001620b0
001c2c94,00269868
001c2c94,0028689c
001c2c94,0028782c
001c2c94,00289cec
001c2c94,0028a2b8
001c2c94,0028a35c
001c2c94,0028a994
001c2c94,0028ca60
001c2c94,00291810
001c2c94,00292620
001c2c94,00293814
001c2c94,00295f04
001c2c94,00295f10
001c2c94,00299c38
001c2c94,0029a29c
001c2c94,002a6188
001c2c94,002a7030
001c2c94,002a8938
001c300c,001c301c
001c300c,002a8ffc
001c301c,00162000
001c301c,001b11b0
001c301c,002695e8
001c301c,002696f8
001c301c,00270258
001c301c,0027ad60
001c301c,00286a10
001c301c,00289a04
001c301c,00289a3c
001c301c,0028f45c
001c301c,00291f60
001c301c,00293e74
001c301c,00293fa4
001c301c,00295f80
001c301c,00296060
001c301c,0029610c
001c301c,00296124
001c301c,002961ac
001c301c,002ee808
001c32e8,002a685c
001c32e8,002a68ec
001c32e8,00351d88
001c3310,00120ff0
001c3310,002a50d0
001c3310,002a685c
001c3310,002a68ec
001c3310,00352638
001c33d4,002a50d0
001c33f8,002a685c
001c33f8,002a68ec
001c3430,002a685c
001c3430,002a68ec
001c3430,00351dbc
001c3468,002a685c
001c3468,002a68ec
001c3468,00351e78
001c3498,002a685c
001c3498,002a68ec
001c3498,003520f4
001c34d0,002a685c
001c34d0,002a68ec
001c34d0,003521cc
001c3500,002a685c
001c3500,002a68ec
001c3500,003522bc
001c3530,002a685c
001c3530,002a68ec
001c3530,003523bc
001c3560,002a50d0
001c3560,002a685c
001c3560,002a68ec
001c3560,003521bc
001c3560,00352344
001c35c0,0029ee6c
001c35c0,0029feb4
001c35c0,002a50d0
001c35c0,002a5ff4
001c35c0,002a6030
001c35c0,002a7030
001c35c0,00351cdc
001c3768,002a685c
001c3768,002a68ec
001c3768,0035248c
001c37a0,00282c0c
001c37a0,00293fa4
001c37a0,002ebec8
001c37f0,00291f20
001c380c,0023fef4
001c380c,00293064
001c38a8,00287824
001c38a8,002917b4
001c38a8,00291810
001c38a8,002923f8
001c38a8,00292c10
001c38a8,00295f04
001c38a8,00295f10
001c38a8,00296200
001c38a8,002965d8
001c38a8,00296618
001c38a8,002a6188
001c38a8,002a7030
001c38a8,002f3764
001c3bc0,00269574
001c3bc0,00291f20
001c3bc0,00292984
001c3bc0,002954f4
001c3c84,001c380c
001c3c84,00286904
001c3c84,00291f20
001c3d44,00269574
001c3d44,00287048
001c3d44,002870b0
001c3d44,00293510
001c3d44,002954f4
001c3dd8,00286fdc
001c3dd8,00295d80
001c3e14,00269574
001c3e14,00286f54
001c3e14,00286fdc
001c3e14,00291f20
001c3e14,002954f4
001c3ea4,00269574
001c3ea4,00286fdc
001c3ea4,0028e64c
001c3ea4,002954f4
001c3f50,00269574
001c3f50,0028f1d0
001c3f50,0028f2bc
001c3f50,002954f4
001c3fe8,00269574
001c3fe8,002892a4
001c3fe8,0028f2bc
001c3fe8,00291f20
001c3fe8,00292984
001c3fe8,002954f4
001c4080,00269574
001c4080,002892a4
001c4080,0028f2bc
001c4080,00291f20
001c4080,00292984
001c4080,002954f4
001c4144,00269500
001c4144,00294394
001c4144,002954f4
001c41c0,002786f8
001c41c0,00295d80
001c41c0,002a8ffc
001c4208,00269500
001c4208,00294bd8
001c4208,002954f4
001c42a0,00269500
001c42a0,00278690
001c42a0,0028a9d0
001c42a0,00294334
001c42a0,00294348
001c42a0,00294768
001c42a0,002954f4
001c42a0,00295d80
001c4418,00269500
001c4418,00278240
001c4418,002783c0
001c4418,00278460
001c4418,00278500
001c4418,00278634
001c4418,0027864c
001c4418,00278660
001c4418,00278690
001c4418,002788d8
001c4418,0027a5f0
001c4418,00280c94
001c4418,002954f4
001c4418,0029a238
001c4418,002a0964
001c4418,002a7030
001c4418,002a8ffc
001c48f8,00269500
001c48f8,00277fdc
001c48f8,002786f8
001c48f8,00294750
001c48f8,002a6030
001c48f8,002a7030
001c48f8,002a8ffc
001c49b4,002876f0
001c49b4,00291f20
001c49b4,002954f4
001c49b4,002a7030
001c4ac4,0023fef4
001c4ac4,00286904
001c4ac4,00291f20
001c4ac4,00293064
001c4b8c,00287048
001c4b8c,002954f4
001c4b8c,002a7030
001c4c5c,00286fdc
001c4c5c,00295d80
001c4c98,00286f54
001c4c98,00286fdc
001c4c98,00291f20
001c4c98,002954f4
001c4c98,002a7030
001c4d80,00281674
001c4d80,0028689c
001c4d80,00286a68
001c4d80,00286ad0
001c4d80,00286d64
001c4d80,00290204
001c4d80,00291810
001c4d80,00291f20
001c4d80,002923f8
001c4d80,00292620
001c4d80,00292b60
001c4d80,00295f04
001c4d80,00295f10
001c4d80,002965a8
001c4d80,002965d8
001c4d80,00296618
001c4d80,00299c38
001c4d80,0029e630
001c4d80,002a6030
001c4d80,002a6188
001c4d80,002a7030
001c4d80,002f3764
001c5364,0026941c
001c5364,002694c8
001c5364,00291f20
001c53c4,0023ffe4
001c53c4,002954f4
001c53c4,002a7030
001c54cc,0023ffe4
001c54cc,00287048
001c54cc,002954f4
001c54cc,002a7030
001c55b8,00286fdc
001c55b8,00295d80
001c55f0,0023ffe4
001c55f0,002954f4
001c55f0,002a7030
001c56f0,00286fdc
001c56f0,002954f4
001c56f0,002a7030
001c57b8,0023ffe4
001c57b8,00295d80
001c5800,0023ffe4
001c5800,002954f4
001c5800,002a7030
001c5904,0023ffe4
001c5904,00287048
001c5904,002954f4
001c5904,002a7030
001c59f0,00286fdc
001c59f0,00295d80
001c5a24,002693c4
001c5a24,002954f4
001c5a24,002a7030
001c5aec,0023ffe4
001c5aec,002954f4
001c5aec,002a7030
001c5bec,00286fdc
001c5bec,002954f4
001c5bec,002a7030
001c5cb4,0023ffe4
001c5cb4,00295d80
001c5cf8,0023ffe4
001c5cf8,002769f4
001c5cf8,00276a38
001c5cf8,00276b4c
001c5cf8,00286a68
001c5cf8,0028cb80
001c5cf8,002923f8
001c5cf8,00295ee4
001c5cf8,00295f04
001c5cf8,00295f10
001c5cf8,00296618
001c5cf8,00299c38
001c5cf8,002a6030
001c5cf8,002a6188
001c5cf8,002a7030
001c5cf8,002f3764
001c60d0,001de95c
001c60d0,00291f20
001c6128,001de98c
001c6128,00269310
001c6128,002917b4
001c6128,00292600
001c6128,002965a8
001c6128,002965d8
001c6200,0026923c
001c6244,00297bc4
001c6408,001deb14
001c6408,0023fef4
001c6408,00293064
001c6474,00297bc4
001c6658,001dec94
001c6658,00291884
001c66a0,00268bd0
001c66a0,00268c88
001c66a0,00268fc0
001c66a0,00269230
001c66a0,00269310
001c66a0,00281a18
001c66a0,00290204
001c66a0,002908d0
001c66a0,00290f90
001c66a0,002917b4
001c66a0,00291810
001c66a0,002923f8
001c66a0,00292600
001c66a0,00295f04
001c66a0,00295f10
001c66a0,00296200
001c66a0,002965a8
001c66a0,002965d8
001c66a0,00296618
001c66a0,002a6188
001c66a0,002a7030
001c66a0,002f3764
001c6e18,0028cd1c
001c6e18,0028cdb4
001c6e18,0028f494
001c6e18,0028f6d4
001c6e18,0028fdc8
001c6e18,00295d80
001c6e18,002a7f5c
001c6e18,002ebd6c
001c6e18,002ee808
001c6f40,00380acc
001c6f54,00268b68
001c6f54,0026cdc8
001c6f54,0026cdf4
001c6fd4,002a7f5c
001c6fd4,002a7f64
001c72d8,0026cd80
001c72d8,0033628c
001c73dc,0026cbc4
001c73dc,0026cd80
001c7484,00268b68
001c7484,00335ff8
001c7484,003366b0
001c7510,002760dc
001c7538,001c7548
001c7538,002a8ffc
001c7548,002861f0
001c7548,002a7f5c
001c77a8,00299f50
001c77a8,0029a238
001c77a8,0029a29c
001c77a8,0029a360
001c781c,00299f50
001c781c,0029a238
001c781c,0029a29c
001c781c,0029a360
001c7890,0021b50c
001c7890,002689cc
001c7890,00268a28
001c7890,00268b48
001c7890,0029a184
001c7890,0029a238
001c7890,0029a3f4
001c7890,002a0964
001c7c00,0021b50c
001c7c00,00268914
001c7c00,00268980
001c7c00,00268a28
001c7c00,0029a184
001c7c00,0029a238
001c7c00,0029a3f4
001c7c00,002a0964
001c7f68,00268900
001c7f68,0027b664
001c7f68,00287748
001c7f68,0029a3f4
001c7f68,002ed9d8
001c7fb8,0029a238
001c7fb8,002ed9e8
001c7fe0,0028cf70
001c7fe0,00295d80
001c7fe0,002a7e38
001c7fe0,002a7f5c
001c7fe0,002a7f64
001c7fe0,002a81f0
001c7fe0,002a9020
001c82e0,00291174
001c82e0,002a6030
001c82e0,002a7030
001c83e8,0028cd1c
001c83e8,0028cdb4
001c83e8,0028f494
001c83e8,0028f6d4
001c83e8,00291174
001c83e8,00295d80
001c83e8,002a7f5c
001c83e8,002ebd6c
001c83e8,002ee808
001c8510,00291f20
001c8518,002917b4
001c8518,002930d0
001c8518,002965d8
001c8584,0023fef4
001c8584,00293064
001c85c0,00291884
001c87e0,00281a18
001c87e0,00281a28
001c87e0,00281ab0
001c87e0,0028367c
001c87e0,00296200
001c87e0,002a7030
001c87e0,002ee808
001c8974,0028f45c
001c8974,00293e74
001c8974,00293fa4
001c8974,00295f80
001c8974,00296060
001c8974,002a8134
001c8974,002ee808
001c8a58,002a7030
001c8a58,003062ac
001c8a58,003a99e4
001c8b6c,001711a4
001c8b6c,001711f4
001c8b6c,0020519c
001c8b6c,002688d8
001c8b6c,002a7bec
001c8b6c,002a8eac
001c8b6c,0036f9e0
001c8d18,0029a3f4
001c8d18,002a7f64
001c8e54,002a7f5c
001c8e54,002a8ffc
001c8e54,00396f28
001c8e54,003981a0
001c91cc,0027ece8
001c91cc,00291f20
001c91cc,002954f4
001c91cc,002a7030
001c92b8,00291f20
001c9320,00287048
001c9320,002954f4
001c9320,002a7030
001c9404,00286fdc
001c9404,00295d80
001c943c,0027ece8
001c943c,00286fdc
001c943c,00291f20
001c943c,002954f4
001c943c,002a7030
001c9528,0027e61c
001c9528,0027ece8
001c9528,00286a68
001c9528,00291810
001c9528,00291f20
001c9528,00295f04
001c9528,00295f10
001c9528,00296200
001c9528,00296618
001c9528,00299c38
001c9528,002a6030
001c9528,002a6188
001c9528,002a7030
001c985c,00291f20
001c9890,002687ec
001c9890,002688a4
001c9890,00287330
001c9890,0028d410
001c9890,0028e64c
001c9890,0028fc40
001c9890,002954f4
001c9890,002a7030
001c9a98,00287048
001c9a98,002954f4
001c9a98,002a7030
001c9b68,002687e4
001c9b68,00286fdc
001c9ba0,002687d8
001c9ba0,002687ec
001c9bcc,002688a4
001c9bcc,00286fdc
001c9bcc,002954f4
001c9bcc,002a7030
001c9ca4,002687ec
001c9ca4,0028f1d0
001c9ca4,0028f2bc
001c9ce8,002688a4
001c9ce8,0028a414
001c9ce8,0028a438
001c9ce8,00290a0c
001c9ce8,002923f8
001c9ce8,002954f4
001c9ce8,0029a360
001c9ce8,002a7030
001c9ce8,002a7f5c
001c9ce8,002f3764
001c9ee8,002685d0
001c9ee8,002688a4
001c9ee8,00286a68
001c9ee8,0028a258
001c9ee8,0028eea0
001c9ee8,00290a0c
001c9ee8,00291810
001c9ee8,002923f8
001c9ee8,00295f04
001c9ee8,00295f10
001c9ee8,00296200
001c9ee8,00296618
001c9ee8,00299c38
001c9ee8,002a6030
001c9ee8,002a6188
001c9ee8,002a7030
001c9ee8,002f3764
001ca294,002685a8
001ca294,00289ba0
001ca294,0028ee48
001ca294,00293fa4
001ca294,00295f80
001ca294,00296060
001ca294,002a8ffc
001ca2e4,00291f20
001ca30c,001ca558
001ca33c,00287048
001ca33c,002954f4
001ca33c,002a7030
001ca420,002687e4
001ca420,00286fdc
001ca458,001ca558
001ca458,002687d8
001ca484,002688a4
001ca484,00286fdc
001ca484,002954f4
001ca484,002a7030
001ca558,002688a4
001ca558,002954f4
001ca558,002a7030
001ca610,002685d0
001ca610,002688a4
001ca610,00286a68
001ca610,00291810
001ca610,00295f04
001ca610,00295f10
001ca610,00296200
001ca610,00296618
001ca610,00299bd0
001ca610,00299c28
001ca610,00299c38
001ca610,002a6030
001ca610,002a6188
001ca610,002a7030
001ca8d8,002685a8
001ca8d8,00293fa4
001ca8d8,00295f80
001ca8d8,00296060
001ca8d8,002a8ffc
001ca914,002683e4
001ca9a8,0028a9d0
001ca9a8,00294768
001ca9a8,002954f4
001ca9a8,002a7030
001caad8,001d0e90
001caad8,002683e4
001caad8,002a6030
001caad8,002a7030
001cabc0,00294750
001cabc0,00295d80
001cabfc,00294348
001cabfc,00294394
001cabfc,002954f4
001cabfc,002a7030
001cad64,001caad8
001cad64,00294334
001cad64,00294348
001cad98,001caad8
001cad98,001d1168
001cad98,002681dc
001cad98,00289ca4
001cad98,002942d4
001cad98,00294320
001cad98,00294bd8
001cad98,00295ee4
001cad98,00295f04
001cad98,00295f10
001cad98,002a6030
001cad98,002a6188
001cad98,002a7030
001cad98,002a8ffc
001cb1b0,001cffb4
001cb1b0,001d0208
001cb1b0,00268018
001cb1b0,002680ec
001cb1b0,002954f4
001cb1b0,002a7030
001cb1b0,002a8ffc
001cb1b0,003713e4
001cb338,00267f84
001cb338,00292984
001cb380,00267f84
001cb380,00292d1c
001cb380,00293460
001cb3e8,00267f84
001cb3e8,00292d1c
001cb3e8,00293460
001cb454,00267f28
001cb454,0027ea6c
001cb454,0027ece8
001cb454,00286904
001cb454,00293510
001cb550,00267f28
001cb550,00292984
001cb5a8,00267eb4
001cb5a8,00287048
001cb5a8,002870b0
001cb5a8,00293510
001cb5a8,002954f4
001cb644,00286fdc
001cb644,00295d80
001cb680,00267eb4
001cb680,00267f28
001cb680,0027ece8
001cb680,00286f54
001cb680,00286fdc
001cb680,00293510
001cb680,002954f4
001cb72c,00267eb4
001cb72c,00286fdc
001cb72c,0028e64c
001cb72c,002954f4
001cb7d8,0026788c
001cb7d8,00267eb4
001cb7d8,0028a9d0
001cb7d8,00294768
001cb7d8,002954f4
001cb8a0,001cef60
001cb8a0,00267eb4
001cb8a0,00267f28
001cb8a0,0027a928
001cb8a0,0027e61c
001cb8a0,0027e6f4
001cb8a0,0027e710
001cb8a0,0027e890
001cb8a0,0027ea6c
001cb8a0,0027ece8
001cb8a0,00281674
001cb8a0,0028202c
001cb8a0,00282090
001cb8a0,00282298
001cb8a0,00286904
001cb8a0,00286a68
001cb8a0,00286d64
001cb8a0,002923f8
001cb8a0,00292600
001cb8a0,00293510
001cb8a0,00295f04
001cb8a0,00295f10
001cb8a0,00296060
001cb8a0,002965a8
001cb8a0,002965d8
001cb8a0,00296618
001cb8a0,002a6030
001cb8a0,002a6188
001cb8a0,002a7030
001cb8a0,002a7f5c
001cb8a0,002a7f64
001cb8a0,002f3764
001cc3f8,00267eb4
001cc3f8,0028f1d0
001cc3f8,0028f2bc
001cc3f8,002954f4
001cc478,00267eb4
001cc478,0028f2bc
001cc478,002954f4
001cc4fc,00294750
001cc4fc,00295d80
001cc538,00267810
001cc538,0026788c
001cc538,00267eb4
001cc538,00294348
001cc538,00294394
001cc538,002954f4
001cc640,001cb8a0
001cc640,00294334
001cc640,00294348
001cc670,001cb8a0
001cc670,00267eb4
001cc670,0027e0d8
001cc670,0027e120
001cc670,0028689c
001cc670,0028eea0
001cc670,00291810
001cc670,00292620
001cc670,002930d0
001cc670,002942d4
001cc670,00294394
001cc670,00294bd8
001cc670,00295f04
001cc670,00295f10
001cc670,0029a3f4
001cc670,002a6030
001cc670,002a6188
001cc670,002a7030
001cc670,002a7f5c
001cc670,002a7f64
001cc670,002a8ffc
001cc670,0030a9fc
001cce60,0027e120
001cce60,00286a10
001cce60,0028ee48
001cce60,00291f60
001cce60,00293e74
001cce60,00293f64
001cce60,00293fa4
001cce60,00296060
001cce60,002a7f5c
001cce60,002a8ffc
001cce60,0030aafc
001cd0f4,001d0c08
001cd0f4,00267744
001cd0f4,002677e8
001cd0f4,0027de64
001cd0f4,0027deb4
001cd0f4,002954f4
001cd0f4,002a7030
001cd0f4,002a8ffc
001cd0f4,00371398
001cd24c,00267744
001cd24c,0027e310
001cd24c,002954f4
001cd24c,002a7030
001cd24c,002a8ffc
001cd24c,00371450
001cd360,0027e220
001cd360,0027e2e0
001cd360,002954f4
001cd360,002a7030
001cd424,0027e2e0
001cd448,001c9528
001cd448,001d11b8
001cd448,001d1368
001cd448,00267644
001cd448,002677e8
001cd448,0027df20
001cd448,0027e014
001cd448,00282cb0
001cd448,002a6030
001cd448,002a6188
001cd448,002a7030
001cd448,002a8ffc
001cd790,00270f90
001cd790,00291f20
001cd7f4,001cdc88
001cd818,0026759c
001cd818,00270f18
001cd818,00270f90
001cd818,00290a0c
001cd818,00291f20
001cd954,00287048
001cd954,002954f4
001cd954,002a7030
001cda24,002687e4
001cda24,00286fdc
001cda5c,001cdc88
001cda5c,00267578
001cda5c,002687d8
001cda5c,00270f18
001cda5c,00270f90
001cda5c,0028ebcc
001cda5c,00290a0c
001cda5c,00291f20
001cdbb0,002688a4
001cdbb0,00286fdc
001cdbb0,002954f4
001cdbb0,002a7030
001cdc88,002688a4
001cdc88,002954f4
001cdc88,002a7030
001cdd40,002904e8
001cdd40,00294320
001cdd40,00295ee4
001cdd40,00295f04
001cdd40,00295f10
001cdd40,002a6188
001cddbc,00293e74
001cddbc,00293fa4
001cddbc,00296060
001cddf0,002673c8
001cddf0,0026759c
001cddf0,002685d0
001cddf0,002688a4
001cddf0,00270b0c
001cddf0,00270ba0
001cddf0,00286a68
001cddf0,002908d0
001cddf0,00291810
001cddf0,00292ee0
001cddf0,00295f04
001cddf0,00295f10
001cddf0,00296200
001cddf0,002965d8
001cddf0,00296618
001cddf0,00299c38
001cddf0,0029e630
001cddf0,002a6030
001cddf0,002a6188
001cddf0,002a7030
001ce260,002685a8
001ce260,00270a58
001ce260,00293fa4
001ce260,00295f80
001ce260,00296060
001ce260,002a8134
001ce260,002a8ffc
001ce2c4,00291f20
001ce2ec,001ce538
001ce31c,00287048
001ce31c,002954f4
001ce31c,002a7030
001ce400,002687e4
001ce400,00286fdc
001ce438,001ce538
001ce438,002687d8
001ce464,002688a4
001ce464,00286fdc
001ce464,002954f4
001ce464,002a7030
001ce538,002688a4
001ce538,002954f4
001ce538,002a7030
001ce5f0,002685d0
001ce5f0,002688a4
001ce5f0,00286a68
001ce5f0,00291810
001ce5f0,00295f04
001ce5f0,00295f10
001ce5f0,00296200
001ce5f0,00296618
001ce5f0,00299c38
001ce5f0,002a6030
001ce5f0,002a6188
001ce5f0,002a7030
001ce890,002685a8
001ce890,00293fa4
001ce890,00295f80
001ce890,00296060
001ce890,002a8ffc
001ce8cc,00291f20
001ce8f4,001ceb28
001ce924,00287048
001ce924,002954f4
001ce924,002a7030
001ce9f0,002687e4
001ce9f0,00286fdc
001cea28,001ceb28
001cea28,002687d8
001cea54,002688a4
001cea54,00286fdc
001cea54,002954f4
001cea54,002a7030
001ceb28,002688a4
001ceb28,002954f4
001ceb28,002a7030
001cebe0,002685d0
001cebe0,002688a4
001cebe0,00286a68
001cebe0,00291810
001cebe0,00295f04
001cebe0,00295f10
001cebe0,00296200
001cebe0,00296618
001cebe0,00299c38
001cebe0,002a6030
001cebe0,002a6188
001cebe0,002a7030
001cee80,002685a8
001cee80,00293fa4
001cee80,00295f80
001cee80,00296060
001cee80,002a8ffc
001ceecc,00291f20
001cef40,00291f20
001cef60,0028367c
001cef60,00283784
001cef60,0028383c
001cef60,002917b4
001cef60,00291810
001cef60,00292c10
001cef60,00296200
001cef60,002965d8
001cef60,00296618
001cef60,002a7030
001cef60,002ebd6c
001cef60,002ee808
001cef60,002f3764
001cf21c,00283654
001cf21c,0028f45c
001cf21c,00293e74
001cf21c,00293fa4
001cf21c,00295f80
001cf21c,00296060
001cf21c,002a8ffc
001cf21c,002ee808
001cf2ec,00120ff0
001cf2ec,001e9e58
001cf2ec,001e9eac
001cf2ec,0026737c
001cf2ec,0026d8c4
001cf2ec,0029a29c
001cf2ec,0029a360
001cf2ec,002a7f5c
001cf2ec,002a7f64
001cf2ec,002dfbf8
001cf2ec,002dfd14
001cf2ec,002dfd28
001cf2ec,002e08f8
001cf2ec,002e0da4
001cf2ec,002e0ff8
001cf2ec,0036fa44
001cfd8c,0028a9d0
001cfd8c,00294768
001cfd8c,00294b24
001cfd8c,002954f4
001cfd8c,002a7030
001cfe90,00294750
001cfe90,00295d80
001cfebc,00294348
001cfebc,002954f4
001cfebc,00295d80
001cfebc,002a0388
001cfebc,002a7030
001cffc4,0026d8c4
001cffd0,0027de64
001cffd0,0027deb4
001cffd0,0027df20
001cffd0,00282cb0
001cffd0,002942d4
001cffd0,00294bd8
001cffd0,0029a3f4
001cffd0,0029feb4
001cffd0,002a6030
001cffd0,002a6188
001cffd0,002a7030
001d0198,001cc614
001d0198,0026709c
001d0208,001de8f0
001d0208,0026709c
001d0208,0027e0d8
001d0208,0027e120
001d0208,002a6030
001d0208,002a6188
001d0208,002a7030
001d0208,002a8ffc
001d0608,00294348
001d0608,00294394
001d0608,002954f4
001d0608,002a7030
001d0758,0028a9d0
001d0758,00294768
001d0758,00294b24
001d0758,002954f4
001d0758,002a7030
001d0890,00294750
001d0890,00295d80
001d08cc,0023ffe4
001d08cc,00286a68
001d08cc,00294334
001d08cc,00294348
001d08cc,002954f4
001d08cc,002a7030
001d09cc,0023ffe4
001d09cc,002954f4
001d09cc,002a7030
001d0ad4,00287048
001d0ad4,002954f4
001d0ad4,002a7030
001d0bac,001723d8
001d0bac,00286fdc
001d0bac,00295d80
001d0c08,0027e4bc
001d0c08,00287714
001d0c08,0028eea0
001d0c08,002942d4
001d0c08,00294320
001d0c08,00294bd8
001d0c08,00295ee4
001d0c08,00295f04
001d0c08,00295f10
001d0c08,00296618
001d0c08,00299c38
001d0c08,002a6030
001d0c08,002a6188
001d0c08,002a7030
001d0e90,00276140
001d0e90,0027614c
001d0e90,0028367c
001d0e90,002923f8
001d0e90,00292c10
001d0e90,002937f8
001d0e90,00296618
001d0e90,002ebd6c
001d0e90,002ee808
001d0e90,002f3764
001d1168,00283784
001d1168,00295f04
001d1168,00295f10
001d1168,002a6188
001d11b8,0027abbc
001d11b8,00281ab0
001d11b8,002923f8
001d11b8,00296618
001d11b8,002f3764
001d1368,00295f04
001d1368,00295f10
001d1368,0029e630
001d1368,002a6188
001d13c8,00145d08
001d13c8,00209ddc
001d13c8,00209e08
001d13c8,00267028
001d13c8,0027de64
001d13c8,0027deb4
001d13c8,0028ca60
001d13c8,0028e64c
001d13c8,00294068
001d13c8,00294bd8
001d13c8,00299c38
001d15d8,00267028
001d15d8,0028ca60
001d15d8,00294bd8
001d15d8,00299c28
001d1688,00267028
001d1688,0028ca60
001d1688,0028f1d0
001d1688,0028f2bc
001d1704,00267028
001d1704,002892a4
001d1704,0028ca60
001d1704,0028e64c
001d1704,0028f2bc
001d17b0,00267028
001d17b0,0028ca60
001d17b0,0028f1d0
001d17b0,0028f2bc
001d182c,00267028
001d182c,002892a4
001d182c,0028ca60
001d182c,0028f2bc
001d18a8,00267028
001d18a8,002812dc
001d18a8,00287590
001d18a8,0028ca60
001d19c8,002663dc
001d19c8,002665c8
001d19c8,00267028
001d19c8,002812dc
001d19c8,0028ca60
001d19c8,002a7030
001d19c8,002a8ffc
001d1a94,00267028
001d1a94,002812dc
001d1a94,0028ca60
001d1a94,0028e64c
001d1b48,00260d28
001d1b48,00267028
001d1b48,0028ca60
001d1b48,00355f80
001d1c1c,001062f4
001d1c1c,00209cd4
001d1c1c,0026a8b8
001d1c1c,00295d80
001d1c1c,002a7b94
001d1c94,001c4120
001d1c94,00267028
001d1c94,0028a994
001d1c94,0028ca60
001d1c94,00370dec
001d1d2c,00267028
001d1d2c,0028a9d0
001d1d2c,0028ca60
001d1d2c,00294768
001d1e10,002663b0
001d1e10,002663dc
001d1e10,002665c8
001d1e10,00267028
001d1e10,0028ca60
001d1e10,002a7030
001d1e10,002a8ffc
001d1f40,00267028
001d1f40,0028ca60
001d1f40,0028f1d0
001d1f40,0028f2bc
001d2010,0028a994
001d2010,00294750
001d2044,001bb8f8
001d2044,00267028
001d2044,002892a4
001d2044,0028ca60
001d2044,0028f2bc
001d20c8,00267028
001d20c8,002892a4
001d20c8,0028ca60
001d20c8,0028f2bc
001d2154,00267028
001d2154,0028ca60
001d2154,00294348
001d2154,00294394
001d2228,0014a7b0
001d2228,00267028
001d2228,0028ca60
001d2228,00294394
001d2298,00209e08
001d2298,00267028
001d2298,0028ca60
001d2298,0028e64c
001d23d0,002663dc
001d23d0,002665c8
001d23d0,00267028
001d23d0,0028ca60
001d23d0,00294334
001d23d0,00294348
001d23d0,002a7030
001d23d0,002a8ffc
001d24a4,002663dc
001d24a4,002665c8
001d24a4,00267028
001d24a4,002892a4
001d24a4,0028ca60
001d24a4,0028f1d0
001d24a4,0028f2bc
001d24a4,002a7030
001d24a4,002a8ffc
001d2598,00267028
001d2598,0028ca60
001d2598,00294334
001d2598,002a6030
001d265c,001e388c
001d265c,00267028
001d265c,0028ca60
001d265c,0028e64c
001d265c,0028f004
001d265c,0028f158
001d265c,00370c94
001d28c0,00267028
001d28c0,0027df20
001d28c0,00281478
001d28c0,00289cec
001d28c0,00289dd0
001d28c0,0028a2b8
001d28c0,0028a35c
001d28c0,0028ca60
001d28c0,0028eea0
001d28c0,002942d4
001d28c0,00294320
001d28c0,00295ee4
001d28c0,00295f04
001d28c0,00295f10
001d28c0,00299c38
001d28c0,002a6188
001d28c0,0030a878
001d2a7c,001d2a8c
001d2a7c,002a8ffc
001d2a8c,002663dc
001d2a8c,0027de00
001d2a8c,00289a04
001d2a8c,00289a3c
001d2a8c,00289b54
001d2a8c,0028ee48
001d2a8c,00293e74
001d2a8c,00293f64
001d2a8c,00293fa4
001d2a8c,00296060
001d2a8c,002a8ffc
001d2b7c,0028d04c
001d2b84,0023fef4
001d2b84,00293064
001d2bc8,002663a0
001d2bc8,00276140
001d2bc8,0027614c
001d2bc8,0028367c
001d2bc8,00283784
001d2bc8,00286f34
001d2bc8,00287824
001d2bc8,0028a45c
001d2bc8,0028d0d0
001d2bc8,0028d410
001d2bc8,00290204
001d2bc8,00290f90
001d2bc8,002923f8
001d2bc8,00292c10
001d2bc8,00292ee0
001d2bc8,00293064
001d2bc8,00295f04
001d2bc8,00295f10
001d2bc8,002965a8
001d2bc8,002965d8
001d2bc8,00296618
001d2bc8,0029989c
001d2bc8,0029a3d0
001d2bc8,002a6188
001d2bc8,002ebd6c
001d2bc8,002ee808
001d2bc8,002f3764
001d3c20,0028f45c
001d3c20,00293e74
001d3c20,00293fa4
001d3c20,00296060
001d3c20,002a8ffc
001d3c20,002ee808
001d3cd8,0028d04c
001d3ce0,0023fef4
001d3ce0,00293064
001d3d28,002663a0
001d3d28,0028d0d0
001d3d28,00290f90
001d3d28,002923f8
001d3d28,00292ee0
001d3d28,00293064
001d3d28,00295f04
001d3d28,00295f10
001d3d28,002965d8
001d3d28,00296618
001d3d28,002a6188
001d3d28,002f3764
001d4150,00296060
001d4150,002a8ffc
001d4174,0028d04c
001d417c,0023fef4
001d417c,00293064
001d41dc,00291884
001d41f8,002663a0
001d41f8,00291810
001d41f8,002923f8
001d41f8,00292ee0
001d41f8,00293064
001d41f8,00295f04
001d41f8,00295f10
001d41f8,00296200
001d41f8,002965d8
001d41f8,00296618
001d41f8,002a6030
001d41f8,002a6188
001d41f8,002a7030
001d41f8,002f3764
001d47d0,00293fa4
001d47d0,00295f80
001d47d0,00296060
001d47d0,002a8ffc
001d4804,0028d04c
001d480c,0023fef4
001d480c,00293064
001d4850,002663a0
001d4850,00286f34
001d4850,00287824
001d4850,0028d0d0
001d4850,0028d410
001d4850,002923f8
001d4850,00292c10
001d4850,00293064
001d4850,00295f04
001d4850,00295f10
001d4850,002965a8
001d4850,002965d8
001d4850,00296618
001d4850,0029a3d0
001d4850,002a6188
001d4850,002f3764
001d4850,0037dcbc
001d4fb0,00296060
001d4fb0,002a8ffc
001d4fd4,0023fef4
001d4fd4,00275e7c
001d4fd4,00276d70
001d4fd4,00292ee0
001d4fd4,00293064
001d4fd4,002965d8
001d50a0,0023fef4
001d50a0,00291304
001d50a0,00291668
001d50a0,00293064
001d50a0,00293cdc
001d50a0,002f3764
001d515c,002876f0
001d515c,00291f20
001d515c,002954f4
001d515c,002a7030
001d5250,0023fef4
001d5250,00291304
001d5250,00291668
001d5250,00291f20
001d5250,00293064
001d5250,00293cdc
001d5250,002f3764
001d5380,002870b0
001d5380,002930d0
001d5380,002954f4
001d5380,002a7030
001d54c8,00295d80
001d551c,00286f54
001d551c,00291f20
001d551c,002954f4
001d551c,002a7030
001d5630,0023ffe4
001d5630,00265c98
001d5630,0028fc54
001d5630,0028fdc8
001d5630,00294348
001d5630,002954f4
001d5630,002a7030
001d57b8,00265c98
001d57b8,0028f494
001d57b8,0028f6d4
001d57b8,0028f6e4
001d57b8,0028f798
001d57b8,0028f9d0
001d57b8,0028fa04
001d57b8,0028fc40
001d57b8,0028fdc8
001d57b8,00290f90
001d57b8,00290fa8
001d57b8,0029114c
001d57b8,00291810
001d57b8,00292620
001d57b8,00293ca4
001d57b8,00294320
001d57b8,00294bd8
001d57b8,00295ee4
001d57b8,00295f04
001d57b8,00295f10
001d57b8,002965d8
001d57b8,00296618
001d57b8,002a6030
001d57b8,002a6188
001d57b8,002a7030
001d57b8,002a7f5c
001d57b8,002a7f64
001d57b8,002a8ffc
001d57b8,0037d3b4
001d64a4,00281818
001d64a4,0028e7c4
001d64dc,002a7f5c
001d6504,00295d80
001d6504,00370cac
001d6534,00295d80
001d6534,00370cd0
001d6564,001bd770
001d6564,001bda60
001d6564,00265bb4
001d6564,00265bc4
001d6564,002954f4
001d6564,00295d80
001d6564,00299c38
001d6564,002a7030
001d6564,002a8ffc
001d6564,00370cf0
001d66c0,001bcc50
001d66c0,001be220
001d66c0,001bf5f0
001d66c0,00265990
001d66c0,00265a50
001d66c0,00265a84
001d66c0,00265a94
001d66c0,00265bc4
001d66c0,0028d174
001d66c0,002954f4
001d66c0,00295d80
001d66c0,00299c38
001d66c0,002a6030
001d66c0,002a7030
001d66c0,002a8ffc
001d66c0,00370d44
001d69ec,001bcc50
001d69ec,00265990
001d69ec,00265a50
001d69ec,00265bb4
001d69ec,002954f4
001d69ec,00295d80
001d69ec,00299c38
001d69ec,002a7030
001d69ec,002a8ffc
001d69ec,00370d1c
001d6b58,001aecb4
001d6b58,00299c28
001d6b58,002a7030
001d6b58,002a7f5c
001d6b58,002a7f64
001d6d68,002a7f5c
001d6d90,0026583c
001d6d90,002658b0
001d6d90,00275cfc
001d6d90,0027d668
001d6d90,0028e64c
001d6d90,002954f4
001d6e94,0026583c
001d6e94,0027e310
001d6e94,0028f2bc
001d6e94,002954f4
001d6f0c,0026583c
001d6f0c,0027e2e0
001d6f0c,002930c8
001d6f0c,002954f4
001d6f0c,0029feb4
001d6fd4,0026583c
001d6fd4,0027e220
001d6fd4,002930c8
001d6fd4,002954f4
001d6fd4,002a0388
001d7058,0026583c
001d7058,002658b0
001d7058,0027e1d4
001d7058,0027e2e0
001d7058,0028e64c
001d7058,0028f090
001d7058,002930c8
001d7058,002954f4
001d7058,00295d80
001d7184,001d76b8
001d7194,002908d0
001d7194,00291f20
001d71c8,0026583c
001d71c8,00287048
001d71c8,002954f4
001d7248,00286fdc
001d7248,00295d80
001d7284,0026583c
001d7284,002658b0
001d7284,00286fdc
001d7284,002954f4
001d7310,0026583c
001d7310,002658b0
001d7310,0026efb0
001d7310,00275db4
001d7310,00286a68
001d7310,00286d64
001d7310,00287714
001d7310,0028cb80
001d7310,002908d0
001d7310,00291f20
001d7310,002923f8
001d7310,00296618
001d7310,00299c38
001d7310,002a6030
001d7310,002a7030
001d7310,002f3764
001d7310,002f3ee0
001d7310,002f4088
001d76b8,0026583c
001d76b8,002658b0
001d76b8,002954f4
001d7720,0026583c
001d7720,00276d58
001d7720,0028f048
001d7720,0028f1d0
001d7720,0028f2bc
001d7720,002954f4
001d77ac,0026cf38
001d77c8,001d76b8
001d77c8,002658b0
001d77c8,0028f2bc
001d77c8,00295d80
001d7818,0026583c
001d7818,0026cf38
001d7818,0026cfa0
001d7818,00275cfc
001d7818,0027e310
001d7818,0028e64c
001d7818,0028f090
001d7818,002954f4
001d79e4,002654fc
001d79e4,002655b0
001d79e4,0028ca60
001d79e4,0028cb80
001d79e4,0028cc54
001d79e4,002a7030
001d79e4,002a8ffc
001d7b24,001cd448
001d7b24,002653a0
001d7b24,0026540c
001d7b24,002654fc
001d7b24,002655b0
001d7b24,0028ca60
001d7b24,002a7030
001d7b24,002a8ffc
001d7b24,003713b8
001d7d14,001cad98
001d7d14,0026540c
001d7d14,002654fc
001d7d14,0028a994
001d7d14,0028ca60
001d7d14,002a7030
001d7d14,002a8ffc
001d7d14,00371420
001d7d14,00371430
001d7d14,00371440
001d7e64,001cad98
001d7e64,002653a0
001d7e64,0026540c
001d7e64,002654fc
001d7e64,002655b0
001d7e64,0028a994
001d7e64,0028ca60
001d7e64,002a7030
001d7e64,002a8ffc
001d8094,00289c30
001d8094,00289cec
001d8094,0028a2b8
001d8094,0028a35c
001d8094,0028ca60
001d8094,00294320
001d8094,00295ee4
001d8094,00295f04
001d8094,00295f10
001d8094,002a6188
001d8094,002a7030
001d8248,001d8258
001d8248,002a8ffc
001d8258,002653a0
001d8258,002654fc
001d8258,002681dc
001d8258,00289a04
001d8258,00289a3c
001d8258,00293e74
001d8258,00293f64
001d8258,00293fa4
001d8258,00296060
001d8258,002a7f5c
001d8258,002a8ffc
001d83e8,0026532c
001d83e8,00287048
001d83e8,00294bd8
001d83e8,002954f4
001d8484,001d9a38
001d8484,0026532c
001d8484,00286a68
001d8484,00294348
001d8484,00294394
001d8484,002954f4
001d8578,0026532c
001d8578,00286fdc
001d8578,0028f01c
001d8578,00294334
001d8578,002954f4
001d8578,00299c38
001d8654,0026532c
001d8654,0028f1d0
001d8654,0028f2bc
001d8654,002954f4
001d86d8,00265268
001d86d8,002892a4
001d86d8,0028f2bc
001d8708,00265268
001d8728,00265268
001d8728,0026532c
001d8728,0028f158
001d8728,00291f20
001d8728,002954f4
001d8970,0026532c
001d8970,0028f1d0
001d8970,0028f2bc
001d8970,00291884
001d8970,002954f4
001d8a6c,00265268
001d8a6c,002892a4
001d8a6c,0028f2bc
001d8aac,0026532c
001d8aac,002892a4
001d8aac,0028f2bc
001d8aac,00291f20
001d8aac,002954f4
001d8b74,0026532c
001d8b74,00287048
001d8b74,002954f4
001d8bf0,00286fdc
001d8bf0,00295d80
001d8c28,0026532c
001d8c28,00294768
001d8c28,002954f4
001d8cac,0026532c
001d8cac,0028f1d0
001d8cac,0028f2bc
001d8cac,00291884
001d8cac,002954f4
001d8db8,0026532c
001d8db8,00286a68
001d8db8,00291884
001d8db8,00294750
001d8db8,002954f4
001d8e6c,0026532c
001d8e6c,00286fdc
001d8e6c,00291f20
001d8e6c,002954f4
001d8f38,0026532c
001d8f38,002892a4
001d8f38,0028f2bc
001d8f38,00291f20
001d8f38,002954f4
001d9000,0026532c
001d9000,002892a4
001d9000,0028f2bc
001d9000,002954f4
001d9078,0023fef4
001d9078,00264fb0
001d9078,00265228
001d9078,0026532c
001d9078,00286a68
001d9078,00286d64
001d9078,00287714
001d9078,0028a258
001d9078,0028cb80
001d9078,0028eea0
001d9078,00291810
001d9078,00291f20
001d9078,002923f8
001d9078,002942d4
001d9078,00294320
001d9078,00295ee4
001d9078,00295f04
001d9078,00295f10
001d9078,00296200
001d9078,0029654c
001d9078,002965a8
001d9078,002965d8
001d9078,00296618
001d9078,00299c38
001d9078,002a6030
001d9078,002a6188
001d9078,002a7030
001d9078,002f3764
001d9a38,00290f90
001d9a38,002923f8
001d9a38,002f3764
001d9b10,002876f0
001d9b10,00291f20
001d9b10,00293510
001d9b10,002a6030
001d9b10,002a7030
001d9c60,0023fef4
001d9c60,00286904
001d9c60,00291f20
001d9c60,00293064
001d9d04,00287048
001d9d04,002954f4
001d9d04,002a7030
001d9dd0,00286fdc
001d9dd0,00295d80
001d9e08,00286f54
001d9e08,00286fdc
001d9e08,00291f20
001d9e08,00293510
001d9e08,002954f4
001d9e08,002a7030
001d9efc,00286fdc
001d9efc,0028f1d0
001d9efc,0028f2bc
001d9efc,002954f4
001d9efc,002a7030
001d9fdc,00287048
001d9fdc,002892a4
001d9fdc,0028f2bc
001d9fdc,002954f4
001d9fdc,002a7030
001da0c0,00264fb0
001da0c0,00265228
001da0c0,00281674
001da0c0,0028689c
001da0c0,00286a68
001da0c0,00286ad0
001da0c0,00286d64
001da0c0,0028cb80
001da0c0,0028e64c
001da0c0,0028eea0
001da0c0,00291810
001da0c0,00291f20
001da0c0,002923f8
001da0c0,00292620
001da0c0,00292b60
001da0c0,00295f04
001da0c0,00295f10
001da0c0,002965a8
001da0c0,002965d8
001da0c0,00296618
001da0c0,00299c38
001da0c0,002a6030
001da0c0,002a6188
001da0c0,002a7030
001da0c0,002f3764
001da6a8,0028a45c
001da6a8,002a7f5c
001da6a8,002a7f64
001da8b8,0026d564
001da8b8,00299c28
001da94c,001da95c
001da94c,002a8ffc
001da95c,002861f0
001da95c,002a7f5c
001daba0,001baaa8
001daba0,001baaf0
001daba0,0023ffe4
001daba0,00264de4
001daba0,00264e58
001daba0,00264eb4
001daba0,00264f58
001daba0,00264f88
001daba0,0028202c
001daba0,00282090
001daba0,00282298
001daba0,0028cd0c
001daba0,0028d410
001daba0,0028e64c
001daba0,00290cb8
001daba0,00290f90
001daba0,002923f8
001daba0,00292600
001daba0,00292984
001daba0,00292ee0
001daba0,00293510
001daba0,00294334
001daba0,00294348
001daba0,002954f4
001daba0,00295f04
001daba0,00295f10
001daba0,00296060
001daba0,002965a8
001daba0,002965d8
001daba0,00296618
001daba0,002a6188
001daba0,002a7030
001daba0,002a7f5c
001daba0,002a7f64
001daba0,002f3764
001db5b4,00264de4
001db5b4,00264e58
001db5b4,0028a9d0
001db5b4,00292984
001db5b4,00293510
001db5b4,00294334
001db5b4,00294348
001db5b4,002954f4
001db6a8,00264d60
001db6a8,00292d1c
001db6a8,00293460
001db714,00264d60
001db714,002892a4
001db714,0028f1d0
001db714,0028f2bc
001db768,00264d60
001db768,00292984
001db7b0,00264e58
001db7b0,00264eb4
001db86c,001baac4
001db86c,00264de4
001db86c,002870b0
001db86c,0028cda4
001db86c,002930d0
001db86c,00293510
001db86c,00294348
001db86c,002954f4
001db9bc,0026a210
001db9bc,0028cda4
001db9bc,00295d80
001dba70,002648c0
001dba70,00264a9c
001dba70,00264d10
001dba70,00264de4
001dba70,00299c38
001dba70,002a6030
001dba70,002a7030
001dbb78,002648c0
001dbb78,00264d10
001dbb78,00264de4
001dbb78,00299c38
001dbb78,002a6030
001dbb78,002a7030
001dbb78,00327a4c
001dbc98,00264de4
001dbc98,00291f20
001dbc98,00294bd8
001dbc98,002954f4
001dbd48,00264de4
001dbd48,00264e58
001dbd48,00292984
001dbd48,00293510
001dbd48,00294334
001dbd48,00294348
001dbd48,00294768
001dbd48,002954f4
001dbe28,00264d60
001dbe28,00294750
001dbe70,00264de4
001dbe70,00294394
001dbe70,002954f4
001dbf9c,00264de4
001dbf9c,00264e58
001dbf9c,0026a210
001dbf9c,00286f54
001dbf9c,0028cda4
001dbf9c,002954f4
001dc080,001dc090
001dc080,002a8ffc
001dc090,002648b0
001dc090,00270258
001dc090,002892a4
001dc090,0028eb70
001dc090,0028ee48
001dc090,00291f60
001dc090,00293e74
001dc090,00293f64
001dc090,00293fa4
001dc090,00294348
001dc090,00295d80
001dc090,00295f80
001dc090,00296060
001dc090,00296124
001dc090,002961ac
001dc090,002a7f5c
001dc3f0,0028e7c4
001dc3fc,001c1794
001dc3fc,0029d77c
001dc3fc,002a7030
001dc3fc,002a7f5c
001dc3fc,002a7f64
001dc3fc,002a81f0
001dc3fc,002a9020
001dcab0,001c16c8
001dcab0,00264830
001dcab0,002a7f5c
001dcab0,002a8ffc
001dcb48,00264770
001dcbc8,002a7f5c
001dcbc8,002a7f64
001dcecc,0026461c
001dcecc,00371624
001dcf58,00264054
001dcf58,0026410c
001dcf58,0026448c
001dcf58,00287748
001dcf58,0028782c
001dcf58,00299c28
001dcf58,002a7030
001dcf58,002a7f5c
001dcf58,002a7f64
001dcf58,0032d7a4
001dcf58,0032e25c
001dcf58,003716a8
001dcf58,00371924
001dcf58,003b0858
001dd77c,00263d44
001dd77c,00263d94
001dd77c,0028782c
001dd77c,0029a29c
001dd77c,002a7030
001dd77c,002a8938
001dd8d8,00263d44
001dd8d8,00299c28
001dd8d8,002a7030
001dd8d8,0032e418
001dd99c,00269868
001dd99c,002760dc
001dd9dc,001dd9ec
001dd9dc,002a8ffc
001dd9ec,00264054
001dd9ec,002695e8
001dd9ec,002861f0
001dd9ec,002a7f5c
001ddcfc,002636d0
001ddcfc,00263798
001ddcfc,00263810
001ddcfc,00263b1c
001ddcfc,00263b88
001ddcfc,002a7030
001ddeb0,001a7278
001ddeb0,001de090
001ddeb0,002638b0
001ddeb0,0026393c
001ddeb0,002876f0
001ddeb0,00291fa8
001ddeb0,00295d80
001ddf74,002638b0
001ddf74,002876f0
001ddf74,00292d1c
001ddf74,00293460
001ddff0,001a737c
001ddff0,001af11c
001ddff0,002638b0
001ddff0,002876f0
001ddff0,00291884
001ddff0,00295d80
001ddff0,002f4f64
001de090,001a7200
001de090,001aef8c
001de090,0026393c
001de090,002639f0
001de090,00263a70
001de090,00263c94
001de090,0026f248
001de090,00286ce8
001de090,002917b4
001de090,00292600
001de090,00292ee0
001de090,002965a8
001de090,002965d8
001de090,002f4e4c
001de090,00369d4c
001de090,00371238
001de338,002638b0
001de338,002876f0
001de3bc,00287048
001de3bc,002870b0
001de3bc,002954f4
001de3bc,002a7030
001de498,002635d4
001de498,002638b0
001de498,0027a5f0
001de498,00280c94
001de498,002876f0
001de498,00292d1c
001de498,00293460
001de498,00297bc4
001de498,0029a238
001de498,002a0964
001de498,002a6030
001de498,002a7030
001de498,002a8ffc
001de498,003540b8
001de498,0035448c
001de7dc,002638b0
001de7dc,002876f0
001de7dc,00292d1c
001de7dc,00293460
001de85c,002638b0
001de85c,00286f54
001de85c,00286fdc
001de85c,00295d80
001de8ac,00286fdc
001de8ac,00295d80
001de8f0,0028cb80
001de8f0,002930d0
001de8f0,00296618
001de95c,00293e10
001de95c,00293e34
001de98c,002628e0
001de98c,00291304
001de98c,00291668
001de98c,002917b4
001de98c,002930d0
001de98c,00293e34
001de98c,002965d8
001de98c,002f3764
001dea6c,002627d4
001dea6c,002912e8
001dea6c,00291668
001dea6c,002f3764
001dea6c,0036e544
001deb14,0023fef4
001deb14,00291304
001deb14,00291668
001deb14,00293064
001deb14,002930d0
001deb14,00293d38
001deb14,00293e34
001deb14,002f3764
001dec94,002938ec
001dec94,00293e34
001decb8,0029028c
001decb8,00296060
001decb8,002a8ffc
001ded04,0029028c
001ded04,00296060
001ded48,00120ff0
001ded48,0014e1b8
001ded48,00169c08
001ded48,001e6a4c
001ded48,001e6f20
001ded48,00261df8
001ded48,00262014
001ded48,00262164
001ded48,00262274
001ded48,00262310
001ded48,00262394
001ded48,00262560
001ded48,0026275c
001ded48,002747e4
001ded48,00289dd0
001ded48,00298394
001ded48,00299c28
001ded48,0029e4f0
001ded48,002a7030
001ded48,002a8938
001ded48,002a8b94
001ded48,002a8df8
001ded48,002a8f8c
001ded48,00309628
001ded48,0030982c
001ded48,00320298
001ded48,003490a8
001ded48,00352b08
001df170,003490c0
001df1a4,00120ff0
001df1a4,00261cc8
001df1a4,00261d04
001df1a4,00261d48
001df1a4,00298394
001df1a4,002a7030
001df1a4,0031c054
001df1a4,0038008c
001df2d4,00199d08
001df2d4,001e9ab8
001df2d4,00261ba8
001df2d4,00261c8c
001df2d4,00261d48
001df2d4,00298394
001df2d4,002a7030
001df2d4,00325010
001df3a8,001ec4a4
001df3a8,001ec4b4
001df3a8,001ee0a8
001df3a8,00261b24
001df3a8,00261b38
001df3a8,00261b50
001df3a8,002a685c
001df3a8,002a68d8
001df3a8,002a68ec
001df5b4,00261b50
001df5b4,002a5ff4
001df5b4,002a7b94
001df65c,001ee1cc
001df65c,00261b24
001df65c,00261b50
001df65c,002a685c
001df65c,002a68d8
001df65c,002a68ec
001df710,001ee1cc
001df710,00261b24
001df710,00261b50
001df710,002a685c
001df710,002a68d8
001df710,002a68ec
001df8b8,001ec024
001df8b8,001edf30
001df8b8,00260b68
001df8b8,00261b00
001df8b8,002a685c
001df8b8,002a68ec
001dfb44,001ee1cc
001dfb44,00261af0
001dfb44,00261b24
001dfb44,00261b50
001dfb44,002a685c
001dfb44,002a68d8
001dfb44,002a68ec
001dfd5c,00261af0
001dfd5c,00261b24
001dfd5c,00261b50
001dfd5c,002a685c
001dfd5c,002a68d8
001dfd5c,002a68ec
001dfe38,001eda50
001dfe38,001edcb4
001dfe38,001edeec
001dfe38,001edf0c
001dfe38,001ee1cc
001dfe38,001ee264
001dfe38,00261ad0
001dfe38,00261b24
001dfe38,00261b50
001dfe38,002a685c
001dfe38,002a68d8
001dfe38,002a68ec
001dff58,001ee1cc
001dff58,00261b24
001dff58,00261b50
001dff58,002a685c
001dff58,002a68d8
001dff58,002a68ec
001e0370,001dfad4
001e0370,002619a8
001e0370,002619f8
001e0370,00261a38
001e0370,00261aa8
001e070c,002618d4
001e070c,002619f8
001e070c,00261a38
001e070c,00261aa8
001e070c,002a81f0
001e070c,002ee834
001e070c,0038e1d8
001e0a24,002619f8
001e0a24,00261a38
001e0a24,00261aa8
001e0b78,001e0a24
001e0b78,0038e3e8
001e0bf4,001e0a24
001e0bf4,0038e3e8
001e0e4c,002618d4
001e0e4c,002619f8
001e0e4c,00261a38
001e1210,002618d4
001e1210,002619f8
001e1210,00261a38
001e1480,001e1c9c
001e1480,002618c4
001e14c8,002618b4
001e158c,002618b4
001e1600,002618b4
001e1640,002618b4
001e1680,001e1710
001e1680,001e192c
001e1680,001e1a80
001e1680,001e1b88
001e1710,00261548
001e1710,00261554
001e1710,002616c4
001e1710,002a50d0
001e1818,0029e408
001e1818,0038d888
001e192c,00261548
001e192c,00261554
001e192c,002616c4
001e192c,002a50d0
001e1a80,00261548
001e1a80,00261554
001e1a80,002616c4
001e1a80,002a50d0
001e1b88,00261548
001e1b88,00261554
001e1b88,002a50d0
001e1c9c,002a5ff4
001e1ce8,00261508
001e1d84,001ee748
001e1d84,001ee904
001e1d84,001ee9b4
001e1d84,002a50d0
001e1dc8,001ee580
001e1dd4,0038da10
001e1df8,0038dea8
001e1e1c,0038d730
001e1e40,002a7b94
001e1e9c,00120ff0
001e1e9c,001426b8
001e1e9c,00143178
001e1e9c,00143958
001e1e9c,0029c3e0
001e1e9c,002a7b94
001e1e9c,0038c0e8
001e1e9c,0038c18c
001e24f0,002a7b94
001e252c,001e280c
001e252c,001e2c24
001e252c,002a685c
001e252c,002a68ec
001e252c,002a6b78
001e252c,002a6cb4
001e252c,002a8f8c
001e2644,002a685c
001e2644,002a68ec
001e2680,001e2be8
001e2698,001e2c64
001e2698,001e90d4
001e2698,0026146c
001e26c8,001e2848
001e26c8,001e2b5c
001e26c8,001e62d8
001e26c8,001e90d4
001e26c8,0026146c
001e26c8,002a50d0
001e27d4,001e2ca0
001e27f4,001e2d08
001e280c,002a685c
001e280c,002a68ec
001e2848,001e2a68
001e2848,001e2ac0
001e2848,001e2b98
001e2848,001e2d58
001e2848,001e9090
001e2848,0026146c
001e2848,002a709c
001e2910,001e29d4
001e2910,001e2b20
001e2910,001e62d8
001e2910,002a50d0
001e2e04,0010f190
001e2e04,001e26c8
001e2e04,001e7174
001e2e04,002a50a8
001e2e3c,001e90d4
001e2e3c,0026146c
001e2e3c,002a685c
001e2e3c,002a68ec
001e2f0c,001e2dc8
001e2f28,002a6b78
001e2f28,002a6cb4
001e2f28,002a8f8c
001e2f8c,001e3320
001e33d0,001e4fb0
001e33d0,0026145c
001e33d0,002a6bac
001e3414,001e44cc
001e3414,002a69e8
001e34bc,001e5080
001e34bc,0026145c
001e3500,001e5148
001e3500,002a6b44
001e3500,002a6bac
001e3534,001e520c
001e3534,0026145c
001e3564,001e5254
001e3564,0026145c
001e3564,002a6bac
001e35a8,001e529c
001e35a8,00261444
001e363c,001e52f8
001e363c,002a6b44
001e36ac,001e43ac
001e3740,001e5334
001e37c0,00105f60
001e37c0,001ee304
001e37c0,002a6bac
001e380c,001e70fc
001e380c,001e72bc
001e3878,002a6bac
001e388c,001e3998
001e38a0,001e5534
001e38a0,001e558c
001e38a0,002a5438
001e3998,001e38a0
001e3a60,001e4b44
001e3a60,0026141c
001e3a60,002a5344
001e3a60,002a5374
001e3e64,002a685c
001e3e64,002a68ec
001e3f5c,002a53d4
001e3f5c,003a8754
001e3f5c,003a8980
001e3f5c,003a8af8
001e4230,0029d64c
001e4294,0029f874
001e4294,002a0964
001e4310,0029d64c
001e43ac,002a53d4
001e43ac,002a5438
001e4460,0029f874
001e4460,002a0964
001e44cc,0010e850
001e44cc,0010ec90
001e44cc,0010ed78
001e44cc,002a53d4
001e44cc,002a5438
001e44cc,002a7b94
001e4688,002a5344
001e4688,002a5374
001e4688,002a53d4
001e475c,001e4ec0
001e475c,0026141c
001e47cc,001e4f1c
001e47cc,0026141c
001e4828,002a685c
001e4828,002a68ec
001e4878,001e51b8
001e4878,0026141c
001e48d4,001e5408
001e48d4,0026141c
001e4930,001e569c
001e4930,002613f4
001e4958,001e54fc
001e4958,002613f4
001e4978,001e54cc
001e4978,002613f4
001e4998,001e558c
001e4998,002613f4
001e4998,002a685c
001e4998,002a68ec
001e4a08,001e5534
001e4a08,002613f4
001e4a48,001e55b8
001e4a48,002613f4
001e4ad8,001e5618
001e4ad8,002613f4
001e4b44,001e5458
001e4b44,0026141c
001e4b44,002a53d4
001e4c04,0026141c
001e4c04,002a5344
001e4c5c,00120ff0
001e4c5c,002a5344
001e4c5c,002a5374
001e4c5c,002a53d4
001e4d90,002a53d4
001e4ddc,002a685c
001e4ddc,002a68ec
001e4e30,0029c144
001e4f6c,002a7490
001e4fb0,002a7490
001e56cc,001e436c
001e5714,0029e480
001e57c4,001e4310
001e589c,0029ca50
001e5920,00122318
001e5920,0029cc90
001e5920,0029e630
001e5a30,0029f940
001e5a30,002a50d0
001e5a98,0026138c
001e5ab8,001e5a98
001e5acc,0029c500
001e5b84,0026138c
001e5b84,002a50d0
001e5bf0,001e5b84
001e5c2c,002a50d0
001e5cb8,002a50d0
001e5d74,002a685c
001e5d74,002a68ec
001e5e78,001e622c
001e5e78,001e6258
001e5f14,00122600
001e5f94,00261330
001e5fc0,001425c0
001e5fc0,002a50d0
001e5fc0,0038fb04
001e6018,0012261c
001e6018,001e6274
001e6018,002a50d0
001e6018,0038fa88
001e6018,0038fb18
001e6018,0038fb28
001e6118,0020a9f8
001e6118,002a67b8
001e6118,002a783c
001e61e0,0029e4ac
001e621c,0026138c
001e622c,0026138c
001e623c,0029f940
001e6258,0029f940
001e628c,0029ee6c
001e628c,002a50d0
001e62d8,0029ee6c
001e62d8,002a50d0
001e633c,001e9f14
001e636c,001e9f6c
001e636c,002a67b8
001e6388,001e9fac
001e6388,002a67b8
001e63a4,0020a440
001e6410,001e9f6c
001e6410,001e9fac
001e6410,002a67b8
001e6460,002612a4
001e6460,002612f4
001e6460,002a685c
001e6460,002a68ec
001e64e4,001e5f14
001e64e4,001e68bc
001e64e4,001e6f20
001e64e4,002612f4
001e64e4,002a685c
001e64e4,002a68ec
001e64e4,002a6b78
001e64e4,002a6cb4
001e64e4,002a8f8c
001e6668,002612a4
001e6668,002612f4
001e6668,002a685c
001e6668,002a68ec
001e6700,001e2f0c
001e6700,001e628c
001e6700,001e6980
001e6700,001e69c4
001e6700,001e6ee4
001e6700,00261244
001e6700,002612f4
001e6700,002a685c
001e6700,002a68ec
001e6890,001e6700
001e69c4,002a81f0
001e6a40,0020a238
001e6a4c,00120ff0
001e6a4c,002a6640
001e6ab8,001e2f0c
001e6ab8,001e66f0
001e6ab8,001e6bf4
001e6ab8,001e6e3c
001e6ab8,00261244
001e6ab8,0028d174
001e6ab8,0028d2d8
001e6ab8,0029d634
001e6ab8,002a67b8
001e6ab8,002a7b94
001e6ab8,002a81f0
001e6bf4,00120ff0
001e6bf4,001ec63c
001e6bf4,00260e98
001e6bf4,00260ea4
001e6bf4,00261014
001e6bf4,002610a8
001e6bf4,00261330
001e6bf4,002a61ac
001e6e8c,00120ff0
001e6e8c,00260dbc
001e6ee8,001e6950
001e6ee8,002a50d0
001e6f20,00261330
001e6f20,002a685c
001e6f20,002a68ec
001e6fd0,002612a4
001e6fd0,002612f4
001e6fd0,002a685c
001e6fd0,002a68ec
001e7058,002612a4
001e7058,002612f4
001e7058,002a685c
001e7058,002a68ec
001e70fc,0010f140
001e70fc,001e75e8
001e70fc,001e76a0
001e70fc,002a6bac
001e7174,0010f140
001e7174,001e3a60
001e7174,002a685c
001e7174,002a68ec
001e7174,002a6bac
001e720c,0010f140
001e720c,002a6bac
001e7244,0010f140
001e7244,002a6bac
001e7274,001e7868
001e7274,002a6bac
001e729c,0010f140
001e729c,002a6bac
001e72bc,0010f140
001e72bc,001e75e8
001e72bc,001e76a0
001e72bc,002a6bac
001e732c,0010f140
001e732c,002a6bac
001e73a4,00260d78
001e73a4,002a685c
001e73a4,002a68ec
001e73a4,002a6924
001e7420,00260d78
001e7420,002a685c
001e7420,002a68ec
001e7420,002a6924
001e7494,002a685c
001e7494,002a687c
001e7494,002a68ec
001e7494,002a6924
001e753c,002a685c
001e753c,002a687c
001e753c,002a68ec
001e753c,002a6924
001e75e8,001e73a4
001e75e8,001e7420
001e75e8,002a67b8
001e75e8,002a685c
001e75e8,002a68ec
001e75e8,002a6924
001e76a0,0010f064
001e76a0,001e7494
001e76a0,001e753c
001e78a8,002a81f0
001e793c,001e78fc
001e7958,00260d2c
001e7958,0029c3e0
001e7958,002a6bac
001e7958,002a81f0
001e79bc,001e7708
001e79bc,00260d2c
001e79f4,00260d2c
001e79f4,002a6bac
001e7a40,001e781c
001e7a40,002a6bac
001e7a68,00260d78
001e7a68,002a685c
001e7a68,002a68ec
001e7a68,002a6924
001e7d2c,002a5280
001e7d2c,002a685c
001e7d2c,002a68ec
001e7de0,0029c420
001e7de0,002a67b8
001e7de0,002a685c
001e7de0,002a68ec
001e7e6c,001e7fc0
001e7ef8,0029c420
001e7ef8,002a685c
001e7ef8,002a68ec
001e7ffc,0020a15c
001e7ffc,002a67b8
001e80b4,0029c3e0
001e81d4,001e808c
001e81d4,001e80b4
001e81d4,001e8148
001e856c,001e808c
001e856c,001e80b4
001e856c,001e8148
001e89cc,001e8b44
001e8e30,001e8d38
001e8f5c,001e5b84
001e902c,001e9054
001e9148,00260cbc
001e9148,002a7b94
001e9190,001e94c8
001e9190,00261244
001e91bc,001e950c
001e91bc,00261244
001e920c,001e95f4
001e920c,00261244
001e920c,002a8f8c
001e924c,001e9640
001e924c,00261244
001e9270,001e9824
001e9270,00261244
001e92b0,001e9878
001e92b0,00261244
001e92f4,001e9b64
001e92f4,00261244
001e9328,001e9998
001e9328,0028d2d8
001e9380,001e9a24
001e9380,00261244
001e93b4,001e9af8
001e93b4,00261244
001e93e0,001e9b34
001e93e0,00261244
001e9404,001e9c48
001e9404,00261244
001e9444,001e9ce4
001e9444,002a6e2c
001e9444,00371bb8
001e94c8,002a81f0
001e9c04,002a7490
001e9ca0,002a81f0
001e9de8,00260ca8
001e9de8,0029e4f0
001e9eac,002a6b78
001e9eac,002a8f8c
001e9fec,00260ba8
001e9fec,002619a8
001e9fec,00296a38
001ea2f0,001eacc0
001ea2f0,001ec084
001ea2f0,002a5230
001ea380,001ec084
001ea380,002a5230
001ea40c,001eace0
001ea40c,001ec084
001ea40c,002a5230
001ea4d8,001ec084
001ea4d8,00260b6c
001ea4d8,0029c3e0
001ea4d8,002a5230
001ea644,001eb218
001ea69c,001eacc0
001ea69c,002a5230
001ea6f4,001ec120
001ea6f4,002a5230
001ea780,001eace0
001ea780,001ec120
001ea780,002a5230
001ea84c,001ec120
001ea84c,00260408
001ea84c,00260b6c
001ea84c,0029bff8
001ea84c,0029c3e0
001ea84c,002a5230
001ead10,001eb15c
001ead10,001ec65c
001ead10,001ee1f8
001ead10,001f9da4
001ead10,002a685c
001ead10,002a68ec
001eae94,002a685c
001eae94,002a68ec
001eaf70,001202dc
001eafa4,001edabc
001eafa4,001ee17c
001eafa4,001ee1cc
001eafa4,002a685c
001eafa4,002a68ec
001eb11c,001ee0e4
001eb15c,001ee1cc
001eb15c,002a685c
001eb15c,002a68ec
001eb218,00260318
001eb218,0026037c
001eb218,002603bc
001eb218,002a685c
001eb218,002a68ec
001eb278,001ec4a4
001eb2f8,001ed280
001eb2f8,001ed4fc
001eb2f8,002a685c
001eb2f8,002a68ec
001eb3d8,0029d224
001eb3fc,001ec3b4
001eb414,0029d29c
001eb444,001ecb14
001eb470,001ec46c
001eb4b0,001ed1d8
001eb4b0,00260318
001eb4b0,0026037c
001eb4b0,002603bc
001eb4b0,002a685c
001eb4b0,002a68ec
001eb554,001ed3f0
001eb554,00260318
001eb554,0026037c
001eb554,002603bc
001eb554,002a685c
001eb554,002a68ec
001eb5f0,002a81f0
001eb630,0029ee08
001eb630,002a50d0
001eb630,002a5140
001eb630,002a5ff4
001eb754,001eb630
001eb754,001eb81c
001eb754,001eba9c
001eb7e4,00260130
001eb80c,00260130
001eb81c,0029e4ac
001eb81c,0029f694
001eb81c,002a50d0
001eb900,001ebc28
001eb900,001ebdbc
001eb900,001ec4c0
001eb900,00260130
001eb900,00260300
001eb900,0029d56c
001eb900,0029f694
001eb900,002a685c
001eb900,002a68ec
001eba9c,0029f658
001eba9c,002a50d0
001eba9c,002a5140
001ebb94,00260130
001ebbbc,0029e4ac
001ebc10,00260300
001ebc28,00120ff0
001ebc28,001ecefc
001ebc28,001ecf6c
001ebc28,002601d8
001ebc28,0029c448
001ebc28,0029d56c
001ebdbc,00120ff0
001ebdbc,001ecefc
001ebdbc,001ecf6c
001ebdbc,002601d8
001ebdbc,0029c448
001ebdbc,0029d56c
001ec024,002a8278
001ec068,0029d29c
001ec074,001ec3b4
001ec084,0029d468
001ec084,0029f74c
001ec120,0029d2fc
001ec120,0029f74c
001ec224,0029f74c
001ec238,0029d0a0
001ec244,001eb754
001ec244,00260130
001ec284,002a685c
001ec284,002a68ec
001ec3b4,0029d198
001ec3b4,002a685c
001ec3b4,002a68ec
001ec490,0029d10c
001ec4c0,001ebdbc
001ec4c0,001ec858
001ec4c0,002a523c
001ec584,00260114
001ec584,00260130
001ec584,0029d078
001ec584,0029d084
001ec584,0029d090
001ec584,0029d56c
001ec584,0029f694
001ec64c,0011c98c
001ec65c,001ed948
001ec65c,00260100
001ec738,001eae94
001ec79c,001f9de8
001ec858,001eac4c
001ec858,001eaf70
001ec858,001eafa4
001ec858,001eb11c
001ec858,001eb278
001ec858,001eb2f8
001ec858,00260114
001ec858,0029d078
001ec858,0029d084
001ec858,0029d090
001ec858,002a50d0
001ec858,002a5230
001ec858,002a685c
001ec858,002a68ec
001ec9c0,0029d078
001ec9c0,0029d084
001ec9c0,0029d090
001eca34,0029d078
001eca34,0029d084
001eca34,0029d090
001ecaa4,0029d078
001ecaa4,0029d084
001ecaa4,0029d090
001ecb14,0029d078
001ecb14,0029d084
001ecb14,0029d090
001ecb64,0029d078
001ecb64,0029d084
001ecb64,0029d090
001ecb64,002a81f0
001ecbf0,0029d078
001ecbf0,0029d084
001ecbf0,0029d090
001ecc58,00260ca8
001ecc58,0029bff8
001ecc58,0029d078
001ecc58,0029d084
001ecc58,0029d090
001ecdd4,0029d078
001ecdd4,0029d084
001ecdd4,0029d090
001ece94,0029d078
001ece94,0029d084
001ece94,0029d090
001ecefc,002a50d0
001ecf6c,002a50d0
001ecfc4,0029bff8
001ecfc4,0029d078
001ecfc4,0029d084
001ecfc4,0029d090
001ed1d8,0029c3e0
001ed370,0010fdc0
001ed370,001e7ea8
001ed370,001eb150
001ed370,001eb470
001ed370,001ec224
001ed370,002a5230
001ed3f0,001ed72c
001ed72c,00260408
001ed72c,0029c3e0
001ed948,00260100
001edabc,001ecaa4
001edb14,002a685c
001edb14,002a68ec
001edc60,001ecb64
001edcec,001ecbf0
001edcec,001ecc58
001edcec,001ecdd4
001edcec,001ecfc4
001edcec,002a685c
001edcec,002a68ec
001edf38,002a685c
001edf38,002a68ec
001edfdc,002a685c
001edfdc,002a68ec
001ee03c,002a685c
001ee03c,002a68ec
001ee0e4,001edcec
001ee17c,001eca34
001ee1cc,001ee03c
001ee1f8,001ec9c0
001ee1f8,001ece94
001ee284,002a5ff4
001ee33c,001ee9d0
001ee33c,002a67b8
001ee358,001eea0c
001ee358,0029bfc0
001ee358,0029bfd0
001ee358,0029bfe0
001ee358,002a6010
001ee358,002a6020
001ee358,002a67b8
001ee410,001eea68
001ee410,0029bfc0
001ee410,0029bfd0
001ee410,0029bfe0
001ee410,002a6010
001ee410,002a6020
001ee410,002a67b8
001ee4c8,001eeac4
001ee4c8,0029bfc0
001ee4c8,0029bfd0
001ee4c8,0029bfe0
001ee4c8,002a6010
001ee4c8,002a6020
001ee4c8,002a67b8
001ee580,001eec14
001ee580,002a67b8
001ee5bc,001eeb20
001ee5bc,0029bfc0
001ee5bc,0029bfd0
001ee5bc,0029bfe0
001ee5bc,002a6010
001ee5bc,002a6020
001ee5bc,002a67b8
001ee674,001eeb7c
001ee674,002a67b8
001ee690,001eebb8
001ee690,0029bfc0
001ee690,0029bfd0
001ee690,0029bfe0
001ee690,002a6010
001ee690,002a6020
001ee690,002a67b8
001ee748,001eed1c
001ee748,002a67b8
001ee748,002a6b78
001ee748,002a6cb4
001ee748,002a8f8c
001ee7f0,001eec44
001ee7f0,002a67b8
001ee80c,001eec80
001ee80c,002a67b8
001ee828,001eecb0
001ee828,002a67b8
001ee844,001eecec
001ee844,002a67b8
001ee86c,001eed4c
001ee86c,002a67b8
001ee888,001eed88
001ee888,002a67b8
001ee8a4,001eedc4
001ee8a4,002a67b8
001ee8c0,002a67b8
001ee904,001eee00
001ee904,002a67b8
001ee944,001eee3c
001ee944,002a67b8
001ee960,002a67b8
001ee998,001eee84
001ee998,002a67b8
001ee9b4,001eeec0
001ee9b4,002a67b8
001eef38,001eeefc
001eef38,002a67b8
001eef54,002a7b94
001eefb4,002a7b94
001ef0a4,001efa24
001ef0a4,001efef0
001ef0a4,001eff28
001ef0a4,001f00fc
001ef0a4,001f016c
001ef0a4,001f0228
001ef0a4,001f031c
001ef0a4,001f0344
001ef0a4,001f06c0
001ef0a4,00260080
001ef0a4,002600b4
001ef0a4,002600e8
001ef0a4,0029f0a8
001ef0a4,002a8f8c
001ef28c,001efac4
001ef28c,001f0760
001ef28c,00260080
001ef28c,002600b4
001ef28c,0029f0a8
001ef2f8,001efaf8
001ef2f8,001f01e8
001ef2f8,001f0794
001ef2f8,00260080
001ef2f8,002600b4
001ef2f8,0029f0a8
001ef378,001ef04c
001ef378,001efba4
001ef378,001f0840
001ef378,00260080
001ef378,002600b4
001ef378,0029f0a8
001ef480,001efc68
001ef480,001f0904
001ef480,00260080
001ef480,002600b4
001ef510,001f0a84
001ef510,00260018
001ef510,0028d2d8
001ef510,0029f0a8
001ef510,002a7b94
001ef5bc,001eef54
001ef5d4,001efca8
001ef5d4,001f0944
001ef5d4,00260080
001ef5d4,002600b4
001ef61c,001efeb0
001ef61c,001f0a44
001ef61c,00260080
001ef61c,002600b4
001ef61c,002600e8
001ef61c,0029f0a8
001ef61c,002a8f8c
001ef6a8,001ef950
001ef6a8,001f05ec
001ef6a8,00260080
001ef6a8,002600b4
001ef6a8,002600e8
001ef6a8,0029f0a8
001ef6a8,002a8f8c
001ef754,001efd14
001ef754,001efe54
001ef754,001f09b0
001ef754,00260080
001ef754,002600b4
001ef754,0029f0a8
001ef820,001ef9f4
001ef820,001efe1c
001ef820,001f0690
001ef820,00260080
001ef820,002600b4
001efef0,0029a488
001efef0,002a8f8c
001eff28,001f0440
001eff28,0025ff60
001f0010,0025ff60
001f00fc,0025ff60
001f016c,0025ff60
001f01e8,001f04ec
001f0228,0029f0a8
001f031c,0029f0a8
001f0344,0029f0a8
001f0440,001efcd0
001f0440,001f096c
001f0440,0029f0a8
001f04ec,001efc10
001f04ec,001f08ac
001f04ec,0029f0a8
001f0aa4,001f1378
001f0ae8,001f110c
001f0b60,001f1288
001f0b80,001f0f2c
001f0ba8,001f0ec4
001f0bd0,001f0f90
001f0c04,001f0ff4
001f0c04,002a8f8c
001f0c64,001f133c
001f0c88,001f143c
001f0ca8,001f146c
001f0ccc,001f1580
001f0d0c,001f11cc
001f0d30,001f15c4
001f15c4,0010ff04
001f15c4,001e5f14
001f15c4,001f13f8
001f15c4,00261330
001f15c4,002a67b8
001f15c4,002a6cb4
001f16c8,00261330
001f1720,001f0e30
001f1720,00261330
001f1780,001f0ef8
001f17c4,001f10dc
001f183c,0025ec50
001f183c,0025fd28
001f1904,0029c3e0
001f1958,0025ec50
001f1958,0025fd28
001f19d4,0025eb90
001f19d4,0025ec50
001f19d4,0025fd28
001f1a70,0025eb90
001f1a70,0025ec50
001f1a70,0025fd28
001f1d30,0025e974
001f1d30,0025ea90
001f1d30,0029e4f0
001f1d30,002a7b94
001f23ac,0025e92c
001f23ac,0025e974
001f23ac,0025ea90
001f23ac,0029e4f0
001f23ac,002a7b94
001f9df0,0025bd90
001f9e44,0025bd58
001f9e44,0025bd74
001fa104,002a7b94
001fa120,00120ff0
001fa120,001ec63c
001fa120,00260e98
001fa120,00260ea4
001fa120,00261014
001fa120,002610a8
001fa120,00261330
001fa120,002a61ac
001fa37c,001fa8dc
001fa37c,0025ba84
001fa37c,0025bcb4
001fa37c,002a7e38
001fa37c,002a81f0
001fa37c,0038ed04
001fa7c8,0025b768
001fa7c8,0029e4e4
001fa8dc,002a81f0
001fab38,0029c3e0
001fab38,002a81f0
001fac3c,0025b614
001fac3c,002a8ffc
001fac6c,0025b614
001fac98,0038f074
001faca8,001fb064
001facbc,0025b130
001facbc,0025b148
001facbc,0025b468
001facbc,0025b54c
001fadc8,001fe8e0
001fadc8,0025aae8
001fadc8,0025ade4
001fadc8,0025b008
001fadc8,0025b068
001fadc8,0025b0ac
001fadc8,0025b130
001fadc8,0025b468
001fadc8,0025b54c
001fb064,001fc1cc
001fb064,0025aae8
001fb064,0025b130
001fb164,0025a570
001fb18c,00259e74
001fb18c,00259fc4
001fb18c,0025a1e0
001fb18c,0025b130
001fb248,0025aae8
001fb248,0025b130
001fb318,001fe8e0
001fb318,0025aae8
001fb318,0025ade4
001fb318,0025b008
001fb318,0025b068
001fb318,0025b468
001fb318,0025b54c
001fb4d8,0025a570
001fb51c,0025a294
001fb54c,001fcdb4
001fb54c,0025b130
001fb54c,0025b148
001fb54c,0025b468
001fb54c,0025b54c
001fb54c,0025b768
001fb754,001fadc8
001fb754,001fcab8
001fb754,00259b34
001fb754,00259e74
001fb754,0025a1e0
001fb754,0025b0ac
001fb754,0025b130
001fb878,001fadc8
001fb878,001fb064
001fb878,001fb318
001fb878,001fc9c4
001fb878,001fd1bc
001fb878,002594a4
001fb878,00259828
001fb878,00259b34
001fb878,00259e74
001fb878,00259fc4
001fb878,0025a570
001fb878,0025aa28
001fb878,0025aae8
001fb878,0025ade4
001fb878,0025b008
001fb878,0025b130
001fbd28,001ff504
001fbd7c,001ff9a0
001fbdcc,001ffab0
001fbdcc,00259304
001fbdcc,00259454
001fbdcc,0025b54c
001fbf20,001ffb88
001fbf20,00259304
001fbf84,00259304
001fbfd4,001ffbf4
001fbfd4,00259304
001fbfd4,00259454
001fbfd4,0025b54c
001fbfd4,002a783c
001fc1b4,00259260
001fc1b4,002592b4
001fc1cc,0025aae8
001fc1cc,0025ade4
001fc1cc,0025b008
001fc1cc,0025b068
001fc418,00259260
001fc418,002592b4
001fc428,001ffa4c
001fc428,00259304
001fc428,00259454
001fc428,0025b54c
001fc51c,00259260
001fc51c,002592b4
001fc564,00259304
001fc5b4,001ffb88
001fc5b4,00259304
001fc628,001ffbf4
001fc628,00259304
001fc628,00259454
001fc628,002a783c
001fc6ec,00259304
001fc754,001fbfd4
001fc754,001fc848
001fc754,0025b54c
001fc848,00259454
001fc968,00259260
001fc968,002592b4
001fc9a8,00259260
001fc9a8,002592b4
001fc9b8,002592b4
001fc9c4,00259190
001fc9c4,00259260
001fc9c4,0025b54c
001fcab8,001fc754
001fcab8,00259190
001fcab8,00259260
001fcab8,0025b54c
001fcbf4,001ffb1c
001fcbf4,00259304
001fcbf4,00259454
001fcbf4,0025b54c
001fcd74,00259260
001fcd74,002592b4
001fcdb8,00258de8
001fcdb8,00258e0c
001fcdb8,00258e24
001fcdb8,00259114
001fcdb8,00259150
001fcdb8,0025b9bc
001fd064,003900cc
001fd0b8,00258d90
001fd0b8,0025aae8
001fd0b8,002a764c
001fd1bc,00258d90
001fd1bc,0025aae8
001fd1bc,002a764c
001fd35c,00259260
001fd35c,0025b54c
001fd4fc,00258964
001fd4fc,0025ade4
001fd4fc,0025b008
001fd4fc,0025b130
001fde80,0025893c
001fde80,0025b130
001fdf50,001fbd7c
001fdf50,001ff130
001fdf50,0025874c
001fdf50,00259260
001fdf50,0025b54c
001fe0d0,001faca8
001fe0d0,001facbc
001fe0d0,001fb164
001fe0d0,001fb18c
001fe0d0,001fb248
001fe0d0,001fb4d8
001fe0d0,001fb51c
001fe0d0,001fb54c
001fe0d0,001fb754
001fe0d0,001fb878
001fe0d0,001fbd28
001fe0d0,001fd4fc
001fe0d0,001ff108
001fe0d0,0025a280
001fe0d0,0025b130
001fe0d0,0025b614
001fe4dc,00202c88
001fe4f4,001fdf50
001fe4f4,0025b614
001fe4f4,002a7030
001fe6c4,0025893c
001fe6c4,0025b130
001fe7bc,0025874c
001fe7bc,00259260
001fe7bc,0025b614
001fe7bc,002a8ffc
001fe850,0025874c
001fe850,00259260
001fe850,0025b614
001fe8ec,002584f4
001fe8ec,00258964
001fe8ec,00258a24
001fe8ec,002591b8
001fe8ec,0025b130
001fe8ec,0025bcb4
001fecc8,002584f4
001fecc8,00258964
001fecc8,00258a24
001fecc8,0025b130
001fecc8,0025bcb4
001ff130,00259260
001ff130,0025b54c
001ff1dc,00259304
001ff244,001ffab0
001ff244,001ffb1c
001ff244,00259304
001ff244,00259454
001ff244,0025b54c
001ff3ec,00259260
001ff3ec,002592b4
001ff3fc,00258254
001ff3fc,00258a24
001ff3fc,0025b130
001ff3fc,0025b768
001ff504,001fbdcc
001ff504,001fc428
001ff504,001fcbf4
001ff504,001fd064
001ff504,001ff244
001ff504,00257e54
001ff504,00257f88
001ff504,0025809c
001ff504,0025aa28
001ff504,0025aae8
001ff504,0025b0ac
001ff504,0025b130
001ffa50,002a783c
001ffab4,002a783c
001ffb20,002a783c
001ffb8c,002a783c
001ffbf8,002a783c
001ffc60,00257bf4
001ffc60,00258c9c
001ffc60,0025b9bc
001ffd94,001fa37c
001ffd94,0025ba84
001ffe64,00200468
001ffe64,00257774
001ffe64,002578d8
001ffe64,0025b130
001ffe64,0025b874
00200000,001ffe64
00200000,0020018c
00200000,00200ad4
00200000,002016f0
00200000,0025b130
0020018c,001fa7c8
0020018c,002016f0
0020018c,00257530
0020018c,002576c4
0020018c,00257774
0020018c,002578d8
0020018c,0025b130
0020018c,0025b874
0020086c,00202894
0020086c,002570b4
0020086c,0025713c
0020086c,002571a0
0020086c,002576c4
0020086c,00257774
0020086c,0025b874
0020086c,0025b9bc
00200ad4,001fcdb4
00200ad4,00256fa8
00200ad4,002570b4
00200ad4,0025713c
00200ad4,00257530
00200ad4,002578d8
00200ad4,0025b130
00200ad4,0025b768
00200ad4,0025b874
00201010,001fd0b8
00201010,00201dc8
00201010,00202000
00201010,00256f40
00201010,002594a4
00201010,00259828
00201010,00259fc4
00201010,0025aa28
00201010,0025b130
00201010,0025b54c
00201010,0029e4e4
00201010,00371d7c
002016f0,00201010
002016f0,00203078
002016f0,00256fa8
002016f0,002571a0
002016f0,00257530
002016f0,0025a1e0
002016f0,0025b130
002016f0,0025b874
00201dc8,00256f40
00201dc8,00259fc4
00201dc8,0025b130
00201dc8,0025b54c
00202000,00256f40
00202000,0025aae8
00202000,0025b130
00202000,0025b54c
00202000,00371e94
00202224,001ff504
00202224,00256f04
00202224,00258e24
002022dc,001ff9a0
002022dc,00259114
0020237c,00256bd0
0020237c,00258298
0020237c,0025ba84
0020237c,002a7e38
0020237c,002a89a4
00202894,00256d28
00202894,0025b9bc
00202894,0025ba84
002029cc,00256d28
002029cc,0025b9bc
00202abc,0025b130
00202b74,001fffac
00202b74,0025b130
00202c88,00202224
00202c88,002022dc
00202c88,002568ec
00202c88,0025b54c
00202c88,0025b614
00202c88,002a7030
00202e98,00258254
00202e98,00258a24
00202e98,0025b130
00202e98,0025b768
00202f94,002568ec
00202f94,0025b614
00202f94,002a8ffc
00203008,002568ec
00203008,0025b614
00203078,00256f04
00203078,00258d90
00203078,00259260
00203078,0025aae8
00203078,0025b54c
00203320,002a8990
00203320,002a89a4
00203320,00382ab0
00203398,002a7dc8
00203398,002a8990
00203398,002a89a4
00203418,00256874
00203418,002a8990
00203418,002a89a4
002034a4,00102470
002034a4,002a8990
002034a4,002a89a4
00203524,0025686c
00203524,002a8990
00203524,002a89a4
002035b0,00256114
002035b0,00256804
002035b0,0025713c
002035b0,0025b874
00203664,00255ff0
00203664,00256114
00203664,00256804
00203664,0025713c
00203664,00258de8
00203664,00258e0c
00203664,00259114
00203664,00259150
00203664,0025b768
00203664,0025b874
00203664,002a8ef8
00203828,00203320
00203828,00203398
00203828,00203418
00203828,002034a4
00203828,00203524
00203828,00255ea0
00203828,00256804
00203828,0025713c
00203828,002576c4
00203c94,0014d0b4
00203c94,00207464
00203c94,002576c4
00203c94,00257bf4
00203c94,00258298
00203c94,0025ba84
00203c94,0038e440
002040d8,00259114
002044e8,001a694c
002044e8,001a6c0c
002044e8,0025593c
002044e8,0025599c
002044e8,002559cc
002044e8,00255a48
002044e8,002688d8
002044e8,0029a3f4
002044e8,002a7bec
002044e8,002a7f5c
002044e8,002a7f88
002044e8,002a8eac
00204688,002557fc
00204688,00255870
00204688,0025589c
00204688,0027a5f0
00204688,0029373c
00204688,0029a238
00204688,0029a29c
00204688,0029a360
00204688,0029a3f4
00204688,002a0964
00204688,002a7f5c
00204688,003a91d0
0020497c,001a7b30
0020497c,0025593c
0020497c,0025599c
0020497c,002559cc
0020497c,00255a48
0020497c,002688d8
0020497c,0029a3f4
0020497c,0029e4f0
0020497c,002a7bec
0020497c,002a7f5c
0020497c,002a7f88
0020497c,002a8eac
0020497c,002a8f8c
00204e98,001a6ef0
00204e98,001c1130
00204e98,00204108
00204e98,00255798
00204e98,0025593c
00204e98,0025599c
00204e98,00255a48
00204e98,002688d8
00204e98,002699bc
00204e98,0029a29c
00204e98,0029a360
00204e98,0029a3f4
00204e98,002a7bec
00204e98,002a7f5c
00204e98,002a8eac
0020519c,00255a48
0020519c,002688d8
0020519c,0029a29c
0020519c,0029a3f4
0020519c,002a7bec
0020519c,002a7f5c
0020519c,002a8eac
002053e8,00168bf8
002053e8,001a7df0
002053e8,0020497c
002053e8,00254c60
002053e8,002556a8
002053e8,002556b8
002053e8,00255734
002053e8,00255798
002053e8,0025593c
002053e8,0025599c
002053e8,002559cc
002053e8,00255a48
002053e8,00263d94
002053e8,002688d8
002053e8,00283540
002053e8,0029a3f4
002053e8,0029e4f0
002053e8,002a7030
002053e8,002a7bec
002053e8,002a7f5c
002053e8,002a7f64
002053e8,002a7f88
002053e8,002a8eac
002053e8,002a8f8c
002053e8,002f4998
002053e8,00305d1c
00206864,001024ec
00206864,0025593c
00206864,0025599c
00206864,002559cc
00206864,00255a48
00206864,002688d8
00206864,0029a3f4
00206864,0029e4f0
00206864,002a7bec
00206864,002a7f5c
00206864,002a7f88
00206864,002a8eac
00206864,002a8f8c
00206864,003061a0
00206eac,002556a8
00206eac,002556b8
00206eac,00255734
00206eac,00255a48
00206eac,00263d94
00206eac,002688d8
00206eac,0029a3f4
00206eac,002a7bec
00206eac,002a7f5c
00206eac,002a8eac
002072ac,0025aae8
0020730c,00390500
00207370,003908a8
002073d0,00254314
002073d0,00256804
002073d0,002a7030
002073d0,002a8ffc
002073d0,0039027c
00207468,00256804
00207468,002a81f0
00207468,002a8ea8
00207500,0025414c
00207500,00256804
00207500,002a7030
00207500,002a8ffc
00207500,003905d8
00207624,001e79f4
00207624,00254130
00207624,002a7d08
00207680,00207ef4
00207680,00254130
002076d8,001f0c64
002076d8,001f0c88
002076d8,001f0ccc
002076d8,002075ac
002076d8,00253dcc
002076d8,00253e24
002076d8,00253e80
002076d8,00253ecc
002076d8,00253f44
002076d8,00253fb4
002076d8,00254034
002076d8,00254054
002076d8,002540c0
002076d8,00254130
002076d8,00371c9c
00207a88,00207ef4
00207a88,00254130
00207ac4,00da4778
00207ae4,001f0ccc
00207ae4,002075ac
00207ae4,00253dcc
00207ae4,00253e24
00207ae4,00253e80
00207ae4,00253ecc
00207ae4,00254034
00207ae4,00254054
00207ae4,002540c0
00207ae4,00254130
00207ae4,00371c9c
00207d00,00253d90
00207d04,00207f24
00207d04,00253c4c
00207d04,00253d70
00207d04,00254054
00207d04,00256804
00207d04,0028d2d8
00207e58,00207f24
00207e58,00253d70
00207e58,00254054
00207e58,00256804
00207ef4,001f0d0c
00207ef4,00253ad0
00207f24,00203658
00207f24,002072ac
00207f24,00253ac0
00207f24,00253c4c
00207f24,00254054
002080c0,00394718
002080e0,00208880
00208130,00208880
00208130,00253838
00208130,00253930
00208130,00253a1c
00208130,002a67b8
002087e4,00253838
002087e4,00253930
002087e4,00253a1c
00208880,0025371c
002089b4,00208b98
00208d9c,002a5070
00208d9c,002a685c
00208d9c,002a68ec
00208d9c,002a6b78
00208d9c,002a8f8c
00208e34,00208f4c
00208e34,0029cf24
00208ea8,0029cf24
00208f9c,0029c3e0
00208f9c,002a81f0
00209160,0029c3e0
00209160,002a7b94
002092d8,00208f9c
002092d8,0020a124
002092d8,00260ea4
002092d8,00261014
002092d8,002610a8
002092d8,00261330
002092d8,002a61ac
002092d8,002a67b8
0020942c,00260dbc
0020942c,002a67b8
00209458,00261194
00209468,0020a200
00209468,0025bd58
0020952c,00109424
0020952c,002097f0
0020952c,002535e0
0020952c,0029cfe0
0020952c,0029d090
0020952c,0029ee6c
0020952c,002a50d0
0020952c,002a5ff4
0020952c,002a685c
0020952c,002a68ec
002096c8,0029bff8
002097a0,0029f694
002097a0,002a685c
002097a0,002a68ec
002097f0,00253544
002097f0,0029cf98
002097f0,0029d090
002097f0,002a685c
002097f0,002a68ec
00209898,00253488
00209898,00253544
00209898,0029cf98
00209898,0029cfe0
00209898,0029f658
00209898,002a685c
00209898,002a68ec
0020998c,0029bff8
0020998c,0029c448
0020998c,0029cf98
0020998c,0029d56c
0020998c,002a685c
0020998c,002a68ec
00209b6c,00253488
00209b6c,00253544
00209b6c,0029cf98
00209b6c,0029cfe0
00209b6c,0029d090
00209b6c,0029ee6c
00209b6c,0029f694
00209b6c,002a50d0
00209b6c,002a685c
00209b6c,002a68ec
00209cd4,0020b434
00209cd4,002a6c00
00209cd4,002a6c70
00209d4c,0029cea8
00209d4c,0029ced4
00209dac,0029ee08
00209dac,002a6600
00209ddc,0020b498
00209ddc,002a6c00
00209ddc,002a6c70
00209e18,0020b78c
00209e18,002a6c00
00209e18,002a6c70
00209e54,0020b78c
00209e54,0020b854
00209e54,002a6c00
00209e54,002a6c70
00209ed4,00109f54
00209ed4,0020a138
00209ed4,0020a4d0
00209ed4,0020afd4
00209ed4,0029cea8
00209ed4,0029ced4
00209ed4,0029cee4
00209ed4,0029f07c
00209ed4,002a524c
00209ed4,002a61ac
00209ed4,002a6640
0020a010,0020a4d0
0020a010,0020a974
0020a010,0020aaec
0020a010,0020afd4
0020a010,0020b110
0020a010,0029cea8
0020a010,0029ced4
0020a010,0029f07c
0020a010,002a61ac
0020a010,002a6640
0020a148,0020a000
0020a15c,002a685c
0020a15c,002a68ec
0020a1dc,0020a138
0020a1dc,0029cee4
0020a200,0029ccb4
0020a238,0029ee28
0020a238,002a6c00
0020a238,002a6c70
0020a238,002a6e2c
0020a268,0020a46c
0020a268,0020a7f0
0020a268,0020ad74
0020a268,0020ae70
0020a268,0020afa4
0020a268,0020b0fc
0020a268,0025308c
0020a268,00261330
0020a268,0029ccb4
0020a268,0029e630
0020a39c,0020b328
0020a39c,002a6c00
0020a39c,002a6c70
0020a440,0020b398
0020a440,002a6c00
0020a440,002a6c70
0020a474,00208e34
0020a4d0,00120ff0
0020a4d0,0020b21c
0020a4d0,0020b3e0
0020a4d0,0020b4e4
0020a4d0,00253454
0020a4d0,00253460
0020a4d0,0029cbbc
0020a4d0,0029d090
0020a4d0,0029ee28
0020a4d0,0029ee98
0020a4d0,002a4fb4
0020a4d0,002a4fc8
0020a4d0,002a65e4
0020a4d0,002a6c00
0020a4d0,002a6c70
0020a4d0,002a6e2c
0020a774,002a81f0
0020a7f0,00120ff0
0020a7f0,0029ee28
0020a7f0,002a6c00
0020a7f0,002a6c70
0020a7f0,002a6e2c
0020a974,0020b4e4
0020a974,002a6c00
0020a974,002a6c70
0020a974,002a6e2c
0020a9f8,0020b5b8
0020a9f8,002a6c00
0020a9f8,002a6c70
0020aa1c,0020b5f8
0020aa1c,002a6c00
0020aa1c,002a6c70
0020aaec,00120ff0
0020aaec,00209dac
0020aaec,0020b21c
0020aaec,0020b680
0020aaec,0025340c
0020aaec,00253444
0020aaec,00253454
0020aaec,00253460
0020aaec,0029cbbc
0020aaec,0029d090
0020aaec,0029ee08
0020aaec,0029ee98
0020aaec,002a4fb4
0020aaec,002a4fc8
0020aaec,002a65e4
0020aaec,002a6610
0020aaec,002a6bac
0020aaec,002a6c00
0020aaec,002a6c70
0020ad08,0020b6d0
0020ad08,002a6c00
0020ad08,002a6c70
0020ad74,0010a578
0020afa4,0020b808
0020afa4,002a6c00
0020afa4,002a6c70
0020afd0,002532d4
0020afd4,00120ff0
0020afd4,0020b890
0020afd4,002a6630
0020afd4,002a6c00
0020afd4,002a6c70
0020b060,00120ff0
0020b060,0020b8c0
0020b060,002a6c00
0020b060,002a6c70
0020b0fc,001e5e78
0020b110,00120ff0
0020b110,0020b90c
0020b110,0025340c
0020b110,00253444
0020b110,002a65e4
0020b110,002a6610
0020b110,002a6630
0020b110,002a6640
0020b110,002a6c00
0020b110,002a6c70
0020b21c,0020a46c
0020b21c,0020a7f0
0020b21c,0020ad74
0020b21c,0020ae70
0020b21c,0020afa4
0020b21c,0029ccb4
0020b21c,0029e630
0020b2e8,001064d0
0020b2e8,002a6c00
0020b2e8,002a6c70
0020b30c,0020b060
0020b97c,0020bdb0
0020b97c,002a67b8
0020b9a0,0020bdec
0020b9a0,002a67b8
0020b9bc,0020be40
0020b9bc,002a67b8
0020b9d8,0020be88
0020b9d8,002a67b8
0020b9f4,0020bfb0
0020b9f4,002a67b8
0020ba30,0020bec4
0020ba30,002a67b8
0020bab4,0020bf74
0020bab4,002a67b8
0020bad0,0020bfe0
0020bad0,002a67b8
0020bad0,002a6b78
0020bad0,002a6cb4
0020bad0,002a8f8c
0020bc58,0020c010
0020bc58,002a67b8
0020bc74,0020c05c
0020bc74,002a67b8
0020bc90,0020c0b4
0020bc90,002a67b8
0020bcd0,0020c100
0020bcd0,002a67b8
0020bcf4,0020c160
0020bcf4,002a67b8
0020bd34,0020c1ac
0020bd34,002a67b8
0020c238,0020c1e8
0020c238,002a67b8
0020c2c4,0020c4f0
0020c2c4,00252fac
0020c2c4,00253020
0020c2c4,0029c3e0
0020c2c4,002a81f0
0020c4f0,0029b7a0
0020c58c,001e902c
0020c58c,00209e54
0020c58c,0020aaec
0020c58c,0020b110
0020c58c,00252f9c
0020c58c,0029a488
0020c58c,002a61ac
0020c58c,002a67b8
0020c58c,002a6e2c
0020c6d4,00260100
0020c6d4,0029c3e0
0020c6d4,002a7b94
0020c744,00260ea4
0020c744,002610a8
0020c744,002a61ac
0020c744,002a67b8
0020c7d8,00260dbc
0020c7d8,002a67b8
0020c804,00261194
0020c810,0020cbf8
0020c810,0020ccd4
0020c810,00252f60
0020c810,002a5ff4
0020c810,002a685c
0020c810,002a68ec
0020c810,002a6b78
0020c810,002a6cb4
0020c810,002a8f8c
0020c98c,002a685c
0020c98c,002a68ec
0020c9c8,0020cc48
0020c9c8,00252f60
0020c9c8,002a685c
0020c9c8,002a68ec
0020ca34,0020cd14
0020ca34,00252f60
0020ca34,002a685c
0020ca34,002a68ec
0020ca90,0020cd44
0020ca90,00252f60
0020ca90,002a685c
0020ca90,002a68ec
0020cb00,0020cd88
0020cb00,00252f60
0020cb00,00261244
0020cb00,002a685c
0020cb00,002a68ec
0020cb9c,0020cdc8
0020cb9c,00252f60
0020cb9c,002a685c
0020cb9c,002a68ec
0020cdf8,002a685c
0020cdf8,002a68ec
0020cfd4,00252f08
0020cfd4,0026fa7c
0020cfd4,0029e408
0020d040,0020d0d0
0020d0d0,0029e408
0020d0fc,0029c3e0
0020d0fc,0029e408
0020d140,00252edc
0020d140,00252f08
0020d194,0020d0fc
0020d250,0020cfd4
0020d2e0,0021378c
0020d2e0,003744c4
0020d2e0,0037c2b0
0020d928,00210d34
0020d928,002111e4
0020d928,002b08ac
0020dc8c,0020e828
0020dc8c,002106b0
0020dc8c,00210c38
0020dc8c,00215ca4
0020dc8c,00252eb0
0020dc8c,002b0cf0
0020ecfc,00252eb0
0020eebc,0020efe0
0020eebc,00252bf8
0020eebc,00252e3c
0020efe0,002a4f08
0020f0cc,002529e0
0020f0cc,00252a88
0020f214,00252658
0020f214,00252eb0
0020f42c,00252630
0020f778,0020f7cc
0020f778,00252bf8
0020f778,00252e3c
0020f7cc,002a4f08
0020f8a8,002529e0
0020f8a8,00252a88
0020f9f0,00252658
0020f9f0,00252eb0
0020fbf8,00252630
00210004,002104f4
00210004,0029b7a0
00210004,002a9ae8
00210064,00250998
00210064,002509d0
002101d4,00250998
002101d4,002509d0
002101d4,00250aa0
002101d4,0025254c
002101d4,0029b7a0
002101d4,0029ca80
002101d4,0037257c
002104f4,0021004c
002104f4,00216900
002104f4,002509d0
002104f4,00250aa0
002104f4,002a97c8
002104f4,002a9d1c
002106b0,0029b7a0
002106b0,002a8f8c
00210c38,0029b7a0
00210d34,002a8f8c
00212bfc,003916b4
00212c58,002ade68
00212c58,002adea4
00212c58,002b192c
00212e9c,0020d2e0
00212e9c,00372610
00213128,002138d0
0021333c,002138d0
002138d0,0037b89c
00213960,0037b89c
00213bc4,00213ce8
00213bc4,00252bf8
00213bc4,00252e3c
00213ce8,002a4f08
00213e44,002529e0
00213e44,00252a88
0021403c,0025165c
0021403c,00252658
00214104,00213f3c
00214104,00252630
00214424,002bc8fc
0021489c,0020d928
0021489c,00214978
0021489c,00216318
00214978,002529e0
00214978,002c0f10
00214e3c,0021635c
00214e3c,002b0b9c
002153ac,0020dc8c
002153ac,002163cc
002153ac,00252658
002153ac,00252eb0
002153ac,002a4f08
002153ac,002a783c
002153ac,022153b0
002155d0,002bd688
00215ca4,0025160c
00215ca4,0029ca50
002163cc,0025160c
002163cc,0029ca50
002165fc,002a4f28
002165fc,002abd18
002165fc,002ae03c
00216650,00251574
002167f8,002a4f28
002167f8,002a9b90
002167f8,002a9fac
00216900,00250fe8
00216900,0029b7a0
00216900,002b8b7c
002169f0,002509d0
002169f0,00250a54
00216ac8,00216b5c
00216b5c,00251004
00216b5c,00373d50
00216ed0,001f9de8
00216ed0,0025088c
00216ed0,00250910
00216ed0,002a783c
002175cc,0021d484
002175cc,0024f584
002175cc,0025254c
002175cc,00372fac
002177e0,0029e408
002177e0,002a7e38
002177e0,002a7f88
002177e0,002a81f0
002177e0,002a88e4
002177e0,002a8cdc
002177e0,002a9020
002179d4,002a7f64
002179d4,002a81f0
002179d4,002a9020
00217b8c,002a7f64
00217b8c,002a81f0
00217b8c,002a9020
00217d1c,002446f0
00217d1c,002a8938
00217fc4,002a7f64
00218358,002a7f64
00218718,002a7f64
00218ad0,0029e4f0
00218ad0,002a7f64
00218ad0,002a8e0c
00218ee8,00252e74
00218f94,00259190
00218f94,00259260
002191c4,001e7c20
002191c4,00219250
002191c4,003a88c0
00219250,003a8754
00219250,003a8980
002193e8,002a81f0
002194a4,0021949c
002194e0,002194d8
0021951c,00219514
0021951c,002a8df8
00219564,0021955c
002195a0,00219598
002195a0,002a8df8
002195e8,002195e0
002195e8,002a7f5c
00219678,00219670
00219678,002a8df8
002196b8,002a7490
002196b8,0037d198
00219ab0,002196b8
00219c84,00247870
00219d60,00247870
00219ec8,00247870
00219f8c,00247870
0021a044,00261df8
0021a05c,0028f45c
0021a05c,00293fa4
0021a05c,002a7f5c
0021a05c,002a8ffc
0021a240,0029c500
0021a2b8,0025b6dc
0021a2b8,002a5ff4
0021a2b8,002a685c
0021a2b8,002a68ec
0021a330,0025b6dc
0021a330,002a5ff4
0021a330,002a685c
0021a330,002a68ec
0021a448,0011dcdc
0021a448,0011e218
0021a448,001206c8
0021a448,0029c6cc
0021a448,0029e130
0021a448,002a7d24
0021a448,002a81f0
0021a448,0038fb9c
0021ae88,001454e8
0021ae88,0029b468
0021aea4,002a81f0
0021aec0,0021aec8
0021aecc,00121690
0021af08,0021aecc
0021b0f4,0023ff3c
0021b178,002a685c
0021b178,002a68ec
0021b1bc,001f9e44
0021b1bc,00299f50
0021b1bc,0029a360
0021b1bc,002a0964
0021b1bc,002a7f5c
0021b360,0022ab8c
0021b360,00286f34
0021b360,002a764c
0021b3dc,0021b3dc
0021b3dc,002a7f64
0021b50c,0021b56c
0021b56c,00143538
0021b56c,0029b380
0021b644,0023fae8
0021b644,002a7490
0021b844,0021b994
0021b844,00247b44
0021b844,00248da4
0021ba68,001e438c
0021ba68,002a6bac
0021bc24,00247798
0021c1e0,0024ccc4
0021c558,0024ccc4
0021c558,002a7490
0021c6f8,0024f02c
0021c6f8,003767dc
0021c6f8,0037687c
0021ca54,0024cc9c
0021ca54,0024ccc4
0021ca54,002a7490
0021ca54,002c76c4
0021ca54,002c77d0
0021ca54,002c78e4
0021ca54,002c7a28
0021ca54,003768a4
0021cf98,0029b7a0
0021d0b0,0029b7a0
0021d0f8,0021d310
0021d0f8,0021d348
0021d3a4,002a4f08
0021d3a4,002a783c
0021d830,002a7f5c
0021d830,002a81f0
0021d830,002a9020
0021d830,003a93bc
0021d830,003ae8b8
0021db78,00269d00
0021db78,00290f50
0021db78,0029d77c
0021db78,002a7f64
0021db78,002a81f0
0021db78,002a9020
0021dd90,00217f14
0021dd90,002447a0
0021dd90,002a7f5c
0021dd90,002a8938
0021dd90,002a8df8
0021e2dc,002a7f5c
0021e2dc,002a7f64
0021e47c,0029d77c
0021e47c,002a0964
0021e47c,002a7f5c
0021e47c,002a7f64
0021e47c,002a81f0
0021e47c,002a9020
0021e7a8,0037db94
0021e7dc,00245054
0021e7dc,002a7030
0021e7dc,002a8ffc
0021e7dc,0036c9b0
0021e9f0,0028eb70
0021e9f0,00295d80
0021ea20,002a7030
0021ea94,00291f20
0021eaf0,00295f04
0021eaf0,00295f10
0021eaf0,002a6188
0021eb34,002a7030
0021ebc0,00290ea8
0021ebc0,00293064
0021ebc0,00295f48
0021eca4,00295f48
0021ecd4,003616cc
0021ed54,00295d80
0021ed5c,0023f630
0021ed5c,00276964
0021eda4,00270f90
0021eda4,003616cc
0021ee5c,00223454
0021ee5c,00286a10
0021ee5c,0028f45c
0021ee5c,00291f60
0021ee5c,00293e74
0021ee5c,00293f64
0021ee5c,00293fa4
0021ee5c,00296060
0021ee5c,002a7f5c
0021eff8,00274710
0021eff8,002940a0
0021eff8,00299b78
0021eff8,00299bd0
0021eff8,00299c38
0021eff8,002a7f5c
0021eff8,002a7f64
0021eff8,002a81f0
0021eff8,002a9020
0021eff8,002defec
0021f2e0,00223830
0021f2e0,00223a48
0021f2e0,002451bc
0021f2e0,002a7030
0021f370,00172378
0021f370,0021ff10
0021f370,002203b4
0021f370,00220428
0021f370,00223f58
0021f370,0026d850
0021f370,0027e4bc
0021f370,0028ca60
0021f370,0028d0d0
0021f370,00294bd8
0021f370,002a7030
0021f370,002a7f5c
0021f370,002a7f64
0021f370,002a8ffc
0021f370,003561b0
0021f370,003561bc
0021f370,00381904
0021f94c,0026ef3c
0021f94c,00293e74
0021f94c,00293fa4
0021f94c,00296060
0021f980,00146208
0021f980,00146684
0021f980,00147178
0021f980,00147214
0021f980,00148040
0021f980,0014a100
0021f980,0014b7c8
0021f980,0014c634
0021f980,0014c6ac
0021f980,0014fadc
0021f980,001507f8
0021f980,0015113c
0021f980,001c77a8
0021f980,001c781c
0021f980,0021f35c
0021f980,00220428
0021f980,00234758
0021f980,0028a9d0
0021f980,0028ca60
0021f980,00294768
0021f980,002a8ffc
0021f980,002ee2f4
0021f980,0033c5b4
0021fc48,002a6030
0021fc48,002a7030
0021fd08,00220428
0021fd08,0028ca60
0021fd08,0028e958
0021fd08,0028e9c0
0021fd08,0028ea10
0021fd08,00293e74
0021fd08,00296060
0021fd08,002a7030
0021fd08,002a8ffc
0021fdf0,0026ef3c
0021fdf0,00291f60
0021fdf0,00293e74
0021fdf0,00293fa4
0021fdf0,00296060
00220000,0023ffe4
00220000,0027643c
00220000,00286a68
00220000,0028cc54
00220000,0028cd0c
00220000,0028d054
00220000,0028d410
00220000,00290c00
00220000,00290cb8
00220000,00293e74
00220000,00295ee4
00220000,00296618
00220000,002a6030
00220000,002a7030
00220314,00293e74
00220314,00293fa4
00220314,00296060
002203bc,00293e74
002203bc,00293f64
002203bc,00293fa4
002203bc,00296060
002203bc,002a8134
00220428,002a7030
0022049c,002a7030
00220510,00244494
00220510,002446f0
00220510,002447a0
00220510,002447d4
00220510,00280c94
00220510,002a7f64
00220824,0028f45c
00220824,0028f6e4
00220824,00293e74
00220824,00293fa4
00220824,00296060
00220824,002a7f5c
002208bc,00220c04
002208bc,00268900
002208bc,00281874
002208bc,002923f8
002208bc,002a7d24
002208bc,002ee7e4
002208bc,002ee86c
0022096c,0016c578
0022096c,00220c88
0022096c,00220d7c
0022096c,00287048
0022096c,00291f20
0022096c,00294348
0022096c,00294b24
0022096c,002954f4
0022096c,002ee840
00220b5c,00268900
00220b5c,00281874
00220b5c,002923f8
00220b5c,002ee7e4
00220b5c,002ee86c
00220c04,00290ea8
00220c04,00293064
00220c88,00295f48
00220cc4,0016c578
00220cc4,00220d7c
00220cc4,00291f20
00220cc4,002954f4
00220cc4,002ee840
00220d7c,002a7030
00220df0,002a6188
00220e10,0026a904
00220e10,002a6030
00220e8c,002a7030
00220f00,002a7030
00220f74,002a7030
00220fe8,0028cda4
00220fe8,00290cb8
00220fe8,00291f20
002210b0,002a7030
0022115c,0023fa64
00221188,002930d0
00221188,00296200
00221188,002a7030
002212d0,001a1d3c
002212d0,002221f4
002212d0,00245108
00221324,00286904
00221324,00293d1c
00221324,00293db8
002213f8,00269868
002213f8,0028782c
002213f8,0029a29c
002213f8,002a7030
002213f8,002a8938
002214f4,0029e4f0
002214f4,002a8f8c
00221550,002a7030
002215c4,002648b0
002215c4,002875bc
002215c4,002892a4
002215c4,0028eb70
002215c4,00295d80
002215c4,00296124
002215c4,002961ac
002215c4,0029a29c
002215c4,0029a360
002215c4,002a7f5c
002215c4,002a8b94
002216c4,00220e8c
002216c4,002954f4
00221768,0023ffe4
00221768,0026f520
00221768,00270258
00221768,0028eb70
00221768,002923f8
00221768,00295d80
00221768,00296124
00221768,002961ac
00221768,00296618
00221768,002f3764
002218bc,002a7030
00221938,0028ee48
00221938,00293e74
00221938,00293f64
00221938,00293fa4
00221938,00296060
002219c8,00274580
002219c8,0028eea0
002219c8,0029427c
002219c8,002942d4
002219c8,00294320
002219c8,00294bd8
002219c8,00295ee4
002219c8,00295f04
002219c8,00295f10
002219c8,002a6030
002219c8,002a6188
002219c8,002a7030
002219c8,0032a294
002219c8,0032b108
002219c8,0032bac0
00221c98,0020b9d8
00221c98,00274bb0
00221c98,002a50d0
00221cf4,002a7030
00221d68,002a7030
00221ddc,002a7030
00221e50,002ce878
00221e70,001a3200
00221e70,0026fcfc
00221e70,0026fd3c
00221e70,002ce980
00221e70,002ceee0
00221fa4,0026fe18
00221fa4,0026ff00
00221fa4,002d0a34
00221fd8,0026fe18
00221fd8,0026ff00
00221fd8,002d09e8
00222014,002ceeec
00222030,0026fcfc
00222030,0026fd3c
00222030,002ce9e8
002220b4,0026fd3c
002220f8,002220f8
002221ec,0028d04c
002221f4,001a3140
002221f4,00245108
002221f4,002a6188
002221f4,002a7030
002221f4,002a8ffc
0022241c,00293e74
0022241c,00293fa4
0022241c,00295f80
0022241c,00296060
00222458,0026d23c
00222458,0026d24c
00222458,0026d2b4
00222458,0026d320
00222458,0026d38c
00222458,0026d39c
00222458,0026d3f4
00222458,0026d44c
00222458,00270258
00222458,00276140
00222458,00276158
00222458,00281674
00222458,00281874
00222458,00286a68
00222458,00286ad0
00222458,00286f54
00222458,00287714
00222458,00287824
00222458,0028cb80
00222458,0028d0d0
00222458,00290204
00222458,00290ea8
00222458,00290f90
00222458,002912e8
00222458,00291668
00222458,00291f20
00222458,002923f8
00222458,00292b48
00222458,00292b60
00222458,00292c10
00222458,00292ee0
00222458,0029373c
00222458,00295d80
00222458,00296124
00222458,002961ac
00222458,00296200
00222458,002965a8
00222458,002965d8
00222458,00296618
00222458,002a6030
00222458,002a7030
00222458,002a7490
00222458,002f3764
0022316c,00270258
0022316c,0027ad60
0022316c,00291f60
0022316c,00293e74
0022316c,00293fa4
0022316c,00295d80
0022316c,00295f80
0022316c,00296060
0022316c,00296124
0022316c,002961ac
002232fc,0028689c
002232fc,00291810
002232fc,00292620
002232fc,00293814
002232fc,00295f04
002232fc,00295f10
002232fc,002a6188
002233e0,002a7030
00223454,002a8ffc
0022350c,00291f20
00223594,002a7030
00223608,00293fa4
00223608,00296060
00223608,002a7f5c
002236cc,0023fae8
002236cc,002a19d8
002236cc,002a1b5c
002236cc,002c7190
00223754,002a7f64
00223754,002a81f0
00223754,002a9020
00223830,002a7f54
00223830,002a7f5c
00223958,00233bac
00223958,0029a3f4
002239a4,0026db04
002239a4,00299c28
00223a48,0022be94
00223a48,0022bfe0
00223a48,002a685c
00223a48,002a68ec
00223ac4,00223c44
00223ac4,002451bc
00223ac4,002a7030
00223ac4,0031e57c
00223c04,0022bfe0
00223c44,0022bfe0
00223cb4,00255a48
00223cb4,002688d8
00223cb4,002a7bec
00223cb4,002a8eac
00223d2c,0029a238
00223d2c,002a8df8
00223dc8,002747e4
00223dc8,002a7b94
00223dc8,002a8e48
00223f68,0029e4f0
00223f68,002a9020
00224008,002a0388
00224038,00223ff8
00224038,002349fc
00224038,00298394
00224038,002a7030
00224098,00224240
00224098,002a7f5c
00224098,002a7f64
00224274,002a7f5c
00224274,002a7f64
002245f8,002a7f5c
002245f8,002a7f64
002247a0,0021955c
00224ed4,002194d8
00225608,0021949c
00225d30,002a7f64
002260fc,00218718
00226248,001e9964
00226248,0022e1c0
00226248,0023822c
00226248,0031cc34
0022627c,00269d00
0022627c,002a8ffc
00226364,0029a3f4
00226390,00219598
00226390,002a8df8
00226ae8,002a7f64
00226ae8,002a8e0c
00226ea8,002a7030
00226f5c,00237c00
00226f5c,00237e38
00226f5c,00255480
00226f5c,0026cb00
00226f5c,002a7f5c
00226f5c,002a7f64
00227234,00237e38
00227234,00280c94
00227234,002a7f64
0022732c,00237c00
0022732c,00237e38
0022732c,00255480
0022732c,0026cb00
0022732c,002a7f5c
0022732c,002a7f64
0022754c,00255480
0022754c,002a7f5c
002275c0,00254438
002275c0,00269d00
002275c0,00299f50
002275c0,002a0964
002275c0,002a81f0
002276cc,00236b80
002276cc,0026275c
002276cc,002a7030
002276cc,002a7f5c
002276cc,002a7f64
002276cc,002a81f0
002276cc,002a8f8c
002276cc,002a8ffc
002276cc,002a9020
00227aac,002747e4
00227aac,002a7b94
00227aac,002a8e48
00227b4c,0028782c
00227b4c,0029a29c
00227b4c,0029a360
00227b4c,002a7f5c
00227c54,002747e4
00227c54,002a7b94
00227c54,002a8e48
00227cec,0023671c
00227cec,00236b80
00227cec,002a7030
00227cec,002a8df8
00227cec,002a8e48
00227e64,00227c54
00227e64,0022a894
00227e64,0022bce0
00227e64,0022bdd0
00227e64,002747e4
00227e64,002875c0
00227e64,002a7b94
00227e64,002a7f5c
00227e64,002a8938
00227e64,002a8df8
00227e64,002a8e48
00227e64,00320dbc
00227e64,003213a0
002285bc,002a7f5c
002285bc,002a8ffc
002287e4,0026ce30
002287e4,002a7f5c
002287e4,002a7f88
002287e4,00320378
002287e4,003354f8
002288c4,002a8ffc
0022897c,00236568
0022897c,0023724c
0022897c,0023725c
0022897c,00255178
0022897c,00255798
0022897c,00256804
0022897c,002688d8
0022897c,00274238
0022897c,00287748
0022897c,002a7bec
0022897c,002a8eac
00228ba4,00333f64
00228bc8,00299f50
00228c3c,00236b58
00228c3c,00236b80
00228c3c,0026275c
00228c3c,002747e4
00228c3c,002a7030
00228c3c,002a8df8
00228c3c,002a8ffc
00228c3c,0031f920
00228f58,00286f34
00228f58,0028782c
00228f58,0029a29c
00228f58,0029a360
00228f58,002a7f5c
00228f58,002a7f88
00228f58,002a8f8c
002290c8,00280c94
00229108,002a7030
00229108,002a8ffc
0022926c,002688d8
0022926c,002a7bec
0022926c,002a8eac
0022932c,00255178
0022932c,002688d8
0022932c,002a7bec
0022932c,002a8eac
002293cc,002a7030
00229450,0023671c
00229488,0023671c
00229488,0029a29c
00229488,0029a360
00229488,002a7f5c
00229568,00299f50
00229568,002a81f0
00229568,002a9020
00229630,00255480
00229630,00299f50
00229630,002a7f64
00229630,002a81f0
00229630,002a9020
002298a8,0025593c
002298a8,00255a48
002298a8,002688d8
002298a8,002a7bec
002298a8,002a8eac
00229a18,0026db04
00229ae4,0023671c
00229ae4,00236b80
00229ae4,0026275c
00229ae4,002a7030
00229ae4,002a7f5c
00229ae4,00320314
00229ae4,00320aa0
00229dc4,0023644c
00229dc4,002745e0
00229dc4,0027ee0c
00229dc4,00294198
00229eb0,00247040
00229f0c,002a7f5c
00229f0c,002a7f64
0022a0d8,00280c94
0022a0d8,002a7f64
0022a0d8,002a81f0
0022a0d8,002a9020
0022a30c,002a81f0
0022a30c,002a88e4
0022a30c,002a8cdc
0022a39c,001474d8
0022a39c,00236b58
0022a39c,00236b80
0022a39c,0029e408
0022a39c,002a7030
0022a39c,002a7e38
0022a39c,002a7f5c
0022a39c,002a7f64
0022a39c,002a7f88
0022a39c,002a81f0
0022a39c,002a8ffc
0022a39c,002a9020
0022a39c,00312a60
0022a39c,0031f03c
0022a894,00234aec
0022a894,00234dc8
0022a894,0028d3ec
0022a894,00298b10
0022a894,0029c3e0
0022a894,002a0964
0022a894,002a7f5c
0022a894,002a7f64
0022a894,002a81f0
0022a894,002a8ef8
0022a894,002a8f8c
0022a894,002a9020
0022ab74,00393ba8
0022ab8c,00233bac
0022ab8c,002a89a4
0022ad74,00260c48
0022ad74,00263b88
0022ad74,002783c0
0022ad74,00278460
0022ad74,002a7030
0022ae24,001e91bc
0022ae24,00230088
0022ae24,0025686c
0022ae24,00296a70
0022ae24,002a7490
0022ae24,002a764c
0022b1b4,00236b80
0022b1b4,002a7030
0022b1b4,002a7f5c
0022b1b4,002a8ffc
0022b1b4,00320474
0022b454,001e9328
0022b454,00230088
0022b48c,00282cb0
0022b48c,00287748
0022b48c,002a5ff4
0022b48c,002a7030
0022b56c,001e9404
0022b56c,0022bc88
0022b56c,00230088
0022b56c,0028d2d8
0022b56c,00296a70
0022b56c,002a685c
0022b56c,002a68ec
0022b7c0,0022bc98
0022b7c0,0022dad0
0022bc20,002a6b78
0022bc20,002a6cb4
0022bc20,002a8f8c
0022bc98,001e9d88
0022bce0,00234aec
0022bce0,00234dc8
0022bce0,002a8f8c
0022bdd0,002a7f88
0022bdd0,002a81f0
0022bdd0,002a9020
0022be94,0022c53c
0022be94,002a8df8
0022be94,002a8ffc
0022be94,0031d4d4
0022be94,00395300
0022bfe0,0029e4f0
0022c0f4,002a7f5c
0022c0f4,002a7f64
0022c33c,00218ad0
0022c33c,0029e4f0
0022c53c,0029e4f0
0022c644,00120ff0
0022c644,0022e18c
0022c644,0022f59c
0022c644,0022f624
0022c644,0022f668
0022c644,0022fa88
0022c644,0022fbe8
0022c644,0022fe84
0022c644,0022ff08
0022c644,0023fafc
0022c644,00253d90
0022c644,002a0388
0022c644,002a097c
0022c644,002a685c
0022c644,002a68ec
0022c644,002a7f5c
0022cd38,00261df8
0022cd38,002a7030
0022cd38,002a8ffc
0022ce98,0022e7ec
0022ce98,0022ecfc
0022ce98,0022f0e0
0022ce98,0022ff08
0022ce98,002a685c
0022ce98,002a68ec
0022ce98,002a7030
0022cff0,0022f2e8
0022cff0,002a8df8
0022cff0,002a8e48
0022cff0,002a8f8c
0022d0d8,0029e4f0
0022d0d8,002a7f64
0022d0d8,002a8e0c
0022d4f0,0022bcac
0022d4f0,002853fc
0022d4f0,002a8ffc
0022d5b8,0029e4f0
0022d5b8,00395a58
0022d760,0022c644
0022d760,00261df8
0022d760,00293fa4
0022d760,00295d80
0022d760,00298394
0022d760,002a7030
0022d760,002a8ffc
0022d898,0029e4f0
0022d9ac,0025aae8
0022d9ac,0025b768
0022d9ac,0029e4e4
0022db18,001e9bc0
0022db2c,00296a38
0022db2c,00296a70
0022db2c,00298b6c
0022db2c,00298b74
0022db2c,00298c14
0022db2c,00298f28
0022db2c,002a88e4
0022dd30,00120ff0
0022dd30,001e252c
0022dd30,001e2644
0022dd30,001e2680
0022dd30,001e27d4
0022dd30,001e27f4
0022dd30,001e2e04
0022dd30,0022f624
0022dd30,00261244
0022dd30,002a5ff4
0022dd30,002a685c
0022dd30,002a6e74
0022dd30,002a6e8c
0022dd30,002a6ea4
0022dd30,002a6fe8
0022dd30,002a7000
0022dd30,002a7018
0022e11c,002a7f5c
0022e1c0,00120ff0
0022e1c0,0022e18c
0022e1c0,0022f59c
0022e1c0,0022f624
0022e1c0,0022f668
0022e1c0,0022fa88
0022e1c0,0022fe84
0022e1c0,0022ff08
0022e1c0,0023fafc
0022e1c0,00253d90
0022e1c0,002a0388
0022e1c0,002a097c
0022e1c0,002a685c
0022e1c0,002a68ec
0022e1c0,002a7f5c
0022e7ec,0022f668
0022e7ec,0022f7c0
0022e7ec,0022f838
0022e7ec,0022fa88
0022e7ec,0022fbe8
0022e7ec,0022fc5c
0022e7ec,0022fe84
0022e7ec,0022ff08
0022e7ec,0037fda0
0022ecfc,0023401c
0022ecfc,0023415c
0022ecfc,002853fc
0022ecfc,002a7f88
0022ecfc,002a88e4
0022ecfc,002a8ffc
0022f0e0,00262560
0022f0e0,002a5ff4
0022f12c,00120ff0
0022f12c,0022e7ec
0022f12c,0022f624
0022f12c,0022ff08
0022f12c,002a685c
0022f24c,001f0e58
0022f24c,002a8f8c
0022f310,001f0d44
0022f388,001f113c
0022f3e8,00253bf8
0022f59c,0022e18c
0022f59c,002a7f5c
0022f624,001e58f0
0022f668,0022fe84
0022f668,0022ff08
0022f838,0022e18c
0022f838,002a7f5c
0022f838,002a7f64
0022fa88,0022fe84
0022fa88,0022ff08
0022fc5c,0022e18c
0022fc5c,002a7f5c
0022fc5c,002a7f64
0022ff08,0021a040
0022ff08,002a8ffc
00230000,001f14a8
0023001c,001e9bc0
00230088,0022dad0
00230088,0022db18
0023075c,001f113c
00230804,001e690c
00230804,002612f4
00230804,002a685c
00230804,002a68ec
00230884,002a6e74
00230884,002a6e8c
00230884,002a6ea4
002308d4,0022dd30
0023090c,00120ff0
0023090c,00207d00
0023090c,00253d8c
0023090c,002a0388
0023090c,002a685c
0023090c,002a68ec
002309a8,001e7750
002309a8,001e9444
002309a8,002309a8
002309a8,00230c18
002309a8,00230c58
002309a8,00230d18
002309a8,0029c3e0
002309a8,002a685c
002309a8,002a68ec
002309a8,002a7f5c
002309a8,002a7f64
002309a8,00371bb8
002309a8,003909d8
00230c18,001e7708
00230c18,002a6bac
00230c18,002a81f0
00230d18,00120ff0
00230d18,001e6890
00230d18,001e7750
00230d18,001e7788
00230d18,001e7958
00230d18,001e9c00
00230d18,00207594
00230d18,002075e0
00230d18,0020760c
00230d18,00207624
00230d18,00207680
00230d18,002076d8
00230d18,00207d04
00230d18,00230088
00230d18,0023075c
00230d18,002307b8
00230d18,002307e8
00230d18,00230804
00230d18,00230c18
00230d18,00236b80
00230d18,00253d70
00230d18,00254054
00230d18,00254130
00230d18,00261d48
00230d18,0026275c
00230d18,002747e4
00230d18,0028d174
00230d18,0029c3e0
00230d18,0029d634
00230d18,002a0388
00230d18,002a685c
00230d18,002a68ec
00230d18,002a7030
00230d18,002a7f5c
00230d18,002a7f64
00230d18,002a81f0
00230d18,002a8ffc
00230d18,0031f820
00230d18,00323084
0023168c,00264054
0023168c,002a7f5c
0023168c,002a7f64
002319c4,0022db2c
002319c4,00280c94
002319c4,0028d410
002319c4,00299418
00231ae4,002688d8
00231ae4,002a7bec
00231ae4,002a8eac
00231b74,0025593c
00231b74,002688d8
00231b74,002a7bec
00231b74,002a7f88
00231b74,002a8eac
00231c9c,00217fc4
00231df0,0023168c
00231df0,002319c4
00231df0,00231ae4
00231df0,00231b74
00231df0,00233090
00231df0,00233144
00231df0,002331f0
00231df0,00254bc4
00231df0,00255178
00231df0,00255580
00231df0,00255798
00231df0,0025593c
00231df0,0025599c
00231df0,002559cc
00231df0,00255a48
00231df0,00264054
00231df0,002688d8
00231df0,00287748
00231df0,0028782c
00231df0,00299498
00231df0,0029a3f4
00231df0,0029a488
00231df0,002a7030
00231df0,002a7bec
00231df0,002a7f5c
00231df0,002a7f64
00231df0,002a7f88
00231df0,002a81f0
00231df0,002a8df8
00231df0,002a8eac
00231df0,002a8f8c
00231df0,002a9020
00231df0,0031d230
00231df0,00322c9c
00233090,0025593c
00233090,002688d8
00233090,002a7bec
00233090,002a8eac
00233144,002a7030
002331f0,002a7f5c
002331f0,002a7f64
00233bc8,002a7f5c
00233bc8,002a7f64
00233e0c,00280c94
00233e0c,002a7f64
00233ed4,002a7f5c
00233ed4,002a8ffc
0023401c,002a7f5c
0023401c,002a8ffc
00234164,002179d4
00234164,002a7f5c
00234164,002a7f64
00234164,002a7f88
00234164,002a88e4
002344d4,00236b80
002344d4,0026ce30
002344d4,002a7030
002344d4,002a88e4
002344d4,002a8ffc
002344d4,0031f1d4
00234758,002a7f5c
00234758,002a88e4
00234758,002a8ffc
002348fc,00287748
002348fc,0029a3f4
0023498c,00236b58
0023498c,0028d2d8
0023498c,0029c3e0
0023498c,002a685c
0023498c,002a68ec
00234a08,00120ff0
00234a08,0029feb4
00234a08,002a0388
00234a08,002a7030
00234aec,0029e408
00234aec,002a7e38
00234aec,002a7f5c
00234aec,002a7f64
00234aec,002a81f0
00234aec,002a9020
00234dc8,002a7e38
00234dc8,002a7f5c
00234dc8,002a7f64
00234dc8,002a81f0
00234dc8,002a9020
00235018,0029a238
00235100,00299360
00235100,00299418
00235100,00299498
00235184,002452d8
00235184,00298394
00235184,002a7030
002352c4,002747e4
002352c4,002a7b94
002352c4,002a8e48
00235374,0022db2c
00235374,00280c94
00235374,002a7f64
00235374,002a81f0
00235374,002a9020
00235610,00286f34
00235610,00287748
00235610,0029a360
00235610,0029a3f4
002356cc,002a7030
002356cc,002a8ffc
00235830,00231c9c
00235830,002331f0
00235830,00233a1c
00235830,00233a94
00235830,00287748
00235830,0028782c
00235830,00299498
00235830,002a7030
00235b64,0029a238
00235b64,002a8ffc
00235c54,0029a360
00235ca0,00160ed8
00235ca0,0029a238
00235ca0,0029a29c
00235ca0,0029a360
00235ca0,002a6030
00235ca0,002a7030
00235ca0,0030ef30
00235ca0,0030f3a4
00235ca0,0036f530
00235ea0,001e4f6c
00235ea0,0026145c
00235ef4,001e33d0
00235ef4,001e3564
00235ef4,001e9148
00235ef4,00235ea0
00235ef4,0028d0d0
00235ef4,002a7b94
00235ef4,002a7dc8
00235ef4,002a7f5c
00235ef4,002a7f64
00235ef4,002a81f0
00235ef4,002a8df8
00235ef4,002a9020
0023644c,002a7030
0023644c,00355a2c
0023644c,003a9dc4
00236568,002853fc
00236568,002a8ffc
0023661c,002688d8
0023661c,002a7bec
0023661c,002a7f88
0023661c,002a8eac
0023671c,002a7030
0023671c,002a8ffc
00236880,001faabc
00236880,002035b0
00236880,002040d8
00236880,00255ff0
00236880,00258de8
00236880,00258e0c
00236880,002a8ef8
00236880,002a8f8c
002369b0,002288c4
002369b0,002a7030
00236aa0,002a8ffc
00236b58,001e78a4
00236b58,0029989c
00236b80,0022cd38
00236b80,00262560
00236b80,002a6188
00236b80,002a7030
00236c90,002a88e4
00236c90,002a8ffc
00236d48,002a8df8
00236da8,001e3168
00236da8,001e3228
00236da8,002376e0
00236e90,00120ff0
00236e90,0029feb4
00236e90,002a0388
00236e90,002a7030
00236ff4,00235ca0
00236ff4,00299c28
00237020,00237864
00237020,00260ca8
002370e8,002a0388
0023711c,00120ff0
0023711c,0029feb4
0023711c,002a0388
0023711c,002a7030
0023725c,001faabc
0023725c,002035b0
0023725c,002040d8
0023725c,00255ff0
0023725c,00258de8
0023725c,00258e0c
0023725c,002a8ef8
002373b0,0020c810
002373b0,0020c98c
002373b0,0020c9c8
002373b0,0020ca34
002373b0,0020ca90
002373b0,0020cb00
002373b0,0020cb9c
002373b0,0020cdf8
002373b0,00237678
002373b0,00298394
002373b0,0029ee6c
002373b0,002a50d0
002373b0,002a7030
00237678,0020cc90
00237678,00252f60
00237678,002a685c
00237678,002a68ec
002376e0,001e3500
002376e0,0028e790
00237790,001e9de8
00237790,00254130
00237790,00260ca8
00237790,002a764c
00237790,00382490
00237864,00218358
002379b8,00237864
002379b8,00260ca8
00237b28,0029f874
00237b28,002a0964
00237b94,0029f874
00237b94,002a0964
00237c08,002a7f5c
00237c08,002a7f64
00237e38,00280c94
00237e38,002a7f64
00237f18,002a7f5c
00238028,002a8ffc
002380d8,002a7030
0023822c,0023f94c
0023822c,002a02a4
002382b4,002a8ffc
002382b4,002eeff8
0023837c,00254718
0023837c,00254728
0023837c,00254880
0023837c,002548b0
0023837c,002549f4
0023837c,00254bc4
0023837c,00254d30
0023837c,00254ecc
0023837c,002556a8
0023837c,002556b8
0023837c,00255734
0023837c,0025599c
0023837c,002559cc
0023837c,00255a48
0023837c,00263d94
0023837c,002688d8
0023837c,0029373c
0023837c,0029a3f4
0023837c,002a7bec
0023837c,002a7f5c
0023837c,002a8df8
0023837c,002a8eac
0023837c,003082a8
00238d5c,00238d5c
00238d5c,00296060
00238d5c,002a8ffc
00238e2c,002a7030
00238ea0,0027ed1c
00238ea0,00291f20
00238f18,00238e2c
00238f18,00238ea0
00238f18,0027ece8
00238f18,00292984
00238f18,00293510
00238f18,002954f4
00238fa8,00239750
00238fa8,002a67b4
00238fa8,002a8104
002392f4,00351a28
00239778,00239778
00239778,002a7e38
00239864,00239140
00239864,00239b6c
00239864,003a8610
00239be8,0023ffe4
00239be8,0027ece8
00239be8,00285df0
00239be8,0028eb70
00239be8,00291f20
00239be8,002923f8
00239be8,00292c10
00239be8,00295d80
00239be8,00296124
00239be8,002961ac
00239be8,00296200
00239be8,00296618
00239be8,002a6030
00239be8,002a7030
00239be8,002f3764
00239be8,00350be8
0023a18c,002a7030
0023a208,0023e938
0023a208,00286a10
0023a208,00291f60
0023a208,00293e74
0023a208,00293fa4
0023a208,00295f80
0023a208,00296060
0023a208,002a8134
0023a208,002a8ffc
0023a3a8,0023e938
0023a3a8,0023fef4
0023a3a8,00286a68
0023a3a8,00286ad0
0023a3a8,00286ce8
0023a3a8,00286d64
0023a3a8,002917a4
0023a3a8,00291810
0023a3a8,00291f20
0023a3a8,00291fa8
0023a3a8,002923f8
0023a3a8,00292620
0023a3a8,00292c10
0023a3a8,00292ee0
0023a3a8,00293064
0023a3a8,00295f04
0023a3a8,00295f10
0023a3a8,00296200
0023a3a8,002965d8
0023a3a8,00296618
0023a3a8,0029e630
0023a3a8,002a6030
0023a3a8,002a6188
0023a3a8,002a7030
0023a3a8,002a8ffc
0023a3a8,002f3764
0023a3a8,002f76a8
0023afa4,00299b78
0023afa4,00299bd0
0023afa4,00299c28
0023afa4,00299c38
0023afa4,0029a238
0023afa4,0029a360
0023afa4,002a8158
0023afa4,002def98
0023b1c8,0023b290
0023b1c8,0028936c
0023b1c8,00294bd8
0023b1c8,002954f4
0023b290,002a7030
0023b308,0023eb28
0023b308,00276e04
0023b308,00276f08
0023b308,00286650
0023b308,00289100
0023b308,0028915c
0023b308,0028936c
0023b308,00290f90
0023b308,0029114c
0023b308,002912e8
0023b308,002930d0
0023b308,00293cdc
0023b308,00294320
0023b308,00295ee4
0023b308,00295f04
0023b308,00295f10
0023b308,002965d8
0023b308,00296618
0023b308,002a6188
0023b308,002f3764
0023b708,002a7f5c
0023b708,002a7f64
0023b86c,0023c07c
0023b86c,0023c3a8
0023b86c,0027ed28
0023b86c,00281874
0023b86c,00281888
0023b86c,00281a28
0023b86c,0028936c
0023b86c,0028eb40
0023b86c,00290cb8
0023b86c,00290f90
0023b86c,002923f8
0023b86c,00292c10
0023b86c,002965d8
0023b86c,002f3764
0023b86c,002fbfb0
0023b86c,0037e380
0023be8c,002a7030
0023bf18,0023c0b8
0023bf18,00292a60
0023bf18,002f8328
0023bff8,002f7e58
0023c0b8,0023b860
0023c0b8,0023b86c
0023c0b8,0023bf00
0023c0b8,0023bf0c
0023c0b8,0023ffe4
0023c0b8,00286650
0023c0b8,002926dc
0023c0b8,00292738
0023c0b8,002965d8
0023c0b8,002f8038
0023c3b8,0023be8c
0023c3b8,0023c42c
0023c3b8,002954f4
0023c42c,0027ece8
0023c42c,00291f20
0023c42c,00292984
0023c42c,002f7dcc
0023c4f0,0023ffe4
0023c4f0,002917a4
0023c4f0,002917b4
0023c4f0,00291810
0023c4f0,002923f8
0023c4f0,00292600
0023c4f0,00292ee0
0023c4f0,00295ee4
0023c4f0,00295f04
0023c4f0,00295f10
0023c4f0,00296200
0023c4f0,002965a8
0023c4f0,002965d8
0023c4f0,00296618
0023c4f0,002a6188
0023c4f0,002a7030
0023c4f0,002a7f5c
0023c4f0,002a7f64
0023c4f0,002f3764
0023cc74,00291f20
0023ccc0,0021b50c
0023ccc0,0023b308
0023ccc0,0023b708
0023ccc0,0023b860
0023ccc0,0023b86c
0023ccc0,0023be8c
0023ccc0,0023bf00
0023ccc0,0023bff8
0023ccc0,0023c42c
0023ccc0,0023fef4
0023ccc0,0023ffe4
0023ccc0,0026e6ec
0023ccc0,0027e61c
0023ccc0,0027ed28
0023ccc0,00281ab0
0023ccc0,00286650
0023ccc0,00286a68
0023ccc0,00286d64
0023ccc0,0028936c
0023ccc0,0028e64c
0023ccc0,0028eea0
0023ccc0,0028f158
0023ccc0,00290cb8
0023ccc0,00291810
0023ccc0,00291fa8
0023ccc0,00292034
0023ccc0,00292040
0023ccc0,00292050
0023ccc0,002923f8
0023ccc0,00292600
0023ccc0,00292620
0023ccc0,00292b60
0023ccc0,00294320
0023ccc0,00295ee4
0023ccc0,00295f04
0023ccc0,00295f10
0023ccc0,00296200
0023ccc0,0029654c
0023ccc0,002965a8
0023ccc0,002965d8
0023ccc0,00296618
0023ccc0,0029e630
0023ccc0,002a6030
0023ccc0,002a6188
0023ccc0,002a7030
0023ccc0,002a7f5c
0023ccc0,002a7f64
0023ccc0,002e5dd0
0023ccc0,002f0974
0023ccc0,002f3764
0023ccc0,002f52a0
0023ccc0,002f57f0
0023ccc0,002f6088
0023ccc0,002f6bd8
0023ccc0,002f7780
0023ccc0,002f7de8
0023ccc0,002f7f20
0023ccc0,00300490
0023e464,002382b4
0023e48c,00291884
0023e498,0023a200
0023e498,0023e938
0023e498,00287f70
0023e498,00288f54
0023e498,00289a3c
0023e498,00293e74
0023e498,00293f64
0023e498,00293fa4
0023e498,00296060
0023e498,002a8ffc
0023e644,0021d7a0
0023e650,002a7030
0023e6c4,00286a10
0023e6c4,0028ee48
0023e6c4,00291f60
0023e6c4,00293e74
0023e6c4,00293fa4
0023e6c4,00295f80
0023e6c4,00296060
0023e6c4,002a7f5c
0023e6c4,002a8134
0023e93c,0023fca8
0023e93c,00296060
0023e950,002876f0
0023e950,00291f20
0023e950,002954f4
0023e950,002a7030
0023ea58,00295f04
0023ea58,00295f10
0023ea58,002a6188
0023ea58,00300850
0023eac8,00293e74
0023eac8,00293fa4
0023eac8,00295f80
0023eac8,00296060
0023eb28,0023ffe4
0023eb28,00285df0
0023eb28,002917a4
0023eb28,00291810
0023eb28,002923f8
0023eb28,00293064
0023eb28,00295ee4
0023eb28,00295f04
0023eb28,00295f10
0023eb28,00296200
0023eb28,002965d8
0023eb28,00296618
0023eb28,002a6030
0023eb28,002a6188
0023eb28,002a7030
0023eb28,002f3764
0023ef8c,0029a3f4
0023efd8,002a7030
0023efd8,002f4d14
0023efd8,003a9c70
0023f108,0023fa58
0023f1f8,0010260e
0023f1f8,00102634
0023f240,00269d00
0023f240,00290f50
0023f240,0029d77c
0023f240,002a7f64
0023f240,002a81f0
0023f240,002a9020
0023f458,00269d00
0023f458,00299f50
0023f458,002a0964
0023f4ec,0023f630
0023f4ec,0023f6e8
0023f4ec,00276964
0023f4ec,002954f4
0023f6e8,002a7030
0023f75c,0023fe78
0023f75c,002a5d88
0023f75c,002a5da8
0023f75c,002ec2d8
0023f7ec,0024ccc4
0023f7ec,0029cb60
0023f7ec,0029cb70
0023f84c,002a7030
0023f94c,002a02a4
0023f9ac,002a5c34
0023fa64,002619a8
0023fb0c,00104078
0023fb0c,00104164
0023fb0c,001062f4
0023fb0c,00209d90
0023fb0c,00209ec0
0023fb0c,0025340c
0023fb0c,0026ffb4
0023fb0c,002a685c
0023fb0c,002a68ec
0023fb0c,002ec28c
0023fbe8,0023fdc0
0023fbe8,00240574
0023fbe8,0037d754
0023fc20,002517c8
0023fc54,0029cb60
0023fc54,0029cb70
0023fc54,002de588
0023fca8,0023fca8
0023fca8,00296060
0023fca8,002a8ffc
0023fd74,0024096c
0023fdc0,002a7030
0023fe54,0037da80
0023ff00,0023fae8
0023ff30,00261194
0023ff58,002c982c
00240000,002405a8
00240000,00290c00
00240000,00290c60
00240000,00295d80
00240000,0029e408
00240000,002a6030
00240000,002a7030
00240000,002a7e38
00240000,002a7f5c
00240000,002a7f64
00240000,002a81f0
00240000,002a8f8c
00240000,002a9020
00240000,002c6458
00240570,0023fd74
002405a8,002a7e38
002405a8,002a7f5c
002405a8,002a7f64
002405a8,002a81f0
002405a8,002a8f8c
002405a8,002a9020
002408b0,0023f84c
002408b0,00240574
002408e8,001e89cc
002408e8,001e8b14
002408e8,001e8b24
002408e8,001e8d28
0024094c,001e8890
00241a04,00160d74
00241a04,00168bf8
00241a04,001a7084
00241a04,001a7df0
00241a04,001af900
00241a04,0020497c
00241a04,00254a50
00241a04,00254bc4
00241a04,00254c60
00241a04,00254d30
00241a04,00254e1c
00241a04,00254ecc
00241a04,00254fe0
00241a04,00255178
00241a04,002553f0
00241a04,00255480
00241a04,002554e4
00241a04,00255580
00241a04,00255630
00241a04,002556a8
00241a04,002556b8
00241a04,002556c8
00241a04,00255734
00241a04,00255798
00241a04,0025589c
00241a04,0025593c
00241a04,0025599c
00241a04,002559cc
00241a04,00255a48
00241a04,0025686c
00241a04,00256874
00241a04,00260c48
00241a04,00260ca8
00241a04,00263b88
00241a04,00263d94
00241a04,002688d8
00241a04,0026cb00
00241a04,0026d38c
00241a04,00274710
00241a04,00274adc
00241a04,00280c94
00241a04,00287748
00241a04,00289f98
00241a04,0028f6d4
00241a04,0029373c
00241a04,00294198
00241a04,00298c14
00241a04,00298f28
00241a04,00299c28
00241a04,0029a3f4
00241a04,0029a404
00241a04,0029e4f0
00241a04,002a7030
00241a04,002a7bec
00241a04,002a7f5c
00241a04,002a7f64
00241a04,002a88e4
00241a04,002a8938
00241a04,002a8e04
00241a04,002a8e0c
00241a04,002a8eac
00241a04,002a8f8c
00241a04,002e7408
00241a04,002e7ca8
00241a04,002e7f0c
00241a04,002e8154
00241a04,002e8648
00241a04,002e89c4
00241a04,002e8c54
00241a04,002e8e9c
00241a04,00305d1c
00241a04,0034d300
00241a04,00361c34
00241a04,0036f4d8
00241a04,003705b0
00241a04,00370a5c
00241a04,003ac804
00241a04,003adeec
00241a04,003ae0c0
002442a4,002379b8
002442a4,00263798
002442a4,00263b88
002442a4,002a7030
002442a4,003099b4
00244420,00299f50
00244420,002a7f54
00244494,002447a0
00244494,002a7f5c
00244494,002a7f64
00244494,002a8e0c
002447d4,002447d4
002447d4,002a7f64
002447d4,002a8e0c
00244904,00219514
00244904,002a8df8
00245054,002a8ffc
00245054,0036cfdc
00245108,002a8ffc
00245108,00350c64
002451bc,00282cb0
002451bc,002a5ff4
002451bc,002a7f64
002451bc,0031dc34
002452d8,001e5a30
002452d8,001f0aa4
002452d8,001f0d30
002452d8,001f1780
002452d8,0022ff08
002452d8,0022ffbc
002452d8,0023001c
002452d8,002373a8
002452d8,0023778c
002452d8,00263b88
002452d8,0029f658
002452d8,0029feb4
002452d8,002a0388
002452d8,002a5ff4
002452d8,002a7030
002452d8,00309b9c
00245698,002a685c
00245698,002a68ec
00245698,00351da0
002456b8,002a7f5c
002456b8,002a7f64
00245844,002a7030
002458c0,0027ad60
002458c0,00293e74
002458c0,00293fa4
002458c0,00295f80
002458c0,00296060
0024590c,00294320
00245924,002a7030
00245998,002458b8
00245998,0027a24c
00245998,0028ee48
00245998,00291f60
00245998,00293e74
00245998,00293fa4
00245998,00296060
00245998,002a7f5c
00245998,002a8ffc
00245998,002e432c
00245b40,001e4294
00245b40,00245d20
00245b40,00245d7c
00245b40,00245e24
00245b40,002a5aa8
00245b40,002a5ba0
00245b40,002a67b8
00245b40,002a6dd8
00245d20,001e50dc
00245d20,0038ff54
00245d7c,001e4230
00245e24,002a67b8
00245e58,001e8d38
00245e58,00245e44
00245e58,0026d39c
00245e58,0026d3f4
00245e58,0026d44c
00245e58,00299498
002460e8,001e7938
002460e8,00246880
002460e8,002dfd40
002461b4,002460e8
002461b4,00246880
00246288,002460e8
00246288,002461b4
00246288,00246880
00246288,00246bdc
00246288,002e0558
00246288,002e0c4c
002464cc,00246bdc
00246528,00245e44
00246528,00245e58
00246528,002460e8
00246528,002461b4
00246528,00246880
00246528,00246bdc
002467a4,001e53d4
002467f0,001e5384
002467f0,00208c94
00246880,001e7938
00246be8,00245b40
00246be8,002467a4
00246be8,00246e0c
00246be8,00246f28
00246be8,0024a0fc
00246be8,002843d0
00246be8,002a5aa8
00246be8,002a5ac0
00246be8,002a5ba0
00246be8,002a67b8
00246be8,002a6bac
00246be8,002a6dd8
00246e0c,002467a4
00246e0c,002467f0
00246e0c,00246f28
00246e0c,002a6dd8
00246f28,001e4c5c
00246f28,002a69e8
00247040,002a7f5c
00247040,002a7f64
00247194,002a7490
002475c4,00247828
002475c4,002dd630
0024790c,0020d140
00247920,0024a1fc
00247920,00252edc
00247920,002dc7c0
00247a54,00247f9c
00247a54,0024aec4
00247adc,00248434
00247adc,00252edc
00247adc,002dc540
00247bd8,00247c54
00247bd8,00252ed0
00247bd8,00261b50
00247c54,002485d8
00247c54,00248694
00247c54,00248a4c
00247d48,001edc60
00247d54,001ee0f8
00247d94,00247f9c
00247d94,00248004
00247d94,002d3c44
00247d94,002d6a4c
00247e88,002a7d24
00247ec8,00378c04
00247f9c,00248b04
00247f9c,0024af2c
00247f9c,00261af0
00248004,001ee1cc
00248060,0029f658
00248060,0029f694
002480fc,0024af94
00248130,0026fa7c
00248130,0029c448
00248130,002a685c
00248130,002a68ec
00248130,00390044
002481f0,0026fa7c
00248224,002d2378
00248278,001eb3d8
00248288,001ea40c
00248288,001ea644
00248288,001ea780
00248288,001ec074
00248288,0024a1fc
002483c8,001eb3fc
00248444,001edf30
0024846c,001ee0a8
0024855c,00247adc
0024855c,00247f9c
0024855c,00248004
0024855c,0024aec4
002485d8,002d3354
002487e4,002485cc
002487e4,002a8278
002487e4,002dbb04
00248b04,00252edc
00248b04,0026fa7c
00248cc0,0024a370
00248cc0,0024a688
00248cc0,0024a9b8
00248cc0,003768d8
00248dfc,0021a240
00248dfc,002a685c
00248dfc,002a68ec
00248dfc,002a7d24
00248e88,00252edc
00248eb8,00249070
00248eb8,0024a874
00248eb8,0024a8a8
00248eb8,0024a900
00248eb8,0024a9b8
00248eb8,002a81f0
00248eb8,002d2cdc
00248eb8,00378ed0
00248ff0,0037b140
0024900c,0037afdc
002490a0,00249214
002490a0,0024a874
002490a0,0024a8a8
002490a0,0024a900
002490a0,00260b68
002490a0,002a6010
002490a0,002a6020
002490a0,002a81f0
002490a0,002d1b30
002490a0,00378ea8
002490a0,00378f0c
002490a0,00379068
00249214,0024a438
00249214,002a685c
00249214,002a68ec
00249410,00248ff0
00249410,0024900c
00249410,002490a0
00249410,0024973c
00249410,0024a9b8
00249410,00379068
00249410,0037968c
0024961c,00281508
0024961c,003770c4
0024961c,003770d0
0024961c,00377104
0024961c,003773a0
0024961c,003773dc
0024961c,00377404
0024961c,00377430
0024961c,00377458
0024961c,003774cc
002496d8,00377058
0024973c,00249214
0024973c,00260b68
0024973c,002a6010
0024973c,002a6020
0024973c,00376b90
00249864,002a5ac0
00249864,002a6bac
002498c8,00252edc
002498d0,0026fa7c
002498e4,002a783c
002499c8,002499f4
002499c8,00249ad8
00249a00,001e5acc
00249a00,0021a240
00249a00,002a685c
00249a00,002a68ec
00249a00,002a7d24
00249af8,001e5acc
00249af8,0021a240
00249af8,002a685c
00249af8,002a68ec
00249af8,002a7d24
00249bc4,0024d6b0
00249bc4,002a685c
00249bc4,002a68ec
00249c24,002a5ff4
00249c48,002a5ff4
00249dd4,00248e88
00249dd4,0024ad18
00249dd4,0024ad3c
00249dd4,0024b0a0
00249dd4,0026fa2c
00249dd4,002ce79c
00249f54,0024ad18
00249f54,0024ad3c
00249f54,0024b0a0
00249f54,0029c3e0
00249f54,0029c448
0024a0fc,001e5714
0024a0fc,0029e480
0024a248,00248cc0
0024a248,00248ff0
0024a248,0024900c
0024a248,0024a8a8
0024a248,0024a900
0024a248,0024a9b8
0024a370,00378fcc
0024a3c8,00378718
0024a3c8,00378784
0024a438,00376a28
0024a438,00378ff4
0024a580,00379230
0024a5d8,00379788
0024a630,002a81f0
0024a688,00379104
0024a6f0,00248cc0
0024a6f0,0024961c
0024a6f0,002496d8
0024a6f0,0024a8a8
0024a6f0,0024a900
0024a6f0,0024a9b8
0024a7a0,00378f68
0024a7e8,0029f658
0024a7e8,0029f694
0024a8e0,00377a34
0024a900,00249070
0024a900,00377a68
0024a9b8,00379584
0024aa28,002a7d24
0024aa80,003797f8
0024aad0,00249ae4
0024aad0,0024af94
0024aad0,0029e4ac
0024aad0,002a50d0
0024ab40,0024ac00
0024ab40,0024ad18
0024ab40,0024ad3c
0024ab40,0024b0a0
0024ab9c,00249a00
0024ac00,00249af8
0024ac00,0024ad3c
0024ac00,00390044
0024acbc,0024ad3c
0024acbc,0024b0a0
0024ad3c,00248dfc
0024ad3c,00249a00
0024ad3c,0024ac00
0024ad3c,002d26d0
0024aec8,002a783c
0024af30,002a783c
0024af98,0029e630
0024af98,002a783c
0024b048,002a783c
0024b048,002d27f4
0024b0a4,002a783c
0024b0a4,002d27f4
0024b0f8,0024a580
0024b0f8,0024a5d8
0024b0f8,0024a630
0024b0f8,0024a67c
0024b0f8,0024a688
0024b0f8,0024a6e0
0024b0f8,0024a7a0
0024b0f8,0024acbc
0024b0f8,0024d6b0
0024b0f8,0026fa2c
0024b0f8,0026fa7c
0024b0f8,0026fd3c
0024b0f8,0029e630
0024b0f8,002a7490
0024b0f8,002c9b64
0024b0f8,002c9d20
0024b0f8,002c9de0
0024b0f8,002cc1c8
0024b0f8,002cc42c
0024b0f8,002ccaa4
0024b0f8,002ce4c4
0024b0f8,002ce6d8
0024b0f8,002ce780
0024b0f8,002ce7dc
0024b0f8,002ce80c
0024b0f8,002d2394
0024b0f8,002d2464
0024b0f8,00376b38
0024b0f8,00376c44
0024b0f8,00378fa4
0024c0bc,002a0964
0024c0ec,002a81f0
0024c238,0024ce94
0024c238,0024d6b0
0024c238,002a1b5c
0024c314,0024d130
0024c314,0029e630
0024c314,002c8530
0024c314,002c91b8
0024c314,002c9460
0024c314,002c9600
0024c994,002c7018
0024cabc,0024ccc4
0024cabc,002a7490
0024cabc,002dde0c
0024ccc4,002a7490
0024ccc4,002ddda0
0024ccc4,0037cdec
0024ccc4,0037cdf8
0024ce94,0024d6b0
0024cef8,0029a488
0024cf10,00102550
0024cf3c,0024cf10
0024cf3c,0024cf3c
0024cf3c,0024d004
0024cf3c,0024d0a4
0024cf3c,0024d0f8
0024d0a4,0024d98c
0024d0f8,0024d98c
0024d414,fe311dd8
0024d414,fe311ddc
0024d42c,0024d738
0024d4c4,0024d738
0024d4c4,002de848
0024d698,002de924
0024d6fc,002de7b8
0024d6fc,002de854
0024d7b8,0038d290
0024d7cc,0021a448
0024d7cc,0038fd2c
0024d98c,002a7d08
0024dce8,002a783c
0024dfb0,00281508
0024dfb0,002ba068
0024e034,0029b7a0
0024e034,0029cb10
0024e034,002a597c
0024e160,002dd0d0
0024e1fc,0024e1fc
0024e1fc,0024f934
0024e1fc,00281508
0024e1fc,002a8f8c
0024e358,0024e358
0024e504,0024e504
0024e9e0,0024ead4
0024e9e0,0024eb30
0024ed84,0029c3e0
0024ee90,0029b7a0
0024f02c,0025bd90
0024f508,002a783c
0024f5b8,0021cf64
0024f5b8,0021d484
0024f5b8,002a4f08
0024f934,002a764c
00251584,0029b7a0
00251610,0029da80
0025165c,00252eb0
002517c8,0020f0cc
002517c8,0020f214
002517c8,0020f8a8
002517c8,0020f9f0
002517c8,00213e44
002517c8,0021403c
002517c8,0021489c
002517c8,00214e3c
002517c8,00214f14
002517c8,002529e0
002517c8,00252a88
002517c8,002aa5c0
002517c8,002ab860
002517c8,002acd00
002517c8,002ace48
002517c8,002ad39c
002517c8,002ad6b4
002517c8,002b3e94
002517c8,002b4698
002517c8,002b76d0
002517c8,002b7830
002517c8,002bda48
002517c8,002be11c
002517c8,002bf924
002517c8,002bfbc8
002517c8,002c4a84
002517c8,00372158
00252658,0024f504
00252658,002a4f08
00252bf8,0024f9dc
00252bf8,002507e0
00252e3c,002ab384
00252e3c,002c3fe8
00252eb0,00252eb0
00252f08,00252f08
00252f60,002a685c
00252f60,002a68ec
00252fac,0020c46c
00253098,00253120
002532d4,00109e70
002532d4,00120ff0
002532d4,00208d9c
002532d4,0020b554
002532d4,0029cbbc
002532d4,0029d090
002532d4,0029ee98
002532d4,002a4fb4
002532d4,002a4fc8
002532d4,002a6630
002532d4,002a6c00
002532d4,002a6c70
002532d4,002a6e2c
00253414,0029cea8
00253414,0029ced4
00253460,00208f24
00253460,0029cf14
00253460,0029cf24
00253488,001e7e6c
00253488,0029cf44
00253488,002a50d0
00253548,00253488
00253548,0029c3e0
00253548,002a685c
00253548,002a68ec
002535e0,001e7ea8
002535e0,00253488
002535e0,00253544
002535e0,0029c448
002535e0,0029cf98
002535e0,0029cfe0
002535e0,0029d090
002535e0,0029d56c
002535e0,002a685c
002535e0,002a68ec
00253ad0,001f0f60
00253ad0,001f1084
00253ad0,001f14e8
00253ad0,002a6b78
00253ad0,002a8f8c
00253bf8,001f1300
00253c4c,0025aae8
00253c4c,0025b768
00253c4c,0029e4e4
00253d90,001f1054
00253dec,001f123c
00253e24,001f12b8
00253e80,001f13b4
00253ecc,00253bf8
00253f54,001f116c
00253f54,002a8f8c
00253fc4,001f1520
00253fc4,002a8f8c
00254034,001f0fc4
002540d0,001f0dd0
002540d0,002a8f8c
00254134,00393ba8
0025414c,0025414c
0025414c,00254308
0025414c,00254314
0025414c,002a7f5c
0025414c,002a8ffc
00254308,002a7be8
00254314,00256804
00254314,002a7f5c
00254438,002a7f64
00254438,002a9020
002544d8,001e856c
002544ec,0029e4f0
002544ec,002a7f64
002544ec,002a7f88
002544ec,002a81f0
002544ec,002a9020
00254728,002a7f5c
00254728,002a7f64
00254880,00160f50
002548b0,002409dc
002548b0,00244238
002548b0,002688d8
002548b0,002745e0
002548b0,002a7bec
002548b0,002a8eac
002548b0,0036f540
002549f4,0029e4f0
002549f4,002a8f8c
00254a58,002a7320
00254a58,002a7f5c
00254a58,002a892c
00254a58,002a8ef8
00254a58,002a8ffc
00254bc4,0022d9ac
00254bc4,0025593c
00254bc4,002a7bec
00254bc4,002a8eac
00254c60,00255480
00254c60,002a88e4
00254c60,002a8ffc
00254d30,002053e8
00254d30,0023efd8
00254d30,002688d8
00254d30,002a7bec
00254d30,002a8eac
00254e1c,002688d8
00254e1c,002a7bec
00254e1c,002a8eac
00254ecc,001ae510
00254ecc,00206eac
00254ecc,0023644c
00254ecc,002688d8
00254ecc,002a7bec
00254ecc,002a8eac
00254ecc,00370938
00254fe0,00231c9c
00254fe0,00233a1c
00254fe0,00233a94
00254fe0,00287748
00254fe0,0028782c
00254fe0,00299498
00254fe0,002a7030
00255178,00274254
00255178,002a7e38
00255178,002a7f5c
00255178,002a7f64
00255178,002a81f0
00255178,002a9020
002553f0,002a7f5c
00255480,002a7f5c
002554e4,0025593c
002554e4,002688d8
002554e4,002a7bec
002554e4,002a8eac
002554e4,003a7c38
00255580,0022d9ac
00255580,0025593c
00255580,002a7bec
00255580,002a8eac
00255630,002688d8
00255630,002a7bec
00255630,002a8eac
002556ac,002a8938
002556bc,002a8938
002556c8,00237864
002556c8,002379b8
002556c8,00260ca8
00255734,002688d8
00255734,002a7bec
00255734,002a8eac
00255734,003a7c38
00255798,0022d9ac
00255798,002a7bec
00255798,002a8eac
002557fc,00254438
002557fc,002a81f0
0025589c,00255a48
0025589c,002688d8
0025589c,002a7bec
0025589c,002a8eac
0025593c,0025aae8
002559cc,0022d9ac
002559cc,002a7bec
002559cc,002a8eac
00255a48,00254438
00255a48,002544d8
00255a48,002544ec
00255a48,00269d00
00255a48,00298b10
00255a48,00299f50
00255a48,002a0964
00255a48,002a7f88
00255a48,002a81f0
00255a48,002a8938
00255a48,002a8df8
00255a48,002a8e48
00255a48,002a8ef8
00255a48,002eb340
00255ea0,0029c3e0
00255ea0,002a81f0
00255ea0,0038e820
00255ff0,00258e24
00255ff0,00298b10
00255ff0,002a8ef8
00256114,00203828
00256114,00203c94
00256114,0020730c
00256114,00207370
00256114,002073d0
00256114,00207500
00256114,00256114
00256114,00256804
00256114,002570b4
00256114,0025713c
00256114,002576c4
00256114,0025b874
00256114,0025b8cc
00256114,0025b9bc
00256804,0025414c
00256804,00254308
00256804,00254314
00256804,002a8ffc
0025686c,001027cc
00256874,0010269a
00256874,002a8990
00256874,002a89a4
002568f4,001fd35c
002568f4,00218f94
002568f4,00258e0c
002568f4,00259260
00256d28,00257bf4
00256d28,00258c9c
00256d28,0025b9bc
00256f04,0025b54c
00256f40,00258254
00256f40,00258a24
00256f40,0025b130
00256f40,0025b768
00256fa8,0020237c
00256fa8,00256d28
00256fa8,0025713c
00256fa8,002576c4
00256fa8,0025ba84
00256fa8,0038e440
002570b4,0029e4e4
0025713c,0025b9bc
002571a0,00256bd0
002571a0,0025713c
002571a0,00258c9c
002571a0,0025b9bc
00257530,0025713c
00257530,002571a0
00257530,002576c4
00257530,0025b8cc
002576c4,0025b9bc
00257774,00256d28
00257774,002570b4
00257774,0025b8cc
00257774,0025b9bc
002578d8,001ffc60
002578d8,0020237c
002578d8,00202894
002578d8,002029cc
002578d8,002570b4
002578d8,0025713c
002578d8,002571a0
002578d8,002576c4
002578d8,0025ba84
002578d8,0038e63c
00257bf4,0025ba84
00257bf4,0029c3e0
00257bf4,002a81f0
00257e54,0025b54c
00257f88,0025b54c
0025809c,0025b130
0025809c,0025b54c
00258254,002a81f0
00258254,0038ef1c
0025837c,00258a24
0025837c,00258c9c
0025837c,00258d90
0025837c,0025b130
0025837c,0029c3e0
0025837c,002a81f0
002584f4,00258298
002584f4,0025837c
00258754,001fd35c
00258754,00218f94
00258754,00259260
0025893c,0025b54c
00258964,0025b130
00258964,0025bcb4
00258a24,00258d90
00258a24,0025b130
00258a24,0025b54c
00258c9c,001fab38
00258c9c,0025b67c
00258c9c,0025b6dc
00258de8,001fa884
00258e24,0025ba7c
00258e24,0025bcb4
00258e24,0029e408
002591b8,00258964
002591b8,0025b130
00259250,002592b4
00259260,0025b67c
00259260,0025b6dc
002592b4,00259260
00259304,0025b54c
00259454,0029e408
00259454,003824a0
002594a4,0025b54c
002594a4,002a764c
00259828,0025b54c
00259828,002a764c
00259b34,001fecc8
00259b34,0025aae8
00259b34,0025ade4
00259b34,0025b008
00259b34,0025b068
00259b34,0025b0ac
00259b34,0025b130
00259b34,0025b468
00259b34,0025b54c
00259e74,001fd1bc
00259e74,001ff3fc
00259e74,0025aa28
00259e74,0025aae8
00259e74,0025ade4
00259e74,0025b008
00259e74,0025b068
00259fc4,0025b54c
00259fc4,002a764c
0025a1e0,00258d90
0025a1e0,003900cc
0025a294,00258d48
0025a294,00258d90
0025a294,0025b54c
0025a570,001fecc8
0025a570,002591b8
0025a570,0025aae8
0025a570,0025ade4
0025a570,0025b008
0025a570,0025b068
0025a570,0025b130
0025a570,0025b54c
0025a570,0025bcb4
0025aa28,00258d90
0025aa28,003901a8
0025ade4,0025b130
0025ade4,0025bcb4
0025b00c,0025ade4
0025b00c,0025ba7c
0025b0ac,0025b67c
0025b0ac,0025b6dc
0025b150,002584f4
0025b150,00258964
0025b150,002591b8
0025b150,0025b130
0025b150,0025bcb4
0025b468,002591b8
0025b468,0025b130
0025b468,0025bcb4
0025b54c,0025b67c
0025b54c,0025b6dc
0025b614,0025b67c
0025b614,0025b6dc
0025b614,0038f114
0025b67c,0021a2b8
0025b67c,0021a330
0025b67c,00371a64
0025b6dc,001224cc
0025b6dc,0038e42c
0025b6dc,0038e430
0025b6dc,0038f174
0025b874,0025b8cc
0025b8cc,0038eac0
0025b9bc,0025ba7c
0025ba7c,0038f18c
0025ba84,0025ba7c
0025bd78,00394718
0025bd90,0029bed6
0025bd90,003b24a4
0025ec50,001f1d30
0025ec50,001f23ac
0025ec50,0025be68
0025ec50,0025beb8
0025ec50,0025beec
0025ec50,0025c34c
0025ec50,0025eb90
0025ec50,002a7490
0025fd28,0025eb90
0025fd28,002a7b94
0025ff60,001efa78
0025ff60,001f0714
0025ff60,0029f0a8
00260018,0029f0a8
00260084,0029f0a8
002600b8,0029f0a8
00260114,001ec284
00260134,002a783c
002601d8,001eb444
002601d8,001eb5f0
002601d8,001edaf8
002601d8,0029d078
002601d8,0029d084
002601d8,0029d090
002601d8,002a685c
002601d8,002a68ec
002601d8,002a7490
00260318,0029d198
00260318,002a685c
00260318,002a68ec
00260408,0021b0b8
00260408,0021b0c8
00260408,0029bed6
00260408,003b2394
00260b6c,001e7f84
00260ba8,00122720
00260c48,00237864
00260c48,00260ca8
00260cc0,0029c3e0
00260d78,002a67b8
00260dbc,00120ff0
00260dbc,0020b7d0
00260dbc,0025340c
00260dbc,00253444
00260dbc,002a6610
00260dbc,002a6630
00260dbc,002a6c00
00260dbc,002a6c70
00260e98,001eb414
00260ea4,00120ff0
00260ea4,0020a268
00260ea4,0020b73c
00260ea4,0025340c
00260ea4,00253444
00260ea4,00253454
00260ea4,00253460
00260ea4,0029ee08
00260ea4,002a4fb4
00260ea4,002a4fc8
00260ea4,002a65e4
00260ea4,002a6610
00260ea4,002a6bac
00260ea4,002a6c00
00260ea4,002a6c70
00261014,00122600
00261014,002a50d0
002610a8,00120ff0
002610a8,0020b944
002610a8,0025340c
002610a8,00253444
002610a8,002a6610
002610a8,002a6630
002610a8,002a6c00
002610a8,002a6c70
00261194,00120ff0
00261194,0020a39c
00261194,0029cea8
00261194,0029ced4
00261194,0029f07c
00261244,001e280c
00261244,001e2a1c
00261244,002a685c
00261244,002a68ec
002612f4,002a685c
002612f4,002a68ec
00261330,001e622c
0026138c,002a685c
0026138c,002a68ec
002613f4,002a6bac
0026141c,002a6bac
0026146c,002a685c
0026146c,002a68ec
00261554,001ee33c
00261554,001ee358
00261554,001ee410
00261554,001ee4c8
00261554,001ee5bc
00261554,001ee674
00261554,001ee7f0
00261554,001ee80c
00261554,001ee828
00261554,001ee844
00261554,001ee86c
00261554,001ee888
00261554,001ee8a4
00261554,001ee998
00261554,001ee9b4
00261554,001eef38
00261554,002a50d0
002616c4,00151150
002618e0,0021a3a8
002618e0,00302bec
002618e0,0037e588
002618e0,0037e8e0
002619a8,0029b4b0
00261a04,0021a3a8
00261a04,00302bec
00261a38,0021a3a8
00261a38,0037e8e0
00261ad0,001ee1a4
00261af0,001eb15c
00261b24,00260130
00261b24,002a685c
00261b38,001ead04
00261b54,00248a64
00261b54,002a783c
00261ba8,00120ff0
00261ba8,0029feb4
00261ba8,002a0388
00261ba8,002a7030
00261c8c,001e9900
00261c8c,002a8f8c
00261cc8,001e948c
00261cc8,00230088
00261d04,00120ff0
00261d04,002a0388
00261d4c,00282cb0
00261d4c,00287748
00261d4c,002a5ff4
00261df8,0023401c
00261df8,002853fc
00261df8,002a7f5c
00261df8,002a88e4
00261df8,002a8ffc
00262014,00120ff0
00262014,0022f624
00262014,002a0388
00262014,002a685c
00262014,002a68ec
00262164,0022ecfc
00262164,0022f0e0
00262164,0022f838
00262164,0022ff08
00262164,002a685c
00262164,002a68ec
00262164,002a7030
00262274,002747e4
00262274,002a7b94
00262274,002a8e48
00262310,002747e4
00262310,002a7b94
00262310,002a8e48
00262394,00217b8c
00262394,002a7f5c
00262394,002a7f64
00262394,002a8938
00262394,002a8df8
00262564,00285434
00262564,0029a3f4
00262564,002a7030
0026275c,002a81f0
0026275c,002a8cdc
002627d4,00292b60
002627d4,002930d0
002627d4,00293ac4
002627d4,002965a8
002627d4,002965d8
002627d4,002f3764
002628e0,002917b4
002628e0,002930d0
002628e0,002965d8
00262970,00148f2c
00262970,0014e0b8
00262970,001a7390
00262970,001af150
00262970,001ddcfc
00262970,0023ffe4
00262970,002638b0
00262970,0026393c
00262970,002639f0
00262970,00263a00
00262970,00263a70
00262970,00263adc
00262970,00263b1c
00262970,00263b88
00262970,00263c94
00262970,00263d00
00262970,0026d8c4
00262970,0026f248
00262970,00278c48
00262970,00286a68
00262970,00286ad0
00262970,00286ce8
00262970,00287714
00262970,00289cec
00262970,0028a45c
00262970,0028cd0c
00262970,00290c00
00262970,00290cb8
00262970,002917b4
00262970,00291fa8
00262970,00292600
00262970,00292ee0
00262970,00293e74
00262970,00295ee4
00262970,00295f50
00262970,00296200
00262970,002965a8
00262970,002965d8
00262970,00296618
00262970,00297bc4
00262970,002a6030
00262970,002a7030
00262970,002a7f5c
00262970,002a8ffc
00262970,002f4f70
00262970,00371238
002635dc,0028ee48
002635dc,00293e74
002635dc,00293f64
002635dc,00293fa0
002635dc,00293fa4
002635dc,00296060
002635dc,002a7f5c
002636d0,00208a50
002636d0,002853fc
002636d0,00285434
002636d0,002a05ac
00263798,00237864
00263798,002379b8
00263798,00260ca8
00263844,002638b0
00263844,0026393c
002638b0,001a71ec
002638b0,001aef50
002638b0,00291f20
002638b0,002f4e44
0026393c,001a729c
0026393c,001af0b0
0026393c,0023fef4
0026393c,00293064
0026393c,002f4f04
00263a00,001c8974
00263a00,00296060
00263a00,002a7f5c
00263a70,00292600
00263a70,002965a8
00263a70,002965d8
00263ae0,00295f80
00263ae0,00296060
00263b1c,00237864
00263b1c,002379b8
00263b1c,00260ca8
00263b88,00260cbc
00263b88,00282cb0
00263b88,002a7f64
00263c94,00292600
00263c94,002965a8
00263c94,002965d8
00263d00,0026f258
00263d00,00296060
00263d00,002a8ffc
00263d48,0029a360
00263d94,0029a360
00263d94,0029d77c
00263d94,002a7f5c
00263d94,002a7f64
00263d94,002a81f0
00263d94,002a9020
00264054,002a8ffc
00264114,00264054
00264114,002a7f5c
00264114,002a7f64
0026448c,002a7f64
0026461c,00233144
0026461c,00264054
0026461c,00286f34
0026461c,0028782c
0026461c,0037dc94
00264770,0023671c
00264770,0029a29c
00264770,0029a360
00264770,002a7f5c
00264830,002a7f5c
002648c0,0023ffe4
002648c0,00285df0
002648c0,0028cd0c
002648c0,00290cb8
002648c0,00291f20
002648c0,00296200
002648c0,00296618
002648c0,002a7030
00264a9c,0023671c
00264a9c,00236b80
00264a9c,0026275c
00264a9c,0026cb00
00264a9c,0029a360
00264a9c,002a7030
00264a9c,002a7f5c
00264a9c,00320bb0
00264d14,0029a360
00264d60,00264de4
00264d60,00264e58
00264d60,00292984
00264d60,00293510
00264d60,002954f4
00264de4,002a7030
00264e58,001baaa0
00264e58,00291f20
00264eb4,0023fef4
00264eb4,00293064
00264fa8,00296060
00264fb0,00276140
00264fb0,00290f90
00264fb0,002923f8
00264fb0,00296618
00264fb0,002a7f5c
00264fb0,002f3764
00265228,00295f04
00265228,00295f10
00265228,002a6188
00265268,0026532c
00265268,00291f20
00265268,002a6030
0026532c,002a7030
002653a4,00267644
002653a4,00267744
002653a4,002677e8
002653a4,0027de00
002653a4,0027df34
002653a4,00282c0c
002653a4,00293fa4
002653a4,002a8ffc
0026540c,002681dc
0026540c,00293e74
0026540c,00293f64
0026540c,00293fa4
0026540c,00296060
0026540c,002a8ffc
00265500,00268018
00265500,002680ec
00265500,00293e74
00265500,00293fa4
00265500,00296060
00265500,002a8ffc
002655b0,001cffd0
002655b0,001d0208
002655b0,00268018
002655b0,002680ec
002655b0,00294320
002655b0,00295ee4
002655b0,00295f04
002655b0,00295f10
002655b0,00299c38
002655b0,002a6030
002655b0,002a6188
002655b0,002a7030
002655b0,002a8ffc
0026583c,002a7030
002658b0,0026d518
002658b0,00291f20
0026590c,0029a3f4
0026590c,002a7030
00265990,00269d00
00265990,0026a008
00265990,00289ba0
00265990,00293e74
00265990,00293f64
00265990,00293fa4
00265990,00296060
00265990,002a8134
00265a58,0026a008
00265a58,0028ee48
00265a58,00293fa4
00265a58,00295f80
00265a58,00296060
00265a9c,00269c20
00265a9c,00293e74
00265a9c,00293f64
00265a9c,00293fa4
00265a9c,00296060
00265a9c,002a8ffc
00265bc4,00269e50
00265bc4,0026a008
00265bc4,00286a10
00265bc4,00293e74
00265bc4,00293f64
00265bc4,00293fa4
00265bc4,00295f80
00265bc4,00296060
00265bc4,002a8ffc
00265c98,0023fef4
00265c98,0023ffe4
00265c98,00286ad0
00265c98,0028cd0c
00265c98,00290cb8
00265c98,00290f90
00265c98,002912e8
00265c98,00291304
00265c98,00291668
00265c98,00291f20
00265c98,00292b60
00265c98,00293064
00265c98,00293cdc
00265c98,00295f50
00265c98,00296200
00265c98,002965a8
00265c98,002965d8
00265c98,00296618
00265c98,002a6030
00265c98,002a7030
00265c98,002f3764
002663dc,00286a10
002663dc,0028ee48
002663dc,00291f60
002663dc,00293e74
002663dc,00293fa4
002663dc,00295f80
002663dc,00296060
002663dc,002a7f5c
002663dc,002a8ffc
002665c8,001c37f0
002665c8,001c380c
002665c8,001c38a8
002665c8,00269574
002665c8,0026e6ec
002665c8,0028202c
002665c8,00282090
002665c8,00282298
002665c8,00286754
002665c8,0028689c
002665c8,00286904
002665c8,00286a68
002665c8,00286d64
002665c8,00287714
002665c8,0028cb80
002665c8,0028eea0
002665c8,00291810
002665c8,00291f20
002665c8,002923f8
002665c8,00292600
002665c8,00292620
002665c8,00292ee0
002665c8,00295f04
002665c8,00295f10
002665c8,00296060
002665c8,002965a8
002665c8,002965d8
002665c8,00296618
002665c8,002a6030
002665c8,002a6188
002665c8,002a7030
002665c8,002a7f5c
002665c8,002a7f64
002665c8,002f3764
002665c8,00370d9c
00267028,002a7030
0026709c,001cc670
0026709c,001cce60
0026709c,002a7030
0026709c,002a7f5c
0026709c,002a7f64
0026709c,002a8ffc
0026737c,002a7030
0026737c,0032f5dc
002673c8,0023ffe4
002673c8,00286650
002673c8,00290f90
002673c8,002965d8
002673c8,00296618
00267550,011c37f0
00267578,0037da80
0026759c,00270f18
0026759c,00270f90
0026759c,0028ebcc
00267644,00267644
00267644,00296060
00267644,002a8134
00267644,002a8ffc
0026774c,0028ee48
0026774c,00293e74
0026774c,00293f64
0026774c,00293fa4
0026774c,00296060
002677ec,00293fa4
002677ec,00295f80
002677ec,00296060
00267810,002a8ffc
0026788c,0029a360
0026788c,0029d77c
0026788c,002a7f5c
0026788c,002a7f64
0026788c,002a81f0
0026788c,002a9020
00267eb4,002a7030
00267f28,0027ed1c
00267f28,00291f20
00267f84,00267eb4
00267f84,00267f28
00267f84,0027ece8
00267f84,00292984
00267f84,00293510
00267f84,002954f4
0026801c,001cce60
0026801c,0027e120
0026801c,00293fa4
0026801c,002a8ffc
002680f4,0027de00
002680f4,00282c0c
002680f4,00293f64
002680f4,00293fa4
002680f4,002a7f5c
002681dc,002681dc
002681dc,0028f45c
002681dc,00293e74
002681dc,00293fa4
002681dc,00296060
002681dc,002a8ffc
002681dc,002ee808
002683e4,001c9ee8
002683e4,001ca610
002683e4,001cddf0
002683e4,001ce5f0
002683e4,001cebe0
002683e4,001cef38
002683e4,002a7030
002685ac,00286a10
002685ac,00296060
002685d0,0027e61c
002685d0,00286d64
002685d0,00291810
002685d0,00295f04
002685d0,00295f10
002685d0,00296618
002685d0,002a6188
002685d0,002a7030
002687ec,002688a4
002687ec,002954f4
002687ec,002a7030
002688a4,0027ece8
002688a4,00291f20
002688dc,0022d9ac
00268914,00219ab0
00268914,002a7490
00268980,003a9134
002689cc,002a7490
002689cc,00393424
00268a28,001f9e44
00268a28,00299f50
00268a28,0029a29c
00268a28,002a0964
00268a28,002a81f0
00268a28,002a9020
00268b4c,00393370
00268b6c,0023671c
00268bd0,002a8ffc
00268c88,00268bd0
00268c88,002a7f5c
00268c88,002a7f64
00268fc0,0023fef4
00268fc0,002627d4
00268fc0,002628e0
00268fc0,002902b8
00268fc0,002912e8
00268fc0,00291304
00268fc0,00291668
00268fc0,002917b4
00268fc0,00292c10
00268fc0,00293558
00268fc0,00293ac4
00268fc0,00295f04
00268fc0,00295f10
00268fc0,002965a8
00268fc0,002965d8
00268fc0,00296618
00268fc0,002a6188
00268fc0,002f3764
0026923c,00291f20
0026923c,002930d0
0026923c,00296124
00269314,00292600
00269314,002930d0
00269314,00293e34
00269314,002965a8
00269314,002965d8
002693c4,0023fa64
002693c4,002619a8
002693dc,002694c8
002693dc,00291f20
0026941c,002954f4
0026941c,002a7030
002694c8,00291f20
00269500,002a7030
00269574,002a7030
002695e8,0022e11c
002695e8,002a7f5c
002696f8,0010b874
002696f8,002a0978
002696f8,002c5524
002696f8,002c5948
002696f8,002c6528
002697e8,00235100
002697e8,00299418
00269868,00280c94
00269868,00286f34
00269868,00287748
00269868,0029a360
00269868,002a7f5c
00269868,002a8e48
002699c4,002a7f5c
00269a7c,00264fa8
00269a7c,00286a10
00269a7c,0028ee48
00269a7c,00291f60
00269a7c,00293e74
00269a7c,00293fa4
00269a7c,00296060
00269b6c,00264fa8
00269b6c,00286a10
00269b6c,00289ba0
00269b6c,0028ee48
00269b6c,00293e74
00269b6c,00293f64
00269b6c,00293fa4
00269b6c,00295f80
00269b6c,00296060
00269c24,00269c38
00269c24,00296060
00269c38,00269c38
00269c38,00296060
00269c38,002a8ffc
00269d00,002a7f54
00269d58,002a7030
00269dcc,00291f20
00269e54,00293e74
00269e54,00293fa4
00269e54,00296060
00269e54,002a8134
00269e8c,002a7030
00269f00,0028cb80
00269f00,002923f8
00269f00,002930d0
00269f00,00296618
00269f00,002f3764
00269fc0,00295f04
00269fc0,00295f10
00269fc0,002a6188
0026a008,00269c20
0026a008,002a8ffc
0026a0bc,002a7030
0026a130,00299c38
0026a130,002a6030
0026a130,002a7030
0026a280,0024d130
0026a308,0026a308
0026a308,00296060
0026a308,002a8ffc
0026a3d0,002a7030
0026a444,00295f04
0026a444,00295f10
0026a444,002a6188
0026a48c,0026a514
0026a48c,00291f20
0026a48c,002954f4
0026a514,002a7030
0026a58c,0026a308
0026a58c,00296060
0026a5a0,0028cb80
0026a5a0,0028d0d0
0026a5a0,00290f90
0026a5a0,002923f8
0026a5a0,00292c10
0026a5a0,002965d8
0026a5a0,00296618
0026a5a0,002f3764
0026a844,002a7030
0026a8b8,0026ffb4
0026a8b8,002ec28c
0026a904,002a7030
0026a978,0026cb00
0026a978,0029a238
0026a978,0029a360
0026a978,0029a3f4
0026a978,002a7f5c
0026a978,002a7f88
0026a978,002a8f8c
0026ab4c,0026a588
0026ab4c,00286a10
0026ab4c,00291f60
0026ab4c,00293e74
0026ab4c,00293fa4
0026ab4c,00296060
0026ab4c,002a7f5c
0026ab4c,002a8ffc
0026ad84,0026ef3c
0026ad84,0028ee48
0026ad84,00293fa4
0026ad84,00296060
0026ad84,002a8134
0026adcc,0029a488
0026ae4c,0026ef3c
0026ae4c,00286a10
0026ae4c,00289ba0
0026ae4c,0028ee48
0026ae4c,00293e74
0026ae4c,00293f64
0026ae4c,00293fa4
0026ae4c,00295f80
0026ae4c,00296060
0026ae4c,002a7f5c
0026ae4c,002a8ffc
0026b028,0026a3d0
0026b028,0026efb0
0026b028,00286a68
0026b028,00286d64
0026b028,0028a258
0026b028,0028cb80
0026b028,0028eea0
0026b028,002908d0
0026b028,00291810
0026b028,00291f20
0026b028,002923f8
0026b028,00292c10
0026b028,002942d4
0026b028,00294320
0026b028,00295ee4
0026b028,00295f04
0026b028,00295f10
0026b028,00296200
0026b028,00296618
0026b028,00299c38
0026b028,0029a3f4
0026b028,002a6030
0026b028,002a6188
0026b028,002a7030
0026b028,002f3764
0026b638,00223dc8
0026b638,00236b58
0026b638,00236b80
0026b638,0026275c
0026b638,0026ce30
0026b638,0028d3ec
0026b638,00298b10
0026b638,0029c3e0
0026b638,002a0964
0026b638,002a7030
0026b638,002a7f64
0026b638,002a81f0
0026b638,002a8df8
0026b638,002a8ef8
0026b638,002a8f8c
0026b638,002a9020
0026b96c,0026a588
0026b96c,00286a10
0026b96c,0028ee48
0026b96c,00293e74
0026b96c,00293f64
0026b96c,00293fa4
0026b96c,00295f80
0026b96c,00296060
0026b96c,002a8ffc
0026bb40,001b5f48
0026bb40,001b7f10
0026bb40,0026a444
0026bb40,0026a48c
0026bb40,0026a588
0026bb40,0026a5a0
0026bb40,00280c94
0026bb40,0028eea0
0026bb40,00291810
0026bb40,002942d4
0026bb40,00294320
0026bb40,00295ee4
0026bb40,00295f04
0026bb40,00295f10
0026bb40,002a6188
0026bb40,002a7030
0026bb40,002a7f5c
0026bb40,002a7f64
0026bb40,002a81f0
0026bb40,002a8ffc
0026bb40,002a9020
0026c2e0,002a7030
0026c354,002a8ffc
0026c410,0026a588
0026c410,0026ef3c
0026c410,00286a10
0026c410,0028ee48
0026c410,00293e74
0026c410,00293f64
0026c410,00293fa4
0026c410,00296060
0026c410,002a8ffc
0026c5e4,00280c94
0026c5e4,002a7f64
0026c5e4,002a81f0
0026c5e4,002a9020
0026c6f4,00286a10
0026c6f4,00291f60
0026c6f4,00293e74
0026c6f4,00293fa4
0026c6f4,00296060
0026c6f4,002a7f5c
0026c894,002a7030
0026c894,00332824
0026c8dc,002a6e74
0026c8dc,002a6e8c
0026c8dc,002a6ea4
0026c930,002a7030
0026c9a4,001a52b0
0026c9a4,0026c8dc
0026c9a4,0026c930
0026c9a4,00289394
0026c9a4,00289dd0
0026c9a4,0028ca60
0026c9a4,0028cc54
0026c9a4,002a7030
0026c9a4,002a7f5c
0026c9a4,002a8ffc
0026c9a4,0037d34c
0026cb00,00299f50
0026cb00,002a7f5c
0026cbc4,00227cec
0026cbc4,00227e64
0026cbc4,00236b58
0026cbc4,0026ce30
0026cbc4,002a8df8
0026cc20,001e7938
0026cd80,002a7030
0026cd80,003367f0
0026ce0c,0028ee48
0026ce0c,00293e74
0026ce0c,00293fa4
0026ce0c,00296060
0026ce44,0029a5a4
0026ce70,0029a5a4
0026ce70,0029e4f0
0026ce70,002a8f8c
0026cf3c,0016a4dc
0026cf3c,00275d0c
0026cf3c,00275dc4
0026cf3c,00285558
0026cf3c,00285688
0026cfa0,00169b38
0026cfc0,0029a7cc
0026cff4,0023671c
0026cff4,00236b80
0026cff4,0026275c
0026cff4,002a7030
0026cff4,002a7f5c
0026cff4,0031f8a0
0026d210,0029a3f4
0026d24c,002619a8
0026d2b4,002619a8
0026d320,002619a8
0026d39c,0021d5f8
0026d39c,002619a8
0026d3f4,0021d5f8
0026d3f4,002619a8
0026d44c,0021d5f8
0026d44c,002619a8
0026d4a4,002a7030
0026d518,00291f20
0026d564,002a7030
0026d564,0034873c
0026d5ac,002a7f5c
0026d5ac,002a7f64
0026d850,002a7030
0026d850,00347870
0026d8a0,0029b4b0
0026d8cc,002a7f5c
0026d8cc,002a7f64
0026db04,002a7f5c
0026db04,002a7f64
0026dc5c,00195d18
0026dc5c,001972dc
0026dc5c,0026db04
0026dc5c,0026de8c
0026dc5c,0028ca60
0026dc5c,002a7030
0026dc5c,002a7f5c
0026dc5c,002a8ffc
0026de8c,002a7030
0026df00,00264f58
0026df4c,0028eea0
0026df4c,00291810
0026df4c,00292620
0026df4c,002942d4
0026df4c,00294320
0026df4c,00295ee4
0026df4c,00295f04
0026df4c,00295f10
0026df4c,002a6188
0026e0ec,002768f4
0026e118,00293e74
0026e118,00293fa4
0026e118,00295f80
0026e118,00296060
0026e118,002a8134
0026e170,0028ee48
0026e170,00291f60
0026e170,00293e74
0026e170,00293f64
0026e170,00293fa4
0026e170,00295f80
0026e170,00296060
0026e170,002a8134
0026e380,002764fc
0026e380,00276508
0026e380,00276514
0026e3f8,0026e788
0026e3f8,0026e7fc
0026e3f8,0026e85c
0026e3f8,0028ca60
0026e46c,00291f20
0026e478,00276994
0026e478,00292984
0026e4b8,00291884
0026e4c0,0028ee48
0026e4c0,00291f60
0026e4c0,00293e74
0026e4c0,00293fa4
0026e4c0,00295f80
0026e4c0,00296060
0026e4c0,002a7f5c
0026e4c0,002a8ffc
0026e6ec,002923f8
0026e6ec,00296124
0026e6ec,00296618
0026e6ec,002f3764
0026e788,002a7030
0026e7fc,00369760
0026e85c,0026e46c
0026e85c,0026e478
0026e85c,0027ece8
0026e85c,00290578
0026e85c,00291f20
0026e900,00281208
0026e900,0028123c
0026e900,00281280
0026e900,002812d8
0026e900,002853e4
0026e900,00293e74
0026e900,00293f64
0026e900,00293fa4
0026e900,00295f80
0026e900,00296060
0026e900,002a8ffc
0026e900,002e9c64
0026e900,002f2f84
0026ea88,00277ddc
0026ea88,00277fdc
0026ea88,00278104
0026ea88,002786f8
0026ea88,002789a0
0026ea88,0028cb80
0026ea88,0028cc54
0026ea88,0028eea0
0026ea88,002942d4
0026ea88,00294320
0026ea88,00295ee4
0026ea88,00295f04
0026ea88,00295f10
0026ea88,00296618
0026ea88,00299b78
0026ea88,00299bd0
0026ea88,00299c38
0026ea88,002a6030
0026ea88,002a6188
0026ea88,002a7030
0026ea88,002a7f5c
0026ea88,002a8ffc
0026ee5c,002786f8
0026ee5c,0028ee48
0026ee5c,00293e74
0026ee5c,00293f64
0026ee5c,00293fa4
0026ee5c,00296060
0026ee5c,002a8ffc
0026ef18,0023822c
0026ef18,002ef0e4
0026ef3c,00293fa4
0026ef3c,00295f80
0026ef3c,00296060
0026ef3c,00296124
0026ef3c,002961ac
0026efb0,0023fef4
0026efb0,00286650
0026efb0,002923f8
0026efb0,002961f4
0026efb0,00296200
0026efb0,0029654c
0026efb0,002965a8
0026efb0,002965d8
0026efb0,00296618
0026efb0,002a7030
0026efb0,002f3764
0026f240,011cb4d8
0026f258,00268bd0
0026f258,00295f80
0026f258,00296060
0026f258,00297bc4
0026f258,002a7f5c
0026f2ec,00269310
0026f2ec,00292600
0026f2ec,002965a8
0026f2ec,002965d8
0026f37c,00270ed0
0026f37c,002892a4
0026f37c,0028eb70
0026f37c,00295d80
0026f37c,00296124
0026f37c,002961ac
0026f408,0028eb70
0026f408,00296124
0026f424,00291f20
0026f424,00292984
0026f424,002954f4
0026f424,002a7030
0026f520,0023ffe4
0026f520,00286ad0
0026f520,0028cd0c
0026f520,00290cb8
0026f520,00291f20
0026f520,002923f8
0026f520,00292b60
0026f520,00292c10
0026f520,00295f50
0026f520,00296200
0026f520,00296618
0026f520,0029a184
0026f520,0029a3f4
0026f520,002a6030
0026f520,002a7030
0026f520,002a7f5c
0026f520,002f3764
0026faa0,00249410
0026faa0,0024973c
0026faa0,0024a6e0
0026faa0,002d15f0
0026faa0,002d1784
0026faa0,002d198c
0026faa0,002d1cb8
0026faa0,00378fa4
0026faa0,00379068
0026faa0,0037967c
0026fcfc,0024aa10
0026fd3c,0024a1ac
0026fd3c,002c9c18
0026fe4c,0024ad18
0026fe4c,0024ad3c
0026fe4c,0024b0a0
0026fea4,0024ad18
0026fea4,0024ad3c
0026fea4,0024b0a0
0026ff90,0023822c
0026ff90,002eefe4
0026ffe4,00291f20
002700f0,00238028
002700f0,002380d8
002700f0,0023f9ac
002700f0,002a7030
00270258,00174608
00270258,0021ed54
00270258,00290bf8
00270258,00295d80
00270298,0023ffe4
00270298,00270258
00270298,00286ad0
00270298,0028cd0c
00270298,0028eb70
00270298,00290cb8
00270298,00291f20
00270298,002923f8
00270298,00292b60
00270298,00292ee0
00270298,00295d80
00270298,00295f50
00270298,00296124
00270298,002961ac
00270298,00296200
00270298,002965d8
00270298,00296618
00270298,002a6030
00270298,002a7030
00270298,002f3764
00270a58,0023fbe8
00270a58,0023fd70
00270a58,0028eb70
00270a58,00293e74
00270a58,00293fa4
00270a58,00295d80
00270a58,002ec9c8
00270b0c,00294320
00270b0c,00295ee4
00270b0c,002a6188
00270b0c,002e9954
00270ba0,002405a8
00270ba0,002965d8
00270ba0,002a7f5c
00270ba0,002a7f64
00270ba0,002a81f0
00270ba0,002a8f8c
00270ba0,002a9020
00270ba0,002ed3d0
00270ed0,0023fbe8
00270ed0,0023fd70
00270ed0,0028eb70
00270ed0,00295d80
00270f18,0028cda4
00270f18,0028ebe8
00270f18,002ec124
00270f90,0023fbe8
00270f90,00291f20
00270f90,00295d80
00270f90,002ec124
00270f90,0037d754
00271010,00278ce8
00271010,00278e44
00271010,002790a4
00271010,0027ddc8
00271010,00293fa4
00271010,002a8ffc
00271098,0027a24c
00271098,00286a10
00271098,00289a3c
00271098,0028ee48
00271098,00291f60
00271098,00293e74
00271098,00293f64
00271098,00293fa4
00271098,00296060
0027120c,001bda60
0027120c,00265990
0027120c,00265a50
0027120c,00265a94
0027120c,00265bc4
0027120c,00293fa4
0027120c,002a8ffc
002712c0,001c0038
002712c0,0026590c
002712c0,00265a94
002712c0,002a6030
002712c0,002a6188
002712c0,002a7030
002712c0,002a8ffc
00271428,001b2cd0
00271428,0026a978
00271428,0026c2b0
00271428,0026c2e0
00271428,0026c354
00271428,00281478
00271428,00287714
00271428,0028eea0
00271428,002942d4
00271428,00294320
00271428,00294bd8
00271428,00295ee4
00271428,00295f04
00271428,00295f10
00271428,0029a3f4
00271428,002a6030
00271428,002a6188
00271428,002a7030
00271428,00344278
002716f0,00148188
002716f0,0016b3d8
002716f0,001990c8
002716f0,0026ce08
002716f0,0026ce30
002716f0,0026ce6c
002716f0,0026cff4
002716f0,0026d20c
002716f0,0028d0ac
002716f0,0028ed54
002716f0,00294320
002716f0,00295ee4
002716f0,00295f04
002716f0,00295f10
002716f0,002a6030
002716f0,002a6188
002716f0,002a7030
002716f0,002a7f5c
002716f0,002a8ffc
00271a78,0016b324
00271a78,0026ef3c
00271a78,00286a10
00271a78,00289a3c
00271a78,0028ee48
00271a78,00291f60
00271a78,00293e74
00271a78,00293f64
00271a78,00293fa4
00271a78,00296060
00271bf0,001d7310
00271bf0,0026583c
00271bf0,00275db4
00271bf0,0027e014
00271bf0,00282cb0
00271bf0,0028eea0
00271bf0,00291810
00271bf0,00294320
00271bf0,00295ee4
00271bf0,00295f04
00271bf0,00295f10
00271bf0,002a6030
00271bf0,002a6188
00271e1c,0021d828
00271e2c,0026ab4c
00271e2c,0026ad7c
00271e2c,0026ae44
00271e2c,0026b964
00271e2c,0026c354
00271e2c,0026c40c
00271e2c,0026c6f4
00271e2c,00289b54
00271e2c,0028ee48
00271e2c,00293e74
00271e2c,00293f64
00271e2c,00293fa4
00271e2c,00296060
00271e2c,0029a238
00271e2c,002a8ffc
00271fc4,00181458
00271fc4,00286a10
00271fc4,00291f60
00271fc4,00293e74
00271fc4,00293f64
00271fc4,00293fa4
00271fc4,00296060
00271fc4,002a7f5c
00271fc4,002a8134
00271fc4,0036bf00
00272144,0026ce08
00272144,0028ed54
00272144,00293e74
00272144,00293fa4
00272144,00296060
00272144,002a8ffc
00272210,001bc64c
00272210,00280c94
00272210,00280d0c
00272210,002a7f5c
00272294,0027de00
00272294,0028ee48
00272294,00293e74
00272294,00293f64
00272294,00293fa4
00272294,00296060
0027230c,0026ef3c
0027230c,0027df34
0027230c,00282c0c
0027230c,00286a10
0027230c,0028ee48
0027230c,00293e74
0027230c,00293fa4
0027230c,00296060
0027230c,002f4950
0027236c,0029a5bc
0027236c,0029a5c8
0027236c,0029a6fc
0027236c,0029a744
0027236c,0029af70
0027236c,002a7f5c
0027236c,002eca28
0027236c,002eca80
00272468,00280508
00272468,00280674
00272468,0028ee48
00272468,00293e74
00272468,00293f64
00272468,00293fa4
00272468,00296060
00272468,002a8ffc
00272550,0027b848
00272550,00289a3c
00272550,00289b54
00272550,00293e74
00272550,00293f64
00272550,00293fa0
00272550,00293fa4
00272550,00296060
00272550,002a7f5c
00272550,002a8ffc
002726a0,00286a10
002726a0,00291f60
002726a0,00293e74
002726a0,00293fa4
002726a0,00296060
002726a0,002a8134
00272ce8,0014c660
00272ce8,00186b90
00272ce8,00188838
00272ce8,00188850
00272ce8,002796a4
00272ce8,00279830
00272ce8,002799b0
00272ce8,00279a58
00272ce8,0027a204
00272ce8,0027e61c
00272ce8,0027ece8
00272ce8,00281674
00272ce8,00286a68
00272ce8,00286ad0
00272ce8,00286d64
00272ce8,0028cb80
00272ce8,0028d174
00272ce8,0028d410
00272ce8,00291f20
00272ce8,00291fa8
00272ce8,002965a8
00272ce8,002965d8
00272ce8,002a6030
00272ce8,002a7030
00272ce8,002a7f5c
00272ce8,002a8ffc
002734ec,002382b4
00273500,0027df34
00273500,0027e120
00273500,0027e524
00273500,00282c0c
00273500,00289a3c
00273500,00293e74
00273500,00293f64
00273500,00293fa4
00273500,00296060
00273500,002a7f5c
00273500,002a8ffc
002736a0,002793c4
002736a0,00293e74
002736a0,00293f64
002736a0,00293fa4
002736a0,002955d0
002736a0,00296060
002736a0,002a8ffc
00273780,0027ee38
00273780,00289a3c
00273780,0028ee48
00273780,00293e74
00273780,00293f64
00273780,00293fa4
00273780,00296060
00273780,002a8ffc
00273844,0027ee38
00273844,00289a3c
00273844,0028ee48
00273844,00293e74
00273844,00293f64
00273844,00293fa4
00273844,00296060
00273844,002a8134
00273844,002a8ffc
00273918,002803e0
00273918,00289cec
00273918,0028a2b8
00273918,0028eea0
00273918,0029427c
00273918,002942d4
00273918,00294320
00273918,00295ee4
00273918,00295f04
00273918,00295f10
00273918,00299c38
00273918,0029e630
00273918,002a6030
00273918,002a6188
00273918,002a7030
00273918,00330038
00273918,0038051c
00273918,003912ac
00273b8c,002a7030
00273c00,0027bbac
00273c00,0027bbbc
00273c00,0027cb3c
00273c00,0027df20
00273c00,00281478
00273c00,00289cec
00273c00,0028a2b8
00273c00,0028eea0
00273c00,002942d4
00273c00,00294320
00273c00,00295ee4
00273c00,00295f04
00273c00,00295f10
00273c00,002a6030
00273c00,002a6188
00273c00,0030a720
00273e24,002863c8
00273e24,00286a10
00273e24,0028ee48
00273e24,0028f45c
00273e24,00291f60
00273e24,00293e74
00273e24,00293f64
00273e24,00293fa4
00273e24,00295f80
00273e24,00296060
00273e24,002a7f5c
00273e24,002a8ffc
00273e24,002ee808
002741f4,00282704
002741f4,002827f0
002741f4,00293fa4
002741f4,002a8ffc
00274238,0028782c
00274254,002a7f5c
00274254,002a7f64
00274254,002a81f0
00274254,002a89a4
00274254,002a8f8c
00274254,002a9020
0027444c,002a81f0
002744e8,002a7030
0027455c,00295d80
002745e0,002a7030
002745e0,002e90dc
002745e0,003a9b1c
00274710,002a7f64
00274710,002a81f0
00274710,002a9020
002747e4,002a8c68
002747e4,002a8c7e
00274820,00120ff0
00274820,001e24f0
00274820,001ee580
00274820,0020b9d8
00274820,0020b9f4
00274820,00274bb0
00274820,00295d80
00274820,002a0324
00274820,002a0388
00274820,002a50d0
002749d4,002a7f64
002749d4,002a81f0
002749d4,002a8f8c
002749d4,002a9020
00274adc,002a7f64
00274adc,002a81f0
00274adc,002a9020
00274bb0,0029cb80
00274bb0,002a67b8
00274c3c,0020bf0c
00274c3c,0029bfc0
00274c3c,0029bfd0
00274c3c,0029bfe0
00274c3c,002a6010
00274c3c,002a6020
00274c3c,002a67b8
00274d20,0023ffe4
00274d20,00275b60
00274d20,0028936c
00274d20,0028a45c
00274d20,00290204
00274d20,00290cb8
00274d20,00290f90
00274d20,002917b4
00274d20,00291810
00274d20,002923f8
00274d20,00292600
00274d20,00292c10
00274d20,00292ee0
00274d20,002930d0
00274d20,00295ee4
00274d20,00295f04
00274d20,00295f10
00274d20,00295f80
00274d20,00296060
00274d20,00296200
00274d20,002965a8
00274d20,002965d8
00274d20,00296618
00274d20,002a6188
00274d20,002a7030
00274d20,002a7b94
00274d20,002a7f5c
00274d20,002a7f64
00274d20,002a8ffc
00274d20,002f3764
00274d20,003704f8
00274d20,00370d90
00274d20,0037d4c8
00274d20,003ad6cc
00275964,0023fef4
00275964,00293064
002759f4,00291f20
00275a58,002759f4
00275a58,002876f0
00275a58,00291f20
00275a58,002954f4
00275a58,002a7030
00275b60,002917b4
00275b60,002923f8
00275b60,00292c10
00275b60,002965d8
00275b60,00296618
00275b60,002f3764
00275d0c,001efb20
00275d0c,001f07bc
00275d0c,00260080
00275d0c,002600b4
00275d64,001ef6a8
00275d64,00285ad0
00275d64,00285b74
00275d64,00285bd4
00275dd4,002408d8
00275dd4,0028ebe8
00275dd4,00295f50
00275dd4,002ec124
00275dd4,002ef6f8
00275e7c,0023fae8
00275e7c,002a7490
00275f58,0028d0ac
00275f58,002908d0
00275f58,00291f20
00276028,00275f58
00276028,002954f4
00276028,002a7030
002760dc,0023ef88
002760dc,00293814
00276158,001e7938
002761b8,002761b8
002761b8,00296060
002761b8,002a8ffc
00276294,002761b8
00276294,00296060
002762a8,002a7030
0027631c,0027ed1c
0027631c,0028d174
0027631c,00291f20
002763b0,002762a8
002763b0,0027631c
002763b0,0027ece8
002763b0,00292984
002763b0,00293510
002763b0,002954f4
0027643c,0029daa8
0027643c,002c4f04
0027643c,002c5898
0027643c,002c6458
002764cc,002221f4
002764cc,00245108
00276520,0023fef4
00276520,00290ea8
002765a0,002765b0
002765b0,0018ee08
002765b0,0018ef20
002765b0,001912c8
002765b0,001925c0
002765b0,001c3530
002765b0,002764fc
002765b0,00276508
002765b0,00276514
002765b0,002768f4
002765b0,002926dc
002765b0,00292738
0027675c,00295f48
00276784,00285df0
00276784,00290c00
00276784,00290c60
00276784,00295d80
00276784,002ef560
00276834,0018eddc
00276834,00191368
00276834,001925c0
00276834,002765b0
00276834,00292a60
00276834,00295f28
00276964,00295d80
00276994,0019123c
00276994,00292984
002769f4,0023fa64
00276a54,0023fef4
00276a54,00290ea8
00276b7c,0023fa64
00276b7c,002619a8
00276b98,00291f20
00276be0,002a7030
00276c58,0023ffe4
00276c58,0028eb70
00276c58,002923f8
00276c58,00296124
00276c58,00296618
00276c58,002f3764
00276d50,0026a218
00276d58,002930d0
00276e04,00301830
00276e3c,00291294
00276e68,0028d04c
00276e68,00291294
00276e68,002930d0
00276f08,0028d04c
00276f08,002930d0
00276f68,002a7030
00276fdc,00291f20
00276fe4,002a7030
00277090,0023fba4
00277090,002405a8
00277090,0024f934
00277090,002749d4
00277090,002a7f5c
00277090,002a8f8c
002771ac,0023fba4
002771ac,002405a8
002771ac,0024f934
002771ac,002749d4
002771ac,002a7f5c
002771ac,002a8f8c
0027736c,002773f4
0027736c,002ec1bc
00277390,0023fa58
00277390,002ebebc
002773f4,002ec1c0
002773f8,0023fba4
002773f8,002405a8
002773f8,0024f934
002773f8,002749d4
002773f8,002a7f5c
002773f8,002a8f8c
002773f8,002b2a44
002773f8,002ec194
002773f8,002ec1a0
00277750,0021333c
00277750,002139f0
00277750,0023fba4
00277750,002405a8
00277750,0024f934
00277750,002749d4
00277750,002a7f5c
00277750,002a8f8c
00277750,002ec194
00277750,002ec1a0
00277ab0,0025165c
00277b00,0023fa58
00277b00,0023fc20
00277b00,0024f934
00277b00,002a8f8c
00277b00,002ebe08
00277c7c,002ec1ac
00277c90,002ec1ac
00277ca4,002ebe90
00277ddc,00299c28
00277ddc,002a7f5c
00277ddc,002a7f64
00277fdc,00262970
00277fdc,0028a2b8
00277fdc,0028a6d4
00277fdc,00291810
00277fdc,00292620
00277fdc,00295f04
00277fdc,00295f10
00277fdc,002a6188
00278104,00262970
00278104,0028a2b8
00278104,00291810
00278104,00292620
00278104,00295f04
00278104,00295f10
00278104,002a6188
00278240,0027b664
00278240,0029a360
00278240,002a6188
00278500,0029a238
00278500,002a7f5c
00278500,002a8df8
0027863c,0029a29c
00278690,00297bc4
002787e4,00289a3c
002787e4,00291f60
002787e4,00293e74
002787e4,00293fa4
002787e4,00295f80
002787e4,00296060
002788d8,002a6030
002788d8,002a7030
002789a0,002a7030
00278a18,0028f45c
00278a18,0028f6e4
00278a18,00291f60
00278a18,00293e74
00278a18,00293fa4
00278a18,00295f80
00278a18,00296060
00278a18,002a7f5c
00278c48,00244238
00278c64,0028d04c
00278c74,002a7030
00278cf0,0027ddb0
00278cf0,0027de00
00278cf0,00293e74
00278cf0,00293f64
00278cf0,00293fa4
00278cf0,00296060
00278cf0,002a8134
00278cf0,002a8ffc
00278e4c,0027d7c8
00278e4c,0027ddb0
00278e4c,00286a10
00278e4c,00289b54
00278e4c,0028ee48
00278e4c,00291f60
00278e4c,00293e74
00278e4c,00293fa4
00278e4c,00295f80
00278e4c,00296060
00278e4c,002a7f5c
00278e4c,002a8134
00278e4c,002a8ffc
002790ac,0027ddb0
002790ac,00286a10
002790ac,00291f60
002790ac,00293e74
002790ac,00293fa4
002790ac,00295f80
002790ac,00296060
002790ac,002a8134
002790ac,002a8ffc
00279248,00279350
00279248,002930d0
00279248,00294bd8
00279248,002954f4
00279248,002a6030
00279350,002a7030
002793c4,00286a10
002793c4,0028ee48
002793c4,00291f60
002793c4,00293e74
002793c4,00293fa4
002793c4,00296060
002793c4,002a7f5c
00279568,00294bd8
00279568,002954f4
00279568,002a7030
002796a4,002a7f5c
002796a4,002a7f64
00279830,002a7f5c
00279830,002a7f64
002799b0,00295f80
002799b0,00296060
002799b0,002a7f5c
002799b0,002a8ffc
00279a58,002917b4
00279a58,00291810
00279a58,002923f8
00279a58,00292600
00279a58,00292ee0
00279a58,00295f04
00279a58,00295f10
00279a58,00296060
00279a58,00296200
00279a58,002965a8
00279a58,002965d8
00279a58,00296618
00279a58,002a6188
00279a58,002a7030
00279a58,002a7f5c
00279a58,002a7f64
00279a58,002f3764
0027a204,00291f20
0027a24c,002930d0
0027a24c,00296060
0027a24c,00296124
0027a24c,002961ac
0027a24c,002a8134
0027a2e0,0023fef4
0027a2e0,002923f8
0027a2e0,002930d0
0027a2e0,00296124
0027a2e0,002961ac
0027a2e0,00296200
0027a2e0,0029654c
0027a2e0,002965a8
0027a2e0,002965d8
0027a2e0,00296618
0027a2e0,002a7030
0027a2e0,002f3764
0027a618,002908d0
0027a630,00291884
0027a644,0027a89c
0027a644,0027a910
0027a644,0027ece8
0027a644,00291f20
0027a644,002954f4
0027a6f8,0019bcd8
0027a6f8,00221930
0027a6f8,0027de00
0027a6f8,0028ee48
0027a6f8,00293e74
0027a6f8,00293f64
0027a6f8,00293fa4
0027a6f8,00296060
0027a6f8,002a7f5c
0027a6f8,002a8ffc
0027a6f8,002ee808
0027a89c,002a7030
0027a910,00291f20
0027a928,00292ee0
0027a928,002965d8
0027a970,002a7030
0027a9ec,00293e74
0027a9ec,00293fa4
0027a9ec,00295f80
0027a9ec,00296060
0027a9ec,002a8134
0027aa40,0027ed1c
0027aa40,00291f20
0027aab8,0027a970
0027aab8,0027aa40
0027aab8,0027ece8
0027aab8,00292984
0027aab8,00293510
0027aab8,002954f4
0027ab48,002a7030
0027abbc,0028ebcc
0027abf0,0027af18
0027abf0,0027b034
0027abf0,00290204
0027abf0,002923f8
0027abf0,00292b60
0027abf0,002965a8
0027abf0,002965d8
0027abf0,002a7030
0027abf0,002f3764
0027ad60,002447a0
0027ad60,00255480
0027ad60,002a7f5c
0027ad60,002a88e4
0027ae7c,0029a360
0027af18,00295f04
0027af18,00295f10
0027af18,00296618
0027af18,002a6188
0027afb8,0021eda4
0027afb8,00270f90
0027afb8,00290578
0027afb8,00290d34
0027afb8,002ee840
0027b034,002a7f5c
0027b034,002a7f64
0027b1b4,0023fef4
0027b1b4,00286904
0027b1b4,00292a24
0027b1b4,00293064
0027b2c8,0027b1b4
0027b2c8,0027b350
0027b350,00291f20
0027b3b0,002a7030
0027b484,0027ece8
0027b484,0027ed1c
0027b484,00291f20
0027b4f0,0027b484
0027b4f0,002876f0
0027b4f0,002954f4
0027b4f0,002a7030
0027b5b8,00145ce8
0027b5b8,00145d08
0027b5b8,001fa104
0027b5b8,002a6188
0027b61c,002a7030
0027b61c,003352b8
0027b680,002218bc
0027b680,002a6030
0027b84c,00269a78
0027b84c,00269b68
0027b84c,00293fa4
0027b84c,002a7f5c
0027b84c,002a8ffc
0027b8f0,001d9078
0027b8f0,001da0c0
0027b8f0,00269a78
0027b8f0,00269b68
0027b8f0,00287714
0027b8f0,0029a3f4
0027b8f0,002a6030
0027b8f0,002a6188
0027b8f0,002a7030
0027b8f0,002a8ffc
0027bb38,002a7030
0027bbd4,00293e74
0027bbd4,00293f64
0027bbd4,00293fa4
0027bbd4,00294718
0027bbd4,00294df8
0027bbd4,002953f4
0027bbd4,002955d0
0027bbd4,00295e1c
0027bbd4,00296060
0027bbd4,002a8ffc
0027bce0,0014a77c
0027bce0,001a81d0
0027bce0,001bba3c
0027bce0,001c5cf8
0027bce0,00294068
0027bce0,002940a0
0027bce0,002940e4
0027bce0,00294198
0027bce0,0029427c
0027bce0,002942d4
0027bce0,00294320
0027bce0,00294718
0027bce0,00294df8
0027bce0,00294e40
0027bce0,0029555c
0027bce0,00295ee4
0027bce0,00295f04
0027bce0,00295f10
0027bce0,00299bd0
0027bce0,00299c28
0027bce0,00299c38
0027bce0,002a6030
0027bce0,002a6188
0027bce0,002a7030
0027bce0,002a8ffc
0027bce0,0032a1d4
0027c114,00229eb0
0027c114,00299c28
0027c114,0029a5bc
0027c114,0029a5c8
0027c114,0029a744
0027c114,0029af70
0027c114,002a7f5c
0027c1cc,00299c28
0027c338,002382b4
0027c338,0023afa4
0027c338,0028a45c
0027c3a8,00278c74
0027c3a8,002876f0
0027c3a8,00291f20
0027c3a8,002a6030
0027c47c,00278a14
0027c47c,0028a468
0027c47c,0028ee48
0027c47c,00291f60
0027c47c,00293e74
0027c47c,00293fa4
0027c47c,00296060
0027c47c,002a8134
0027c47c,002a8ffc
0027c790,001d57b8
0027c790,00278a14
0027c790,00278c74
0027c790,00286f34
0027c790,0029a3d0
0027c790,002a6030
0027c790,002a7030
0027c790,002a8ffc
0027c91c,0028d6b0
0027c91c,0028dd78
0027c91c,0028ee48
0027c91c,00293f64
0027c91c,00293fa4
0027c91c,002a8ffc
0027c978,0028d6b0
0027c978,0028d7b0
0027c978,0028e71c
0027c978,0028eea0
0027c978,002942d4
0027c978,00294b24
0027c978,002a6030
0027c978,002a6188
0027c978,002a7030
0027c978,002a8ffc
0027cb3c,002a7030
0027cbb8,0027a24c
0027cbb8,0027a6f0
0027cbb8,00289a3c
0027cbb8,00289ba0
0027cbb8,0028ee48
0027cbb8,00293e74
0027cbb8,00293f64
0027cbb8,00293fa4
0027cbb8,00295f80
0027cbb8,00296060
0027cbb8,002a8ffc
0027ccb0,0023fef4
0027ccb0,0027a2e0
0027ccb0,0027a5f0
0027ccb0,0027a618
0027ccb0,0027a89c
0027ccb0,0027a910
0027ccb0,0027e61c
0027ccb0,0027ece8
0027ccb0,00286a68
0027ccb0,00289cec
0027ccb0,0028a258
0027ccb0,0028a2b8
0027ccb0,0028cb80
0027ccb0,0028eea0
0027ccb0,00291810
0027ccb0,00291f20
0027ccb0,002923f8
0027ccb0,00292c10
0027ccb0,002942d4
0027ccb0,00294320
0027ccb0,00295ee4
0027ccb0,00295f04
0027ccb0,00295f10
0027ccb0,00296200
0027ccb0,0029654c
0027ccb0,002965a8
0027ccb0,002965d8
0027ccb0,00296618
0027ccb0,00299c38
0027ccb0,0029e630
0027ccb0,002a0964
0027ccb0,002a6030
0027ccb0,002a6188
0027ccb0,002a7030
0027ccb0,002f3764
0027d480,0027cb3c
0027d480,0027cbb0
0027d480,0027ccb0
0027d480,002954f4
0027d480,00295d80
0027d480,002a7030
0027d480,002a8ffc
0027d5a8,002a7030
0027d620,00282cb0
0027d620,002a5ff4
0027d668,00275d0c
0027d668,00275d64
0027d68c,002a7030
0027d700,0027d700
0027d700,00296060
0027d700,002a8ffc
0027d7c8,00293fa4
0027d7c8,002a7f5c
0027d858,0029a3f4
0027d858,002a6188
0027d884,0026a130
0027d884,002875bc
0027d884,002892a4
0027d884,00295d80
0027d908,00209160
0027d908,0021b50c
0027d908,0025bd58
0027d908,002a6030
0027d908,002a7030
0027db30,002a7030
0027dba4,0027db30
0027dba4,0027ece8
0027dba4,002876f0
0027dba4,00291f20
0027dba4,002954f4
0027dc38,0028cb80
0027dc38,00290f90
0027dc38,00292c10
0027dc38,002930d0
0027dc38,002965d8
0027dc38,00296618
0027dc38,002f3764
0027dd68,00295f04
0027dd68,00295f10
0027dd68,002a6188
0027ddb4,0027d700
0027ddb4,00296060
0027ddcc,00293e74
0027ddcc,00293fa4
0027ddcc,00296060
0027de00,002a6e74
0027de00,002a6e8c
0027de00,002a6ea4
0027de64,002a6fe8
0027de64,002a7000
0027de64,002a7018
0027deb4,002a6e74
0027deb4,002a6e8c
0027deb4,002a6ea4
0027df34,0027de00
0027df34,0028eb70
0027df34,002930d0
0027df34,00293e74
0027df34,00293fa4
0027df34,00294348
0027df34,00294b24
0027df34,00295d80
0027df34,00296060
0027df34,00296124
0027e014,00276a38
0027e014,0027df20
0027e014,00294320
0027e014,00295ee4
0027e014,00295f04
0027e014,00295f10
0027e014,002a6188
0027e0d8,00295f04
0027e0d8,00295f10
0027e0d8,002a6188
0027e124,0027e120
0027e124,00296060
0027e124,002a8ffc
0027e1d4,0028eb70
0027e1d4,002930d0
0027e1d4,00294348
0027e1d4,00294b24
0027e1d4,00295d80
0027e1d4,00296124
0027e220,002a6030
0027e220,002a7030
0027e2e0,0026a218
0027e310,0023ffe4
0027e310,002769f4
0027e310,00276b4c
0027e310,0027de64
0027e310,0027deb4
0027e310,0028eb70
0027e310,002930d0
0027e310,00294348
0027e310,00294b24
0027e310,00294bd8
0027e310,00295d80
0027e310,00296124
0027e310,002965d8
0027e310,00296618
0027e448,002a7030
0027e4bc,002a7030
0027e524,00185a5c
0027e524,00293e74
0027e524,00293f64
0027e524,00293fa4
0027e524,00296060
0027e524,002a7f5c
0027e524,002a8ffc
0027e61c,002221ec
0027e61c,002221f4
0027e61c,00245108
0027e61c,00291884
0027e710,002a7f5c
0027e710,002a7f64
0027e890,0028383c
0027e890,002917b4
0027e890,00291810
0027e890,00296200
0027e890,002965d8
0027e890,00296618
0027e890,002a7030
0027ea6c,0023fef4
0027ea6c,00293064
0027eafc,0027ece8
0027eafc,0027ed1c
0027eafc,00291f20
0027eb68,0027eafc
0027eb68,00292984
0027eb68,002954f4
0027eb68,002a7030
0027ec2c,00186b90
0027ec2c,001889f8
0027ec2c,0027a204
0027ec2c,00291f20
0027ece8,002221f4
0027ece8,00245108
0027ece8,00291f20
0027ed28,002a0964
0027ed28,002a7f5c
0027ed28,0037ddd0
0027ee14,0029b4b0
0027ee38,00238d5c
0027ee38,00286a10
0027ee38,0028ee48
0027ee38,00291f60
0027ee38,00293e74
0027ee38,00293fa4
0027ee38,00295f80
0027ee38,00296060
0027ee38,002a7f5c
00280000,00238e2c
00280000,00238ea0
00280000,0023fef4
00280000,0027e61c
00280000,00281674
00280000,00286a68
00280000,002923f8
00280000,0029654c
00280000,002965a8
00280000,002965d8
00280000,00296618
00280000,002a6030
00280000,002a7030
00280000,002f3764
002802d4,0021d828
002802d4,00293510
00280304,002803e0
00280304,00294bd8
00280304,002954f4
002803e0,002a7030
00280454,002a7030
00280508,00286a10
00280508,0028ee48
00280508,00291f60
00280508,00293e74
00280508,00293fa4
00280508,00296060
00280508,002a7f5c
00280678,00286a10
00280678,00291f60
00280678,00293e74
00280678,00293fa4
00280678,00295f80
00280678,00296060
00280678,002a7f5c
00280938,00280a40
00280938,002930d0
00280938,00294bd8
00280938,002954f4
00280938,002a6030
00280a40,002a7030
00280ab4,002a7030
00280ab4,00318438
00280b0c,002a7030
00280b80,00287760
00280b80,00287f70
00280b80,00288178
00280b80,00288f54
00280b80,00293fa4
00280b80,002a8ffc
00280c94,00254438
00280c94,002a81f0
00280d2c,0023f9ac
00280d2c,002a5c34
00280d2c,002a5cec
00280de8,00277058
00280de8,0027707c
00280de8,002773f8
00280de8,00277750
00280e90,00102394
00280ed0,0018a654
00280ed0,002771ac
00280ed0,00277d9c
00280ed0,00277da8
00280ed0,002a6030
00280ed0,002a7030
00280ed0,002a7f5c
00280ed0,002a7f64
00280ed0,002ea16c
00280ed0,002f02a0
00281194,002a7030
0028120c,00277390
0028120c,002773f4
0028120c,002ec1bc
00281240,00277390
00281240,002773f4
00281240,00293fa4
00281240,002a8134
00281284,00277390
00281284,002773f4
00281284,002ec1bc
002812d8,00293fa4
00281318,0026f37c
00281318,0028ee48
00281318,00293e74
00281318,00293fa4
00281318,00295f80
00281318,00296060
00281318,002a8134
00281380,0026a130
00281380,002875bc
00281380,002892a4
00281380,0028d0d0
00281380,0028d0e0
00281380,0028d174
00281380,00295d80
00281380,00371380
00281478,0028a258
00281478,0028eea0
00281478,002a6188
002814a8,00281318
002814a8,00289b54
002814a8,00295d80
002814a8,002a8ffc
0028151c,002a7030
00281600,002a7030
00281674,00290204
00281674,0029024c
00281674,00290264
00281674,002965a8
00281674,002965d8
00281674,00296618
00281818,001e4460
00281818,00237b28
00281818,00245e24
00281818,0029a238
00281818,0029a360
00281818,002a0650
00281818,002a6bac
002818cc,00281940
002818cc,002819b4
002818cc,00292984
002818cc,002954f4
00281940,002a7030
002819b4,0016ec20
002819b4,00291f20
00281a28,0028ebcc
00281ab0,002673c8
00281ab0,002965d8
00281b44,00292a24
00281b84,00292a24
00281b84,002930d0
00281bbc,00291f60
00281bbc,00293e74
00281bbc,00293fa4
00281bbc,00295f80
00281bbc,00296060
00281bbc,002a7f5c
00281bbc,002a8ffc
00281ed4,002a7030
00281ed4,0032acf8
00281f1c,00294320
00281f1c,00295f04
00281f1c,00295f10
00281f1c,002a6188
0028202c,00291fa8
00282090,00169300
00282090,002a7f5c
00282090,002a7f64
00282090,0036fb98
00282298,00292034
00282298,00292040
00282298,00292050
00282298,002a6030
00282298,002a7030
002824c0,00291294
002824c0,002930d0
00282530,002864f0
00282530,00286650
00282530,00292c10
00282530,002930d0
00282530,002965d8
00282530,00296618
00282530,002f3764
00282688,00291f20
00282690,002a7030
00282704,00281bbc
00282704,002863c8
00282704,00293fa4
00282704,002a7f5c
00282704,002a8ffc
002827f0,002863c8
002827f0,00286a10
002827f0,0028ee48
002827f0,0028f45c
002827f0,00291f60
002827f0,00293e74
002827f0,00293f64
002827f0,00293fa4
002827f0,00295f80
002827f0,00296060
002827f0,002a7f5c
002827f0,002a8134
002827f0,002a8ffc
002827f0,002ee808
00282c0c,0029e4ac
00282c0c,002a50d0
00282ce0,001dfad4
00282ce0,001e0370
00282ce0,001e070c
00282ce0,001e0e4c
00282ce0,001e1210
00282ce0,00261a38
00282ce0,0038e300
00283024,001e1ce8
00283024,00283280
00283120,00261508
00283198,00283280
00283280,00305bf4
002832e4,001dfb44
002832e4,001e1dc8
002832e4,00283024
002832e4,00283120
002832e4,00283198
002832e4,00283280
002832e4,0028cfb8
002832e4,0028eb70
002832e4,00295d80
002832e4,002a0324
002832e4,002a8ffc
002832e4,002e6d04
002832e4,002ecc40
002832e4,0038d6c4
002832e4,0038d8d8
002832e4,0038d984
002832e4,0038dc90
002832e4,0038e1c0
002834a0,002a7030
0028354c,002834a0
0028354c,002954f4
002835e0,00295f80
002835e0,002a8ffc
00283658,00296060
0028367c,0023ffe4
0028367c,0028cfb8
0028367c,0028cfec
0028367c,0028eb70
0028367c,00294348
0028367c,00295d80
0028367c,002a7490
0028367c,002e5b28
0028367c,0036f80c
00283784,0028ccf4
00283784,0029114c
00283784,00294320
00283784,00295ee4
00283784,00295f04
00283784,00295f10
00283784,002a6188
00283840,00295f04
00283840,00295f10
00283840,002a6188
002838c0,00284530
002838c0,002850d0
002838c0,00285370
002838c0,002853ac
002838c0,002853d0
002838c0,002a5aa8
002838c0,002a5ac0
002838c0,002a5b48
002838c0,002a5ba0
002838c0,002a67b8
002838c0,002a7d54
002838c0,002a7f5c
00283c20,001e4294
00283c20,00245d7c
00283c20,00245e24
00283c20,002853ac
00283c20,002853d0
00283c20,002a5aa8
00283c20,002a5ba0
00283c20,002a67b8
00283c20,002a7d54
00283eb8,00237b94
00283eb8,00245e24
00283eb8,002853ac
00283eb8,002853d0
00283eb8,002a7d54
00283f58,001ef990
00283f58,001efd14
00283f58,001efda8
00283f58,001efe54
00283f58,001f062c
00283f58,001f09b0
00283f58,00260080
00283f58,002600b4
00283f58,0029f0a8
002841ec,001eef94
002841ec,001eefe0
002841ec,001ef018
002841ec,001ef0a4
002841ec,001ef510
002841ec,001ef5bc
002841ec,001ef61c
002841ec,00285b74
002841ec,00285bd4
00284314,0028d410
0028434c,001efd68
0028434c,001f0a04
0028434c,00260080
0028434c,002600b4
002843d0,002a67b8
00284530,001faadc
00284530,001fac24
00284530,001fe4dc
00284530,00256874
00284530,00258de8
00284530,00259150
00284530,0025b614
00284530,00296a38
00284530,00299498
00284530,002a7030
00284530,002a764c
00284530,002a7f5c
00284530,002a8ffc
00284530,00382ae8
00284530,003ae354
002850d8,002a7f5c
002850d8,002a7f64
00285370,002a5aa8
00285370,002a67b8
002853ac,002a7d54
002853e4,002a0978
00285444,001ef5d4
00285444,0028434c
002854b8,001e4ff4
002854b8,00261444
00285558,001ef480
00285558,0028434c
00285558,00285444
00285558,002854b8
00285558,00285ad0
00285558,00285b74
00285558,00285bd4
00285558,0028d410
00285688,001e35a8
00285688,002853fc
00285688,00285434
00285688,00285444
00285688,002854b8
00285688,00285944
00285688,002859e0
00285688,0028d410
00285688,002a54e8
00285944,001e4688
00285944,00261444
00285944,002a69e8
002859e0,001e363c
002859e0,002843d0
002859e0,00285444
002859e0,002854b8
002859e0,0028d410
00285ad0,001efb58
00285ad0,001f07f4
00285ad0,00260080
00285ad0,002600b4
00285ad0,002600e8
00285ad0,0029f0a8
00285ad0,002a8f8c
00285b74,001efef0
00285b74,001f0a84
00285b74,002600e8
00285b74,0029f0a8
00285b74,002a8f1c
00285bf8,00240570
00285bf8,002408b0
00285bf8,0028eb70
00285bf8,00293fa4
00285bf8,00295d80
00285bf8,002a8134
00285bf8,002efa60
00285cd0,00294320
00285cd0,0029e630
00285cd0,002a6188
00285cd0,002efa14
00285d3c,002408d8
00285d3c,0028ebe8
00285d3c,00295f50
00285d3c,002ec124
00285df0,002a7f5c
00285df0,002a7f88
00285df0,002a8f8c
00285ebc,002405a8
00285ebc,002965d8
00285ebc,002a7f5c
00285ebc,002a7f64
00285ebc,002a81f0
00285ebc,002a8f8c
00285ebc,002a9020
00285ebc,002eac84
002861f0,002a7f5c
002863cc,002863c8
002863cc,00293fa4
002863cc,00296060
002863cc,002a8ffc
002864f0,00286650
002864f0,00290f90
002864f0,002923f8
002864f0,002965d8
002864f0,00296618
002864f0,002f3764
00286650,00295d80
00286650,002a6030
00286650,002a7030
00286650,002a7490
00286650,002ee6c0
00286754,00290204
00286754,0029024c
00286754,00290264
00286754,002965d8
00286754,00296618
0028689c,00295f04
0028689c,00295f10
0028689c,002a6188
002868ec,00291f20
00286904,0023fef4
00286904,00293064
00286948,00286948
00286948,00296060
00286948,002a8ffc
00286a10,00295f80
00286a10,00296060
00286a10,00296124
00286a10,002961ac
00286a68,00295f48
00286ad0,00292034
00286ad0,00292040
00286ad0,00292050
00286ad0,002a6030
00286ad0,002a7030
00286ce8,002965a8
00286ce8,002965d8
00286d64,0023fef4
00286d64,002961f4
00286d64,00296200
00286d64,0029654c
00286d64,002965a8
00286d64,002965d8
00286d64,00296618
00286d64,002a7030
00286f54,0021eb34
00286f54,0021eba8
00286f54,0021eca0
00286f54,002954f4
00286fdc,0026a218
00287048,00295f48
002870b0,0021eb34
002870b0,0021eca0
002870b0,00290578
002870b0,00290d34
002870b0,00290d6c
002870b0,002954f4
00287164,002923f8
00287164,00292c10
00287164,0029a184
00287164,0029a238
00287164,0029a3d0
00287164,0029a3f4
00287164,002f3764
0028724c,002923f8
0028724c,00292c10
0028724c,0029a184
0028724c,0029a238
0028724c,0029a3d0
0028724c,0029a3f4
0028724c,002f3764
00287330,0028f090
00287330,00299f50
00287330,0029a360
00287330,002a6030
00287330,002a7030
00287330,002a7f5c
00287590,002892a4
00287590,00295d80
002875bc,002f36bc
002875e4,002876f0
002875e4,00291f20
002875e4,002954f4
002875e4,002a7030
002876f0,00292984
00287714,002221ec
00287714,002221f4
00287714,00245108
00287764,00286948
00287764,00296060
00287778,00145fbc
00287778,00292c10
00287778,002a7f5c
00287778,002f3764
00287858,001680ec
00287858,001b1240
00287858,00286754
00287858,0028689c
00287858,002868ec
00287858,00286a68
00287858,00286ad0
00287858,00286ce8
00287858,00286d64
00287858,00291810
00287858,00291f20
00287858,002923f8
00287858,00292600
00287858,00292620
00287858,00295f04
00287858,00295f10
00287858,002965a8
00287858,002965d8
00287858,00296618
00287858,0029e630
00287858,002a6030
00287858,002a6188
00287858,002a7030
00287858,002a7f64
00287858,002f3764
00287858,00370ab4
00287f68,0021d828
00287f70,00199e7c
00287f70,00286a10
00287f70,00291f60
00287f70,00293e74
00287f70,00293fa4
00287f70,00296060
00287f70,002a7f5c
00287f70,002a8ffc
00288104,002a7030
00288180,00286a10
00288180,00287760
00288180,00289ba0
00288180,00291f60
00288180,00293e74
00288180,00293fa4
00288180,00295f80
00288180,00296060
00288180,002a8134
00288180,002a8ffc
00288338,001680a4
00288338,0023fef4
00288338,00286a68
00288338,00286ad0
00288338,00286ce8
00288338,00286d64
00288338,00287164
00288338,0028724c
00288338,00287760
00288338,0028a258
00288338,002917a4
00288338,00291810
00288338,00291f20
00288338,00291fa8
00288338,002923f8
00288338,00292620
00288338,00292c10
00288338,00292ee0
00288338,00293064
00288338,00295f04
00288338,00295f10
00288338,00296200
00288338,002965d8
00288338,00296618
00288338,0029e630
00288338,002a6030
00288338,002a6188
00288338,002a7030
00288338,002a8ffc
00288338,002f3764
00288f54,00286a10
00288f54,00291f60
00288f54,00293e74
00288f54,00293fa4
00288f54,00296060
00288f54,002a7f5c
00288f54,002a8134
002890b0,0028cfec
002890b0,00296060
002890b0,00296124
002890b0,002ee808
00289100,0028ccf4
00289100,00295f04
00289100,00295f10
00289100,002a6188
0028915c,0028cfec
0028915c,00296124
0028915c,00296618
0028915c,002a7490
0028915c,002ebd6c
0028915c,002ee808
0028920c,0020b060
0028920c,002532d4
00289258,002382b4
00289258,0028a45c
00289280,002382b4
00289280,0028a45c
002892a4,0028eb70
002892a4,00295d80
002892a4,00296124
002892a4,002961ac
002892f8,002a7030
0028936c,002382b4
0028936c,0028a45c
00289394,00286a10
00289394,00291f60
00289394,00293e74
00289394,00293fa4
00289394,00295f80
00289394,00296060
00289394,002a7f5c
00289394,002a8ffc
0028954c,0016c6a0
0028954c,00220824
0028954c,0027de00
0028954c,00285bf8
0028954c,00286a10
0028954c,00293e74
0028954c,00293f64
0028954c,00293fa4
0028954c,00295f80
0028954c,00296060
0028954c,00299b78
0028954c,00299bd0
0028954c,00299c28
0028954c,00299c38
0028954c,002a8ffc
0028954c,002df080
0028954c,0036bf00
00289834,002a685c
00289834,002a68ec
00289834,00352a80
0028985c,002a8ffc
00289914,002a7030
00289914,00312754
00289990,002a7030
00289a3c,002696f8
00289a3c,002853fc
00289a3c,002a7f5c
00289a3c,002c55fc
00289a3c,002c5894
00289a3c,002c5a04
00289b54,002875bc
00289b54,002892a4
00289b54,0028ee48
00289b54,00293fa4
00289b54,00295d80
00289ba0,0027d7c8
00289ba0,00293e74
00289ba0,00293fa4
00289ba0,00296060
00289ba0,002a7f5c
00289c30,002221f4
00289c30,00245108
00289c5c,002a7030
00289c5c,00311550
00289ca4,00278240
00289ca4,002a7030
00289cec,002696f8
00289cec,002a54e8
00289cec,002c548c
00289cec,002c64c0
00289d98,00276814
00289d98,00349f94
00289dd0,002382b4
00289e1c,002333a4
00289e1c,002333e0
00289e1c,00264054
00289e1c,002a7f5c
00289e1c,002a8ffc
00289f98,00236b80
00289f98,002a6030
00289f98,002a6188
00289f98,002a7030
00289f98,002a7f64
00289f98,002a8ffc
0028a258,0027d854
0028a258,00295ee4
0028a258,00295f04
0028a258,00295f10
0028a258,0029a3f4
0028a258,002a6188
0028a2b8,00285434
0028a2b8,002a7f64
0028a2b8,002c6590
0028a35c,002a7030
0028a414,00102430
0028a470,00293e74
0028a470,00293f64
0028a470,00293fa4
0028a470,00296060
0028a470,002a8ffc
0028a470,003517a0
0028a52c,002853fc
0028a52c,00286a10
0028a52c,00289a3c
0028a52c,00291f60
0028a52c,00293e74
0028a52c,00293f64
0028a52c,00293fa4
0028a52c,00296060
0028a6d4,002382b4
0028a6f0,0029ffe4
0028a6f0,002a5c34
0028a6f0,002a5cec
0028a748,002a0278
0028a760,002382b4
0028a788,002382b4
0028a7b4,00238028
0028a7b4,002380d8
0028a7b4,0023822c
0028a7b4,002a7030
0028a7b4,002eef54
0028a934,0027b81c
0028a934,0028a7b4
0028a934,0028cb3c
0028a934,0034e8ac
0028a994,0023822c
0028a994,002ef18c
0028a994,002ef1b0
0028a9d0,001a4318
0028a9d0,00221768
0028a9d0,002218bc
0028a9d0,00294768
0028a9d0,002a0964
0028a9d0,002a6030
0028ab5c,002a7f5c
0028b058,00148f3c
0028b058,0014c624
0028b058,0015278c
0028b058,00153b30
0028b058,00154c60
0028b058,00155638
0028b058,001556d0
0028b058,00155810
0028b058,00158588
0028b058,00159608
0028b058,0015a7a8
0028b058,0015b0d4
0028b058,0015b148
0028b058,0015d340
0028b058,0015e0e0
0028b058,0015e728
0028b058,0015f8d8
0028b058,0015ffe0
0028b058,001e6118
0028b058,002210b0
0028b058,00221124
0028b058,002214f4
0028b058,00221550
0028b058,0023ffe4
0028b058,00269230
0028b058,00276a38
0028b058,0027e61c
0028b058,0027ece8
0028b058,00281674
0028b058,00283670
0028b058,00285cd0
0028b058,00285d3c
0028b058,00285df0
0028b058,00285ebc
0028b058,0028689c
0028b058,00286904
0028b058,00286a68
0028b058,00286ad0
0028b058,00286d64
0028b058,002876f0
0028b058,0028d174
0028b058,0028d410
0028b058,0028fc40
0028b058,00290cb8
0028b058,00290f04
0028b058,00291810
0028b058,00291f20
0028b058,00291fa8
0028b058,002923f8
0028b058,00292620
0028b058,00292ee0
0028b058,0029373c
0028b058,00293814
0028b058,00293db8
0028b058,00293dd4
0028b058,00293e40
0028b058,00295ee4
0028b058,00295f04
0028b058,00295f10
0028b058,0029654c
0028b058,002965d8
0028b058,00296618
0028b058,0029e630
0028b058,002a6030
0028b058,002a6188
0028b058,002a7030
0028b058,002a7f5c
0028b058,002a7f64
0028b058,002a81f0
0028b058,002a8938
0028b058,002a8ffc
0028b058,002a9020
0028b058,002f3764
0028b058,00357ec0
0028b058,0035a40c
0028b058,0035bbb4
0028b058,0035c868
0028b058,0035d078
0028b058,0037d564
0028b058,0037d5c8
0028b058,00381b18
0028c860,002382b4
0028c870,002382b4
0028c870,002a7f64
0028c870,002a81f0
0028c870,002a9020
0028cac8,002a7030
0028cb3c,0023f94c
0028cb3c,002a02a4
0028cb80,0021e7dc
0028cb80,00245054
0028cb80,00290f90
0028cb80,002923f8
0028cb80,002965d8
0028cb80,002f3764
0028cc54,002a685c
0028cc54,002a68ec
0028cc54,00352648
0028cc54,00352a80
0028ccf4,00294320
0028cdb4,0024d130
0028ce4c,0024d7cc
0028ce4c,0029ca50
0028ce4c,0029daa8
0028ce4c,0029e654
0028ce4c,002a0b48
0028ce4c,0038cd24
0028cf70,002a7030
0028cf70,003461c8
0028cfb8,0029daa8
0028cfec,002a1b5c
0028cfec,002ee73c
0028d054,0021e7dc
0028d054,00245054
0028d054,00290f90
0028d054,002965d8
0028d0e0,002612a4
0028d0e0,002612f4
0028d0e0,002a685c
0028d0e0,002a68ec
0028d174,002612a4
0028d174,002612f4
0028d174,002a685c
0028d174,002a68ec
0028d200,002a6030
0028d200,002a7000
0028d200,002a7018
0028d200,002a7030
0028d200,002ef50c
0028d3ec,001e81d4
0028d420,002747e4
0028d458,0028d678
0028d458,002a81f0
0028d458,002a8f8c
0028d4cc,00147318
0028d4cc,0028d0e0
0028d4cc,0028d174
0028d4cc,0028d200
0028d4cc,0028d2d8
0028d4cc,0028d3a0
0028d4cc,0028d3b0
0028d4cc,0028d3bc
0028d4cc,0028d3cc
0028d4cc,0028d3dc
0028d4cc,0028d3ec
0028d4cc,0028d400
0028d4cc,0028d420
0028d4cc,002a0964
0028d4cc,0033c5d0
0028d6b4,0026ef3c
0028d6b4,00291f60
0028d6b4,00293e74
0028d6b4,00293fa4
0028d6b4,00296060
0028d6b4,002a8134
0028d7b0,0026efb0
0028d7b0,00281674
0028d7b0,0028689c
0028d7b0,00286a68
0028d7b0,00286ad0
0028d7b0,00287714
0028d7b0,00290204
0028d7b0,00291810
0028d7b0,00291f20
0028d7b0,002923f8
0028d7b0,00292620
0028d7b0,00292b60
0028d7b0,00294320
0028d7b0,00295f04
0028d7b0,00295f10
0028d7b0,002965a8
0028d7b0,002965d8
0028d7b0,00296618
0028d7b0,00299c38
0028d7b0,0029e630
0028d7b0,002a6030
0028d7b0,002a6188
0028d7b0,002a7030
0028d7b0,002f3764
0028dd78,00286a10
0028dd78,0028ee48
0028dd78,0028f45c
0028dd78,00293e74
0028dd78,00293fa4
0028dd78,00295f80
0028dd78,00296060
0028dd78,002a8ffc
0028dd78,002ee808
0028dec8,0022049c
0028dec8,00220df0
0028dec8,0028367c
0028dec8,00283784
0028dec8,00286a68
0028dec8,00286d64
0028dec8,00287714
0028dec8,0028a45c
0028dec8,0028cb80
0028dec8,0028eea0
0028dec8,00290f90
0028dec8,00291810
0028dec8,00291f20
0028dec8,002923f8
0028dec8,00292c10
0028dec8,00295ee4
0028dec8,00295f04
0028dec8,00295f10
0028dec8,00296200
0028dec8,002965d8
0028dec8,00296618
0028dec8,00299c38
0028dec8,002a6030
0028dec8,002a6188
0028dec8,002a7030
0028dec8,002ebd6c
0028dec8,002ee808
0028dec8,002f3764
0028e64c,00239be8
0028e64c,0028eb70
0028e64c,00295d80
0028e64c,00296124
0028e64c,002961ac
0028e71c,002a7030
0028e790,001e5180
0028e790,002a6b44
0028e790,002a6bac
0028e7c4,00237b94
0028e7c4,00245e24
0028e7c4,0029a238
0028e7c4,0029a360
0028e7c4,002a0650
0028e804,001e948c
0028e804,0022b48c
0028e804,00230088
0028e804,00261d04
0028e804,002a5260
0028e854,001e9ab8
0028e854,0022b48c
0028e854,0022bbf0
0028e854,0022bc20
0028e854,00230088
0028e854,00261ba8
0028e854,00261c8c
0028e854,002a5260
0028e8ec,0026a218
0028e958,00295f48
0028e9c0,00295f50
0028ea10,0023ffe4
0028ea10,00295ee4
0028ea10,00295f04
0028ea10,00295f10
0028ea10,00296618
0028ea10,002a6188
0028eb70,00290c00
0028eb70,00295d80
0028ebe8,002ec11c
0028ec40,00291f60
0028ec40,00293e74
0028ec40,00293fa4
0028ec40,00295f80
0028ec40,00296060
0028ed54,00293e74
0028ed54,00293fa4
0028ed54,00295f80
0028ed54,00296060
0028ed54,002a7f5c
0028ed54,002a8ffc
0028ee48,00293e74
0028ee48,00293fa4
0028ee48,00295f80
0028ee48,00296060
0028ee78,001e97dc
0028eea0,00291810
0028eea0,00295ee4
0028eea0,00295f04
0028eea0,00295f10
0028eea0,002a6188
0028ef08,00291810
0028ef08,00292620
0028ef08,00295ee4
0028ef08,00295f04
0028ef08,00295f10
0028ef08,002a6188
0028f004,00285df0
0028f01c,00239be8
0028f048,00295f48
0028f070,00270298
0028f090,0023ffe4
0028f090,0028eb70
0028f090,002923f8
0028f090,00296124
0028f090,00296618
0028f090,002f3764
0028f158,00239be8
0028f188,002892a4
0028f188,0028f2bc
0028f188,00295d80
0028f1d0,00291f20
0028f1d0,002954f4
0028f1d0,002a7030
0028f2d0,002a7030
0028f344,002876f0
0028f344,00291f20
0028f344,002954f4
0028f344,002a7030
0028f45c,0029daa8
0028f498,001023cc
0028f498,002a7e38
0028f498,002a7f5c
0028f498,002a7f64
0028f498,002a81f0
0028f498,002a8f8c
0028f498,002a9020
0028f6e4,0021a05c
0028f6e4,002a8ffc
0028f798,001a7a60
0028f798,0028cf70
0028f798,0028fdc8
0028f798,00295d80
0028f798,002a6030
0028f798,002a7030
0028f798,002a7f5c
0028fa04,0028fa90
0028fa04,002a7f5c
0028fa04,0037ebc8
0028fa90,0028cf70
0028fa90,0028fc54
0028fa90,00295d80
0028fa90,002a6030
0028fa90,002a7030
0028fc54,0028cdb4
0028fc54,0028ce4c
0028fc54,00290264
0028fc54,00290fa8
0028fc54,00292b48
0028fc54,002965d8
0028fc54,002ebd6c
0028fc54,002ee808
0028fdc8,0027ae7c
0028fdc8,00280c90
0028fdc8,0028cdb4
0028fdc8,0028ce4c
0028fdc8,0028f494
0028fdc8,0028f6d4
0028fdc8,002912e8
0028fdc8,002965d8
0028fdc8,002a7030
0028fdc8,002a7f5c
0028fdc8,002a8ffc
0028fdc8,002ebd6c
0028fdc8,002ee808
0028fdc8,002f3764
0029028c,00285bf8
0029028c,00296060
002902bc,00285cd0
002902bc,00295f04
002902bc,00295f10
002902bc,002a6188
002903a0,002a6030
002903a0,002a7030
00290504,002a7030
00290578,002954f4
00290578,002a7030
00290670,00270f90
002906d4,0010f140
002906d4,001e793c
002906d4,002a6bac
002907f8,0028d0ac
002907f8,002908d0
002907f8,00291884
002907f8,00291f20
002908d0,0028cda4
002908d0,0028ebe8
002908d0,00290cb8
002908d0,00295f50
002908d0,002ec124
00290944,002904e8
00290944,002a6188
00290a0c,0028cda4
00290a0c,0028ebe8
00290a0c,002ec124
00290a88,0023f6e8
00290a88,00295d80
00290a88,002a6030
00290bb4,0023f630
00290bb4,00276964
00290bf8,00295d80
00290c00,00290cb8
00290c00,002ec188
00290c60,002ec11c
00290ccc,00291294
00290ccc,002930d0
00290d08,0023f4ec
00290dac,002923f8
00290dac,002f3764
00290e2c,00290578
00290e2c,00290670
00290e2c,00291f20
00290e6c,0023fef4
00290e6c,00290ea8
00290ea8,0023facc
00290f04,0027707c
00290f50,002a7b98
00290fb8,0028f45c
00290fb8,00293fa4
00290fb8,002a7f5c
00290fb8,002a8ffc
00291174,0028cdb4
00291174,0028ce4c
00291174,0028f494
00291174,0028f6d4
00291174,002a7f5c
00291174,002ebd6c
00291174,002ee808
00291294,0023fe78
00291294,002a5d88
00291294,002a5da8
00291294,002ec2d8
00291304,00269d00
00291304,0027ed28
00291304,00292c10
00291304,00299f50
00291304,0029a3f4
00291304,002a7f5c
00291304,002f370c
00291304,0036dda8
00291304,0036dfe0
00291304,0036e558
00291304,0036e9d8
00291668,0021e448
00291668,00281588
00291668,00290264
00291668,002965a8
00291810,00294320
00291810,00295ee4
00291810,002a6188
00291810,002efa14
00291884,002408b0
00291884,0028ebe8
00291884,00295d80
00291884,002ec124
00291910,00291f20
00291910,002954f4
00291910,002a7030
002919d4,0023afa4
002919d4,0028a45c
00291a18,0026cd80
00291a18,0033622c
00291afc,001c7510
00291afc,002a7030
00291d30,0027ece8
00291d30,00291f20
00291d30,00296200
00291d30,002a6030
00291d30,002a7030
00291d30,00350be8
00291f60,00293fa4
00291f60,00295d80
00291fa8,0021ebc0
00291fa8,0021ecd4
00291fa8,0021ed5c
00291fa8,00290bb4
00292050,001742c4
00292050,00174608
00292050,0021eb34
00292050,0021ed54
00292050,002769f4
00292050,002903a0
00292050,002904e8
00292050,00290578
00292050,00290a88
00292050,00290bf8
00292050,00290d34
00292050,00290d6c
00292050,00295d80
00292050,002965d8
00292050,002a6030
00292050,002a7030
00292050,002f064c
002923e4,00169a9c
002923f8,002c8d20
002923f8,002f0294
002923f8,0037dd38
002923f8,0037dd70
00292624,00276a38
00292624,0029093c
00292624,00294320
00292624,00295ee4
00292624,00295f04
00292624,00295f10
00292624,002a6188
00292624,002eb318
002926dc,002a685c
002926dc,002a68ec
002926dc,00352210
00292738,0021b0f4
00292780,002f0690
00292780,002f06cc
002927ec,002f7e58
0029286c,0021ebc0
0029286c,0021ecd4
0029286c,0021ed5c
0029286c,00290bb4
0029286c,00290d34
0029286c,00290da0
0029286c,002f087c
0029286c,002f08f8
00292960,002819b4
00292984,0021ecd4
00292984,00290578
00292984,00290d34
00292984,00290d6c
002929e0,00292a24
002929e0,002930d0
00292a60,002a685c
00292a60,002a68ec
00292a60,00352568
00292a90,002926dc
00292a90,00292738
00292a90,002932cc
00292b60,0021b644
00292b60,002ee5c4
00292b60,002ee810
00292b60,003764e4
00292b60,0037d914
00292c10,002a0964
00292c5c,0023e950
00292c5c,00293460
00292c5c,002f62a8
00292d1c,0021eb34
00292d1c,00290578
00292d1c,00290d34
00292d1c,00290d6c
00292d1c,002954f4
00292d1c,002eb2e8
00292dcc,00292e20
00292dcc,00293230
00292e20,00290d08
00292e20,002f0f08
00292ee0,0021b644
00292ee0,0023fae8
00292ee0,002a7490
00292ee0,002ee810
00292ee0,00375160
00293064,0023facc
002930e0,00292a60
002930e0,00292a90
002930e0,00292b48
002930e0,00292b60
002930e0,00292c10
002930e0,002965d8
002930e0,002f3764
002930e0,002f8328
00293230,00292984
00293230,002f7dcc
002932cc,00285df0
002932cc,00290c00
002932cc,00290c60
002932cc,00291f20
002932cc,00295d80
002932cc,002ef560
00293390,0027eafc
00293390,0027eb68
00293390,0027ece8
00293390,00292984
00293390,00292d1c
00293390,00293460
00293460,0021eb34
00293460,0021ecd4
00293460,00290578
00293460,00290d34
00293460,00290d6c
00293460,002954f4
00293510,0021d7a0
0029351c,0029028c
00293558,0023fef4
00293558,00285d3c
00293558,00285df0
00293558,00285ebc
00293558,00290f90
00293558,002917a4
00293558,002965a8
00293558,002965d8
00293558,00296618
00293558,002a7030
0029373c,00269d00
0029373c,00299f50
0029373c,0029a360
002937e0,0021b50c
002937f8,0021d790
00293814,0029a3f4
002938a8,002902b8
002938ec,002eabd8
00293920,002923e4
00293920,002923f8
00293920,00292b60
00293920,00292c10
00293920,002938a8
00293920,00295f04
00293920,00295f10
00293920,002965a8
00293920,00296618
00293920,002a6188
00293920,002f3764
00293ae8,002912e8
00293ae8,00291668
00293ae8,002923e4
00293ae8,002923f8
00293ae8,00292b60
00293ae8,002938a8
00293ae8,00293cdc
00293ae8,00295f04
00293ae8,00295f10
00293ae8,002965a8
00293ae8,00296618
00293ae8,002a6188
00293ae8,002f3764
00293ca4,003712b0
00293d04,00292a24
00293d38,0023fef4
00293d38,00293064
00293d38,002930d0
00293e10,00291f20
00293e60,00293e74
00293e74,00293fa4
00293e88,0023e498
00293e88,0023e6c4
00293e88,00281bbc
00293e88,00293fa4
00293e88,002a7f5c
00293e88,002a8ffc
00293f64,001a4868
00293f64,0028ee48
00293f64,00293fa4
00293f64,002ebd58
00293f64,002f3aa4
00293fa4,002a03e0
00293fa4,002a5d88
00293fa4,002a5da8
00294068,00276814
00294068,00349f94
002940a0,00247040
002940e4,001e9774
002940e4,00298b10
002940e4,0029e630
002940e4,002a8ef8
00294198,00263b1c
00294198,00263b88
00294198,002a7030
002942d4,001a4780
002942d4,0028eea0
002942d4,002a6188
002942d4,002ebd30
002942d4,002f3a90
00294348,0027455c
00294348,0028eb70
00294348,002930d0
00294348,00295d80
00294348,00296124
00294394,0023ffe4
00294394,00295d80
002943f0,00269500
002943f0,00277ddc
002943f0,00277fdc
002943f0,00278104
002943f0,002786f8
002943f0,00289cec
002943f0,0028a2b8
002943f0,002942d4
002943f0,00294320
002943f0,00295ee4
002943f0,00295f04
002943f0,00295f10
002943f0,00296618
002943f0,00299b78
002943f0,00299bd0
002943f0,00299c38
002943f0,002a6030
002943f0,002a6188
002943f0,002a7030
002943f0,002a7f5c
002943f0,002a8ffc
0029471c,00293e74
0029471c,00293fa4
0029471c,00296060
00294768,00147148
00294768,00221768
00294768,002218bc
00294768,00287824
00294768,0029427c
00294768,002a6030
00294768,002a7030
00294768,0032a100
00294b24,002a6e74
00294b24,002a6e8c
00294b24,002a6ea4
00294b84,002a7030
00294bd8,0023ffe4
00294bd8,0027455c
00294bd8,00286650
00294bd8,0028eb70
00294bd8,002930d0
00294bd8,00295d80
00294bd8,00296124
00294bd8,002965d8
00294bd8,00296618
00294bd8,002a6030
00294bd8,002a7030
00294e00,0027a24c
00294e00,00293e74
00294e00,00293fa4
00294e00,00295f80
00294e00,00296060
00294e40,0023ffe4
00294e40,0027a2e0
00294e40,00285dd8
00294e40,00286a68
00294e40,0028cb80
00294e40,00291810
00294e40,002923f8
00294e40,00295ee4
00294e40,00295f04
00294e40,00295f10
00294e40,00296200
00294e40,00296618
00294e40,00299c38
00294e40,0029e630
00294e40,002a6030
00294e40,002a6188
00294e40,002a7030
00294e40,002f3764
002953fc,00286a10
002953fc,00291f60
002953fc,00293e74
002953fc,00293fa4
002953fc,00296060
002953fc,002a8134
0029555c,002a7030
002955d0,00286a10
002955d0,00291f60
002955d0,00293e74
002955d0,00293f64
002955d0,00293fa4
002955d0,00296060
002955d0,002a7f5c
00295900,0014a77c
00295900,001e3270
00295900,001e3738
00295900,0028dd78
00295900,0028dec8
00295900,0028e64c
00295900,0028e71c
00295900,00294b24
00295900,002954f4
00295900,002a7030
00295900,002a8ffc
00295900,0036f5b4
00295d80,002a03e0
00295d80,002a5d88
00295d80,002a5da8
00295e20,002786f8
00295e20,00289a3c
00295e20,00293e74
00295e20,00293f64
00295e20,00293fa4
00295e20,00296060
00295e20,002a8ffc
00295ee4,002a6188
00295f50,0023fee8
00295f80,00240570
00295f80,002408b0
00295f80,0028eb70
00295f80,00293e74
00295f80,00293fa4
00295f80,002efa60
00296044,00293e74
00296044,00295f80
00296060,00293fa4
00296060,00296124
00296060,002a7f5c
00296060,002ebff8
00296060,002ec574
0029610c,002961ac
00296124,00295d80
00296124,002a7f88
00296124,002ec52c
002961ac,00240570
002961ac,002408b0
002961ac,0028eb70
00296200,002405a8
00296200,002965d8
00296200,002a7f5c
00296200,002a7f64
00296200,002a81f0
00296200,002a8f8c
00296200,002a9020
00296200,002ea584
0029654c,0027707c
002965a8,0021b644
002965d8,0023ff00
00296618,0023f75c
00296618,00296124
00296618,002a6030
00296618,002a7030
00296618,002a7f5c
00296618,002a7f64
00296618,002a7f88
00296618,002a81f0
00296618,002a8f8c
00296618,002a9020
00296618,002c6458
00296618,002c83f4
00296618,002ebf30
00296618,002efebc
00296a38,001e8e30
00296a70,002a7dc8
00296a70,002a8990
00296a8c,00299508
00296a8c,0029b468
00296dfc,00299508
00296dfc,0029b468
00297170,00299508
00297170,0029955c
00297170,00299724
00297170,0029b468
00297170,00382b20
00297980,00120ff0
00297980,0029b1f8
00297980,0029c3e0
00297a0c,00297fa8
00297a0c,0029b1f8
00297a0c,0029b410
00297a0c,002a81f0
00297bc4,00278500
00297bc4,002a8ffc
00297fa8,0029b1f8
00297fa8,0029b410
00297fa8,002a7b94
00297fa8,002a81f0
00298028,0029bed6
00298028,0038fb4c
00298154,00120ff0
00298154,0029b1f8
00298154,0029b410
00298154,0029c3e0
00298154,002a81f0
00298394,001f0b44
00298394,001f1820
00298394,0022e18c
00298394,00282cb0
00298394,0029e630
00298458,00299508
00298458,0029b468
002988a0,0029b468
002989d8,0029b468
00298b18,002a6e2c
00298b6c,00103798
00298b74,002a7f5c
00298b74,002a892c
00298b74,002a8ef8
00298b74,002a8ffc
00298c14,002177e0
00298c14,002a73a0
00298c14,002a7f88
00298c14,002a81f0
00298c14,002a88e4
00298c14,002a8cdc
00298f28,002a7218
00298f28,002a7f64
00298f28,002a81f0
00298f28,002a892c
00298f28,002a8d68
00298f28,002a8ef8
00298f28,002a8ffc
00299208,002a7e38
00299418,00299360
00299418,0029b4b0
00299498,001e8ea0
00299498,001e9fec
0029955c,0021af74
0029955c,0021b0b8
0029955c,0021b0c8
0029955c,0029bed6
0029972c,0021af74
0029972c,0029bed6
002998a0,0010f140
002998a0,002a6bac
002998d8,002a7d24
00299aee,002998d8
00299b78,00247040
00299bd0,00247040
00299c38,00276b7c
00299c38,002a7030
00299c38,002a7f5c
00299c38,002a7f64
00299c38,002a8ffc
00299c38,002def78
00299c38,003ab948
00299f50,00254438
00299f50,00269d00
00299f50,0029d77c
00299f50,002a81f0
00299f50,002a9020
0029a18c,0023f1f8
0029a18c,00269d00
0029a18c,00299f50
0029a18c,002a0964
0029a238,002a7f5c
0029a29c,00299f50
0029a29c,002a7f5c
0029a360,00254438
0029a360,002a0964
0029a360,002a81f0
0029a404,001e7938
0029a404,0029a488
0029a404,0029a5a4
0029a578,002a8c68
0029a578,002a8c7e
0029a5bc,00245d20
0029a5c8,001e56cc
0029a5c8,00245d7c
0029a5c8,0029a238
0029a5c8,0029a360
0029a5c8,002a0650
0029a5c8,002a5aa8
0029a5c8,002a5ba0
0029a5c8,002a67b8
0029a5c8,002a6bac
0029a6fc,00247040
0029a744,00247040
0029a7a4,001e7938
0029a7a4,002467a4
0029a7a4,002843d0
0029a7a4,00309634
0029a7cc,001e7938
0029a7cc,0029a488
0029a7cc,0029a578
0029a7cc,0029a5a4
0029a7cc,002a7b94
0029a7cc,002a7f88
0029a7cc,002a88e4
0029a7cc,002a8f8c
0029a7cc,002f115c
0029a7cc,002f382c
0029a7cc,00350a58
0029a7cc,0036c388
0029aaf8,00237b94
0029aaf8,00245e24
0029aaf8,0029a238
0029aaf8,0029a360
0029aaf8,002a0650
0029aaf8,002a5aa8
0029aaf8,002a5ac0
0029aaf8,002a5b48
0029aaf8,002a5ba0
0029aaf8,002a67b8
0029aaf8,002a6bac
0029aaf8,002a6dd8
0029aaf8,002a7f5c
0029aaf8,002a7f64
0029af88,001e78a4
0029af88,0029a488
0029af88,002a8f8c
0029b004,00120ff0
0029b2d4,0029b1f8
0029b2d4,0029b410
0029b318,0029b380
0029b478,00120ff0
0029b4b0,00122748
0029becc,002a8990
0029bed6,002a8990
0029bee4,0029bef4
0029bff8,002a6010
0029bff8,002a6020
0029c04c,00121618
0029c04c,0029cf24
0029c144,002a67b8
0029c3e0,002a7b98
0029c448,001213dc
0029c4ac,0029c500
0029c6cc,0011ce1c
0029c6cc,0011ce2c
0029c6cc,0029fc50
0029c85c,00121774
0029ca50,00120864
0029ca54,002a81f0
0029cb10,00120830
0029cb14,0029cb70
0029cb14,00375220
0029cbbc,0029c420
0029cbbc,002a685c
0029cbbc,002a68ec
0029ccb4,00120b34
0029ccb4,00120bd4
0029ccb4,00120ff0
0029ccb4,002a5040
0029ccb4,002a67b8
0029ccb4,002a6c00
0029ccb4,002a6c70
0029cea8,00120d14
0029cea8,002a5040
0029cea8,002a6c00
0029cea8,002a6c70
0029cea8,002a6e2c
0029cf44,00120198
0029cf98,00120118
0029cfe0,0011c4c8
0029d078,002a685c
0029d084,002a68ec
0029d0a0,0029d078
0029d0a0,0029d084
0029d0a0,0029d090
0029d10c,0029d078
0029d10c,0029d084
0029d10c,0029d090
0029d198,0029d078
0029d198,0029d084
0029d198,0029d090
0029d224,0029d078
0029d224,0029d084
0029d224,0029d090
0029d29c,0029d078
0029d29c,0029d084
0029d29c,0029d090
0029d2fc,0029d078
0029d2fc,0029d084
0029d2fc,0029d090
0029d468,0029d078
0029d468,0029d084
0029d468,0029d090
0029d56c,0029c500
0029d64c,00120ff0
0029d64c,002a7d24
0029d6dc,002a7d24
0029d77c,0011c294
0029d78c,0011ce1c
0029d78c,0011ce2c
0029d78c,0029fc50
0029d864,00120860
0029d864,0029c1a4
0029daa8,0029e130
0029daa8,0029e218
0029e080,002a7b94
0029e2a8,002a7b94
0029e370,002a7b94
0029e408,002a7b98
0029e4ac,002a50d0
0029e4e4,0029e4f0
0029e564,0029cb60
0029e564,0029cb70
0029e594,0010e844
0029e594,00110128
0029e790,0011e434
0029e790,0029e080
0029e790,002a7490
0029ec98,002a7b94
0029eddc,0029c448
0029ee84,00110c78
0029ee98,0011d1e8
0029ee98,0011d224
0029ee98,0011d260
0029ee98,0029cb80
0029ef18,0029ef94
0029ef44,0011c520
0029ef44,0029cbbc
0029ef44,0029d090
0029ef94,0011d000
0029ef94,002a6c00
0029ef94,002a6c70
0029ef94,002a6e2c
0029f07c,0029ef94
0029f658,00120084
0029f694,001213dc
0029f694,0029c4ac
0029f694,0029c500
0029f758,0011c27c
0029f758,00120280
0029f758,00120ff0
0029f758,0029d56c
0029f758,0029d634
0029f758,0029f658
0029f758,002a685c
0029f758,002a68ec
0029f940,002a685c
0029f940,002a68ec
0029fc34,0011ccb8
0029fc50,0011e7dc
0029fc50,0011e7f0
0029fc50,0011e810
0029fc50,0011e830
0029fc50,001206fc
0029feb4,0010efc8
0029feb4,0029e4ac
0029feb4,002a50d0
002a0054,002a7f5c
002a0054,002a7f64
002a0278,002a02a4
002a0324,0029e4ac
002a0324,002a50d0
002a0398,002a50d0
002a0650,0029d77c
002a0650,002a0964
002a0650,002a7f5c
002a0650,002a7f64
002a0650,002a81f0
002a0650,002a9020
002a09b0,0011b890
002a09b0,0011ce1c
002a09b0,0011ce2c
002a09b0,0029fc50
002a0b48,0029daa8
002a0b48,0029e000
002a0b48,0029e2a8
002a0b48,0029e370
002a0b48,002a7b94
002a1384,00111d64
002a1384,00112308
002a1384,00115d6c
002a1384,0011bbd4
002a1384,0029d864
002a1384,0029fc38
002a182c,002a7b94
002a1994,0011131c
002a19fc,0010aee4
002a19fc,0024c1a8
002a19fc,0024c1bc
002a19fc,002a19d8
002a19fc,002a1b5c
002a19fc,002ddc84
002a19fc,002ddc94
002a1b78,002a7490
002a1b78,002a764c
002a1b78,002a7b94
002a1b78,002a81f0
002a3610,002a764c
002a3610,002a8f1c
002a3610,002a8f8c
002a375c,0029c518
002a3908,0029c518
002a3908,002a7b94
002a3908,002a81f0
002a4c34,002a7b94
002a4d4c,002a764c
002a4fc8,0011013c
002a4fc8,001101a4
002a4fc8,002a6e2c
002a50a8,0010f064
002a50a8,002a6bac
002a50d0,0011c64c
002a50d0,002a67b8
002a5140,0010e804
002a523c,0010f918
002a52e0,002a5ff4
002a53d4,0010f328
002a53d4,002a685c
002a53d4,002a68ec
002a54e8,0010bb2c
002a54e8,002a0450
002a54e8,002a05ac
002a54e8,002a0620
002a54e8,002a0650
002a54e8,002a0964
002a54e8,002a097c
002a54e8,002a5aa8
002a54e8,002a5ac0
002a54e8,002a5b48
002a54e8,002a5ba0
002a54e8,002a67b8
002a54e8,002a6bac
002a54e8,002a7f5c
002a54e8,002a7f64
002a54e8,002a81f0
002a54e8,002a9020
002a582c,002a7b94
002a597c,0011ce1c
002a597c,0011ce2c
002a597c,0029fc50
002a59f0,00111c38
002a5ac0,0010ec30
002a5b48,0029e480
002a5ba0,0029f874
002a5ba0,002a0964
002a5c34,002a8ffc
002a5cec,002a7030
002a5d88,002a50d0
002a5da8,002a50d0
002a5dd0,0029e418
002a5ff4,00120084
002a6030,0010b8ec
002a6030,002a03e0
002a6030,002a5d88
002a6030,002a5da8
002a61ac,001093dc
002a61ac,00109eb0
002a61ac,00109f54
002a61ac,0010a038
002a61ac,0010a0a8
002a61ac,0010a0ec
002a61ac,0010a578
002a61ac,0010a83c
002a61ac,0029ee84
002a61ac,0029ef08
002a61ac,0029ef18
002a61ac,0029ef44
002a61ac,0029f07c
002a61ac,002a4fb4
002a61ac,002a4fc8
002a61ac,002a524c
002a61ac,002a6630
002a61ac,002a6bdc
002a61ac,002a6e2c
002a6610,0029f07c
002a6640,0010a3cc
002a6640,00120ff0
002a6640,0029ee08
002a6640,0029ee28
002a6640,002a61ac
002a6640,002a65e4
002a6640,002a6630
002a6640,002a6c00
002a6640,002a6c70
002a6640,002a6e2c
002a67b8,002a680c
002a6814,0029d56c
002a6814,002a685c
002a6814,002a68ec
002a685c,0029c4ac
002a687c,002a67b8
002a687c,002a6b78
002a687c,002a6cb4
002a687c,002a8f8c
002a68ec,001213dc
002a6924,00120ff0
002a6924,002a5ff4
002a69e8,002a67b8
002a6b44,002a6bac
002a6b78,0010ff50
002a6bac,0029f758
002a6bdc,00110c40
002a6bdc,002a5040
002a6bdc,002a6c70
002a6bdc,002a6e2c
002a6c00,002a50d0
002a6c00,002a6e2c
002a6c70,0010a444
002a6c70,002a50d0
002a6ca4,00105874
002a6cb4,00105ff0
002a6cb4,0011c27c
002a6cb4,00120ff0
002a6cb4,002a5ff4
002a6cb4,002a685c
002a6cb4,002a68ec
002a6dd8,002a680c
002a6e2c,0029f758
002a6ea4,002a6610
002a6ec8,0010b8ec
002a6ec8,002a5d88
002a6ec8,002a5da8
002a7030,002a6e2c
002a709c,002a685c
002a709c,002a68ec
002a709c,002a6b78
002a709c,002a6cb4
002a709c,002a8f8c
002a7128,002a7130
002a7130,002a89b8
002a7130,002a8a50
002a71a0,002a71a8
002a71a8,001216e8
002a71a8,002a8a50
002a71a8,002a8b00
002a71a8,002a8b16
002a7214,0025941c
002a7320,001030d8
002a7320,00103a6c
002a7320,002a73a0
002a7320,002a7490
002a73a0,002a9020
002a73a0,003824b8
002a7518,002a7508
002a7518,002a8f84
002a764c,002a76ac
002a7764,002a8ef8
002a7764,002a8f84
002a77aa,002a7850
002a77aa,002a8ef8
002a77c6,002a7504
002a77c6,002a783c
002a7804,002a7850
002a7804,002a8f1c
002a7804,002a8f84
002a7804,002a8f8c
002a7864,002a8984
002a7902,002a7864
002a7902,002a796c
002a7902,002a8984
002a796c,00121648
002a796c,00121694
002a796c,002a7864
002a796c,002a8984
002a7a08,002a7b94
002a7a08,002a7bec
002a7a08,002a7c78
002a7a08,0038bbc4
002a7aa0,00382cd0
002a7aac,00102944
002a7aac,002a7a08
002a7aac,0038bbdc
002a7b40,002a7aac
002a7b40,002a7b94
002a7b40,002a8eac
002a7c2c,002a7c18
002a7c2c,0038bbe4
002a7c2c,0038bbec
002a7c78,002a7c2c
002a7cc4,002a7c78
002a7d08,002a89a4
002a7d24,002a8494
002a7dc8,0010269a
002a7dc8,002a8990
002a7dc8,002a89a4
002a7e38,001217a0
002a7e38,002a81f0
002a7ec4,002a7f5c
002a7f54,002a7f5c
002a7f5c,002a8ffc
002a7f64,002a9020
002a7f64,002a9080
002a7f88,001022cc
002a7f88,002a7e38
002a7f88,002a88e4
002a7f88,002a8cdc
002a7f88,002a8d5c
002a7f88,002a9020
002a812c,002a8134
002a8158,00247040
002a8158,003ae5f4
002a81f0,002a7490
002a8278,002a8494
002a8494,00121640
002a84a6,00101978
002a84a6,001217f4
002a84a6,00121bd0
002a84a6,002a88b4
002a84a6,002a899c
002a84a6,002a89b8
002a88b4,00121c00
002a88b4,0029bee4
002a88e4,002a7f5c
002a892c,00101d3c
002a892c,002a8ef8
002a8938,00101d64
002a8938,001022a4
002a8938,002a88e4
002a89a4,002a8984
002a8a50,002a8b2c
002a8a50,002a8b58
002a8b94,001022a4
002a8b94,002a88e4
002a8b94,002a8f8c
002a8be4,002a89a4
002a8c28,002a89a4
002a8c7e,00101780
002a8cdc,002a7f64
002a8cdc,002a9020
002a8d5c,002a81f0
002a8d68,002a8d70
002a8d70,0010167c
002a8d70,00101778
002a8d70,002a8b94
002a8d70,002a9080
002a8df8,002a88e4
002a8e04,002a8e0c
002a8e0c,00101d64
002a8e0c,002a8cdc
002a8e0c,002a8d5c
002a8e48,00100b3c
002a8e48,002a8d5c
002a8e48,002a8f8c
002a8e80,002a8e8c
002a8eac,002a6e2c
002a8f84,002a9080
002a9020,001000a0
002a9020,00100128
002a9080,00120040
002a9080,002a8eac
002a90a8,0025088c
002a90a8,00250fe8
002a90a8,00251574
002a90a8,002abd3c
002a97c8,002509d0
002a97c8,002a783c
002a98b0,00250910
002a9a48,002167f8
002a9a48,002c397c
002a9ae8,0029b7a0
002a9ae8,002c397c
002a9b90,00216650
002a9b90,00216ed0
002a9b90,002a90a8
002a9b90,002a98b0
002a9b90,002adee0
002a9d1c,002509d0
002a9d1c,002a783c
002a9fac,0029b7a0
002a9fac,002c39ac
002aa178,002aa1cc
002aa178,002bc8fc
002aa1cc,0024f934
002aa1cc,0024f9dc
002aa1cc,002507e0
002aa1cc,002a8f8c
002aa1cc,0037242c
002aa5c0,00252658
002aa5c0,00252eb0
002aa5c0,002a4f08
002aa5c0,002a783c
002aa5c0,002ae44c
002aa5c0,002b1dcc
002aaca0,002bd688
002ab328,00252658
002ab4e0,0024f504
002ab4e0,0024f584
002ab4e0,0024f5b8
002ab4e0,002a4f08
002ab4e0,002a783c
002ab860,00252658
002ab860,00252eb0
002abe74,0038c53c
002abe74,0038c714
002abedc,0024f1d8
002abedc,0024f2ec
002abedc,0024f3f8
002abf0c,0024f0cc
002abf0c,0024f1d8
002abf0c,0024f3f8
002abf3c,0024f1d8
002abf3c,0024f3f8
002ac060,0024f3f8
002ac070,0024f3f8
002ac19c,0024f1d8
002ac19c,0024f2ec
002ac19c,0024f3f8
002ac2cc,0024f1d8
002ac2cc,0024f2ec
002ac2cc,0024f3f8
002ac3fc,0024f1d8
002ac3fc,0024f2ec
002ac3fc,0024f3f8
002ac52c,0024f0cc
002ac52c,0024f1d8
002ac52c,0024f3f8
002ac65c,0024f0cc
002ac65c,0024f1d8
002ac65c,0024f3f8
002ac78c,0024f3f8
002ac79c,0024f1d8
002ac79c,0024f2ec
002ac79c,0024f3f8
002ac8cc,0024f3f8
002acab0,0024f1d8
002acab0,0024f3f8
002acbd8,00252bf8
002acbd8,00252e3c
002acbd8,002acc2c
002acc2c,002a4f08
002acd00,002529e0
002acd00,00252a88
002ace48,00252658
002ace48,00252eb0
002ad050,00252630
002ad6b4,00252658
002ad6b4,00252eb0
002ad6b4,0029b7a0
002ae44c,002a4f08
002ae44c,002a783c
002ae44c,002c1c24
002aebb4,002c1e9c
002aedcc,0024f934
002aedcc,002a8f8c
002af2b4,00250fe8
002af2b4,0029b7a0
002af2b4,002a783c
002af2b4,002c22e8
002af2b4,002c26d8
002af2b4,002c2ca4
002af2b4,002c3338
002b0074,0024efe0
002b0074,0024f014
002b0074,0024f02c
002b0074,0025254c
002b0074,00252e74
002b08ac,0024efbc
002b0bb0,0024ef80
002b0cf0,0024ed84
002b0cf0,0024ee90
002b0cf0,0024ef80
002b0cf0,0024efbc
002b0cf0,0029b7a0
002b0cf0,0029c3e0
002b0cf0,0029e408
002b2100,0024efe0
002b2100,0024f014
002b2100,0024f02c
002b2100,002ded0c
002b2704,00390f94
002b2858,0024eaa0
002b2858,0024ead4
002b2858,0024eb30
002b2858,0024eb60
002b2a44,002a4f08
002b2a44,002a783c
002b3070,002aedcc
002b3070,002b2858
002b32bc,0024efe0
002b32bc,0024f014
002b34c0,002a764c
002b3fcc,002c0460
002b4698,002b3fcc
002b48d8,00250fe8
002b48d8,0029b7a0
002b48d8,002a783c
002b48d8,002c22e8
002b48d8,002c26d8
002b48d8,002c2ca4
002b48d8,002c3338
002b5938,00250fe8
002b5938,0029b7a0
002b5938,002a783c
002b5938,002c37e8
002b62d4,0024e978
002b6680,0024e3fc
002b6680,0024e504
002b6680,003af5a8
002b6680,003afbc0
002b6c9c,0024e978
002b6e2c,0024f02c
002b7050,00252e3c
002b7050,002b7208
002b7050,002b7638
002b7208,0024f9dc
002b7208,002507e0
002b73a8,0038287c
002b7638,002a4f08
002b76d0,002529e0
002b76d0,00252a88
002b7830,00252658
002b7830,00252eb0
002b7a4c,0024e398
002b7a4c,002b73a8
002b7b7c,002b7140
002b7ec0,0029b7a0
002b7ec0,0029cb10
002b7ec0,002a597c
002b8054,0024e358
002b8054,00281508
002b8054,002b8534
002b8054,002ba65c
002b8054,002bc564
002b81a8,002b9954
002b8534,002a764c
002b8604,0024e328
002b88b0,002b8054
002b88b0,002b81a8
002b88b0,002b8604
002b88b0,002b9c4c
002b8a68,002b99a4
002b8a68,002b9cac
002b8b7c,002c39e8
002b8c14,0029b7a0
002b8c14,0029cb10
002b8c14,002a597c
002b8e14,0024e1fc
002b8e14,00281508
002b8e14,002b7fdc
002b8fac,0024e160
002b8fac,002b7fdc
002b8fac,002b9ce0
002b8fac,002bbd24
002b8fac,002bc1e8
002b8fac,002bc324
002b8fac,002bc564
002b96cc,002a7b94
002b97f0,002bafa4
002b97f0,002bb184
002b97f0,002bb2dc
002b9c4c,002b99d8
002b9c4c,002ba788
002b9cac,002bab60
002b9d8c,002b7ec0
002b9e98,0029b7a0
002b9e98,0029cb10
002b9e98,002a597c
002ba068,0024f934
002ba068,002a8f8c
002ba1b0,002ae374
002ba1b0,002bb6f0
002ba1b0,003731cc
002ba1b0,00373a64
002ba440,0024e034
002ba55c,0024e034
002ba65c,0024f934
002ba65c,00281508
002ba65c,002a8f8c
002ba65c,002ba65c
002ba788,0024df60
002ba788,0024dfb0
002bab60,0024df2c
002bacd8,002ba1b0
002badb0,0024e034
002badb0,002b9e98
002baf28,002a4f08
002bafa4,0029ca50
002bb184,0029ca50
002bb2dc,0029ca50
002bb5f4,002b8c14
002bb5f4,002b9d8c
002bb6f0,003732e8
002bb6f0,00373b80
002bb6f0,00373c4c
002bb89c,002b96cc
002bb89c,002b9e1c
002bb948,002b8e14
002bb948,002bafa4
002bb948,002bb184
002bb948,002bb2dc
002bb9f8,0024dec0
002bba24,0024dec0
002bba4c,002a7490
002bba4c,002b8edc
002bba4c,002bbc28
002bbb44,002b8edc
002bbd24,0024df60
002bbd24,0024dfb0
002bbd9c,0024e358
002bbd9c,002c3be0
002bbd9c,002c3de8
002bbd9c,002c3e5c
002bbd9c,00391870
002bc1e8,0024df60
002bc1e8,0024dfb0
002bc324,002b88b0
002bc324,002bbd9c
002bc324,002bc4ec
002bc8fc,00252e3c
002bc8fc,002af27c
002bc8fc,002b48a0
002bc8fc,002bca84
002bc8fc,002bcd2c
002bc8fc,002bcf40
002bc8fc,002bd4e4
002bc8fc,002bdd5c
002bcd2c,002c195c
002bcf40,002a7490
002bd24c,0024dd74
002bd24c,0024de30
002bd24c,0024f934
002bd24c,002a8f8c
002bd4e4,0024f9dc
002bd4e4,002507e0
002bd4e4,002bd24c
002bd4e4,002bd6d0
002bd6d0,0024f934
002bd6d0,002a8f8c
002bda4c,002529e0
002bda4c,00252a88
002bda4c,002c0f10
002be11c,00252658
002be11c,00252eb0
002be11c,002a4f08
002be11c,002a783c
002beb28,00252e3c
002beb28,002beb70
002beb28,002bf1f0
002beb70,002a4f08
002bee24,0024f504
002bee24,002b319c
002bee24,002b6cc8
002bee24,002bffd0
002bf1f0,0024f9dc
002bf1f0,002507e0
002bf528,0024dce4
002bf528,0024f504
002bf528,0025371c
002bf924,002529e0
002bf924,00252a88
002bfbc8,00252eb0
002bfbc8,002b0028
002bfbc8,002b20b4
002bfbc8,002b2440
002bfbc8,002b3270
002bfbc8,002b566c
002bfbc8,002b6dc4
002bfbc8,002bffd0
002bffd0,0024dcd0
002bffd0,0024dce4
002bffd0,0024f504
002bffd0,00252658
002bffd0,002a4f08
002c00a4,002bf470
002c06bc,002c084c
002c06bc,002c0d8c
002c084c,001037ea
002c084c,002a7490
002c084c,002b98b4
002c084c,002c168c
002c0d8c,002b8a68
002c0d8c,002b9914
002c0d8c,002bbc1c
002c0d8c,002c1394
002c0f10,00374eec
002c168c,0024db88
002c195c,0024db5c
002c195c,002c06bc
002c195c,002c1abc
002c1abc,0024e358
002c1b80,002c0d8c
002c1fec,0024dcd0
002c1fec,0024f02c
002c1fec,002a783c
002c22e8,00250910
002c22e8,00250fe8
002c26d8,00250910
002c26d8,00250aa0
002c26d8,00250c50
002c26d8,00250e00
002c2ca4,00250910
002c2ca4,00250944
002c2ca4,002509d0
002c2ca4,00250a54
002c2ca4,00250aa0
002c2ca4,0025254c
002c2ca4,002a4f08
002c2ca4,002a783c
002c2ca4,002c1fec
002c2ca4,00374f9c
002c2ca4,00374fb8
002c3338,00251574
002c37ec,002509d0
002c37ec,00250aa0
002c37ec,002c1fec
002c397c,0029b7a0
002c39b4,002514a4
002c39e8,0025160c
002c39e8,0029ca50
002c3fe8,002c40a0
002c3fe8,002c44a0
002c3fe8,002c45fc
002c4a84,00252eb0
002c4f04,0024d7b8
002c4f04,0024d7cc
002c4f04,0029ca50
002c4f04,0029cb10
002c4f04,0029e654
002c4f04,002a0b48
002c4f04,002a597c
002c4f04,002c5228
002c4f04,0038c37c
002c4f04,0038cd24
002c4f04,0038cf44
002c4f04,0038f1dc
002c5228,0020cef4
002c5228,0024d738
002c5324,0024d738
002c541c,0029daa8
002c541c,0038f1dc
002c5498,0026fa7c
002c5498,002a19d8
002c552c,0024d6fc
002c552c,00252edc
002c552c,002a1b5c
002c55ac,002a764c
002c55fc,0024d6fc
002c55fc,00252edc
002c55fc,002a1b5c
002c56a4,0026fa7c
002c56b4,0024d6b0
002c56b4,002a1b5c
002c571c,002e9c88
002c5734,002c4f04
002c57d0,0024d42c
002c57d0,0024d4c4
002c57d0,0024d698
002c57d0,0024d6fc
002c57d0,002a19d8
002c57d0,002a1b5c
002c58a0,0026fa7c
002c58a0,002a19d8
002c5950,00252edc
002c5950,002a1b5c
002c5950,002c5418
002c597c,002a764c
002c5a04,00252edc
002c5a04,002a1b5c
002c5a04,002c5418
002c5a68,002a19d8
002c5bb8,002c6ec0
002c5bb8,002c95f0
002c5d38,0024d2b8
002c6010,0024d130
002c6010,0024d2b8
002c6010,002c944c
002c6010,002c95a8
002c63bc,002a1b5c
002c63f0,002c58a0
002c63f0,002c597c
002c6468,002c7284
002c64c0,002c53cc
002c653c,002c5498
002c653c,002c55ac
002c6590,002c5884
002c65e8,0024cf10
002c65e8,0024cf3c
002c65e8,0024d004
002c65e8,0024d0a4
002c65e8,0024d0f8
002c65e8,0024d98c
002c65e8,002c4eb8
002c65e8,002c65d8
002c6870,002c6870
002c69d8,0026fa7c
002c69fc,0012247c
002c69fc,0024f02c
002c69fc,0025254c
002c6dcc,002c9810
002c6ec0,0026fa7c
002c6ed0,0024cef4
002c6fa0,002a764c
002c7018,002a4f08
002c7018,002a783c
002c7190,002a7b94
002c7190,002c7018
002c7284,0024cf10
002c7284,0024cf3c
002c7284,0024d004
002c7284,0024d0a4
002c7284,0024d0f8
002c7284,0024d98c
002c7284,002c4eb8
002c7284,002c65d8
002c7470,0026fa7c
002c7470,002a19d8
002c7560,0024d6b0
002c7560,002a1b5c
002c75b8,0024cabc
002c75b8,0024cc44
002c75b8,0024cc9c
002c75b8,002dda84
002c75b8,002ddda0
002c75b8,00376668
002c76c4,002a7490
002c76c4,0037683c
002c77d0,0024cc9c
002c77d0,002a7490
002c78e4,0024cc9c
002c78e4,002a7490
002c7a28,003767f0
002c7da8,002a4f08
002c7de0,002de708
002c7df8,0024c994
002c7df8,002c866c
002c7df8,002c89a4
002c7df8,002c8e84
002c7df8,002c90dc
002c8004,002c5324
002c808c,0026fa7c
002c808c,002c6384
002c80e4,00252edc
002c8134,0024d738
002c8134,002c56a4
002c8134,002c69d8
002c8134,002c7470
002c8430,002a8ffc
002c8430,002c8440
002c8440,0024d6b0
002c8440,002c56b4
002c8530,0024d130
002c8578,0024cef4
002c87e0,0024c314
002c87e0,002a19d8
002c88c4,0024c238
002c88c4,002a1b5c
002c88c4,002c9750
002c89a4,0024c314
002c89a4,0024c994
002c89a4,0029e630
002c89a4,002a19d8
002c89a4,002c96c4
002c89a4,002c977c
002c89a4,002c97fc
002c8ae8,0024c238
002c8ae8,002a1b5c
002c8ae8,002c9750
002c8b48,0024c1d8
002c8b48,0024cc44
002c8cc0,0024c1bc
002c8cc0,002a1b5c
002c8d20,002689cc
002c8d20,002a1994
002c8d20,002c8b48
002c8d20,002dda68
002c8d20,002ddd98
002c8d20,002dde50
002c8e84,0024c0ec
002c8e84,0024c314
002c8e84,0024c994
002c8e84,0029e630
002c8e84,002a19d8
002c8e84,002c8df4
002c9034,0024c1bc
002c9034,0024c238
002c9034,002a1b5c
002c90dc,0024c994
002c90f4,002a4f08
002c90f4,002a783c
002c91b8,002a19d8
002c91b8,002a1b5c
002c95e8,0024ce94
002c95f0,0026fa7c
002c9684,002a1b5c
002c9750,002a1b5c
002c977c,002a19d8
002c977c,002a1b5c
002c9814,0029a488
002c982c,00252e74
002c982c,0025371c
002c982c,00375160
002c98c8,002d24b8
002c9928,0024b0f8
002c99c0,0024b0f8
002c9a04,002d2574
002c9a74,0029e630
002c9ad0,002a8134
002c9ad0,002d2574
002c9b64,0026fa24
002c9b64,002ce858
002c9b90,002ce850
002c9b90,002ce868
002c9bc8,0026fa2c
002c9bdc,0026fd3c
002c9c18,00252edc
002c9c40,0026fa7c
002c9d20,0026fa7c
002c9d20,002c9c40
002c9ea4,0024d6b0
002c9ec0,0026fa7c
002c9ef4,0024d6b0
002c9ef4,00252edc
002c9ef4,0026fa7c
002c9ef4,0029e630
002c9ef4,002a783c
002c9ef4,002ce9f0
002ca0a0,002cbbac
002ca16c,00249c24
002ca16c,0024aeb4
002ca16c,0024aec4
002ca16c,0024af20
002ca16c,0024af2c
002ca16c,0024af94
002ca16c,0024b044
002ca16c,0024b0a0
002ca16c,00261b50
002ca16c,002cf400
002ca16c,002cf47c
002ca16c,002d2628
002ca16c,002d41a8
002ca16c,002d45c8
002ca16c,002d461c
002ca16c,002d5350
002ca16c,002d545c
002ca16c,002d69d4
002ca16c,002dad7c
002ca16c,002dc594
002ca3a0,0024ad18
002ca3a0,0024ad3c
002ca3a0,0024b0a0
002ca410,0024aeb4
002ca410,0024aec4
002ca410,0024af20
002ca410,0024af2c
002ca4a0,00249ac8
002ca4a0,0024aad0
002ca4a0,0024aec4
002ca4a0,0024af2c
002ca4a0,0024af94
002ca4a0,0024b044
002ca4a0,0024b0a0
002ca4a0,00261b50
002ca4a0,002cf400
002ca4a0,002cfcac
002ca4a0,002d27d4
002ca4a0,002d4758
002ca4a0,002d4810
002ca4a0,002d483c
002ca4a0,002d5400
002ca4a0,002d5b98
002ca4a0,002d6c64
002ca52c,002c98c8
002ca56c,0024acbc
002ca56c,002c99c0
002ca56c,002ca860
002ca56c,00376988
002ca56c,003769e0
002ca738,0026fa2c
002ca738,002c9a04
002ca738,002c9b90
002ca7d0,002c9a70
002ca830,002c9ad0
002ca830,002ca738
002ca88c,002a5ff4
002ca88c,00377b58
002ca8b0,0029e408
002ca904,002a8f8c
002ca9a0,002cf2a8
002ca9a0,002d2de8
002caa78,002cb76c
002caa78,002cb7b0
002caa78,002cb870
002caa78,002cb8d4
002cad0c,0010af18
002cad24,0024aa28
002cad24,0024aa80
002cadb0,0024aa80
002caed8,0024aa10
002caf60,0024aa10
002caf60,0026fd3c
002caf60,002ce834
002cb1b8,0024ad18
002cb1b8,0024ad3c
002cb1b8,0024b0a0
002cb1b8,00378f4c
002cb2c4,0024a874
002cb2c4,0024a8a8
002cb2c4,0024a900
002cb2c4,0024a9b8
002cb2c4,003792d8
002cb40c,0024ab9c
002cb40c,0024ac00
002cb40c,0024ad18
002cb40c,0024ad3c
002cb40c,0024b0a0
002cb46c,002d2378
002cb480,0024a830
002cb480,00299724
002cb480,002cb6a8
002cb6a8,00382608
002cb7b0,00260408
002cb870,00252e74
002cb870,002cb480
002cba30,0024aa80
002cba30,002a6010
002cba30,002a6020
002cba30,002a7d24
002cba30,002ca400
002cba30,002cd684
002cba30,002d68c4
002cbbc4,0024a7e8
002cbbc4,00261b50
002cbbc4,0026fa7c
002cbbc4,002d47ac
002cbbc4,002dcc98
002cbdb8,002c9e48
002cbdb8,002c9ec0
002cbdb8,002ca0e0
002cbdb8,002cf314
002cbdb8,002cf340
002cbdb8,00376930
002cbdb8,00379178
002cbf64,00376ca4
002cbf6c,0024b0f8
002cbf9c,0024a7e8
002cbf9c,00261b50
002cbf9c,0026fa7c
002cbf9c,0029e630
002cbf9c,002d0dd4
002cbf9c,002d47ac
002cc1c8,0024a6f0
002cc1c8,0024a794
002cc1c8,0024a7a0
002cc1c8,0024a8a8
002cc1c8,0024a900
002cc1c8,002dca58
002cc1c8,002dcad8
002cc1c8,002dcbd0
002cc42c,0024a438
002cc42c,0024a794
002cc42c,0024a7a0
002cc42c,0024acbc
002cc42c,002ce4c4
002cc42c,002ce780
002cc42c,002cf708
002cc42c,002cf8dc
002cc42c,002cf944
002cca20,0024a6e0
002cca20,00261b50
002cca20,00379b34
002ccaa4,0024a248
002ccaa4,0024a370
002ccaa4,0024a3c8
002ccaa4,0024a794
002ccaa4,0024a7a0
002ccaa4,0029e630
002ccaa4,002d0a7c
002ccaa4,002d0bc8
002ccaa4,002d0c40
002ccaa4,002da640
002ccaa4,002dc55c
002ccaa4,003787ec
002cd0fc,0024ac00
002cd0fc,0024b0a0
002cd0fc,0024d6b0
002cd0fc,0026fa7c
002cd0fc,0029e630
002cd0fc,002c9ef4
002cd0fc,002d2768
002cd3c8,002483e0
002cd3c8,0024a1ec
002cd3c8,0024a1fc
002cd3c8,0024ab9c
002cd3c8,0024ac00
002cd3c8,0024b0a0
002cd3c8,00261b50
002cd3c8,002c9bdc
002cd3c8,002d47e0
002cd3c8,002d69bc
002cd684,0024aa1c
002cd684,0024aa80
002cd684,0026fa7c
002cd684,002cbbc4
002cd684,002cbdb8
002cd684,002cbf9c
002cd684,002cd028
002cd684,002cfa18
002cd8a0,002535e0
002cd8c4,0020952c
002cd8c4,002096a4
002cd8c4,002096c8
002cd8c4,00209790
002cd8c4,0020998c
002cd8c4,00253544
002cd8c4,002535e0
002cd8c4,00260b68
002cd9a8,002096e8
002cda20,00209694
002cda20,0020998c
002cda20,00253544
002cda20,00260b68
002cdae4,002cde6c
002cde6c,00260408
002cde6c,0029c3e0
002ce154,002a7490
002ce154,002cde6c
002ce4c4,0024ad18
002ce4c4,0024ad3c
002ce4c4,0024b0a0
002ce520,0024a1ac
002ce520,0024ad18
002ce520,0024ad3c
002ce520,0024b0a0
002ce6d8,0024ad18
002ce6d8,0024ad3c
002ce6d8,0024b0a0
002ce79c,00252edc
002ce7dc,002c9c18
002ce850,0026fa2c
002ce878,0024a1ac
002ce994,0024a1ac
002ce9f0,0024ad18
002ce9f0,0024ad3c
002ce9f0,0024b0a0
002ceef0,0024a1ac
002cf0ac,002cef38
002cf0cc,002853ac
002cf0cc,002853d0
002cf0cc,002a5ba0
002cf0cc,002a6bac
002cf0cc,002a7d54
002cf22c,0024a0fc
002cf22c,002a6bac
002cf2a8,002a5aa8
002cf2a8,002a67b8
002cf374,0024af94
002cf374,0024b044
002cf374,002a685c
002cf374,002a68ec
002cf374,002cfad0
002cf374,002cfc08
002cf374,002d2768
002cf404,002a783c
002cf47c,0024aad0
002cf47c,002a50d0
002cf47c,002a5140
002cf47c,002a5ff4
002cf548,0024aad0
002cf548,0029e4ac
002cf588,00249f54
002cf588,0024ac00
002cf588,0024b0a0
002cf588,0029cc40
002cf588,0029d56c
002cf588,002d6d04
002cf640,0024ad18
002cf640,0024ad3c
002cf640,0024b0a0
002cf640,002ce520
002cf708,0024ad18
002cf708,0024ad3c
002cf708,0024b0a0
002cf760,002ce734
002cf818,00252edc
002cf818,0026fa7c
002cf8dc,0024ad18
002cf8dc,0024ad3c
002cf8dc,0024b0a0
002cf8dc,002a7490
002cf944,0024ad18
002cf944,0024ad3c
002cf944,0024b0a0
002cf9a8,00249dd4
002cf9a8,00252edc
002cf9a8,0026fa7c
002cf9a8,002d78d4
002cfa18,00249d08
002cfa18,0029e630
002cfa18,002d84ec
002cfa18,002da28c
002cfa90,002d8568
002cfa90,002da2e4
002cfad0,00249bc4
002cfad0,0029f694
002cfad0,002a685c
002cfad0,002a68ec
002cfb7c,0024d6b0
002cfb7c,0029f694
002cfb7c,002a685c
002cfb7c,002a68ec
002cfc08,00249a00
002cfc08,00249bc4
002cfc90,002499f4
002cfc90,00249ad8
002cfcbc,002cfcac
002cfcd0,0020ceb0
002cfcd0,0024a0fc
002cfcd0,002a5ac0
002cfcd0,002a6bac
002cfe0c,00249964
002cfe70,002a5aa8
002cfe70,002a67b8
002cfec0,00249964
002cfec0,002a5b48
002cfec0,002a6bac
002cfec0,002cf0cc
002d0048,00249964
002d0048,002a5aa8
002d0048,002a5b48
002d0048,002a67b8
002d0048,002a6bac
002d01f4,00249934
002d0210,002498c8
002d0210,002498d0
002d0210,002498e0
002d0210,0024af2c
002d0210,002d4b28
002d0210,002d5548
002d0210,002d55bc
002d0210,002d568c
002d0210,002d575c
002d0210,002d57c0
002d0210,002d5824
002d0210,002d5ee4
002d0210,002d65e4
002d0210,002d6894
002d0210,002d68a0
002d0210,002d6ba8
002d0210,002d8670
002d0210,002d8b50
002d0210,002d8e98
002d0210,002d9084
002d0210,002d90c4
002d0210,002d9bc4
002d0210,002d9c04
002d0210,002d9d38
002d0210,002da0f4
002d0210,002da920
002d0210,002da974
002d0210,002da98c
002d0210,002daa10
002d0210,002daa28
002d0210,002daa3c
002d0210,002daa58
002d0210,002daa70
002d0210,002daaf8
002d0210,002dab04
002d0210,002dab1c
002d0210,002dab30
002d0210,002dabcc
002d0210,002dac50
002d0210,002dac68
002d0210,002dacf8
002d0210,002dada8
002d0210,002dae24
002d0210,002daea8
002d0210,002db350
002d0210,002db84c
002d0970,00249f54
002d0998,0024ad18
002d0998,0024ad3c
002d0998,0024b0a0
002d09e8,0024ad18
002d09e8,0024ad3c
002d09e8,0024b0a0
002d0a34,0024ad18
002d0a34,0024ad3c
002d0a34,0024b0a0
002d0a7c,0024ad18
002d0a7c,0024ad3c
002d0a7c,0024b0a0
002d0b24,00252edc
002d0b24,0026fa7c
002d0bc8,0024ad18
002d0bc8,0024ad3c
002d0bc8,0024b0a0
002d0c40,0024ad18
002d0c40,0024ad3c
002d0c40,0024b0a0
002d0d74,00249dd4
002d0d74,00252edc
002d0d74,0026fa7c
002d0dd4,00249d08
002d0dd4,002db718
002d0e0c,002db80c
002d0e40,0037afdc
002d0ec0,0037b400
002d0ec0,0037b468
002d0f78,0037b50c
002d0f78,0037b574
002d0f78,0037b5e0
002d101c,002a81f0
002d1234,00249864
002d1234,002cf22c
002d1234,002d2dd0
002d1234,00377b18
002d1234,00377b98
002d12dc,002d0048
002d1344,00249864
002d1344,002cf22c
002d1344,002d2ddc
002d1344,00377bd8
002d1344,00377c10
002d13fc,002a685c
002d13fc,002a68ec
002d1424,00249864
002d1424,002a8f8c
002d1424,002ca88c
002d1424,002ca904
002d1424,002cf0cc
002d1424,002d2d68
002d1570,002a5aa8
002d1570,002a67b8
002d1570,002ca9d8
002d1570,002ca9f0
002d1570,002cf2a8
002d1570,002d2de8
002d15f0,0024961c
002d15f0,002496d8
002d15f0,0024973c
002d15f0,0024a580
002d15f0,002d1a70
002d15f0,00379068
002d15f0,0037968c
002d1784,00249410
002d1784,0024973c
002d1784,0024a5d8
002d1784,002d15f0
002d1784,00376bec
002d1784,00378fa4
002d1784,00379068
002d198c,00249410
002d198c,0024973c
002d198c,0024a5d8
002d198c,00379068
002d1a70,002490a0
002d1a70,0024973c
002d1a70,0024a9b8
002d1a70,00379068
002d1b30,00249070
002d1b30,00249214
002d1b30,0024a900
002d1b30,0024a9b8
002d1b30,002a6010
002d1b30,002a6020
002d1b30,002d2cdc
002d1b30,00377a94
002d1b30,00379068
002d1cb8,00248eb8
002d1cb8,00248ff0
002d1cb8,0024900c
002d1cb8,0024961c
002d1cb8,002496d8
002d1cb8,0024a370
002d1cb8,0024a580
002d1cb8,0024a5d8
002d1cb8,0024a688
002d1cb8,0026faa0
002d1cb8,002d0f78
002d1cb8,00376bec
002d1cb8,0037784c
002d1cb8,0037785c
002d1cb8,0037789c
002d1cb8,00378fa4
002d21d0,00248ff0
002d21d0,0024900c
002d21d0,002490a0
002d21d0,0024973c
002d21d0,0024a9b8
002d21d0,00379068
002d22fc,0024961c
002d22fc,002496d8
002d22fc,002d1a70
002d2394,0026fa7c
002d2464,002d2528
002d2574,00248eac
002d2574,00252edc
002d2574,002ce774
002d25ec,00248eac
002d2628,00249c48
002d2684,00248dfc
002d2684,00249af8
002d2684,002d0208
002d2768,00248dfc
002d27d4,00249ad8
002d284c,00248de8
002d2924,0010afa8
002d2964,00248dd0
002d2964,00248de8
002d2964,002d2bd8
002d2964,003778f0
002d2964,0037790c
002d2964,00377928
002d2964,00377954
002d2964,00377968
002d2964,00377980
002d2964,00378c7c
002d2964,00378cac
002d2bd8,00377954
002d2c3c,00249070
002d2c3c,00377a68
002d2dfc,00379894
002d2dfc,00379900
002d2e90,00248da4
002d31d8,001edcb4
002d31d8,001edeec
002d31d8,001edf0c
002d31d8,001ee0c4
002d3354,001ec738
002d3354,0024af2c
002d3354,002d6b34
002d33ac,00248b30
002d33ac,00248bb8
002d37b4,001edfd4
002d37c0,001ebf00
002d3814,001ee0c4
002d3878,001ec738
002d38c0,00248b04
002d38c0,0024af2c
002d3910,001ee1cc
002d3910,00248b04
002d3910,0024af2c
002d3910,00261af0
002d39f8,001ec76c
002d39f8,001ec78c
002d39f8,001edc80
002d39f8,001ee12c
002d39f8,001ee264
002d39f8,00261ad0
002d39f8,002d2f4c
002d39f8,002d3fec
002d39f8,00379a70
002d3c44,0024af2c
002d3c44,00261af0
002d3c44,00261b38
002d3c44,002d6bf4
002d3dfc,001ee1cc
002d3dfc,001ee264
002d3dfc,00261ad0
002d3dfc,002d3fec
002d3dfc,00379a70
002d3fec,001eda50
002d3fec,002d33ac
002d417c,00261af0
002d41a8,002a5ff4
002d41b0,001eb7e4
002d41b0,00248da4
002d41b0,0024aec4
002d41b0,0024af2c
002d41b0,0024b044
002d41b0,0024b0a0
002d41b0,002a685c
002d41b0,002a68ec
002d41b0,002d2684
002d41b0,002d4394
002d41b0,002d5390
002d41b0,002d5994
002d41b0,002d6aa8
002d4394,001eacf4
002d4394,0024af2c
002d4394,00379aac
002d4394,003b23ac
002d45c8,002a685c
002d45c8,002a68ec
002d461c,001ebb94
002d461c,001ec244
002d461c,00248a64
002d461c,002a783c
002d4758,002a685c
002d4758,002a68ec
002d47ac,0026fa7c
002d47ac,002a685c
002d47ac,002a68ec
002d47e0,00252edc
002d47e0,002a685c
002d47e0,002a68ec
002d4810,001eb80c
002d483c,001eb80c
002d48b0,002a8278
002d4a8c,00248a4c
002d4ac8,00248a2c
002d4b40,002485d8
002d4b40,0024861c
002d4b40,00248694
002d4b94,00248a4c
002d4c10,002dba44
002d4c10,002dc1b4
002d4c8c,0024846c
002d4c8c,002484b0
002d4c8c,002484d0
002d4c8c,00248548
002d4c8c,0024855c
002d4c8c,002485d8
002d4c8c,0024861c
002d4c8c,002a8278
002d4c8c,002d32d0
002d4c8c,002d3334
002d4c8c,002daf80
002d4c8c,002db9d0
002d4c8c,002dbaec
002d4fa4,0024855c
002d4fa4,002485d8
002d4fa4,00248694
002d4fa4,00248a4c
002d5070,00249934
002d51f4,0029e630
002d51f4,002d5070
002d5294,002485d8
002d5294,00248694
002d5294,00248a4c
002d530c,00248444
002d533c,0029e630
002d5350,0024aa28
002d5390,002dbe08
002d53c8,0024841c
002d53c8,0026fa7c
002d53c8,002dc4a4
002d5400,002483e8
002d5400,0024855c
002d545c,001ebc10
002d545c,001ec068
002d545c,001ec4b4
002d545c,002483c8
002d5548,00248288
002d5548,00248378
002d55bc,001ea2f0
002d55bc,001ea380
002d55bc,001ea4d8
002d55bc,00248278
002d55bc,00248288
002d55bc,00248378
002d568c,001ea69c
002d568c,001ea6f4
002d568c,001ea84c
002d568c,00248278
002d568c,00248288
002d568c,00248378
002d575c,001ed920
002d575c,00248278
002d575c,00248288
002d575c,00248378
002d57c0,001ed934
002d57c0,00248278
002d57c0,00248288
002d57c0,00248378
002d5824,00248278
002d5824,00248288
002d5824,00248378
002d5824,002483c8
002d5824,0026fa7c
002d5994,001ea2a8
002d5994,001ea654
002d5994,00248278
002d5994,00248288
002d5994,0024af2c
002d5994,002d6ba8
002d5b98,00248288
002d5b98,002483c8
002d5bf0,0029e630
002d5d14,00248224
002d5d14,00248cc0
002d5d14,0024a6f0
002d5d14,0026faa0
002d5d14,002d1934
002d5d14,002d22f0
002d5d14,002d28f4
002d5d14,002d2920
002d5e34,0029cc40
002d5e4c,002481f0
002d5e64,00248188
002d5e64,00249934
002d5ee4,00261b50
002d5ee4,0026fa68
002d5f2c,0024846c
002d5f2c,002484b0
002d5f2c,002484d0
002d5f2c,00248548
002d5f2c,0024861c
002d5f2c,002496d8
002d5f2c,002619a8
002d5f2c,002d0ec0
002d5f2c,002dba64
002d5f2c,002dbd78
002d5f2c,00377680
002d5f2c,00378ae8
002d6088,002485cc
002d6088,002d32d0
002d6088,002d3334
002d6088,002db9e8
002d6088,002dbb04
002d62bc,00248a4c
002d62d8,00252ed0
002d62d8,00261b50
002d6318,00248a2c
002d6360,00248130
002d6360,002498d0
002d6360,002498e0
002d6360,0024af94
002d6360,0024d6b0
002d6360,00252ed0
002d6360,00261b50
002d6360,002c9e94
002d6360,002cf308
002d6360,002d5f2c
002d6360,002d6088
002d65e4,002498d0
002d65e4,002498e0
002d65e4,00252ed0
002d65e4,00261b50
002d65e4,0026fa68
002d66a0,002481f0
002d66a0,002485d8
002d66a0,00248a4c
002d66a0,002498c8
002d66a0,002498e0
002d66a0,00252ed0
002d66a0,00261b50
002d66a0,0026fa7c
002d66a0,0029cc40
002d66a0,0029f68c
002d66a0,002d6088
002d67c0,00248060
002d67c0,00249934
002d6854,002d66a0
002d68ac,002d51f0
002d68cc,002a7d24
002d69d4,0026fa7c
002d69d4,002d414c
002d6a4c,00252edc
002d6a4c,0026fa7c
002d6aa8,002d36bc
002d6aa8,002d39f8
002d6aa8,002d3dfc
002d6b34,00252edc
002d6b34,0026fa7c
002d6b34,002d3878
002d6b34,002d6a4c
002d6bf4,00247f9c
002d6bf4,00248004
002d6c64,00247f9c
002d6c64,00248004
002d6c64,0024d6b0
002d6c64,002d417c
002d6d04,002d7250
002d6d4c,00247ec8
002d6d4c,00247f80
002d6d4c,00248dd0
002d6d4c,00248de8
002d6d4c,002a7d24
002d6d4c,002a81f0
002d6d4c,002d2964
002d6d4c,002d2c24
002d6d4c,002d7704
002d6d4c,0037793c
002d6d4c,00378cac
002d6d4c,00378e38
002d6d4c,00378e58
002d706c,00247ec8
002d706c,002a7d24
002d7250,00248434
002d7250,00252edc
002d7250,0029d56c
002d72e8,0024af94
002d72e8,002cfb78
002d7300,00248130
002d7300,0024841c
002d7300,0024a7e8
002d7300,0024af94
002d7300,0026fa7c
002d7300,002a7b94
002d7414,00247ec8
002d754c,0024ac00
002d754c,0024ad18
002d754c,0024ad3c
002d754c,0024b044
002d754c,002d78ec
002d754c,002d80c8
002d7644,0024a7e8
002d7670,0024ac00
002d7670,0024ad18
002d7670,0024ad3c
002d7670,0024b044
002d7670,002d6d4c
002d7670,002d706c
002d7704,003779b0
002d7704,00378d94
002d7868,00248434
002d7868,00252edc
002d78d4,0024af94
002d78d4,002cfb78
002d78ec,00247ec8
002d78ec,00260b68
002d78ec,00260ca8
002d78ec,002a7d24
002d78ec,002a81f0
002d78ec,002d2b08
002d78ec,002d3168
002d78ec,002d37c0
002d78ec,002d7414
002d80c8,002a7d24
002d80c8,002d7414
002d84ec,0024a7e8
002d84ec,0024aa28
002d84ec,0029e630
002d8568,002483e8
002d8568,0024a1ec
002d8568,002a8134
002d8568,002d7250
002d85ac,00248188
002d8670,00247d48
002d8670,00247d54
002d8670,00247d94
002d8670,00247e88
002d8670,00247f9c
002d8670,0024846c
002d8670,0024af2c
002d8670,0029b4b0
002d8670,002a7d24
002d8670,002d6908
002d8670,002d7300
002d8670,002d9af4
002d8b90,00248a2c
002d8b90,00261b00
002d8b90,0029b4b0
002d8b90,002a7d24
002d8b90,002d7300
002d8b90,00379a28
002d8b90,00379a3c
002d8b90,00379b08
002d8e98,002d8eb8
002d8eb8,00247cdc
002d8eb8,00260ca8
002d8eb8,00261b00
002d8eb8,002d530c
002d90c4,00247d94
002d90c4,00247e88
002d90c4,00247f80
002d90c4,00247f9c
002d90c4,0024af2c
002d90c4,002a7d24
002d90c4,002d284c
002d90c4,002d2dfc
002d90c4,002d2e7c
002d90c4,002d9754
002d90c4,002d9af4
002d90c4,00379974
002d90c4,0037999c
002d92f8,00247cb8
002d92f8,002485cc
002d92f8,002d32ac
002d92f8,002d32f0
002d92f8,002d3728
002d92f8,002d374c
002d92f8,002d40b4
002d92f8,002d40d8
002d92f8,002d4114
002d95f8,00247f9c
002d9754,00247d48
002d9754,002a7d24
002d9754,002a81f0
002d9754,002d8eb8
002d9754,003799d8
002d9af4,0029b4b0
002d9af4,002d9630
002d9c48,00248004
002d9c48,00252ed0
002d9c48,00261b50
002d9c48,002d72e8
002d9cb8,00248a2c
002d9e64,00248a2c
002d9e64,00261b50
002d9e64,0026fa68
002d9e64,002d31d8
002d9e64,002d3ddc
002d9fb0,00248a2c
002d9fb0,002d7868
002d9fb0,002d92f8
002d9fb0,00379b08
002da10c,002480fc
002da1c8,00247e88
002da1c8,00247f9c
002da1c8,0029f68c
002da28c,00248060
002da28c,0029e630
002da2e4,00247e88
002da2e4,00247f9c
002da2e4,0029f68c
002da3cc,00248224
002da3cc,00248cc0
002da3cc,0024a248
002da3cc,0026faa0
002da3cc,0029e630
002da3cc,002d1934
002da3cc,002d21d0
002da3cc,002d28f4
002da3cc,002d2920
002da610,0029cc40
002da628,002481f0
002da66c,00248188
002da748,00247bd8
002da748,00247c54
002da748,002d495c
002da748,002d4c10
002da748,003b23a4
002da748,003b25cc
002da920,00261b50
002da920,0026fa68
002da978,00247b58
002daa14,00247b58
002daa40,00247b58
002daa5c,00247b58
002dab08,00247b58
002dac54,00247b58
002dadb4,00247b44
002dae68,002d4ac8
002dafb0,00247b18
002dafb0,00247b34
002dafb0,00247bd8
002dafb0,00248130
002dafb0,00248694
002dafb0,002498d0
002dafb0,002498e0
002dafb0,0024a3c8
002dafb0,0024af94
002dafb0,0024d6b0
002dafb0,002c9e94
002dafb0,002cf308
002dafb0,002d0e38
002dafb0,002d2c34
002dafb0,002da748
002dafb0,002db528
002db350,00247b18
002db350,00247b34
002db350,00247bd8
002db350,002498d0
002db350,002498e0
002db350,0024a3c8
002db350,00261b50
002db350,0026fa68
002db350,002d0e38
002db350,002d2c34
002db444,00247bd8
002db444,002481f0
002db444,002498c8
002db444,002498e0
002db444,0026fa7c
002db444,0029cc40
002db444,0029f68c
002db444,002d0e8c
002db444,002d2d2c
002db528,00247bd8
002db528,00247c54
002db528,002d495c
002db528,002d4a8c
002db528,002d4b40
002db528,002d4c10
002db718,00248060
002db718,0029e630
002db80c,002db444
002db84c,002a783c
002db95c,0024841c
002db95c,002d68ac
002db994,00248434
002db9e8,002d37b4
002dba64,00247adc
002dba64,00247d94
002dba64,0024aec4
002dba64,0024af2c
002dba64,002d53c8
002dba64,002dc36c
002dbb10,00247cdc
002dbb10,00247d48
002dbb10,00248444
002dbb10,00261b00
002dbb10,002a81f0
002dbb10,002d37c0
002dbd78,002cef80
002dbd78,002d31d8
002dbd78,002d3814
002dbd78,002d3ddc
002dbd78,002dbb10
002dbd78,002dc5ec
002dbe08,002479b8
002dbe08,00247adc
002dbe08,00247cb8
002dbe08,00247f9c
002dbe08,00248004
002dbe08,0024aec4
002dbe08,002a8278
002dbe08,002cef9c
002dbe08,002d2fe4
002dbe08,002d3110
002dbe08,002d32ac
002dbe08,002d32f0
002dbe08,002d3728
002dbe08,002d374c
002dbe08,002d40b4
002dbe08,002d40d8
002dbe08,002d4114
002dbe08,002dc618
002dbe08,00376f6c
002dc1b4,002d3354
002dc204,00247adc
002dc204,00247f9c
002dc204,00248004
002dc204,0024aec4
002dc204,002d3168
002dc204,00379a5c
002dc36c,00249934
002dc36c,002cef38
002dc4a4,002498d0
002dc4a4,002498e0
002dc4a4,0029e630
002dc4a4,002cf0ac
002dc540,002498c8
002dc540,002498e0
002dc59c,002a7b94
002dc6d4,00249934
002dc710,0020d040
002dc710,00247920
002dc734,0020d194
002dc734,0024a1fc
002dc734,0026fa7c
002dc8c0,0020d194
002dc8c0,0026fa7c
002dc930,0020d040
002dc930,0020d24c
002dc930,0024790c
002dc930,00247920
002dc930,002dc734
002dc9b4,0020d040
002dc9b4,0024790c
002dc9b4,00247920
002dc9f0,0020d040
002dc9f0,0024790c
002dc9f0,00247920
002dca30,00249f54
002dca58,0024ad18
002dca58,0024ad3c
002dca58,0024b0a0
002dcad8,0024ad18
002dcad8,0024ad3c
002dcad8,0024b0a0
002dcb28,00252edc
002dcb28,0026fa7c
002dcbd0,0024ad18
002dcbd0,0024ad3c
002dcbd0,0024b0a0
002dcc38,00249dd4
002dcc38,00252edc
002dcc38,0026fa7c
002dcc98,00249d08
002dcc98,002d67c0
002dccd0,002d6854
002dccfc,0024ad18
002dccfc,0024ad3c
002dccfc,0024b0a0
002dcd40,002a685c
002dcd40,002a68ec
002dcd40,002dc8c0
002dcda4,0024ab9c
002dcda4,0024ac00
002dcda4,0024b0a0
002dcda4,002a685c
002dcda4,002a68ec
002dcda4,002dc710
002dcdf8,002a685c
002dcdf8,002a68ec
002dcdf8,002dc930
002dce38,0024ab9c
002dce38,0024ac00
002dce38,0024b0a0
002dce38,002a685c
002dce38,002a68ec
002dce38,002dc710
002dce38,002dc9b4
002dceb0,0024ab9c
002dceb0,0024ac00
002dceb0,0024b0a0
002dceb0,002a685c
002dceb0,002a68ec
002dceb0,002dc710
002dceb0,002dc9b4
002dceb0,002dc9f0
002dcf5c,00247870
002dcf5c,0025bd90
002dcffc,00247828
002dd03c,00247798
002dd03c,00247828
002dd0d0,0024e1fc
002dd194,002476c0
002dd194,00247828
002dd378,00247828
002dd4a0,00247828
002dd630,002475c4
002dd68c,00247870
002dd6dc,00247870
002dd710,00247870
002dd760,00247870
002dd794,0029e654
002dd794,002a0b48
002dd794,002deb30
002dd794,0038c898
002dd794,0038d568
002dda84,001e5894
002dda84,002474b4
002dda84,002a7490
002ddc84,002dea2c
002ddcb4,0024c1a8
002ddcc8,002dd794
002ddcc8,002deadc
002ddda0,002a7490
002dde50,001e5870
002dde50,00247194
002dde50,002474b4
002dde50,0029cb10
002dde50,002a7490
002de588,0024dcd0
002de588,002a7490
002de5d8,0024ccc4
002de5d8,002a81f0
002de640,0024cabc
002de640,002a81f0
002de70c,0020d17c
002de7b8,0029cb10
002de7b8,002decc8
002de854,0029daa8
002de8ac,0029daa8
002de924,002deaa8
002dea2c,0024c1a8
002deae8,002de8ac
002deb00,002de8ac
002deb00,002dead4
002deb30,0024d7b8
002deb30,0024d7cc
002deb30,0038cf44
002decc8,0029ca50
002ded0c,0024f02c
002def98,00247040
002defec,00247040
002defec,002a81f0
002defec,003ae5f4
002df080,00247040
002df174,00246fa4
002df174,00290f50
002df174,0029d77c
002df174,002a7f5c
002df174,002a7f64
002df174,002a81f0
002df174,002a9020
002df6d4,00246fa4
002df6d4,0029e408
002df6d4,002a7e38
002df6d4,002a7f5c
002df6d4,002a7f64
002df6d4,002a81f0
002df6d4,002a9020
002dfbf8,001e7938
002dfbf8,00246be8
002dfbf8,00246e0c
002dfbf8,00246f28
002dfbf8,002843d0
002dfbf8,002a6dd8
002dfd40,001e7938
002dfe28,00246288
002dfe28,002464cc
002dfe28,00246528
002dfe28,00246bdc
002e0558,002619a8
002e0558,0026d2b4
002e0558,002e0b1c
002e08f8,001e633c
002e08f8,001e636c
002e08f8,001e6388
002e08f8,001e6410
002e08f8,002a7b94
002e08f8,002dfe28
002e08f8,002e0e70
002e0c4c,00245e44
002e0c4c,00245e58
002e0c4c,002619a8
002e0c4c,0026d24c
002e0c4c,0026d2b4
002e0c4c,002e0db0
002e0e70,00245d20
002e0e70,00245d7c
002e0e70,00246f28
002e0e70,0024a0fc
002e0e70,002843d0
002e0e70,002a5aa8
002e0e70,002a5ba0
002e0e70,002a67b8
002e0e70,002a6bac
002e0e70,002a6dd8
002e1014,00245924
002e1014,00245998
002e1014,002954f4
002e1014,002a8ffc
002e1014,0037d218
002e10a0,002696f8
002e10a0,00271208
002e10a0,00295d80
002e10a0,002a8ffc
002e10f8,00245924
002e10f8,0028a9d0
002e10f8,00294768
002e10f8,002954f4
002e11d8,00245924
002e11d8,00294768
002e11d8,002954f4
002e1258,00245924
002e1258,0026590c
002e1258,00294bd8
002e1258,002954f4
002e13c0,00245924
002e13c0,00265bb4
002e13c0,00294348
002e13c0,002954f4
002e14c8,00245924
002e14c8,0027b61c
002e14c8,002930d0
002e14c8,00294bd8
002e14c8,002954f4
002e15c8,00245924
002e15c8,00294348
002e15c8,002954f4
002e16b8,00149e80
002e16b8,00245924
002e16b8,0027236c
002e16b8,002930d0
002e16b8,00294bd8
002e16b8,002954f4
002e1780,00245924
002e1780,00294348
002e1780,00294394
002e1780,002954f4
002e1874,00245924
002e1874,00271208
002e1874,002712c0
002e1874,00289cec
002e1874,00294334
002e1874,00294348
002e1874,002954f4
002e1874,00295d80
002e1874,002a7030
002e1874,002a8ffc
002e19a8,00245924
002e19a8,00245998
002e19a8,0028a2b8
002e19a8,002942d4
002e19a8,00294320
002e19a8,00295ee4
002e19a8,00295f04
002e19a8,00295f10
002e19a8,002a6030
002e19a8,002a6188
002e19a8,002a7030
002e19a8,002a8ffc
002e19a8,002e2d20
002e19a8,0030a8c4
002e1b80,00245998
002e1b80,00271208
002e1b80,00289a3c
002e1b80,00293e74
002e1b80,00293f64
002e1b80,00293fa4
002e1b80,00296060
002e1b80,002a8ffc
002e1c9c,002876f0
002e1c9c,00291f20
002e1c9c,002954f4
002e1c9c,002a7030
002e1db8,0023fef4
002e1db8,00286904
002e1db8,00291f20
002e1db8,00293064
002e1e5c,00287048
002e1e5c,002954f4
002e1e5c,002a7030
002e1f28,00286fdc
002e1f28,00295d80
002e1f68,00286fdc
002e1f68,002876f0
002e1f68,00291f20
002e1f68,002954f4
002e1f68,002a7030
002e2050,0024590c
002e2050,0026efb0
002e2050,00281674
002e2050,0028689c
002e2050,00286a68
002e2050,00286ad0
002e2050,00286f54
002e2050,002876f0
002e2050,002908d0
002e2050,00291810
002e2050,00291f20
002e2050,002923f8
002e2050,00292620
002e2050,00292b60
002e2050,00292ee0
002e2050,00293064
002e2050,00294320
002e2050,00295ee4
002e2050,00295f04
002e2050,00295f10
002e2050,002965a8
002e2050,002965d8
002e2050,00296618
002e2050,002a6030
002e2050,002a6188
002e2050,002a7030
002e2050,002f3764
002e27a8,00245844
002e27a8,002458b8
002e27a8,002694c8
002e27a8,0027a630
002e27a8,002876f0
002e27a8,002954f4
002e27a8,002a8ffc
002e27a8,002e3988
002e27a8,0037d238
002e28f8,00245844
002e28f8,002458b8
002e28f8,002694c8
002e28f8,002876f0
002e28f8,0028f01c
002e28f8,002954f4
002e28f8,002a7030
002e28f8,002a8ffc
002e28f8,002e3a50
002e2a4c,0023fef4
002e2a4c,002694c8
002e2a4c,00286904
002e2a4c,00293064
002e2a4c,002e40c8
002e2b1c,00245844
002e2b1c,00287048
002e2b1c,002870b0
002e2b1c,002954f4
002e2ba0,00286fdc
002e2ba0,00295d80
002e2bd8,00245844
002e2bd8,002694c8
002e2bd8,00286f54
002e2bd8,00286fdc
002e2bd8,002954f4
002e2c64,00245844
002e2c64,002694c8
002e2c64,0027a630
002e2c64,002876f0
002e2c64,002892a4
002e2c64,0028f1d0
002e2c64,0028f2bc
002e2c64,002954f4
002e2d20,0023fef4
002e2d20,002456b8
002e2d20,00245844
002e2d20,00265a84
002e2d20,002694c8
002e2d20,0027a2e0
002e2d20,00281674
002e2d20,0028689c
002e2d20,00286904
002e2d20,00286a68
002e2d20,00286ad0
002e2d20,0028cb80
002e2d20,0028eea0
002e2d20,00291fa8
002e2d20,002923f8
002e2d20,00292620
002e2d20,00292b60
002e2d20,00293064
002e2d20,00295f04
002e2d20,00295f10
002e2d20,002965a8
002e2d20,002965d8
002e2d20,00296618
002e2d20,0029e630
002e2d20,002a6030
002e2d20,002a6188
002e2d20,002a7030
002e2d20,002a7f5c
002e2d20,002a7f64
002e2d20,002e40c8
002e2d20,002e4110
002e2d20,002f3764
002e370c,00291f20
002e370c,00295d80
002e3758,002a6030
002e3758,002a7030
002e3858,00295d80
002e389c,00291f20
002e389c,002954f4
002e389c,002a7030
002e3988,002a6030
002e3988,002a7030
002e3a50,0023ffe4
002e3a50,00290f90
002e3a50,00291304
002e3a50,00291810
002e3a50,00291f20
002e3a50,002923f8
002e3a50,00292c10
002e3a50,0029373c
002e3a50,00293814
002e3a50,00295ee4
002e3a50,00295f04
002e3a50,00295f10
002e3a50,00296200
002e3a50,002965d8
002e3a50,00296618
002e3a50,002a6030
002e3a50,002a6188
002e3a50,002a7030
002e3a50,002f3764
002e40c8,0023fef4
002e40c8,00293064
002e4110,00290204
002e4110,002923f8
002e4110,00292b60
002e4110,00295f04
002e4110,00295f10
002e4110,002965a8
002e4110,002965d8
002e4110,00296618
002e4110,002a6188
002e4110,002f3764
002e432c,00296060
002e4330,00245698
002e436c,0023ffe4
002e436c,002954f4
002e436c,002a7030
002e4464,0023ffe4
002e4464,00245698
002e4464,002954f4
002e4464,002a7030
002e458c,0023ffe4
002e458c,00295d80
002e45d0,0023ffe4
002e45d0,00287048
002e45d0,002954f4
002e45d0,002a7030
002e46d0,00295d80
002e4700,0023ffe4
002e4700,00286a68
002e4700,0028cd0c
002e4700,0028d054
002e4700,0028d410
002e4700,00290c00
002e4700,00290cb8
002e4700,00293e74
002e4700,00294320
002e4700,00294bd8
002e4700,00295ee4
002e4700,00295f04
002e4700,00295f10
002e4700,002965d8
002e4700,00296618
002e4700,002a6030
002e4700,002a6188
002e4700,002a7030
002e4abc,0023ffe4
002e4abc,00280e90
002e4abc,0028cdb4
002e4abc,002954f4
002e4abc,002a7030
002e4abc,002ebd6c
002e4abc,002ee808
002e4abc,00352380
002e4c50,00294768
002e4c50,002954f4
002e4c50,002a7030
002e4d18,00280e90
002e4d18,0028cdb4
002e4d18,00290c00
002e4d18,00290c60
002e4d18,002954f4
002e4d18,002a7030
002e4d18,002ebd6c
002e4d18,002ee808
002e4e90,0028cc54
002e4e90,00290c00
002e4e90,00290c60
002e4e90,002954f4
002e4e90,002a7030
002e4fa4,00287048
002e4fa4,002954f4
002e4fa4,002a7030
002e5088,00286fdc
002e5088,002954f4
002e5088,00295d80
002e5088,002a7030
002e5180,00291f20
002e5180,002954f4
002e5180,002a7030
002e5248,0023ffe4
002e5248,002954f4
002e5248,002a7030
002e534c,0023ffe4
002e534c,00287048
002e534c,002954f4
002e534c,002a7030
002e5438,00286fdc
002e5438,00295d80
002e5470,0023ffe4
002e5470,002954f4
002e5470,002a7030
002e5570,00286fdc
002e5570,00291f20
002e5570,002954f4
002e5570,002a7030
002e5644,0023ffe4
002e5644,00295d80
002e5688,0023ffe4
002e5688,0026efb0
002e5688,00286a68
002e5688,0028cc54
002e5688,0028d054
002e5688,00291810
002e5688,00291f20
002e5688,00294320
002e5688,00295ee4
002e5688,00295f04
002e5688,00295f10
002e5688,00296618
002e5688,002a6030
002e5688,002a6188
002e5688,002a7030
002e5a08,0028d04c
002e5a08,002930d0
002e5a48,0023ffe4
002e5a48,0028cfb8
002e5a48,0028cfec
002e5a48,0028eb70
002e5a48,00294348
002e5a48,00295d80
002e5a48,002a7490
002e5a48,002e5b28
002e5b28,0028cdb4
002e5b28,0028ce4c
002e5b28,0028cf70
002e5b28,00294320
002e5b28,00294bd8
002e5b28,00295f50
002e5b28,002965d8
002e5b28,002a6030
002e5b28,002a7030
002e5b28,002a7490
002e5df0,0028cd1c
002e5df0,0028cda4
002e5df0,0028cdb4
002e5df0,0028ce4c
002e5df0,002954f4
002e5df0,00295d80
002e5df0,002a7030
002e5df0,003492bc
002e5fa8,0028cd0c
002e5fa8,0028eb70
002e5fa8,00294348
002e5fa8,00295d80
002e5ff0,0010f358
002e5ff0,00145cc0
002e5ff0,00145cd0
002e5ff0,00145d18
002e5ff0,00145f58
002e5ff0,0015112c
002e5ff0,001513f0
002e5ff0,001bb888
002e5ff0,001c35c0
002e5ff0,001e252c
002e5ff0,001e2f28
002e5ff0,001e380c
002e5ff0,001e6460
002e5ff0,001e64e4
002e5ff0,001e7938
002e5ff0,0020b2e8
002e5ff0,0023fef4
002e5ff0,00245054
002e5ff0,00245108
002e5ff0,002451bc
002e5ff0,002452d8
002e5ff0,00263d94
002e5ff0,0026cfc0
002e5ff0,00289cec
002e5ff0,0028a7b4
002e5ff0,0028d0ac
002e5ff0,0028d174
002e5ff0,0028d410
002e5ff0,002906d0
002e5ff0,0029427c
002e5ff0,00296618
002e5ff0,00298394
002e5ff0,0029989c
002e5ff0,0029a7cc
002e5ff0,002a6e2c
002e5ff0,002a7030
002e5ff0,002a8ffc
002e5ff0,002e72a8
002e5ff0,002e7c98
002e5ff0,002e9710
002e5ff0,002e9720
002e5ff0,002e9730
002e5ff0,002e97fc
002e5ff0,002e9eb0
002e5ff0,002ec220
002e5ff0,002ec4ec
002e5ff0,002ec510
002e5ff0,002ee3ec
002e5ff0,002ee66c
002e5ff0,002ef108
002e5ff0,002ef290
002e5ff0,002ef404
002e5ff0,002ef41c
002e5ff0,002ef434
002e5ff0,002ef44c
002e5ff0,002efeac
002e5ff0,002f2fc4
002e5ff0,002f31f0
002e5ff0,002f3200
002e5ff0,002f36fc
002e5ff0,00309524
002e5ff0,00309634
002e5ff0,0031e4c8
002e5ff0,00329fbc
002e5ff0,00349018
002e5ff0,003491d8
002e5ff0,00349f14
002e5ff0,00350900
002e5ff0,00350c1c
002e5ff0,00356088
002e5ff0,0036c9b0
002e5ff0,0036dfd0
002e6dbc,00296060
002e6dbc,002ec2d4
002e6de0,002447d4
002e6de0,00244904
002e6e94,0029a360
002e6e94,0029d77c
002e6e94,002a7f5c
002e6e94,002a7f64
002e6e94,002a81f0
002e6e94,002a9020
002e7154,00293814
002e7154,0029a3f4
002e7154,002a7f64
002e7208,00294320
002e7208,00295ee4
002e7208,00295f04
002e7208,00295f10
002e7208,002a6188
002e7274,00293e74
002e7274,00293fa4
002e7274,00296060
002e72b0,002a7030
002e72b0,002e72d8
002e72d8,0023ffe4
002e72d8,00295ee4
002e72d8,00295f04
002e72d8,00295f10
002e72d8,00296618
002e72d8,002a6188
002e7408,0029a360
002e7408,0029d77c
002e7408,002a7f5c
002e7408,002a7f64
002e7408,002a81f0
002e7408,002a9020
002e76c8,0029a3f4
002e76e4,002a7f5c
002e7748,00289f98
002e7748,00299c28
002e7748,002a7030
002e7748,003184a8
002e7798,00160f68
002e7798,00244420
002e7798,00254c60
002e7798,002553f0
002e7798,00255480
002e7798,0027ad60
002e7798,0027b664
002e7798,002a7f5c
002e7798,002a7f88
002e7798,002a88e4
002e7798,002a8f8c
002e7c98,0029373c
002e7ca8,00255480
002e7ca8,0026cb00
002e7ca8,00274adc
002e7ca8,00280c94
002e7ca8,002a7f5c
002e7ca8,002a7f64
002e7ca8,002a88e4
002e7ca8,002a8938
002e7f0c,002a7f5c
002e7f0c,002a7f64
002e8154,002a7f5c
002e8154,002a7f64
002e839c,002442a4
002e83d8,002a8938
002e83f0,002a7f5c
002e83f0,002a7f64
002e863c,0026cb00
002e8648,00254c60
002e8648,002a7f5c
002e8648,002a7f64
002e89c4,002a7f5c
002e89c4,002a7f64
002e89c4,002a88e4
002e89c4,002a8938
002e89c4,002a8e0c
002e8c24,00160f50
002e8c54,002a7f5c
002e8c54,002a7f64
002e8e9c,002a7f5c
002e8e9c,002a7f64
002e90dc,0027b664
002e90dc,00293814
002e90dc,0029a360
002e90dc,0036f358
002e925c,002a8ffc
002e925c,002e926c
002e926c,00254c60
002e926c,002553f0
002e926c,00255480
002e926c,0027ad60
002e926c,002861ec
002e926c,002a7f5c
002e926c,002a88e4
002e9528,002a7f64
002e9730,002a7f5c
002e9730,002a7f88
002e9730,002a8f8c
002e980c,0024096c
002e980c,002a7f5c
002e980c,002a7f88
002e980c,002e9528
002e99cc,0024096c
002e99cc,002a7f5c
002e9a7c,0024094c
002e9a7c,002a685c
002e9a7c,002a68ec
002e9aac,002408e8
002e9aac,002a685c
002e9aac,002a68ec
002e9b08,0024dec0
002e9b08,002b9454
002e9b94,0024dec0
002e9b94,002b9454
002e9c64,0024dec0
002e9c88,0020cef4
002e9c88,0029ca50
002e9c88,002a597c
002e9c88,002a59f0
002e9c88,002a7f64
002e9c88,002c5898
002e9c88,002c6468
002e9eb0,002a7e38
002e9eb0,002a7f5c
002e9eb0,002a7f64
002e9eb0,002a81f0
002e9eb0,002a8f8c
002e9eb0,002a9020
002ea0e0,002696f8
002ea0e0,002c548c
002ea0e0,002c64c0
002ea144,002c548c
002ea16c,0024f934
002ea16c,002772c8
002ea16c,002a8f8c
002ea16c,002eee7c
002ea308,002a4f08
002ea37c,002772c8
002ea3a8,002408b0
002ea3a8,00295f48
002ea3a8,002ec124
002ea3d4,002ea584
002ea480,00240574
002ea480,002408b0
002ea480,0028cda4
002ea480,0028ebe8
002ea480,00295d80
002ea480,002ec124
002ea584,0023ffe4
002ea584,0023ffe8
002ea584,00240570
002ea584,002408b0
002ea584,00285df0
002ea584,0028eb70
002ea584,002a7030
002ea584,002a7490
002ea584,002c6f98
002ea584,002ef718
002ea780,0023ffa0
002ea780,002408b0
002ea780,002408d8
002ea780,0028cda4
002ea780,0028ebe8
002ea780,00290cb8
002ea780,00292ee0
002ea780,00295f50
002ea780,002a6030
002ea780,002a7030
002ea780,002ec124
002eab7c,00292e84
002eab7c,00292ee0
002eaba8,0023ff58
002eabd8,002408b0
002eabd8,00295f48
002eabd8,002ec124
002eac10,002408b0
002eac10,00295d80
002eac10,002ec124
002eac84,0023ffe4
002eac84,00240570
002eac84,002408b0
002eac84,002408d8
002eac84,00285df0
002eac84,0028eb70
002eac84,0028ebe8
002eac84,00295d80
002eac84,00295f50
002eac84,002a7030
002eac84,002a7490
002eac84,002c6f98
002eac84,002ec124
002eac84,002ef718
002eaf18,002408b0
002eaf18,0028ebe8
002eaf18,00290cb8
002eaf18,002a6030
002eaf18,002a7030
002eaf18,002ec124
002eb1d0,00292e84
002eb1d0,00292ee0
002eb1fc,00295ee4
002eb214,0023ff3c
002eb340,00102508
002eb340,002a7f54
002eb340,002a7f5c
002eb340,002a7f64
002eb340,002a7f88
002eb340,002a81f0
002eb340,002a9020
002eb938,00260cbc
002eb938,002a6030
002eb938,002a7030
002eba08,0020c58c
002eba08,00295d80
002eba08,0029e594
002eba08,002a1384
002eba08,002a582c
002eba48,002a6188
002eba58,00293fa4
002eba58,00295d80
002eba7c,001e6a40
002ebaa8,002a6030
002ebaa8,002a7030
002ebb90,002a6030
002ebb90,002a7030
002ebc60,001e6aa0
002ebc60,0023ff30
002ebc60,00295d80
002ebc60,0029e594
002ebc60,002a1384
002ebc60,002a582c
002ebce0,001e6a4c
002ebce0,0023ff30
002ebce0,00295d80
002ebd0c,001e6e8c
002ebd28,00295d80
002ebd34,002a6188
002ebd5c,00293fa4
002ebd6c,0023ff00
002ebe9c,0023f108
002ebed8,0038f558
002ebf08,002a182c
002ebf08,0038f4ac
002ebf30,0010d5c8
002ebf30,0010d6b0
002ebf30,0029faf0
002ebf30,002a182c
002ebf30,0038f200
002ebfa0,001166e8
002ebfa0,002a182c
002ebfa0,0038f200
002ebfa0,0038f420
002ebfcc,0029faf0
002ebff8,0029faf0
002ec028,0023fee8
002ec028,00375144
002ec124,00290cb8
002ec1c4,0025160c
002ec1c4,002ee8ac
002ec1c4,0038f3d8
002ec290,001e7a68
002ec290,002843d0
002ec2dc,002a5d88
002ec2dc,002a5da8
002ec2dc,002a7f64
002ec4fc,00216ac8
002ec52c,0023fe78
002ec52c,002a5d88
002ec52c,002a5da8
002ec574,0023fe78
002ec574,002a5d88
002ec574,002a5da8
002ec5d0,0023fdc0
002ec5d0,0023fe54
002ec5d0,002e96ec
002ec6f0,0023fd74
002ec6f0,0023fdc0
002ec6f0,002e980c
002ec7a0,0023fdc0
002ec7a0,00267578
002ec898,0023fdc0
002ec898,00267578
002ec9c8,0023fd74
002ec9c8,002e99cc
002eca28,00247040
002eca80,00247040
002ecb90,0023fc54
002ecb90,0028cdb4
002ecb90,0029cb14
002ecb90,0029e564
002ecb90,002efac0
002ecb90,002efad0
002ecb90,002f0294
002ecc40,0028cfec
002ecc40,00296124
002ecc74,002a54d8
002ecc74,002ae0e0
002ecc74,002b34c0
002eccd8,0020ecf0
002eccd8,0023fc20
002eccd8,002a7f5c
002eccd8,002a7f64
002eccd8,002f20d0
002ed2c4,002a7f5c
002ed2c4,002ed224
002ed2f0,0028cda4
002ed2f0,0028ebe8
002ed2f0,00290cb8
002ed2f0,00295f50
002ed2f0,002ec124
002ed35c,0023fbe8
002ed35c,00295d80
002ed35c,002ec124
002ed3d0,0023fbe8
002ed3d0,0023fd70
002ed3d0,0023ffe4
002ed3d0,0023ffe8
002ed3d0,00285df0
002ed3d0,0028eb70
002ed3d0,00295d80
002ed3d0,002a7030
002ed3d0,002a7490
002ed3d0,002c6f98
002ed3d0,002ec6f0
002ed590,0028cda4
002ed590,0028ebe8
002ed590,00290cb8
002ed590,00295f50
002ed590,002a6030
002ed590,002a7030
002ed590,002ec124
002ed7b4,00292e84
002ed7b4,00292ee0
002ed7e0,0023ff58
002ed7e8,0023fbbc
002ed7e8,0024cc44
002ed7e8,003a90b4
002ed970,003939cc
002eda10,0010bb2c
002eda10,002a0450
002eda10,002a05ac
002eda10,002a0620
002eda10,002a0650
002eda10,002a097c
002eda10,002a5aa8
002eda10,002a5ac0
002eda10,002a5b48
002eda10,002a5ba0
002eda10,002a67b8
002eda10,002a6bac
002eda10,002a7f5c
002eda10,003a978c
002edc88,002a0650
002edc88,002a5aa8
002edc88,002a5ba0
002edc88,002a67b8
002edc88,002a7f5c
002edc88,003a978c
002edda8,0029f694
002edda8,002a685c
002edda8,002a68ec
002ede4c,0029c448
002ede4c,002a5260
002ede4c,002a685c
002ede4c,002a68ec
002edf2c,0010610c
002edf2c,00209d4c
002edf2c,00209ed4
002edf2c,0020a010
002edf2c,0020a148
002edf2c,0020a1dc
002edf2c,0020ad64
002edf2c,0023fb0c
002edf2c,00290cb8
002edf2c,0029d56c
002edf2c,0029e594
002edf2c,0029f060
002edf2c,002a1384
002edf2c,002a582c
002edf2c,002a685c
002edf2c,002a68ec
002edf2c,002a707c
002edf2c,002a708c
002ee1e4,00105c14
002ee1e4,00105c20
002ee1e4,00105d50
002ee1e4,00105d68
002ee2f4,0026d39c
002ee2f4,0026d3f4
002ee2f4,0026d44c
002ee32c,0023fafc
002ee32c,0024d42c
002ee32c,0024d4c4
002ee32c,0024d6fc
002ee32c,002a0978
002ee32c,002a54e8
002ee32c,002deae8
002ee3ec,00120ff0
002ee3ec,00121524
002ee3ec,001e63a4
002ee3ec,001e63f4
002ee3ec,0024d42c
002ee3ec,0024d4c4
002ee3ec,0024d6fc
002ee3ec,002a67b8
002ee488,0023fafc
002ee488,002853fc
002ee488,002a0978
002ee488,002deae8
002ee488,002deb00
002ee4dc,0024094c
002ee4dc,002a685c
002ee4dc,002a68ec
002ee50c,002408e8
002ee50c,002a685c
002ee50c,002a68ec
002ee568,002408e8
002ee568,002a685c
002ee568,002a68ec
002ee5d4,0023fae8
002ee5d4,002a1b5c
002ee66c,0023facc
002ee73c,002a1b5c
002ee78c,002c982c
002ee840,002f1848
002ee8ac,002a7f64
002ee8ac,003a9f18
002ee990,002ee9a4
002ee9a4,002a7f5c
002eea74,0024f934
002eea74,002a8f8c
002eea74,002b97f0
002eeb30,002a7030
002eee04,002a8ffc
002eeed4,0012261c
002eeed4,002a50d0
002eef54,0023f9ac
002eef54,002a5c34
002eeff8,0023f94c
002eeff8,002a02a4
002ef07c,003aa854
002ef12c,002a02a4
002ef24c,002a8ffc
002ef290,00209d90
002ef290,00209ec0
002ef290,00209fec
002ef290,0023ffe4
002ef290,00296618
002ef290,0029f658
002ef290,0029f694
002ef290,002a6030
002ef290,002a685c
002ef290,002a68ec
002ef40c,0023f8e0
002ef424,0023f8e0
002ef43c,0023f8e0
002ef454,0023f8e0
002ef46c,0023f8e0
002ef484,0023f8e0
002ef494,0023f8e0
002ef524,00290cb8
002ef570,0023f84c
002ef570,0023fe54
002ef570,0028116c
002ef570,002e96ec
002ef6fc,0023f84c
002ef718,0023f84c
002ef718,0023fd74
002ef718,002e980c
002ef7cc,0023f84c
002ef7cc,00267578
002ef8e4,0023f84c
002ef8e4,00267578
002efa14,002e9954
002efa60,0023fd74
002efa60,002e99cc
002efad0,0024dcc8
002efad0,0027707c
002efad0,002904e8
002efdac,0023f7ec
002efdac,0023fc54
002efdac,0029cb14
002efdac,0029e564
002efdac,002ebf08
002efdac,002ebfa0
002efebc,002923f8
002efebc,002c6fa0
002efebc,002efebc
002efebc,002f37a0
002eff88,002080e0
002eff88,0020851c
002eff88,0023f7d8
002eff88,0023f7ec
002eff88,0023fc54
002eff88,0029cb14
002eff88,0029e564
002eff88,002a4f08
002eff88,002ebed8
002eff88,002ec4dc
002eff88,002efad0
002eff88,00372124
002f02a0,00102394
002f02e0,0023f69c
002f02e0,0023f6e8
002f02e0,0023fe54
002f02e0,00276964
002f02e0,002954f4
002f04c8,0023f630
002f04c8,0023f6e8
002f04c8,0023ff3c
002f04c8,00247798
002f04c8,00276964
002f04c8,002954f4
002f064c,00292ee0
002f064c,002965d8
002f0690,002f04c8
002f06cc,002f04c8
002f0710,0023f69c
002f0710,0023f6e8
002f0710,0023ff3c
002f0710,00276964
002f0710,002a6030
002f0710,0037d770
002f087c,0023f630
002f087c,00276964
002f08f8,0023f630
002f08f8,00276964
002f0980,0023f6e8
002f0980,002954f4
002f0a18,0023f69c
002f0a18,0023f6e8
002f0a18,0023fe54
002f0a18,00276964
002f0a18,002954f4
002f0b14,0023f69c
002f0b14,0023f6e8
002f0b14,0023fe54
002f0b14,0023ff3c
002f0b14,00276964
002f0b14,002954f4
002f0d54,0023f630
002f0d54,0023f69c
002f0d54,0023f6e8
002f0d54,0023ff3c
002f0d54,00276964
002f0d54,002954f4
002f0d54,002f0710
002f0f08,0023f4ec
002f0f38,0023f630
002f0f38,0023f69c
002f0f38,00295d80
002f10ac,002a8df8
002f10b8,002a0978
002f10b8,002a54e8
002f10b8,002b8fac
002f1148,00285434
002f115c,00143304
002f115c,0014349c
002f115c,001434cc
002f115c,0023f240
002f115c,0023f458
002f115c,00269d00
002f115c,00299f50
002f115c,002a0964
002f115c,002a097c
002f115c,002a54e8
002f115c,002eda10
002f115c,002edc88
002f16a4,00285434
002f16c4,0014349c
002f16c4,002853fc
002f16c4,002a097c
002f1700,00254438
002f1700,00269d00
002f1700,002a81f0
002f1860,002405a8
002f1860,002965d8
002f1860,002a7f5c
002f1860,002a7f64
002f1860,002a81f0
002f1860,002a8f8c
002f1860,002a9020
002f1860,002f1b20
002f1b20,0023ffe4
002f1b20,0028eb70
002f1b20,0028ebe8
002f1b20,00295d80
002f1b20,002a6030
002f1b20,002a7030
002f1b20,002a7490
002f1b20,002ee5d4
002f1c78,002954f4
002f1c78,002a7030
002f1d4c,0023ff3c
002f1d4c,002917b4
002f1d4c,002954f4
002f1d4c,002a7030
002f1d4c,0037da14
002f1ee0,00290f04
002f1ee0,00292600
002f1ee0,002954f4
002f1ee0,002a7030
002f1ee0,002ee78c
002f2014,00294320
002f2014,00295ee4
002f2014,002a6188
002f2078,0028eb70
002f2078,00293e74
002f2078,00293fa4
002f2078,00295d80
002f20d4,0025165c
002f20e8,0020ff44
002f20e8,002a54d8
002f20e8,002ebf08
002f20e8,002ebfa0
002f20e8,002f2b74
002f21fc,0023f194
002f21fc,002a54d8
002f21fc,002ac9e4
002f21fc,002ac9f0
002f21fc,002ae2bc
002f21fc,002ecc74
002f21fc,003b0020
002f24b0,0020ff44
002f24b0,002169f0
002f24b0,002ebed8
002f24b0,002f2b74
002f2608,002112e0
002f2608,00212c58
002f2608,0023f75c
002f2608,0025165c
002f2608,002ab328
002f2608,002aca70
002f2608,002ade68
002f2608,002ae2cc
002f2608,002b192c
002f2608,002b62d4
002f2608,002ebf30
002f2608,002eccd8
002f2608,002f2ddc
002f2608,002f3b30
002f2b74,002165fc
002f2b74,002a54d8
002f2b74,002b7a4c
002f2b74,002bf520
002f2b74,002ec4fc
002f2b74,002f3ab8
002f2b74,003af490
002f2b74,003af6e4
002f2ddc,0023f108
002f2ddc,002ebfcc
002f2ddc,002ec52c
002f2ddc,002ed224
002f2f54,00295f04
002f2f54,00295f10
002f2f54,002ed2b0
002f2f54,002f3e00
002f2f84,002ebe9c
002f2f84,002ebff8
002f2f84,002ec574
002f2f84,002ed2c4
002f2f84,002f2ddc
002f2fc4,002a7e38
002f2fc4,002a7f5c
002f2fc4,002a7f64
002f2fc4,002a81f0
002f2fc4,002a8f8c
002f2fc4,002a9020
002f3210,0020923c
002f3210,002092d8
002f3210,00209428
002f3210,00209458
002f3210,00295d80
002f3210,00299f50
002f3210,0029a360
002f3210,0029e594
002f3210,002a1384
002f3210,002a582c
002f3210,002a7f5c
002f3210,002a7f64
002f3210,002a81f0
002f36bc,00299f50
002f37a0,0023ff00
002f3840,0020c6d4
002f3840,002a6030
002f3840,002a7030
002f3938,0020c6d4
002f3938,002a6030
002f3938,002a7030
002f3a30,0020c744
002f3a30,0020c7d4
002f3a30,0020c804
002f3a30,00295d80
002f3a30,0029e594
002f3a30,002a1384
002f3a30,002a582c
002f3a94,002a6188
002f3aa8,00293fa4
002f3ac4,00208130
002f3b30,0023f108
002f3b30,0023fc20
002f3b30,002f3c4c
002f3c4c,00106038
002f3c4c,002bee24
002f3c4c,002ebe08
002f3e00,00208868
002f3e00,002ebe90
002f3e40,00275e7c
002f3e40,00290ea8
002f3e40,00293064
002f3e40,002965a8
002f3e40,002ee6dc
002f3e40,002ee6e8
002f3e40,0037d924
002f3ee0,00275dd4
002f3ee0,00291884
002f3f24,0023ffa0
002f3f24,00275dd4
002f3f24,00291884
002f3f24,00292ee0
002f4088,00294320
002f4088,002965d8
002f4088,002a7490
002f4088,002a7f5c
002f4088,002a7f64
002f4088,002a7f88
002f4088,002a81f0
002f4088,002a8f8c
002f4088,002a9020
002f4088,002f4564
002f4564,00275dd4
002f4564,002835e0
002f4564,00291810
002f4564,002a7030
002f4564,002a7b94
002f4564,002a7f5c
002f4564,002a7f64
002f4564,002ea3d4
002f4950,002835e0
002f4950,002a7f5c
002f4998,00254c60
002f4998,002a7f5c
002f4998,002a7f64
002f4d14,0023ef88
002f4d14,002618c4
002f4d14,0027b664
002f4d80,00254c60
002f4d80,002861f0
002f4d80,002a7f5c
002f4d80,002a8ffc
002f4e44,00291f20
002f4e4c,002917b4
002f4e4c,0029654c
002f4e4c,002965a8
002f4e4c,002965d8
002f4f04,0023fef4
002f4f04,00293064
002f4f64,00291884
002f4f70,00281a18
002f4f70,002917b4
002f4f70,00291810
002f4f70,002923f8
002f4f70,00295f04
002f4f70,00295f10
002f4f70,00296200
002f4f70,0029654c
002f4f70,002965a8
002f4f70,002965d8
002f4f70,00296618
002f4f70,002a6188
002f4f70,002a7030
002f4f70,002ea3a8
002f4f70,002f3764
002f52a0,00276e04
002f52a0,00276f08
002f52f4,003011c0
002f5324,00276f08
002f5358,00276e68
002f5358,00291294
002f539c,00290f90
002f539c,002923f8
002f539c,002965d8
002f539c,002f3764
002f55bc,00301808
002f55d4,003017f8
002f55ec,00290f90
002f55ec,002923f8
002f55ec,00295d80
002f55ec,002965d8
002f55ec,002a8ffc
002f55ec,002f3764
002f57f0,0023eb28
002f57f0,002814fc
002f57f0,0028367c
002f57f0,00283784
002f57f0,00289100
002f57f0,0028915c
002f57f0,00289258
002f57f0,00289280
002f57f0,00289c5c
002f57f0,0028a45c
002f57f0,0028fa04
002f57f0,00290f90
002f57f0,0029114c
002f57f0,002923f8
002f57f0,00292c10
002f57f0,00293ca4
002f57f0,00294320
002f57f0,00295ee4
002f57f0,00295f04
002f57f0,00295f10
002f57f0,002965d8
002f57f0,002a6030
002f57f0,002a6188
002f57f0,002a7030
002f57f0,002ebd6c
002f57f0,002ee808
002f57f0,002f3764
002f5e2c,002a8ffc
002f5e2c,002f5e3c
002f5e3c,0023eac4
002f5e3c,002890b0
002f5e3c,0028f45c
002f5e3c,00293e74
002f5e3c,00293fa4
002f5e3c,00296060
002f5e3c,002ee808
002f6044,0028d04c
002f6060,00291294
002f6088,0023ea58
002f6088,0023eb28
002f6118,0023eac4
002f6118,00296060
002f6118,002a8ffc
002f613c,0023e950
002f613c,002876f0
002f617c,002923f8
002f617c,00292c10
002f617c,002f3764
002f62a8,002923f8
002f62a8,002f3764
002f63e8,0023fef4
002f63e8,00291f20
002f63e8,00293064
002f6504,0023e950
002f651c,002923f8
002f651c,00292c10
002f651c,002f3764
002f6648,002923f8
002f6648,00292c10
002f6648,002f3764
002f6774,00287048
002f6774,002870b0
002f6774,002954f4
002f6774,002a7030
002f686c,00286fdc
002f686c,00295d80
002f68a8,00286f54
002f68a8,00286fdc
002f68a8,00291f20
002f68a8,002954f4
002f68a8,002a7030
002f6a00,00276f08
002f6a00,0028d04c
002f6a00,002930d0
002f6a58,00276e68
002f6a58,00291294
002f6a58,002930d0
002f6abc,002a8ffc
002f6abc,002f6acc
002f6acc,0023eac4
002f6acc,002890b0
002f6acc,0028f45c
002f6acc,00293e74
002f6acc,00293fa4
002f6acc,00296060
002f6bd8,00168734
002f6bd8,00168798
002f6bd8,001688c0
002f6bd8,00168ba8
002f6bd8,0023eb28
002f6bd8,00281f1c
002f6bd8,002863c8
002f6bd8,002a0964
002f6bd8,002a7030
002f6bd8,002a8ffc
002f6fa8,0023eac4
002f6fa8,002863c8
002f6fa8,002a8ffc
002f7070,002923f8
002f7070,00292c10
002f7070,002f3764
002f7128,002923f8
002f7128,00292c10
002f7128,002f3764
002f71e0,0027ed28
002f71e0,0028936c
002f71e0,002923f8
002f71e0,00292c10
002f71e0,00296618
002f71e0,002f3764
002f75f0,002923f8
002f75f0,00292c10
002f75f0,002f3764
002f76a8,00295f04
002f76a8,00295f10
002f76a8,002a6188
002f76f4,0023e6c4
002f76f4,00281bbc
002f76f4,00293fa4
002f76f4,002a8ffc
002f76f4,003911f8
002f7740,0028d04c
002f775c,00291294
002f7780,0023eb28
002f7780,002f7d60
002f7818,0023eac4
002f7818,00296060
002f7818,002a8ffc
002f7840,0023e6c4
002f7840,002863c8
002f7840,00293fa4
002f7840,002a8ffc
002f791c,0028936c
002f791c,002923f8
002f791c,00292c10
002f791c,00296618
002f791c,002f3764
002f7d08,002923f8
002f7d08,002f3764
002f7d60,00295f04
002f7d60,00295f10
002f7d60,002a6188
002f7d60,002f7918
002f7dcc,00291f20
002f7ea4,00281b84
002f7ea4,00292a24
002f7f20,00285df0
002f7f20,0028cd0c
002f7f20,00290c00
002f7f20,00290c60
002f7f20,00291294
002f7f20,00291f20
002f7f20,00295f50
002f7f20,002961f4
002f7ffc,0023fef4
002f7ffc,00293064
002f8050,001c3430
002f8050,0023fef4
002f8050,0027707c
002f8050,00290ea8
002f8050,00291294
002f8050,002917b4
002f8050,002965d8
002f8050,002ee64c
002f8050,002ee708
002f831c,00291884
002f8328,00285df0
002f8328,00290c60
002f8328,00291f20
002f8328,002961f4
002f8328,002a6030
002f8328,002a7030
002f8484,00290c00
002f8484,00290c60
002f8484,00290cb8
002f8484,00295d80
002f84e0,0023e650
002f84e0,0028a9d0
002f84e0,002954f4
002f8584,0023e644
002f85b8,0023e498
002f85b8,0023e644
002f85b8,0023e650
002f85b8,0023e6c4
002f85b8,002954f4
002f85b8,002a7030
002f85b8,002a8ffc
002f85b8,002ffd58
002f86ac,0023e644
002f86ac,0023e6c4
002f86ac,00295d80
002f86ac,002a8ffc
002f870c,0023c424
002f870c,0023e650
002f870c,00281bbc
002f870c,00281ec0
002f870c,002954f4
002f870c,002a8ffc
002f87b4,0023e48c
002f87b4,0023e650
002f87b4,00281bbc
002f87b4,00281ec0
002f87b4,002954f4
002f87b4,002a8ffc
002f87b4,002f93e0
002f8970,001d6b58
002f8970,0023c3b4
002f8970,0023c424
002f8970,0023e464
002f8970,0023e48c
002f8970,0023e650
002f8970,0027c338
002f8970,00281bbc
002f8970,00281ec0
002f8970,002954f4
002f8970,002a8ffc
002f8b70,0023e650
002f8b70,00280ab4
002f8b70,00280afc
002f8b70,00281bbc
002f8b70,0028936c
002f8b70,002954f4
002f8b70,002a7030
002f8b70,002a8ffc
002f8b70,002f93e0
002f8b70,002fa478
002f8b70,0036a8d8
002f8b70,0037e50c
002f8e94,0023c424
002f8e94,0023e650
002f8e94,002954f4
002f8e94,002fcee4
002f8f64,0023e650
002f8f64,00294768
002f8f64,002954f4
002f8ff0,0023c3b4
002f8ff0,0023c424
002f8ff0,0023e48c
002f8ff0,0023e650
002f8ff0,002954f4
002f919c,0023c424
002f919c,0023e48c
002f919c,0023e650
002f919c,00281bbc
002f919c,00294750
002f919c,002954f4
002f919c,002a8ffc
002f9248,0023ccc0
002f9248,0023e498
002f9248,0023e650
002f9248,0023e6c4
002f9248,0028936c
002f9248,002954f4
002f9248,002a7030
002f9248,002a8ffc
002f9248,0037e550
002f9248,0037e55c
002f93e0,0021b50c
002f93e0,00264830
002f93e0,00280c94
002f93e0,00281bbc
002f93e0,002a7030
002f93e0,002a7f5c
002f93e0,002a7f64
002f93e0,002a8ffc
002f93e0,00369e80
002f93e0,0036aeb8
002f93e0,00370d90
002f93e0,003714fc
002f93e0,003aca20
002f93e0,003ad2d0
002f99b0,0023ccc0
002f99b0,0023e650
002f99b0,0023e6c4
002f99b0,0028936c
002f99b0,002942d4
002f99b0,002a6030
002f99b0,002a6188
002f99b0,002a7030
002f99b0,002a7f64
002f99b0,002a8ffc
002f9dc8,00292ee0
002f9dc8,002965d8
002f9dc8,003005ec
002f9e48,002876f0
002f9e48,002fa33c
002f9e88,00292d1c
002f9e88,00293460
002f9e88,00299b78
002f9e88,00299c38
002f9e88,002fa33c
002f9f68,0023cc74
002f9f68,00291f20
002f9f68,0030055c
002f9f68,003006fc
002fa0ac,002870b0
002fa0ac,002954f4
002fa0ac,002a7030
002fa0ac,0030070c
002fa1e4,00295d80
002fa220,0023cc74
002fa220,00286f54
002fa220,00291f20
002fa220,002954f4
002fa220,002a7030
002fa33c,0023cc74
002fa33c,002876f0
002fa33c,00291f20
002fa33c,002954f4
002fa33c,002a7030
002fa478,0023c4f0
002fa478,0023cc74
002fa478,0023ffe4
002fa478,0027ece8
002fa478,00285df0
002fa478,00286650
002fa478,00286ad0
002fa478,00286ce8
002fa478,0028936c
002fa478,0028cd0c
002fa478,0028d0d0
002fa478,0028d410
002fa478,00290cb8
002fa478,00291810
002fa478,00291f20
002fa478,00292620
002fa478,00292ee0
002fa478,00294320
002fa478,00295ee4
002fa478,00295f04
002fa478,00295f10
002fa478,00295f50
002fa478,00296200
002fa478,002965d8
002fa478,00296618
002fa478,002a6030
002fa478,002a6188
002fa478,002a7030
002fa478,002a783c
002fa478,002a7f5c
002fa478,002a7f64
002fa478,00300544
002fa478,0030055c
002fa478,003ad824
002fb378,002a8ffc
002fb378,002fb388
002fb388,00291f60
002fb388,00293e74
002fb388,00293fa4
002fb388,00295f80
002fb388,00296060
002fb388,002a7f5c
002fb388,002a8ffc
002fb388,0030044c
002fb388,0030078c
002fb564,0023c3b8
002fb580,0023c3a8
002fb580,0023c3b8
002fb580,0023c42c
002fb580,00292d1c
002fb580,00292e20
002fb580,002932cc
002fb580,00293460
002fb860,00292984
002fb8a0,0023c3b8
002fb8a0,0028f1d0
002fb8a0,0028f2bc
002fb8e8,0023c42c
002fb920,0023bf18
002fb920,0023bfb0
002fb920,0023bff8
002fb920,0023c0b8
002fb920,0023c42c
002fb920,0029270c
002fb920,00292738
002fb920,00292780
002fb920,0029286c
002fb920,00292e20
002fb920,002932cc
002fb920,0036fb98
002fb920,0037dc14
002fc3ac,0023c3a8
002fc3ac,0026d23c
002fc3ac,0026d24c
002fc3ac,0026d2b4
002fc3ac,0026d320
002fc3ac,0026d38c
002fc3ac,0026d39c
002fc3ac,0026d3f4
002fc3ac,0026d44c
002fc3ac,00276140
002fc3ac,00276158
002fc3ac,002761a0
002fc3ac,00281874
002fc3ac,00283670
002fc3ac,00287824
002fc3ac,00289280
002fc3ac,0028d0d0
002fc3ac,00290cb8
002fc3ac,00290ea8
002fc3ac,00290f90
002fc3ac,002923f8
002fc3ac,00292b48
002fc3ac,00292b60
002fc3ac,00292c10
002fc3ac,002965d8
002fc3ac,0029989c
002fc3ac,0029a3d0
002fc3ac,002a8ffc
002fc3ac,002f3764
002fc3ac,002f52f4
002fc3ac,0037e380
002fc3ac,0037e38c
002fc3ac,0037e3f0
002fcac0,0023be8c
002fcac0,0023bf00
002fcac0,0023bf0c
002fcac0,00286650
002fcac0,00287048
002fcac0,002870b0
002fcac0,002954f4
002fcac0,002965d8
002fcc08,00286fdc
002fcc08,00295d80
002fcc44,0023be8c
002fcc44,0023c42c
002fcc44,00286f54
002fcc44,00286fdc
002fcc44,002954f4
002fccdc,0023be8c
002fccdc,0028f1d0
002fccdc,0028f2bc
002fccdc,002954f4
002fcdb0,0023b86c
002fcdb0,0023be8c
002fcdb0,0023c42c
002fcdb0,00286f54
002fcdb0,002892a4
002fcdb0,0028f2bc
002fcdb0,002954f4
002fcdb0,002a6030
002fcebc,0028f2bc
002fcf24,00291f20
002fcf24,002954f4
002fcf24,002a7030
002fcfec,00287048
002fcfec,002954f4
002fcfec,002a7030
002fd0b8,00286fdc
002fd0b8,00295d80
002fd0f0,00286fdc
002fd0f0,00291f20
002fd0f0,002954f4
002fd0f0,002a7030
002fd1c8,0023ea58
002fd1c8,0026efb0
002fd1c8,00286a68
002fd1c8,00287714
002fd1c8,00291810
002fd1c8,00291f20
002fd1c8,00294320
002fd1c8,00295f04
002fd1c8,00295f10
002fd1c8,00296618
002fd1c8,002a6030
002fd1c8,002a6188
002fd1c8,002a7030
002fd454,0026ef3c
002fd454,00293fa4
002fd454,00296060
002fd47c,0023b290
002fd47c,0028936c
002fd47c,0028cb80
002fd47c,002930d0
002fd47c,00294394
002fd47c,002954f4
002fd47c,00295d80
002fd47c,0029a360
002fd47c,0029d77c
002fd47c,002a7f5c
002fd47c,002a7f64
002fd47c,002a81f0
002fd47c,002a9020
002fd948,0023b290
002fd948,0028936c
002fd948,0028c860
002fd948,00294334
002fd948,00294348
002fd948,002954f4
002fd948,002a6030
002fd948,002a7030
002fd948,002a8ffc
002fd948,002fd1c8
002fd948,002fd450
002fd948,002fe0f0
002fdb30,0023afa4
002fdb30,0023b1c8
002fdb30,0023b290
002fdb30,0023e464
002fdb30,0028936c
002fdb30,0028a788
002fdb30,0028cb3c
002fdb30,0028cb80
002fdb30,00293e88
002fdb30,00294bd8
002fdb30,002954f4
002fdb30,00295d80
002fdb30,002a6030
002fdb30,002a8ffc
002fdb30,002fe0f0
002fdb30,0037e4dc
002fdb30,0037e4e8
002fdb30,0037e4fc
002fe0a8,0028cb3c
002fe0a8,0037e518
002fe0f0,0028936c
002fe0f0,00293e88
002fe0f0,00295d80
002fe0f0,002a7030
002fe0f0,002a7f5c
002fe0f0,002a7f64
002fe0f0,002a8ffc
002fe0f0,002f99b0
002fe5b0,0023b290
002fe5b0,002734ec
002fe5b0,0028936c
002fe5b0,0028cb3c
002fe5b0,002942d4
002fe5b0,00294320
002fe5b0,00294bd8
002fe5b0,00295ee4
002fe5b0,00295f04
002fe5b0,00295f10
002fe5b0,0029a3f4
002fe5b0,002a6030
002fe5b0,002a6188
002fe7c4,00293e74
002fe7c4,00293e88
002fe7c4,00293f64
002fe7c4,00293fa4
002fe7c4,00296060
002fe7c4,002a7f5c
002fe7c4,002a8ffc
002fe7c4,002fd450
002fe8e0,0023a18c
002fe8e0,0023a200
002fe8e0,0023a3a8
002fe8e0,00287714
002fe8e0,002930d0
002fe8e0,00294334
002fe8e0,002954f4
002fe8e0,002a7030
002fe8e0,002a8ffc
002fe8e0,002f71e0
002fea10,0023a18c
002fea10,0023a200
002fea10,0023a3a8
002fea10,00288f54
002fea10,0028907c
002fea10,002954f4
002fea10,002a7030
002fea10,002a8ffc
002feb24,0023a18c
002feb24,0028a9d0
002feb24,002954f4
002febc4,0023a18c
002febc4,0023a200
002febc4,0023a3a8
002febc4,00287f70
002febc4,002880d4
002febc4,002954f4
002febc4,002a7030
002febc4,002a8ffc
002febc4,002f7070
002fed44,0023a18c
002fed44,0023a200
002fed44,0023a3a8
002fed44,00287f70
002fed44,002880d4
002fed44,002954f4
002fed44,002a7030
002fed44,002a8ffc
002fee58,0023a18c
002fee58,002930d0
002fee58,00294348
002fee58,00294394
002fee58,002954f4
002fee58,002a6030
002fefd8,0023a18c
002fefd8,0023a200
002fefd8,0023a3a8
002fefd8,00288f54
002fefd8,0028907c
002fefd8,002954f4
002fefd8,002a7030
002fefd8,002a8ffc
002fefd8,002f7128
002fefd8,002f75f0
002fefd8,0036f77c
002ff1d0,0019a370
002ff1d0,0021d81c
002ff1d0,0023a18c
002ff1d0,0023a200
002ff1d0,00287858
002ff1d0,00287f70
002ff1d0,00288f54
002ff1d0,0028936c
002ff1d0,002954f4
002ff1d0,00295d80
002ff1d0,00299b78
002ff1d0,00299c38
002ff1d0,002a7030
002ff1d0,002a7f5c
002ff1d0,002a7f64
002ff1d0,002a8ffc
002ff1d0,002f69c8
002ff1d0,002f7070
002ff1d0,002f7128
002ff1d0,002f75f0
002ffc78,0023a18c
002ffc78,00294768
002ffc78,002954f4
002ffd00,0023a200
002ffd00,00294750
002ffd00,00295d80
002ffd00,002a8ffc
002ffd58,0023a18c
002ffd58,0023a200
002ffd58,0023a3a8
002ffd58,0023e938
002ffd58,00280ab4
002ffd58,00280afc
002ffd58,00287714
002ffd58,0028936c
002ffd58,00289cec
002ffd58,0028a2b8
002ffd58,002942d4
002ffd58,00294320
002ffd58,00294bd8
002ffd58,00295ee4
002ffd58,00295f04
002ffd58,00295f10
002ffd58,00299c38
002ffd58,002a6030
002ffd58,002a6188
002ffd58,002a7030
002ffd58,002a8ffc
002ffd58,002f71e0
002ffd58,002f76a8
00300424,00293fa4
00300424,002a8ffc
00300424,002f76f0
00300450,0028d04c
0030046c,00291294
00300490,0023ea58
00300490,0023eb28
00300520,0023eac4
00300520,00296060
00300520,002a8ffc
0030055c,0023fef4
0030055c,00293064
003005ec,00276d70
0030078c,00293e74
0030078c,00295f80
0030078c,00296060
0030078c,002a7f5c
0030078c,002a8ffc
00300850,0027ed28
00300850,0028936c
00300850,002923f8
00300850,00292c10
00300850,00296618
00300850,002a7f5c
00300850,002f3764
00300efc,002923f8
00300efc,002f3764
00300f58,00293fa4
00300f58,002a8ffc
00300f58,002f783c
00300f80,0023fef4
00300f80,00289200
00300f80,0028cdb4
00300f80,0028ce4c
00300f80,00291294
00300f80,00293064
00300f80,002930d0
00300f80,002965a8
00300f80,002965d8
00300f80,002ebd6c
00300f80,002ee808
003011c0,0023fef4
003011c0,0023ffe4
003011c0,0027455c
003011c0,00286650
003011c0,00287824
003011c0,0028d04c
003011c0,0028d410
003011c0,00290cb8
003011c0,00290f90
003011c0,00291294
003011c0,002923f8
003011c0,00292b48
003011c0,00292b60
003011c0,002930d0
003011c0,002965d8
003011c0,00296618
003011c0,0029989c
003011c0,0029b4b0
003011c0,002f3764
00301808,0027455c
00301808,002930d0
00301830,0023ffe4
00301830,0027455c
00301830,0028cda4
00301830,0028cf70
00301830,0028cfb8
00301830,0028eb70
00301830,00294348
00301830,00294bd8
00301830,00295d80
00301830,00295f50
00301830,00296124
00301830,002965d8
00301830,002a6030
00301830,002a7030
00301830,00300f80
00301830,0036f824
00301b60,0023ffe4
00301b60,0028cd0c
00301b60,0028cda4
00301b60,00290c00
00301b60,00290f90
00301b60,00293e74
00301b60,002954f4
00301b60,00295d80
00301b60,00295ee4
00301b60,00295f50
00301b60,002965d8
00301b60,002a7030
00301b60,00300f80
00301d50,0028cd0c
00301d50,0028eb70
00301d50,00294348
00301d50,00295d80
00301d98,00291f20
00301d98,002954f4
00301d98,002a7030
00301ea0,002954f4
00301ea0,002a7030
00301f74,0027ece8
00301f74,0028eb70
00301f74,00295d80
00301f74,00296124
00301f74,002961ac
00301fec,00291f20
00301fec,002954f4
00301fec,002a7030
003020e8,002954f4
003020e8,002a7030
003021a8,00239864
003021a8,00239b6c
003021a8,002a81f0
003027e8,00239b6c
003027e8,003a8610
0030297c,00239778
0030297c,00239864
00302b00,00239864
00302b00,00239b6c
00302b00,0030297c
00302bec,00239864
00302bec,00239b6c
00302ec8,002392f4
003032d0,00148fd0
003032d0,0023926c
003032d0,003038b0
003032d0,003039f8
003032d0,00303b30
003032d0,00303bf4
003032d0,00303dc0
003032d0,00305004
003032d0,00305270
003038b0,003027e8
0030395c,00302b00
003039f8,003a7f1c
00303b30,00396358
00303bf4,003038b0
00303bf4,00305004
00303dc0,00239140
00303dc0,00239174
00303dc0,002391e0
00303dc0,0023926c
00303dc0,003021a8
00303dc0,00302fd0
00303dc0,00351a28
00303dc0,00351ad8
00303dc0,00351b98
00303dc0,00351c1c
00303dc0,0037e9f8
00303dc0,0037ea38
00303dc0,003aeec0
00305004,0030297c
003050a8,003051c4
003051c4,0023926c
003051c4,003969c0
00305270,00238fa8
00305270,00239140
00305270,002a81f0
00305270,003027e8
00305270,003a7f1c
00305270,003a8484
00305aa0,00302ec4
00305aa0,00351ca0
00305aa0,00396244
00305bf4,0023926c
00305bf4,003051c4
00305bf4,00351b6c
00305bf4,003969c0
00305d1c,00171094
00305d1c,001c8b6c
00305d1c,001c8c64
00305d1c,00206864
00305d1c,00255798
00305d1c,002557fc
00305d1c,002688d8
00305d1c,00299f50
00305d1c,002a0964
00305d1c,002a7bec
00305d1c,002a7f5c
00305d1c,002a7f64
00305d1c,002a81f0
00305d1c,002a8eac
00305d1c,002a9020
00305d1c,003061a0
00305d1c,003712b8
003061a0,00299f50
003061a0,0029a360
003061a0,002a7f5c
003062ac,00268900
003062ac,0029a3f4
003062f4,002a7f5c
003063ac,00150790
003063ac,003078a8
00306408,0026a280
00306408,002ebd6c
00306408,002ee808
003065a8,00276c58
003065a8,0028e64c
003065a8,00299c38
003065a8,002a6030
003065a8,002a7030
003066e0,0023ffe4
003066e0,0026a220
003066e0,0026f37c
003066e0,00270ba0
003066e0,00270f90
003066e0,00276c58
003066e0,0028d0ac
003066e0,0028d410
003066e0,002908d0
003066e0,00291f20
003066e0,002923f8
003066e0,00296200
003066e0,00296618
003066e0,00299c38
003066e0,0029e408
003066e0,002a6030
003066e0,002a7030
003066e0,002a7e38
003066e0,002a7f5c
003066e0,002a7f64
003066e0,002a81f0
003066e0,002a8f8c
003066e0,002a9020
003066e0,002c63f0
003066e0,002f3764
003066e0,00306408
00307220,0026a22c
00307220,002908d0
00307220,00291f20
00307220,00306408
00307590,0028f048
00307590,002954f4
00307590,002a7030
0030766c,0026f37c
0030766c,003065a8
003076b4,0028d0d0
003076b4,0028d0e0
003076b4,0028d174
003076b4,0028d410
003076b4,003065a8
003076b4,003066e0
003076b4,00371380
003077ac,00270f90
003077ac,002954f4
003077ac,002a7030
003078a8,00270f90
003078a8,00291f20
003078a8,002954f4
003078a8,002a7030
003079a0,0028f048
003079a0,0028f1d0
003079a0,0028f2bc
003079a0,002954f4
003079a0,002a7030
00307aac,0026f37c
00307aac,0028f2bc
00307adc,0027b664
00307adc,0028eea0
00307adc,00291810
00307adc,00295ee4
00307adc,00295f04
00307adc,00295f10
00307adc,0029e630
00307adc,002a6188
00307ba0,00238f18
00307ba0,00292984
00307ba0,00293510
00307c1c,00238ea0
00307c1c,00238f18
00307c1c,0027ece8
00307c1c,00292984
00307c1c,00292d1c
00307c1c,00293460
00307c1c,00293510
00307d40,00238f18
00307d40,00292d1c
00307d40,00293460
00307d40,00293510
00307de0,00238ea0
00307de0,0027ea6c
00307de0,0027ece8
00307de0,00286904
00307eb4,00238ea0
00307eb4,00292984
00307eb4,00293510
00307f54,00238f18
00307f54,00292984
00307f54,00293510
00307ff8,00238e2c
00307ff8,00287048
00307ff8,002870b0
00307ff8,00293510
00307ff8,002954f4
00308090,00286fdc
00308090,00295d80
003080c8,00238e2c
003080c8,00238ea0
003080c8,0027ece8
003080c8,00286f54
003080c8,00286fdc
003080c8,00293510
003080c8,002954f4
00308170,00238e2c
00308170,00286fdc
00308170,0028e64c
00308170,002954f4
0030820c,00238e2c
0030820c,0028f1d0
0030820c,0028f2bc
0030820c,002954f4
003082a8,002a7f5c
003082a8,002a7f88
003082a8,002a8f8c
003083b4,002a7f5c
003083b4,002a7f64
00308604,001987c4
00308604,0019882c
00308604,0023837c
00308604,002549f4
00308604,00255734
00308604,002688d8
00308604,002a7bec
00308604,002a8df8
00308604,002a8eac
00308604,00370084
0030880c,0026d564
0030880c,00299c28
003088bc,002a8ffc
003088bc,003088cc
003088cc,002861f0
003088cc,002a7f5c
003088cc,002a8df8
00308a8c,002382b4
00308aa8,00238274
00308aa8,0023828c
00308aa8,002a8ffc
00308ae4,00238274
00308ae4,0023828c
00308b1c,002382b4
00308b2c,00238274
00308b2c,0023828c
00308b2c,002a7f5c
00308b2c,002a8ffc
00308c10,00238274
00308c10,0023828c
00308c10,002a7f5c
00308cf0,002382b4
00308cf0,0028782c
00308d38,002382b4
00308d38,002a8938
00308d7c,00238274
00308d7c,0023828c
00308d7c,002a8ffc
00308db8,00238274
00308db8,0023828c
00308df0,002382b4
00308e0c,00245698
00308e18,00295d80
00308e20,0023ffe4
00308e20,00295d80
00308e64,002a7f5c
00308f6c,00237f10
00308f6c,002a7f5c
00308f6c,002a7f64
00308f6c,003b0490
00308f6c,003b09dc
0030916c,00237c00
0030924c,002a7f5c
0030924c,002a7f64
003094a0,00237f10
003094a0,002a7f5c
00309524,001e37bc
00309524,0028e790
00309524,0029f658
00309524,0029feb4
00309524,002a7030
0030960c,0029d56c
00309628,0029f694
00309634,001e7938
00309634,00237b28
00309634,00245e24
00309634,002467a4
00309634,002467f0
00309634,00246f28
00309634,002a6dd8
0030982c,002843d0
00309838,0028d0ac
00309838,0028d0d0
00309838,0028d410
00309884,001e7788
00309884,002a8f8c
00309884,00309bb8
003098e4,0029feb4
003098e4,002a0388
003098e4,002a7030
003099b4,00237864
003099b4,002379b8
003099b4,00260ca8
00309aac,00237864
00309aac,002379b8
00309aac,00260ca8
00309b9c,001e77d8
00309bb8,001e2ff8
00309bb8,001e304c
00309bb8,001e309c
00309bb8,001e30fc
00309bb8,002376e0
00309bb8,00237864
00309bb8,00260ca8
00309bb8,00298b10
00309bb8,002a6e2c
00309bb8,002a8ef8
0030a5d8,0029feb4
0030a5d8,002a0388
0030a5d8,002a7030
0030a6a8,001e7788
0030a6a8,001e77d8
0030a6a8,002373b0
0030a6a8,00237790
0030a6a8,002a8f8c
0030a720,002a7030
0030a720,0030c6a4
0030a774,00262560
0030a774,00285434
0030a774,002a7030
0030a774,002a7b94
0030a878,002a7030
0030a878,003157c8
0030a8c4,002a7030
0030a8c4,00316128
0030a90c,0029a3f4
0030a90c,002a7030
0030a9b0,002a7030
0030a9b0,0032d680
0030a9fc,00267810
0030a9fc,00289ca4
0030a9fc,002a7030
0030a9fc,003ad9a4
0030aafc,00267810
0030aafc,002a7f5c
0030abb0,002a7030
0030ac10,002373a4
0030ac14,002a7030
0030ac68,0014a7fc
0030ac68,0014e1c8
0030ac68,00204688
0030ac68,0023711c
0030ac68,00237220
0030ac68,0023724c
0030ac68,0023725c
0030ac68,0025593c
0030ac68,0025599c
0030ac68,002559cc
0030ac68,00256804
0030ac68,00261d48
0030ac68,002688d8
0030ac68,002853fc
0030ac68,00293814
0030ac68,0029427c
0030ac68,00297bc4
0030ac68,0029a29c
0030ac68,0029a3f4
0030ac68,002a6030
0030ac68,002a7030
0030ac68,002a7bec
0030ac68,002a7f5c
0030ac68,002a7f64
0030ac68,002a8eac
0030ac68,002a8ffc
0030b6f8,00237020
0030b6f8,002370e8
0030b6f8,002556c8
0030b6f8,00260c48
0030b6f8,00260ca8
0030b6f8,00261d48
0030b6f8,00263b88
0030b6f8,00295d80
0030b6f8,002a7030
0030b8e0,00236ff4
0030b8e0,00295d80
0030b8e0,0029a238
0030b8e0,0029a29c
0030b8e0,0029a360
0030b8e0,002a6030
0030b8e0,002a7030
0030b8e0,0037f238
0030b8e0,0037f248
0030bb14,00236e90
0030bb14,00236fa4
0030bb14,00261d48
0030bb14,002954f4
0030bb14,00295d80
0030bb14,00299c28
0030bb14,0029a238
0030bb14,0029a29c
0030bb14,0029a360
0030bb14,002a7030
0030bcbc,00236d48
0030bcbc,00236da8
0030bcbc,00237020
0030bcbc,002370e8
0030bcbc,002556c8
0030bcbc,00261d48
0030bcbc,00263b88
0030bcbc,00295d80
0030bcbc,002a7030
0030bec8,00236c90
0030bec8,0028d3ec
0030bec8,002a6030
0030bec8,002a7030
0030bec8,002a7e38
0030bec8,002a7f5c
0030bec8,002a7f64
0030bec8,002a81f0
0030bec8,002a8f8c
0030bec8,002a8ffc
0030bec8,002a9020
0030bec8,0030e13c
0030bec8,0030e920
0030c308,00235ed0
0030c308,00236b58
0030c308,00236b80
0030c308,0026275c
0030c308,002a7030
0030c308,002a7f5c
0030c308,002a8ffc
0030c308,0031ef9c
0030c6a4,00278240
0030c6a4,0029a3f4
0030c6a4,002a6188
0030c738,002a8ffc
0030c738,0030c748
0030c748,00236aa0
0030c748,00236c90
0030c748,002373a0
0030c748,00293fa4
0030c748,0029a238
0030c748,002a7f5c
0030c748,002a8ffc
0030c9d8,0030d6f0
0030ca3c,002369b0
0030ca3c,00236b80
0030ca3c,0026275c
0030ca3c,002a7030
0030ca3c,002a7f64
0030ca3c,002a81f0
0030ca3c,002a8df8
0030ca3c,002a8f8c
0030ca3c,002a9020
0030ca3c,0030ccc4
0030ca3c,00320ecc
0030ccc4,0029a238
0030ccc4,002a8ffc
0030cd68,002369b0
0030cd68,00236b80
0030cd68,0026275c
0030cd68,002a7030
0030cd68,002a7f64
0030cd68,002a81f0
0030cd68,002a8df8
0030cd68,002a8f8c
0030cd68,002a9020
0030cd68,003211d0
0030d024,00255a48
0030d024,002688d8
0030d024,0029a238
0030d024,0029a29c
0030d024,0029a3f4
0030d024,002a7030
0030d024,002a7bec
0030d024,002a7f5c
0030d024,002a7f64
0030d024,002a8eac
0030d6f0,00236880
0030d6f0,0025593c
0030d6f0,0025599c
0030d6f0,002559cc
0030d6f0,00256804
0030d6f0,002688d8
0030d6f0,002853fc
0030d6f0,002a7bec
0030d6f0,002a8eac
0030d6f0,002a8ffc
0030d6f0,0030d024
0030db18,002a8ffc
0030db18,0030db28
0030db28,002a7f5c
0030db28,002a8ffc
0030dc24,00102480
0030dc24,0023671c
0030dc24,00236b80
0030dc24,0026275c
0030dc24,002747e4
0030dc24,002a7030
0030dc24,002a7f64
0030dc24,002a7f88
0030dc24,002a81f0
0030dc24,002a88e4
0030dc24,002a89a4
0030dc24,002a8f8c
0030dc24,002a9020
0030dc24,00320cb8
0030e140,0030dc24
0030e158,0023671c
0030e158,002a7f88
0030e158,002a88e4
0030e158,002a8f8c
0030e208,00236568
0030e208,0023661c
0030e208,00236880
0030e208,002548b0
0030e208,00254bc4
0030e208,00255178
0030e208,0025599c
0030e208,002559cc
0030e208,00256804
0030e208,0025686c
0030e208,002688d8
0030e208,0026d898
0030e208,002a7bec
0030e208,002a88e4
0030e208,002a8eac
0030e890,0030e208
0030e920,00287748
0030e920,002a7f64
0030e920,002a81f0
0030e920,002a8f8c
0030e920,002a9020
0030ea4c,0023644c
0030ea4c,00294198
0030ea4c,00295d80
0030ea4c,0029a238
0030ea4c,0029a29c
0030ea4c,0029a360
0030eb44,00235ea0
0030eb44,00235ef4
0030eb44,00294198
0030eb44,002a81f0
0030eb44,002a88e4
0030eb44,002a8cdc
0030eb44,002e83d4
0030eb44,002e83e4
0030eb44,002e83f0
0030ed30,00235ca0
0030ed30,00295d80
0030ed30,0029a238
0030ed30,0029a29c
0030ed30,0029a360
0030ee00,00295d80
0030ee00,0029a29c
0030ee00,0029a360
0030ee00,002a7f5c
0030ee00,0030eb44
0030ef30,0023671c
0030ef30,00236b58
0030ef30,00236b80
0030ef30,0026ce30
0030ef30,0029a238
0030ef30,0029a29c
0030ef30,0029a360
0030ef30,002a7030
0030ef30,002a81f0
0030ef30,002a88e4
0030ef30,002a8cdc
0030ef30,002a8f8c
0030ef30,0032078c
0030f138,0023725c
0030f138,002409dc
0030f138,00256804
0030f138,002688d8
0030f138,002745e0
0030f138,002853fc
0030f138,002a7bec
0030f138,002a8eac
0030f138,002a8ffc
0030f300,0029a29c
0030f300,0030f138
0030f3a4,0023671c
0030f3a4,00236b58
0030f3a4,00236b80
0030f3a4,0026ce30
0030f3a4,0029a238
0030f3a4,0029a29c
0030f3a4,0029a360
0030f3a4,002a7030
0030f3a4,002a81f0
0030f3a4,002a88e4
0030f3a4,002a8cdc
0030f3a4,002a8f8c
0030f3a4,0031ee60
0030f5c0,0023725c
0030f5c0,00254a50
0030f5c0,002556c8
0030f5c0,00255734
0030f5c0,002559cc
0030f5c0,00256804
0030f5c0,0025686c
0030f5c0,00256874
0030f5c0,00260c48
0030f5c0,00260ca8
0030f5c0,00263b88
0030f5c0,002688d8
0030f5c0,0026d38c
0030f5c0,0026d39c
0030f5c0,0026d3f4
0030f5c0,0026d44c
0030f5c0,002853fc
0030f5c0,00298c14
0030f5c0,002a7030
0030f5c0,002a7218
0030f5c0,002a7bec
0030f5c0,002a7f64
0030f5c0,002a7f88
0030f5c0,002a81f0
0030f5c0,002a88e4
0030f5c0,002a892c
0030f5c0,002a8d68
0030f5c0,002a8eac
0030f5c0,002a8ef8
0030f5c0,002a8f8c
0030f5c0,002a8ffc
00310068,0029a29c
00310068,0030f5c0
00310128,0029a238
00310128,0029a29c
00310128,0029a360
00310188,00235c50
00310188,0029a238
00310188,0029a29c
00310188,0029a360
00310188,002a6030
00310188,002a7030
00310188,003357d0
003102d0,00235ca0
003102d0,00310188
003102ec,00235b64
003102ec,00293fa4
003102ec,0029a238
003102ec,002a7f5c
003102ec,002a88e4
003102ec,002a8ffc
003103a0,00235830
003103a0,00289f98
003103a0,00295d80
003103a0,00299c28
003103a0,002a6030
003103a0,002a7030
003103a0,003185dc
00310568,00289f98
00310568,00299c28
00310568,002a7030
00310568,0031862c
00310568,0037155c
00310600,001dcf58
00310600,002a6030
00310600,002a7030
003106e0,0023560c
003106e0,002356cc
003106e0,00235830
003106e0,00289f98
003106e0,00299c28
003106e0,002a6030
003106e0,002a7030
003106e0,002a7f5c
003106e0,002a8e0c
003106e0,00332a78
00310a50,00235374
00310a50,002356cc
00310a50,00295d80
00310a50,0029a360
00310a50,0029d77c
00310a50,002a7030
00310a50,002a7f5c
00310a50,002a7f64
00310a50,002a81f0
00310a50,002a8e0c
00310a50,002a8f8c
00310a50,002a9020
003112e0,001dcf2c
003112e0,00295d80
003112e0,00299c28
003112e0,0037155c
003112e0,003715f4
00311340,00235830
00311340,00289f98
00311340,00299c28
00311340,002a6030
00311340,002a7030
00311340,002e8394
00311554,00287748
00311554,0028782c
00311554,0029a3f4
00311554,002a6188
0031160c,002a8ffc
0031160c,0031161c
0031161c,002356cc
0031161c,00293fa4
0031161c,002a7f5c
0031161c,002a8ffc
0031161c,0030a76c
00311774,00235184
00311774,002352c4
00311774,0023671c
00311774,00236b58
00311774,00236b80
00311774,0026ce30
00311774,002a7030
00311774,002a7f5c
00311774,002a7f64
00311774,002a81f0
00311774,002a8f8c
00311774,002a9020
00311984,0023725c
00311984,00255798
00311984,00255a48
00311984,00256804
00311984,002688d8
00311984,002853fc
00311984,002a7bec
00311984,002a8eac
00311984,002a8ffc
00311ce4,00235184
00311ce4,002352c4
00311ce4,0023671c
00311ce4,00236b58
00311ce4,00236b80
00311ce4,0026ce30
00311ce4,002a7030
00311ce4,002a7f5c
00311ce4,002a7f64
00311ce4,002a81f0
00311ce4,002a8f8c
00311ce4,002a9020
00311ef0,00311984
00311f98,002a8ffc
00311f98,00311fa8
00311fa8,002a7f5c
00311fa8,002a8ffc
003120bc,00236b58
003120bc,00236b80
003120bc,0026ce30
003120bc,00299c28
003120bc,002a7030
003120bc,002a7f5c
003120bc,002a7f64
003120bc,002a81f0
003120bc,002a8f8c
003120bc,002a8ffc
003120bc,002a9020
003120bc,00320840
003124ec,002053e8
003124ec,0023725c
003124ec,0023efd8
003124ec,00256804
003124ec,002688d8
003124ec,002853fc
003124ec,002a7bec
003124ec,002a8eac
003124ec,002a8ffc
003126c0,003124ec
00312754,0029a3f4
003127a4,002a8ffc
003127a4,003127b4
003127b4,002a7f5c
003127b4,002a8ffc
003127b4,0030a770
003128cc,002a7f5c
003128cc,003465a0
003128cc,003468ec
003128cc,0037e294
00312974,00261df8
00312974,002853fc
00312974,0029e4ac
00312974,002a7f5c
00312974,002a8ffc
00312974,00346a70
00312a60,00235100
00312a60,0026d24c
00312a60,0026d2b4
00312a60,0026d320
00312a60,0026d39c
00312a60,0026d3f4
00312a60,0026d44c
00312a60,0029a578
00312a60,002a7f88
00312a60,002a8f8c
00312ba8,002a7f5c
00312ba8,002a8ffc
00312cb8,00235018
00312cb8,002369b0
00312cb8,00236b80
00312cb8,0026275c
00312cb8,002a7030
00312cb8,002a7f5c
00312cb8,00312f04
00312cb8,00320410
00312f04,00235018
00312f04,002369b0
00312f04,00236b80
00312f04,0026275c
00312f04,002a7030
00312f04,002a7f5c
00312f04,00321d14
0031311c,00244238
0031311c,00254e1c
0031311c,00255a48
0031311c,002688d8
0031311c,0026cb00
0031311c,002745e0
0031311c,00280c94
0031311c,0029a238
0031311c,0029a3f4
0031311c,002a7bec
0031311c,002a7f5c
0031311c,002a7f64
0031311c,002a8eac
0031311c,0036f540
00313d58,00236568
00313d58,0023725c
00313d58,00254e1c
00313d58,0025593c
00313d58,0025599c
00313d58,002559cc
00313d58,00256804
00313d58,0026cb00
00313d58,0031311c
00313f98,0029a3f4
00313ff8,002a8ffc
00313ff8,00314008
00314008,00235018
00314008,0029a238
00314008,002a7f5c
00314008,002a8ffc
00314180,00149b58
00314180,0023725c
00314180,00255a48
00314180,00256804
00314180,00265bb4
00314180,002688d8
00314180,002853fc
00314180,002a7bec
00314180,002a8eac
00314180,002a8ffc
003143b4,00149b58
003143b4,00265bb4
0031441c,00265bb4
0031447c,0023671c
0031447c,00236b80
0031447c,0026275c
0031447c,002a7030
0031447c,002a8df8
0031447c,00321b84
003145e8,0023671c
003145e8,00236b80
003145e8,0026275c
003145e8,0028d3ec
003145e8,0029a360
003145e8,0029d77c
003145e8,002a0964
003145e8,002a7030
003145e8,002a7b94
003145e8,002a7f5c
003145e8,002a7f64
003145e8,002a81f0
003145e8,002a8df8
003145e8,002a9020
003145e8,00320f30
00314ad4,0023671c
00314ad4,00236b80
00314ad4,0026275c
00314ad4,002a7030
00314ad4,002a8df8
00314ad4,00321a6c
00314c40,002a8ffc
00314c40,00314c50
00314c50,002a7f5c
00314c50,002a8ffc
00314c50,0030a874
00314d68,00236b58
00314d68,00236b80
00314d68,0026ce30
00314d68,002a7030
00314d68,002a7f5c
00314d68,002a8ffc
00314d68,00320d40
00315024,0023725c
00315024,00255178
00315024,0025593c
00315024,0025599c
00315024,002559cc
00315024,00255a48
00315024,00256804
00315024,002688d8
00315024,0026cb00
00315024,00280c94
00315024,002853fc
00315024,00287748
00315024,0028782c
00315024,0029a3f4
00315024,002a7bec
00315024,002a7f5c
00315024,002a7f64
00315024,002a8eac
00315024,002a8ffc
003157f4,002a8ffc
003157f4,00315804
00315804,002a7f5c
00315804,002a8ffc
00315804,0030a8c0
00315964,00120ff0
00315964,002349fc
00315964,00234a08
00315964,002370e8
00315964,00261d48
00315964,00298394
00315964,002a7030
00315b28,001e3414
00315b28,001e3860
00315b28,001e7938
00315b28,002843d0
00315b28,002853ac
00315b28,002853d0
00315b28,00298b10
00315b28,002a0450
00315b28,002a05ac
00315b28,002a0620
00315b28,002a5aa8
00315b28,002a5ac0
00315b28,002a5b48
00315b28,002a5ba0
00315b28,002a67b8
00315b28,002a6bac
00315b28,002a7d54
00315b28,002a8ef8
00315e10,0023498c
00315e10,00261d48
00315e10,0029af88
00315e10,002a7030
00315e10,00315b28
00315ee0,0029feb4
00315ee0,002a7030
00315f94,002344d4
00315f94,00234758
00315f94,002348fc
00315f94,0023498c
00315f94,002456b8
00315f94,00261d48
00315f94,0029af88
00315f94,002a7030
00315f94,002a7f5c
00315f94,002a8ffc
00316130,00282cb0
00316130,00285434
00316164,00282c0c
00316164,002853fc
00316164,002a097c
00316164,002a7f5c
00316164,002a8ffc
003161c0,001024c6
003161c0,002a81f0
003161c0,002a8f8c
00316310,0023400c
00316310,002369b0
00316310,00236b80
00316310,0026275c
00316310,00263b88
00316310,0029a578
00316310,002a7030
00316310,002a7b94
00316310,002a8df8
00316310,00321044
003164f8,002369b0
003164f8,00236b80
003164f8,0026275c
003164f8,002a7030
003164f8,002a8df8
003164f8,00320c34
00316668,002369b0
00316668,00236b80
00316668,0026275c
00316668,00299c28
00316668,0029a578
00316668,002a7030
00316668,002a7b94
00316668,002a8df8
00316668,003201a0
00316918,002a8ffc
003169e4,0023671c
003169e4,00236b58
003169e4,00236b80
003169e4,0026cb00
003169e4,0026ce30
003169e4,0029a360
003169e4,002a7030
003169e4,002a7f5c
003169e4,002a8df8
003169e4,002a8e48
003169e4,00320994
00316c44,00160b34
00316c44,00160d74
00316c44,00236568
00316c44,0023725c
00316c44,0025593c
00316c44,0025599c
00316c44,002559cc
00316c44,00255a48
00316c44,00256804
00316c44,002688d8
00316c44,0029a3f4
00316c44,002a7bec
00316c44,002a7f5c
00316c44,002a7f64
00316c44,002a8eac
00316c44,002a8f8c
00316c44,002e7408
00316c44,0036f4d8
0031716c,0026cb00
0031716c,00316c44
0031721c,00233ed4
0031721c,002a8ffc
0031722c,0023671c
0031722c,00236b58
0031722c,00236b80
0031722c,0026cb00
0031722c,0026ce30
0031722c,0029a360
0031722c,002a7030
0031722c,002a7f5c
0031722c,002a8df8
0031722c,002a8e48
0031722c,00321130
0031748c,001c1794
0031748c,001dc3fc
0031748c,00204e98
0031748c,00233bc8
0031748c,00233e0c
0031748c,00236568
0031748c,0023725c
0031748c,0025593c
0031748c,0025599c
0031748c,002559cc
0031748c,00256804
0031748c,00264830
0031748c,0026cb00
0031748c,002a7f5c
0031748c,002a7f64
0031748c,002a8f8c
003178a8,0026cb00
003178a8,0031748c
00317958,00233ed4
00317958,002a8ffc
00317968,0023671c
00317968,00236b58
00317968,00236b80
00317968,0026cb00
00317968,0026ce30
00317968,0029a360
00317968,002a7030
00317968,002a7f5c
00317968,002a8df8
00317968,002a8e48
00317968,003219d0
00317bc8,001af6c0
00317bc8,001af900
00317bc8,00236568
00317bc8,0023725c
00317bc8,0025593c
00317bc8,0025599c
00317bc8,002559cc
00317bc8,00255a48
00317bc8,00256804
00317bc8,002688d8
00317bc8,0029a3f4
00317bc8,002a7bec
00317bc8,002a7f5c
00317bc8,002a7f64
00317bc8,002a8eac
00317bc8,002a8f8c
00317bc8,00361c34
00317bc8,00370a5c
003180f0,0026cb00
003180f0,00317bc8
003181a0,00233ed4
003181a0,002a8ffc
003181b0,00233ed4
003181b0,002a8ffc
003181c0,0029a360
003181c0,002a7030
00318414,0014e550
0031843c,0029e630
00318464,002a8134
00318464,002a8ffc
003184a8,00233a1c
003184a8,00233a94
003184a8,00264054
003184a8,0028782c
0031862c,00233a1c
0031862c,00233a94
0031862c,0028782c
003186d8,002331f0
003186d8,002333a4
003186d8,00236b58
003186d8,002452d8
003186d8,0026275c
003186d8,0026ce30
003186d8,00295d80
003186d8,00298394
003186d8,0029a578
003186d8,002a7030
003186d8,002a7f88
003186d8,002a8df8
003186d8,002a8f8c
003186d8,0031fec4
00318ab8,00233144
00318ab8,00233a1c
00318ab8,00233a94
00318ab8,0026461c
00318b38,00231df0
00318b38,00233090
00318b38,002333a4
00318b38,0023725c
00318b38,0025599c
00318b38,002559cc
00318b38,00256804
00318b38,002853fc
00318b38,002a8ffc
00318ef0,002333e0
00318ef0,00233a1c
00318ef0,00233a94
00318ef0,00264054
00318ef0,002a7f5c
00318ef0,002a8ffc
00318fa4,00233144
00318fa4,00233a1c
00318fa4,00233a94
00318fa4,00264054
00318fa4,0026461c
00318fa4,00286f34
00318fa4,0028782c
003190e8,00231c9c
003190e8,002333a4
003190e8,00318b38
00319268,0023090c
00319268,0029feb4
00319268,002a7030
00319334,00230884
00319334,002308d4
00319334,00230d18
003193e0,00230884
003193e0,002308d4
003193e0,00319560
0031948c,0023090c
0031948c,0029feb4
0031948c,002a7030
00319560,001e6668
00319560,001e7750
00319560,001e7958
00319560,001e9d20
00319560,00207594
00319560,002075e0
00319560,0020760c
00319560,00207a88
00319560,00207ae4
00319560,00207e58
00319560,00230088
00319560,0023075c
00319560,002307b8
00319560,002307e8
00319560,00230c18
00319560,00253d70
00319560,00254054
00319560,00254130
00319560,0029c3e0
00319560,002a685c
00319560,002a68ec
00319560,002a7030
00319560,002a7f5c
00319560,002a7f64
00319560,002a8ffc
00319560,00390980
00319a60,00230884
00319a60,002308d4
00319a60,002309a8
00319b10,002a6e74
00319b10,002a6e8c
00319b10,002a6ea4
00319b50,002307e8
00319b50,00282cb0
00319b84,00120ff0
00319b84,0022f59c
00319b84,0022f624
00319b84,0022ff08
00319b84,0029f694
00319b84,002a685c
00319b84,002a68ec
00319d38,0022f24c
00319d38,0022f2e8
00319d38,0022f310
00319d38,0022f388
00319d38,0022f3e4
00319d38,0022ff08
00319d38,00253bf8
00319d38,00253dcc
00319d38,00253e24
00319d38,00253e80
00319d38,00254034
00319d38,00296a70
00319d38,00298b10
00319d38,002a05ac
00319d38,002a685c
00319d38,002a68ec
00319d38,002a7b94
00319d38,002a7f5c
00319d38,002a7f64
00319d38,002a81f0
00319d38,002a8ef8
00319d38,0031b898
0031aad4,00120ff0
0031aad4,001f0b60
0031aad4,0022f12c
0031aad4,0022f388
0031aad4,0022ff08
0031aad4,00230884
0031aad4,002308d4
0031aad4,0023fafc
0031aad4,00253d90
0031aad4,0029d56c
0031aad4,002a685c
0031aad4,002a68ec
0031aad4,00319d38
0031aad4,0031b138
0031aad4,0031c1c8
0031aad4,00371cd4
0031b138,00120ff0
0031b138,0022f24c
0031b138,0022f2e8
0031b138,0022f310
0031b138,0022f388
0031b138,0022f3e4
0031b138,0022ff08
0031b138,00253bf8
0031b138,00253dcc
0031b138,00253e24
0031b138,00253e80
0031b138,00254034
0031b138,00296a70
0031b138,00298b10
0031b138,002a685c
0031b138,002a68ec
0031b138,002a7b94
0031b138,002a81f0
0031b138,002a8ef8
0031b898,00236568
0031b898,0023725c
0031b898,0023fafc
0031b898,00255734
0031b898,00255798
0031b898,00255a48
0031b898,00256804
0031b898,002688d8
0031b898,00296a70
0031b898,002a7bec
0031b898,002a7f64
0031b898,002a7f88
0031b898,002a81f0
0031b898,002a8df8
0031b898,002a8eac
0031b898,002a9020
0031b898,0031fe8c
0031bd40,001461e4
0031bd40,00147568
0031bd40,0023400c
0031bd40,00236b58
0031bd40,00263b88
0031bd40,0026ce30
0031bd40,002747e4
0031bd40,0028d0ac
0031bd40,0028d410
0031bd40,0029989c
0031bd40,002a7030
0031bd40,002a7b94
0031bd40,002a8b94
0031bd40,002a8df8
0031bd40,002a8f8c
0031bd40,00309a9c
0031c054,00120ff0
0031c054,0022f624
0031c054,0023fafc
0031c054,00253d90
0031c054,002a0388
0031c054,002a097c
0031c054,002a685c
0031c054,002a68ec
0031c1c8,001f0b80
0031c1c8,001f0ba8
0031c1c8,001f0bd0
0031c1c8,001f0bf4
0031c1c8,001f0ca8
0031c1c8,00253ad0
0031c1c8,00253bf8
0031c1c8,002540c0
0031c1c8,0029a578
0031c1c8,0029e4f0
0031c1c8,002a7b94
0031c1c8,002a8f8c
0031c1c8,0031bd40
0031c5bc,00120ff0
0031c5bc,001e2698
0031c5bc,001e2910
0031c5bc,001e2e3c
0031c5bc,001f0ae8
0031c5bc,001f1720
0031c5bc,001f17c4
0031c5bc,0022e1c0
0031c5bc,0022f388
0031c5bc,002370e8
0031c5bc,00253d90
0031c5bc,00261cc8
0031c5bc,00261d48
0031c5bc,0029f694
0031c5bc,002a7030
0031c5bc,002ef494
0031c6f8,00236b80
0031c6f8,0026ce30
0031c6f8,002a7030
0031c6f8,002a7f5c
0031c6f8,002a8ffc
0031c6f8,0031f374
0031c998,002a8ffc
0031ca94,002a685c
0031ca94,002a68ec
0031cb04,002619a8
0031cb04,002a81f0
0031cc5c,001024c6
0031cc5c,0029e408
0031cc5c,002a7b94
0031cc5c,002a7e38
0031cc5c,002a7f64
0031cc5c,002a7f88
0031cc5c,002a81f0
0031cc5c,002a88e4
0031cc5c,002a8f8c
0031cc5c,002a9020
0031d0a4,0022e11c
0031d0a4,002a8ffc
0031d0b4,002379b8
0031d0b4,00263798
0031d0b4,00263b88
0031d0b4,002a7030
0031d0b4,00309aac
0031d230,00280c94
0031d230,00286f34
0031d230,0029a360
0031d230,002a7f5c
0031d230,002a8e48
0031d374,002695e8
0031d374,002a8ffc
0031d384,00120ff0
0031d384,001e9114
0031d384,00289f98
0031d384,002940e4
0031d384,00298394
0031d384,002a7030
0031d384,003185c0
0031d384,00318614
0031d384,0031c5bc
0031d468,0022e11c
0031d468,002a8ffc
0031d4d4,0022d4f0
0031d4d4,0022d5b8
0031d4d4,0022d760
0031d4d4,0022d898
0031d4d4,002a8ffc
0031d4d4,0031d9f4
0031d4d4,0031e388
0031d690,0022d0d8
0031d690,00236b80
0031d690,0029e4f0
0031d690,002a7030
0031d690,002a7f5c
0031d690,002a8e0c
0031d690,0032285c
0031d9f4,0022d4f0
0031d9f4,0022d5b8
0031d9f4,0022d760
0031d9f4,002a7f5c
0031d9f4,002a7f64
0031d9f4,002a81f0
0031d9f4,002a8ffc
0031d9f4,002a9020
0031dc34,002a7f64
0031dd60,00262394
0031dd60,002a8b94
0031dd60,002a8df8
0031de38,00262394
0031de38,002a8b94
0031de38,002a8df8
0031dea0,00295d80
0031df08,0022ce98
0031df08,0022cff0
0031df08,00298394
0031df08,002a6030
0031df08,002a7030
0031e0b8,002853fc
0031e0b8,002a8ffc
0031e1cc,002a8b94
0031e204,0022cd38
0031e204,00262560
0031e204,002a7030
0031e388,0022c644
0031e388,00295d80
0031e388,00298394
0031e388,002a7030
0031e3d8,002a8938
0031e3e8,00262394
0031e3e8,002a8938
0031e3e8,002a8b94
0031e3e8,002a8df8
0031e450,00262394
0031e450,002a8b94
0031e450,002a8df8
0031e4b8,0022d760
0031e4b8,002a8ffc
0031e4c8,0029feb4
0031e4c8,002a7030
0031e57c,0022c0f4
0031e57c,0022c33c
0031e57c,0022c53c
0031e57c,002a685c
0031e57c,002a68ec
0031e57c,002a7030
0031e57c,002a8df8
0031e57c,002a8e0c
0031e57c,0031d690
0031e57c,003802fc
0031e828,0022be94
0031e828,0022bfe0
0031e828,0022c0f4
0031e828,002a685c
0031e828,002a68ec
0031e828,002a7e38
0031e828,002a7f5c
0031e828,002a7f64
0031e828,002a81f0
0031e828,002a9020
0031ebac,00120ff0
0031ebac,002a685c
0031ebac,002a68ec
0031ebac,002a7f5c
0031ebac,002a8df8
0031ebac,002a8ffc
0031ebac,0032251c
0031ed98,002a7f88
0031ed98,002a8b94
0031ed98,002a8f8c
0031edfc,002747e4
0031edfc,002a7b94
0031edfc,002a8e48
0031ee60,002747e4
0031ee60,002a7b94
0031ee60,002a8e48
0031ef18,002747e4
0031ef18,002a7b94
0031ef18,002a8e48
0031ef9c,002747e4
0031ef9c,002a7b94
0031ef9c,002a8e48
0031f03c,002747e4
0031f03c,002a7b94
0031f03c,002a8e48
0031f0bc,002747e4
0031f0bc,002a7b94
0031f0bc,002a8e48
0031f150,002747e4
0031f150,002a7b94
0031f150,002a8e48
0031f1d4,002747e4
0031f1d4,002a7b94
0031f1d4,002a8e48
0031f268,002747e4
0031f268,002a7b94
0031f268,002a8e48
0031f2bc,002747e4
0031f2bc,002a7b94
0031f2bc,002a8e48
0031f374,002747e4
0031f374,002a7b94
0031f374,002a8e48
0031f400,002747e4
0031f400,002a7b94
0031f400,002a8e48
0031f4a0,002747e4
0031f4a0,002a7b94
0031f4a0,002a8e48
0031f58c,002747e4
0031f58c,002a7b94
0031f58c,002a8e48
0031f624,002747e4
0031f624,002a7b94
0031f624,002a8e48
0031f6b0,002747e4
0031f6b0,002a7b94
0031f6b0,002a7f88
0031f6b0,002a8e48
0031f6b0,002a8f8c
0031f79c,002747e4
0031f79c,002a7b94
0031f79c,002a8e48
0031f820,002747e4
0031f820,002a7b94
0031f820,002a8e48
0031f8a0,002747e4
0031f8a0,002a7b94
0031f8a0,002a8e48
0031f920,002747e4
0031f920,002a7b94
0031f920,002a8e48
0031f9ac,002747e4
0031f9ac,002a7b94
0031f9ac,002a8e48
0031fa3c,002747e4
0031fa3c,002a7b94
0031fa3c,002a8e48
0031fb1c,002747e4
0031fb1c,002a7b94
0031fb1c,002a8e48
0031fbbc,002747e4
0031fbbc,002a7b94
0031fbbc,002a8e48
0031fc34,002747e4
0031fc34,002a7b94
0031fc34,002a8e48
0031fcb8,002747e4
0031fcb8,002a7b94
0031fcb8,002a8e48
0031fcb8,002a8f8c
0031fdf4,002747e4
0031fdf4,002a7b94
0031fdf4,002a8e48
0031fe8c,0022cff0
0031fec4,002747e4
0031fec4,002a7b94
0031fec4,002a8e48
0031ff28,002747e4
0031ff28,002a7b94
0031ff28,002a8e48
0031ffc8,002747e4
0031ffc8,002a7b94
0031ffc8,002a7f88
0031ffc8,002a8e48
0031ffc8,002a8f8c
00320104,002747e4
00320104,002a7b94
00320104,002a8e48
003201a0,002747e4
003201a0,002a7b94
003201a0,002a8e48
00320220,002747e4
00320220,002a7b94
00320220,002a8e48
00320298,002747e4
00320298,002a7b94
00320298,002a8e48
00320314,002747e4
00320314,002a7b94
00320314,002a8e48
00320378,002747e4
00320378,002a7b94
00320378,002a8e48
00320410,002747e4
00320410,002a7b94
00320410,002a8e48
00320474,002747e4
00320474,002a7b94
00320474,002a8e48
00320598,002747e4
00320598,002a7b94
00320598,002a8e48
00320624,002747e4
00320624,002a7b94
00320624,002a8e48
00320688,002747e4
00320688,002a7b94
00320688,002a8e48
0032070c,002747e4
0032070c,002a7b94
0032070c,002a8e48
0032078c,002747e4
0032078c,002a7b94
0032078c,002a8e48
00320840,002747e4
00320840,002a7b94
00320840,002a8e48
003208f4,002747e4
003208f4,002a7b94
003208f4,002a8e48
00320994,002747e4
00320994,002a7b94
00320994,002a8e48
00320a2c,002747e4
00320a2c,002a7b94
00320a2c,002a8e48
00320aa0,002747e4
00320aa0,002a7b94
00320aa0,002a8e48
00320b28,002747e4
00320b28,002a7b94
00320b28,002a8e48
00320bb0,002747e4
00320bb0,002a7b94
00320bb0,002a8e48
00320c34,002747e4
00320c34,002a7b94
00320c34,002a8e48
00320cb8,002747e4
00320cb8,002a7b94
00320cb8,002a8e48
00320d40,002747e4
00320d40,002a7b94
00320d40,002a8e48
00320dbc,002747e4
00320dbc,002a7b94
00320dbc,002a8e48
00320e54,002747e4
00320e54,002a7b94
00320e54,002a8e48
00320ecc,002747e4
00320ecc,002a7b94
00320ecc,002a8e48
00320f30,002747e4
00320f30,002a7b94
00320f30,002a8e48
00320fbc,002747e4
00320fbc,002a7b94
00320fbc,002a8e48
00321044,002747e4
00321044,002a7b94
00321044,002a8e48
003210cc,002747e4
003210cc,002a7b94
003210cc,002a8e48
00321130,002747e4
00321130,002a7b94
00321130,002a8e48
003211d0,002747e4
003211d0,002a7b94
003211d0,002a8e48
00321234,002747e4
00321234,002a7b94
00321234,002a8e48
003212b0,002747e4
003212b0,002a7b94
003212b0,002a8e48
0032133c,002747e4
0032133c,002a7b94
0032133c,002a8e48
003213a0,002747e4
003213a0,002a7b94
003213a0,002a8e48
00321438,0022bce0
00321438,0022bdd0
00321438,002747e4
00321438,002a7b94
00321438,002a7f5c
00321438,002a7f88
00321438,002a8df8
00321438,002a8e48
00321438,002a8f8c
003219d0,002747e4
003219d0,002a7b94
003219d0,002a8e48
00321a6c,002747e4
00321a6c,002a7b94
00321a6c,002a8e48
00321af8,002747e4
00321af8,002a7b94
00321af8,002a8e48
00321b84,002747e4
00321b84,002a7b94
00321b84,002a8e48
00321c08,002747e4
00321c08,002a7b94
00321c08,002a8e48
00321c90,002747e4
00321c90,002a7b94
00321c90,002a8e48
00321d14,002747e4
00321d14,002a7b94
00321d14,002a8e48
00321d8c,002747e4
00321d8c,002a7b94
00321d8c,002a8e48
00321e08,002a764c
00321e08,002a7f88
00321e08,002a8b94
00321e08,002a8f8c
00321f84,00120ff0
00321f84,0029b7a0
00321f84,002a05ac
00321f84,002a7f5c
00321f84,002a7f64
00321f84,002a81f0
00321f84,002a9020
003221e8,0022f2e8
00322230,0022f2e8
00322278,0022f2e8
003222c0,0022f2e8
00322308,0022f2e8
00322378,0022f2e8
003223c0,0022f2e8
00322408,0022f2e8
00322450,0022f2e8
00322498,0022f2e8
003224e0,0022f2e8
00322528,001f183c
00322528,001f1904
00322528,001f1958
00322528,001f19d4
00322528,001f1a70
00322528,001f1d24
00322528,002618c4
00322528,002853fc
00322528,00285434
00322528,0029e408
00322528,002a05ac
00322528,002ee834
00322528,00371d28
00322528,00371d50
0032285c,002a7030
0032285c,0031dcf8
0032285c,0031de94
0032285c,0031df08
0032285c,0031e1e0
0032285c,0031e1f8
0032285c,0031e3d8
0032285c,0031e4ac
003229cc,0022bcac
003229cc,002853fc
003229cc,002a7f5c
003229cc,002a8e0c
003229cc,002a8ffc
003229cc,0031e0b8
00322c9c,002319c4
00322c9c,002a7f5c
00322c9c,002a7f64
00322ed0,0022e11c
00322ed0,002a7f5c
00322ed0,002a8ffc
00322f30,0022e11c
00322f30,002a7f5c
00322f84,001e2fac
00322fa0,00120ff0
00322fa0,0029feb4
00322fa0,002a0388
00322fa0,002a7030
00323084,001e9a70
003230b0,00120ff0
003230b0,0029feb4
003230b0,002a0388
003230b0,002a7030
00323194,00120ff0
00323194,0029feb4
00323194,002a0388
00323194,002a7030
00323278,00120ff0
00323278,0029feb4
00323278,002a0388
00323278,002a7030
003233a8,001e93b4
003233a8,001e9ab8
003233a8,0022b56c
003233a8,0022b7c0
003233a8,0022bbf0
003233a8,0022bc20
003233a8,0022bc88
003233a8,00230088
003233a8,00261c8c
003233a8,002ef464
003233a8,002ef47c
00323850,001e9964
00323854,001e96c4
00323854,00230088
00323854,00230884
00323854,002308d4
003238d4,002a685c
003238d4,002a68ec
003238f8,002a685c
003238f8,002a68ec
00323940,00120ff0
00323940,00147204
00323940,0022bc88
00323940,00230884
00323940,002308d4
00323940,00236b58
00323940,0023778c
00323940,00263b88
00323940,0029a488
00323940,002a7030
00323940,00315954
00323940,00315a7c
00323940,00315f94
00323940,003233a8
00323940,003238f8
00323940,00325ab8
00323940,00325cd0
00323af4,0022b56c
00323af4,00230884
00323af4,002308d4
00323b68,001e924c
00323b68,001e9d54
00323b68,0022b454
00323b68,0022b48c
00323b68,00230088
00323b68,00230884
00323b68,002308d4
00323c60,00120ff0
00323c60,001470e8
00323c60,001e30fc
00323c60,001e31d4
00323c60,001e32cc
00323c60,001e9114
00323c60,001e92b0
00323c60,001e92f4
00323c60,001e93b4
00323c60,001e9670
00323c60,001e99e0
00323c60,0022ac34
00323c60,0022acd4
00323c60,0022ad74
00323c60,0022ae24
00323c60,0022b1b4
00323c60,0022b7c0
00323c60,0022dad0
00323c60,00230088
00323c60,00230884
00323c60,002308d4
00323c60,002349fc
00323c60,00235b64
00323c60,00236fa4
00323c60,00236ff4
00323c60,002376e0
00323c60,002379b8
00323c60,00260c48
00323c60,00263810
00323c60,00263b1c
00323c60,00263b88
00323c60,00278240
00323c60,002783c0
00323c60,00278460
00323c60,00278c48
00323c60,0028ee78
00323c60,002937f8
00323c60,00293fa4
00323c60,002940e4
00323c60,00298394
00323c60,0029a238
00323c60,0029a29c
00323c60,0029a360
00323c60,0029a3f4
00323c60,002a685c
00323c60,002a68ec
00323c60,002a6e2c
00323c60,002a7030
00323c60,002a7f5c
00323c60,002a8ffc
00323c60,00380074
00324dd8,001e9380
00324dd8,0022dd30
00324dd8,00230088
00324dd8,00319b10
00324ee0,00120ff0
00324ee0,0029feb4
00324ee0,002a0388
00324ee0,002a7030
00325010,0022bbf0
00325010,0022bc20
00325010,00230088
00325068,001e9d54
00325068,00230088
003250cc,00120ff0
003250cc,0029feb4
003250cc,002a0388
003250cc,002a7030
003251b0,001e920c
003251b0,00230088
003251b0,00230884
003251b0,002308d4
003251b0,00236b58
00325290,00120ff0
00325290,001470e8
00325290,0014c670
00325290,001e9114
00325290,001e92b0
00325290,001e99e0
00325290,0022ac34
00325290,0022acd4
00325290,0022ad74
00325290,0022ae24
00325290,00230088
00325290,00230884
00325290,002308d4
00325290,002349fc
00325290,00235b64
00325290,00236fa4
00325290,00236ff4
00325290,002379b8
00325290,00263b1c
00325290,00263b88
00325290,00278240
00325290,002783c0
00325290,00278460
00325290,00278c48
00325290,0028ee78
00325290,002937f8
00325290,00293fa4
00325290,002940e4
00325290,00298394
00325290,0029a238
00325290,0029a29c
00325290,0029a360
00325290,0029a3f4
00325290,002a7030
00325290,002a7f5c
00325290,002a8ffc
00325ab8,001e31d4
00325ab8,001e32cc
00325ab8,001e3390
00325ab8,002376e0
00325ab8,002a6e2c
00325cd0,001e9190
00325cd0,001e9270
00325cd0,0022ab8c
00325cd0,00230088
00325cd0,00230884
00325cd0,002308d4
00325cd0,0028782c
00325e24,001e93e0
00325e24,001e9d54
00325e24,00230088
00325e24,00230884
00325e24,002308d4
00325f68,0022ae24
00325f68,00230884
00325f68,002308d4
00326024,0022a894
00326024,0022ab00
00326024,0022ab28
00326024,0022ab6c
00326024,0022bce0
00326024,00246fa4
00326024,00287748
00326024,0028f6d4
00326024,0029a3f4
00326024,002a7f5c
00326024,002df0d8
00326024,002df174
00326024,002df6d4
00326984,0022a39c
00326984,00298b10
00326984,0029c3e0
00326984,002a8ef8
00326984,00326024
00326b3c,002a8ffc
00326b4c,001e8e30
00326b4c,0022a30c
00326b4c,00236568
00326b4c,0023725c
00326b4c,00254a50
00326b4c,00255178
00326b4c,00255630
00326b4c,00255734
00326b4c,00255798
00326b4c,00255a48
00326b4c,00256804
00326b4c,002688d8
00326b4c,00296a70
00326b4c,00298c14
00326b4c,00298f28
00326b4c,002a7b94
00326b4c,002a7bec
00326b4c,002a7f88
00326b4c,002a81f0
00326b4c,002a88e4
00326b4c,002a8cdc
00326b4c,002a8eac
00326b4c,002a8f8c
00326b4c,003161c0
00326b4c,00327854
00327854,002549f4
003279ac,00326b4c
00327a4c,0023671c
00327a4c,00236b80
00327a4c,0026275c
00327a4c,0026cb00
00327a4c,0029a360
00327a4c,002a7030
00327a4c,002a7f5c
00327a4c,0031ff28
00327cd0,0022a0d8
00327cd0,00231b74
00327cd0,00235374
00327cd0,0023725c
00327cd0,00255178
00327cd0,00255580
00327cd0,0025593c
00327cd0,0025599c
00327cd0,002559cc
00327cd0,00255a48
00327cd0,00256804
00327cd0,002688d8
00327cd0,002695e8
00327cd0,0026cb00
00327cd0,002853fc
00327cd0,00287748
00327cd0,0028782c
00327cd0,00289dec
00327cd0,0029a3f4
00327cd0,0029e4f0
00327cd0,002a7bec
00327cd0,002a7f5c
00327cd0,002a7f64
00327cd0,002a7f88
00327cd0,002a81f0
00327cd0,002a8938
00327cd0,002a8eac
00327cd0,002a8f8c
00327cd0,002a8ffc
00327cd0,002a9020
003292e0,0026cb00
003292e0,00327cd0
00329388,002a8ffc
00329388,00329398
00329398,002a7f5c
00329398,002a8ffc
00329500,00229dc4
00329500,00229eb0
00329500,00229f0c
00329500,0023725c
00329500,002554e4
00329500,00255798
00329500,0025593c
00329500,0025599c
00329500,00256804
00329500,0025686c
00329500,002688d8
00329500,002853fc
00329500,0029a5bc
00329500,0029a5c8
00329500,0029a744
00329500,0029af70
00329500,002a7bec
00329500,002a7f5c
00329500,002a8eac
00329500,002a8ffc
003299e8,00229ae4
00329a0c,00229f0c
00329a0c,0023725c
00329a0c,002409dc
00329a0c,00254880
00329a0c,002554e4
00329a0c,00255798
00329a0c,0025593c
00329a0c,0025599c
00329a0c,00256804
00329a0c,0025686c
00329a0c,002688d8
00329a0c,0026db04
00329a0c,002745e0
00329a0c,002853fc
00329a0c,002a7bec
00329a0c,002a7f5c
00329a0c,002a8eac
00329a0c,002a8ffc
00329fbc,00229938
00329fbc,00229f0c
00329fbc,0029aa78
00329fbc,0029aaf8
00329fbc,0029af70
00329fbc,002a7f5c
0032a100,00229eb0
0032a100,0029a5bc
0032a100,0029a5c8
0032a100,0029a744
0032a100,0029af70
0032a100,002a7f5c
0032a1d4,00229f0c
0032a2f4,0023725c
0032a2f4,00254718
0032a2f4,002548b0
0032a2f4,00254bc4
0032a2f4,00254d30
0032a2f4,0025599c
0032a2f4,002559cc
0032a2f4,00256804
0032a2f4,002853fc
0032a2f4,002a7f5c
0032a2f4,002a7f64
0032a2f4,002a8ffc
0032a2f4,0030916c
0032a2f4,0030924c
0032a950,0032a2f4
0032a9b4,00236b58
0032a9b4,00236b80
0032a9b4,0026275c
0032a9b4,0026ce30
0032a9b4,002a7030
0032a9b4,002a7f5c
0032a9b4,002a8ffc
0032a9b4,0031f6b0
0032ad3c,002a8ffc
0032ae08,002089b4
0032ae08,00208b5c
0032ae08,00208b68
0032ae08,002853fc
0032ae08,002a7030
0032ae08,002a8ffc
0032b108,00236b58
0032b108,00236b80
0032b108,0026275c
0032b108,0026ce30
0032b108,002a7030
0032b108,002a8df8
0032b108,002a8ffc
0032b108,0031ffc8
0032b3a8,0023661c
0032b3a8,0023725c
0032b3a8,00256804
0032b3a8,0025686c
0032b3a8,002688d8
0032b3a8,002853fc
0032b3a8,0029e4f0
0032b3a8,002a7bec
0032b3a8,002a8df8
0032b3a8,002a8eac
0032b3a8,002a8f8c
0032b3a8,002a8ffc
0032b760,0029a360
0032b760,0029d77c
0032b760,002a7f5c
0032b760,002a7f64
0032b760,002a81f0
0032b760,002a9020
0032b760,0032b3a8
0032bac4,0029a360
0032bb20,002a8ffc
0032bb20,0032bb30
0032bb30,002a7f5c
0032bb30,002a8ffc
0032bc44,001e7938
0032bc44,00229568
0032bc44,00229630
0032bc44,002298a8
0032bc44,00255480
0032bc44,002557fc
0032bc44,0025593c
0032bc44,00255a48
0032bc44,002688d8
0032bc44,00299f50
0032bc44,0029a360
0032bc44,0029a3f4
0032bc44,002a7bec
0032bc44,002a7f5c
0032bc44,002a8eac
0032c088,00236b58
0032c088,00236b80
0032c088,0026ce30
0032c088,002a7030
0032c088,002a7f5c
0032c088,002a8ffc
0032c088,0032133c
0032c348,002080c0
0032c348,00236880
0032c348,00255480
0032c348,0025599c
0032c348,002559cc
0032c348,00255a48
0032c348,00256804
0032c348,002688d8
0032c348,002853fc
0032c348,00298b10
0032c348,0029a3f4
0032c348,002a7bec
0032c348,002a7f5c
0032c348,002a7f64
0032c348,002a8eac
0032c348,002a8ffc
0032c348,0032bc44
0032c8d8,0032c348
0032c93c,002a8ffc
0032c93c,0032c94c
0032c94c,00255480
0032c94c,002a7f5c
0032c94c,002a8ef8
0032c94c,002a8ffc
0032c94c,0030a9ac
0032cedc,001723d8
0032cedc,0023725c
0032cedc,00254880
0032cedc,002548b0
0032cedc,00254bc4
0032cedc,0025593c
0032cedc,0025599c
0032cedc,002559cc
0032cedc,00256804
0032cedc,002688d8
0032cedc,002853fc
0032cedc,002a7bec
0032cedc,002a7f5c
0032cedc,002a7f64
0032cedc,002a8eac
0032cedc,002a8ffc
0032d37c,00236b80
0032d37c,0026275c
0032d37c,002a7030
0032d37c,002a7f5c
0032d37c,002a8ffc
0032d37c,0031fb1c
0032d6ac,002a8ffc
0032d6ac,0032d6bc
0032d6bc,002a7f5c
0032d6bc,002a8ffc
0032d6bc,0030a9f8
0032d7a4,00229488
0032d7a4,0023671c
0032d7a4,00236b58
0032d7a4,00236b80
0032d7a4,002405a8
0032d7a4,0026275c
0032d7a4,0026ce30
0032d7a4,0029a578
0032d7a4,002a7030
0032d7a4,002a7f5c
0032d7a4,002a7f64
0032d7a4,00321234
0032dcac,00231df0
0032dcac,00236568
0032dcac,0023725c
0032dcac,0025593c
0032dcac,0025599c
0032dcac,002559cc
0032dcac,00256804
0032dcac,002688d8
0032dcac,002a7bec
0032dcac,002a8eac
0032dcac,002a9020
0032dff8,0029a29c
0032dff8,002a9020
0032dff8,0032dcac
0032e260,0029a360
0032e2ac,002a8ffc
0032e2ac,0032e2bc
0032e2bc,00229488
0032e2bc,002a7f5c
0032e2bc,002a8ffc
0032e418,0023671c
0032e418,00236b58
0032e418,00236b80
0032e418,00264770
0032e418,0026ce30
0032e418,002a7030
0032e418,002a7f5c
0032e418,00321c90
0032e5e8,0023725c
0032e5e8,00254880
0032e5e8,002548b0
0032e5e8,00254bc4
0032e5e8,0025599c
0032e5e8,002559cc
0032e5e8,00256804
0032e5e8,002688d8
0032e5e8,002853fc
0032e5e8,002a7bec
0032e5e8,002a7f5c
0032e5e8,002a7f64
0032e5e8,002a8eac
0032e5e8,002a8ffc
0032ea50,0029a29c
0032ea50,0032e5e8
0032eaf4,002a8ffc
0032eaf4,0032eb04
0032eb04,00264770
0032eb04,002a7f5c
0032eb04,002a8ffc
0032ec38,0023725c
0032ec38,00254880
0032ec38,002548b0
0032ec38,00254bc4
0032ec38,0025599c
0032ec38,002559cc
0032ec38,00256804
0032ec38,002688d8
0032ec38,002853fc
0032ec38,002a7bec
0032ec38,002a7f5c
0032ec38,002a7f64
0032ec38,002a8eac
0032ec38,002a8ffc
0032f0b4,002369b0
0032f0b4,00236b80
0032f0b4,002405a8
0032f0b4,0026275c
0032f0b4,0029a578
0032f0b4,002a7030
0032f0b4,002a7f5c
0032f0b4,00321c08
0032f3dc,002369b0
0032f3dc,00236b80
0032f3dc,0026275c
0032f3dc,002a7030
0032f3dc,002a7f5c
0032f3dc,00320624
0032f608,002a8ffc
0032f608,0032f618
0032f618,002a7f5c
0032f618,002a8ffc
0032f618,0030ac0c
0032f700,0022945c
0032f700,0026cdf4
0032f700,00295d80
0032f7dc,002745e0
0032f7dc,0027ee0c
0032f7dc,0029427c
0032f7dc,002a7030
0032f904,002745e0
0032f904,0027ee0c
0032f904,0029427c
0032f904,002a7030
0032f904,002a7f5c
0032f904,002a7f64
0032fc00,0026cd80
0032fc00,00299c28
0032fc00,002a6030
0032fc00,002a7030
0032fc00,002a7f5c
0032fc00,002a7f64
0032fc00,00336090
0032ffe0,0032f7dc
00330000,0032f904
00330000,0032fc00
0033003c,002a6188
00330078,00229440
00330078,00293fa4
00330078,0029427c
00330078,002a7030
00330078,002a7f5c
00330078,002a8ffc
00330110,00229440
00330110,00293fa4
00330110,0029427c
00330110,002a7030
00330110,002a7f5c
003301a8,002293cc
003301a8,0023711c
003301a8,00261d48
003301a8,00295d80
003301a8,002a6030
003301a8,002a7030
003301a8,00331754
0033034c,00236d48
0033034c,002875c0
0033034c,00289f98
0033034c,00295d80
0033034c,00299c28
0033034c,002a7030
0033034c,00318ef0
0033034c,00331ec0
00330528,00236568
00330528,0023725c
00330528,00256804
00330528,0025686c
00330528,002688d8
00330528,002a7bec
00330528,002a7f88
00330528,002a8df8
00330528,002a8eac
00330700,00237020
00330700,002370e8
00330700,002556c8
00330700,00260c48
00330700,00260ca8
00330700,00261d48
00330700,00263b88
00330700,00295d80
00330700,002a7030
00330928,002293cc
00330928,00236e90
00330928,00261d48
00330928,002a6030
00330928,002a7030
00330928,00330528
00330ad8,002293cc
00330ad8,00236da8
00330ad8,00237020
00330ad8,002370e8
00330ad8,002556c8
00330ad8,00260c48
00330ad8,00260ca8
00330ad8,00261d48
00330ad8,00263b88
00330ad8,0028ee78
00330ad8,00294198
00330ad8,00295d80
00330ad8,002a6030
00330ad8,002a7030
00330e4c,00295d80
00330e98,002293cc
00330e98,0023671c
00330e98,00236b58
00330e98,00236b80
00330e98,00236e90
00330e98,00261d48
00330e98,0026275c
00330e98,0026ce30
00330e98,0028782c
00330e98,00299c28
00330e98,002a6030
00330e98,002a7030
00330e98,002a8b94
00330e98,002a8df8
00330e98,0031f2bc
00330e98,0031fa3c
003312f8,002293cc
003312f8,00235ed0
003312f8,0023671c
003312f8,00236b58
003312f8,00236b80
003312f8,0026275c
003312f8,002747e4
003312f8,00299c28
003312f8,002a7030
003312f8,002a8df8
003312f8,0031f400
003312f8,00320104
00331754,0014a7fc
00331754,0014e1c8
00331754,00204688
00331754,0022926c
00331754,0022932c
00331754,00236568
00331754,00237220
00331754,0023724c
00331754,0023725c
00331754,0025593c
00331754,0025599c
00331754,002559cc
00331754,00256804
00331754,002688d8
00331754,00274238
00331754,00287748
00331754,00293814
00331754,0029427c
00331754,00297bc4
00331754,0029a3f4
00331754,002a7030
00331754,002a7bec
00331754,002a7f5c
00331754,002a7f64
00331754,002a8eac
00331754,002a8f8c
00331ec0,002290c8
00331ec0,00229108
00331ec0,0022926c
00331ec0,0022932c
00331ec0,00236568
00331ec0,0023725c
00331ec0,00255580
00331ec0,0025593c
00331ec0,0025599c
00331ec0,002559cc
00331ec0,00255a48
00331ec0,00256804
00331ec0,002688d8
00331ec0,00274238
00331ec0,00286f34
00331ec0,00287748
00331ec0,0028782c
00331ec0,0029a238
00331ec0,0029a3f4
00331ec0,002a7030
00331ec0,002a7bec
00331ec0,002a8eac
00332828,00286f34
00332828,002a6188
00332928,002a8ffc
00332928,00332938
00332938,00236aa0
00332938,00293fa4
00332938,002a8df8
00332938,002a8ffc
00332938,0030ac10
00332a24,00228c3c
00332a24,00228f58
00332a78,00228c3c
00332a78,00228f58
00332ad8,0022db2c
00332ad8,00236568
00332ad8,0023661c
00332ad8,0023725c
00332ad8,00255178
00332ad8,0025593c
00332ad8,0025599c
00332ad8,002559cc
00332ad8,00255a48
00332ad8,00256804
00332ad8,002688d8
00332ad8,0029e4f0
00332ad8,002a7bec
00332ad8,002a8df8
00332ad8,002a8eac
00332ad8,002a8f8c
00333488,0029a29c
00333488,00332ad8
0033352c,002a8ffc
0033352c,0033353c
0033353c,002a7f5c
0033353c,002a8df8
0033353c,002a8ffc
003336f8,002369b0
003336f8,00236b80
003336f8,0026275c
003336f8,0029a238
003336f8,0029a29c
003336f8,0029a360
003336f8,002a7030
003336f8,002a8df8
003336f8,0031f79c
003336f8,00334cf4
003338b8,00228bc8
003338b8,00236568
003338b8,0023725c
003338b8,00255734
003338b8,00255798
003338b8,00256804
003338b8,002688d8
003338b8,002749d4
003338b8,0028f6d4
003338b8,0029a29c
003338b8,0029e4f0
003338b8,002a7bec
003338b8,002a7dc8
003338b8,002a8134
003338b8,002a81f0
003338b8,002a8cdc
003338b8,002a8df8
003338b8,002a8eac
003338b8,002a8f8c
00333f64,002369b0
00333f64,00236b80
00333f64,0026275c
00333f64,0029a238
00333f64,0029a29c
00333f64,0029a360
00333f64,002a7030
00333f64,002a8df8
00333f64,00320fbc
00334114,0029a29c
00334190,002369b0
00334190,00236b80
00334190,002a7030
00334190,002a8df8
00334190,00320a2c
00334408,00236568
00334408,0023725c
00334408,00255734
00334408,00256804
00334408,0029a29c
00334408,00334768
0033457c,00236568
0033457c,0023725c
0033457c,00255734
0033457c,00255798
0033457c,00256804
0033457c,0029a29c
0033457c,00334190
00334768,002369b0
00334768,00236b80
00334768,0026275c
00334768,002a7030
00334768,002a8df8
00334768,00320598
00334984,0022897c
00334984,0029a29c
00334a44,0022897c
00334a44,0029a29c
00334b04,0029a238
00334b04,0029a29c
00334b04,0029a360
00334b04,002a7b94
00334b04,002a7f5c
00334b04,002a7f88
00334b04,002a8f8c
00334b04,00382480
00334cf4,002369b0
00334cf4,00236b58
00334cf4,00236b80
00334cf4,0026ce30
00334cf4,0029a238
00334cf4,0029a29c
00334cf4,0029a360
00334cf4,002a7030
00334cf4,002a8df8
00334cf4,003210cc
00334e84,00236568
00334e84,0023725c
00334e84,00255178
00334e84,0025593c
00334e84,0025599c
00334e84,002559cc
00334e84,00256804
00334e84,002688d8
00334e84,00287748
00334e84,0028782c
00334e84,0029a29c
00334e84,002a7bec
00334e84,002a7f5c
00334e84,002a7f64
00334e84,002a8eac
003352b8,00228bc8
003352b8,0027b664
003352b8,0029a360
003352b8,0029a3f4
003352b8,00334b04
00335404,002a8ffc
00335404,00335414
00335414,002288c4
00335414,0029a238
00335414,002a7f5c
00335414,002a8df8
00335414,00348960
003354f8,00236b80
003354f8,0029a29c
003354f8,0029a360
003354f8,002a7030
003354f8,002a7f5c
003354f8,002a8ffc
003357d0,002286ec
003357d0,002a7f5c
003357d0,002a7f64
0033592c,00236568
0033592c,0023725c
0033592c,0025593c
0033592c,0025599c
0033592c,002559cc
0033592c,00256804
0033592c,0025686c
0033592c,002688d8
0033592c,002a7bec
0033592c,002a7f5c
0033592c,002a7f64
0033592c,002a7f88
0033592c,002a8eac
00335f44,0029a29c
00335f44,0033592c
00335fe8,002285bc
00335fe8,002a8ffc
00336024,0029a360
00336090,00227c54
00336090,00227cec
00336090,00236b58
00336090,0026ce30
00336090,002747e4
00336090,002a7f88
00336090,002a8df8
00336090,002a8f8c
0033622c,00227b4c
0033628c,00227b4c
00336300,0023725c
00336300,00254718
00336300,00254728
00336300,00254880
00336300,002548b0
00336300,00254bc4
00336300,00254d30
00336300,00254ecc
00336300,0025599c
00336300,002559cc
00336300,00256804
00336300,002688d8
00336300,002853fc
00336300,002a7bec
00336300,002a8eac
00336300,002a8ffc
003366bc,00227cec
003366bc,00227e64
003366bc,00236b58
003366bc,0026ce30
003366bc,002a8df8
003366bc,00336300
003367f4,0029a360
003368b8,002a8ffc
003368b8,003368c8
003368c8,002a7f5c
003368c8,002a8ffc
00336a0c,002276cc
00336a0c,00227aac
00336a0c,002a7f5c
00336a88,002276cc
00336a88,00227aac
00336a88,002a7f5c
00336a88,00320e54
00336b78,002275c0
00336b78,00229568
00336b78,00236568
00336b78,00236880
00336b78,00254438
00336b78,00255798
00336b78,0025593c
00336b78,0025599c
00336b78,00255a48
00336b78,00256804
00336b78,002688d8
00336b78,00269d00
00336b78,00290f50
00336b78,00299f50
00336b78,0029a360
00336b78,0029a3f4
00336b78,0029d77c
00336b78,002a0964
00336b78,002a7bec
00336b78,002a81f0
00336b78,002a8eac
00336b78,002a9020
003373bc,00336b78
00337424,0029a3f4
00337468,002853fc
00337468,002a8f8c
00337468,002a8ffc
00337550,0023671c
00337550,00236b58
00337550,00236b80
00337550,0026ce30
00337550,002a7030
00337550,002a7f5c
00337550,0031fdf4
00337714,001467f0
00337714,0023725c
00337714,0025593c
00337714,0025599c
00337714,002559cc
00337714,00256804
00337714,002688d8
00337714,002853fc
00337714,002a7bec
00337714,002a7f5c
00337714,002a7f64
00337714,002a7f88
00337714,002a8e04
00337714,002a8e0c
00337714,002a8eac
00337714,002a8f8c
00337714,002a8ffc
00337f44,0029a29c
00337f44,00337468
00337fd4,0029a29c
00337fd4,0029a360
00337fd4,002a7f5c
00337fd4,00337714
003380d8,002a8ffc
003380d8,003380e8
003380e8,002a7f5c
003380e8,002a8ffc
00338f40,0021b50c
00338f40,00226f54
00338f40,00227234
00338f40,0022732c
00338f40,0022754c
00338f40,0023725c
00338f40,00237e38
00338f40,00255480
00338f40,00255580
00338f40,0025593c
00338f40,0025599c
00338f40,002559cc
00338f40,00255a48
00338f40,00256804
00338f40,002688d8
00338f40,0026cb00
00338f40,002853fc
00338f40,0029a360
00338f40,0029a3f4
00338f40,002a764c
00338f40,002a7bec
00338f40,002a7e38
00338f40,002a7f5c
00338f40,002a7f64
00338f40,002a81f0
00338f40,002a8eac
00338f40,002a8ffc
00338f40,002a9020
00338f40,00308f6c
00338f40,0030915c
00339530,00236b58
00339530,00236b80
00339530,0026275c
00339530,0026ce30
00339530,002a7030
00339530,002a7f5c
00339530,002a8ffc
00339530,003208f4
00339858,002a8ffc
00339924,00236b58
00339924,00236b80
00339924,0026ce30
00339924,002a7030
00339924,002a7f5c
00339924,002a8ffc
00339924,0031edfc
00339c00,0023725c
00339c00,002554e4
00339c00,0025599c
00339c00,002559cc
00339c00,00256804
00339c00,002853fc
00339c00,002a7f5c
00339c00,002a8f8c
00339c00,002a8ffc
00339c00,00321e08
0033a0c8,0029a360
0033a0c8,0029d77c
0033a0c8,002a7f5c
0033a0c8,002a7f64
0033a0c8,002a81f0
0033a0c8,002a9020
0033a0c8,00339c00
0033a430,0029a3f4
0033a454,002a8ffc
0033a454,0033a464
0033a464,002a7f5c
0033a464,002a8ffc
0033a578,001af56c
0033a578,00236568
0033a578,0023725c
0033a578,0025593c
0033a578,0025599c
0033a578,002559cc
0033a578,00255a48
0033a578,00256804
0033a578,00299f50
0033a578,0029a3f4
0033a578,002a0964
0033a578,002a7f5c
0033a7b8,0033b4e8
0033a878,0033a578
0033a938,00168c08
0033a938,00168c18
0033a938,00236568
0033a938,0023725c
0033a938,0025593c
0033a938,0025599c
0033a938,002559cc
0033a938,00256804
0033a938,002688d8
0033a938,0028a45c
0033a938,002a7bec
0033a938,002a7f5c
0033a938,002a7f64
0033a938,002a8eac
0033a938,002a8f8c
0033a938,002e7748
0033a938,00308604
0033a938,00349c28
0033a938,0037edc0
0033af98,0033a938
0033af98,00349414
0033b068,00147500
0033b068,00226ea8
0033b068,00236aa0
0033b068,00236b58
0033b068,00236b80
0033b068,0026ce30
0033b068,002a7030
0033b068,002a8df8
0033b068,0031f0bc
0033b068,0031f58c
0033b068,0032070c
0033b5a0,00256804
0033bec4,00226ae8
0033bec4,002447d4
0033bec4,00244904
0033bec4,002544d8
0033bec4,00255580
0033bec4,0025593c
0033bec4,0025599c
0033bec4,00256804
0033bec4,002688d8
0033bec4,00293734
0033bec4,00298b10
0033bec4,002a7bec
0033bec4,002a7f5c
0033bec4,002a7f64
0033bec4,002a7f88
0033bec4,002a81f0
0033bec4,002a8df8
0033bec4,002a8e0c
0033bec4,002a8eac
0033bec4,002a8ef8
0033bec4,002a8f8c
0033bec4,002a9020
0033bec4,002e6de0
0033bec4,002e6e94
0033bec4,002e7154
0033bec4,00361224
0033c3c4,00226ea8
0033c3c4,002a7f64
0033c4b8,002a8ffc
0033c4b8,0033c4c8
0033c4c8,00226390
0033c4c8,00236aa0
0033c4c8,002a7f5c
0033c4c8,00348884
0033c5b4,0028782c
0033c5dc,0023725c
0033c5dc,00255178
0033c5dc,00256804
0033c5dc,002688d8
0033c5dc,002853fc
0033c5dc,002875c0
0033c5dc,00287748
0033c5dc,0028782c
0033c5dc,002a7bec
0033c5dc,002a8eac
0033c5dc,002a8ffc
0033c8cc,0023671c
0033c8cc,00236b80
0033c8cc,0026275c
0033c8cc,002a7030
0033c8cc,002a7f5c
0033c8cc,0031f150
0033caf0,0029d77c
0033caf0,002a7f5c
0033caf0,002a7f64
0033caf0,002a81f0
0033caf0,002a9020
0033caf0,0033c5dc
0033caf0,0033ce50
0033ce50,0023725c
0033ce50,00255178
0033ce50,00256804
0033ce50,002688d8
0033ce50,002853fc
0033ce50,002875c0
0033ce50,00287748
0033ce50,0028782c
0033ce50,002a7bec
0033ce50,002a8eac
0033ce50,002a8ffc
0033d0b0,002a8ffc
0033d0b0,0033d0c0
0033d0c0,002a7f5c
0033d0c0,002a8ffc
0033d0c0,00348954
0033d1dc,0022635c
0033d1dc,002a7030
0033d1dc,00311ce4
0033d258,0022635c
0033d258,002a7030
0033d258,00311774
0033d308,0022627c
0033d308,002a7030
0033d308,002a8ffc
0033d308,00336a08
0033d308,00336a88
0033d308,00337420
0033d3b8,0022627c
0033d3b8,002a8ffc
0033d450,0029427c
0033d450,002a7030
0033d490,00229a18
0033d490,0029427c
0033d490,002a7030
0033d4e4,002a8ffc
0033d4f4,00226234
0033d4f4,00226248
0033d4f4,00261d48
0033d4f4,00298394
0033d4f4,002a7030
0033d568,002a8ffc
0033d578,002783c0
0033d578,00278460
0033d578,002a7f5c
0033d578,002a7f64
0033d578,0033de50
0033d578,0033e278
0033de50,00120ff0
0033de50,002285bc
0033de50,002286ec
0033de50,00235c50
0033de50,002442a4
0033de50,002636d0
0033de50,00263810
0033de50,002745e0
0033de50,0029a29c
0033de50,0029a360
0033de50,002a7030
0033de50,002a7f5c
0033de50,002a7f64
0033e278,00227c54
0033e278,0022ab6c
0033e278,00236568
0033e278,00236b58
0033e278,00236b80
0033e278,0023725c
0033e278,002409dc
0033e278,00244238
0033e278,00254880
0033e278,00254bc4
0033e278,0025599c
0033e278,002559cc
0033e278,00256804
0033e278,002688d8
0033e278,0026ce30
0033e278,0029a29c
0033e278,0029c448
0033e278,0029d56c
0033e278,002a7030
0033e278,002a7bec
0033e278,002a7f5c
0033e278,002a7f88
0033e278,002a8eac
0033e278,002a8f8c
0033e278,002a8ffc
0033e278,002a9020
0033ea64,00120ff0
0033ea64,001e304c
0033ea64,001e309c
0033ea64,001e30fc
0033ea64,00224098
0033ea64,00224240
0033ea64,00224274
0033ea64,002245f8
0033ea64,002247a0
0033ea64,00224ed4
0033ea64,00225608
0033ea64,00225d30
0033ea64,002260fc
0033ea64,002636d0
0033ea64,00263810
0033ea64,00263b88
0033ea64,00298b10
0033ea64,002a7030
0033ea64,002a7f5c
0033ea64,002a7f64
0033ea64,002a8ffc
0033ea64,0037efe0
003404f0,0022b1b4
003404f0,00263810
003404f0,0029feb4
003404f0,002a7030
003405e0,0033d578
003405e0,0033ea64
0034061c,0029f694
00340624,002a7f5c
00340624,002a7f64
00340830,00224240
00340830,00282cb0
00340830,0029a3f4
00340830,0029f658
003408d8,002a8ffc
003408d8,003408e8
003408e8,00224240
003408e8,00282c0c
003408e8,0029f694
003408e8,002a7f5c
003408e8,002a8ffc
003408e8,00349120
00340b10,0014a7ec
00340b10,001e9c00
00340b10,00236b80
00340b10,0026275c
00340b10,0028d174
00340b10,002a6030
00340b10,002a7030
00340b10,002a8df8
00340b10,0031f268
00340cf8,00120ff0
00340cf8,00145f10
00340cf8,00146c04
00340cf8,00147228
00340cf8,00149e80
00340cf8,0014fa14
00340cf8,0015112c
00340cf8,001e7750
00340cf8,001e79bc
00340cf8,001e7a40
00340cf8,001e9c00
00340cf8,0021d798
00340cf8,00223f58
00340cf8,00223f68
00340cf8,00223ff8
00340cf8,00224008
00340cf8,00224038
00340cf8,00230088
00340cf8,00230804
00340cf8,00230884
00340cf8,002308d4
00340cf8,0023090c
00340cf8,0023400c
00340cf8,002349fc
00340cf8,00234a08
00340cf8,00236568
00340cf8,00236b58
00340cf8,00236b80
00340cf8,002370e8
00340cf8,0023ff30
00340cf8,00261d48
00340cf8,00263b88
00340cf8,0026ce30
00340cf8,0026cfc0
00340cf8,0027236c
00340cf8,002747e4
00340cf8,0027d61c
00340cf8,0028d174
00340cf8,002906d0
00340cf8,00298394
00340cf8,0029a29c
00340cf8,0029a578
00340cf8,002a7030
00340cf8,002a7b94
00340cf8,002a8df8
00340cf8,002a8f8c
00340cf8,002ebaa8
00340cf8,002ebb90
00340cf8,002ebd0c
00340cf8,002ebd28
00340cf8,003098e4
00340cf8,0030a5d8
00340cf8,0031948c
00340cf8,0031fbbc
00340cf8,00321d8c
00340cf8,00322f84
00340cf8,00322fa0
00340cf8,003230b0
00340cf8,0034332c
00340cf8,0037d7e4
00340cf8,0037d7f0
00341ea0,00149de0
00341ea0,00223e9c
00341ea0,00223ed0
00341ea0,00223efc
00341ea0,00229440
00341ea0,00236568
00341ea0,00236b80
00341ea0,0023725c
00341ea0,0025593c
00341ea0,0025599c
00341ea0,002559cc
00341ea0,00256804
00341ea0,0026275c
00341ea0,00264f88
00341ea0,0029427c
00341ea0,00295d80
00341ea0,0029a29c
00341ea0,0029a360
00341ea0,0029a578
00341ea0,002a7030
00341ea0,002a7f5c
00341ea0,002a7f64
00341ea0,002a7f88
00341ea0,002a8df8
00341ea0,002a8f8c
00341ea0,0031f624
00341ea0,0035621c
00342b04,00149de0
00342b04,0014c624
00342b04,001e7294
00342b04,00229dc4
00342b04,00236b80
00342b04,0026275c
00342b04,00264a9c
00342b04,00264d10
00342b04,0026d850
00342b04,002747e4
00342b04,0028d174
00342b04,0029427c
00342b04,002954f4
00342b04,00295d80
00342b04,0029a29c
00342b04,002a7030
00342b04,002a8df8
00342b04,0031ef18
00342b04,00321af8
00342b04,003299e8
00342b04,0032a1c4
00342b04,0034890c
00342b04,00381b08
00343230,0029feb4
00343230,002a7030
0034332c,00149df0
0034332c,001e9c9c
0034332c,0022926c
0034332c,00230088
0034332c,0023661c
0034332c,0023725c
0034332c,0025593c
0034332c,0025599c
0034332c,002559cc
0034332c,00256804
0034332c,002688d8
0034332c,0028d174
0034332c,0028d2d8
0034332c,0029e4f0
0034332c,002a7bec
0034332c,002a7f5c
0034332c,002a8df8
0034332c,002a8eac
0034332c,002a8f8c
00343f58,00282cb0
00343f58,0029a3f4
00343f58,002a6188
00343f58,002ebd30
00343ff0,002a8ffc
00343ff0,00344000
00344000,00120ff0
00344000,00282c0c
00344000,00293e74
00344000,00293fa4
00344000,00296060
00344000,002a0388
00344000,002a7f5c
00344000,002a8df8
00344000,002a8ffc
00344000,002ebd58
00344000,0034916c
003441e4,002a7030
003441e4,00313f94
00344238,002a8ffc
00344278,00236b80
00344278,0026275c
00344278,002a7030
00344278,002a8df8
00344278,0031fc34
00344408,00236568
00344408,0023725c
00344408,00255798
00344408,00256804
00344408,0026cb00
00344408,0028d0d0
00344408,0029a238
00344408,0029a3f4
00344408,002a8938
00344408,002a8df8
00344408,002a8f8c
00344408,003459d8
00344660,00344408
00344728,00223d2c
00344728,002298a8
00344728,00236568
00344728,0023661c
00344728,0023725c
00344728,0025593c
00344728,0025599c
00344728,002559cc
00344728,00256804
00344728,002688d8
00344728,0026c5e4
00344728,0026cb00
00344728,0029a238
00344728,0029a3f4
00344728,0029e4f0
00344728,002a7bec
00344728,002a7f5c
00344728,002a7f64
00344728,002a7f88
00344728,002a8938
00344728,002a8df8
00344728,002a8eac
00344728,002a8f8c
00345338,0026cb00
00345338,002a8938
003453f4,00223d2c
003453f4,00344728
00345470,00223d2c
00345470,0026cb00
00345470,0029a238
00345470,0029a360
00345470,002a7f5c
00345470,002a7f88
00345470,002a8f8c
00345640,00236b80
00345640,0026275c
00345640,002747e4
00345640,002a7030
00345640,002a8df8
00345640,00320b28
00345834,00236b80
00345834,0026275c
00345834,002a7030
00345834,002a8df8
00345834,003212b0
003459d8,00223cb4
003459d8,0023661c
003459d8,002688d8
003459d8,002a7bec
003459d8,002a8eac
00345b38,0029a238
00345b38,002a7f5c
00345b38,002a8df8
00345b38,002a8ffc
00345c2c,0029a238
00345c2c,002a7f5c
00345c2c,002a8df8
00345d1c,00223c04
00345d1c,002451bc
00345d1c,002a7030
00345da8,00223ac4
00345da8,002a6030
00345da8,002a7030
00345da8,002a7e38
00345da8,002a7f5c
00345da8,002a7f64
00345da8,002a81f0
00345da8,002a9020
003460f8,00223c04
003460f8,00223c44
003460f8,002451bc
003460f8,00295d80
003460f8,002a7030
003461d0,002a6188
00346204,00223a48
00346204,002451bc
00346204,00293fa4
00346204,002a7030
00346204,002a7f5c
00346204,002a8ffc
003462c8,00261d48
003462c8,002a7030
003462c8,00323194
00346304,002a8ffc
00346314,00261d48
00346314,002a7030
00346314,00323850
00346350,0022b1b4
00346350,00261d48
00346350,00263810
00346350,0028a45c
00346350,002a7030
00346350,00323278
00346470,0022b1b4
00346470,00261d48
00346470,00263810
00346470,0028a45c
00346470,002a7030
00346470,00324ee0
00346590,002a8ffc
003465a0,0010efc8
003465a0,002a50d0
003465a0,002a5ff4
003465a0,002a8938
003466a4,00120ff0
003466a4,0022c644
003466a4,0022ce98
003466a4,002619a8
003466a4,00262014
003466a4,00298394
003466a4,002a097c
003466a4,002a7030
003466a4,002a8938
003468f8,002619a8
003468f8,002a685c
003468f8,002a68ec
00346a70,0022c644
00346a70,00298394
00346a70,0029e4ac
00346a70,002a50d0
00346a70,002a7030
00346b90,0023671c
00346b90,00236b80
00346b90,00262310
00346b90,0026275c
00346b90,002747e4
00346b90,00299bd0
00346b90,00299c38
00346b90,002a7030
00346b90,002a8df8
00346da4,0023671c
00346da4,00236b80
00346da4,002405a8
00346da4,0026275c
00346da4,00299c28
00346da4,0029a578
00346da4,002a7030
00346da4,002a8df8
00346da4,00320688
00346fe4,0023671c
00346fe4,00236b80
00346fe4,00262274
00346fe4,0026275c
00346fe4,00299bd0
00346fe4,00299c38
00346fe4,002a7030
00346fe4,002a8df8
00347188,0023671c
00347188,00236b80
00347188,0026275c
00347188,002a7030
00347188,002a8df8
00347188,0031f4a0
00347324,002239a4
00347324,0023725c
00347324,00254880
00347324,002548b0
00347324,00255798
00347324,0025593c
00347324,0025599c
00347324,00256804
00347324,0027c114
00347324,002853fc
00347324,002a8ffc
00347324,00356470
00347324,00356490
00347548,0029d77c
00347548,002a7f5c
00347548,002a7f64
00347548,002a81f0
00347548,002a9020
00347548,00347324
00347870,0029a3f4
003478ac,002a8ffc
003478ac,003478bc
003478bc,002a7f5c
003478bc,002a8ffc
003479d4,0023671c
003479d4,00236b58
003479d4,00236b80
003479d4,0026ce30
003479d4,002a7030
003479d4,002a7f5c
003479d4,0031fcb8
00347ba8,0023671c
00347ba8,00236b58
00347ba8,00236b80
00347ba8,0026ce30
00347ba8,002a7030
00347ba8,002a7f5c
00347ba8,00321438
00347dc0,0023400c
00347dc0,0023671c
00347dc0,00236b80
00347dc0,0026275c
00347dc0,00263b88
00347dc0,002a7030
00347dc0,002a7f5c
00347dc0,00320220
0034800c,0019882c
0034800c,0023725c
0034800c,0023837c
0034800c,002549f4
0034800c,00256804
0034800c,002688d8
0034800c,0026cde8
0034800c,002853fc
0034800c,002a7bec
0034800c,002a7e38
0034800c,002a7f5c
0034800c,002a7f64
0034800c,002a81f0
0034800c,002a8eac
0034800c,002a8f8c
0034800c,002a8ffc
0034800c,002a9020
003486b4,0034800c
00348770,002a8ffc
0034883c,002a7030
0034883c,0033c3c4
00348888,00223954
00348888,002a7030
0034890c,00223954
0034890c,002a7030
00348964,001e36ac
00348964,001e57b4
00348964,002a5aa8
00348964,002a67b8
00348ce4,001e2f8c
00348ce4,0029feb4
00348ce4,002a7030
00348ed8,00282cb0
00348ed8,002a7030
00348ed8,002a7b94
00348f6c,002a0324
00348ff0,00282c0c
00348ff0,002a8ffc
00349018,002a7030
003490d8,002a7030
003490d8,0034082c
00349124,002a7030
00349124,00343f54
00349170,002a7030
003491e4,0027643c
003492bc,0028a45c
00349374,002a7030
003493c8,002a7030
003493c8,0033983c
00349414,00223754
00349414,00223830
00349414,00223a48
00349414,00223ac4
00349414,002451bc
00349414,002a7030
00349414,002a7f5c
00349414,002a7f64
00349414,002a81f0
00349414,002a8938
00349414,002a9020
00349414,0036f80c
00349414,0036f824
00349c28,002a7f5c
00349c28,002a7f64
00349e68,002a7f5c
00349f14,002769f4
00349f14,00276b4c
00349f14,0030ac14
00349f94,002a7f5c
00349f94,002a8ffc
00349f94,003ab9d0
0034a088,002a7f5c
0034a178,002965a8
0034a1f4,0023efd8
0034a2a0,001987c4
0034a2a0,0036ffbc
0034a39c,002745e0
0034a4a4,002a7030
0034a4a4,0034a43c
0034a4a4,0034ad38
0034a4a4,0034b2e8
0034a4a4,0034bb48
0034a4a4,003914dc
0034a5dc,00293fa4
0034a5dc,00296060
0034a5dc,002a7f5c
0034a5dc,002a8ffc
0034a6a4,00291f20
0034a6d4,00291884
0034a700,002236cc
0034a700,0023fef4
0034a700,00285df0
0034a700,00286650
0034a700,00290204
0034a700,00290264
0034a700,00290f90
0034a700,002917a4
0034a700,00294320
0034a700,00296200
0034a700,0029654c
0034a700,002965a8
0034a700,002965d8
0034a700,00296618
0034a700,002a7030
0034a700,002a7490
0034a700,002c69cc
0034a700,002e5a48
0034a700,002ebd6c
0034a700,002ee808
0034a700,002f3764
0034ad38,00283784
0034ad38,00291810
0034ad38,00294320
0034ad38,00295f04
0034ad38,00295f10
0034ad38,002a6188
0034ad38,002a7f64
0034ad38,002a81f0
0034ad38,002a8f8c
0034ad38,002a9020
0034afc8,002a8ffc
0034afc8,0034afd8
0034afd8,00223608
0034afd8,0028f45c
0034afd8,00293e74
0034afd8,00293fa4
0034afd8,00295f80
0034afd8,00296060
0034afd8,002a7f5c
0034afd8,002ee808
0034b110,00161b1c
0034b110,002236cc
0034b110,0023fef4
0034b110,00286650
0034b110,00290204
0034b110,00290264
0034b110,0029654c
0034b110,002965a8
0034b110,002965d8
0034b110,00296618
0034b110,002c69cc
0034b110,002ebd6c
0034b110,002ee808
0034b2e8,001620b0
0034b2e8,00294320
0034b2e8,00295f04
0034b2e8,00295f10
0034b2e8,002a6188
0034b2e8,002a7f64
0034b2e8,002a81f0
0034b2e8,002a8f8c
0034b2e8,002a9020
0034b568,002a8ffc
0034b568,0034b578
0034b578,00223608
0034b578,0028f45c
0034b578,00293e74
0034b578,00293fa4
0034b578,00296060
0034b578,002a7f5c
0034b578,002ee808
0034b698,00291f20
0034b6a0,0028d04c
0034b6a8,00291884
0034b6b0,002236cc
0034b6b0,0023fef4
0034b6b0,00286650
0034b6b0,00290204
0034b6b0,00290264
0034b6b0,002923f8
0034b6b0,00296200
0034b6b0,0029654c
0034b6b0,002965a8
0034b6b0,002965d8
0034b6b0,00296618
0034b6b0,002a7030
0034b6b0,002c69cc
0034b6b0,002f3764
0034bb48,00291810
0034bb48,00294320
0034bb48,00295f04
0034bb48,00295f10
0034bb48,002a6188
0034bb48,002a7f64
0034bb48,002a81f0
0034bb48,002a9020
0034bce4,00223608
0034bce4,00295f80
0034bce4,002a8ffc
0034bd08,00223608
0034bd08,00295f80
0034bd28,0023fef4
0034bd28,00286904
0034bd28,00291304
0034bd28,00291668
0034bd28,00293064
0034bd28,002f3764
0034bd28,0034a178
0034be78,0022350c
0034be78,00223594
0034be78,002876f0
0034be78,002954f4
0034bf28,0022350c
0034bf28,00223594
0034bf28,002700f0
0034bf28,002876f0
0034bf28,002919d4
0034bf28,00292d1c
0034bf28,00293460
0034bf28,002954f4
0034c134,0022350c
0034c134,0034bd28
0034c1e8,00223594
0034c1e8,00287048
0034c1e8,002870b0
0034c1e8,0028a788
0034c1e8,002954f4
0034c288,00286fdc
0034c288,00295d80
0034c2c4,0022350c
0034c2c4,00223594
0034c2c4,00286f54
0034c2c4,00286fdc
0034c2c4,002954f4
0034c358,00223594
0034c358,00294768
0034c358,002954f4
0034c3dc,0022350c
0034c3dc,00223594
0034c3dc,002876f0
0034c3dc,00294750
0034c3dc,002954f4
0034c4d0,00223454
0034c4d0,0022350c
0034c4d0,00223594
0034c4d0,0023ffe4
0034c4d0,0026e6ec
0034c4d0,0027643c
0034c4d0,00281674
0034c4d0,0028689c
0034c4d0,00286a68
0034c4d0,00286ad0
0034c4d0,00286d64
0034c4d0,00287714
0034c4d0,0028a788
0034c4d0,0028c860
0034c4d0,0028cb80
0034c4d0,0028cdb4
0034c4d0,00290264
0034c4d0,00290f90
0034c4d0,0029114c
0034c4d0,002912e8
0034c4d0,00291810
0034c4d0,00291fa8
0034c4d0,00292620
0034c4d0,00292b60
0034c4d0,00292c10
0034c4d0,002942d4
0034c4d0,00295ee4
0034c4d0,00295f04
0034c4d0,00295f10
0034c4d0,00295f50
0034c4d0,002965d8
0034c4d0,00296618
0034c4d0,00299b78
0034c4d0,00299c38
0034c4d0,002a6030
0034c4d0,002a6188
0034c4d0,002a7030
0034c4d0,002a7f5c
0034c4d0,002a7f64
0034c4d0,002ebd6c
0034c4d0,002ee808
0034c4d0,002f3764
0034c4d0,00308b1c
0034c4d0,0034a4a4
0034c4d0,0034bd28
0034c4d0,0036df08
0034d300,0029a360
0034d300,0029d77c
0034d300,002a7f5c
0034d300,002a7f64
0034d300,002a81f0
0034d300,002a9020
0034d5c0,0029a3f4
0034d5f0,002a7f5c
0034d670,002693c4
0034d670,00295d80
0034d670,00308e18
0034d6c0,001a85b0
0034d6c0,0026ef18
0034d6c0,0027d570
0034d6c0,0027d57c
0034d6c0,0028a760
0034d6c0,0028a7b4
0034d6c0,0028a994
0034d6c0,002919d4
0034d6c0,00294068
0034d78c,002233e0
0034d78c,0026c894
0034d78c,0028ca60
0034d78c,00294750
0034d878,00222458
0034d878,0022316c
0034d878,002232fc
0034d878,002233e0
0034d878,0023560c
0034d878,002697e8
0034d878,0028ca60
0034d878,0028cc54
0034d878,0028d6b0
0034d878,0028d7b0
0034d878,00294bd8
0034d878,00299c28
0034d878,0029e4f0
0034d878,002a7030
0034d878,002a7f5c
0034d878,002a7f64
0034d878,002a81f0
0034d878,002a8f8c
0034d878,002a8ffc
0034d878,002a9020
0034d878,00332a24
0034dcf8,002233e0
0034dcf8,0027c918
0034dcf8,0027c978
0034dcf8,0027cb2c
0034dcf8,0028a6d4
0034dcf8,0028ca60
0034dcf8,002a7030
0034dcf8,002a8ffc
0034ddc4,00222458
0034ddc4,0022316c
0034ddc4,002232fc
0034ddc4,002233e0
0034ddc4,0028a9d0
0034ddc4,0028ca60
0034ddc4,00294348
0034ddc4,00294768
0034ddc4,002a7030
0034ddc4,002a8ffc
0034ddc4,00380914
0034e004,0028a994
0034e004,00294750
0034e02c,002233e0
0034e02c,0027c8e4
0034e02c,0027c8f0
0034e02c,0027c918
0034e02c,0028a994
0034e02c,0028ca60
0034e02c,002a8ffc
0034e0e4,0022316c
0034e0e4,002233e0
0034e0e4,0028ca60
0034e0e4,002a8b94
0034e0e4,002a8ffc
0034e0e4,00370918
0034e228,0028a994
0034e230,002233e0
0034e230,0027c47c
0034e230,0027c630
0034e230,0028ca60
0034e230,0028fc40
0034e230,00293cdc
0034e230,002a7030
0034e230,002a8ffc
0034e330,002233e0
0034e330,0027c918
0034e330,0027c978
0034e330,0028a6d4
0034e330,0028ca60
0034e330,002a7030
0034e330,002a8ffc
0034e3fc,002a8b94
0034e41c,002233e0
0034e41c,0027c3a8
0034e41c,0027c45c
0034e41c,0027c47c
0034e41c,0028ca60
0034e41c,002a8ffc
0034e510,0027c45c
0034e510,0028a994
0034e534,0028a7b4
0034e534,00294750
0034e55c,001a6328
0034e55c,00222418
0034e55c,002233e0
0034e55c,0028ca60
0034e55c,00294b24
0034e55c,002a7030
0034e55c,002a8ffc
0034e55c,0037dc94
0034e6c4,002233e0
0034e6c4,0027c8f0
0034e6c4,0027c918
0034e6c4,0028a994
0034e6c4,0028ca60
0034e6c4,002a8ffc
0034e768,001bbfd4
0034e768,002233e0
0034e768,00280d08
0034e768,0028a7b4
0034e768,0028ca60
0034e768,002a8938
0034e768,0037dcbc
0034e888,0028a994
0034e8ac,002a8b94
0034e900,002233e0
0034e900,0028ca60
0034e900,00294750
0034e900,00294bd8
0034e9c8,002233e0
0034e9c8,0028ca60
0034e9c8,00294394
0034ea50,002233e0
0034ea50,0028a7b4
0034ea50,0028a9d0
0034ea50,0028ca60
0034ea50,00294334
0034ea50,00294348
0034ea50,00294768
0034ebc8,002233e0
0034ebc8,00289cec
0034ebc8,0028ca60
0034ebc8,0028d0d0
0034ecd0,002233e0
0034ecd0,00271428
0034ecd0,00271e24
0034ecd0,0028ca60
0034ecd0,002a7030
0034ecd0,002a8ffc
0034ed98,002233e0
0034ed98,002696f8
0034ed98,00271e24
0034ed98,00271f98
0034ed98,0028a7b4
0034ed98,0028a994
0034ed98,0028ca60
0034ed98,002a8ffc
0034ee5c,002233e0
0034ee5c,0028a9d0
0034ee5c,0028ca60
0034ee5c,00294768
0034ee5c,00294b24
0034f14c,002233e0
0034f14c,0028a9d0
0034f14c,0028ca60
0034f14c,00294348
0034f14c,00294768
0034f30c,002233e0
0034f30c,0027c37c
0034f30c,0027c394
0034f30c,0028ca60
0034f30c,0028e64c
0034f30c,00294b24
0034f408,002233e0
0034f408,0027de64
0034f408,0027deb4
0034f408,00286f34
0034f408,00289f98
0034f408,0028ca60
0034f408,00294bd8
0034f408,00299c28
0034f408,002a7030
0034f408,00318fa4
0034f5d0,0028a994
0034f5d0,0028e630
0034f5f4,0028a994
0034f5f4,0028f1d0
0034f5f4,0028f2bc
0034f630,002233e0
0034f630,0028ca60
0034f630,00294bd8
0034f6c8,002233e0
0034f6c8,0028ca60
0034f6c8,00294348
0034f6c8,00294394
0034f7a4,002233e0
0034f7a4,0027d884
0034f7a4,00281380
0034f7a4,00286f34
0034f7a4,0028ca60
0034f7a4,0028fc40
0034f7a4,00294334
0034f7a4,00294348
0034f7a4,0037dc6c
0034f94c,002233e0
0034f94c,0028ca60
0034f94c,00294348
0034f94c,00294394
0034fa28,002233e0
0034fa28,0027bbac
0034fa28,0027bbcc
0034fa28,0027bce0
0034fa28,0027c114
0034fa28,0027c1cc
0034fa28,00286f34
0034fa28,002875c0
0034fa28,00289e1c
0034fa28,00289f98
0034fa28,0028a6d4
0034fa28,0028ca60
0034fa28,002940a0
0034fa28,00294334
0034fa28,00299bd0
0034fa28,00299c28
0034fa28,00299c38
0034fa28,0029a3d0
0034fa28,002a7030
0034fa28,002a8ffc
0034fc90,002233e0
0034fc90,002812dc
0034fc90,00287590
0034fc90,0028ca60
0034fda0,002812dc
0034fda0,0028a994
0034fdc4,002812dc
0034fdc4,0028a7b4
00350000,002233e0
00350000,00289ca4
00350000,0028ca60
00350000,00294bd8
00350000,00299c28
003502e8,002a8ffc
003502e8,003502f8
003502f8,00222418
003502f8,0022316c
003502f8,002695e8
003502f8,00271e24
003502f8,0027bbcc
003502f8,0027c47c
003502f8,0027c918
003502f8,0027de00
003502f8,00289a04
003502f8,00289a3c
003502f8,00289b54
003502f8,0028d6b0
003502f8,0028ee48
003502f8,00293e74
003502f8,00293f64
003502f8,00293fa4
003502f8,00296060
003502f8,002a7f5c
003502f8,002a8b94
003502f8,002a8ffc
003505e8,001aa994
003505e8,002221f4
003505e8,00245108
003505e8,00291884
003505e8,00291f20
003505e8,00295d80
003505e8,00299c38
003505e8,002a6030
003505e8,002a7030
003505e8,002ef07c
0035075c,001a2d84
0035075c,00295d80
0035075c,002a8ffc
0035078c,001a23b8
0035078c,001a2d84
0035078c,00291f20
0035078c,00295d80
0035078c,002a7030
0035078c,002a8ffc
00350900,001a2f18
00350900,002221f4
00350900,00245108
00350900,00291f20
00350900,002a7030
00350a58,001a2f18
00350a58,002221ec
00350a58,002221f4
00350a58,00245108
00350a58,00291f20
00350a58,002a7030
00350bb0,001a2fdc
00350bb0,002221f4
00350bb0,00245108
00350be8,002221f4
00350be8,00245108
00350c1c,001a3140
00350c1c,002a6188
00350c64,001a31a8
00350c64,00245108
00350c64,00291f60
00350c64,00293e74
00350c64,00293fa4
00350c64,00295f80
00350c64,00296060
00350c64,002a7f5c
00350c64,002a8134
00350c64,002a8ffc
00350e3c,0023fef4
00350e3c,00286904
00350e3c,00291304
00350e3c,00291668
00350e3c,00293064
00350e3c,002f3764
00350edc,002876f0
00350edc,00291f20
00350edc,002954f4
00350edc,002a7030
00350ff0,0023fef4
00350ff0,00286904
00350ff0,00291304
00350ff0,00291668
00350ff0,00291f20
00350ff0,00293064
00350ff0,002f3764
003510d4,00287048
003510d4,002954f4
003510d4,002a7030
003511a0,00286fdc
003511a0,00295d80
003511d8,00286f54
003511d8,00286fdc
003511d8,00291f20
003511d8,002954f4
003511d8,002a7030
003512b8,0027ae7c
003512b8,00281674
003512b8,0028689c
003512b8,00286a68
003512b8,00286ad0
003512b8,00286d64
003512b8,002912e8
003512b8,00291668
003512b8,00291810
003512b8,00291f20
003512b8,002923f8
003512b8,00292620
003512b8,00292b60
003512b8,00295f04
003512b8,00295f10
003512b8,002965a8
003512b8,00296618
003512b8,002a6030
003512b8,002a6188
003512b8,002a7030
003512b8,002f3764
003517a0,00286a10
003517a0,00291f60
003517a0,00293e74
003517a0,00293fa4
003517a0,00296060
003517a0,002a7f5c
00351a28,00222140
00351a28,002221a0
00351ad8,00222140
00351ad8,002221a0
00351b6c,002220f8
00351cdc,001a37e4
00351cdc,001a3808
00351cdc,002ca0a0
00351cdc,002cd014
00351cdc,00351f28
00351d88,002220b4
00351da0,001a351c
00351dc0,00222014
00351dc0,00222030
00351e78,001a351c
00351e78,00222014
00351f28,00105928
00351f28,00105de0
00351f28,001e7d2c
00351f28,002853ac
00351f28,002853d0
00351f28,002a5aa8
00351f28,002a5ac0
00351f28,002a5b48
00351f28,002a5ba0
00351f28,002a67b8
00351f28,002a6bac
00351f28,002a7d54
003520f4,00221fd4
003520f4,00222030
003521bc,001a3374
003521cc,001a32ec
003521cc,00222030
00352210,001a31e8
00352210,00221fd4
00352210,00222030
003522bc,00221fd4
003522bc,00222030
00352344,00221f9c
00352344,002220b4
00352344,002838a4
00352380,001a338c
00352380,001a33d8
003523bc,001a31e8
003523bc,00221fd4
003523bc,00222030
00352468,002cd3c0
00352478,001a3418
0035248c,00221f90
0035248c,00222014
0035248c,00222030
0035248c,00376c9c
00352568,00221f90
00352568,00222014
00352568,00222030
00352638,001a3568
00352648,001a32b8
00352648,001a32d4
00352648,001a3304
00352648,001a334c
00352648,001a3358
00352648,00221e50
00352648,00221e70
00352648,00221f6c
00352648,00221f84
00352648,00221f9c
00352648,002220b4
00352648,0029e630
00352a80,00221e50
00352a80,00221f6c
00352a80,00221f9c
00352a80,002220b4
00352b08,001a3dd4
00352b08,001e7de0
00352b08,001e7ffc
00352b08,001ed370
00352b08,00295d80
00352b08,002a0324
00352b08,002a50d0
00352bb0,00221ddc
00352bb0,002694c8
00352bb0,002876f0
00352bb0,00291f20
00352bb0,002954f4
00352cac,00221ddc
00352cac,002694c8
00352cac,002876f0
00352cac,0028f01c
00352cac,00291f20
00352cac,002954f4
00352e50,0023fef4
00352e50,002694c8
00352e50,00286904
00352e50,00291f20
00352e50,00293064
00352f18,00221ddc
00352f18,00287048
00352f18,002954f4
00352f98,00286fdc
00352f98,00295d80
00352fd4,00221ddc
00352fd4,002694c8
00352fd4,00286f54
00352fd4,00286fdc
00352fd4,002876f0
00352fd4,00291f20
00352fd4,002954f4
0035309c,00221ddc
0035309c,0028a9d0
0035309c,00294768
0035309c,002954f4
00353188,00221ddc
00353188,002694c8
00353188,0027a2e0
00353188,00281674
00353188,00286a68
00353188,00286ad0
00353188,00286d64
00353188,0028cb80
00353188,00291f20
00353188,002923f8
00353188,00292b60
00353188,00292c10
00353188,002954f4
00353188,00296618
00353188,002a7030
00353188,002f3764
003535f4,00221ddc
003535f4,0027a630
003535f4,0028f1d0
003535f4,0028f2bc
003535f4,002954f4
00353680,00294750
00353680,00295d80
003536c0,00221ddc
003536c0,002694c8
003536c0,002876f0
003536c0,002892a4
003536c0,0028f2bc
003536c0,00291f20
003536c0,002954f4
00353780,00221ddc
00353780,00294348
00353780,00294394
00353780,002954f4
0035385c,00294334
0035385c,00294348
0035385c,00353188
00353890,00221ddc
00353890,0028151c
00353890,0028689c
00353890,00287714
00353890,00289cec
00353890,0028a2b8
00353890,0028eea0
00353890,00291810
00353890,00292620
00353890,002942d4
00353890,00294320
00353890,00294bd8
00353890,00295ee4
00353890,00295f04
00353890,00295f10
00353890,00299c38
00353890,0029e630
00353890,002a6030
00353890,002a6188
00353b94,00221d68
00353b94,0027b724
00353b94,0027b7e4
00353b94,00294768
00353b94,002954f4
00353c28,00221d68
00353c28,00274238
00353c28,00274254
00353c28,0027444c
00353c28,0027b680
00353c28,0027b724
00353c28,0027b81c
00353c28,0027b838
00353c28,00286a68
00353c28,00287748
00353c28,002954f4
00353ea0,001614b0
00353ea0,00221d68
00353ea0,00286fdc
00353ea0,0028d3ec
00353ea0,002954f4
00353f70,00286fdc
00353f70,00295d80
00353fa8,00286fdc
00353fa8,00295d80
00353fe0,00221d68
00353fe0,0027b680
00353fe0,0027b724
00353fe0,00286a68
00353fe0,00294750
00353fe0,002954f4
003540b8,00221d68
003540b8,0027c37c
003540b8,0027c394
003540b8,0027ece8
003540b8,00287048
003540b8,00287714
003540b8,0028e64c
003540b8,00295d80
003540b8,0029d77c
003540b8,002a6030
003540b8,002a7f5c
003540b8,002a7f64
003540b8,002a81f0
003540b8,002a9020
0035448c,0027b5b8
0035448c,0028eea0
0035448c,002942d4
0035448c,00294320
0035448c,00295ee4
0035448c,00295f04
0035448c,00295f10
0035448c,0029a3f4
0035448c,002a6188
0035453c,00221cf4
0035453c,00274820
0035453c,0028f1d0
0035453c,002954f4
0035453c,0036c958
003545f0,002892a4
003545f0,0028f2bc
003545f0,00295d80
0035463c,0019bbbc
0035463c,00221c98
0035463c,00221cf4
0035463c,002544d8
0035463c,00274ad4
0035463c,0028e64c
0035463c,0028f158
0035463c,0028f2bc
0035463c,002954f4
0035463c,0029a29c
0035463c,0029a360
0035463c,002a7e38
0035463c,002a7f5c
0035463c,002a7f64
0035463c,002a81f0
0035463c,002a9020
00354f38,00221cf4
00354f38,0028d054
00354f38,0028e64c
00354f38,00294768
00354f38,00294b24
00354f38,002954f4
00355078,00221cf4
00355078,002954f4
003550e8,00274820
003550e8,00294750
003550e8,00295d80
00355120,00221c80
00355120,00221cf4
00355120,0028f1d0
00355120,0028f2bc
00355120,002954f4
00355214,00221c80
00355214,00221cf4
00355214,0028f1d0
00355214,0028f2bc
00355214,002954f4
0035529c,00221cf4
0035529c,0028e64c
0035529c,0028f2bc
0035529c,002954f4
00355340,0019bbbc
00355340,00221930
00355340,002219c8
00355340,00221c98
00355340,00221cf4
00355340,00287048
00355340,0028f2bc
00355340,00291294
00355340,002954f4
00355340,002a7030
00355340,002a8ffc
003554e0,00221c80
003554e0,00221c98
003554e0,00221cf4
003554e0,00286a68
003554e0,0028e64c
003554e0,00291294
003554e0,002954f4
003554e0,0037014c
003554e0,00370178
00355670,0019af40
00355670,0019bc00
00355670,00221cf4
00355670,0023ffe4
00355670,0027de64
00355670,0027deb4
00355670,0027df20
00355670,00286650
00355670,00287714
00355670,0028ccf4
00355670,0028eea0
00355670,0028f6d4
00355670,002904e8
00355670,00292ee0
00355670,002942d4
00355670,00294320
00355670,00295ee4
00355670,00295f04
00355670,00295f10
00355670,002965d8
00355670,00296618
00355670,00299c38
00355670,0029a3f4
00355670,002a6030
00355670,002a6188
00355670,002a7490
00355670,002ebd6c
00355670,002ee808
003559ec,0031d0b4
00355a2c,0036f358
00355a6c,002861ec
00355a6c,002a8ffc
00355a7c,002218bc
00355a7c,00226234
00355a7c,00226248
00355a7c,00261d48
00355a7c,002954f4
00355a7c,00295d80
00355a7c,00298394
00355a7c,002a7030
00355ba4,002218bc
00355ba4,0028e64c
00355ba4,002954f4
00355ba4,002ef3e8
00355c44,002218bc
00355c44,002954f4
00355c44,002eba78
00355c44,002ebb90
00355d08,002218bc
00355d08,002954f4
00355d08,002a6030
00355d08,002f3840
00355d08,002f3938
00355de0,0021d798
00355de0,002218bc
00355de0,002954f4
00355e54,002218bc
00355e54,002954f4
00355e54,0037e110
00355e54,0037e124
00355ee4,001a4618
00355ee4,001a462c
00355ee4,001a46a4
00355ee4,002218bc
00355ee4,002954f4
00355f84,002218bc
00355f84,002a6030
00356014,002218bc
00356014,002954f4
00356014,0037e110
00356088,00229938
00356088,00254880
00356088,0026db04
00356088,002745e0
00356088,0029aa78
00356088,0029aaf8
00356088,0029af70
00356088,002a7f5c
003561b0,0028e7c4
003561bc,0029aaf8
003561bc,0029af70
003561bc,002a7f5c
0035621c,002a7f5c
0035621c,002a7f64
003564c4,002a7f5c
00356520,0027ece8
00356520,00291f20
00356520,00293e40
0035660c,00221754
0035660c,00276280
0035660c,0028f158
0035660c,002954f4
0035660c,002a7030
003567c0,002216c4
0035686c,00221550
0035686c,002215c4
0035686c,002216c4
0035686c,00293904
0035686c,00293e40
0035686c,002954f4
0035686c,002a7f5c
0035686c,002a7f88
0035686c,002a8f8c
0035686c,0034e3f4
00356a2c,002213f8
00356a2c,002214f4
00356a2c,00221550
00356a2c,002216c4
00356a2c,0028d410
00356a2c,0028fc40
00356a2c,00292d1c
00356a2c,00293460
00356a2c,00293904
00356a2c,002954f4
00356a2c,002a7030
00356a2c,00357b8c
00356a2c,00358818
00356a2c,0035bf50
00356fc0,002213f8
00356fc0,002214f4
00356fc0,00221550
00356fc0,002216c4
00356fc0,00291884
00356fc0,002954f4
00356fc0,002a7030
00356fc0,0035b1c0
00356fc0,0035bf50
0035724c,00221324
0035724c,00293904
00357308,00221550
00357308,00221754
00357308,00290cb8
00357308,002923f8
00357308,002a6030
00357308,002f3764
00357308,0035660c
003575a0,002216c4
003575a0,00358818
003575a0,0035bb60
003575a0,00381c88
003575fc,002213f8
003575fc,00221550
003575fc,002216c4
003575fc,0026df00
003575fc,0026df1c
003575fc,00293904
003575fc,00293e40
003575fc,002954f4
00357750,00221324
00357750,00221550
00357750,0026923c
00357750,00281674
00357750,00291fa8
00357750,00293dd4
00357750,002954f4
00357750,00369d4c
00357978,002212d0
00357978,002954f4
00357978,002a7030
00357b34,00285d3c
00357b34,00290cb8
00357b34,002930d0
00357b34,00295f48
00357b8c,00221550
00357b8c,002954f4
00357b8c,003598a8
00357c3c,00221188
00357c3c,0028cda4
00357c3c,00290cb8
00357c3c,002923f8
00357c3c,002930d0
00357c3c,002f3764
00357dd4,0028cda4
00357dd4,0028d410
00357dd4,00290cb8
00357dd4,002923f8
00357dd4,002930d0
00357dd4,002f3764
00357ec0,0014ab24
00357ec0,00221188
00357ec0,0023ffe4
00357ec0,0028cda4
00357ec0,0028d410
00357ec0,00290cb8
00357ec0,00290f04
00357ec0,002923f8
00357ec0,00292c10
00357ec0,002930d0
00357ec0,0029654c
00357ec0,002965d8
00357ec0,00296618
00357ec0,002f3764
00357ec0,00357c3c
00358614,00221188
00358614,002923f8
00358614,002930d0
00358614,002f3764
003586c0,00221188
003586c0,002923f8
003586c0,002930d0
003586c0,002f3764
0035876c,00221188
0035876c,002923f8
0035876c,002930d0
0035876c,002f3764
00358818,001dbb78
00358818,00221550
00358818,0026df48
00358818,002954f4
00358818,00299c28
00358818,002a7030
0035891c,0028cda4
0035891c,0028d410
0035891c,00290cb8
0035891c,002923f8
0035891c,002930d0
0035891c,002f3764
00358a04,0028cda4
00358a04,00290cb8
00358a04,002923f8
00358a04,002930d0
00358a04,002f3764
00358ad8,00221188
00358ad8,0028cda4
00358ad8,00290cb8
00358ad8,002923f8
00358ad8,002930d0
00358ad8,002f3764
00358ba8,0022115c
00358ba8,00221550
00358ba8,00276b4c
00358ba8,00276b7c
00358ba8,002954f4
00358c60,00221550
00358c60,002769f4
00358c60,00276b4c
00358c60,002954f4
00358cf4,0028cda4
00358cf4,0028d410
00358cf4,00290cb8
00358cf4,002923f8
00358cf4,002930d0
00358cf4,002f3764
00358ddc,00295d80
00358e1c,0028cda4
00358e1c,00290cb8
00358e1c,002923f8
00358e1c,002930d0
00358e1c,002f3764
00358ee4,00221324
00358ee4,002214f4
00358ee4,00221550
00358ee4,00286f54
00358ee4,00286fdc
00358ee4,0028cda4
00358ee4,0028eb70
00358ee4,002954f4
00358ee4,002965a8
00358ee4,002965d8
00358ee4,002a7f5c
00358ee4,002a7f88
00358ee4,002a8f8c
00358ee4,00357b8c
00359104,002a8ffc
00359104,00359114
00359114,00264054
00359114,00285bf8
00359114,00286a10
00359114,0028f45c
00359114,00291f60
00359114,00293e74
00359114,00293fa4
00359114,00295f80
00359114,00296060
00359114,002a7f5c
00359114,002a8134
00359114,0035a4b8
00359114,0035bc58
00359114,0035c97c
003596d0,00220f74
003596d0,00220fe8
003596d0,00287330
003596d0,0028cda4
003596d0,0028eb70
003596d0,002954f4
003598a8,00220f74
003598a8,00220fe8
003598a8,002215c4
003598a8,0023ffe4
003598a8,002544d8
003598a8,0027ed28
003598a8,00285df0
003598a8,002923f8
003598a8,00296200
003598a8,00296618
003598a8,00299c38
003598a8,0029a29c
003598a8,0029a360
003598a8,002a6030
003598a8,002a7030
003598a8,002a7f5c
003598a8,002a7f64
003598a8,002a89a4
003598a8,002a8b94
003598a8,002a8f8c
003598a8,002f3764
00359f44,00220f74
00359f44,00220fe8
00359f44,002954f4
00359fc0,00220f74
00359fc0,00220fe8
00359fc0,002892a4
00359fc0,0028f1d0
00359fc0,0028f2bc
00359fc0,00291884
00359fc0,002954f4
0035a0c0,00220f74
0035a0c0,00220fe8
0035a0c0,0027ed28
0035a0c0,0028a438
0035a0c0,0028d3ec
0035a0c0,0028e64c
0035a0c0,00291884
0035a0c0,002954f4
0035a0c0,0029a29c
0035a0c0,0029a360
0035a0c0,002a0964
0035a0c0,002a7f5c
0035a0c0,002a89a4
0035a0c0,002a8b94
0035a0c0,002a8f8c
0035a0c0,002f1700
0035a0c0,002f3764
0035a410,0028a258
0035a410,0028eea0
0035a410,00291810
0035a410,00295ee4
0035a410,00295f04
0035a410,00295f10
0035a410,0029a3f4
0035a410,002a6188
0035a4b8,002215c4
0035a4b8,00289ba0
0035a4b8,0028ee48
0035a4b8,00293e74
0035a4b8,00293fa4
0035a4b8,00295f80
0035a4b8,00296060
0035a4b8,002a7f5c
0035a5f0,00220f00
0035a5f0,0023fef4
0035a5f0,00281674
0035a5f0,00286904
0035a5f0,00286a68
0035a5f0,00286ad0
0035a5f0,00286d64
0035a5f0,00286f54
0035a5f0,00291f20
0035a5f0,002923f8
0035a5f0,00293064
0035a5f0,00294334
0035a5f0,002965a8
0035a5f0,002965d8
0035a5f0,00296618
0035a5f0,002a0450
0035a5f0,002a05ac
0035a5f0,002a0620
0035a5f0,002a6030
0035a5f0,002a7030
0035a5f0,002ea0e0
0035a5f0,002f3764
0035aa04,00220f00
0035aa04,002876f0
0035aa04,00291f20
0035aa04,002954f4
0035aac8,0023fef4
0035aac8,00286904
0035aac8,00291f20
0035aac8,00293064
0035ab68,00220f00
0035ab68,00287048
0035ab68,002870b0
0035ab68,002954f4
0035abf4,00286fdc
0035abf4,00295d80
0035ac30,00220f00
0035ac30,00286f54
0035ac30,00286fdc
0035ac30,00291f20
0035ac30,002954f4
0035acc8,00220f00
0035acc8,00294768
0035acc8,002954f4
0035ad4c,00294750
0035ad4c,00295d80
0035ad78,00220f00
0035ad78,00294348
0035ad78,00294394
0035ad78,002954f4
0035ae50,00220f00
0035ae50,00285434
0035ae50,0028689c
0035ae50,00287714
0035ae50,0028a2b8
0035ae50,0028fc40
0035ae50,00291810
0035ae50,00292620
0035ae50,002942d4
0035ae50,00294320
0035ae50,00294bd8
0035ae50,00295ee4
0035ae50,00295f04
0035ae50,00295f10
0035ae50,002a6030
0035ae50,002a6188
0035ae50,0030abb0
0035b124,00291f20
0035b124,0035ba50
0035b1c0,0023ffe4
0035b1c0,0026f408
0035b1c0,00276158
0035b1c0,00287824
0035b1c0,0028d0d0
0035b1c0,0028eb70
0035b1c0,0028f090
0035b1c0,00291f20
0035b1c0,002923f8
0035b1c0,00295d80
0035b1c0,00296124
0035b1c0,002961ac
0035b1c0,00296200
0035b1c0,00296618
0035b1c0,002a6030
0035b1c0,002a7030
0035b1c0,002f3764
0035b950,00291f20
0035b950,002954f4
0035b950,002a7030
0035ba50,0028f048
0035ba50,002954f4
0035ba50,002a7030
0035bb24,00276d50
0035bb24,00295d80
0035bb60,0026f408
0035bb60,0028eb70
0035bb60,00295d80
0035bb60,00296124
0035bb60,002961ac
0035bbb8,00291810
0035bbb8,00295ee4
0035bbb8,00295f04
0035bbb8,00295f10
0035bbb8,002a6188
0035bc58,0026f408
0035bc58,0028eb70
0035bc58,00293e74
0035bc58,00293fa4
0035bc58,00295d80
0035bc58,00295f80
0035bc58,00296060
0035bc58,00296124
0035bc58,002961ac
0035bd10,00220e8c
0035bd10,002239a4
0035bd10,0027c114
0035bd10,0027c1cc
0035bd10,0028a9d0
0035bd10,00294394
0035bd10,00294750
0035bd10,00294768
0035bd10,002954f4
0035be8c,00220e10
0035be8c,00220e8c
0035be8c,002212d0
0035be8c,00294334
0035be8c,00294348
0035be8c,002954f4
0035be8c,00295d80
0035bf50,001e7938
0035bf50,0028d174
0035bfe4,00220e8c
0035bfe4,0028f344
0035bfe4,0028f448
0035bfe4,00293904
0035bfe4,00293e40
0035bfe4,002954f4
0035c168,00220e8c
0035c168,0028f070
0035c168,002954f4
0035c250,00220e8c
0035c250,0028f070
0035c250,002954f4
0035c344,00220e8c
0035c344,00287048
0035c344,002954f4
0035c3c8,00220e10
0035c3c8,00220e8c
0035c3c8,002212d0
0035c3c8,00221754
0035c3c8,0026d850
0035c3c8,00286fdc
0035c3c8,00294bd8
0035c3c8,002954f4
0035c3c8,00295d80
0035c3c8,00299c28
0035c62c,00220e8c
0035c62c,002954f4
0035c6b4,00220e8c
0035c6b4,0028f1d0
0035c6b4,0028f2bc
0035c6b4,002954f4
0035c7c0,00220e8c
0035c7c0,0028f2bc
0035c7c0,002954f4
0035c868,00220df0
0035c868,0028eea0
0035c868,0028ef04
0035c868,002942d4
0035c868,00294320
0035c868,00295ee4
0035c868,00295f04
0035c868,00295f10
0035c868,002a6188
0035c96c,002a8ffc
0035c96c,0035c97c
0035c97c,0028ec40
0035c97c,0028ee48
0035c97c,00293e74
0035c97c,00293f64
0035c97c,00293fa4
0035c97c,00296060
0035c97c,002a8ffc
0035ca8c,00276b7c
0035ca8c,0028cd1c
0035ca8c,0028cdb4
0035ca8c,002954f4
0035ca8c,002a7030
0035ca8c,002a7d24
0035cc14,00276b4c
0035cc14,002954f4
0035cc14,002a7030
0035ccec,0029114c
0035cd04,0028f45c
0035cd30,0028cd1c
0035cd30,0028cdb4
0035cd30,0028ce4c
0035cd30,002954f4
0035cd30,002a7030
0035cf24,0023ffe4
0035cf24,002769f4
0035cf24,00276b4c
0035cf24,0028eb70
0035cf24,00294348
0035cf24,002954f4
0035cf24,00295d80
0035cf24,002a7030
0035d9b4,00221124
0035d9b4,0023fef4
0035d9b4,0023ffe4
0035d9b4,0026e6ec
0035d9b4,00276140
0035d9b4,0027614c
0035d9b4,00276158
0035d9b4,002761a0
0035d9b4,00276a38
0035d9b4,00281a28
0035d9b4,00281ab0
0035d9b4,00287824
0035d9b4,0028cf70
0035d9b4,0028d054
0035d9b4,0028d0d0
0035d9b4,0028eb40
0035d9b4,0028fa04
0035d9b4,0028fc40
0035d9b4,00290358
0035d9b4,00290cb8
0035d9b4,00290ea8
0035d9b4,00290f90
0035d9b4,0029114c
0035d9b4,002923f8
0035d9b4,00292b48
0035d9b4,00292b60
0035d9b4,00292c10
0035d9b4,00293ca4
0035d9b4,00294320
0035d9b4,00294bd8
0035d9b4,00295ee4
0035d9b4,00295f04
0035d9b4,00295f10
0035d9b4,0029654c
0035d9b4,002965a8
0035d9b4,002965d8
0035d9b4,00296618
0035d9b4,0029989c
0035d9b4,0029a3d0
0035d9b4,0029e630
0035d9b4,002a6030
0035d9b4,002a6188
0035d9b4,002a7030
0035d9b4,002a7490
0035d9b4,002a7f5c
0035d9b4,002a7f64
0035d9b4,002a81f0
0035d9b4,002a8ffc
0035d9b4,002a9020
0035d9b4,002ebd6c
0035d9b4,002ee808
0035d9b4,002f3764
0035e7b0,00220d7c
0035e7b0,002832e4
0035e7b0,00286fdc
0035e7b0,0028a9d0
0035e7b0,002954f4
0035e878,00220cc4
0035e8b0,00220cc4
0035e8d0,00220c7c
0035e8d0,00220c88
0035e8d0,00220cb0
0035e8d0,00220d7c
0035e8d0,0022115c
0035e8d0,002954f4
0035e9c4,001c34d0
0035e9c4,00220b40
0035e9c4,00220b58
0035e9c4,00220c04
0035e9c4,00220cb0
0035e9c4,00220d7c
0035e9c4,0022115c
0035e9c4,00291f20
0035e9c4,002954f4
0035e9c4,002ee840
0035ebe8,00220c88
0035ebe8,00220d7c
0035ebe8,00287048
0035ebe8,0028eb70
0035ebe8,002954f4
0035ec7c,00286fdc
0035ec7c,00295d80
0035ec7c,00381d98
0035eccc,001c32e8
0035eccc,002208bc
0035eccc,0022096c
0035eccc,00220a94
0035eccc,00220cc4
0035eccc,00220d7c
0035eccc,00276b7c
0035eccc,00285d3c
0035eccc,00291f20
0035eccc,002954f4
0035eccc,002eabd8
0035eccc,002ee840
0035eccc,0036f8cc
0035ee90,002208bc
0035ee90,0022096c
0035ee90,00220a94
0035ee90,00220c7c
0035ee90,00220d7c
0035ee90,00291f20
0035ee90,002954f4
0035ee90,002ee840
0035ee90,0036f8cc
0035ef84,0016ba08
0035ef84,00220824
0035ef84,0022096c
0035ef84,00220d7c
0035ef84,002769f4
0035ef84,00276b4c
0035ef84,00286fdc
0035ef84,00291f20
0035ef84,002954f4
0035ef84,002a7030
0035ef84,002a8ffc
0035ef84,002ee840
0035ef84,003606b0
0035f1ec,00220d7c
0035f1ec,002832e4
0035f1ec,00286fdc
0035f1ec,00294768
0035f1ec,002954f4
0035f294,0016ba08
0035f294,00220d7c
0035f294,002954f4
0035f294,00360638
0035f294,00381d2c
0035f32c,0016b9fc
0035f32c,001c7bec
0035f32c,0022096c
0035f32c,00220a94
0035f32c,00220b58
0035f32c,00220d7c
0035f32c,00281888
0035f32c,0028d410
0035f32c,002954f4
0035f32c,0036f8e8
0035f490,0022096c
0035f490,00220a94
0035f490,00220d7c
0035f490,002769f4
0035f490,00276b4c
0035f490,002954f4
0035f558,0022096c
0035f558,00220a94
0035f558,00220d7c
0035f558,0022115c
0035f558,00276b4c
0035f558,00276b7c
0035f558,0028d410
0035f558,00294394
0035f558,002954f4
0035f66c,00220c88
0035f66c,00220d7c
0035f66c,0023ffe4
0035f66c,00285d3c
0035f66c,0028d410
0035f66c,00294334
0035f66c,00294348
0035f66c,002954f4
0035f788,00220824
0035f788,00220c7c
0035f788,00220cb0
0035f788,00220d7c
0035f788,0028eb70
0035f788,00291f20
0035f788,002954f4
0035f788,002a8ffc
0035f788,002ee840
0035f788,00381d98
0035f8dc,00294750
0035f8dc,00295d80
0035f91c,00220d7c
0035f91c,0023ffe4
0035f91c,00291f20
0035f91c,002954f4
0035f9d8,00220b40
0035f9d8,00220d7c
0035f9d8,002769f4
0035f9d8,00276b4c
0035f9d8,00291f20
0035f9d8,002954f4
0035f9d8,002ee840
0035fa84,0022096c
0035fa84,00220a94
0035fa84,00220d7c
0035fa84,00291f20
0035fa84,002954f4
0035fa84,002ee840
0035fb48,0016c5cc
0035fb48,00236b58
0035fb48,00236b80
0035fb48,0024590c
0035fb48,0026275c
0035fb48,00276814
0035fb48,00276a38
0035fb48,0027df20
0035fb48,00285cd0
0035fb48,00291810
0035fb48,002942d4
0035fb48,00294320
0035fb48,00295ee4
0035fb48,00295f04
0035fb48,00295f10
0035fb48,00299c28
0035fb48,00299c38
0035fb48,002a6188
0035fb48,002a7030
0035fb48,002a7f5c
0035fb48,002a8ffc
0035fb48,0031f9ac
0035fb48,0036bebc
00360000,00220d7c
00360000,0023ffe4
00360000,0027de64
00360000,0027deb4
00360000,0027ece8
00360000,0027ee0c
00360000,00285ebc
00360000,00286a68
00360000,00286d64
00360000,00287714
00360000,0028d054
00360000,00290f90
00360000,00291f20
00360000,00292c10
00360000,00292ee0
00360000,00294bd8
00360000,00296200
00360000,002965d8
00360000,00296618
00360000,00299bd0
00360000,002a6030
00360000,002a7030
00360000,002a7490
00360000,002ee840
00360000,002f1838
00360000,002f1850
00360000,002f3764
00360000,0036ba10
00360000,0037e134
00360000,0037e144
00360638,0023ffe4
00360638,0028fc54
00360638,0028fdc8
003606b0,0028f494
003606b0,0028f6d4
003606b0,0028f6e4
003606b0,0028f798
003606b0,0028f9d0
003606b0,0028fa04
003606b0,0028fa90
003606b0,00290f90
003606b0,00290fa8
003606b0,0029114c
003606b0,00293ca4
003606b0,00295ee4
003606b0,00295f04
003606b0,00295f10
003606b0,002965d8
003606b0,00296618
003606b0,002a6188
003606b0,002a7030
003606b0,002a7f5c
003606b0,002a7f64
003606b0,002a81f0
003606b0,002a8ffc
003606b0,002a9020
003606b0,0037e168
00361224,00220510
00361224,003abe58
00361260,0029aa78
00361260,0029aaf8
00361260,0029af70
00361260,002a7f5c
00361354,0029a5bc
00361354,0029a5c8
00361354,0029a744
00361354,0029af70
00361354,002a7f5c
00361354,002a7f64
003615b8,002a9020
00361618,0027ad60
00361618,002a7f5c
00361618,00381ef4
003616cc,002954f4
003616cc,002a7030
00361798,0028116c
00361798,002954f4
00361798,002a7030
003618e0,00281180
003618e0,002954f4
003618e0,002a7030
00361a2c,00281180
00361a2c,002954f4
00361a2c,002a7030
00361a2c,0037d888
00361c34,0029a360
00361c34,0029d77c
00361c34,002a7f5c
00361c34,002a7f64
00361c34,002a81f0
00361c34,002a9020
00361ef4,0029a3f4
00361f10,002a7f5c
00361f74,0022049c
00361f74,00291f20
00361f74,002954f4
00362000,0022049c
00362000,00276c58
00362000,0028f158
00362000,00291f20
00362000,002954f4
00362000,00299c38
00362148,0022049c
00362148,00287048
00362148,002954f4
003621c8,001b3e70
003621c8,0022049c
003621c8,00286fdc
003621c8,002954f4
003621c8,00295d80
00362278,0022049c
00362278,00286fdc
00362278,00291f20
00362278,002954f4
00362310,0022049c
00362310,0028f048
00362310,0028f1d0
00362310,0028f2bc
00362310,00291884
00362310,002954f4
00362400,0022049c
00362400,0026f408
00362400,002892a4
00362400,0028f2bc
00362400,00291f20
00362400,002954f4
00362400,00299c38
003624d0,0022049c
003624d0,0028f2bc
003624d0,00291f20
003624d0,002954f4
00362564,00220428
00362564,00261d48
00362564,0028ca60
00362564,002a7030
00362564,003250cc
003625f8,002203b4
003625f8,00220428
003625f8,0028ca60
003625f8,002a8ffc
003625f8,0037d258
00362680,0021ff10
00362680,00220310
00362680,00220394
00362680,002203b4
00362680,00220428
00362680,0028ca60
00362680,002a7030
00362680,002a8ffc
00362754,00147500
00362754,001e6fd0
00362754,00220428
00362754,0028a9d0
00362754,0028ca60
00362754,0028d0e0
00362754,0028d174
00362754,002940a0
00362754,00294768
00362754,00299b78
00362754,00299c38
003629c4,00220428
003629c4,002370e8
003629c4,00261d48
003629c4,0028ca60
003629c4,00294348
003629c4,00294768
003629c4,002a7030
00362b0c,00220428
00362b0c,0028ca60
00362b0c,0028e64c
00362b0c,0028f1d0
00362b0c,0028f2bc
00362bb8,00220428
00362bb8,0028ca60
00362bb8,00294068
00362c30,001e7a40
00362c30,0021fdec
00362c30,00220428
00362c30,0026c8dc
00362c30,0028ca60
00362c30,0028d174
00362c30,002a7030
00362c30,002a8ffc
00362c30,002e2050
00362d3c,00220428
00362d3c,00271208
00362d3c,0028ca60
00362d3c,002a8ffc
00362dc4,0021fdec
00362dc4,00220428
00362dc4,0027de64
00362dc4,0028ca60
00362dc4,002a8ffc
00362dc4,0037d1f8
00362e54,00148030
00362e54,001adc00
00362e54,0021fddc
00362e54,00220428
00362e54,00223f58
00362e54,00265a84
00362e54,00271208
00362e54,002712c0
00362e54,00271a70
00362e54,00272308
00362e54,00272438
00362e54,00279694
00362e54,0028ca60
00362e54,0028d0d0
00362e54,0028d410
00362e54,002a7030
00362e54,002a8ffc
00362e54,00363d84
0036308c,00220428
0036308c,0028ca60
0036308c,0029feb4
00363130,001b3de8
00363130,00220428
00363130,002892a4
00363130,0028ca60
00363130,0028f1d0
00363130,0028f2bc
00363218,0014a7ec
00363218,0014b7d8
00363218,00220428
00363218,00223f58
00363218,00271208
00363218,002712c0
00363218,00279694
00363218,00289cec
00363218,0028ca60
00363218,0028d174
00363218,002a7030
00363218,002a8ffc
00363384,00220428
00363384,00287048
00363384,0028ca60
003633f4,0021fd08
003633f4,002892a4
003633f4,0028f1d0
003633f4,0028f2bc
00363438,00220428
00363438,0028920c
00363438,0028ca60
00363438,0028e8ec
00363438,00294768
003634d8,00220310
003634d8,00220394
003634d8,002203b4
003634d8,00220428
003634d8,00265a84
003634d8,00271208
003634d8,002712c0
003634d8,00271bf0
003634d8,00272308
003634d8,00275db4
003634d8,00289834
003634d8,00289cec
003634d8,0028ca60
003634d8,002a7030
003634d8,002a8ffc
00363734,001b3f10
00363734,00220428
00363734,002892a4
00363734,0028ca60
00363734,0028f1d0
00363734,0028f2bc
003637c8,00220428
003637c8,0022b454
003637c8,00261d48
003637c8,0028ca60
003637c8,002930d0
003637c8,00294394
003637c8,002a7030
003638e0,00220428
003638e0,0028ca60
003638e0,0028e64c
003638e0,0028f2bc
00363974,0021fc38
00363974,0021fc48
00363974,00220428
00363974,00223f58
00363974,0028ca60
00363974,00294348
00363aa0,00149b48
00363aa0,0021fd08
00363aa0,0037d1d8
00363ad0,0021fd08
00363ad0,00220428
00363ad0,00272144
00363ad0,0028a9d0
00363ad0,0028ca60
00363ad0,00294768
00363ad0,002a8ffc
00363c80,0021f980
00363c80,0021fc48
00363c80,00220428
00363c80,0028ca60
00363cf4,0014b7d8
00363cf4,00220428
00363cf4,00271208
00363cf4,0028ca60
00363cf4,002a8ffc
00363d84,001475e8
00363d84,00220428
00363d84,00265a84
00363d84,00271208
00363d84,002712c0
00363d84,00279694
00363d84,00289cec
00363d84,0028ca60
00363d84,002a7030
00363d84,002a8ffc
00363ed4,0021f948
00363ed4,00220310
00363ed4,00220394
00363ed4,00220428
00363ed4,0028ca60
00363ed4,002a7030
00363ed4,002a8ffc
00363ed4,002e5688
00363fb0,00220428
00363fb0,0026d20c
00363fb0,0028a9d0
00363fb0,0028ca60
00363fb0,00294768
00363fb0,002a7030
00363fb0,00337550
00363fb0,0034883c
00364204,00199d58
00364204,00220428
00364204,0026cf38
00364204,0026cfa0
00364204,00271bf0
00364204,00272308
00364204,00275cfc
00364204,00275db4
00364204,0027d668
00364204,0028ca60
00364204,002a7030
00364204,002a8ffc
00364364,0017236c
00364364,00220428
00364364,0028a9d0
00364364,0028ca60
00364364,00294768
00364364,003561b0
003646a4,00220428
003646a4,0028ca60
003646a4,002a0324
003646a4,002a0388
00364718,0021fc38
00364718,00220428
00364718,0028ca60
00364718,00381630
003647d0,001467e0
003647d0,0021f938
003647d0,0021fd08
003647d0,0021fddc
003647d0,00220428
003647d0,00223f58
003647d0,00261d48
003647d0,0028a9d0
003647d0,0028ca60
003647d0,0028e64c
003647d0,0028f158
003647d0,00294768
003647d0,00294bd8
003647d0,002a7030
003647d0,00325068
00364ec4,00220428
00364ec4,00272308
00364ec4,00272438
00364ec4,0028ca60
00364ec4,002a8ffc
00364f4c,00220428
00364f4c,0028ca60
00364f4c,0028f158
00364f4c,00294750
00365010,00220428
00365010,002239a4
00365010,0028a9d0
00365010,0028ca60
00365010,00294768
00365220,0021f370
00365220,0021f928
00365220,0021f938
00365220,0021f980
00365220,00220428
00365220,0028ca60
00365220,0028d0d0
00365328,0021f980
00365328,00220428
00365328,0028ca60
00365390,001b3d60
00365390,00220428
00365390,002892a4
00365390,0028ca60
00365390,0028f1d0
00365390,0028f2bc
00365478,00148178
00365478,0021fc38
00365478,0021fc48
00365478,0021fddc
00365478,00220428
00365478,0026ce6c
00365478,0028ca60
00365478,00365720
00365598,00220428
00365598,0028ca60
00365598,00365720
00365600,00220310
00365600,002203b4
00365600,00220428
00365600,0026c8dc
00365600,00286fdc
00365600,00289834
00365600,0028ca60
00365600,002a7030
00365600,002a8ffc
00365600,002e19a8
00365600,002e1b7c
00365720,00220428
00365720,0028a9d0
00365720,0028ca60
00365720,00294768
00365894,0021f370
00365894,002203b4
00365894,00220428
00365894,0026c8dc
00365894,00271428
00365894,00271e24
00365894,00289834
00365894,00289cec
00365894,0028ca60
00365894,0028d0d0
00365894,002a7030
00365894,002a8ffc
003659d0,001e7174
003659d0,00220428
003659d0,0028ca60
003659d0,0028e64c
003659d0,0028f090
00365ac0,0021eff8
00365ac0,0021f2e0
00365ac0,00220428
00365ac0,00221930
00365ac0,002219c8
00365ac0,00223830
00365ac0,002544d8
00365ac0,00269d00
00365ac0,00272210
00365ac0,00278634
00365ac0,0027864c
00365ac0,00280c94
00365ac0,00280d08
00365ac0,0028a7b4
00365ac0,0028ca60
00365ac0,002919d4
00365ac0,00291a18
00365ac0,00291af4
00365ac0,00294b24
00365ac0,0029a360
00365ac0,002a7030
00365ac0,002a7f5c
00365ac0,002a7f64
00365ac0,002a8ffc
003661b8,00220428
003661b8,00271090
003661b8,00271bf0
003661b8,00272308
003661b8,0027de64
003661b8,00289cec
003661b8,0028ca60
003661b8,002a7030
003661b8,002a8ffc
003661b8,00381720
003662e0,0021f370
003662e0,00220428
003662e0,00271e24
003662e0,00271f98
003662e0,0027de64
003662e0,0028ca60
003662e0,0028e64c
003662e0,002a8ffc
003663c4,00220310
003663c4,002203b4
003663c4,00220428
003663c4,00289834
003663c4,0028ca60
003663c4,00294b24
003663c4,002a8ffc
00366478,0021f2e0
00366478,00223830
00366478,0028a6f0
00366478,0028a734
00366478,0028a7b4
00366478,002919d4
00366478,00294b24
00366478,0037014c
00366478,00370178
003666b8,00220428
003666b8,0028ca60
003666b8,0028d0ac
00366730,0021fd08
00366730,002663b0
00366758,00220428
00366758,0026f408
00366758,002892a4
00366758,0028ca60
00366758,0028f048
00366758,0028f1d0
00366758,0028f2bc
00366858,00220310
00366858,00220428
00366858,0028ca60
00366858,002a7030
00366858,002a8ffc
00366858,002e4700
003668fc,0021f980
003668fc,0021fc48
003668fc,00220428
003668fc,0028ca60
003669ac,0014c644
003669ac,00220428
003669ac,0027236c
003669ac,00276c58
003669ac,0028ca60
003669ac,0028f158
003669ac,003818f0
00366b58,00271a70
00366b58,00294b24
00366b58,002a8ffc
00366b58,00363d84
00366b58,003708b0
00366bb0,0021ff10
00366bb0,002203b4
00366bb0,00220428
00366bb0,00223f58
00366bb0,0028ca60
00366bb0,002a7030
00366bb0,002a8ffc
00366bb0,00348888
00366bb0,00361260
00366ca0,00220428
00366ca0,0028ca60
00366ca0,0028d6b0
00366ca0,0028d7b0
00366ca0,002a7030
00366ca0,002a8ffc
00366db0,00220310
00366db0,00220394
00366db0,00220428
00366db0,0028ca60
00366db0,002a8ffc
00366e38,0021f948
00366e38,00220428
00366e38,0026c8dc
00366e38,00271090
00366e38,0028ca60
00366e38,002a7030
00366e38,002a8ffc
00366e38,00353890
00366e38,0037d278
00366f18,0021f2e0
00366f18,0028a69c
00366f18,0028a7b4
00366f18,0028f2bc
00366f18,002919d4
00366f18,00294b24
00366f18,002a7f5c
00366f18,00381a10
00366fe4,00220310
00366fe4,00220394
00366fe4,002203b4
00366fe4,00220428
00366fe4,0026ce6c
00366fe4,002716f0
00366fe4,00272144
00366fe4,0028ca60
00366fe4,002a7030
00366fe4,002a8ffc
00366fe4,0037d258
0036718c,00220428
0036718c,0028ca60
003671e8,00220428
003671e8,0028ca60
003671e8,0028d6b0
003671e8,0028e630
003671e8,002a8ffc
00367270,00145f74
00367270,00172648
00367270,001e7750
00367270,001e79bc
00367270,0021f928
00367270,0021f938
00367270,00220428
00367270,0028a9d0
00367270,0028ca60
00367270,0028e64c
00367270,00294334
00367270,00294768
00367270,0029a7a0
00367270,00356470
00367470,0021fc48
00367470,00220428
00367470,00223f58
00367470,0028ca60
00367470,0028d0d0
00367544,00160b28
00367544,00171044
00367544,001a7078
00367544,001af6b4
00367544,001d64a0
00367544,001dc3f0
00367544,0020a774
00367544,0020aa1c
00367544,0020ad00
00367544,0021fddc
00367544,00220428
00367544,00220df0
00367544,002344d4
00367544,00234758
00367544,002348fc
00367544,00236b58
00367544,00254438
00367544,00269d00
00367544,0027de64
00367544,0027deb4
00367544,0027df20
00367544,00282cb0
00367544,00287714
00367544,00289cec
00367544,0028a2b8
00367544,0028a35c
00367544,0028ca60
00367544,0028eea0
00367544,0028f494
00367544,0028f6d4
00367544,002942d4
00367544,00294320
00367544,00294768
00367544,00295ee4
00367544,00295f04
00367544,00295f10
00367544,0029a360
00367544,0029cf30
00367544,002a6188
00367544,002a6e74
00367544,002a6fe8
00367544,002a7030
00367544,002a7490
00367544,002a7b94
00367544,002a7f5c
00367544,002a7f64
00367544,002a81f0
00367544,002a8f8c
00367544,002a8ffc
00367544,002a9020
00367544,00339924
00367544,0033a428
00367544,00349124
00367544,003a9454
00368000,002a8ffc
00368000,00368010
00368010,0021f948
00368010,0021fdec
00368010,00220310
00368010,002203b4
00368010,00221930
00368010,00234758
00368010,00269d00
00368010,00271090
00368010,00271208
00368010,00271a70
00368010,00271e24
00368010,00272144
00368010,00272308
00368010,0027de00
00368010,00282c0c
00368010,00289a04
00368010,00289a3c
00368010,0028d6b0
00368010,0028ee48
00368010,00293e74
00368010,00293f64
00368010,00293fa4
00368010,00296060
00368010,002a7f5c
00368010,002a8ffc
00368010,002e1b7c
00368434,0021ee5c
00368434,0028ca60
00368434,0028cc54
00368434,002a7030
00368434,002a8ffc
00368434,0034c4d0
00368434,00361354
00368580,0021ee5c
00368580,0026ff90
00368580,0028a994
00368580,002a8ffc
00368580,002ef23c
00368580,003816b4
0036860c,00289cec
0036860c,0028a2b8
0036860c,0028a35c
0036860c,0028ca60
0036860c,002a7030
00368708,0021ee5c
00368708,00289a04
00368708,00289a3c
00368708,002a8ffc
00368750,0023f4ec
00368750,00290d6c
00368750,002ee840
003687c0,0021eda4
0036889c,0021ed5c
0036889c,0021eda4
0036889c,00220c04
0036889c,00290d34
0036889c,00290da0
0036889c,002f08f8
00368914,0021ed5c
00368914,0021eda4
00368914,00290d34
003689f8,0021eda4
00368b14,0021eda4
00368b14,00220c04
00368b14,00290d34
00368b14,002ee840
00368c2c,00290d6c
00368c2c,002ee840
00368c2c,002f06cc
00368c2c,00381e90
00368cfc,0021eda4
00368cfc,00270f90
00368cfc,00290578
00368cfc,00290d34
00368cfc,002954f4
00368cfc,002a7030
00368cfc,002eb214
00368cfc,002ee840
00368cfc,002f0980
00368e78,0021ed54
00368e78,0023fef4
00368e78,00270ba0
00368e78,00270ed0
00368e78,00270f90
00368e78,00290204
00368e78,0029024c
00368e78,00290264
00368e78,002903a0
00368e78,00290578
00368e78,00290a88
00368e78,00290bf8
00368e78,00290d34
00368e78,002917b4
00368e78,00292600
00368e78,00293064
00368e78,00295d80
00368e78,00296124
00368e78,002965a8
00368e78,002965d8
00368e78,00296618
00368e78,002a6030
00368e78,002a7030
00368e78,002a7490
00368e78,002f064c
00368e78,002f1838
00368e78,002f1850
00368e78,0036ba10
00368e78,0036bea0
00369518,0021eda4
00369518,00270f90
00369518,00290578
00369518,00290d34
00369518,002954f4
00369518,002a7030
00369518,002ee840
0036963c,00270f90
0036963c,00290578
0036963c,00290d34
0036963c,002954f4
0036963c,002a7030
0036963c,002eb2e8
0036963c,002ee840
00369768,0021ecd4
00369768,00290578
003697a8,0021eba8
003697a8,0021eca0
003697a8,0021ecd4
003698cc,0021eba8
003698cc,0021ebc0
003698cc,0021eca0
003698cc,0021ecd4
00369b00,002f063c
00369b00,0037dbb4
00369b60,0021eca0
00369b60,002693c4
00369b90,0021eb34
00369b90,0021eba8
00369b90,0021eca0
00369b90,0021ecd4
00369b90,00290578
00369b90,00290d34
00369b90,00290d6c
00369b90,002954f4
00369b90,002eb214
00369b90,002f0980
00369ca0,0021eb34
00369ca0,0021ecd4
00369ca0,00290578
00369ca0,00290d34
00369ca0,00290d6c
00369ca0,002954f4
00369d4c,00174554
00369d4c,0021ebc0
00369d4c,0021ecd4
00369d4c,0021ed54
00369d4c,0023f61c
00369d4c,002904e8
00369d4c,00290bf8
00369e24,0021eb34
00369e24,002954f4
00369e80,0021ea20
00369e80,0021ea94
00369e80,0021eaf0
00369e80,00286650
00369e80,00286ad0
00369e80,00286ce8
00369e80,00286f54
00369e80,002917a4
00369e80,002917b4
00369e80,00291810
00369e80,00292600
00369e80,00292c10
00369e80,00292ee0
00369e80,00294320
00369e80,00294348
00369e80,002954f4
00369e80,00296200
00369e80,002965a8
00369e80,002965d8
00369e80,00296618
00369e80,002a6188
00369e80,002a7030
00369e80,002f3764
00369e80,003adc48
0036a3d0,00276d70
0036a3d0,00292ee0
0036a3d0,002965d8
0036a468,0021ea20
0036a468,0021ea94
0036a468,002876f0
0036a468,002954f4
0036a52c,0021ea20
0036a52c,0021ea94
0036a52c,002876f0
0036a52c,00292d1c
0036a52c,00293460
0036a52c,002954f4
0036a63c,0021ea94
0036a63c,0023fef4
0036a63c,00293064
0036a73c,0021ea20
0036a73c,002870b0
0036a73c,00294348
0036a73c,002954f4
0036a818,00295d80
0036a850,0021ea20
0036a850,0021ea94
0036a850,00286f54
0036a850,002954f4
0036a8d8,0021ea20
0036a8d8,0021ea94
0036a8d8,0021eaf0
0036a8d8,0023fef4
0036a8d8,0023ffe4
0036a8d8,00285df0
0036a8d8,00286650
0036a8d8,00286ad0
0036a8d8,00286ce8
0036a8d8,0028cd0c
0036a8d8,00290cb8
0036a8d8,00291810
0036a8d8,002923f8
0036a8d8,00292620
0036a8d8,00293064
0036a8d8,00294320
0036a8d8,00294bd8
0036a8d8,00295ee4
0036a8d8,00295f50
0036a8d8,00296200
0036a8d8,002965d8
0036a8d8,00296618
0036a8d8,002a6030
0036a8d8,002a6188
0036a8d8,002a7030
0036a8d8,002f3764
0036aeb8,0021ea20
0036aeb8,0021ea94
0036aeb8,0021eaf0
0036aeb8,0023fef4
0036aeb8,0023ffe4
0036aeb8,00285df0
0036aeb8,00286650
0036aeb8,00286ad0
0036aeb8,00286ce8
0036aeb8,0028cd0c
0036aeb8,00290cb8
0036aeb8,002917a4
0036aeb8,002917b4
0036aeb8,00291810
0036aeb8,002923f8
0036aeb8,00292600
0036aeb8,00292620
0036aeb8,00292c10
0036aeb8,00292ee0
0036aeb8,00293064
0036aeb8,00294320
0036aeb8,00295ee4
0036aeb8,00295f50
0036aeb8,00296200
0036aeb8,002965a8
0036aeb8,002965d8
0036aeb8,00296618
0036aeb8,002a6030
0036aeb8,002a6188
0036aeb8,002a7030
0036aeb8,002f3764
0036aeb8,003adc48
0036b830,00290f04
0036b830,002954f4
0036b830,002a7030
0036b830,002ee78c
0036ba10,0021e9f0
0036ba10,00290ea8
0036ba10,00290f04
0036ba10,00292600
0036ba10,00293064
0036ba10,00295d80
0036ba10,002965a8
0036ba10,002965d8
0036ba10,002a6030
0036ba10,002a7030
0036ba10,002a7490
0036ba10,002f1860
0036ba10,002f1d3c
0036bcc8,00290f04
0036bcc8,002954f4
0036bcc8,002a7030
0036bea0,0021e9f0
0036bea0,00295d80
0036bec4,00294320
0036bec4,00295ee4
0036bec4,002a6188
0036bec4,002f2014
0036bf00,0021e9f0
0036bf00,00293e74
0036bf00,00293fa4
0036bf00,00295d80
0036bf00,002f2078
0036bf60,001e9dd8
0036bf60,0021b50c
0036bf60,00252f9c
0036bf60,0028ebe8
0036bf60,00290cb8
0036bf60,00292c10
0036bf60,002ec124
0036c0c4,001e9dd8
0036c0c4,001e9e40
0036c0c4,0021b50c
0036c0c4,0021e9c4
0036c0c4,00252f9c
0036c0c4,002693c4
0036c0c4,0027c37c
0036c0c4,0027c394
0036c0c4,0028ebe8
0036c0c4,00290cb8
0036c0c4,00290f90
0036c0c4,00292c10
0036c0c4,002ec124
0036c0c4,0036c650
0036c38c,0021e7dc
0036c38c,00245054
0036c42c,0021e7a8
0036c42c,0021e7dc
0036c42c,0023fef4
0036c42c,00245054
0036c42c,00290f90
0036c42c,002965d8
0036c4c8,0021e7a8
0036c4c8,0021e7dc
0036c4c8,0023fef4
0036c4c8,00245054
0036c4c8,00290f90
0036c4c8,002965d8
0036c564,0021e7dc
0036c564,00245054
0036c564,0027ed28
0036c564,00290f90
0036c564,002965d8
0036c564,002f3764
0036c650,0021b50c
0036c650,0021e47c
0036c650,00255870
0036c650,0026d24c
0036c650,0026d2b4
0036c650,0026d3f4
0036c650,0026d44c
0036c650,00292c10
0036c650,00299498
0036c650,0029a184
0036c650,0029a360
0036c650,0029a3f4
0036c650,002a7f5c
0036c650,002ee2f4
0036c650,002f182c
0036c650,00371b28
0036c958,0021e7dc
0036c958,00245054
0036c958,00290f90
0036c958,002965d8
0036c9b0,001e720c
0036c9b0,001e7244
0036c9b0,001e7938
0036c9b0,0021e9c4
0036c9b0,0023ffe4
0036c9b0,0024590c
0036c9b0,0024d698
0036c9b0,0026d23c
0036c9b0,0026d38c
0036c9b0,002769f4
0036c9b0,00276a38
0036c9b0,00285434
0036c9b0,00289cec
0036c9b0,0028a2b8
0036c9b0,0028ebe8
0036c9b0,00290f90
0036c9b0,00292c10
0036c9b0,00294320
0036c9b0,00295ee4
0036c9b0,00295f04
0036c9b0,00295f10
0036c9b0,002965d8
0036c9b0,00296618
0036c9b0,002a6030
0036c9b0,002a6188
0036c9b0,002a7030
0036c9b0,002a7490
0036c9b0,002ea144
0036c9b0,002ee32c
0036c9b0,002f3764
0036cfe0,00245054
0036cfe0,00289a3c
0036cfe0,00293e74
0036cfe0,00293fa4
0036cfe0,00296060
0036cfe0,002ee488
0036d074,00102478
0036d074,0021e454
0036d074,0028d3ec
0036d074,002a0964
0036d074,002a783c
0036d074,002a7f5c
0036d074,002a7f64
0036d074,002a81f0
0036d074,002a8938
0036d074,002a8f8c
0036d074,002a9020
0036d7ac,002a7f5c
0036d7ac,002a7f64
0036d7ac,002a81f0
0036d7ac,002a8938
0036d7ac,002a9020
0036d7ac,0036d074
0036dda8,0021e448
0036dda8,0028157c
0036dda8,00281588
0036df08,0021e448
0036df08,00281588
0036dfe0,0021e2dc
0036dfe0,0029e4f0
0036dfe0,002a7f5c
0036dfe0,002a7f64
0036e558,0021db78
0036e558,0021dd90
0036e558,0029e4f0
0036e558,002a7f5c
0036e558,002a7f64
0036e558,0036d7ac
0036e9d8,0021d830
0036e9d8,0021e2dc
0036e9d8,0021e448
0036e9d8,0028157c
0036e9d8,00281588
0036e9d8,00290264
0036f358,0023ef88
0036f38c,002861f0
0036f38c,002a8ffc
0036f39c,00280d2c
0036f39c,0037d874
0036f3cc,0028a35c
0036f3cc,0028ca60
0036f3cc,002a7030
0036f48c,00289a04
0036f48c,002a8ffc
0036f49c,0037e3bc
0036f4a4,0037e4b0
0036f5b4,001e304c
0036f5b4,001e309c
0036f5b4,002940e4
0036f5b4,002a7f5c
0036f5b4,002a7f64
0036f7e8,002965d8
0036f8cc,001e0be4
0036f8cc,002619a8
0036f8e8,001e0b58
0036f8e8,002619a8
0036f928,00292ee0
0036f928,002965d8
0036f988,00292ee0
0036f988,002965d8
0036fa44,0021d7a8
0036fa44,002783c0
0036fa44,00278460
0036fae4,0021d7a8
0036fb90,0021d7a0
0036fbc0,0021d828
0036fd1c,0021d828
0036fdac,0021d828
0036feb4,00277ce8
0036febc,00277ce8
0036feec,0021d828
0036fef4,0021d7a0
0036ff64,0021d828
0036ff6c,0021b50c
0036ffa4,0021d828
00370030,00299c28
00370030,0029e4f0
00370030,002a8f8c
00370084,00299c28
00370184,00163364
00370184,00164498
00370184,00164d2c
00370184,00173928
00370184,001740a0
00370184,0019d2c4
00370184,0019d6a8
00370184,001a083c
00370184,001a89a8
00370184,001aab8c
00370184,001abba4
00370184,001b0e48
00370184,001bc67c
00370184,001c17b4
00370184,001c2c94
00370184,001d28c0
00370184,001d8094
00370184,002a7030
00370184,0034fde8
00370184,00367544
00370184,0036860c
00370184,0036f3cc
003704f8,002a7f64
00370630,0021b50c
00370630,0037d298
00370744,0021b50c
003707a4,0021b50c
003707a4,0021d790
003708dc,00276814
003709ac,0021d788
003709c4,0026cdf4
00370a14,0022945c
00370ab4,00292ee0
00370ab4,002965d8
00370afc,0021d828
00370bb0,00292ee0
00370bb0,002965d8
00370c14,0021d828
00370d9c,00292ee0
00370d9c,002965d8
00370dec,0021d828
00370ef4,00380a8c
00370f08,0021d788
00370f20,0021b50c
00370f20,0037d298
00370f88,0014a8e0
00370f88,00287748
00370f88,0028782c
00371010,0026cdf4
0037104c,00380ac4
00371068,00380aa4
00371084,00380aac
00371108,0021b50c
00371108,0021d790
00371170,00380a94
0037118c,0022945c
003711a8,00380a9c
003711c4,00380ab4
00371224,00380ad4
00371238,00292600
00371238,002965a8
00371238,002965d8
00371420,0021d828
0037147c,00275db4
00371508,003806f8
00371520,00380700
0037155c,0028782c
0037155c,00371624
003715d8,00380708
003715f4,00371924
003715f4,003806f0
003716a8,00299c28
003716a8,002a7f5c
003716a8,002a7f64
00371a44,001e5664
00371a44,002613f4
00371b28,002619a8
00371c9c,001f0d94
00371cd4,001f1200
00371d7c,0025b54c
00371d7c,002a764c
00371d7c,003a8eb8
00371e94,0025aae8
00371e94,0025b54c
00371e94,0029e4e4
00372158,002517c8
00372294,0037b908
00372294,0037ba0c
0037242c,0024f934
0037242c,002a8f8c
0037257c,0024f504
0037257c,0025371c
00372610,0021d3a4
00372610,0024f584
00372610,0024f5b8
00372610,00373fc4
00372610,0037415c
00372d88,0021d310
00372d88,0021d484
00372fac,0021d0f8
00372fac,0021d348
00372fac,00372d88
003731cc,0021cf98
003731cc,0021d0a4
003731cc,003737e0
003732e8,0029a488
003732e8,002a8f8c
003733d8,0021d0a4
003733d8,002a7490
003737e0,0021cf98
003737e0,0021d0a4
003738dc,0029b7a0
00373b80,0021d0a4
00373b80,003733d8
00373b80,003738dc
00373d50,00251084
00373d50,002510b4
00373d50,0029ca50
00373fc4,0021cf64
00373fc4,0025254c
00373fc4,002a4f08
0037415c,0021cf64
0037415c,0021d484
0037415c,0024efe0
0037415c,0024f014
0037415c,002a4f08
003744cc,0024e9e0
003744cc,0024eb60
003744cc,002a4ec4
003744cc,00374654
003744cc,00374c04
00374654,002475c4
00374654,0024eaa0
00374654,0024eb60
00374654,002b1968
00374c04,002b1968
00374c04,002dd194
00374c04,002dd378
00374c04,002dd4a0
00374c04,002dd5e0
00374ebc,003744cc
00374ff8,0024f504
00375024,0024f504
00375024,002a4f08
00375024,002a783c
003750b4,0024f504
003750b4,002a4f08
003750b4,002a783c
00375220,00375220
0037543c,0021bcdc
0037543c,0021be1c
0037543c,0021bf5c
0037543c,0021c0a0
0037543c,0021c1e0
0037543c,0021c250
0037543c,0021c518
0037543c,0021c558
0037543c,0021c600
0037543c,0021ca54
0037543c,0021ced8
0037543c,0024cabc
0037543c,0024ccc4
0037543c,002c7da8
0037543c,003752f0
003762ac,0021c250
003762ac,0021c600
003762ac,0021ca54
003762ac,0021ced8
003762ac,0024cabc
003762ac,0024ccc4
003762ac,002a4f08
003762ac,002a7490
003764e4,0021bc24
003764e4,0021ced8
003764e4,0024c1d8
003764e4,002a1994
003764e4,002ddd98
003764e4,003a90ec
00376668,0021bc24
00376668,0021ced8
00376668,002a4f08
0037672c,0024ccc4
0037672c,002c75b8
0037672c,002c8d20
003768d8,00379078
00376930,00379194
00376988,003791c4
003769e0,00379210
00376a28,001024a2
00376a28,002a8f8c
00376b38,003792f4
00376b90,00378ff4
00376bec,0037929c
00376c44,003795c0
00376ca4,00378294
00376cec,00378a04
00376d54,00378f4c
00376d9c,0024aa80
00376d9c,00376930
00376d9c,00379178
00376f00,0024aa80
00376f30,0024aa80
00377024,00379b28
0037714c,0021bba8
00377170,0021bba8
0037725c,0021bba8
00377294,0021bba8
003772bc,0021bba8
003772e4,0021bba8
0037730c,0021bba8
003773a0,0021bba8
003773dc,0021bba8
00377404,0021bba8
00377430,0021bba8
003774cc,0021bba8
003774f4,00281508
003774f4,0037b048
003774f4,0037b0fc
003774f4,0037b140
003774f4,0037b14c
003774f4,0037b158
003774f4,0037b184
003774f4,0037b1c0
003774f4,0037b1e8
003774f4,0037b214
003774f4,0037b22c
003774f4,0037b258
003774f4,0037b280
003774f4,0037b2f4
003774f4,0037b31c
00377680,00260ca8
00377680,002a81f0
00377680,0037b4d4
00377680,0037b4e0
00377680,0037b4ec
003778f0,0021bae8
0037790c,0021bae8
00377928,0021bae8
0037793c,0021bae8
00377954,0021bae8
00377968,0021bae8
00377980,0021bae8
00377c48,0021bba8
00377ed4,0021bba8
003781f0,0021bba8
00378218,0021bba8
00378294,002a764c
00378294,002a8f8c
003783a8,0021bba8
00378428,0021bba8
00378448,0021bba8
00378470,0021bba8
003784a4,0021bba8
003784c4,0021bba8
003784e4,0021bba8
00378528,0021bba8
003785d4,0021bba8
003785f8,0021bba8
00378624,0021bba8
00378648,0021bba8
0037866c,0021bba8
00378694,0021bba8
003786cc,0021bba8
003787f4,0029a488
003787f4,002a8f8c
003788e0,0021ba68
003788e0,002cfec0
003788e0,002d1008
003788e0,002d11f0
00378ae8,00281508
00378ae8,003770d0
00378ae8,00377140
00378ae8,0037714c
00378ae8,00377170
00378ae8,0037725c
00378ae8,00377294
00378ae8,003772bc
00378ae8,003772e4
00378ae8,0037730c
00378ae8,00377330
00378c04,002a7490
00378cac,00248dd0
00378d94,003779b0
00378d94,003779cc
00378e58,00247f80
00378e58,00260ca8
00378e58,002a81f0
00378e58,00377998
00378e58,00377a00
00378ed0,00249070
00378f0c,00249070
00378f54,003781b4
00378f68,00377ed4
00378fac,0021b9fc
00378fac,0021ba2c
00378fcc,00377c68
00378ff4,00377ca4
00378ff4,0037855c
00378ff4,00378588
00378ff4,003785ac
00379078,00377ca4
00379078,00377cd0
00379078,0037855c
00379078,00378588
00379078,003785ac
00379104,0021ba2c
00379104,003785d4
00379104,003785f8
00379104,00378648
00379104,00378694
00379104,003786cc
00379180,003781cc
00379194,00377c48
00379194,00377e98
003791c4,0021ba2c
003791c4,0037866c
00379210,0021ba2c
00379210,00378624
00379230,0021b9fc
00379230,0021ba2c
00379230,003781f0
00379230,00378218
00379230,003786c0
0037929c,0021b9c0
003792e0,003781e4
003792f4,0021b9fc
003792f4,0021ba2c
003792f4,00378244
003792f4,00378250
003792f4,0037826c
003792f4,003784e4
003792f4,0037850c
003792f4,003786f4
003792f4,0037870c
00379584,00378114
00379584,003783a8
003795c0,0021b9fc
003795c0,0021ba2c
003795c0,0037826c
003795c0,003784a4
003795c0,003784c4
003795c0,00378528
003795c0,003786f4
003795c0,0037870c
00379694,0021b9c0
00379694,0021b9fc
00379694,0021ba2c
00379694,00377c68
00379694,003781d8
00379788,0021b9fc
00379788,0021ba2c
00379788,003783c8
00379788,00378428
00379788,00378448
00379788,00378470
00379788,00378700
003797f8,003781c0
00379974,00248dd0
00379974,002a7490
0037999c,00379968
003799d8,00247f80
003799d8,00260ca8
003799d8,002a81f0
003799d8,00377998
003799d8,00377a00
00379a28,00371c8c
00379aac,00261b50
00379aac,002a685c
00379aac,002a68ec
00379b34,002484b0
00379b34,002484d0
00379b34,00248548
00379b34,0024861c
00379b34,0024a8a8
00379b34,002d0ec0
00379b34,002dba64
00379b34,002dbd78
00379b34,003774f4
00379b34,00377680
00379cc0,0021b994
00379cc0,00247b18
00379cc0,00247b34
00379cc0,00247b44
00379cc0,00247c54
00379cc0,00248da4
00379cc0,002a8278
00379cc0,002d4a8c
00379cc0,002d4b40
00379cc0,002d4fa4
00379cc0,002daa28
00379cc0,002dadb4
0037aa24,002d4c8c
0037aa4c,0021b844
0037b158,0021bba8
0037b184,0021bba8
0037b1c0,0021bba8
0037b1e8,0021bba8
0037b22c,0021bba8
0037b258,0021bba8
0037b2f4,0021bba8
0037b7c0,002475c4
0037ba0c,002475c4
0037ba0c,002dcffc
0037ba0c,002dd03c
0037ba0c,0037b7c0
0037ba0c,0037bc30
0037ba0c,0037bd48
0037bc30,002475c4
0037bd48,002475c4
0037bd48,0024eaa0
0037bd48,0024ead4
0037bd48,0024eb30
0037bd48,002a4f08
0037bd48,002a783c
0037c2b0,0021b73c
0037c2b0,0024eaa0
0037c2b0,0024ead4
0037c2b0,0024eb30
0037c2b0,002b1b98
0037c2b0,002b97f0
0037c2b0,00374f50
0037c2b0,0037c68c
0037c2b0,0037c760
0037c2b0,0037ca0c
0037c2b0,0037cb84
0037c2b0,0037cc10
0037c2b0,0037ccc0
0037c760,0021b73c
0037ca0c,0021b73c
0037ce50,0037cecc
0037cff8,002a7d24
0037cff8,0037cecc
0037d2e8,0014ab08
0037d320,003816f8
0037d34c,003ad428
0037d3b4,002a7f64
0037d4b8,002a8e0c
0037d4d8,001e34bc
0037d570,0026d39c
0037d570,0026d3f4
0037d570,0026d44c
0037d5c8,002906d0
0037d61c,001e3534
0037d648,002a7f64
0037d770,003a9408
0037d800,0023facc
0037d834,0023fee8
0037d924,0023fae8
0037d924,002a7490
0037dad4,0024f934
0037dad4,002a8f8c
0037dd38,001431f4
0037dd38,0021b530
0037dd38,0021b56c
0037dd70,001431f4
0037dd70,0021b530
0037dd70,0021b56c
0037ddd0,0021db78
0037ddd0,00290264
0037e064,0024c1d8
0037e064,002904e8
0037e064,002a0964
0037e064,002a1994
0037e064,002ddd98
0037e064,003a90ec
0037e168,002a7f64
0037e284,002745e0
0037e294,002a7f64
0037e294,002a81f0
0037e294,002a9020
0037e364,002965d8
0037e380,0021d7a0
0037e3f0,00221124
0037e408,0036f844
0037e410,0028a45c
0037e418,002930d0
0037e418,002965d8
0037e498,0023fef4
0037e50c,0021d828
0037e57c,0023fef4
0037e588,00239140
0037e588,002a7e38
0037e588,002a81f0
0037ebc8,002a7f64
0037ebc8,002a81f0
0037ebc8,002a9020
0037ecd0,0029a360
0037efe0,0021b3dc
0037efe0,002a7f64
0037f120,00286f34
0037f138,00286f34
0037f150,00286f34
0037f168,002783c0
0037f27c,002a8ffc
0037f45c,00221124
0037f45c,002761a0
0037f4d4,001dcecc
0037f4d4,00289f98
0037f4d4,00299c28
0037f4d4,002a7030
0037f4d4,00318ab8
0037f5dc,00289f98
0037f5dc,00299c28
0037f5dc,002a7030
0037f5dc,0037ff24
0037f694,0026a220
0037f694,0027614c
0037f694,002761a0
0037f694,0037d89c
0037f7d0,00265bb4
0037f88c,001484b4
0037f94c,0028d0ac
0037fa24,0021b1bc
0037fa24,0021b354
0037fa24,0021f35c
0037fa24,00261d48
0037fa24,00299f50
0037fa24,002a7030
0037fb18,002a0388
0037fb48,0028d0ac
0037fc18,002a764c
0037fc74,0021b1b4
0037fc90,0021b1b4
0037fcac,0021b1bc
0037fcac,0021b354
0037fcac,0021f35c
0037fcac,00261d48
0037fcac,00299f50
0037fcac,002a7030
0037ff24,00233a94
0037ffb8,00120ff0
0037ffb8,0022f624
0037ffb8,002a0388
0037ffb8,002a685c
00380030,002a685c
00380030,002a68ec
00380078,002a0388
0038011c,002853fc
0038011c,002a8ffc
00380290,00235100
003802fc,0022d4f0
003802fc,0022d898
00380364,002a8b94
00380364,0031cc5c
00380420,00235100
00380420,00274580
00380420,0029427c
00380420,002a7030
003808b4,0037dcf8
00380984,00280c94
00380b40,0037f6e8
00380ce8,00311cdc
00380d84,0029427c
00380d84,002a7030
00380dc8,00223e9c
00380dc8,00223efc
00380dc8,00229440
00380dc8,0029427c
00380dc8,002a7030
00380e88,00223ed0
00380e88,0029427c
00380e88,002a7030
00380ec4,0029427c
00380ec4,002a7030
00380f90,002a0388
003810c0,0021b1ac
003810c0,00261d48
003810c0,002a7030
003810fc,002370e8
003810fc,00261d48
003810fc,002a7030
00381184,0021b1ac
00381184,00261d48
00381184,002a7030
003811c0,00263b88
003811c0,002a7030
003811c0,003098dc
003811fc,0021b178
003811fc,00261d48
003811fc,002a7030
00381274,002370e8
00381274,00261d48
00381274,002a7030
003812fc,00261d48
003812fc,002a7030
003812fc,003238d4
00381338,00261d48
00381338,002a7030
00381388,0021b178
00381388,00261d48
00381388,002a7030
00381388,003b22fc
003814b0,003b2248
00381540,002a0388
003815f8,002a0388
00381630,00345d1c
00381764,0027b664
00381780,002a7f64
00381780,002a81f0
00381780,002a8f8c
00381780,002a9020
003818a8,00244238
00381904,00229938
00381904,00254880
00381904,0026db04
00381904,002745e0
00381904,0027b664
00381904,0029aa78
00381904,0029aaf8
00381904,0029af70
00381904,002a7f5c
00381904,002ecac8
00381a10,0026db04
00381a10,00299c28
00381b18,00299c28
00381b84,0021d828
00381ba8,002a8938
00381d98,0028cda4
00381e80,0021b0f4
00381ef4,00244904
00381ef4,002a7f5c
00381f8c,0024094c
00381f8c,002a685c
00381f8c,002a68ec
00381fbc,002408e8
00381fbc,002a685c
00381fbc,002a68ec
00382018,0024094c
00382018,002a685c
00382018,002a68ec
00382048,002408e8
00382048,002a685c
00382048,002a68ec
003820a4,0024094c
003820a4,002a685c
003820a4,002a68ec
003820d4,002408e8
003820d4,002a685c
003820d4,002a68ec
00382130,0024094c
00382130,002a685c
00382130,002a68ec
00382160,002408e8
00382160,002a685c
00382160,002a68ec
0038225c,00378a04
003822cc,00248434
003822e0,0024841c
00382334,00252ed0
00382334,00261b50
003823a0,002d0e8c
003824d0,0021b0b8
003824d0,0021b0c8
003824d0,0029bed6
003824d0,0038fb4c
00382614,0021b0b8
00382614,0021b0c8
0038287c,0021b0b8
0038287c,0021b0c8
0038287c,0029bed6
00382ab0,0021af08
00382ae8,0021af08
00382b20,0021af74
00382b20,0021b0b8
00382b20,0021b0c8
00382b20,0029bed6
00382cd4,0038baf4
00382d90,0029c234
00382d90,0029c748
00382d90,0029c778
00382d90,0029c85c
00382d90,0029c9f0
003867ac,00295ee4
003867ac,00295f04
003867ac,00295f10
003867ac,002a5ff4
003867ac,002a6188
003867ac,002a7504
00386988,00208868
00386988,002a7504
00386988,002c7de0
00386988,002c90f4
003869e8,00268900
003869e8,0029a3f4
003869e8,002a7504
00386a44,002a5ff4
00386a44,002a7504
00386a7c,002a5ff4
00386a7c,002a7504
00386ab8,002a7504
00386bc0,002a7504
00386c04,0021aec0
00386c04,002a783c
00386c5c,00285434
00386c5c,002a7504
00386c94,002a7504
00386cdc,002a7504
00386d20,002a7504
00386d74,00282cb0
00386d74,002a7504
00386dc4,002a5ff4
00386dc4,002a7504
00386e4c,002a5ff4
00386e4c,002a7504
00386ef4,002a5ff4
00386ef4,002a7504
00386f58,002a7504
00386fb4,002a7504
00386ff0,002a7504
00387044,0029e630
00387044,002a7504
00387078,00276a38
00387078,002a7504
003870d8,0029a3f4
003870d8,002a7504
00387118,002a7504
00387118,002a7f64
00387118,002a81f0
00387118,002a8f8c
00387118,002a9020
00387334,0021aec0
00387334,002a783c
003873c0,0029e630
003873e0,002a7504
0038743c,002a7504
0038746c,0029a3f4
0038746c,002a7504
003874b0,0021aec0
003874b0,002a783c
0038750c,0029a360
0038750c,002a7504
0038759c,00122634
0038759c,002a50d0
0038759c,002a7504
003875fc,002a7504
00387638,002a7504
00387638,002a7f64
003876f4,002a7504
0038772c,002a7504
0038772c,002a7f64
003877e0,002a7504
00387808,002a7504
00387808,002a7f64
003878bc,002a7504
003878bc,002a7f64
003878bc,002a81f0
003878bc,002a8f8c
003878bc,002a9020
003879dc,002a7504
00387af4,00233bac
00387af4,0026d38c
00387b4c,002a7504
00387bc0,002a7504
00387c08,002a5ff4
00387c08,002a7504
00387c70,002a783c
00387cd0,002a7504
00387cd0,002a7f64
00387d84,002a7504
00387e6c,0027b664
00387e6c,0029a3f4
00387e6c,002a7504
00387f3c,002a5ff4
00387f3c,002a7504
00388024,002a783c
00388084,002a7504
003880bc,002a7504
003880bc,002ec1c4
003880bc,002ed9d8
00388138,0029a3f4
00388138,002a7504
00388178,002a7504
00388178,002a7f64
00388178,002eeed4
00388230,0029a3f4
00388230,002a7504
0038825c,0029a360
0038825c,002a7504
00388294,0021aec0
00388294,002a783c
003882ec,002a783c
00388360,002a7504
00388418,002a7504
003884cc,002a7504
003884f4,0029a3f4
003884f4,002a7504
00388544,002a7504
00388574,002a783c
003885d8,002a783c
00388648,0021aec0
00388648,002a783c
0038869c,002a7504
0038878c,002a7504
0038878c,002a7f64
00388844,002a783c
003888a4,002760dc
003888a4,002a7504
0038891c,0029a3f4
0038891c,002a7504
00388958,002a7504
00388990,002a7504
003889c4,0029e630
003889c4,002a5ff4
003889c4,002a7504
00388a48,002a7504
00388a74,00287748
00388a74,0029a360
00388ab8,0021aec0
00388ab8,002a783c
00388b0c,002a7504
00388bec,002a7504
00388c10,002a7504
00388c68,002a5ff4
00388c68,002a7504
00388ca0,002a7504
00388ce4,002a7504
00388ce4,00312b80
00388d0c,0029114c
00388d0c,002a7504
00388db8,0021aec0
00388db8,002a783c
00388e10,002a783c
00388ea0,002a5ff4
00388f34,002a7504
00388f60,001ec818
00388f60,001ee284
00388f60,002a7504
00389000,00287748
0038902c,0021aec0
0038902c,002a783c
00389090,0021aec0
00389090,002a783c
003890e8,002a783c
00389148,0029d6dc
00389148,0029e630
00389148,002a5ff4
00389148,002a7504
00389420,002a7504
003894ac,0021aec0
003894ac,002a783c
00389508,0029e630
0038958c,002a7504
003895c0,002a7504
003895c0,002caccc
003895e4,002a7504
00389610,002a7504
0038963c,00233bac
0038963c,002a8e48
00389998,0021aec0
00389998,002a783c
00389a5c,0029e630
00389a5c,002a7504
00389ad4,0021aec0
00389ad4,002a783c
00389c88,0029e630
00389c88,002d5bf0
00389d78,002a783c
00389dd8,002a7504
00389e08,00287748
00389e24,0021aec0
00389e24,002a783c
00389e80,002a8e48
00389f50,0021aec0
00389f50,002a783c
00389fa4,002a7504
00389fe4,0021aec0
00389fe4,002a783c
0038a03c,0029a3f4
0038a03c,002a7504
0038a0e4,002a7504
0038a210,002a7504
0038a258,0021aec0
0038a258,002a783c
0038a2b0,0029a3f4
0038a2b0,002a7504
0038a338,0021aec0
0038a338,002a783c
0038a39c,0021aec0
0038a39c,002a783c
0038a3f0,002a8e48
0038a748,0021aec0
0038a748,002a783c
0038a7ac,0021aec0
0038a7ac,002a783c
0038a810,0021aec0
0038a810,002a783c
0038a864,002a7504
0038a8c0,0021aec0
0038a8c0,002a783c
0038a938,0021aec0
0038a938,002a783c
0038a99c,0021aec0
0038a99c,002a783c
0038aa08,00260ba8
0038aa08,00296a38
0038aadc,002ee8a4
0038ab08,0021aec0
0038ab08,002a783c
0038ab60,002a783c
0038abf8,0029a3f4
0038abf8,002a7504
0038ac7c,0021aec0
0038ac7c,002a783c
0038ad50,0021aec0
0038ad50,002a783c
0038add4,002a7504
0038ae14,0021aec0
0038ae14,002a783c
0038ae7c,002a8e48
0038afb8,0021aec0
0038afb8,002a783c
0038b01c,0021aec0
0038b01c,002a783c
0038b070,002a7030
0038b070,002a8e48
0038b41c,0021aec0
0038b41c,002a783c
0038b488,002a7504
0038b4cc,0021aec0
0038b4cc,002a783c
0038b530,0021aec0
0038b530,002a783c
0038b5a0,0029114c
0038b5a0,002a7504
0038b5dc,0010791c
0038b5dc,001c7f68
0038b5dc,0021aec0
0038b5dc,0024d698
0038b5dc,00282cb0
0038b5dc,00285434
0038b5dc,0028a2b8
0038b5dc,00295f04
0038b5dc,00295f10
0038b5dc,002a6188
0038b5dc,002a783c
0038b5dc,002ec2b8
0038b5dc,002ed9ec
0038b5dc,002f16a4
0038b890,002a7504
0038b890,002a7f64
0038b890,002eeed4
0038b948,0029a3f4
0038b948,002a7504
0038b980,002a7504
0038b980,002e90dc
0038b9a4,00282cb0
0038b9a4,002a7504
0038baa0,002a7504
0038baf4,002a09b0
0038bb38,00111d64
0038bb38,00115d6c
0038bb38,0011bbd4
0038bb38,0029d864
0038bb38,00382d90
0038bbf4,0021aea4
0038bbf4,0029c778
0038c0e8,00120ff0
0038c0e8,00142758
0038c0e8,0021ae88
0038c18c,00120ff0
0038c18c,00142a4c
0038c18c,00142ac0
0038c18c,00142b1c
0038c18c,00142b8c
0038c18c,00142c04
0038c18c,00142f24
0038c18c,001455ec
0038c18c,00145684
0038c18c,0021ae88
0038c37c,0021a448
0038c37c,0038fd2c
0038c53c,0029e418
0038c898,00382cd4
0038c898,0038bb34
0038c898,0038bbf4
0038cf44,0038cf5c
0038d568,0038fe04
0038d5a8,002a7b94
0038d77c,0012dfb4
0038d9cc,00143138
0038da50,00142fe8
0038da50,00143160
0038db70,00146c48
0038dcb8,00146c1c
0038dcb8,00146c30
0038dcb8,002a685c
0038dcb8,002a68ec
0038dda0,002a685c
0038dda0,002a68ec
0038ddf4,002a5ff4
0038de2c,002a685c
0038de2c,002a68ec
0038dea8,00149e28
0038def8,00148050
0038def8,0014c654
0038def8,002a685c
0038def8,002a68ec
0038dfb8,0030509c
0038dfb8,00305aa0
0038dfb8,00305bf4
0038e1e4,0021a3a8
0038e304,003032d0
0038e3f4,0030395c
0038e3f4,0030514c
0038e42c,00122508
0038e440,0025ba7c
0038e63c,0025ba7c
0038e820,0025ba7c
0038eacc,0025ba7c
0038f074,001e5c2c
0038f074,001e5cb4
0038f074,0021a2b8
0038f074,0021a330
0038f114,001e5c1c
0038f114,0021a2b8
0038f114,0021a330
0038f190,002a680c
0038f208,00208ea8
0038f3dc,0029da80
0038f554,001206cc
0038f558,0011ce1c
0038f558,0011ce2c
0038f558,001206c8
0038f558,0029fc50
0038f558,002a09b0
0038f558,002a7490
0038f558,002a81f0
0038fa90,001e620c
0038fa90,001e623c
0038fa90,002a50d0
0038fb04,001e621c
0038fb50,0029bec4
00390044,0021a240
00390044,002a685c
00390044,002a68ec
00390044,002a7d24
003900c4,0029f694
003900cc,0025b54c
003901a8,0025b54c
0039027c,00256804
0039027c,00258d48
0039027c,00258d90
0039027c,002a7f64
00390500,002a7f64
003905d8,0025414c
003905d8,00254308
003905d8,00254314
003905d8,00258d48
003905d8,00258d90
003905d8,002a7f64
003905d8,002a8ffc
003908a8,002a7f64
003909fc,002a8ffc
00390a58,002a8ffc
00390ab4,002a8ffc
00390b10,002a8ffc
00390b6c,002a8ffc
00390bc8,002a8ffc
00390c24,002a8ffc
00390c80,002a8ffc
00390cdc,002a8ffc
00390d38,002a8ffc
00390d94,002a8ffc
00390df0,002a8ffc
00390e4c,002a8ffc
00390ea8,002a8ffc
00390f94,002a4f08
00390f94,002a783c
003911f8,002863c8
003911f8,002a8ffc
003912ac,002a7030
003912ac,002a8ffc
00391424,002a8ffc
003914dc,002a7030
003914dc,002a8ffc
003916b4,003b0f94
003916b4,003b1570
003916b4,003b1b94
00391874,0025160c
00391874,0029ca50
0039203c,00252edc
0039203c,0026fa7c
0039203c,002d5e30
0039203c,002d5e4c
003920a0,00252edc
003920a0,0026fa7c
003920a0,002da60c
003920a0,002da628
003922e4,00247870
00392488,00219f8c
003924bc,00219ec8
003924e4,00219e18
003924f4,00219d60
00392524,00219c84
00392550,00219bd8
00392560,00247870
003927ec,00219f8c
003928d8,00219ec8
003929b0,00219e18
00392a20,00219d60
00392b00,00219c84
00392bd4,00219bd8
00392c44,00219b8c
00392c44,00219f8c
00392d5c,00219b8c
00392d5c,00219ec8
00392e50,00219b8c
00392e50,00219e18
00392eb8,00219b8c
00392eb8,00219d60
00392fd0,00219b8c
00392fd0,00219c84
003930c4,00219b8c
003930c4,00219bd8
00393128,00219ab0
00393128,00247798
00393128,002a7490
00393128,0037cd94
00393128,003932f4
003932f4,002196b8
003932f4,002a7490
00393370,0023f1f8
00393370,002a7490
00393370,00393424
0039378c,002196b8
0039378c,00247798
0039378c,002a7490
0039378c,002ddcc8
0039378c,0037d198
0039378c,00393128
00393900,0023fbbc
003939cc,0023fbbc
003939cc,0037cdc0
00393ba8,0029b4b0
00394718,0029b4b0
00395300,00219670
00395300,002a8df8
00395a58,002195e0
00395a58,002a7f5c
00396358,00239174
003969c0,00396358
003969c0,00396b64
00396b6c,00396b64
00396c04,00396244
00396f28,00397650
00397658,00397650
0039768c,00397dc0
00397dc8,00397dc0
00397dfc,002a7f64
003981a0,003988c8
003988d0,003988c8
00398904,002a7f64
00398ca8,003993dc
003993e4,003993dc
00399418,002a7f64
003997ac,00399ee0
00399ee8,00399ee0
00399f1c,002a7f64
0039a2b0,0039a9e4
0039a9ec,0039a9e4
0039aa20,002a7f64
0039adb4,0026a444
0039adb4,0026a588
0039adb4,002a7030
0039adb4,002a8ffc
0039b074,002a7030
0039b0c0,002a8ffc
0039b0d0,002a7030
0039b11c,002a8ffc
0039b12c,002a7030
0039b178,002a8ffc
0039b188,002a7030
0039b1d4,002a8ffc
0039b1e4,002a7030
0039b230,002a8ffc
0039b240,002a7030
0039b28c,002a8ffc
0039b29c,002a7030
0039b2e8,002a8ffc
0039b2f8,002a7030
0039b344,002a8ffc
0039b354,002a7030
0039b3a0,002a8ffc
0039b3b0,002a7030
0039b3fc,002a8ffc
0039b40c,002a7030
0039b458,002a8ffc
0039b468,002a7030
0039b4b4,002a8ffc
0039b4c4,002a7030
0039b510,002a8ffc
0039b520,002a7030
0039b56c,002a8ffc
0039b57c,002a7030
0039b5c8,002a8ffc
0039b5d8,002a7030
0039b624,002a8ffc
0039b634,002a7030
0039b680,002a8ffc
0039b690,002a7030
0039b6dc,002a8ffc
0039b6ec,002a7030
0039b738,002a8ffc
0039b748,002a7030
0039b79c,002a8ffc
0039b7ac,002a7030
0039b7f8,002a8ffc
0039b808,002a7030
0039b854,002a8ffc
0039b864,002a7030
0039b8b8,002a8ffc
0039b8c8,002a7030
0039b91c,002a8ffc
0039b92c,002a7030
0039b978,002a8ffc
0039b988,002a7030
0039b9d4,002a8ffc
0039b9e4,002a7030
0039ba30,002a8ffc
0039ba40,002a7030
0039ba8c,002a8ffc
0039ba9c,002a7030
0039bae8,002a8ffc
0039baf8,002a7030
0039bb44,002a8ffc
0039bb54,002a7030
0039bba0,002a8ffc
0039bbb0,002a7030
0039bbfc,002a8ffc
0039bc0c,002a7030
0039bc58,002a8ffc
0039bc68,002a7030
0039bcb4,002a8ffc
0039bcc4,002a7030
0039bd10,002a8ffc
0039bd20,002a7030
0039bd6c,002a8ffc
0039bd7c,002a7030
0039bdc8,002a8ffc
0039bdd8,002a7030
0039be24,002a8ffc
0039be34,002a7030
0039be80,002a8ffc
0039be90,002a7030
0039bedc,002a8ffc
0039beec,002a7030
0039bf38,002a8ffc
0039bf48,002a7030
0039bf94,002a8ffc
0039bfa4,002a7030
0039bff0,002a8ffc
0039c000,002a7030
0039c04c,002a8ffc
0039c05c,002a7030
0039c0a8,002a8ffc
0039c0b8,002a7030
0039c104,002a8ffc
0039c114,002a7030
0039c160,002a8ffc
0039c170,002a7030
0039c1bc,002a8ffc
0039c1cc,002a7030
0039c218,002a8ffc
0039c228,002a7030
0039c274,002a8ffc
0039c284,002a7030
0039c2d0,002a8ffc
0039c2e0,002a7030
0039c32c,002a8ffc
0039c33c,002a7030
0039c388,002a8ffc
0039c398,002a7030
0039c3e4,002a8ffc
0039c3f4,002a7030
0039c440,002a8ffc
0039c450,002a7030
0039c49c,002a8ffc
0039c4ac,002a7030
0039c4f8,002a8ffc
0039c508,002a7030
0039c554,002a8ffc
0039c564,002a7030
0039c5b0,002a8ffc
0039c5c0,002a7030
0039c60c,002a8ffc
0039c61c,002a7030
0039c668,002a8ffc
0039c678,002a7030
0039c6c4,002a8ffc
0039c6d4,002a7030
0039c720,002a8ffc
0039c730,002a7030
0039c77c,002a8ffc
0039c78c,002a7030
0039c7d8,002a8ffc
0039c7e8,002a7030
0039c834,002a8ffc
0039c844,002a7030
0039c890,002a8ffc
0039c8a0,002a7030
0039c8ec,002a8ffc
0039c8fc,002a7030
0039c948,002a8ffc
0039c958,002a7030
0039c9a4,002a8ffc
0039c9b4,002a7030
0039ca00,002a8ffc
0039ca10,002a7030
0039ca5c,002a8ffc
0039ca6c,002a7030
0039cab8,002a8ffc
0039cac8,002a7030
0039cb14,002a8ffc
0039cb24,002a7030
0039cb70,002a8ffc
0039cb80,002a7030
0039cbcc,002a8ffc
0039cbdc,002a7030
0039cc28,002a8ffc
0039cc38,002a7030
0039cc84,002a8ffc
0039cc94,002a7030
0039cce0,002a8ffc
0039ccf0,002a7030
0039cd3c,002a8ffc
0039cd4c,002a7030
0039cd98,002a8ffc
0039cda8,002a7030
0039cdf4,002a8ffc
0039ce04,002a7030
0039ce50,002a8ffc
0039ce60,002a7030
0039ceac,002a8ffc
0039cebc,002a7030
0039cf08,002a8ffc
0039cf18,002a7030
0039cf64,002a8ffc
0039cf74,002a7030
0039cfc0,002a8ffc
0039cfd0,002a7030
0039d01c,002a8ffc
0039d02c,002a7030
0039d078,002a8ffc
0039d088,002a7030
0039d0d4,002a8ffc
0039d0e4,002a7030
0039d130,002a8ffc
0039d140,002a7030
0039d18c,002a8ffc
0039d19c,002a7030
0039d1e8,002a8ffc
0039d1f8,002a7030
0039d244,002a8ffc
0039d254,002a7030
0039d2a0,002a8ffc
0039d2b0,002a7030
0039d2fc,002a8ffc
0039d30c,002a7030
0039d358,002a8ffc
0039d368,002a7030
0039d3b4,002a8ffc
0039d3c4,002a7030
0039d410,002a8ffc
0039d420,002a7030
0039d46c,002a8ffc
0039d47c,002a7030
0039d4c8,002a8ffc
0039d4d8,002a7030
0039d524,002a8ffc
0039d534,002a7030
0039d580,002a8ffc
0039d590,002a7030
0039d5dc,002a8ffc
0039d5ec,002a7030
0039d638,002a8ffc
0039d648,002a7030
0039d694,002a8ffc
0039d6a4,002a7030
0039d6f0,002a8ffc
0039d700,002a7030
0039d74c,002a8ffc
0039d75c,002a7030
0039d7a8,002a8ffc
0039d7b8,002a7030
0039d804,002a8ffc
0039d814,002a7030
0039d860,002a8ffc
0039d870,002a7030
0039d8bc,002a8ffc
0039d8cc,002a7030
0039d918,002a8ffc
0039d928,002a7030
0039d974,002a8ffc
0039d984,002a7030
0039d9d0,002a8ffc
0039d9e0,002a7030
0039da2c,002a8ffc
0039da3c,002a7030
0039da88,002a8ffc
0039da98,002a7030
0039dae4,002a8ffc
0039daf4,002a7030
0039db40,002a8ffc
0039db50,002a7030
0039db9c,002a8ffc
0039dbac,002a7030
0039dbf8,002a8ffc
0039dc08,002a7030
0039dc54,002a8ffc
0039dc64,002a7030
0039dcb0,002a8ffc
0039dcc0,002a7030
0039dd0c,002a8ffc
0039dd1c,002a7030
0039dd68,002a8ffc
0039dd78,002a7030
0039ddc4,002a8ffc
0039ddd4,002a7030
0039de20,002a8ffc
0039de30,002a7030
0039de7c,002a8ffc
0039de8c,002a7030
0039ded8,002a8ffc
0039dee8,002a7030
0039df34,002a8ffc
0039df44,002a7030
0039df90,002a8ffc
0039dfa0,002a7030
0039dfec,002a8ffc
0039dffc,002a7030
0039e048,002a8ffc
0039e058,002a7030
0039e0a4,002a8ffc
0039e0b4,002a7030
0039e100,002a8ffc
0039e110,002a7030
0039e15c,002a8ffc
0039e16c,002a7030
0039e1b8,002a8ffc
0039e1c8,002a7030
0039e214,002a8ffc
0039e224,002a7030
0039e270,002a8ffc
0039e280,002a7030
0039e2cc,002a8ffc
0039e2dc,002a7030
0039e328,002a8ffc
0039e338,002a7030
0039e384,002a8ffc
0039e394,002a7030
0039e3e0,002a8ffc
0039e3f0,002a7030
0039e43c,002a8ffc
0039e44c,002a7030
0039e498,002a8ffc
0039e4a8,002a7030
0039e4f4,002a8ffc
0039e504,002a7030
0039e550,002a8ffc
0039e560,002a7030
0039e5ac,002a8ffc
0039e5bc,002a7030
0039e608,002a8ffc
0039e618,002a7030
0039e664,002a8ffc
0039e674,002a7030
0039e6c0,002a8ffc
0039e6d0,002a7030
0039e71c,002a8ffc
0039e72c,002a7030
0039e778,002a8ffc
0039e788,002a7030
0039e7d4,002a8ffc
0039e7e4,002a7030
0039e830,002a8ffc
0039e840,002a7030
0039e88c,002a8ffc
0039e89c,002a7030
0039e8e8,002a8ffc
0039e8f8,002a7030
0039e944,002a8ffc
0039e954,002a7030
0039e9a0,002a8ffc
0039e9b0,002a7030
0039e9fc,002a8ffc
0039ea0c,002a7030
0039ea58,002a8ffc
0039ea68,002a7030
0039eab4,002a8ffc
0039eac4,002a7030
0039eb10,002a8ffc
0039eb20,002a7030
0039eb6c,002a8ffc
0039eb7c,002a7030
0039ebc8,002a8ffc
0039ebd8,002a7030
0039ec24,002a8ffc
0039ec34,002a7030
0039ec80,002a8ffc
0039ec90,002a7030
0039ecdc,002a8ffc
0039ecec,002a7030
0039ed38,002a8ffc
0039ed48,002a7030
0039ed94,002a8ffc
0039eda4,002a7030
0039edf0,002a8ffc
0039ee00,002a7030
0039ee4c,002a8ffc
0039ee5c,002a7030
0039eea8,002a8ffc
0039eeb8,002a7030
0039ef04,002a8ffc
0039ef14,002a7030
0039ef60,002a8ffc
0039ef70,002a7030
0039efbc,002a8ffc
0039efcc,002a7030
0039f018,002a8ffc
0039f028,002a7030
0039f074,002a8ffc
0039f084,002a7030
0039f0d0,002a8ffc
0039f0e0,002a7030
0039f12c,002a8ffc
0039f13c,002a7030
0039f188,002a8ffc
0039f198,002a7030
0039f1e4,002a8ffc
0039f1f4,002a7030
0039f240,002a8ffc
0039f250,002a7030
0039f29c,002a8ffc
0039f2ac,002a7030
0039f2f8,002a8ffc
0039f308,002a7030
0039f354,002a8ffc
0039f364,002a7030
0039f3b0,002a8ffc
0039f3c0,002a7030
0039f40c,002a8ffc
0039f41c,002a7030
0039f468,002a8ffc
0039f478,002a7030
0039f4c4,002a8ffc
0039f4d4,002a7030
0039f520,002a8ffc
0039f530,002a7030
0039f57c,002a8ffc
0039f58c,002a7030
0039f5d8,002a8ffc
0039f5e8,002a7030
0039f634,002a8ffc
0039f644,002a7030
0039f690,002a8ffc
0039f6a0,002a7030
0039f6ec,002a8ffc
0039f6fc,002a7030
0039f748,002a8ffc
0039f758,002a7030
0039f7a4,002a8ffc
0039f7b4,002a7030
0039f800,002a8ffc
0039f810,002a7030
0039f85c,002a8ffc
0039f86c,002a7030
0039f8b8,002a8ffc
0039f8c8,002a7030
0039f914,002a8ffc
0039f924,002a7030
0039f970,002a8ffc
0039f980,002a7030
0039f9cc,002a8ffc
0039f9dc,002a7030
0039fa28,002a8ffc
0039fa38,002a7030
0039fa84,002a8ffc
0039fa94,002a7030
0039fae0,002a8ffc
0039faf0,002a7030
0039fb3c,002a8ffc
0039fb4c,002a7030
0039fb98,002a8ffc
0039fba8,002a7030
0039fbf4,002a8ffc
0039fc04,002a7030
0039fc58,002a8ffc
0039fc68,002a7030
0039fcb4,002a8ffc
0039fcc4,002a7030
0039fd10,002a8ffc
0039fd20,002a7030
0039fd6c,002a8ffc
0039fd7c,002a7030
0039fdc8,002a8ffc
0039fdd8,002a7030
0039fe24,002a8ffc
0039fe34,002a7030
0039fe80,002a8ffc
0039fe90,002a7030
0039fee0,002a8ffc
0039fef0,002a7030
0039ff54,002a8ffc
0039ff64,002a7030
0039ffc0,002a8ffc
0039ffd0,002a7030
003a001c,002a8ffc
003a0078,002a8ffc
003a0088,002a7030
003a00d4,002a8ffc
003a00e4,002a7030
003a0130,002a8ffc
003a0140,002a7030
003a018c,002a8ffc
003a019c,002a7030
003a01e8,002a8ffc
003a01f8,002a7030
003a0244,002a8ffc
003a0254,002a7030
003a02a0,002a8ffc
003a02b0,002a7030
003a02fc,002a8ffc
003a030c,002a7030
003a0358,002a8ffc
003a0368,002a7030
003a03b4,002a8ffc
003a03c4,002a7030
003a0410,002a8ffc
003a0420,002a7030
003a046c,002a8ffc
003a047c,002a7030
003a04c8,002a8ffc
003a04d8,002a7030
003a0524,002a8ffc
003a0534,002a7030
003a0580,002a8ffc
003a0590,002a7030
003a05dc,002a8ffc
003a05ec,002a7030
003a0638,002a8ffc
003a0648,002a7030
003a0694,002a8ffc
003a06a4,002a7030
003a06f0,002a8ffc
003a0700,002a7030
003a074c,002a8ffc
003a075c,002a7030
003a07a8,002a8ffc
003a07b8,002a7030
003a0804,002a8ffc
003a0814,002a7030
003a0860,002a8ffc
003a0870,002a7030
003a08bc,002a8ffc
003a08cc,002a7030
003a0918,002a8ffc
003a0928,002a7030
003a0974,002a8ffc
003a0984,002a7030
003a09d0,002a8ffc
003a09e0,002a7030
003a0a2c,002a8ffc
003a0a3c,002a7030
003a0a88,002a8ffc
003a0a98,002a7030
003a0ae4,002a8ffc
003a0af4,002a7030
003a0b40,002a8ffc
003a0b50,002a7030
003a0b9c,002a8ffc
003a0bac,002a7030
003a0bf8,002a8ffc
003a0c08,002a7030
003a0c54,002a8ffc
003a0c64,002a7030
003a0cb0,002a8ffc
003a0cc0,002a7030
003a0d0c,002a8ffc
003a0d1c,002a7030
003a0d68,002a8ffc
003a0d78,002a7030
003a0dc4,002a8ffc
003a0dd4,002a7030
003a0e20,002a8ffc
003a0e30,002a7030
003a0e7c,002a8ffc
003a0e8c,002a7030
003a0ed8,002a8ffc
003a0ee8,002a7030
003a0f34,002a8ffc
003a0f44,002a7030
003a0f90,002a8ffc
003a0fa0,002a7030
003a0fec,002a8ffc
003a0ffc,002a7030
003a1048,002a8ffc
003a1058,002a7030
003a10a4,002a8ffc
003a10b4,002a7030
003a1100,002a8ffc
003a1110,002a7030
003a115c,002a8ffc
003a116c,002a7030
003a11b8,002a8ffc
003a11c8,002a7030
003a1214,002a8ffc
003a1224,002a7030
003a1270,002a8ffc
003a1280,002a7030
003a12cc,002a8ffc
003a12dc,002a7030
003a1328,002a8ffc
003a1338,002a7030
003a1384,002a8ffc
003a1394,002a7030
003a13e0,002a8ffc
003a13f0,002a7030
003a143c,002a8ffc
003a144c,002a7030
003a149c,002a8ffc
003a14a0,002a7030
003a14f0,002a8ffc
003a14f4,002a7030
003a1544,002a8ffc
003a1548,002a7030
003a1598,002a8ffc
003a159c,002a7030
003a15ec,002a8ffc
003a15f0,002a7030
003a1640,002a8ffc
003a1644,002a7030
003a1694,002a8ffc
003a1698,002a7030
003a16e8,002a8ffc
003a16ec,002a7030
003a173c,002a8ffc
003a1740,002a7030
003a1790,002a8ffc
003a1794,002a7030
003a17e4,002a8ffc
003a17e8,002a7030
003a1838,002a8ffc
003a183c,002a7030
003a188c,002a8ffc
003a1890,002a7030
003a18e0,002a8ffc
003a18e4,002a7030
003a1934,002a8ffc
003a1938,002a7030
003a1988,002a8ffc
003a198c,002a7030
003a19dc,002a8ffc
003a19e0,002a7030
003a1a30,002a8ffc
003a1a34,002a7030
003a1a84,002a8ffc
003a1a88,002a7030
003a1ad8,002a8ffc
003a1adc,002a7030
003a1b14,002a8ffc
003a1b18,002a7030
003a1b74,002a8ffc
003a1b78,002a7030
003a1bd0,002a8ffc
003a1bd4,002a7030
003a1c2c,002a8ffc
003a1c30,002a7030
003a1c8c,002a8ffc
003a1c90,002a7030
003a1ce8,002a8ffc
003a1cec,002a7030
003a1d44,002a8ffc
003a1d48,002a7030
003a1da4,002a8ffc
003a1da8,002a7030
003a1e00,002a8ffc
003a1e04,002a7030
003a1e60,002a8ffc
003a1e64,002a7030
003a1ec0,002a8ffc
003a1ec4,002a7030
003a1f20,002a8ffc
003a1f24,002a7030
003a1f80,002a8ffc
003a1f84,002a7030
003a1fe0,002a8ffc
003a1fe4,002a7030
003a203c,002a8ffc
003a2040,002a7030
003a209c,002a8ffc
003a20a0,002a7030
003a20fc,002a8ffc
003a2100,002a7030
003a2158,002a8ffc
003a215c,002a7030
003a21b8,002a8ffc
003a21bc,002a7030
003a2214,002a8ffc
003a2218,002a7030
003a2274,002a8ffc
003a2278,002a7030
003a22d0,002a8ffc
003a22d4,002a7030
003a232c,002a8ffc
003a2330,002a7030
003a238c,002a8ffc
003a2390,002a7030
003a23ec,002a8ffc
003a23f0,002a7030
003a2448,002a8ffc
003a244c,002a7030
003a24a8,002a8ffc
003a24ac,002a7030
003a2508,002a8ffc
003a250c,002a7030
003a2568,002a8ffc
003a256c,002a7030
003a25c8,002a8ffc
003a25cc,002a7030
003a2628,002a8ffc
003a262c,002a7030
003a2684,002a8ffc
003a2688,002a7030
003a26e4,002a8ffc
003a26e8,002a7030
003a2744,002a8ffc
003a2748,002a7030
003a27a0,002a8ffc
003a27a4,002a7030
003a2800,002a8ffc
003a2804,002a7030
003a2860,002a8ffc
003a2864,002a7030
003a28c0,002a8ffc
003a28c4,002a7030
003a291c,002a8ffc
003a2920,002a7030
003a297c,002a8ffc
003a2980,002a7030
003a29dc,002a8ffc
003a29e0,002a7030
003a2a3c,002a8ffc
003a2a40,002a7030
003a2a9c,002a8ffc
003a2aa0,002a7030
003a2af8,002a8ffc
003a2afc,002a7030
003a2b58,002a8ffc
003a2b5c,002a7030
003a2bb4,002a8ffc
003a2bb8,002a7030
003a2c14,002a8ffc
003a2c18,002a7030
003a2c74,002a8ffc
003a2c78,002a7030
003a2cd4,002a8ffc
003a2cd8,002a7030
003a2d34,002a8ffc
003a2d38,002a7030
003a2d94,002a8ffc
003a2d98,002a7030
003a2df0,002a8ffc
003a2df4,002a7030
003a2e50,002a8ffc
003a2e54,002a7030
003a2eb0,002a8ffc
003a2eb4,002a7030
003a2f10,002a8ffc
003a2f14,002a7030
003a2f6c,002a8ffc
003a2f70,002a7030
003a2fcc,002a8ffc
003a2fd0,002a7030
003a3028,002a8ffc
003a302c,002a7030
003a3088,002a8ffc
003a308c,002a7030
003a30e8,002a8ffc
003a30ec,002a7030
003a3148,002a8ffc
003a314c,002a7030
003a31a8,002a8ffc
003a31ac,002a7030
003a3204,002a8ffc
003a3208,002a7030
003a3280,002a8ffc
003a3284,002a7030
003a32e0,002a8ffc
003a32e4,002a7030
003a3340,002a8ffc
003a3344,002a7030
003a33bc,002a8ffc
003a33c0,002a7030
003a3418,002a8ffc
003a341c,002a7030
003a3478,002a8ffc
003a347c,002a7030
003a34d4,002a8ffc
003a34d8,002a7030
003a3534,002a8ffc
003a3538,002a7030
003a3594,002a8ffc
003a3598,002a7030
003a3610,002a8ffc
003a3614,002a7030
003a3670,002a8ffc
003a3674,002a7030
003a36d0,002a8ffc
003a36d4,002a7030
003a3730,002a8ffc
003a3734,002a7030
003a3790,002a8ffc
003a3794,002a7030
003a37f0,002a8ffc
003a37f4,002a7030
003a3850,002a8ffc
003a3854,002a7030
003a38b0,002a8ffc
003a38b4,002a7030
003a3910,002a8ffc
003a3914,002a7030
003a396c,002a8ffc
003a3970,002a7030
003a39cc,002a8ffc
003a39d0,002a7030
003a3a2c,002a8ffc
003a3a30,002a7030
003a3a88,002a8ffc
003a3a8c,002a7030
003a3ae8,002a8ffc
003a3aec,002a7030
003a3b48,002a8ffc
003a3b4c,002a7030
003a3ba4,002a8ffc
003a3ba8,002a7030
003a3c04,002a8ffc
003a3c08,002a7030
003a3c64,002a8ffc
003a3c68,002a7030
003a3cc4,002a8ffc
003a3cc8,002a7030
003a3d20,002a8ffc
003a3d24,002a7030
003a3d80,002a8ffc
003a3d84,002a7030
003a3ddc,002a8ffc
003a3de0,002a7030
003a3e3c,002a8ffc
003a3e40,002a7030
003a3e98,002a8ffc
003a3e9c,002a7030
003a3ef8,002a8ffc
003a3efc,002a7030
003a3f58,002a8ffc
003a3f5c,002a7030
003a3fb8,002a8ffc
003a3fbc,002a7030
003a4014,002a8ffc
003a4018,002a7030
003a4074,002a8ffc
003a4078,002a7030
003a40d0,002a8ffc
003a40d4,002a7030
003a4130,002a8ffc
003a4134,002a7030
003a4190,002a8ffc
003a4194,002a7030
003a41ec,002a8ffc
003a41f0,002a7030
003a424c,002a8ffc
003a4250,002a7030
003a42ac,002a8ffc
003a42b0,002a7030
003a430c,002a8ffc
003a4310,002a7030
003a436c,002a8ffc
003a4370,002a7030
003a43c8,002a8ffc
003a43cc,002a7030
003a4428,002a8ffc
003a442c,002a7030
003a4488,002a8ffc
003a448c,002a7030
003a44e8,002a8ffc
003a44ec,002a7030
003a4544,002a8ffc
003a4548,002a7030
003a45a4,002a8ffc
003a45a8,002a7030
003a4604,002a8ffc
003a4608,002a7030
003a4664,002a8ffc
003a4668,002a7030
003a46c4,002a8ffc
003a46c8,002a7030
003a4724,002a8ffc
003a4728,002a7030
003a4780,002a8ffc
003a4784,002a7030
003a47e0,002a8ffc
003a47e4,002a7030
003a4840,002a8ffc
003a4844,002a7030
003a48a0,002a8ffc
003a48a4,002a7030
003a48fc,002a8ffc
003a4900,002a7030
003a495c,002a8ffc
003a4960,002a7030
003a49bc,002a8ffc
003a49c0,002a7030
003a4a18,002a8ffc
003a4a1c,002a7030
003a4a78,002a8ffc
003a4a7c,002a7030
003a4ad8,002a8ffc
003a4adc,002a7030
003a4b34,002a8ffc
003a4b38,002a7030
003a4b94,002a8ffc
003a4b98,002a7030
003a4bf4,002a8ffc
003a4bf8,002a7030
003a4c50,002a8ffc
003a4c54,002a7030
003a4cb0,002a8ffc
003a4cb4,002a7030
003a4d10,002a8ffc
003a4d14,002a7030
003a4d6c,002a8ffc
003a4d70,002a7030
003a4dcc,002a8ffc
003a4dd0,002a7030
003a4e2c,002a8ffc
003a4e30,002a7030
003a4e8c,002a8ffc
003a4e90,002a7030
003a4eec,002a8ffc
003a4ef0,002a7030
003a4f4c,002a8ffc
003a4f50,002a7030
003a4fa8,002a8ffc
003a4fac,002a7030
003a5008,002a8ffc
003a500c,002a7030
003a5068,002a8ffc
003a506c,002a7030
003a50c8,002a8ffc
003a50cc,002a7030
003a5128,002a8ffc
003a512c,002a7030
003a5188,002a8ffc
003a518c,002a7030
003a51e8,002a8ffc
003a51ec,002a7030
003a5248,002a8ffc
003a524c,002a7030
003a52a8,002a8ffc
003a52ac,002a7030
003a5308,002a8ffc
003a530c,002a7030
003a5364,002a8ffc
003a5368,002a7030
003a53c4,002a8ffc
003a53c8,002a7030
003a5420,002a8ffc
003a5424,002a7030
003a5480,002a8ffc
003a5484,002a7030
003a54e0,002a8ffc
003a54e4,002a7030
003a5540,002a8ffc
003a5544,002a7030
003a55a0,002a8ffc
003a55a4,002a7030
003a5600,002a8ffc
003a5604,002a7030
003a5660,002a8ffc
003a5664,002a7030
003a56bc,002a8ffc
003a56c0,002a7030
003a571c,002a8ffc
003a5720,002a7030
003a577c,002a8ffc
003a5780,002a7030
003a57dc,002a8ffc
003a57e0,002a7030
003a583c,002a8ffc
003a5840,002a7030
003a589c,002a8ffc
003a58a0,002a7030
003a58fc,002a8ffc
003a5900,002a7030
003a595c,002a8ffc
003a5960,002a7030
003a59bc,002a8ffc
003a59c0,002a7030
003a5a18,002a8ffc
003a5a1c,002a7030
003a5a78,002a8ffc
003a5a7c,002a7030
003a5ad8,002a8ffc
003a5adc,002a7030
003a5b34,002a8ffc
003a5b38,002a7030
003a5b94,002a8ffc
003a5b98,002a7030
003a5bf0,002a8ffc
003a5bf4,002a7030
003a5c50,002a8ffc
003a5c54,002a7030
003a5cac,002a8ffc
003a5cb0,002a7030
003a5d0c,002a8ffc
003a5d10,002a7030
003a5d6c,002a8ffc
003a5d70,002a7030
003a5dcc,002a8ffc
003a5dd0,002a7030
003a5e28,002a8ffc
003a5e2c,002a7030
003a5e88,002a8ffc
003a5e8c,002a7030
003a5ee8,002a8ffc
003a5eec,002a7030
003a5f44,002a8ffc
003a5f48,002a7030
003a5fa4,002a8ffc
003a5fa8,002a7030
003a6000,002a8ffc
003a6004,002a7030
003a6060,002a8ffc
003a6064,002a7030
003a60c0,002a8ffc
003a60c4,002a7030
003a6120,002a8ffc
003a6124,002a7030
003a6180,002a8ffc
003a6184,002a7030
003a61e0,002a8ffc
003a61e4,002a7030
003a623c,002a8ffc
003a6240,002a7030
003a629c,002a8ffc
003a62a0,002a7030
003a62fc,002a8ffc
003a6300,002a7030
003a6358,002a8ffc
003a635c,002a7030
003a63b8,002a8ffc
003a63bc,002a7030
003a6418,002a8ffc
003a641c,002a7030
003a6474,002a8ffc
003a6478,002a7030
003a64d4,002a8ffc
003a64d8,002a7030
003a6534,002a8ffc
003a6538,002a7030
003a6590,002a8ffc
003a6594,002a7030
003a65f0,002a8ffc
003a65f4,002a7030
003a6650,002a8ffc
003a6654,002a7030
003a66b0,002a8ffc
003a66b4,002a7030
003a6710,002a8ffc
003a6714,002a7030
003a6770,002a8ffc
003a6774,002a7030
003a67d0,002a8ffc
003a67d4,002a7030
003a6830,002a8ffc
003a6834,002a7030
003a6890,002a8ffc
003a6894,002a7030
003a68f0,002a8ffc
003a68f4,002a7030
003a691c,00297bc4
003a6ad0,002a8ffc
003a6ad4,002a7030
003a6b30,002a8ffc
003a6b34,002a7030
003a6b90,002a8ffc
003a6b94,002a7030
003a6bf0,002a8ffc
003a6bf4,002a7030
003a6c50,002a8ffc
003a6c54,002a7030
003a6cb0,002a8ffc
003a6cb4,002a7030
003a6cdc,00297bc4
003a6e90,002a8ffc
003a6e94,002a7030
003a6ef0,002a8ffc
003a6ef4,002a7030
003a6f50,002a8ffc
003a6f54,002a7030
003a6fb0,002a8ffc
003a6fb4,002a7030
003a7010,002a8ffc
003a7014,002a7030
003a7070,002a8ffc
003a7074,002a7030
003a70d0,002a8ffc
003a70d4,002a7030
003a7130,002a8ffc
003a7134,002a7030
003a7190,002a8ffc
003a7194,002a7030
003a71f0,002a8ffc
003a71f4,002a7030
003a7250,002a8ffc
003a7254,002a7030
003a72b0,002a8ffc
003a72b4,002a7030
003a7310,002a8ffc
003a7314,002a7030
003a7370,002a8ffc
003a7374,002a7030
003a73d0,002a8ffc
003a73d4,002a7030
003a7430,002a8ffc
003a7434,002a7030
003a7490,002a8ffc
003a7494,002a7030
003a74f0,002a8ffc
003a74f4,002a7030
003a7550,002a8ffc
003a7554,002a7030
003a75b0,002a8ffc
003a75b4,002a7030
003a7610,002a8ffc
003a7614,002a7030
003a7670,002a8ffc
003a7674,002a7030
003a76d0,002a8ffc
003a76d4,002a7030
003a7730,002a8ffc
003a7734,002a7030
003a7790,002a8ffc
003a7794,002a7030
003a77f0,002a8ffc
003a77f4,002a7030
003a7850,002a8ffc
003a7854,002a7030
003a78b0,002a8ffc
003a78b4,002a7030
003a7910,002a8ffc
003a7914,002a7030
003a7978,002a8ffc
003a797c,002a7030
003a79e0,002a8ffc
003a79e4,002a7030
003a7a0c,002a8df8
003a7a0c,002a8e0c
003a7b4c,002a8ffc
003a7b50,002a7030
003a7bc0,002a8ffc
003a7bc4,002a7030
003a7c34,002a8ffc
003a7c38,002a7e38
003a7c38,002a7f5c
003a7c38,002a7f64
003a7c38,002a81f0
003a7c38,002a9020
003a7f1c,00239140
003a8484,002a81f0
003a8754,002193e8
003a8754,0021e454
003a8754,002a7d24
003a88c0,002193e8
003a8980,002193e8
003a8980,0021e454
003a8980,002a7d24
003a8af8,001e7ae4
003a8af8,001e7b50
003a8af8,001e7c08
003a8af8,001e7c20
003a8af8,002191c4
003a8af8,00219250
003a8af8,00371a74
003a8af8,00371aa4
003a8af8,00371af8
003a8af8,003a88c0
003a8eb8,0025b54c
003a8fe4,00218ee8
003a90ec,00219ab0
003a90ec,002a7490
003a9134,00219ab0
003a9134,0023f1f8
003a9134,002a7490
003a91d0,002a7f64
003a91d0,002a81f0
003a91d0,002a9020
003a9454,00254438
003a9454,00269d00
003a9454,00290f50
003a9454,0029d77c
003a9454,002a81f0
003a9454,002a9020
003a978c,002a0964
003a978c,002a7f64
003a978c,002a81f0
003a978c,002a9020
003a98ac,00397dfc
003a99e4,00398904
003a9b1c,00399418
003a9c70,00399f1c
003a9dc4,0039aa20
003a9f18,002a7f64
003aa000,002a7f5c
003aa0d0,002a7f5c
003aa1a0,002a7f5c
003aa274,002a7f54
003aa274,002a7f5c
003aa304,002a7f5c
003aa854,002a5c34
003aa854,002a7f5c
003aaf5c,002a5c34
003aaf5c,002a7f5c
003ab044,002a7f5c
003ab178,002447a0
003ab178,002a7f5c
003ab178,002a7f64
003ab178,002a8e0c
003ab3b0,00217e28
003ab3b0,00217e9c
003ab3b0,00217f14
003ab3b0,00244494
003ab3b0,002a8938
003ab3b0,003ab178
003ab948,002a7f54
003ab948,002a7f5c
003ab9d0,002a7f5c
003abe58,00217d18
003abe58,0021dd90
003abe58,00220510
003abe58,002446f0
003abe58,002447d4
003abe58,00244904
003abe58,0026cb00
003abe58,0027ad60
003abe58,002a7f5c
003abe58,002a7f64
003abe58,00381ef4
003abe58,003a9348
003abe58,003ab3b0
003abe58,003aeb64
003abe58,003aeff8
003ac3e4,00297bc4
003ac3e4,002a7f5c
003ac3e4,002a7f64
003ac71c,00297bc4
003ac71c,002a7f5c
003ac774,002a7f5c
003ac80c,00255480
003ac80c,0026cb00
003ac80c,00280c94
003ac80c,002a7f5c
003ac80c,002a7f64
003aca20,002a7f5c
003aca20,002a7f64
003acb78,002a7f5c
003acb78,002a7f64
003accf8,002a7f5c
003accf8,002a7f64
003ace78,002a7f5c
003ace78,002a7f64
003acfd0,002a7f5c
003acfd0,002a7f64
003ad150,002a7f5c
003ad150,002a7f64
003ad2d0,002a7f5c
003ad2d0,002a7f64
003ad428,002a7f5c
003ad428,002a7f64
003ad6cc,002a7f5c
003ad6cc,002a7f64
003ad824,002a7f5c
003ad824,002a7f64
003ad9a4,002a7f5c
003ad9a4,002a7f64
003adc48,002a7f5c
003adc48,002a7f64
003adeec,002a7f5c
003adeec,002a7f64
003adeec,002a8938
003adeec,002a8e04
003adeec,002a8e0c
003ae0c8,002a7f5c
003ae0c8,002a7f64
003ae0c8,002a8938
003ae0c8,002a8e04
003ae354,002a7f5c
003ae354,002a7f64
003ae5f4,002a7f5c
003ae5f4,002a7f64
003ae894,002a7f5c
003ae8c0,002a7f5c
003ae8c0,002a7f64
003aeb6c,002a7f5c
003aeb6c,002a7f64
003aed70,002a7f5c
003aeddc,002799b0
003aeddc,002a8ffc
003aee00,0018ed14
003aee00,002a8ffc
003aee4c,00234758
003aee4c,002a8ffc
003aeec0,00396c04
003aeff8,00217d18
003aeff8,0021dd90
003aeff8,002446f0
003aeff8,002447d4
003aeff8,00244904
003aeff8,0026cb00
003aeff8,003ab3b0
003aeff8,003aeb64
003af6e4,003af6e4
003afbc0,003afbc0
003b0020,0023f194
003b0020,003b0020
003b0490,00280c94
003b0490,002a7f64
003b06a0,002a7f64
003b06a0,002a81f0
003b06a0,002a9020
003b0860,002a7f64
003b09dc,00237c00
003b09dc,0026cb00
003b09dc,00280c94
003b09dc,002a7f5c
003b09dc,002a7f64
003b0f98,002171f4
003b0f98,00217494
003b0f98,002174d0
003b0f98,002175cc
003b0f98,0025254c
003b0f98,00252e74
003b0f98,0025371c
003b0f98,002a4f08
003b0f98,003a8fe4
003b1574,002171f4
003b1574,00217494
003b1574,002174d0
003b1574,002175cc
003b1574,00218ee8
003b1574,0025254c
003b1574,0025371c
003b1574,002a4f08
003b1b98,002171f4
003b1b98,00217494
003b1b98,002174d0
003b1b98,002175cc
003b1b98,00218ee8
003b1b98,0025254c
003b1b98,00252e74
003b1b98,0025371c
003b1b98,002a4f08
003b1b98,003a8fe4
003b2248,003b22b4
003b22fc,003b2350
003b24a4,003b25a0
003b25a0,003b2404
003b25cc,003b2614
