address,file_offset,mode,size,insns,discovery,nparams,returns,stack_args,n_callers,n_callees,blocks,unresolved_indirect,noreturn
00100000,0,A,15176,11,entry,0,r0,0,0,8,2,0,0
00100024,24,A,36,7,call,0,void,0,1,0,3,0,0
00100048,48,A,28,7,call,4,void,0,1,1,1,0,0
00100064,64,T,60,22,tail,1,void,0,1,0,4,0,0
001000a0,a0,T,136,48,call,3,void,0,1,7,8,0,0
00100128,128,T,20,7,call,1,r0,0,1,1,1,0,0
0010013c,13c,A,8,2,call,0,r0,0,1,1,1,0,0
00100144,144,T,18,8,tail,0,r0,0,2,1,3,0,0
00100186,186,T,24,12,call,2,r0,0,1,0,4,0,0
001001a6,1a6,T,78,29,prologue,0,r0,0,0,4,7,1,0
001001f4,1f4,T,8,3,prologue,4,r0,0,0,1,1,0,0
001001fc,1fc,T,368,148,call,4,r0,0,1,10,19,2,0
0010036c,36c,T,12,3,call,1,r0,0,1,0,1,0,0
00100378,378,T,64,26,call,4,r0,0,1,1,1,1,0
001003b8,3b8,T,24,12,call,2,r0,0,1,0,5,0,0
001003d0,3d0,T,88,41,call,4,r0:r1,0,2,3,16,0,0
00100428,428,T,36,14,call,1,r0,0,1,1,3,0,0
0010044c,44c,T,330,163,call,4,r0,0,1,2,41,7,0
00100596,596,T,330,164,call,4,r0,0,1,1,46,7,0
001006e0,6e0,T,228,114,call,4,r0,1,1,0,27,6,0
001007c4,7c4,T,56,23,call,4,r0:r1,0,1,2,5,0,0
00100808,808,T,36,13,call,3,r0,0,2,1,1,0,0
00100870,870,T,284,141,call,4,r0,1,1,1,34,7,0
0010098c,98c,T,228,112,call,4,r0,3,1,2,28,6,0
00100a70,a70,T,204,101,call,4,r0,3,1,1,27,6,0
00100b3c,b3c,T,50,23,call,4,r0,0,1,2,3,0,0
00100b6e,b6e,T,82,39,prologue,3,void,0,0,2,12,1,0
00100bc8,bc8,T,38,19,tail,3,r0,0,1,0,8,0,0
00100c3c,c3c,T,24,10,prologue,3,r0,0,0,2,1,0,0
00100cc8,cc8,T,28,12,prologue,3,r0,0,0,2,1,0,0
00100d18,d18,T,188,87,prologue,3,void,0,0,3,18,1,0
00100dd4,dd4,T,18,8,prologue,2,r0,0,0,1,1,0,0
00100de8,de8,T,924,448,call,2,r0,0,2,7,137,21,0
00101398,1398,T,708,336,prologue,4,r0,0,0,6,79,10,0
0010165c,165c,T,32,16,call,4,r0,0,2,0,7,0,0
0010167c,167c,T,232,102,call,4,r0,0,1,8,17,0,0
00101764,1764,T,20,7,call,1,r0,0,1,1,1,0,0
00101778,1778,T,8,4,call,2,r0,0,1,0,1,0,0
00101780,1780,T,392,190,call,2,r0:r1,0,2,2,56,8,0
00101978,1978,T,208,96,prologue,3,void,0,1,3,19,0,0
00101a54,1a54,T,724,347,tail,3,r0,0,1,6,91,3,0
00101d3c,1d3c,T,18,8,call,2,r0,0,1,1,3,0,0
00101d4e,1d4e,T,20,9,call,4,r0,0,2,1,1,0,0
00101d64,1d64,T,20,7,call,1,r0:r1,0,2,0,3,0,0
00101d88,1d88,T,120,58,call,4,void,0,1,2,16,2,0
00101e00,1e00,A,24,6,gapstart,4,r0,0,0,1,1,0,0
00101e18,1e18,T,808,388,prologue,4,r0,3,2,5,82,8,0
00102140,2140,A,4,3,call,4,r0,0,1,1,2,0,0
00102144,2144,A,12,3,call,4,r0,0,1,1,1,0,0
00102150,2150,T,304,150,prologue,4,r0,4,1,0,32,8,0
0010228c,228c,T,24,8,call,4,r0,1,1,1,1,0,0
001022a4,22a4,T,24,11,call,4,r0:r1,1,2,1,1,0,0
001022bc,22bc,T,16,6,call,1,r0,0,1,0,1,0,0
001022cc,22cc,T,12,6,call,2,r0,0,2,0,3,0,0
001022d8,22d8,T,104,51,call,4,r0,2,1,1,16,2,0
0010237c,237c,T,24,12,prologue,4,r0,0,0,0,4,1,0
00102394,2394,T,56,26,call,0,r0,0,2,0,5,0,0
001023cc,23cc,T,36,14,prologue,4,void,0,1,2,1,0,0
001023f0,23f0,T,2,1,call,4,void,0,1,0,1,1,0
001023f2,23f2,T,62,25,prologue,1,void,2,0,1,1,1,0
00102430,2430,T,2,1,call,4,void,0,1,0,1,1,0
00102432,2432,T,62,25,prologue,1,void,2,0,1,1,1,0
00102470,2470,T,8,3,prologue,3,r0:r1,0,1,1,1,0,0
00102478,2478,T,8,3,prologue,3,r0:r1,0,1,1,1,0,0
00102480,2480,T,34,17,prologue,2,r0,0,1,0,7,0,0
001024a2,24a2,T,36,18,prologue,3,void,0,1,0,7,0,0
001024c6,24c6,T,38,17,prologue,4,r0:r1,0,2,1,5,0,0
001024ec,24ec,T,28,14,call,2,r0,0,2,0,5,0,0
00102520,2520,T,36,13,call,2,r0:r1,0,1,0,4,1,0
00102550,2550,T,12,5,prologue,2,r0:r1,0,1,1,3,0,0
0010255c,255c,T,4,2,call,4,r0,0,1,0,1,1,0
00102560,2560,T,18,8,prologue,0,void,2,0,1,1,1,0
00102574,2574,T,144,66,prologue,3,void,0,0,3,14,1,0
0010260e,260e,T,38,15,prologue,4,r0,0,1,1,1,0,0
00102634,2634,T,16,8,call,2,void,0,1,0,3,0,0
00102644,2644,T,86,41,prologue,3,void,0,0,2,12,1,0
0010269a,269a,T,168,82,prologue,3,r0,0,2,2,26,0,0
00102742,2742,T,138,65,prologue,3,r0:r1,0,1,3,17,0,0
001027cc,27cc,T,124,59,prologue,3,r0:r1,0,1,3,15,0,0
00102856,2856,T,38,13,prologue,3,r0,0,1,1,1,0,0
001028c0,28c0,T,122,58,prologue,3,r0:r1,0,1,3,15,0,0
0010293a,293a,T,8,4,call,1,r0,0,1,0,1,0,0
00102944,2944,T,244,116,prologue,4,void,0,1,4,34,0,0
00102a38,2a38,T,66,32,prologue,1,r0,0,1,1,11,0,0
00102a7a,2a7a,T,2,1,call,1,void,0,1,0,1,1,0
00102a7c,2a7c,T,10,4,prologue,0,void,0,0,1,1,0,0
00102a86,2a86,T,112,55,prologue,2,r0,0,0,1,20,0,0
00102af8,2af8,T,40,1,call,0,r0,0,1,0,1,1,0
00102afa,2afa,T,32,14,prologue,4,r0,0,0,2,3,0,0
00102b20,2b20,T,216,105,prologue,3,r0:r1,0,2,3,26,0,0
00102bf8,2bf8,T,216,105,prologue,3,r0:r1,0,1,3,26,0,0
00102cd0,2cd0,T,316,93,prologue,0,r0,0,0,4,13,0,0
00102e0c,2e0c,T,496,236,prologue,4,r0,0,1,6,55,0,0
00102ffc,2ffc,T,32,8,prologue,4,r0,0,1,1,1,0,0
0010301c,301c,T,24,10,prologue,2,r0:r1,0,1,2,1,0,0
00103040,3040,T,80,26,ptr,4,void,0,0,3,11,0,1
001030d8,30d8,T,144,53,prologue,3,void,0,2,3,13,0,0
00103168,3168,T,52,24,prologue,1,void,0,1,0,8,0,0
001031a0,31a0,T,110,49,prologue,4,void,0,1,6,8,0,0
0010320e,320e,T,30,13,prologue,2,r0,0,1,2,3,0,0
0010322c,322c,T,54,25,prologue,4,r0,0,1,2,5,0,0
00103268,3268,T,128,58,prologue,4,r0,0,0,2,10,2,0
001032e8,32e8,T,46,22,prologue,4,void,0,1,1,4,0,0
0010331c,331c,T,16,8,call,2,r0,0,1,0,3,0,0
0010332c,332c,T,200,86,prologue,4,r0,0,1,5,27,0,0
001033f4,33f4,T,320,143,prologue,4,r0,0,1,5,36,0,0
00103534,3534,T,12,4,ptr,1,r0,0,0,2,1,0,0
00103540,3540,T,28,10,ptr,1,r0,0,0,1,1,0,0
0010355c,355c,T,26,11,prologue,1,r0,0,1,2,1,0,0
00103578,3578,T,10,4,prologue,4,r0,0,0,1,1,0,0
00103582,3582,T,18,8,prologue,4,void,0,1,1,1,0,0
00103594,3594,T,282,129,ptr,4,void,0,0,5,33,0,0
001036ae,36ae,T,12,4,prologue,1,r0,0,0,2,1,0,0
001036bc,36bc,T,40,15,ptr,1,r0,0,2,1,3,0,0
001036e4,36e4,T,8,3,ptr,1,r0,0,0,1,1,0,0
001036ec,36ec,T,72,26,prologue,0,r0,0,2,4,6,0,0
00103734,3734,T,36,14,prologue,2,r0,0,1,1,3,0,0
00103758,3758,T,12,6,call,2,r0,0,1,0,1,0,0
00103764,3764,T,52,24,prologue,4,r0:r1,0,2,2,6,0,0
00103798,3798,T,56,20,ptr,4,r0:r1,0,1,3,1,0,0
001037d0,37d0,T,12,4,ptr,4,r0,0,0,2,1,0,0
001037dc,37dc,T,14,6,ptr,4,r0,0,1,1,1,0,0
001037ea,37ea,T,44,22,prologue,4,r0,1,1,0,5,1,0
00103818,3818,T,8,3,prologue,1,void,0,0,1,1,0,0
00103830,3830,T,60,21,prologue,0,r0,0,0,2,3,0,0
0010387c,387c,T,32,15,prologue,4,r0,0,0,1,3,0,0
0010389c,389c,T,72,30,prologue,3,r0,0,0,3,5,0,0
001038e4,38e4,T,8,4,call,2,r0,0,1,0,1,0,0
001038ec,38ec,T,14,6,prologue,1,r0,0,0,1,1,0,0
001038fc,38fc,T,128,54,prologue,2,void,0,1,5,9,0,0
0010397c,397c,T,20,7,prologue,1,r0,0,0,1,1,0,0
00103990,3990,T,20,9,prologue,2,r0,0,1,1,1,0,0
001039a4,39a4,T,140,59,ptr,4,r0,2,0,6,9,0,0
00103a30,3a30,T,10,4,ptr,4,void,0,0,1,1,0,0
00103a3e,3a3e,T,40,19,prologue,1,r0,0,0,1,3,1,0
00103a6c,3a6c,T,14,6,prologue,4,void,0,1,1,1,0,0
00103a7c,3a7c,A,1718172,72,call,3,r0,0,1,4,36,10,0
00103b48,3b48,A,672,161,call,4,r0:r1,0,1,39,13,3,1
00103de8,3de8,A,52,11,call,2,r0:r1,0,1,0,3,1,0
00103e1c,3e1c,A,84,19,call,0,r0:r1,0,1,3,1,0,0
00103e70,3e70,A,32,8,call,4,r0:r1,0,1,4,1,0,0
00103e90,3e90,A,112,26,call,2,r0:r1,0,1,6,4,0,0
00103f00,3f00,A,192,43,call,4,r0,0,1,8,7,0,0
00103fc0,3fc0,A,40,10,call,3,r0,0,1,1,1,0,0
00103fe8,3fe8,A,52,13,call,4,r0:r1,1,1,1,1,0,0
00104024,4024,A,84,21,call,4,void,0,1,2,4,1,0
00104078,4078,A,152,36,call,2,r0:r1,0,2,1,7,0,0
00104110,4110,A,84,20,call,4,r0:r1,0,1,1,1,0,0
00104164,4164,A,224,54,call,2,r0:r1,0,2,1,11,0,0
00104244,4244,A,16,3,call,1,r0:r1,0,1,0,1,0,0
00104254,4254,A,180,40,call,0,r0,0,1,5,9,0,0
00104308,4308,A,24,4,call,0,void,0,1,1,1,0,0
00104320,4320,A,80,18,call,0,void,0,1,2,4,0,0
00104370,4370,A,7368,16,call,0,void,0,1,2,6,0,0
001043ac,43ac,A,172,39,call,1,void,0,1,7,4,0,0
00104458,4458,A,172,42,call,1,r0:r1,0,1,14,4,0,0
00104508,4508,A,168,33,call,0,r0:r1,0,1,3,3,1,0
001045b8,45b8,A,172,40,call,0,void,0,1,6,3,0,0
00104668,4668,A,292,65,call,1,r0,0,1,4,3,1,0
00104798,4798,A,840,184,call,1,void,0,1,19,16,3,0
00104ae0,4ae0,A,52,13,call,2,r0,0,1,4,3,0,0
00104b14,4b14,A,100,24,call,1,r0:r1,0,1,6,1,0,0
00104b78,4b78,A,560,132,call,1,r0,0,1,7,14,1,0
00104da8,4da8,A,8,2,gapstart,3,void,0,0,0,3,1,0
00104db0,4db0,A,260,61,call,2,r0:r1,0,1,10,3,0,0
00104eb4,4eb4,A,24,4,call,0,void,0,1,0,1,0,0
00104ed0,4ed0,A,456,104,call,0,void,0,1,5,5,1,0
001050a0,50a0,A,696,155,call,0,void,0,1,19,8,1,0
00105358,5358,A,72,15,call,0,void,0,1,1,1,0,0
001053a0,53a0,A,248,6,call,0,void,0,1,0,2,0,0
001053b4,53b4,A,120,27,call,0,void,0,1,2,3,1,0
0010542c,542c,A,68,17,call,1,r0:r1,0,1,3,1,0,0
00105470,5470,A,24,6,call,4,void,0,1,0,1,0,0
00105498,5498,A,388,93,call,4,r0,0,1,3,12,2,0
0010561c,561c,A,44,9,call,4,void,0,1,1,1,0,0
00105648,5648,A,192,44,call,2,r0,0,1,3,6,0,0
00105708,5708,A,48,11,call,4,r0,0,1,0,1,0,0
00105738,5738,A,16,3,call,1,void,0,1,0,1,0,0
00105748,5748,A,160,40,call,4,r0:r1,0,1,3,3,1,0
001057e8,57e8,A,16,3,call,0,r0,0,1,0,1,0,0
001057f8,57f8,A,60,14,call,4,void,0,1,1,3,0,0
00105834,5834,A,52,11,call,2,r0,0,1,1,3,0,0
00105868,5868,A,15220,5,call,0,void,0,1,0,2,0,0
00105874,5874,A,15188,24,call,4,r0,0,1,7,2,0,0
00105898,5898,A,104,25,call,4,r0,0,1,2,5,0,0
00105900,5900,A,20,4,call,0,r0:r1,0,1,1,1,0,0
00105914,5914,A,20,4,call,0,void,0,1,0,1,0,0
00105928,5928,A,220,49,call,2,r0:r1,0,2,5,7,0,0
00105a04,5a04,A,192,42,call,2,r0:r1,0,1,3,5,0,0
00105ac4,5ac4,A,40,10,call,4,void,0,2,2,1,0,0
00105aec,5aec,A,296,70,tail,2,void,0,1,6,3,0,0
00105c14,5c14,A,12,2,call,0,r0,0,2,0,1,0,0
00105c20,5c20,A,304,75,call,2,void,0,2,7,9,0,0
00105d50,5d50,A,24,6,call,4,void,1,2,1,1,0,0
00105d68,5d68,A,52,13,call,2,void,0,2,1,1,0,0
00105d9c,5d9c,A,68,17,call,2,r0:r1,0,1,6,4,0,0
00105de0,5de0,A,184,37,call,2,r0:r1,0,2,8,5,0,0
00105e98,5e98,A,200,43,call,4,void,0,1,3,3,0,0
00105f60,5f60,A,144,35,call,2,r0,0,2,2,4,0,0
00105ff0,5ff0,A,60,13,call,4,r0,0,1,0,1,0,0
00106038,6038,A,208,49,call,1,void,0,2,4,3,0,0
0010610c,610c,A,44,9,call,4,r0,0,2,1,3,0,0
00106138,6138,A,16,3,call,2,r0:r1,0,1,0,1,0,0
00106148,6148,A,412,100,call,3,r0,0,1,22,9,0,0
001062e4,62e4,A,16,3,call,1,void,0,1,0,1,0,0
001062f4,62f4,A,412,99,call,3,r0:r1,0,3,15,11,0,0
00106490,6490,A,20,4,call,0,void,0,1,0,1,0,0
001064a4,64a4,A,12,2,call,0,r0,0,1,0,1,0,0
001064b0,64b0,A,16,3,call,1,r0:r1,0,1,0,1,0,0
001064c0,64c0,A,16,3,call,1,void,0,1,0,1,0,0
001064d0,64d0,A,60,13,call,4,r0:r1,0,2,0,1,0,0
0010650c,650c,A,56,12,call,4,r0,0,1,0,1,0,0
00106544,6544,A,64,15,call,1,r0,0,1,0,3,1,0
00106584,6584,A,64,16,call,2,r0,0,1,1,3,1,0
001065c4,65c4,A,1516,377,call,2,r0,0,1,4,46,20,0
00106bb0,6bb0,A,17256,14,call,2,void,0,1,1,2,0,0
00106be0,6be0,A,224,51,call,1,void,0,1,4,8,0,0
00106cc0,6cc0,A,524,116,call,4,r0:r1,1,1,14,13,0,0
00106eec,6eec,A,232,56,call,2,r0,0,1,0,9,0,0
00106fd4,6fd4,A,48,12,call,1,r0,0,1,2,1,0,0
00107004,7004,A,152,38,call,4,void,0,1,4,4,0,0
0010709c,709c,A,28,6,call,1,r0,0,1,1,1,0,0
001070b8,70b8,A,64,14,call,1,r0,0,2,1,1,0,0
001070f8,70f8,A,356,83,call,1,r0,0,2,0,1,0,0
0010725c,725c,A,64,15,call,1,r0,0,2,2,1,0,0
0010729c,729c,A,212,47,call,0,r0,0,1,0,7,0,0
00107370,7370,A,272,66,gapstart,0,r0,0,0,0,13,1,0
00107484,7484,A,1088,272,call,1,void,0,1,6,32,0,0
001078c4,78c4,A,88,22,call,1,void,0,1,4,3,0,0
0010791c,791c,A,28,5,call,1,r0,0,1,0,1,0,0
00107938,7938,A,676,162,gapstart,0,r0,0,0,10,33,3,0
00107bdc,7bdc,A,28,6,gapstart,1,void,0,0,0,1,1,0
00107bf8,7bf8,A,32,7,gapstart,1,void,0,0,0,1,1,0
00107c18,7c18,A,36,8,prologue,4,r0,0,0,1,1,0,0
00107c3c,7c3c,A,24,5,gapstart,0,r0,0,0,0,1,0,0
00107c54,7c54,A,160,36,prologue,0,void,0,0,6,5,0,0
00107cf4,7cf4,A,36,8,prologue,4,r0,0,0,1,1,0,0
00107d18,7d18,A,856,203,prologue,4,r0,0,0,13,33,3,0
00108070,8070,A,76,18,call,4,void,0,1,1,1,0,0
001080bc,80bc,A,36,8,call,2,void,0,1,0,1,0,0
001080e0,80e0,A,236,56,call,4,void,0,1,0,15,2,0
001081cc,81cc,A,312,76,call,2,void,0,1,0,20,1,0
00108304,8304,A,88,21,call,2,void,0,1,0,7,0,0
0010835c,835c,A,3236,712,call,2,void,0,1,23,45,6,0
00109000,9000,A,52,12,call,2,void,0,1,0,4,0,0
00109034,9034,A,120,27,call,2,void,0,1,2,5,0,0
001090ac,90ac,A,40,9,gapstart,1,r0,0,0,1,1,0,0
001090d4,90d4,A,36,9,gapstart,1,void,0,0,0,3,1,0
001090f8,90f8,A,16,4,gapstart,1,r0,0,0,1,3,0,0
00109108,9108,A,40,9,prologue,1,r0,0,0,1,1,0,0
00109130,9130,A,36,9,gapstart,1,void,0,0,0,3,1,0
00109154,9154,A,16,4,gapstart,1,r0,0,0,1,3,0,0
00109170,9170,A,24,6,call,4,r0,0,1,0,1,0,0
00109188,9188,A,48,12,call,4,r0,0,1,0,1,0,0
001091b8,91b8,A,352,86,call,4,r0,3,1,5,11,3,0
00109318,9318,A,56,13,call,4,void,0,1,0,1,0,0
00109350,9350,A,24,6,call,1,void,0,1,0,3,0,0
00109368,9368,A,28,7,call,1,r0,0,1,0,3,0,0
001093dc,93dc,A,72,16,call,2,r0:r1,0,1,0,4,1,0
00109424,9424,A,88,20,call,3,void,0,2,0,5,0,0
0010947c,947c,A,148,35,call,4,r0:r1,0,1,1,3,0,0
00109510,9510,A,148,37,call,2,r0,0,1,0,8,0,0
001095a4,95a4,A,12,2,call,0,r0,0,1,0,1,0,0
001095b0,95b0,A,132,33,call,2,void,0,1,3,4,0,0
00109634,9634,A,76,19,call,1,void,0,1,0,1,0,0
00109680,9680,A,628,154,call,4,void,1,1,0,32,0,0
001098fc,98fc,A,148,37,call,4,void,1,1,3,7,0,0
00109990,9990,A,88,22,call,1,r0,0,1,0,1,0,0
001099f4,99f4,A,120,29,call,4,r0:r1,0,1,0,3,0,0
00109a6c,9a6c,A,24,6,call,0,r0,0,1,1,1,0,0
00109a84,9a84,A,220,54,call,4,void,0,1,7,6,0,0
00109b60,9b60,A,64,15,gapstart,4,r0,0,0,1,3,0,0
00109ba0,9ba0,A,72,16,prologue,0,r0,0,0,2,3,0,0
00109be8,9be8,A,104,22,prologue,0,r0,0,0,3,3,0,0
00109c50,9c50,A,252,62,gapstart,2,void,0,0,5,16,1,1
00109d4c,9d4c,A,60,14,call,4,r0,0,1,0,3,0,0
00109d88,9d88,A,164,40,tail,1,void,0,1,5,8,0,0
00109e2c,9e2c,A,20,4,call,0,void,0,1,0,1,0,0
00109e40,9e40,A,32,7,call,2,r0:r1,0,1,0,1,0,0
00109e60,9e60,A,16,3,call,1,r0:r1,0,1,0,1,0,0
00109e70,9e70,A,64,15,call,1,r0:r1,0,2,1,3,2,0
00109eb0,9eb0,A,16,3,call,0,r0,0,2,0,1,0,0
00109ec0,9ec0,A,148,35,call,0,void,0,1,1,1,0,0
00109f54,9f54,A,16,3,call,1,r0:r1,0,2,0,1,0,0
00109f64,9f64,A,212,51,call,1,r0,0,1,2,9,0,0
0010a038,a038,A,20,4,call,0,r0:r1,0,1,0,1,0,0
0010a04c,a04c,A,16,3,call,1,void,0,1,0,1,0,0
0010a05c,a05c,A,76,16,call,4,void,0,1,1,3,0,0
0010a0a8,a0a8,A,52,13,call,2,r0:r1,0,1,1,1,0,0
0010a0dc,a0dc,A,16,3,call,1,void,0,1,0,1,0,0
0010a0ec,a0ec,A,40,9,call,0,r0,0,1,1,3,0,0
0010a114,a114,A,440,101,call,4,r0:r1,0,1,4,14,0,0
0010a2cc,a2cc,A,80,18,call,4,r0,0,1,0,3,0,0
0010a31c,a31c,A,92,21,call,4,r0:r1,0,1,0,3,0,0
0010a378,a378,A,84,19,call,3,r0:r1,0,1,0,1,0,0
0010a3cc,a3cc,A,60,13,call,4,r0:r1,0,1,0,1,0,0
0010a408,a408,A,60,13,call,4,r0:r1,0,2,0,1,0,0
0010a444,a444,A,308,74,call,0,r0,0,2,4,11,0,0
0010a578,a578,A,708,171,call,4,r0,4,2,10,19,0,0
0010a83c,a83c,A,20,4,call,0,r0:r1,0,2,0,1,0,0
0010a850,a850,A,424,106,call,4,void,2,1,0,18,0,0
0010a9f8,a9f8,A,132,29,call,2,r0,0,1,0,1,0,0
0010aa7c,aa7c,A,348,84,tail,4,r0,0,1,7,5,0,0
0010abd8,abd8,A,572,143,call,2,r0,0,1,0,10,0,0
0010ae14,ae14,A,56,13,call,1,r0,0,1,0,3,1,0
0010ae4c,ae4c,A,136,31,call,1,void,0,1,3,1,0,0
0010aed4,aed4,A,16,3,call,1,void,0,1,0,1,0,0
0010aee4,aee4,A,36,8,call,2,r0,0,2,0,1,1,0
0010af18,af18,A,144,33,call,2,r0,0,2,3,1,0,0
0010afa8,afa8,A,36,8,call,1,r0,0,2,0,1,0,0
0010afcc,afcc,A,24,6,call,1,r0,0,1,0,1,0,0
0010afe4,afe4,A,168,42,call,3,void,0,1,1,5,0,0
0010b08c,b08c,A,32,8,call,4,void,1,1,1,1,0,0
0010b0ac,b0ac,A,128,32,call,1,r0,0,1,0,5,0,0
0010b12c,b12c,A,1716,190,call,3,r0:r1,0,1,9,2,0,0
0010b7e0,b7e0,A,56,13,call,1,r0,0,1,1,1,0,0
0010b81c,b81c,A,16,4,call,1,void,0,1,0,1,0,0
0010b82c,b82c,A,72,18,prologue,1,void,0,1,5,3,0,0
0010b874,b874,A,25540,50,call,2,r0,1,2,1,15,1,0
0010b8c8,b8c8,A,36,7,prologue,1,r0,0,0,2,1,0,0
0010b8ec,b8ec,A,508,125,call,2,r0:r1,0,2,3,17,0,0
0010bae8,bae8,A,68,15,gapstart,4,void,0,1,2,3,0,0
0010bb2c,bb2c,A,48,12,call,1,r0,0,2,2,1,0,0
0010bb64,bb64,A,68,16,call,1,r0,0,1,1,3,0,0
0010bba8,bba8,A,2120,502,call,4,r0,0,1,3,76,0,0
0010c3f0,c3f0,A,1176,284,call,1,r0,0,1,2,15,0,0
0010c888,c888,A,436,105,call,1,r0,0,1,5,17,5,0
0010ca3c,ca3c,A,116,26,call,1,r0:r1,0,1,2,5,1,0
0010cab0,cab0,A,64,15,call,1,r0,0,1,4,1,0,0
0010caf0,caf0,A,1052,248,call,1,void,0,1,0,58,0,0
0010cf0c,cf0c,A,360,86,gapstart,4,void,2,1,3,13,0,0
0010d074,d074,A,28,7,call,2,r0:r1,0,1,1,1,0,0
0010d090,d090,A,1288,318,call,1,void,0,1,1,85,0,0
0010d598,d598,A,48,11,call,1,void,0,2,0,4,0,0
0010d5c8,d5c8,A,232,53,call,2,void,0,2,1,7,2,0
0010d6b0,d6b0,A,308,75,call,2,void,0,2,1,20,1,0
0010d7e4,d7e4,A,60,13,call,1,r0,0,1,1,5,0,0
0010d820,d820,A,116,28,call,1,r0,0,2,3,9,0,0
0010d894,d894,A,64,15,call,2,void,0,1,0,5,0,0
0010d8d4,d8d4,A,72,17,call,1,void,0,2,0,7,0,0
0010d91c,d91c,A,408,100,gapstart,1,void,0,1,1,20,0,0
0010dab4,dab4,A,1264,301,prologue,4,r0,1,1,5,57,0,0
0010dfa4,dfa4,A,136,33,prologue,1,void,0,1,1,13,0,0
0010e02c,e02c,A,308,76,call,4,r0,0,1,3,13,0,0
0010e160,e160,A,64,15,gapstart,0,void,0,0,1,3,0,0
0010e1a0,e1a0,A,68,16,prologue,0,r0,0,0,0,1,1,0
0010e1e4,e1e4,A,72,16,prologue,0,r0,0,0,0,1,1,0
0010e258,e258,A,1172,293,call,4,void,0,1,1,47,0,0
0010e804,e804,A,36,9,call,4,r0,2,1,0,1,0,0
0010e828,e828,A,28,7,call,4,r0,0,1,0,1,0,0
0010e844,e844,A,12,3,call,4,r0:r1,0,2,0,1,0,0
0010e850,e850,A,992,246,call,4,r0,4,2,4,21,6,0
0010ec30,ec30,A,96,23,call,4,r0,0,1,1,3,1,0
0010ec90,ec90,A,232,51,call,0,r0,0,2,6,4,0,0
0010ed78,ed78,A,228,55,call,1,r0,0,2,0,1,0,0
0010ee5c,ee5c,A,16,3,call,0,r0,0,1,0,1,0,0
0010ee6c,ee6c,A,172,39,call,4,void,0,2,1,5,0,0
0010ef18,ef18,A,76,19,call,0,void,0,2,0,1,0,0
0010ef64,ef64,A,96,21,call,0,r0,0,2,1,1,0,0
0010efc4,efc4,A,4,1,gapstart,1,void,0,0,1,1,1,0
0010efc8,efc8,A,156,38,call,4,r0,0,2,1,3,2,0
0010f064,f064,A,220,50,call,0,r0,0,2,7,7,0,0
0010f140,f140,A,80,18,call,3,r0:r1,0,11,0,1,0,0
0010f190,f190,A,132,30,call,1,r0:r1,0,3,4,5,0,0
0010f214,f214,A,44,9,call,4,void,0,1,1,3,0,0
0010f240,f240,A,44,9,call,4,r0,0,1,1,3,0,0
0010f26c,f26c,A,54488,71,call,4,void,1,1,3,11,0,0
0010f328,f328,A,48,12,call,3,void,0,1,0,3,0,0
0010f358,f358,A,60,13,call,4,r0:r1,0,2,0,1,0,0
0010f394,f394,A,60,13,call,4,r0:r1,0,1,0,1,0,0
0010f3d0,f3d0,A,52,13,call,1,void,0,1,1,3,0,0
0010f404,f404,A,432,107,call,1,void,0,1,3,9,0,0
0010f5b4,f5b4,A,96,22,call,1,void,0,1,2,3,0,0
0010f614,f614,A,40,10,call,1,void,0,1,1,3,0,0
0010f63c,f63c,A,444,109,call,1,r0,0,1,12,11,0,0
0010f7f8,f7f8,A,236,58,call,1,r0,0,1,11,6,0,0
0010f8e4,f8e4,A,52,12,call,2,void,0,1,2,3,0,0
0010f924,f924,A,492,116,call,2,r0,0,2,16,18,0,0
0010fb10,fb10,A,688,171,call,2,void,0,1,6,11,0,0
0010fdc0,fdc0,A,324,79,gapstart,2,r0:r1,0,2,11,16,0,0
0010ff04,ff04,A,76,19,call,4,r0:r1,0,2,2,1,0,0
0010ff50,ff50,A,92,21,tail,4,r0,0,1,1,3,0,0
0010ffac,ffac,A,60,14,gapstart,4,r0,0,1,0,3,0,0
0010ffe8,ffe8,A,56,13,call,4,r0:r1,0,1,0,1,0,0
00110020,10020,A,264,60,call,1,r0,0,1,7,5,0,0
00110128,10128,A,20,4,call,1,r0:r1,0,3,1,1,0,0
0011013c,1013c,A,104,24,call,2,r0,0,1,6,6,0,0
001101a4,101a4,A,84,20,call,2,r0,0,1,6,6,0,0
001101f8,101f8,A,40,9,tail,2,r0,0,1,3,3,0,0
00110220,10220,A,52,13,call,4,void,0,1,2,1,0,0
00110254,10254,A,24,5,call,1,r0,0,1,0,1,0,0
0011026c,1026c,A,76,18,call,2,void,0,1,2,3,0,0
001102b8,102b8,A,20,4,call,1,r0,0,1,0,1,0,0
001102cc,102cc,A,16,3,call,0,void,0,1,1,1,0,0
001102dc,102dc,A,52212,8,call,0,void,0,1,0,2,0,0
001102ec,102ec,A,1208,298,gapstart,2,r0,0,0,24,65,13,0
001107a4,107a4,A,856,197,prologue,0,r0,0,0,22,36,3,0
00110afc,10afc,A,308,75,call,4,r0,3,1,9,10,0,0
00110c30,10c30,A,16,3,call,2,void,0,1,0,1,0,0
00110c40,10c40,A,56,12,call,4,r0,0,1,0,1,0,0
00110c78,10c78,A,64,14,tail,4,r0,0,1,2,4,0,0
00110cb8,10cb8,A,260,65,call,4,void,2,1,1,17,0,0
00110dbc,10dbc,A,228,57,call,4,void,0,1,1,7,0,0
00110ea0,10ea0,A,444,111,call,4,void,2,1,0,13,0,0
0011106c,1106c,A,212,53,call,1,void,0,1,0,17,0,0
00111140,11140,A,372,93,call,4,r0:r1,2,1,0,18,0,0
001112b4,112b4,A,32,8,call,2,void,0,1,1,3,0,0
001112d4,112d4,A,52,12,call,1,r0,0,1,0,1,0,0
00111308,11308,A,20,5,call,1,r0,0,1,0,1,0,0
0011131c,1131c,A,164,40,call,1,r0,0,1,1,1,0,0
001113c8,113c8,A,1996,481,call,4,void,2,2,7,35,0,0
00111b94,11b94,A,12,3,gapstart,1,void,0,0,0,1,0,0
00111ba0,11ba0,A,28,6,call,1,r0,0,1,0,1,1,0
00111c38,11c38,A,280,70,tail,3,r0,0,1,2,11,0,0
00111d50,11d50,A,8,2,gapstart,1,void,0,0,0,1,1,0
00111d58,11d58,A,12,3,call,1,void,0,1,0,1,0,0
00111d64,11d64,A,1224,290,gapstart,0,void,0,2,2,67,0,0
0011222c,1222c,A,220,43,call,1,void,0,1,1,3,0,0
00112308,12308,A,14908,3650,gapstart,2,void,0,1,4,678,8,0
00115d44,15d44,A,34544,55,call,1,void,0,1,0,14,0,0
00115d6c,15d6c,A,364,85,gapstart,1,void,0,2,2,20,0,0
00115ed8,15ed8,A,352,86,call,4,void,0,1,5,19,0,0
00116038,16038,A,304,74,call,2,void,0,1,0,20,1,0
00116168,16168,A,568,140,call,2,void,0,1,0,29,3,0
001163a0,163a0,A,568,140,call,2,void,0,1,1,31,4,0
001165d8,165d8,A,272,63,call,4,void,0,1,1,11,2,0
001166e8,166e8,A,144,33,gapstart,0,void,0,2,1,5,0,0
00116778,16778,A,88,21,prologue,1,r0,0,1,2,5,0,0
001167d0,167d0,A,32,8,prologue,4,void,0,1,1,1,0,0
001167f0,167f0,A,420,103,call,1,void,0,1,1,23,6,0
00116994,16994,A,20220,4695,call,4,r0:r1,0,1,0,652,0,0
0011b890,1b890,A,88,22,call,2,void,0,2,1,1,0,0
0011b8e8,1b8e8,A,748,181,gapstart,4,void,0,1,5,25,0,0
0011bbd4,1bbd4,A,1568,353,prologue,0,void,0,2,0,74,0,0
0011c1f4,1c1f4,A,16,4,gapstart,2,r0,0,0,0,1,0,0
0011c204,1c204,A,16,4,gapstart,2,r0,0,0,0,1,0,0
0011c214,1c214,A,12,3,gapstart,2,void,0,0,0,1,1,0
0011c220,1c220,A,12,3,gapstart,2,void,0,0,0,1,1,0
0011c234,1c234,A,20,5,call,0,r0,0,1,2,1,1,0
0011c248,1c248,A,12,3,call,0,void,0,1,0,1,0,0
0011c254,1c254,A,40,8,gapstart,1,r0:r1,0,1,0,1,1,0
0011c27c,1c27c,A,24,6,call,4,r0,0,2,0,1,0,0
0011c294,1c294,A,12,3,call,3,void,0,1,1,1,0,0
0011c2a0,1c2a0,A,32,8,call,4,r0,0,1,2,1,0,0
0011c2c0,1c2c0,A,168,41,tail,1,void,0,1,1,9,0,0
0011c368,1c368,A,84,19,gapstart,0,void,0,1,0,6,1,0
0011c3bc,1c3bc,A,44,9,call,4,r0:r1,0,1,1,3,0,0
0011c3e8,1c3e8,A,52,11,gapstart,2,void,0,1,1,3,0,0
0011c41c,1c41c,A,64,14,call,2,void,0,1,1,3,0,0
0011c45c,1c45c,A,56,13,tail,4,void,0,1,0,1,0,0
0011c494,1c494,A,52,13,tail,4,r0,0,1,0,3,0,0
0011c4c8,1c4c8,A,60,14,call,4,r0,0,1,0,1,0,0
0011c504,1c504,A,28,6,gapstart,2,r0:r1,0,1,1,3,0,0
0011c520,1c520,A,248,57,call,2,r0:r1,0,2,5,10,1,0
0011c618,1c618,A,52,11,gapstart,2,void,0,1,1,3,0,0
0011c64c,1c64c,A,56,12,call,3,r0:r1,0,1,1,1,0,0
0011c684,1c684,A,88,22,call,2,r0,0,2,2,6,0,0
0011c744,1c744,A,24,6,call,2,void,0,1,0,1,0,0
0011c75c,1c75c,A,84,20,tail,2,r0,0,2,3,3,0,0
0011c7b0,1c7b0,A,104,25,call,2,void,0,2,3,3,0,0
0011c818,1c818,A,96,23,call,2,void,0,2,3,3,0,0
0011c878,1c878,A,96,23,call,2,void,0,2,3,3,0,0
0011c8d8,1c8d8,A,84,20,call,2,r0,0,2,3,3,0,0
0011c92c,1c92c,A,96,23,tail,2,void,0,1,3,3,0,0
0011c98c,1c98c,A,108,26,call,2,void,0,2,3,4,0,0
0011c9f8,1c9f8,A,148,37,gapstart,4,void,0,1,1,4,0,0
0011ca8c,1ca8c,A,496,118,call,1,void,0,1,13,4,0,0
0011cc7c,1cc7c,A,60,15,call,2,void,0,2,0,3,0,0
0011ccb8,1ccb8,A,112,27,tail,3,void,0,1,1,1,0,0
0011cd28,1cd28,A,68,16,call,3,r0,0,2,0,1,0,0
0011cd6c,1cd6c,A,40,10,call,4,r0,0,1,0,1,0,0
0011cd94,1cd94,A,40,10,tail,4,r0,0,1,0,1,0,0
0011cdbc,1cdbc,A,96,23,call,4,void,1,1,0,1,0,0
0011ce1c,1ce1c,A,16,3,call,1,r0,0,12,1,1,0,0
0011ce2c,1ce2c,A,16,3,call,1,r0,0,12,1,1,0,0
0011ce3c,1ce3c,A,12,3,gapstart,1,void,0,0,0,1,0,0
0011ce48,1ce48,A,20,4,call,0,void,0,1,0,1,0,0
0011ce5c,1ce5c,A,16,3,call,2,r0:r1,0,1,0,1,0,0
0011ce6c,1ce6c,A,20,4,call,0,r0:r1,0,1,0,1,0,0
0011ce80,1ce80,A,20,4,call,0,void,0,1,0,1,0,0
0011ce94,1ce94,A,16,3,call,0,r0,0,1,0,1,0,0
0011cea4,1cea4,A,20,4,call,0,void,0,1,0,1,0,0
0011ced0,1ced0,A,84,21,gapstart,4,r0:r1,0,1,4,1,0,0
0011cf24,1cf24,A,16,3,call,2,r0:r1,0,1,0,1,0,0
0011cf34,1cf34,A,16,3,call,1,void,0,1,0,1,0,0
0011cf44,1cf44,A,16,3,call,1,void,0,1,0,1,0,0
0011cf54,1cf54,A,20,4,call,0,void,0,1,0,1,0,0
0011cf68,1cf68,A,12,2,call,2,r0:r1,0,1,1,1,0,0
0011cf74,1cf74,A,12,2,call,0,r0:r1,0,2,1,1,0,0
0011cf80,1cf80,A,16,3,gapstart,1,void,0,1,0,1,0,0
0011cf90,1cf90,A,20,4,call,0,void,0,1,0,1,0,0
0011cfa4,1cfa4,A,36,9,prologue,2,r0,0,1,5,1,0,0
0011cfc8,1cfc8,A,56,12,prologue,4,r0,0,1,0,1,0,0
0011d000,1d000,A,124,29,call,4,r0,2,1,0,3,0,0
0011d07c,1d07c,A,140,33,call,4,r0:r1,0,2,0,3,0,0
0011d108,1d108,A,68,15,gapstart,4,r0:r1,0,1,0,3,0,0
0011d14c,1d14c,A,156,39,prologue,4,r0,0,1,4,1,0,0
0011d1e8,1d1e8,A,60,14,call,4,r0,0,1,0,3,0,0
0011d224,1d224,A,60,13,call,4,r0:r1,0,2,0,1,0,0
0011d260,1d260,A,60,14,call,4,r0,0,1,0,3,0,0
0011d29c,1d29c,A,12,3,gapstart,1,void,0,0,0,1,0,0
0011d2a8,1d2a8,A,44,11,call,4,void,0,1,0,1,0,0
0011d2d4,1d2d4,A,52,13,call,2,void,0,1,1,1,0,0
0011d308,1d308,A,224,53,tail,3,void,0,1,4,7,0,0
0011d3e8,1d3e8,A,24,5,gapstart,0,r0,0,2,0,1,0,0
0011d400,1d400,A,2268,512,tail,0,void,0,1,3,104,2,0
0011dcdc,1dcdc,A,1340,327,call,4,void,3,2,1,76,0,0
0011e218,1e218,A,192,47,gapstart,4,r0,1,2,3,5,0,0
0011e2d8,1e2d8,A,148,36,prologue,4,r0,0,1,3,5,0,0
0011e434,1e434,A,524,128,call,2,void,0,1,1,33,3,0
0011e640,1e640,A,412,101,call,2,void,0,1,1,22,1,0
0011e7dc,1e7dc,A,20,5,call,4,void,0,1,1,1,0,0
0011e7f0,1e7f0,A,32,8,call,4,void,0,1,1,1,0,0
0011e810,1e810,A,32,8,call,4,void,0,1,1,1,0,0
0011e830,1e830,A,32,8,call,4,void,0,1,1,1,0,0
0011e850,1e850,A,4008,986,gapstart,2,void,0,1,2,184,0,0
0011f7f8,1f7f8,A,1600,392,prologue,2,void,0,1,2,63,0,0
0011fe38,1fe38,A,412,99,call,1,r0,0,1,0,23,6,0
0011ffd4,1ffd4,A,32,7,ptr,4,r0,0,0,1,1,0,0
0011fff4,1fff4,A,76,19,prologue,1,r0,0,0,5,1,2,0
00120040,20040,A,12,2,call,0,r0,0,1,0,1,0,0
0012004c,2004c,A,56,13,call,4,r0,0,1,0,3,0,0
00120084,20084,A,24,6,call,1,r0:r1,0,2,0,3,0,0
0012009c,2009c,A,56,13,tail,4,void,0,1,0,1,0,0
001200d4,200d4,A,68,16,gapstart,4,void,0,1,0,3,0,0
00120118,20118,A,72,17,tail,4,r0,0,1,0,1,0,0
00120160,20160,A,56,13,tail,4,void,0,1,0,1,0,0
00120198,20198,A,104,25,call,4,r0:r1,2,1,0,3,0,0
00120200,20200,A,60,14,call,4,void,0,1,0,3,0,0
0012023c,2023c,A,68,16,gapstart,4,void,0,1,0,3,0,0
00120280,20280,A,56,14,call,2,r0:r1,0,1,1,1,0,0
001202b8,202b8,A,24,6,call,2,r0,0,2,0,1,0,0
001202d0,202d0,A,12,3,call,1,void,0,1,0,1,1,0
001202dc,202dc,A,668,159,call,2,r0:r1,0,1,6,27,0,0
00120578,20578,A,128,31,call,4,void,1,1,2,4,0,0
001205f8,205f8,A,96,24,call,2,void,0,1,0,3,0,0
00120658,20658,A,112,27,call,4,void,0,1,2,1,0,0
001206c8,206c8,A,4,1,call,1,void,0,4,0,1,1,0
001206cc,206cc,A,48,11,tail,2,void,0,1,2,1,0,0
001206fc,206fc,A,208,51,call,4,void,0,1,2,5,0,0
001207cc,207cc,A,100,24,call,4,void,0,1,2,1,0,0
00120830,20830,A,48,11,tail,2,r0,0,1,2,1,0,0
00120860,20860,A,4,1,call,1,r0,0,4,0,1,1,0
00120864,20864,A,172,43,tail,1,r0,0,1,5,12,0,0
00120910,20910,A,344,82,gapstart,2,r0,0,0,4,10,1,0
00120a68,20a68,A,108,26,call,4,void,0,1,2,1,0,0
00120ad4,20ad4,A,80,19,call,4,r0,1,1,0,3,0,0
00120b24,20b24,A,16,3,call,0,r0,0,1,0,1,0,0
00120b34,20b34,A,160,37,gapstart,4,r0:r1,0,1,2,7,0,0
00120bd4,20bd4,A,88,20,prologue,4,r0:r1,0,1,0,1,0,0
00120c2c,20c2c,A,92,21,prologue,4,r0,1,1,0,3,0,0
00120c88,20c88,A,140,33,prologue,4,r0:r1,0,1,0,3,0,0
00120d14,20d14,A,68,15,prologue,4,r0,0,1,0,1,0,0
00120d58,20d58,A,56,12,prologue,4,r0,0,1,0,1,0,0
00120d90,20d90,A,336,82,call,3,void,0,1,0,20,0,0
00120ee0,20ee0,A,240,57,call,1,void,0,2,0,17,2,0
00120fd0,20fd0,A,16,4,gapstart,2,r0,0,0,0,1,0,0
00120fe0,20fe0,A,12,3,gapstart,2,void,0,0,0,1,1,0
00120ff0,20ff0,A,12,3,call,4,r0:r1,0,107,0,1,0,0
00120ffc,20ffc,A,128,31,call,4,void,0,1,3,3,0,0
0012107c,2107c,A,124,30,call,2,r0:r1,0,1,3,3,0,0
001210f8,210f8,A,112,27,call,3,r0:r1,0,1,3,3,0,0
00121168,21168,A,120,29,call,4,r0:r1,0,1,3,3,0,0
001211e0,211e0,A,140,34,call,4,r0:r1,0,1,3,3,0,0
0012126c,2126c,A,232,57,call,1,r0:r1,0,1,1,1,0,0
00121354,21354,A,60,14,tail,4,void,0,1,0,1,0,0
00121390,21390,A,60,14,tail,4,r0,0,1,0,1,0,0
001213cc,213cc,A,12,3,gapstart,0,r0,0,1,0,1,0,0
001213dc,213dc,A,228,56,call,1,r0:r1,0,3,1,18,0,0
001214c0,214c0,A,76,18,call,2,r0,0,1,2,4,0,0
0012150c,2150c,A,24,5,call,0,r0,0,1,0,1,0,0
00121524,21524,A,24,5,call,0,r0,0,2,0,1,0,0
0012153c,2153c,A,220,54,call,3,r0:r1,0,1,3,9,0,0
00121618,21618,A,40,10,call,4,void,0,1,0,1,0,0
00121640,21640,A,8,2,call,1,r0,0,1,0,1,0,0
00121648,21648,A,72,16,call,2,r0:r1,0,2,1,5,0,0
00121690,21690,A,1277336,2,call,0,r0,0,2,0,2,1,0
00121694,21694,A,72,16,call,2,r0:r1,0,2,1,5,0,0
001216dc,216dc,A,12,3,call,3,r0,0,1,1,1,0,0
001216e8,216e8,A,44,11,call,1,r0:r1,0,1,0,1,0,0
00121714,21714,A,48,12,gapstart,3,r0,0,0,2,3,0,0
00121744,21744,A,48,12,prologue,3,r0,0,0,2,3,0,0
00121774,21774,A,128,32,call,3,r0,0,1,1,11,0,0
001217f4,217f4,A,2524,61,gapstart,2,r0:r1,0,1,0,7,0,0
0012182c,2182c,A,28,7,call,4,r0:r1,0,2,0,1,1,0
00121848,21848,A,684,171,prologue,4,r0,4,0,0,3,0,0
00121b74,21b74,A,24,6,call,4,r0,0,2,0,1,1,0
00121b8c,21b8c,A,68,16,prologue,4,r0,0,0,1,3,0,0
00121bd0,21bd0,A,48,12,prologue,3,r0:r1,0,2,2,3,0,0
00121c00,21c00,A,612,91,call,4,r0:r1,0,2,0,13,1,0
00121c2c,21c2c,A,248,62,prologue,4,r0,4,0,0,3,0,0
00121e64,21e64,A,64,15,call,2,r0,0,1,0,1,0,0
00121ea8,21ea8,A,188,44,prologue,2,void,0,2,3,6,0,0
00121fd8,21fd8,A,236,56,prologue,2,void,0,1,3,6,0,0
001220d0,220d0,A,172,37,call,3,r0:r1,0,1,0,7,0,0
001221d0,221d0,A,12,3,call,0,void,0,1,0,1,0,0
001221e8,221e8,A,304,75,call,3,r0:r1,0,1,0,24,0,0
00122318,22318,A,44,11,call,3,r0,0,1,0,1,1,0
00122344,22344,A,312,77,ptr,1,r0,0,0,0,7,0,0
0012247c,2247c,A,80,20,call,4,void,0,1,0,1,0,0
001224cc,224cc,A,60,15,call,3,r0,0,1,0,5,0,0
00122520,22520,A,28,7,gapstart,1,r0,0,0,0,2,0,0
0012253c,2253c,A,28,7,gapstart,1,r0,0,0,0,2,0,0
00122558,22558,A,28,7,gapstart,2,r0,0,0,0,2,0,0
00122574,22574,A,28,7,gapstart,2,r0,0,0,0,2,0,0
00122590,22590,A,28,7,gapstart,2,r0,0,0,0,2,0,0
001225ac,225ac,A,28,7,gapstart,2,r0,0,0,0,2,0,0
001225c8,225c8,A,28,7,gapstart,2,r0,0,0,0,2,0,0
001225e4,225e4,A,28,7,gapstart,1,r0,0,0,0,2,0,0
00122600,22600,A,28,7,call,4,r0,1,2,0,1,0,0
0012261c,2261c,A,24,6,call,4,r0,0,2,0,1,0,0
00122634,22634,A,24,6,gapstart,4,r0,0,0,0,1,0,0
0012264c,2264c,A,212,53,prologue,2,r0,0,0,1,8,0,0
00122720,22720,A,40,10,call,3,r0:r1,0,1,0,3,0,0
00122748,22748,A,4,2,call,2,r0:r1,0,1,0,2,0,0
0012274c,2274c,A,1000,248,prologue,1,r0,2,0,0,6,0,0
00123e20,23e20,A,3776,942,prologue,1,void,4,1,0,8,0,0
0012645c,2645c,A,48,12,prologue,1,void,0,0,1,1,1,0
0012648c,2648c,A,48,12,prologue,1,r0,0,0,1,1,1,0
001264c4,264c4,A,1000,248,prologue,1,r0,2,0,0,6,0,0
001287e4,287e4,A,620,344,ptr,4,r0,7,0,0,3,0,0
00128a58,28a58,A,3668,917,prologue,1,r0,4,0,0,12,0,0
0012a1d4,2a1d4,A,48,12,prologue,1,r0,0,0,1,1,1,0
0012a204,2a204,A,48,12,prologue,1,r0,0,0,1,1,1,0
0012a23c,2a23c,A,1000,248,prologue,1,r0,2,0,0,6,0,0
0012b910,2b910,A,3776,942,prologue,1,void,4,1,0,8,0,0
0012df4c,2df4c,A,48,12,prologue,1,void,0,0,1,1,1,0
0012df7c,2df7c,A,48,12,prologue,1,r0,0,0,1,1,1,0
0012dfb4,2dfb4,A,4,1,call,1,void,0,1,1,1,0,0
0012e238,2e238,A,1388,347,call,3,r0:r1,0,1,0,1,0,0
0012e7e4,2e7e4,A,460,115,call,4,r0:r1,0,1,0,7,0,0
0012e9c0,2e9c0,A,416,104,prologue,1,void,0,1,2,3,0,0
0012f490,2f490,A,112,28,prologue,4,void,0,0,1,1,1,0
0012f500,2f500,A,92,23,gapstart,0,void,7,0,0,1,1,0
0012f55c,2f55c,A,36,9,gapstart,2,void,7,0,0,1,1,0
0012f6d0,2f6d0,A,52,13,call,4,r0:r1,0,1,1,1,1,0
0012f744,2f744,A,112,28,prologue,4,void,0,0,1,1,1,0
0012f7b4,2f7b4,A,92,23,gapstart,0,void,7,0,0,1,1,0
0012f810,2f810,A,36,9,gapstart,2,void,7,0,0,1,1,0
0012f98c,2f98c,A,112,28,prologue,4,void,0,0,1,1,1,0
0012f9fc,2f9fc,A,92,23,gapstart,0,void,7,0,0,1,1,0
0012fa58,2fa58,A,36,9,gapstart,2,void,7,0,0,1,1,0
0012fbb4,2fbb4,A,112,28,prologue,4,void,0,0,1,1,1,0
0012fc24,2fc24,A,92,23,gapstart,0,void,7,0,0,1,1,0
0012fc80,2fc80,A,36,9,gapstart,2,void,7,0,0,1,1,0
00130224,30224,A,24,6,ptr,4,void,0,0,1,1,1,0
00130ae4,30ae4,A,424,106,prologue,1,r0,0,0,4,11,1,0
00130d04,30d04,A,1320,29,prologue,4,void,0,0,4,5,2,0
00130ea0,30ea0,A,128,32,prologue,4,r0,0,0,2,1,0,0
00130f20,30f20,A,112,28,gapstart,4,void,0,0,1,1,1,0
001310dc,310dc,A,88,22,call,4,void,0,4,1,1,1,0
00131134,31134,A,56,14,prologue,4,void,0,0,3,3,1,0
0013116c,3116c,A,40,10,gapstart,4,void,0,0,2,3,1,0
00131194,31194,A,44,11,gapstart,4,void,0,0,2,3,1,0
001311c0,311c0,A,40,10,gapstart,4,void,0,0,2,3,1,0
001311e8,311e8,A,12,3,gapstart,0,void,0,0,0,1,0,0
0013122c,3122c,A,16,4,call,4,r0:r1,0,1,1,3,1,0
0013123c,3123c,A,100,25,prologue,4,void,0,0,1,1,1,0
001312a0,312a0,A,16,4,gapstart,0,void,0,0,0,1,1,0
001312b0,312b0,A,16,4,gapstart,0,void,0,0,0,1,1,0
001312d4,312d4,A,84,21,prologue,4,r0,0,1,2,1,0,0
00131328,31328,A,24,6,prologue,0,void,0,8,0,1,1,0
00131340,31340,A,56,14,prologue,4,void,0,1,2,3,1,0
00131378,31378,A,32,8,gapstart,0,void,1,0,1,3,1,0
00131398,31398,A,36,9,gapstart,0,void,1,0,1,3,1,0
001313bc,313bc,A,32,8,gapstart,0,void,0,0,1,3,1,0
001313dc,313dc,A,12,3,gapstart,0,void,2,0,0,1,0,0
001313e8,313e8,A,76,19,prologue,4,r0:r1,0,1,1,1,1,0
00131434,31434,A,9780,55,gapstart,4,r0,4,0,0,6,0,0
00131438,31438,A,48,12,call,4,r0:r1,0,5,0,3,1,0
00131468,31468,A,20,5,call,4,r0:r1,0,8,0,1,0,0
0013147c,3147c,A,60,15,call,4,r0:r1,0,8,1,3,0,0
001314bc,314bc,A,1020,255,prologue,4,r0:r1,0,1,1,3,0,0
001318b8,318b8,A,76,19,gapstart,0,void,0,0,0,1,0,0
00131904,31904,A,200,50,gapstart,0,void,0,0,0,1,0,0
001319cc,319cc,A,500,125,prologue,4,r0,0,0,1,3,0,0
00131bc0,31bc0,A,228,57,gapstart,0,void,0,0,0,1,0,0
00131ca4,31ca4,A,164,41,gapstart,0,void,0,0,0,1,0,0
00131d48,31d48,A,156,39,gapstart,0,void,0,0,0,1,0,0
00131de4,31de4,A,84,21,gapstart,0,void,0,0,0,1,0,0
00131e6c,31e6c,A,420,105,prologue,4,void,0,0,0,1,0,0
00132010,32010,A,600,150,prologue,4,r0,0,0,0,1,0,0
00132268,32268,A,852,213,prologue,4,r0,0,0,0,1,0,0
001325bc,325bc,A,568,142,prologue,4,r0,0,0,0,1,0,0
001327f4,327f4,A,832,208,prologue,4,r0,0,0,0,1,0,0
00132b34,32b34,A,28,7,gapstart,0,void,0,0,0,1,0,0
00132b50,32b50,A,72,18,gapstart,0,void,0,0,0,1,0,0
00132b98,32b98,A,300,75,prologue,4,r0,8,0,1,3,0,0
00132cc4,32cc4,A,108,27,gapstart,0,void,0,0,0,1,0,0
00132d30,32d30,A,76,19,gapstart,0,void,0,0,0,1,0,0
00132d7c,32d7c,A,76,19,gapstart,0,void,0,0,0,1,0,0
00132dc8,32dc8,A,36,9,gapstart,0,void,0,0,0,1,0,0
00132ec0,32ec0,A,260,65,prologue,0,void,0,0,0,1,0,0
00132fc4,32fc4,A,264,66,prologue,4,void,0,0,0,1,0,0
001330cc,330cc,A,232,58,prologue,0,void,0,0,0,1,0,0
001331b4,331b4,A,268,67,prologue,4,void,0,0,0,1,0,0
001333a0,333a0,A,112,84,call,4,r0,0,2,1,10,0,0
00133410,33410,A,508,127,gapstart,4,r0,4,0,0,5,0,0
0013360c,3360c,A,432,108,gapstart,4,r0,4,0,0,5,0,0
001337bc,337bc,A,292,73,gapstart,4,r0,4,0,0,3,0,0
001338e0,338e0,A,176,44,gapstart,4,r0,4,0,0,3,0,0
00133a68,33a68,A,108,27,gapstart,1,void,4,0,0,3,0,0
00133d70,33d70,A,176,44,call,2,r0:r1,0,1,0,5,0,0
00133e20,33e20,A,28,7,gapstart,3,r0,0,0,0,2,0,0
00133f24,33f24,A,2708,77,prologue,3,r0,0,0,0,3,0,0
00134058,34058,A,68,17,gapstart,3,r0,0,0,0,3,0,0
001349b8,349b8,A,28,7,gapstart,3,r0,0,0,0,2,0,0
00135a90,35a90,A,112,28,prologue,4,void,0,0,1,1,1,0
00135b00,35b00,A,92,23,gapstart,0,void,7,0,0,1,1,0
00135b5c,35b5c,A,36,9,gapstart,2,void,7,0,0,1,1,0
00135cd0,35cd0,A,52,13,call,4,r0:r1,0,1,1,1,1,0
00135d44,35d44,A,112,28,prologue,4,void,0,0,1,1,1,0
00135db4,35db4,A,92,23,gapstart,0,void,7,0,0,1,1,0
00135e10,35e10,A,36,9,gapstart,2,void,7,0,0,1,1,0
00135f8c,35f8c,A,112,28,prologue,4,void,0,0,1,1,1,0
00135ffc,35ffc,A,92,23,gapstart,0,void,7,0,0,1,1,0
00136058,36058,A,36,9,gapstart,2,void,7,0,0,1,1,0
001361b4,361b4,A,112,28,prologue,4,void,0,0,1,1,1,0
00136224,36224,A,92,23,gapstart,0,void,7,0,0,1,1,0
00136280,36280,A,36,9,gapstart,2,void,7,0,0,1,1,0
001370e4,370e4,A,424,106,prologue,1,r0,0,0,4,11,1,0
00137304,37304,A,1320,29,prologue,4,void,0,0,4,5,2,0
001374a0,374a0,A,128,32,prologue,4,r0,0,0,2,1,0,0
00137520,37520,A,112,28,gapstart,4,void,0,0,1,1,1,0
001376dc,376dc,A,88,22,call,4,void,0,4,1,1,1,0
00137734,37734,A,56,14,prologue,4,void,0,0,3,3,1,0
0013776c,3776c,A,40,10,gapstart,4,void,0,0,2,3,1,0
00137794,37794,A,44,11,gapstart,4,void,0,0,2,3,1,0
001377c0,377c0,A,40,10,gapstart,4,void,0,0,2,3,1,0
001377e8,377e8,A,12,3,gapstart,0,void,0,0,0,1,0,0
0013782c,3782c,A,16,4,call,4,r0:r1,0,1,1,3,1,0
0013783c,3783c,A,100,25,prologue,4,void,0,0,1,1,1,0
001378a0,378a0,A,16,4,gapstart,0,void,0,0,0,1,1,0
001378b0,378b0,A,16,4,gapstart,0,void,0,0,0,1,1,0
001378d4,378d4,A,84,21,prologue,4,r0,0,1,2,1,0,0
00137928,37928,A,24,6,prologue,0,void,0,8,0,1,1,0
00137940,37940,A,56,14,prologue,4,void,0,1,2,3,1,0
00137978,37978,A,32,8,gapstart,0,void,1,0,1,3,1,0
00137998,37998,A,36,9,gapstart,0,void,1,0,1,3,1,0
001379bc,379bc,A,32,8,gapstart,0,void,0,0,1,3,1,0
001379dc,379dc,A,12,3,gapstart,0,void,2,0,0,1,0,0
001379e8,379e8,A,76,19,prologue,4,r0:r1,0,1,1,1,1,0
00137a34,37a34,A,9780,55,gapstart,4,r0,4,0,0,6,0,0
00137a38,37a38,A,48,12,call,4,r0:r1,0,5,0,3,1,0
00137a68,37a68,A,20,5,call,4,r0:r1,0,7,0,1,0,0
00137a7c,37a7c,A,60,15,call,4,r0:r1,0,8,1,3,0,0
00137abc,37abc,A,1020,255,prologue,4,r0:r1,0,1,1,3,0,0
00137eb8,37eb8,A,76,19,gapstart,0,void,0,0,0,1,0,0
00137f04,37f04,A,200,50,gapstart,0,void,0,0,0,1,0,0
00137fcc,37fcc,A,500,125,prologue,4,r0,0,0,1,3,0,0
001381c0,381c0,A,228,57,gapstart,0,void,0,0,0,1,0,0
001382a4,382a4,A,164,41,gapstart,0,void,0,0,0,1,0,0
00138348,38348,A,156,39,gapstart,0,void,0,0,0,1,0,0
001383e4,383e4,A,84,21,gapstart,0,void,0,0,0,1,0,0
0013846c,3846c,A,420,105,prologue,4,void,0,0,0,1,0,0
001387e4,387e4,A,132,33,ptr,4,r0,7,0,0,1,0,0
00138868,38868,A,852,213,prologue,4,r0,0,0,0,1,0,0
00138bbc,38bbc,A,568,142,prologue,4,r0,0,0,0,1,0,0
00138df4,38df4,A,832,208,prologue,4,r0,0,0,0,1,0,0
00139134,39134,A,28,7,gapstart,0,void,0,0,0,1,0,0
00139150,39150,A,72,18,gapstart,0,void,0,0,0,1,0,0
00139198,39198,A,300,75,prologue,4,r0,8,0,1,3,0,0
001392c4,392c4,A,108,27,gapstart,0,void,0,0,0,1,0,0
00139330,39330,A,76,19,gapstart,0,void,0,0,0,1,0,0
0013937c,3937c,A,76,19,gapstart,0,void,0,0,0,1,0,0
001393c8,393c8,A,36,9,gapstart,0,void,0,0,0,1,0,0
001394c0,394c0,A,260,65,prologue,0,void,0,0,0,1,0,0
001395c4,395c4,A,264,66,prologue,4,void,0,0,0,1,0,0
001396cc,396cc,A,232,58,prologue,0,void,0,0,0,1,0,0
001397b4,397b4,A,268,67,prologue,4,void,0,0,0,1,0,0
001399a0,399a0,A,112,84,call,4,r0,0,2,1,10,0,0
00139a10,39a10,A,508,127,gapstart,4,r0,4,0,0,5,0,0
00139c0c,39c0c,A,432,108,gapstart,4,r0,4,0,0,5,0,0
00139dbc,39dbc,A,292,73,gapstart,4,r0,4,0,0,3,0,0
00139ee0,39ee0,A,176,44,gapstart,4,r0,4,0,0,3,0,0
0013a068,3a068,A,108,27,gapstart,1,void,4,0,0,3,0,0
0013a370,3a370,A,176,44,call,2,r0:r1,0,1,0,5,0,0
0013a420,3a420,A,28,7,gapstart,3,r0,0,0,0,2,0,0
0013a524,3a524,A,2708,77,prologue,3,r0,0,0,0,3,0,0
0013a658,3a658,A,68,17,gapstart,3,r0,0,0,0,3,0,0
0013afb8,3afb8,A,28,7,gapstart,3,r0,0,0,0,2,0,0
0013c090,3c090,A,112,28,prologue,4,void,0,0,1,1,1,0
0013c100,3c100,A,92,23,gapstart,0,void,7,0,0,1,1,0
0013c15c,3c15c,A,36,9,gapstart,2,void,7,0,0,1,1,0
0013c2d0,3c2d0,A,52,13,call,4,r0:r1,0,1,1,1,1,0
0013c344,3c344,A,112,28,prologue,4,void,0,0,1,1,1,0
0013c3b4,3c3b4,A,92,23,gapstart,0,void,7,0,0,1,1,0
0013c410,3c410,A,36,9,gapstart,2,void,7,0,0,1,1,0
0013c58c,3c58c,A,112,28,prologue,4,void,0,0,1,1,1,0
0013c5fc,3c5fc,A,92,23,gapstart,0,void,7,0,0,1,1,0
0013c658,3c658,A,36,9,gapstart,2,void,7,0,0,1,1,0
0013c7b4,3c7b4,A,112,28,prologue,4,void,0,0,1,1,1,0
0013c824,3c824,A,92,23,gapstart,0,void,7,0,0,1,1,0
0013c880,3c880,A,36,9,gapstart,2,void,7,0,0,1,1,0
0013d6e4,3d6e4,A,424,106,prologue,1,r0,0,0,4,11,1,0
0013d904,3d904,A,1320,29,prologue,4,void,0,0,4,5,2,0
0013daa0,3daa0,A,128,32,prologue,4,r0,0,0,2,1,0,0
0013db20,3db20,A,112,28,gapstart,4,void,0,0,1,1,1,0
0013dcdc,3dcdc,A,88,22,call,4,void,0,4,1,1,1,0
0013dd34,3dd34,A,56,14,prologue,4,void,0,0,3,3,1,0
0013dd6c,3dd6c,A,40,10,gapstart,4,void,0,0,2,3,1,0
0013dd94,3dd94,A,44,11,gapstart,4,void,0,0,2,3,1,0
0013ddc0,3ddc0,A,40,10,gapstart,4,void,0,0,2,3,1,0
0013dde8,3dde8,A,12,3,gapstart,0,void,0,0,0,1,0,0
0013de2c,3de2c,A,16,4,call,4,r0:r1,0,1,1,3,1,0
0013de3c,3de3c,A,100,25,prologue,4,void,0,0,1,1,1,0
0013dea0,3dea0,A,16,4,gapstart,0,void,0,0,0,1,1,0
0013deb0,3deb0,A,16,4,gapstart,0,void,0,0,0,1,1,0
0013ded4,3ded4,A,84,21,prologue,4,r0,0,1,2,1,0,0
0013df28,3df28,A,24,6,prologue,0,void,0,8,0,1,1,0
0013df40,3df40,A,56,14,prologue,4,void,0,1,2,3,1,0
0013df78,3df78,A,32,8,gapstart,0,void,1,0,1,3,1,0
0013df98,3df98,A,36,9,gapstart,0,void,1,0,1,3,1,0
0013dfbc,3dfbc,A,32,8,gapstart,0,void,0,0,1,3,1,0
0013dfdc,3dfdc,A,12,3,gapstart,0,void,2,0,0,1,0,0
0013dfe8,3dfe8,A,76,19,prologue,4,r0:r1,0,1,1,1,1,0
0013e034,3e034,A,9780,55,gapstart,4,r0,4,0,0,6,0,0
0013e038,3e038,A,48,12,call,4,r0:r1,0,5,0,3,1,0
0013e068,3e068,A,20,5,call,4,r0:r1,0,7,0,1,0,0
0013e07c,3e07c,A,60,15,call,4,r0:r1,0,8,1,3,0,0
0013e0bc,3e0bc,A,1020,255,prologue,4,r0:r1,0,1,1,3,0,0
0013e4b8,3e4b8,A,76,19,gapstart,0,void,0,0,0,1,0,0
0013e504,3e504,A,200,50,gapstart,0,void,0,0,0,1,0,0
0013e5cc,3e5cc,A,500,125,prologue,4,r0,0,0,1,3,0,0
0013e7c0,3e7c0,A,228,57,gapstart,0,void,0,0,0,1,0,0
0013e8a4,3e8a4,A,164,41,gapstart,0,void,0,0,0,1,0,0
0013e948,3e948,A,156,39,gapstart,0,void,0,0,0,1,0,0
0013e9e4,3e9e4,A,84,21,gapstart,0,void,0,0,0,1,0,0
0013ea6c,3ea6c,A,420,105,prologue,4,void,0,0,0,1,0,0
0013ec10,3ec10,A,600,150,prologue,4,r0,0,0,0,1,0,0
0013ee68,3ee68,A,852,213,prologue,4,r0,0,0,0,1,0,0
0013f1bc,3f1bc,A,568,142,prologue,4,r0,0,0,0,1,0,0
0013f3f4,3f3f4,A,832,208,prologue,4,r0,0,0,0,1,0,0
0013f734,3f734,A,28,7,gapstart,0,void,0,0,0,1,0,0
0013f750,3f750,A,72,18,gapstart,0,void,0,0,0,1,0,0
0013f798,3f798,A,300,75,prologue,4,r0,8,0,1,3,0,0
0013f8c4,3f8c4,A,108,27,gapstart,0,void,0,0,0,1,0,0
0013f930,3f930,A,76,19,gapstart,0,void,0,0,0,1,0,0
0013f97c,3f97c,A,76,19,gapstart,0,void,0,0,0,1,0,0
0013f9c8,3f9c8,A,36,9,gapstart,0,void,0,0,0,1,0,0
0013fac0,3fac0,A,260,65,prologue,0,void,0,0,0,1,0,0
0013fbc4,3fbc4,A,264,66,prologue,4,void,0,0,0,1,0,0
0013fccc,3fccc,A,232,58,prologue,0,void,0,0,0,1,0,0
0013fdb4,3fdb4,A,268,67,prologue,4,void,0,0,0,1,0,0
0013ffa0,3ffa0,A,112,84,call,4,r0,0,2,1,10,0,0
00140010,40010,A,508,127,ptr,4,r0,4,0,0,5,0,0
0014020c,4020c,A,432,108,gapstart,4,r0,4,0,0,5,0,0
001403bc,403bc,A,292,73,gapstart,4,r0,4,0,0,3,0,0
001404e0,404e0,A,176,44,gapstart,4,r0,4,0,0,3,0,0
00140668,40668,A,108,27,gapstart,1,void,4,0,0,3,0,0
00140970,40970,A,176,44,call,2,r0:r1,0,1,0,5,0,0
00140a20,40a20,A,28,7,gapstart,3,r0,0,0,0,2,0,0
00140b24,40b24,A,2708,77,prologue,3,r0,0,0,0,3,0,0
00140c58,40c58,A,68,17,gapstart,3,r0,0,0,0,3,0,0
001415b8,415b8,A,28,7,gapstart,3,r0,0,0,0,2,0,0
001425d0,425d0,A,16,3,gapstart,1,void,0,0,0,1,0,0
001425e0,425e0,A,28,5,gapstart,0,r0,0,0,1,1,0,0
001425fc,425fc,A,12,3,gapstart,1,void,0,0,0,1,0,0
00142608,42608,A,12,3,gapstart,1,void,0,0,0,1,0,0
00142614,42614,A,16,4,gapstart,1,void,0,0,0,1,0,0
00142624,42624,A,16,4,gapstart,1,void,0,0,0,1,0,0
00142634,42634,A,12,3,gapstart,1,void,0,0,0,1,0,0
00142640,42640,A,12,3,gapstart,1,void,0,0,0,1,0,0
0014264c,4264c,A,28,5,gapstart,0,r0,0,0,1,1,0,0
00142668,42668,A,28,5,gapstart,0,r0,0,0,1,1,0,0
00142684,42684,A,28,5,gapstart,0,r0,0,0,1,1,0,0
001426b8,426b8,A,68,1,call,0,void,0,1,0,1,1,0
001426bc,426bc,A,72,15,prologue,4,void,0,0,2,4,0,0
00142704,42704,A,84,18,prologue,2,void,0,1,2,5,0,0
00142758,42758,A,716,177,prologue,3,r0:r1,0,1,11,35,0,0
00142a24,42a24,A,40,9,call,1,void,0,2,0,3,0,0
00142a4c,42a4c,A,116,27,prologue,2,r0:r1,0,1,2,3,0,0
00142ac0,42ac0,A,92,21,prologue,2,r0:r1,0,1,3,5,0,0
00142b1c,42b1c,A,112,26,prologue,2,r0:r1,0,1,3,5,0,0
00142b8c,42b8c,A,120,28,prologue,4,r0:r1,0,1,2,4,0,0
00142c04,42c04,A,788,193,prologue,3,r0:r1,0,1,8,25,0,0
00142f24,42f24,A,196,47,prologue,2,r0:r1,0,1,4,11,0,0
00142fe8,42fe8,A,336,81,prologue,4,void,1,1,0,3,0,0
00143138,43138,A,40,10,call,3,void,0,1,0,1,0,0
00143160,43160,A,24,6,call,2,void,0,1,0,1,0,0
00143178,43178,A,68,1,call,0,void,0,1,0,1,1,0
0014317c,4317c,A,72,15,prologue,4,r0,0,0,2,4,0,0
001431c4,431c4,A,48,11,prologue,2,r0,0,1,2,1,0,0
001431f4,431f4,A,272,68,gapstart,2,r0,0,0,0,21,0,0
00143304,43304,A,104,26,prologue,1,r0,0,1,3,1,0,0
00143398,43398,A,260,65,prologue,1,void,0,1,1,5,0,0
0014349c,4349c,A,32,8,prologue,1,void,0,2,1,1,1,0
001434bc,434bc,A,16,3,call,1,void,0,1,0,1,1,0
001434cc,434cc,A,4,1,call,1,r0,0,1,0,1,1,0
001434d0,434d0,A,104,26,prologue,2,r0,0,0,1,5,0,0
00143538,43538,A,12,3,call,1,r0,0,1,0,1,1,0
00143544,43544,A,52,13,prologue,3,r0,0,0,1,4,0,0
00143578,43578,A,16,3,call,1,r0,0,2,0,1,1,0
00143588,43588,A,732,181,prologue,2,r0:r1,0,1,6,36,0,0
00143864,43864,A,244,57,prologue,4,r0:r1,0,1,2,6,0,0
00143958,43958,A,396,86,prologue,4,r0,3,1,5,12,0,0
00143ae4,43ae4,A,1820,450,prologue,4,r0:r1,0,2,5,91,0,0
00144200,44200,A,484,118,prologue,4,r0:r1,0,2,2,17,0,0
001443e4,443e4,A,688,168,prologue,4,r0:r1,0,1,2,27,0,0
00144694,44694,A,1328,328,prologue,4,r0:r1,0,2,5,70,0,0
00144bc4,44bc4,A,304,73,prologue,4,r0:r1,0,2,2,18,0,0
00144cf4,44cf4,A,1032,248,prologue,4,r0:r1,0,1,2,34,0,0
001450fc,450fc,A,1004,242,prologue,2,r0:r1,0,2,1,60,0,0
001454e8,454e8,A,260,62,prologue,4,void,0,2,2,16,0,0
001455ec,455ec,A,152,33,prologue,3,r0:r1,0,1,3,4,0,0
00145684,45684,A,100,23,prologue,2,r0:r1,0,1,3,5,0,0
001456e8,456e8,A,44,2,call,0,r0,0,1,0,1,1,0
001456f0,456f0,A,28,7,prologue,4,r0,0,0,1,1,0,0
00145714,45714,A,1452,355,prologue,4,r0,1,1,6,43,0,0
00145cc0,45cc0,A,16,3,call,1,r0,0,1,0,1,0,0
00145cd0,45cd0,A,24,5,prologue,4,r0,0,1,1,1,0,0
00145ce8,45ce8,A,32,6,call,0,r0:r1,0,1,0,1,0,0
00145d08,45d08,A,16,3,call,0,r0,0,2,0,1,0,0
00145d18,45d18,A,504,117,prologue,0,r0:r1,0,1,9,22,0,0
00145f10,45f10,A,72,15,prologue,1,r0,0,1,2,3,0,0
00145f58,45f58,A,28,5,call,1,void,0,1,0,1,0,0
00145f74,45f74,A,72,17,call,0,void,0,1,0,1,0,0
00145fbc,45fbc,A,552,118,prologue,3,void,0,2,11,13,0,0
001461e4,461e4,A,32,1,call,0,r0,0,1,0,1,1,0
001461e8,461e8,A,24,6,prologue,1,r0,0,0,1,1,0,0
00146208,46208,A,16,3,call,1,void,0,1,0,1,0,0
00146218,46218,A,1132,272,prologue,4,r0,0,1,4,41,0,0
00146684,46684,A,16,3,call,1,void,0,1,0,1,0,0
00146694,46694,A,304,71,prologue,1,r0:r1,0,1,2,8,0,0
001467c4,467c4,A,12,2,call,0,r0,0,1,0,1,0,0
001467d0,467d0,A,16,3,call,0,r0,0,2,0,1,0,0
001467e0,467e0,A,16,3,call,2,r0:r1,0,1,0,1,0,0
001467f0,467f0,A,1044,259,prologue,4,void,0,1,6,47,0,0
00146c04,46c04,A,24,2,call,1,r0:r1,0,1,0,1,1,0
00146c0c,46c0c,A,12,3,prologue,4,r0,0,0,1,1,0,0
00146c1c,46c1c,A,20,5,call,2,r0,0,1,0,1,0,0
00146c30,46c30,A,24,6,call,2,r0,0,1,0,1,0,0
00146c48,46c48,A,540,134,prologue,4,r0,2,1,2,24,0,0
00146e64,46e64,A,524,128,prologue,4,r0:r1,0,1,1,4,0,0
00147078,47078,A,112,26,call,2,r0:r1,0,1,0,4,0,0
001470e8,470e8,A,80,19,prologue,4,r0,0,2,1,1,0,0
00147138,47138,A,16,3,call,2,r0:r1,0,2,0,1,0,0
00147148,47148,A,48,11,call,1,r0,0,1,0,4,0,0
00147178,47178,A,140,33,prologue,1,void,0,1,3,5,0,0
00147204,47204,A,16,3,call,1,void,0,1,0,1,0,0
00147214,47214,A,20,4,call,3,r0:r1,0,1,0,1,0,0
00147228,47228,A,240,58,prologue,0,void,0,1,3,9,0,0
00147318,47318,A,16,3,call,0,r0,0,1,0,1,0,0
00147328,47328,A,28,7,gapstart,2,r0,0,0,0,1,0,0
00147344,47344,A,404,97,prologue,4,r0:r1,0,1,1,21,0,0
001474d8,474d8,A,40,7,call,0,r0,0,1,0,1,0,0
00147500,47500,A,104,25,prologue,0,r0,0,2,1,5,0,0
00147568,47568,A,128,19,prologue,4,r0,0,1,1,9,0,0
001475e8,475e8,A,16,3,call,0,r0,0,1,0,1,0,0
001475f8,475f8,A,2616,630,prologue,4,r0,0,1,7,125,0,0
00148030,48030,A,16,3,call,1,r0:r1,0,2,0,1,0,0
00148040,48040,A,16,3,call,1,void,0,1,0,1,0,0
00148050,48050,A,296,71,prologue,2,r0,0,1,0,11,3,0
00148178,48178,A,16,3,call,0,r0,0,1,0,1,0,0
001484b4,484b4,A,12,2,call,0,r0,0,1,0,1,0,0
001484c0,484c0,A,2668,649,prologue,1,void,0,1,18,93,1,0
00148f2c,48f2c,A,16,3,call,0,r0,0,1,0,1,0,0
00148f3c,48f3c,A,16,3,call,0,r0,0,1,0,1,0,0
00148f4c,48f4c,A,132,31,prologue,4,r0:r1,1,1,1,1,0,0
00148fd0,48fd0,A,248,61,prologue,3,r0,0,1,0,5,0,0
001490c8,490c8,A,2688,668,prologue,3,r0,0,1,6,137,0,0
00149b48,49b48,A,16,3,call,1,void,0,1,0,1,0,0
00149b58,49b58,A,648,159,prologue,1,void,0,2,5,35,0,0
00149de0,49de0,A,16,3,call,1,r0:r1,0,2,0,1,0,0
00149df0,49df0,A,56,13,prologue,2,void,0,1,1,1,0,0
00149e28,49e28,A,88,22,prologue,1,void,0,1,1,5,0,0
00149e80,49e80,A,268,64,prologue,4,void,0,2,6,12,0,0
00149f8c,49f8c,A,372,91,prologue,3,r0:r1,0,1,4,14,0,0
0014a100,4a100,A,16,3,call,1,void,0,1,0,1,0,0
0014a110,4a110,A,16,3,call,1,r0,0,2,0,1,0,0
0014a120,4a120,A,32,7,gapstart,0,void,0,0,1,1,0,0
0014a140,4a140,A,1532,371,prologue,2,r0:r1,0,1,4,10,0,0
0014a73c,4a73c,A,60,15,prologue,3,r0:r1,0,1,1,1,0,0
0014a77c,4a77c,A,52,13,prologue,4,r0:r1,0,2,1,1,1,0
0014a7b0,4a7b0,A,60,13,prologue,0,r0,0,1,3,3,0,0
0014a7ec,4a7ec,A,16,3,call,2,r0:r1,0,2,0,1,0,0
0014a7fc,4a7fc,A,16,3,call,1,void,0,2,0,1,0,0
0014a80c,4a80c,A,200,48,call,1,r0,0,1,0,7,0,0
0014a8e0,4a8e0,A,552,118,prologue,3,void,0,1,11,13,0,0
0014ab24,4ab24,A,52,13,call,2,r0,0,2,0,4,0,0
0014ab58,4ab58,A,2952,721,prologue,2,r0,0,1,10,109,0,0
0014b6e0,4b6e0,A,232,54,prologue,4,r0:r1,2,1,3,4,0,0
0014b7c8,4b7c8,A,16,3,call,1,void,0,1,0,1,0,0
0014b7d8,4b7d8,A,16,3,call,1,r0,0,2,0,1,0,0
0014b7e8,4b7e8,A,848,211,prologue,4,void,0,1,0,23,0,0
0014bb44,4bb44,A,1072,260,prologue,4,r0:r1,0,1,5,26,0,0
0014bf74,4bf74,A,1712,425,prologue,3,r0:r1,0,1,6,90,0,0
0014c624,4c624,A,16,3,call,0,r0,0,2,0,1,0,0
0014c634,4c634,A,16,3,call,1,void,0,1,0,1,0,0
0014c644,4c644,A,16,3,call,1,void,0,1,0,1,0,0
0014c654,4c654,A,12,3,call,1,r0,0,1,0,1,0,0
0014c660,4c660,A,16,3,call,0,r0,0,1,0,1,0,0
0014c670,4c670,A,60,14,call,2,r0,0,1,1,1,0,0
0014c6ac,4c6ac,A,16,3,call,1,void,0,1,0,1,0,0
0014c6bc,4c6bc,A,1172,282,prologue,4,void,0,1,3,48,0,0
0014cb50,4cb50,A,1380,341,prologue,4,r0:r1,1,1,3,70,0,0
0014d0b4,4d0b4,A,64,16,call,3,r0,0,1,0,4,0,0
0014d0f4,4d0f4,A,4036,1006,prologue,0,r0,0,1,8,25,0,0
0014e0b8,4e0b8,A,256,62,prologue,1,void,0,2,1,6,0,0
0014e1b8,4e1b8,A,16,3,call,0,r0,0,1,0,1,0,0
0014e1c8,4e1c8,A,904,224,prologue,1,void,0,2,3,30,0,0
0014e564,4e564,A,604,147,prologue,4,r0:r1,0,1,1,22,0,0
0014e7c0,4e7c0,A,1192,295,prologue,2,r0,0,1,7,5,0,0
0014ec68,4ec68,A,52,12,prologue,1,r0,0,1,1,4,0,0
0014ec9c,4ec9c,A,244,58,prologue,2,r0:r1,0,1,2,6,0,0
0014ed98,4ed98,A,3064,764,prologue,4,r0:r1,2,1,9,184,0,0
0014f990,4f990,A,128,28,prologue,4,void,0,1,2,4,0,0
0014fa14,4fa14,A,16,3,call,1,r0:r1,0,1,0,1,0,0
0014fa24,4fa24,A,184,44,prologue,0,r0:r1,0,2,3,4,0,0
0014fadc,4fadc,A,16,3,call,1,void,0,1,0,1,0,0
0014faf0,4faf0,A,2756,669,prologue,2,r0:r1,0,1,7,51,0,0
001505b4,505b4,A,40,2,call,0,r0,0,1,0,1,1,0
001505bc,505bc,A,28,7,prologue,1,r0,0,0,2,3,0,0
001505dc,505dc,A,200,46,prologue,4,r0:r1,0,1,2,8,0,0
001506a8,506a8,A,224,56,call,1,r0:r1,0,1,0,3,0,0
00150790,50790,A,104,25,prologue,1,r0:r1,0,2,1,7,0,0
001507f8,507f8,A,12,2,call,0,r0,0,1,0,1,0,0
00150804,50804,A,2344,580,prologue,4,r0:r1,0,1,8,78,0,0
0015112c,5112c,A,16,3,call,2,r0:r1,0,2,0,1,0,0
0015113c,5113c,A,20,4,call,1,void,0,1,0,1,0,0
00151150,51150,A,672,161,prologue,1,r0,0,1,0,39,7,0
001513f0,513f0,A,16,3,call,1,void,0,1,0,1,0,0
00151400,51400,A,420,101,prologue,2,r0,0,0,3,11,0,0
001515a4,515a4,A,12,3,ptr,1,void,0,0,0,1,1,0
00151618,51618,A,528,122,ptr,2,r0,0,0,10,23,1,0
00151828,51828,A,240,55,ptr,1,r0,0,0,8,12,1,0
00151918,51918,A,540,131,ptr,2,r0,0,0,11,25,4,0
00151b40,51b40,A,140,33,ptr,2,r0,0,0,4,3,2,0
00151bcc,51bcc,A,60,14,ptr,1,r0,0,0,2,3,0,0
00151c08,51c08,A,88,21,ptr,1,r0,0,0,4,5,0,0
00151c60,51c60,A,248,57,ptr,1,r0,0,0,8,12,1,0
00151d58,51d58,A,216,52,ptr,1,r0,0,0,4,7,2,0
00151e30,51e30,A,224,51,ptr,1,r0,0,0,8,10,1,0
00151f6c,51f6c,A,8,2,ptr,1,void,0,0,0,1,0,0
00151f74,51f74,A,140,35,ptr,1,r0,0,0,4,5,0,0
00152004,52004,A,72,18,ptr,1,r0,0,0,0,5,1,0
0015204c,5204c,A,76,19,ptr,4,void,0,0,2,4,1,0
00152098,52098,A,1318020,30,ptr,3,r0,0,0,3,8,0,0
001520f8,520f8,A,672,153,prologue,1,r0,0,2,7,34,5,0
00152398,52398,A,108,27,ptr,1,void,0,0,3,6,0,0
00152408,52408,A,824,205,prologue,1,r0,0,2,4,59,8,0
00152744,52744,A,1315264,24,ptr,1,r0,0,0,3,8,0,0
0015278c,5278c,A,1252,289,prologue,4,r0,2,1,22,49,6,0
00152c90,52c90,A,512,123,ptr,1,r0,0,0,3,22,1,0
00152e90,52e90,A,132,33,ptr,2,r0,0,0,6,8,1,0
00152f14,52f14,A,68,17,ptr,3,r0,0,0,2,4,0,0
00152f58,52f58,A,8,2,ptr,1,void,0,0,0,1,0,0
00152f60,52f60,A,620,155,ptr,2,r0,0,0,12,18,4,0
001531f0,531f0,A,644,161,ptr,4,r0,0,0,5,17,5,0
0015347c,5347c,A,240,60,ptr,3,r0,0,0,2,12,1,0
0015356c,5356c,A,160,40,prologue,2,r0,0,0,5,1,1,0
00153628,53628,A,1268,298,ptr,4,r0,0,0,11,39,6,0
00153b1c,53b1c,A,20,5,ptr,4,r0,0,0,1,3,0,0
00153b30,53b30,A,2696,594,prologue,4,r0,6,1,32,46,4,0
001545b8,545b8,A,16,4,ptr,4,r0,0,0,2,1,0,0
00154720,54720,A,72,18,ptr,2,r0,0,0,1,3,0,0
00154768,54768,A,16,4,ptr,1,void,0,0,0,1,0,0
0015477c,5477c,A,152,38,ptr,1,r0,0,0,2,3,0,0
00154814,54814,A,84,21,ptr,3,r0,0,0,1,3,0,0
00154868,54868,A,436,101,ptr,3,r0,0,0,3,12,5,0
00154a28,54a28,A,16,4,ptr,1,void,0,0,0,1,1,0
00154a38,54a38,A,388,90,ptr,1,r0,0,0,8,7,2,0
00154bbc,54bbc,A,92,23,ptr,1,r0,0,0,2,3,2,0
00154c18,54c18,A,68,17,ptr,1,r0,0,0,2,3,1,0
00154c60,54c60,A,1964,442,prologue,4,r0,1,1,20,45,3,0
0015541c,5541c,A,256,63,ptr,4,r0,0,0,7,5,0,0
0015551c,5551c,A,16,4,ptr,1,void,0,0,0,1,0,0
00155530,55530,A,120,30,ptr,2,r0,0,0,3,3,0,0
001555a8,555a8,A,144,36,ptr,3,void,0,0,0,7,4,0
00155638,55638,A,120,30,prologue,2,void,0,1,4,3,0,0
001556d0,556d0,A,252,63,prologue,2,r0:r1,0,1,3,6,0,0
00155810,55810,A,1048,236,prologue,4,r0,1,1,14,13,2,0
00155c68,55c68,A,92,21,ptr,4,r0,0,0,4,1,1,0
00155cc4,55cc4,A,16,4,ptr,1,void,0,0,0,1,0,0
00155cd8,55cd8,A,128,32,ptr,1,r0,0,0,5,1,0,0
00155d64,55d64,A,60,15,ptr,2,r0,0,0,2,3,0,0
00155da8,55da8,A,144,35,ptr,4,r0,0,0,2,7,0,0
00155e38,55e38,A,3896,935,prologue,3,r0,0,1,31,146,1,0
00156d90,56d90,A,16,4,ptr,4,r0,0,0,2,1,0,0
00156fb4,56fb4,A,88,22,ptr,2,r0,0,0,1,4,0,0
0015700c,5700c,A,8,2,ptr,1,void,0,0,0,1,0,0
00157014,57014,A,120,30,ptr,1,r0,0,0,2,3,0,0
0015708c,5708c,A,812,184,ptr,3,r0,0,0,10,19,6,0
001573b8,573b8,A,136,34,ptr,3,r0,0,0,2,6,0,0
00157440,57440,A,824,187,ptr,3,r0,0,0,8,18,8,0
00157778,57778,A,956,210,ptr,4,r0,0,0,18,20,6,0
00157b34,57b34,A,232,56,prologue,1,void,0,1,3,7,0,0
00157c28,57c28,A,16,4,ptr,1,void,0,0,0,1,1,0
00157c38,57c38,A,20,4,ptr,1,r0,0,0,1,1,0,0
00157c50,57c50,A,1492,328,ptr,2,r0,0,0,23,33,6,0
00158224,58224,A,328,80,ptr,4,r0,0,0,4,17,0,0
00158370,58370,A,520,123,ptr,2,r0,0,0,7,10,2,0
001587e0,587e0,A,2768,694,ptr,3,r0,65,0,32,100,2,0
001592b0,592b0,A,16,4,ptr,4,r0,0,0,2,1,0,0
00159484,59484,A,16,4,ptr,1,void,0,0,0,1,0,0
00159498,59498,A,68,17,ptr,1,r0,0,0,2,1,0,0
00159608,59608,A,484,91,prologue,3,r0,0,1,13,18,0,0
00159808,59808,A,36,8,ptr,4,r0,0,0,3,1,0,0
0015982c,5982c,A,152,34,ptr,1,r0,0,0,2,4,1,0
001598c4,598c4,A,220,53,ptr,1,r0,0,0,6,8,2,0
001599a0,599a0,A,208,49,ptr,3,void,0,0,2,8,3,0
00159a70,59a70,A,260,62,ptr,4,r0,0,0,6,10,3,0
00159b74,59b74,A,104,26,ptr,3,void,0,0,0,9,4,0
00159bdc,59bdc,A,48,12,ptr,1,r0,0,0,0,3,1,0
00159c0c,59c0c,A,280,66,ptr,1,r0,0,0,6,7,2,0
00159d24,59d24,A,248,60,ptr,1,r0,0,0,6,7,1,0
00159e1c,59e1c,A,108,25,ptr,1,r0,0,0,3,4,1,0
00159e88,59e88,A,1292,274,prologue,4,r0:r1,1,1,22,14,5,0
0015a40c,5a40c,A,8,2,ptr,1,void,0,0,0,1,0,0
0015a414,5a414,A,388,97,ptr,1,r0,0,0,5,7,0,0
0015a62c,5a62c,A,324,81,ptr,3,r0,0,0,0,12,9,0
0015a7a8,5a7a8,A,1992,425,prologue,4,r0,3,1,17,21,5,0
0015afa8,5afa8,A,100,24,ptr,4,r0,0,0,5,1,0,0
0015b020,5b020,A,180,45,ptr,3,r0,0,0,0,8,4,0
0015b0d4,5b0d4,A,20,5,call,2,r0:r1,0,2,0,1,0,0
0015b0e8,5b0e8,A,16,4,ptr,1,void,0,0,0,1,0,0
0015b0fc,5b0fc,A,68,17,ptr,1,r0,0,0,2,1,0,0
0015b148,5b148,A,428,104,prologue,3,r0,0,1,13,3,0,0
0015b33c,5b33c,A,36,8,ptr,4,r0,0,0,3,1,0,0
0015b360,5b360,A,16,4,ptr,1,void,0,0,0,1,0,0
0015b374,5b374,A,140,35,ptr,1,r0,0,0,5,3,0,0
0015b40c,5b40c,A,60,15,ptr,2,r0,0,0,2,3,0,0
0015b450,5b450,A,36,8,ptr,4,r0,0,0,3,1,0,0
0015b474,5b474,A,16,4,ptr,1,void,0,0,0,1,0,0
0015b488,5b488,A,68,17,ptr,1,r0,0,0,2,1,0,0
0015b4cc,5b4cc,A,60,15,ptr,2,r0,0,0,2,3,0,0
0015b510,5b510,A,184,45,ptr,4,r0,0,0,4,8,0,0
0015b5c8,5b5c8,A,3512,835,prologue,3,r0,0,1,33,126,3,0
0015c380,5c380,A,16,4,ptr,4,r0,0,0,2,1,0,0
0015c48c,5c48c,A,16,4,ptr,1,void,0,0,0,1,0,0
0015c4a0,5c4a0,A,156,39,ptr,1,r0,0,0,2,1,0,0
0015c53c,5c53c,A,224,54,ptr,1,r0,0,0,5,7,1,0
0015c61c,5c61c,A,500,123,ptr,1,r0,0,0,7,17,6,0
0015c810,5c810,A,120,28,ptr,1,r0,0,0,4,4,1,0
0015c8c0,5c8c0,A,380,73,ptr,3,r0,0,0,3,8,5,0
0015ca3c,5ca3c,A,116,29,ptr,1,r0,0,0,3,4,2,0
0015cab0,5cab0,A,288,53,ptr,1,r0,0,0,6,5,2,0
0015cbd0,5cbd0,A,272,46,ptr,1,r0,0,0,6,5,2,0
0015cce0,5cce0,A,112,28,ptr,1,r0,0,0,3,5,2,0
0015cd50,5cd50,A,88,22,ptr,1,r0,0,0,3,5,1,0
0015cda8,5cda8,A,20,5,ptr,1,void,0,0,0,1,1,0
0015cdbc,5cdbc,A,140,33,ptr,1,r0,0,0,5,4,1,0
0015ce48,5ce48,A,96,24,ptr,1,r0,0,0,2,3,2,0
0015cea8,5cea8,A,184,43,ptr,1,r0,0,0,5,5,2,0
0015cf60,5cf60,A,348,84,ptr,1,r0,0,0,6,13,4,0
0015d0bc,5d0bc,A,108,27,ptr,1,r0,0,0,3,3,2,0
0015d128,5d128,A,96,24,ptr,1,r0,0,0,2,3,2,0
0015d188,5d188,A,352,83,ptr,1,r0,0,0,7,7,3,0
0015d340,5d340,A,1252,272,prologue,4,r0:r1,1,1,21,17,8,0
0015d840,5d840,A,200,49,ptr,4,r0,0,0,10,3,1,0
0015d934,5d934,A,8,2,ptr,1,void,0,0,0,1,0,0
0015d93c,5d93c,A,224,56,ptr,1,void,0,0,4,5,0,0
0015da20,5da20,A,128,32,ptr,2,r0,0,0,2,7,0,0
0015db28,5db28,A,520,112,prologue,2,void,0,1,11,5,0,0
0015dd68,5dd68,A,236,44,prologue,2,void,0,0,5,1,0,0
0015ded8,5ded8,A,464,106,prologue,2,void,0,1,9,6,0,0
0015e0e0,5e0e0,A,672,155,prologue,4,r0,0,1,16,11,2,0
0015e380,5e380,A,112,26,ptr,1,r0,0,0,4,1,0,0
0015e41c,5e41c,A,8,2,ptr,1,void,0,0,0,1,0,0
0015e424,5e424,A,196,49,ptr,1,r0,0,0,7,5,0,0
0015e4f8,5e4f8,A,60,15,ptr,2,r0,0,0,2,3,0,0
0015e534,5e534,A,196,49,prologue,2,void,0,2,6,1,0,0
0015e658,5e658,A,156,39,ptr,1,void,0,0,5,4,0,0
0015e72c,5e72c,A,464,113,ptr,4,r0,0,0,14,13,2,0
0015e924,5e924,A,36,8,ptr,4,r0,0,0,3,1,0,0
0015e948,5e948,A,72,18,ptr,2,r0,0,0,1,3,0,0
0015e990,5e990,A,16,4,ptr,1,void,0,0,0,1,0,0
0015e9a4,5e9a4,A,292,66,ptr,1,r0,0,0,8,8,1,0
0015eac8,5eac8,A,124,31,ptr,1,r0,0,0,2,3,0,0
0015eb44,5eb44,A,100,25,ptr,1,r0,0,0,2,5,0,0
0015eba8,5eba8,A,112,28,ptr,4,r0,0,0,2,3,3,0
0015ec18,5ec18,A,76,19,ptr,3,r0,0,0,1,3,0,0
0015ec68,5ec68,A,364,84,ptr,3,r0,0,0,2,8,6,0
0015ede0,5ede0,A,28,7,ptr,1,r0,0,0,0,3,1,0
0015edfc,5edfc,A,204,44,ptr,1,r0,0,0,5,4,1,0
0015eec8,5eec8,A,280,63,ptr,4,r0,0,0,5,6,1,0
0015efe0,5efe0,A,1788,420,prologue,4,r0,1,1,22,48,3,0
0015f728,5f728,A,248,61,ptr,4,r0,0,0,8,7,0,0
0015f820,5f820,A,16,4,ptr,1,void,0,0,0,1,0,0
0015f834,5f834,A,136,34,ptr,1,r0,0,0,5,1,0,0
0015f8bc,5f8bc,A,24,6,gapstart,4,r0,0,0,1,1,0,0
0015f8d8,5f8d8,A,324,78,prologue,4,r0,0,1,10,4,0,0
0015fa58,5fa58,A,36,8,ptr,4,r0,0,0,3,1,0,0
0015fa7c,5fa7c,A,72,18,ptr,2,r0,0,0,1,3,0,0
0015fac4,5fac4,A,16,4,ptr,1,void,0,0,0,1,0,0
0015fad8,5fad8,A,152,38,ptr,1,r0,0,0,2,3,0,0
0015fb70,5fb70,A,84,21,ptr,3,r0,0,0,1,3,0,0
0015fbc8,5fbc8,A,444,103,ptr,3,r0,0,0,3,12,5,0
0015fd90,5fd90,A,16,4,ptr,1,void,0,0,0,1,1,0
0015fda0,5fda0,A,416,94,ptr,1,r0,0,0,8,7,2,0
0015ff40,5ff40,A,92,23,ptr,1,r0,0,0,2,3,2,0
0015ff9c,5ff9c,A,68,17,ptr,1,r0,0,0,2,3,1,0
00160100,60100,A,1756,389,ptr,0,r0,64,0,19,42,2,0
001607ec,607ec,A,256,63,ptr,4,r0,0,0,7,5,0,0
001608ec,608ec,A,480,105,ptr,2,void,0,0,3,16,9,0
00160adc,60adc,A,76,17,ptr,1,r0,0,0,2,3,0,0
00160b28,60b28,A,12,2,call,4,r0:r1,0,1,1,1,0,0
00160b34,60b34,A,576,144,prologue,2,void,0,1,2,23,0,0
00160d74,60d74,A,152,37,prologue,4,r0,0,2,3,6,0,0
00160e0c,60e0c,A,204,50,prologue,1,r0,0,0,2,10,0,0
00160ed8,60ed8,A,120,30,prologue,1,void,0,1,0,9,1,0
00160f50,60f50,A,24,5,call,0,r0,0,2,0,1,0,0
00160f68,60f68,A,28,6,call,0,void,0,1,0,1,0,0
00160f84,60f84,A,280,70,prologue,1,r0,0,0,2,14,1,0
0016109c,6109c,A,40,10,ptr,2,r0,0,0,2,3,0,0
001610c4,610c4,A,60,15,ptr,1,r0,0,0,3,5,0,0
00161100,61100,A,228,55,ptr,1,r0,0,0,5,7,2,0
001611f8,611f8,A,60,15,ptr,1,r0,0,0,3,5,0,0
00161234,61234,A,128,29,ptr,2,r0,0,0,4,3,1,0
001612b8,612b8,A,40,10,ptr,1,r0,0,0,2,3,0,0
001612e0,612e0,A,52,13,prologue,4,void,0,1,2,1,0,0
00161314,61314,A,64,16,prologue,1,void,0,1,2,1,0,0
00161354,61354,A,348,86,prologue,4,void,0,1,12,4,0,0
001614b0,614b0,A,400,99,prologue,2,void,0,2,14,4,0,0
00161640,61640,A,416,100,ptr,4,r0,0,0,13,20,0,0
001617e0,617e0,A,72,18,prologue,1,void,0,1,2,1,0,0
00161828,61828,A,412,93,ptr,1,r0,0,0,11,8,1,0
001619c4,619c4,A,280,70,prologue,1,r0,0,0,2,14,1,0
00161b1c,61b1c,A,200,50,prologue,4,r0:r1,2,2,8,5,1,0
00161bf0,61bf0,A,636,146,prologue,4,void,0,1,10,14,8,0
00161e78,61e78,A,392,91,ptr,1,r0,0,0,7,9,5,0
00162000,62000,A,104,26,prologue,4,r0,0,0,5,5,1,0
00162068,62068,A,72,18,ptr,1,r0,0,0,4,3,0,0
001620b0,620b0,A,180,42,prologue,1,r0,0,2,7,1,0,0
00162164,62164,A,168,42,ptr,1,r0,0,0,6,6,1,0
00162218,62218,A,248,49,ptr,1,r0,0,0,6,7,2,0
00162310,62310,A,464,106,ptr,1,r0,0,0,10,16,3,0
001624e0,624e0,A,136,31,ptr,1,r0,0,0,3,3,1,0
00162568,62568,A,40,10,ptr,1,r0,0,0,2,3,0,0
00162590,62590,A,40,10,ptr,1,r0,0,0,2,3,0,0
001625b8,625b8,A,24,2,call,1,void,0,1,0,1,1,0
001625c0,625c0,A,12,3,prologue,4,void,0,0,1,1,0,0
001625d0,625d0,A,1004,232,ptr,1,r0,0,0,26,41,5,0
001629bc,629bc,A,116,27,ptr,1,r0,0,0,3,3,1,0
00162a30,62a30,A,36,9,ptr,1,r0,0,0,2,3,0,0
00162a54,62a54,A,296,69,ptr,1,r0,0,0,10,12,2,0
00162b7c,62b7c,A,872,215,ptr,1,r0,0,0,8,31,12,0
00162ee4,62ee4,A,360,86,ptr,1,r0,0,0,9,17,1,0
0016304c,6304c,A,192,35,ptr,1,r0,0,0,5,4,1,0
0016310c,6310c,A,72,18,ptr,1,r0,0,0,4,5,0,0
00163154,63154,A,232,56,ptr,2,r0,0,0,10,5,1,0
0016323c,6323c,A,296,69,ptr,1,r0,0,0,10,12,2,0
00163364,63364,A,1728,408,prologue,1,void,0,1,39,61,9,0
00163a24,63a24,A,16,4,ptr,4,r0,0,0,2,1,0,0
00163a34,63a34,A,552,130,ptr,4,r0,0,1,14,21,3,0
00163c5c,63c5c,A,340,83,ptr,2,r0,0,0,6,8,2,0
00163db0,63db0,A,656,154,ptr,1,r0,0,0,12,22,3,0
00164040,64040,A,36,9,ptr,1,r0,0,0,2,3,0,0
00164064,64064,A,36,9,ptr,1,r0,0,0,2,3,0,0
00164088,64088,A,128,30,ptr,1,r0,0,0,3,4,2,0
00164108,64108,A,108,27,ptr,2,r0,0,0,7,7,0,0
00164174,64174,A,552,131,ptr,1,r0,0,0,16,25,1,0
0016439c,6439c,A,184,33,ptr,1,r0,0,0,5,4,1,0
00164454,64454,A,68,17,ptr,1,r0,0,0,4,5,0,0
00164498,64498,A,312,73,prologue,1,void,0,1,13,3,1,0
001645fc,645fc,A,144,35,ptr,1,r0,0,0,11,5,0,0
0016468c,6468c,A,324,74,ptr,1,r0,0,0,11,14,2,0
001647d0,647d0,A,392,94,ptr,1,r0,0,0,6,9,2,0
00164974,64974,A,72,18,ptr,1,r0,0,0,4,5,0,0
001649bc,649bc,A,444,109,ptr,2,r0,0,0,13,28,2,0
00164b78,64b78,A,120,28,ptr,1,r0,0,0,4,3,1,0
00164bf0,64bf0,A,36,9,ptr,1,r0,0,0,2,3,0,0
00164c14,64c14,A,228,54,ptr,1,r0,0,0,10,8,1,0
00164cf8,64cf8,A,52,13,ptr,4,r0,0,0,2,3,0,0
00164d2c,64d2c,A,224,43,prologue,1,void,0,1,8,3,1,0
00164e0c,64e0c,A,220,54,ptr,4,r0,0,0,10,9,0,0
00164ee8,64ee8,A,216,54,prologue,4,r0:r1,0,2,3,3,4,0
00164ff8,64ff8,A,888,199,prologue,4,r0:r1,2,1,17,24,6,0
00165378,65378,A,304,69,ptr,1,r0,0,0,5,11,2,0
001654a8,654a8,A,76,19,ptr,2,r0,0,0,3,5,0,0
001654f4,654f4,A,208,48,prologue,1,r0,0,0,9,1,0,0
001655c8,655c8,A,172,41,prologue,4,r0,0,0,7,3,1,0
00165674,65674,A,268,63,ptr,1,r0,0,0,9,12,1,0
00165780,65780,A,376,90,ptr,2,r0,0,0,10,15,1,0
001658f8,658f8,A,268,63,ptr,2,r0,0,0,9,12,1,0
00165a04,65a04,A,496,116,ptr,1,r0,0,0,12,24,1,0
00165bf4,65bf4,A,2764,653,ptr,1,r0,0,0,25,96,4,0
001666c0,666c0,A,140,31,prologue,2,void,0,1,1,1,0,0
00166750,66750,A,1172,283,prologue,2,r0,0,2,17,48,6,0
00166be4,66be4,A,72,17,ptr,3,r0,0,0,2,7,0,0
00166c2c,66c2c,A,248,62,prologue,2,r0,0,0,3,3,0,0
00166d58,66d58,A,1080,255,ptr,3,r0,0,0,17,30,1,0
001671a4,671a4,A,424,93,prologue,1,void,0,1,2,1,0,0
00167464,67464,A,32,7,ptr,3,void,0,0,1,3,0,0
00167484,67484,A,248,62,prologue,2,r0,0,0,3,3,0,0
001675b0,675b0,A,248,62,prologue,2,r0,0,0,3,3,0,0
001676dc,676dc,A,252,54,ptr,2,r0,0,0,4,6,1,0
001677d8,677d8,A,56,13,ptr,4,r0,0,0,2,3,0,0
00167814,67814,A,284,63,ptr,4,r0,0,0,5,6,1,0
00167930,67930,A,80,20,prologue,1,r0:r1,0,1,0,4,0,0
00167980,67980,A,508,120,ptr,1,r0,0,0,12,11,1,0
00167b7c,67b7c,A,148,37,prologue,2,void,0,2,3,3,0,0
00167c34,67c34,A,148,37,prologue,2,void,0,2,3,3,0,0
00167cf0,67cf0,A,764,165,prologue,4,void,3,1,7,15,0,0
00167fec,67fec,A,148,37,prologue,2,void,0,2,3,3,0,0
001680a4,680a4,A,72,16,prologue,1,r0,0,1,3,1,0,0
001680ec,680ec,A,332,83,prologue,1,void,0,1,7,8,0,0
0016823c,6823c,A,72,17,ptr,3,r0,0,0,2,7,0,0
00168284,68284,A,104,26,ptr,4,r0,0,0,3,7,0,0
001683cc,683cc,A,220,47,ptr,2,r0,0,0,4,4,1,0
001684a8,684a8,A,76,18,ptr,4,r0,0,0,2,3,0,0
001684f8,684f8,A,296,66,ptr,4,r0,0,0,6,6,1,0
00168620,68620,A,268,60,prologue,1,void,0,2,5,5,1,0
00168798,68798,A,228,57,prologue,4,void,1,1,7,3,0,0
001688c0,688c0,A,476,99,prologue,4,void,0,1,8,4,0,0
00168ad0,68ad0,A,60,15,prologue,2,r0,0,0,2,1,0,0
00168b1c,68b1c,A,108,27,prologue,3,void,0,1,2,1,0,0
00168ba8,68ba8,A,64,16,prologue,2,void,0,1,2,1,0,0
00168bf8,68bf8,A,4,1,call,1,void,0,2,0,1,1,0
00168bfc,68bfc,A,12,3,prologue,4,r0,0,0,1,1,0,0
00168c08,68c08,A,4,1,call,1,void,0,1,0,1,1,0
00168c0c,68c0c,A,12,3,prologue,4,r0,0,0,1,1,0,0
00168c18,68c18,A,4,1,call,1,void,0,1,0,1,1,0
00168c1c,68c1c,A,12,3,prologue,4,r0,0,0,1,1,0,0
00168c28,68c28,A,16,4,ptr,1,r0,0,0,2,1,0,0
00168c38,68c38,A,1556,372,ptr,2,r0,0,0,5,73,14,0
0016924c,6924c,A,180,43,ptr,1,r0,0,0,3,9,0,0
00169300,69300,A,1312,328,prologue,2,void,0,2,2,54,0,0
00169828,69828,A,456,98,ptr,2,r0,0,0,7,10,3,0
001699f8,699f8,A,80,20,ptr,2,void,0,0,0,3,0,0
00169a4c,69a4c,A,80,20,ptr,2,void,0,0,0,3,0,0
00169aa4,69aa4,A,148,36,prologue,0,void,0,1,7,1,0,0
00169b38,69b38,A,132,30,prologue,2,r0,0,1,2,7,0,0
00169bbc,69bbc,A,76,19,ptr,2,r0,0,0,5,6,0,0
00169c08,69c08,A,68,15,prologue,2,r0:r1,0,1,1,4,0,0
00169c4c,69c4c,A,388,93,prologue,2,r0,0,1,9,15,0,0
00169dd0,69dd0,A,784,196,prologue,0,r0,0,1,14,27,0,0
0016a13c,6a13c,A,872,207,prologue,0,r0,0,1,11,25,0,0
0016a4dc,6a4dc,A,440,108,prologue,0,r0,0,1,14,14,0,0
0016a6e4,6a6e4,A,76,19,ptr,3,void,0,0,0,6,1,0
0016a730,6a730,A,1652,359,prologue,4,r0,3,0,23,27,9,0
0016adb0,6adb0,A,224,53,ptr,4,r0,0,0,8,3,2,0
0016ae90,6ae90,A,308,61,prologue,4,r0,0,0,4,1,0,0
0016afd0,6afd0,A,72,16,prologue,1,r0,0,0,3,1,0,0
0016b018,6b018,A,56,14,ptr,4,void,0,0,0,5,1,0
0016b050,6b050,A,676,159,prologue,4,r0:r1,3,1,12,10,3,0
0016b324,6b324,A,92,22,prologue,2,r0:r1,0,1,5,3,1,0
0016b380,6b380,A,1223632,23,ptr,1,r0,0,0,3,6,0,0
0016b3d8,6b3d8,A,616,111,prologue,3,r0,0,1,14,3,1,0
0016b648,6b648,A,464,103,ptr,1,r0,0,0,7,13,1,0
0016b818,6b818,A,164,41,prologue,1,void,0,2,4,4,0,0
0016b8bc,6b8bc,A,320,78,ptr,1,r0,0,0,6,11,1,0
0016b9fc,6b9fc,A,12,3,call,1,r0,0,1,0,1,0,0
0016ba08,6ba08,A,832,198,prologue,4,void,0,2,25,25,7,0
0016bd54,6bd54,A,180,45,ptr,3,r0,0,0,3,4,0,0
0016be08,6be08,A,128,30,ptr,3,r0,0,0,2,3,1,0
0016be88,6be88,A,68,16,ptr,3,r0,0,0,2,3,0,0
0016becc,6becc,A,96,23,ptr,2,r0,0,0,2,7,1,0
0016bf2c,6bf2c,A,36,9,ptr,2,r0,0,0,2,3,0,0
0016bf50,6bf50,A,475132,73,ptr,4,r0,0,0,12,13,0,0
0016bf64,6bf64,A,52,13,ptr,2,r0,0,0,1,4,0,0
0016bf98,6bf98,A,472944,47,ptr,4,r0,0,0,6,13,0,0
0016bfac,6bfac,A,473104,47,ptr,4,r0,0,0,6,13,0,0
0016bfc0,6bfc0,A,704,162,ptr,4,r0,0,0,7,40,0,0
0016c280,6c280,A,316,76,prologue,1,r0,0,2,5,6,1,0
0016c3c0,6c3c0,A,272,58,ptr,1,r0,0,0,7,8,1,0
0016c4d0,6c4d0,A,168,39,ptr,1,r0,0,0,5,5,1,0
0016c5d0,6c5d0,A,208,48,prologue,1,r0,0,0,8,1,0,0
0016c6a0,6c6a0,A,328,78,prologue,4,r0:r1,0,1,12,9,2,0
0016c7e8,6c7e8,A,320,71,ptr,1,r0,0,0,6,12,1,0
0016c928,6c928,A,420,97,ptr,1,r0,0,0,8,12,1,0
0016cacc,6cacc,A,320,72,ptr,1,r0,0,0,7,12,1,0
0016cc10,6cc10,A,340,76,prologue,4,r0,0,1,6,9,1,0
0016cd70,6cd70,A,136,32,ptr,1,r0,0,0,3,4,2,0
0016cdf8,6cdf8,A,368,90,ptr,1,r0,0,0,5,11,7,0
0016cf68,6cf68,A,72,18,ptr,1,r0,0,0,3,5,0,0
0016cfb0,6cfb0,A,64,16,ptr,3,r0,0,0,2,7,0,0
0016cff0,6cff0,A,204,50,ptr,4,r0,0,0,6,9,0,0
0016d1dc,6d1dc,A,56,14,ptr,1,r0,0,0,2,3,0,0
0016d218,6d218,A,2404,523,ptr,4,r0,0,0,32,56,6,0
0016db7c,6db7c,A,136,31,ptr,2,r0,0,0,4,4,1,0
0016dc04,6dc04,A,56,13,ptr,4,r0,0,0,2,3,0,0
0016dc40,6dc40,A,204,48,ptr,4,r0,0,0,6,6,1,0
0016dd0c,6dd0c,A,176,42,prologue,1,void,0,2,5,5,1,0
0016ddc0,6ddc0,A,1528,365,prologue,3,r0,0,1,19,49,9,0
0016e3c0,6e3c0,A,164,40,ptr,1,r0,0,0,5,9,0,0
0016e464,6e464,A,52,13,prologue,1,r0,0,1,0,3,0,0
0016e730,6e730,A,1252,298,ptr,2,r0,23,0,12,41,2,0
0016ec2c,6ec2c,A,20,5,ptr,2,void,0,0,0,1,1,0
0016ec40,6ec40,A,304,69,prologue,1,r0,0,2,5,7,0,0
0016ed70,6ed70,A,1204,250,prologue,4,r0,1,1,22,10,4,0
0016f224,6f224,A,136,32,ptr,1,r0,0,0,3,4,2,0
0016f2ac,6f2ac,A,364,89,ptr,1,r0,0,0,5,11,7,0
0016f418,6f418,A,76,19,ptr,1,r0,0,0,3,5,0,0
0016f464,6f464,A,64,16,ptr,4,r0,0,0,2,7,0,0
0016f4a4,6f4a4,A,156,38,ptr,4,r0,0,0,5,7,0,0
0016f540,6f540,A,96,23,ptr,3,r0,0,0,1,7,0,0
0016f5a0,6f5a0,A,192,48,ptr,4,r0,0,0,3,10,1,0
0016f664,6f664,A,52,13,ptr,1,r0,0,0,2,3,0,0
0016f698,6f698,A,2872,622,ptr,1,r0,0,0,40,62,7,0
001701d0,701d0,A,136,31,ptr,2,r0,0,0,4,4,1,0
00170258,70258,A,52,12,ptr,4,r0,0,0,2,3,0,0
00170290,70290,A,160,37,ptr,4,r0,0,0,6,4,1,0
00170330,70330,A,52,13,prologue,1,r0:r1,0,2,0,3,0,0
00170368,70368,A,1684,405,prologue,4,r0,1,2,23,52,9,0
00170a08,70a08,A,20,5,ptr,2,void,0,0,0,1,1,0
00170a1c,70a1c,A,264,60,prologue,1,void,0,1,4,7,0,0
00170b28,70b28,A,1308,263,prologue,4,r0,0,1,22,10,2,0
00171044,71044,A,36,1,call,0,r0:r1,0,1,0,1,1,0
00171048,71048,A,28,7,prologue,4,void,0,0,2,1,0,0
00171094,71094,A,272,67,prologue,3,r0,0,1,4,17,0,0
001711f4,711f4,A,260,64,prologue,2,r0,0,1,3,17,0,0
001712f8,712f8,A,280,70,prologue,1,r0,0,0,4,14,0,0
00171410,71410,A,912,189,ptr,1,r0,0,0,18,9,5,0
001717a0,717a0,A,196,47,ptr,3,r0,0,0,4,8,1,0
00171868,71868,A,308,70,prologue,1,r0:r1,0,2,6,1,1,0
00171ac8,71ac8,A,128,29,ptr,4,r0,0,0,3,4,1,0
00171b48,71b48,A,56,13,ptr,4,r0,0,0,2,3,0,0
00171b84,71b84,A,152,35,ptr,4,r0,0,0,5,4,1,0
00171c1c,71c1c,A,224,54,ptr,1,r0,0,0,4,6,5,0
00171cfc,71cfc,A,44,11,ptr,1,r0,0,0,2,3,0,0
00171d28,71d28,A,220,53,ptr,1,r0,0,0,4,7,2,0
00171e08,71e08,A,668,153,prologue,1,r0,0,2,16,9,4,0
001720a8,720a8,A,708,163,prologue,4,r0,0,1,16,9,4,0
0017236c,7236c,A,12,2,call,4,r0,0,1,1,1,0,0
00172378,72378,A,96,23,call,0,r0:r1,0,1,3,3,0,0
001723d8,723d8,A,624,156,prologue,3,void,0,2,4,15,0,0
00172648,72648,A,100,25,call,1,r0:r1,0,1,1,1,0,0
001726ac,726ac,A,208,52,prologue,1,r0,0,0,1,7,0,0
0017277c,7277c,A,32,8,prologue,2,void,0,3,2,1,0,0
001727a0,727a0,A,568,131,prologue,4,void,0,1,10,20,1,0
001729d8,729d8,A,340,78,ptr,1,r0,0,0,9,12,1,0
00172b2c,72b2c,A,72,18,ptr,1,r0,0,0,2,6,0,0
00172b74,72b74,A,268,60,ptr,1,r0,0,0,4,9,1,0
00172c80,72c80,A,4,1,call,0,r0,0,2,0,1,1,0
00172c84,72c84,A,32,8,prologue,3,r0,0,0,1,1,0,0
00172ca4,72ca4,A,80,20,prologue,4,r0:r1,0,2,5,5,0,0
00172cf8,72cf8,A,784,143,ptr,4,r0,0,0,23,25,1,0
00173008,73008,A,1106276,213,prologue,1,void,0,1,2,36,0,0
00173438,73438,A,428,100,ptr,1,r0,0,0,5,20,1,0
001735e4,735e4,A,100,23,ptr,1,r0,0,0,3,3,1,0
00173648,73648,A,228,54,ptr,1,r0,0,0,6,7,1,0
0017372c,7372c,A,180,43,ptr,1,r0,0,0,3,7,1,0
001737e0,737e0,A,124,29,ptr,1,r0,0,0,5,4,1,0
0017385c,7385c,A,156,35,ptr,1,r0,0,0,5,5,1,0
001738f8,738f8,A,48,11,ptr,4,r0,0,0,2,3,0,0
00173928,73928,A,232,52,prologue,1,void,0,1,9,3,1,0
00173a10,73a10,A,192,47,ptr,4,r0,0,0,10,9,0,0
00173ad0,73ad0,A,224,53,ptr,2,r0,0,0,9,9,1,0
00173bb0,73bb0,A,412,98,ptr,1,r0,0,0,10,16,4,0
00173d58,73d58,A,160,38,ptr,1,r0,0,0,3,3,3,0
00173df8,73df8,A,320,78,ptr,1,r0,0,0,5,12,3,0
00173f38,73f38,A,136,32,ptr,1,r0,0,0,3,3,2,0
00173fc0,73fc0,A,76,19,ptr,1,r0,0,0,4,5,0,0
0017400c,7400c,A,148,37,ptr,4,r0,0,0,6,7,0,0
001740a0,740a0,A,308,62,prologue,1,void,0,1,11,3,1,0
001741d4,741d4,A,240,58,ptr,4,r0,0,0,8,5,1,0
001742c4,742c4,A,632,143,prologue,4,void,0,1,11,14,0,0
00174554,74554,A,164,40,prologue,2,r0:r1,0,1,2,3,0,0
00174608,74608,A,60,15,prologue,2,r0,0,2,4,3,0,0
00174644,74644,A,216,52,ptr,1,r0,0,0,4,7,2,0
0017471c,7471c,A,444,104,ptr,1,r0,0,0,12,18,1,0
001748d8,748d8,A,216,52,ptr,1,r0,0,0,4,6,4,0
001749b0,749b0,A,560,131,ptr,1,r0,0,0,11,19,4,0
00174be0,74be0,A,304,72,ptr,1,r0,0,0,8,10,3,0
00174d10,74d10,A,216,52,ptr,1,r0,0,0,4,7,2,0
00174de8,74de8,A,60,14,ptr,1,r0,0,0,2,3,0,0
00174e24,74e24,A,104,24,ptr,1,r0,0,0,4,4,0,0
00174e8c,74e8c,A,188,38,ptr,1,r0,0,0,6,5,1,0
00174f48,74f48,A,148,34,ptr,1,r0,0,0,5,4,1,0
00174fdc,74fdc,A,304,70,prologue,4,r0,0,1,10,3,1,0
00175110,75110,A,220,46,ptr,1,r0,0,0,4,3,2,0
001751ec,751ec,A,204,48,ptr,1,r0,0,0,3,3,3,0
001752b8,752b8,A,412,89,ptr,2,r0,0,0,6,10,1,0
00175454,75454,A,160,37,ptr,1,r0,0,0,3,3,2,0
001754f4,754f4,A,60,14,ptr,1,r0,0,0,2,3,0,0
00175530,75530,A,328,79,ptr,1,r0,0,0,4,10,3,0
00175678,75678,A,404,97,ptr,1,r0,0,0,8,10,4,0
0017580c,7580c,A,284,68,ptr,1,r0,0,0,4,12,2,0
001759bc,759bc,A,92,23,ptr,3,void,0,0,0,7,1,0
00175a18,75a18,A,1144,247,prologue,4,r0,1,1,18,15,4,0
00175eb8,75eb8,A,92,21,ptr,4,r0,0,0,4,1,1,0
00175f14,75f14,A,64,16,ptr,3,r0,0,0,2,7,0,0
00175f54,75f54,A,104,26,ptr,4,r0,0,0,3,7,0,0
00175fbc,75fbc,A,368,86,prologue,1,void,0,2,6,3,0,0
0017612c,7612c,A,188,42,ptr,2,r0,0,0,3,9,1,0
001761ec,761ec,A,220,55,prologue,1,void,0,2,2,1,0,0
0017630c,7630c,A,92,23,ptr,2,r0,0,0,2,6,0,0
00176368,76368,A,224,48,ptr,2,r0,0,0,5,4,1,0
00176448,76448,A,52,12,ptr,4,r0,0,0,2,3,0,0
00176480,76480,A,224,48,ptr,4,r0,0,0,5,4,1,0
00176560,76560,A,244,47,ptr,4,r0,0,0,4,4,1,0
00176654,76654,A,224,49,ptr,1,r0,0,0,4,6,1,0
00176738,76738,A,3148,694,prologue,4,r0,2,2,31,56,8,0
00177388,77388,A,516,121,ptr,2,r0,0,0,12,21,4,0
0017758c,7758c,A,208,50,ptr,1,r0,0,0,4,6,3,0
0017765c,7765c,A,60,14,ptr,1,r0,0,0,2,3,0,0
00177698,77698,A,256,61,ptr,1,r0,0,0,4,7,3,0
00177798,77798,A,124,29,ptr,1,r0,0,0,4,4,1,0
00177814,77814,A,128,30,ptr,2,r0,0,0,4,4,1,0
00177894,77894,A,76,18,ptr,2,r0,0,0,3,3,0,0
001778e0,778e0,A,1268,292,prologue,2,r0,0,2,19,48,6,0
00177dd8,77dd8,A,256,51,ptr,1,r0,0,0,3,4,2,0
00177ed8,77ed8,A,60,15,ptr,1,r0,0,0,2,3,0,0
00177f20,77f20,A,648,131,prologue,2,r0,0,1,14,5,3,0
001781a8,781a8,A,24,6,ptr,3,void,0,0,1,3,0,0
001781c0,781c0,A,64,16,ptr,3,r0,0,0,2,7,0,0
00178200,78200,A,260,65,ptr,2,r0,0,0,5,8,0,0
00178308,78308,A,124,31,ptr,2,r0,0,0,2,6,0,0
00178384,78384,A,216,46,ptr,2,r0,0,0,4,4,1,0
0017845c,7845c,A,56,13,ptr,4,r0,0,0,2,3,0,0
00178498,78498,A,240,52,ptr,4,r0,0,0,5,4,1,0
00178588,78588,A,224,49,prologue,1,void,0,2,5,3,1,0
00178668,78668,A,2396,528,prologue,2,r0,0,2,31,51,10,0
00178fc4,78fc4,A,32,7,ptr,3,r0,0,0,1,3,0,0
00178fe4,78fe4,A,212,51,ptr,3,r0,0,0,5,8,1,0
001790b8,790b8,A,252,63,ptr,2,r0,0,0,5,7,0,0
001791b8,791b8,A,124,31,ptr,2,r0,0,0,2,6,0,0
00179234,79234,A,136,31,ptr,2,r0,0,0,4,4,1,0
001792bc,792bc,A,56,13,ptr,4,r0,0,0,2,3,0,0
001792f8,792f8,A,168,39,ptr,4,r0,0,0,6,4,1,0
001793a0,793a0,A,204,49,ptr,1,r0,0,0,8,6,1,0
0017946c,7946c,A,192,45,ptr,1,r0,0,0,3,4,1,0
0017952c,7952c,A,440,100,ptr,4,r0,0,0,10,12,1,0
001796e4,796e4,A,248,54,ptr,1,r0,0,0,5,8,1,0
001797dc,797dc,A,12,3,call,1,r0,0,1,0,1,0,0
001797e8,797e8,A,176,42,ptr,1,r0,0,0,7,4,1,0
00179898,79898,A,60,14,ptr,1,r0,0,0,2,3,0,0
001798d8,798d8,A,3728,823,prologue,2,r0,0,2,45,101,10,0
0017a768,7a768,A,328,80,ptr,3,r0,0,0,6,10,1,0
0017a8b0,7a8b0,A,132,33,ptr,2,r0,0,0,1,9,0,0
0017a934,7a934,A,128,29,ptr,4,r0,0,0,3,4,1,0
0017a9b4,7a9b4,A,56,13,ptr,4,r0,0,0,2,3,0,0
0017a9f0,7a9f0,A,180,42,ptr,4,r0,0,0,5,6,1,0
0017aaa4,7aaa4,A,140,33,ptr,2,r0,0,0,4,3,2,0
0017ab34,7ab34,A,128,29,ptr,4,r0,0,0,3,4,1,0
0017abb8,7abb8,A,312,69,ptr,4,r0,0,0,8,10,4,0
0017acf0,7acf0,A,220,53,ptr,1,r0,0,0,5,7,2,0
0017adcc,7adcc,A,44,11,ptr,1,r0,0,0,2,3,0,0
0017adf8,7adf8,A,1568,363,prologue,3,r0,0,1,21,48,8,0
0017b418,7b418,A,260,61,ptr,2,r0,0,0,7,9,1,0
0017b51c,7b51c,A,176,36,ptr,1,r0,0,0,6,5,1,0
0017b5cc,7b5cc,A,168,38,ptr,1,r0,0,0,5,5,1,0
0017b674,7b674,A,112,25,ptr,4,r0,0,0,3,3,1,0
0017b6e4,7b6e4,A,124,29,ptr,1,r0,0,0,4,4,1,0
0017b760,7b760,A,40,10,ptr,1,r0,0,0,2,3,0,0
0017b788,7b788,A,124,29,ptr,1,r0,0,0,4,4,1,0
0017b804,7b804,A,52,12,ptr,4,r0,0,0,2,3,0,0
0017b838,7b838,A,428,89,prologue,1,r0,0,1,17,5,1,0
0017b9e4,7b9e4,A,256,54,ptr,2,r0,0,0,8,8,0,0
0017bae4,7bae4,A,208,46,ptr,1,r0,0,0,7,9,1,0
0017bbb4,7bbb4,A,212,48,ptr,1,r0,0,0,7,9,1,0
0017bc88,7bc88,A,240,56,ptr,2,r0,0,0,8,10,1,0
0017bd78,7bd78,A,260,61,ptr,1,r0,0,0,4,8,4,0
0017be7c,7be7c,A,252,59,ptr,2,r0,0,0,8,11,1,0
0017bf78,7bf78,A,204,46,ptr,1,r0,0,0,6,9,1,0
0017c044,7c044,A,276,63,ptr,1,r0,0,0,8,12,1,0
0017c158,7c158,A,264,64,ptr,2,r0,0,0,7,12,2,0
0017c260,7c260,A,92,21,ptr,2,r0,0,0,5,5,0,0
0017c2bc,7c2bc,A,224,52,ptr,2,r0,0,0,7,10,1,0
0017c39c,7c39c,A,232,56,ptr,1,r0,0,0,5,6,4,0
0017c484,7c484,A,128,30,ptr,1,r0,0,0,4,4,1,0
0017c504,7c504,A,192,44,ptr,1,r0,0,0,4,6,1,0
0017c5c8,7c5c8,A,264,59,ptr,4,r0,0,0,5,8,2,0
0017c6d0,7c6d0,A,244,59,ptr,2,r0,0,0,6,8,1,0
0017c7d8,7c7d8,A,216,52,ptr,1,r0,0,0,4,7,1,0
0017c8b0,7c8b0,A,216,50,ptr,1,r0,0,0,8,10,1,0
0017c988,7c988,A,76,18,ptr,1,r0,0,0,3,3,0,0
0017c9d4,7c9d4,A,92,21,ptr,1,r0,0,0,5,5,0,0
0017ca30,7ca30,A,228,55,ptr,1,r0,0,0,4,7,2,0
0017cb14,7cb14,A,880,186,ptr,1,r0,0,0,17,23,6,0
0017ce84,7ce84,A,92,21,ptr,1,r0,0,0,4,5,0,0
0017cee0,7cee0,A,160,35,ptr,1,r0,0,0,3,3,2,0
0017cf80,7cf80,A,196,47,ptr,2,r0,0,0,4,6,1,0
0017d044,7d044,A,228,55,ptr,1,r0,0,0,4,7,2,0
0017d128,7d128,A,304,71,ptr,1,r0,0,0,12,10,1,0
0017d258,7d258,A,992,214,ptr,1,r0,0,0,19,31,6,0
0017d638,7d638,A,280,63,ptr,1,r0,0,0,4,9,2,0
0017d750,7d750,A,64,14,ptr,1,r0,0,0,3,3,0,0
0017d790,7d790,A,60,14,ptr,1,r0,0,0,2,3,0,0
0017d7cc,7d7cc,A,16,4,ptr,4,r0,0,0,2,1,0,0
0017d7dc,7d7dc,A,356,87,ptr,4,r0,0,1,14,13,1,0
0017d940,7d940,A,236,51,ptr,1,r0,0,0,3,8,1,0
0017da30,7da30,A,60,14,ptr,1,r0,0,0,2,3,0,0
0017da6c,7da6c,A,500,122,ptr,1,r0,0,0,6,20,9,0
0017dc60,7dc60,A,152,34,ptr,1,r0,0,0,3,3,2,0
0017dcf8,7dcf8,A,44,10,ptr,1,r0,0,0,1,3,0,0
0017dd24,7dd24,A,232,54,ptr,1,r0,0,0,8,10,1,0
0017de0c,7de0c,A,244,58,ptr,4,r0,0,0,6,10,1,0
0017df00,7df00,A,216,52,ptr,1,r0,0,0,4,6,4,0
0017dfd8,7dfd8,A,584,133,ptr,2,r0,0,0,13,20,2,0
0017e220,7e220,A,256,61,ptr,1,r0,0,0,4,7,3,0
0017e320,7e320,A,216,52,ptr,1,r0,0,0,4,6,4,0
0017e3f8,7e3f8,A,500,108,prologue,1,r0,0,1,16,6,1,0
0017e5ec,7e5ec,A,12,3,ptr,1,void,0,0,0,1,1,0
0017e5f8,7e5f8,A,540,118,prologue,4,r0,0,0,8,5,2,0
0017e838,7e838,A,112,25,ptr,4,r0,0,0,4,1,2,0
0017e8b0,7e8b0,A,40,10,ptr,3,void,0,0,0,3,1,0
0017e8d8,7e8d8,A,972,193,prologue,4,r0,1,0,13,5,2,0
0017ecb0,7ecb0,A,76,17,ptr,4,r0,0,0,4,1,1,0
0017ecfc,7ecfc,A,64,16,ptr,3,r0,0,0,2,7,0,0
0017ed3c,7ed3c,A,140,35,ptr,4,r0,0,0,6,7,0,0
0017edc8,7edc8,A,104,26,ptr,4,r0,0,0,3,7,0,0
0017ee30,7ee30,A,252,49,ptr,4,r0,0,0,4,4,1,0
0017ef2c,7ef2c,A,176,44,ptr,2,r0,0,0,2,10,1,0
0017efe0,7efe0,A,56,13,ptr,4,r0,0,0,2,3,0,0
0017f018,7f018,A,92,23,ptr,2,r0,0,0,2,6,0,0
0017f074,7f074,A,236,52,ptr,1,r0,0,0,4,6,1,0
0017f160,7f160,A,228,49,ptr,2,r0,0,0,5,4,1,0
0017f248,7f248,A,228,49,ptr,4,r0,0,0,5,4,1,0
00180030,80030,A,92,126,ptr,0,r0,76,0,9,11,2,0
0018008c,8008c,A,216,46,ptr,2,r0,0,0,4,4,1,0
00180164,80164,A,152,38,prologue,1,r0,0,0,6,1,0,0
0018020c,8020c,A,24,6,ptr,3,void,0,0,1,3,0,0
00180224,80224,A,64,16,ptr,3,r0,0,0,2,7,0,0
00180264,80264,A,304,74,ptr,2,r0,0,0,8,8,0,0
00180394,80394,A,56,13,ptr,4,r0,0,0,2,3,0,0
001803cc,803cc,A,124,31,ptr,2,r0,0,0,2,6,0,0
00180448,80448,A,224,49,prologue,1,void,0,2,5,3,1,0
0018052c,8052c,A,240,52,ptr,4,r0,0,0,5,4,1,0
00180620,80620,A,2012,414,prologue,3,r0,0,1,29,14,5,0
00180e04,80e04,A,24,6,ptr,3,void,0,0,0,1,1,0
00180e1c,80e1c,A,8,2,ptr,4,r0,0,0,1,1,0,0
00180e28,80e28,A,632,139,prologue,4,r0,0,1,9,8,2,0
001810e8,810e8,A,92,20,ptr,1,r0,0,0,3,1,1,0
00181148,81148,A,624,116,ptr,1,r0,0,0,14,7,3,0
001813b8,813b8,A,156,36,ptr,4,r0,0,0,6,5,1,0
00181458,81458,A,108,27,prologue,1,r0:r1,0,2,0,7,1,0
001814c4,814c4,A,156,37,ptr,1,r0,0,0,3,3,3,0
00181560,81560,A,472,110,prologue,3,void,0,1,7,6,1,0
00181760,81760,A,264,64,ptr,3,r0,0,0,4,10,2,0
00181868,81868,A,404,100,prologue,2,void,0,1,13,3,1,0
00181a3c,81a3c,A,204,49,ptr,3,r0,0,0,6,7,1,0
00181b08,81b08,A,488,121,prologue,3,void,0,1,13,3,0,0
00181d3c,81d3c,A,128,29,ptr,4,r0,0,0,3,4,1,0
00181dbc,81dbc,A,128,29,ptr,4,r0,0,0,3,4,1,0
00181e3c,81e3c,A,32,7,ptr,4,r0,0,0,2,1,0,0
00181e5c,81e5c,A,56,13,ptr,4,r0,0,0,2,3,0,0
00181e98,81e98,A,152,35,ptr,4,r0,0,0,5,4,1,0
00181f30,81f30,A,132,31,ptr,1,r0,0,0,3,3,2,0
00181fb4,81fb4,A,44,11,ptr,1,r0,0,0,2,3,0,0
00181fe0,81fe0,A,300,73,ptr,1,r0,0,0,4,10,3,0
00182114,82114,A,32,7,ptr,4,r0,0,0,2,1,0,0
00182138,82138,A,508,115,prologue,1,void,0,2,8,10,2,0
00182380,82380,A,820,187,prologue,2,r0,0,1,17,9,4,0
001826b4,826b4,A,260,58,ptr,3,r0,0,0,3,7,1,0
001827b8,827b8,A,224,48,ptr,1,r0,0,0,2,4,1,0
00182898,82898,A,44,11,ptr,4,r0,0,0,1,3,0,0
001828c8,828c8,A,220,48,ptr,1,r0,0,0,3,4,1,0
001829a4,829a4,A,64,16,prologue,1,r0,0,1,0,3,0,0
001829e8,829e8,A,1196,239,prologue,3,r0,0,1,21,7,3,0
00182ea8,82ea8,A,20,5,ptr,2,void,0,0,0,1,1,0
00182ec0,82ec0,A,704,146,prologue,4,r0,2,1,14,5,2,0
0018318c,8318c,A,208,49,ptr,4,r0,0,0,8,3,2,0
00183260,83260,A,468,100,ptr,1,r0,0,0,4,12,3,0
00183434,83434,A,224,54,ptr,1,r0,0,0,4,6,5,0
00183514,83514,A,60,14,ptr,1,r0,0,0,2,3,0,0
00183550,83550,A,1000,248,ptr,1,r0,0,0,6,39,3,0
00183938,83938,A,840,205,prologue,1,void,0,1,8,27,2,0
00183c80,83c80,A,40,10,ptr,1,r0,0,0,2,3,0,0
00183ca8,83ca8,A,668,157,prologue,4,r0,1,1,12,7,3,0
00183f50,83f50,A,72,17,ptr,4,r0,0,0,2,7,0,0
00183f98,83f98,A,316,75,ptr,4,r0,0,0,11,13,1,0
001840d4,840d4,A,108,27,ptr,4,r0,0,0,3,7,0,0
00184140,84140,A,248,60,ptr,1,r0,0,0,9,11,1,0
00184238,84238,A,268,49,ptr,4,r0,0,0,6,8,1,0
00184344,84344,A,212,53,ptr,4,r0,0,0,4,11,1,0
0018441c,8441c,A,88,22,ptr,4,r0,0,0,2,6,0,0
00184474,84474,A,152,35,ptr,2,r0,0,0,5,4,1,0
0018450c,8450c,A,52,12,ptr,4,r0,0,0,2,3,0,0
00184544,84544,A,168,39,ptr,4,r0,0,0,7,4,1,0
001845ec,845ec,A,168,33,ptr,4,r0,0,0,4,4,1,0
00184694,84694,A,124,29,ptr,1,r0,0,0,4,4,1,0
00184710,84710,A,128,29,ptr,1,r0,0,0,3,4,1,0
00184790,84790,A,40,9,prologue,1,r0,0,1,0,1,0,0
001847b8,847b8,A,220,53,ptr,1,r0,0,0,5,7,1,0
00184894,84894,A,160,38,ptr,1,r0,0,0,7,4,1,0
00184934,84934,A,72,17,ptr,1,r0,0,0,3,3,0,0
00184980,84980,A,4316,981,prologue,4,r0,1,1,42,104,14,0
00185a5c,85a5c,A,664,163,prologue,4,r0,0,2,12,17,6,0
00185cf4,85cf4,A,504,117,ptr,3,r0,0,0,10,12,1,0
00185eec,85eec,A,256,62,ptr,3,r0,0,0,8,6,2,0
001860b4,860b4,A,128,29,ptr,4,r0,0,0,3,4,1,0
00186134,86134,A,56,13,ptr,4,r0,0,0,2,3,0,0
00186170,86170,A,216,51,ptr,4,r0,0,0,6,4,1,0
00186248,86248,A,252,59,ptr,1,r0,0,0,4,8,4,0
00186344,86344,A,568,134,ptr,1,r0,0,0,15,12,2,0
0018657c,8657c,A,164,38,ptr,1,r0,0,0,6,4,1,0
00186620,86620,A,372,90,ptr,4,r0,0,0,12,8,1,0
001867a4,867a4,A,128,29,ptr,4,r0,0,0,3,4,1,0
00186824,86824,A,380,93,ptr,1,r0,0,0,13,6,1,0
001869b0,869b0,A,184,40,ptr,4,r0,0,0,4,4,1,0
00186a68,86a68,A,228,55,ptr,1,r0,0,0,4,7,2,0
00186b4c,86b4c,A,68,17,ptr,1,r0,0,0,3,3,0,0
00186b90,86b90,A,192,47,prologue,1,void,0,2,3,9,0,0
00186c54,86c54,A,148,37,ptr,3,r0,0,0,4,11,0,0
00186ce8,86ce8,A,64,16,ptr,3,r0,0,0,2,7,0,0
00186d28,86d28,A,164,41,ptr,2,r0,0,0,3,10,0,0
00186dcc,86dcc,A,212,45,ptr,2,r0,0,0,4,4,1,0
00186ea0,86ea0,A,52,12,ptr,4,r0,0,0,2,3,0,0
00186ed8,86ed8,A,268,59,ptr,4,r0,0,0,7,6,1,0
00186fe4,86fe4,A,244,54,prologue,1,void,0,2,6,5,1,0
001870d8,870d8,A,236,52,ptr,1,r0,0,0,4,6,2,0
001871c4,871c4,A,248,55,ptr,2,r0,0,0,4,7,0,0
001872c0,872c0,A,212,46,ptr,1,r0,0,0,3,3,2,0
00187394,87394,A,60,14,ptr,1,r0,0,0,2,3,0,0
001873d0,873d0,A,392,90,ptr,1,r0,0,0,5,10,3,0
00187558,87558,A,420,96,ptr,1,r0,0,0,8,10,4,0
00187700,87700,A,548,111,prologue,2,r0,0,2,13,5,2,0
00187930,87930,A,584,133,ptr,1,r0,0,0,14,20,2,0
00187b78,87b78,A,216,52,ptr,1,r0,0,0,4,6,4,0
00187c50,87c50,A,60,14,ptr,1,r0,0,0,2,3,0,0
00187c8c,87c8c,A,216,52,ptr,1,r0,0,0,4,7,2,0
00187d64,87d64,A,340,80,ptr,1,r0,0,0,8,12,3,0
00187eb8,87eb8,A,308,72,ptr,1,r0,0,0,8,10,3,0
00187fec,87fec,A,320,74,prologue,4,r0,0,2,9,3,1,0
00188134,88134,A,324,74,ptr,2,r0,0,0,8,12,1,0
00188278,88278,A,660,154,ptr,2,r0,0,0,13,28,1,0
0018850c,8850c,A,508,119,ptr,2,r0,0,0,10,19,1,0
00188708,88708,A,296,66,prologue,2,r0,0,1,6,7,1,0
00188838,88838,A,20,5,call,1,void,0,1,0,1,0,0
00188850,88850,A,144,36,prologue,1,void,0,2,2,3,0,0
001888e0,888e0,A,84,21,prologue,3,void,0,1,1,3,0,0
00188934,88934,A,196,49,ptr,3,r0,0,0,0,11,3,0
001889f8,889f8,A,16,4,call,1,void,0,1,0,1,1,0
00188a08,88a08,A,40,10,ptr,4,r0,0,0,1,3,0,0
00188a30,88a30,A,132,27,ptr,1,r0,0,0,2,4,1,0
00188ab4,88ab4,A,104,26,ptr,3,r0,0,0,3,5,0,0
00188b1c,88b1c,A,216,54,ptr,2,r0,0,0,3,11,0,0
00188bf8,88bf8,A,1912,402,ptr,1,r0,0,0,23,48,8,0
00189384,89384,A,140,32,ptr,2,r0,0,0,4,4,1,0
00189410,89410,A,60,14,ptr,4,r0,0,0,2,3,0,0
0018944c,8944c,A,304,71,ptr,4,r0,0,0,11,13,1,0
0018957c,8957c,A,176,41,ptr,4,r0,0,0,5,5,1,0
0018962c,8962c,A,228,54,ptr,4,r0,0,0,6,6,1,0
00189710,89710,A,292,68,ptr,1,r0,0,0,6,8,2,0
00189870,89870,A,196,47,ptr,1,r0,0,0,2,7,1,0
00189934,89934,A,288,69,ptr,1,r0,0,0,11,10,1,0
00189a54,89a54,A,176,41,ptr,4,r0,0,0,5,6,1,0
00189b04,89b04,A,160,38,ptr,1,r0,0,0,6,8,1,0
00189ba8,89ba8,A,124,26,ptr,1,r0,0,0,3,4,1,0
00189c24,89c24,A,72,18,ptr,3,void,0,0,0,5,1,0
00189c6c,89c6c,A,124,29,ptr,1,r0,0,0,2,5,1,0
00189ce8,89ce8,A,104,24,ptr,1,r0,0,0,3,3,1,0
00189d50,89d50,A,216,49,ptr,4,r0,0,0,6,8,1,0
00189e28,89e28,A,128,30,ptr,1,r0,0,0,3,4,2,0
00189ea8,89ea8,A,420,102,ptr,1,r0,0,0,8,13,7,0
0018a04c,8a04c,A,224,53,ptr,1,r0,0,0,3,7,2,0
0018a12c,8a12c,A,52,13,ptr,1,r0,0,0,2,3,0,0
0018a160,8a160,A,1192,284,ptr,1,r0,0,0,16,35,10,0
0018a608,8a608,A,76,16,prologue,1,void,0,1,1,3,1,0
0018a6d8,8a6d8,A,88,22,prologue,1,r0,0,1,4,6,0,0
0018a734,8a734,A,236,59,prologue,4,r0,0,1,9,1,0,0
0018a844,8a844,A,136,34,ptr,3,r0,0,0,1,5,1,0
0018a8cc,8a8cc,A,84,21,ptr,1,r0,0,0,1,5,0,0
0018a920,8a920,A,248,58,ptr,1,r0,0,0,5,10,2,0
0018aa18,8aa18,A,40,10,prologue,1,r0,0,0,3,1,0,0
0018aa44,8aa44,A,52,13,prologue,1,r0,0,0,5,3,0,0
0018aa78,8aa78,A,24,6,call,1,r0,0,2,0,1,0,0
0018aa90,8aa90,A,712,155,prologue,3,r0,0,2,16,17,2,0
0018ad60,8ad60,A,16,4,call,2,void,0,1,1,1,0,0
0018ad7c,8ad7c,A,132,27,prologue,1,void,0,2,2,1,1,0
0018ae00,8ae00,A,168,40,prologue,2,void,0,2,4,6,0,0
0018aeac,8aeac,A,496,124,prologue,3,r0,0,2,10,1,0,0
0018b0dc,8b0dc,A,969920,48,ptr,3,r0,0,0,0,4,2,0
0018b168,8b168,A,152,32,prologue,1,void,0,2,4,1,1,0
0018b200,8b200,A,384,86,prologue,3,r0,0,2,12,3,1,0
0018b3a4,8b3a4,A,128,28,ptr,1,void,0,0,2,1,0,0
0018b428,8b428,A,64,16,prologue,1,void,0,2,3,1,0,0
0018b470,8b470,A,236,49,prologue,2,r0,0,2,3,3,1,0
0018b568,8b568,A,28,7,ptr,3,void,0,0,0,3,1,0
0018b584,8b584,A,416,97,ptr,1,r0,0,0,5,17,2,0
0018b724,8b724,A,104,24,ptr,1,r0,0,0,3,3,1,0
0018b78c,8b78c,A,360,86,ptr,1,r0,0,0,8,12,3,0
0018b8f4,8b8f4,A,216,51,ptr,4,r0,0,0,5,7,2,0
0018b9d0,8b9d0,A,1468,309,prologue,1,void,0,2,34,33,7,0
0018bf8c,8bf8c,A,240,58,ptr,1,r0,0,0,6,9,2,0
0018c07c,8c07c,A,56,14,ptr,1,r0,0,0,2,3,0,0
0018c0b4,8c0b4,A,128,30,ptr,1,r0,0,0,3,4,2,0
0018c134,8c134,A,128,30,ptr,1,r0,0,0,5,4,1,0
0018c1b4,8c1b4,A,48,12,ptr,1,r0,0,0,3,3,0,0
0018c1e4,8c1e4,A,132,30,ptr,1,r0,0,0,4,4,1,0
0018c268,8c268,A,68,16,ptr,4,r0,0,0,2,3,0,0
0018c2b0,8c2b0,A,636,148,prologue,4,r0,1,1,16,5,3,0
0018c52c,8c52c,A,112,28,ptr,1,r0,0,0,3,3,0,0
0018c5ac,8c5ac,A,100,25,ptr,4,r0,0,0,3,7,0,0
0018c610,8c610,A,64,16,ptr,3,r0,0,0,2,7,0,0
0018c76c,8c76c,A,252,60,ptr,2,r0,0,0,5,6,1,0
0018c868,8c868,A,48,12,ptr,4,r0,0,0,1,3,0,0
0018c89c,8c89c,A,304,73,ptr,4,r0,0,0,6,9,1,0
0018c9cc,8c9cc,A,132,26,ptr,4,r0,0,0,3,3,1,0
0018ca50,8ca50,A,196,47,prologue,1,void,0,2,6,7,1,0
0018cb14,8cb14,A,216,51,ptr,4,r0,0,0,6,6,1,0
0018cbec,8cbec,A,76,19,ptr,1,r0,0,0,3,5,0,0
0018cc38,8cc38,A,2704,598,prologue,3,r0,0,2,34,62,6,0
0018d6c8,8d6c8,A,36,9,call,4,void,0,1,1,1,0,0
0018d6ec,8d6ec,A,396,99,ptr,2,r0,0,0,4,6,1,0
0018d90c,8d90c,A,8,2,ptr,1,r0,0,0,0,1,0,0
0018d914,8d914,A,456,114,ptr,1,r0,0,0,6,16,9,0
0018db18,8db18,A,1172,265,prologue,4,r0,3,1,25,17,4,0
0018dfac,8dfac,A,16,4,ptr,4,r0,0,0,2,1,0,0
0018dfbc,8dfbc,A,520,128,ptr,4,r0,0,1,7,9,4,0
0018e1c4,8e1c4,A,360,85,prologue,3,r0,0,1,8,5,0,0
0018e32c,8e32c,A,16,4,ptr,4,r0,0,0,2,1,0,0
0018e33c,8e33c,A,20,5,call,1,void,0,1,0,1,0,0
0018e354,8e354,A,144,36,prologue,1,r0,0,2,2,3,0,0
0018e3e4,8e3e4,A,76,19,prologue,2,void,0,1,1,3,0,0
0018e430,8e430,A,196,49,ptr,3,r0,0,0,0,11,3,0
0018e4f4,8e4f4,A,16,4,call,1,void,0,1,0,1,1,0
0018e504,8e504,A,124,31,prologue,1,void,0,1,0,3,0,0
0018e588,8e588,A,1900,422,prologue,4,r0:r1,2,1,20,41,2,0
0018ed14,8ed14,A,200,49,prologue,4,r0,0,2,5,5,1,0
0018ee08,8ee08,A,132,33,prologue,2,r0:r1,0,1,3,1,0,0
0018ef20,8ef20,A,564,141,prologue,4,r0:r1,0,1,5,13,0,0
0018f1b0,8f1b0,A,136,32,prologue,1,r0,0,1,5,1,0,0
0018f238,8f238,A,80,20,ptr,3,void,0,0,1,7,0,0
0018f288,8f288,A,292,65,ptr,2,r0,0,0,4,6,1,0
0018f3ac,8f3ac,A,68,17,ptr,2,r0,0,0,2,4,0,0
0018f3f4,8f3f4,A,248,55,ptr,1,r0,0,0,3,6,1,0
0018f4ec,8f4ec,A,236,52,prologue,1,void,0,1,3,5,1,0
0018f5d8,8f5d8,A,76,17,prologue,1,r0,0,0,5,1,0,0
0018f628,8f628,A,1320,268,prologue,2,r0,0,1,22,11,3,0
0018fb50,8fb50,A,96,24,ptr,1,void,0,0,3,3,0,0
0018fbc0,8fbc0,A,140,33,ptr,1,r0,0,0,3,4,2,0
0018fc4c,8fc4c,A,372,91,ptr,1,r0,0,0,5,11,7,0
0018fdc0,8fdc0,A,56,14,ptr,1,r0,0,0,2,3,0,0
0018fdf8,8fdf8,A,156,39,ptr,3,r0,0,0,3,11,0,0
0018fe94,8fe94,A,64,16,ptr,3,r0,0,0,2,7,0,0
0018fed4,8fed4,A,248,62,ptr,2,r0,0,0,4,15,0,0
0018ffd0,8ffd0,A,1884,401,ptr,4,r0,0,0,31,55,6,0
00190744,90744,A,264,63,ptr,2,r0,0,0,7,6,1,0
0019084c,9084c,A,52,13,ptr,4,r0,0,0,1,3,0,0
00190884,90884,A,184,44,ptr,1,r0,0,0,5,6,1,0
0019093c,9093c,A,144,28,ptr,4,r0,0,0,3,3,1,0
001909cc,909cc,A,160,38,prologue,1,void,0,2,5,5,1,0
00190a6c,90a6c,A,80,20,ptr,1,r0,0,0,3,5,0,0
00190ac0,90ac0,A,916,209,prologue,2,r0,0,1,20,12,4,0
00190e68,90e68,A,248,59,ptr,4,r0,0,0,4,8,0,0
00190f60,90f60,A,652,148,prologue,3,r0,0,1,9,19,3,0
001911ec,911ec,A,4,1,call,1,r0,0,1,0,1,1,0
001911f0,911f0,A,76,19,prologue,4,r0,0,0,1,5,2,0
0019123c,9123c,A,8,2,call,2,r0:r1,0,1,1,1,0,0
00191244,91244,A,112,28,prologue,2,void,0,1,0,6,2,0
001912b4,912b4,A,20,5,ptr,2,void,0,0,0,1,1,0
001912c8,912c8,A,148,31,prologue,2,void,0,1,7,1,0,0
00191368,91368,A,300,62,prologue,2,void,0,1,6,5,1,0
00191494,91494,A,92,23,ptr,1,r0,0,0,4,3,0,0
001914f0,914f0,A,1268,271,prologue,4,r0,9,2,17,15,1,0
00191a30,91a30,A,100,23,call,4,r0,0,2,4,1,1,0
00191a98,91a98,A,1452,344,prologue,4,void,1,2,15,35,0,0
00192044,92044,A,132,32,prologue,4,r0,0,2,3,5,0,0
001920c8,920c8,A,92,23,prologue,4,r0:r1,0,1,4,3,0,0
00192124,92124,A,12,3,call,2,r0:r1,0,1,0,1,0,0
00192130,92130,A,1092,248,ptr,4,r0,0,0,9,38,20,0
00192578,92578,A,68,17,prologue,4,void,0,1,2,1,0,0
001925c0,925c0,A,8,2,call,2,r0:r1,0,2,0,3,1,0
001925c8,925c8,A,280,66,prologue,2,r0,0,0,8,6,1,0
001926f0,926f0,A,2052,495,ptr,4,r0,0,0,13,56,10,0
00192ef8,92ef8,A,480,120,ptr,1,void,0,1,5,19,10,0
00193134,93134,A,76,19,prologue,1,r0,0,1,1,3,0,0
00193180,93180,A,2440,562,prologue,4,void,7,1,22,68,5,0
00193b0c,93b0c,A,156,36,prologue,1,r0,0,0,5,1,0,0
00193ba8,93ba8,A,324,78,prologue,4,r0,0,0,5,5,4,0
00193cec,93cec,A,20,5,call,1,r0,0,1,1,3,0,0
00193d08,93d08,A,8,2,ptr,1,r0,0,0,0,1,0,0
00193d10,93d10,A,840,176,prologue,4,r0,0,1,17,9,0,0
00194064,94064,A,68,16,ptr,4,r0,0,0,5,1,0,0
001940a8,940a8,A,20,5,ptr,2,void,0,0,0,1,1,0
001940bc,940bc,A,164,36,prologue,1,void,0,1,2,4,0,0
00194188,94188,A,732,150,prologue,4,r0,2,1,15,7,2,0
00194470,94470,A,360,85,prologue,3,r0,0,1,8,5,0,0
001945d8,945d8,A,16,4,ptr,4,r0,0,0,2,1,0,0
001945e8,945e8,A,264,59,ptr,3,r0,0,0,3,9,3,0
001946f4,946f4,A,308,63,ptr,1,r0,0,0,3,4,1,0
00194828,94828,A,1616,388,ptr,1,r0,0,0,15,66,4,0
00194e78,94e78,A,868,183,prologue,4,r0,0,1,17,9,3,0
001951e8,951e8,A,4,1,call,1,r0,0,1,0,1,1,0
001951ec,951ec,A,72,17,prologue,1,r0,0,0,4,1,1,0
00195234,95234,A,64,16,ptr,4,r0,0,0,2,7,0,0
00195274,95274,A,104,26,ptr,4,r0,0,0,3,7,0,0
001952dc,952dc,A,376,76,ptr,4,r0,0,0,9,9,1,0
00195454,95454,A,172,34,ptr,4,r0,0,0,4,4,1,0
00195500,95500,A,128,30,ptr,1,r0,0,0,4,4,1,0
00195580,95580,A,132,31,ptr,1,r0,0,0,3,4,1,0
00195604,95604,A,224,56,ptr,4,r0,0,0,4,11,1,0
001956e8,956e8,A,84,21,ptr,4,r0,0,0,2,6,0,0
0019573c,9573c,A,200,48,ptr,3,r0,0,0,3,8,1,0
00195804,95804,A,176,41,ptr,2,r0,0,0,5,6,1,0
001958b4,958b4,A,56,13,ptr,4,r0,0,0,2,3,0,0
001958f0,958f0,A,164,38,ptr,4,r0,0,0,7,4,1,0
00195994,95994,A,172,34,ptr,4,r0,0,0,4,4,1,0
00195a40,95a40,A,128,30,ptr,1,r0,0,0,4,4,1,0
00195ac0,95ac0,A,124,29,ptr,1,r0,0,0,3,4,1,0
00195b3c,95b3c,A,260,62,ptr,1,r0,0,0,6,7,1,0
00195c40,95c40,A,176,42,ptr,1,r0,0,0,7,6,1,0
00195cf0,95cf0,A,36,9,prologue,2,r0:r1,0,1,0,1,0,0
00195d18,95d18,A,5572,1253,prologue,4,r0,2,1,49,113,15,0
001972dc,972dc,A,684,168,prologue,4,r0,0,1,10,15,6,0
00197588,97588,A,152,38,prologue,3,r0,0,1,5,5,0,0
00197680,97680,A,72,16,prologue,1,r0,0,2,3,1,0,0
00197724,97724,A,8,2,call,4,r0,0,1,1,1,0,0
0019772c,9772c,A,76,19,ptr,3,void,0,0,0,6,1,0
00197778,97778,A,1684,365,ptr,1,r0,0,0,17,32,3,0
00197e50,97e50,A,2132,453,prologue,4,r0,3,1,26,25,6,0
001986c0,986c0,A,260,62,ptr,4,r0,0,0,8,5,3,0
001987c4,987c4,A,104,26,prologue,4,r0:r1,0,2,1,6,0,0
0019882c,9882c,A,268,65,prologue,4,r0,1,2,5,12,0,0
00198938,98938,A,116,28,ptr,1,r0,0,0,1,5,1,0
001989ac,989ac,A,396,76,ptr,3,r0,0,0,6,10,1,0
00198b38,98b38,A,316,71,ptr,4,r0,0,0,3,6,1,0
00198c74,98c74,A,40,10,ptr,4,r0,0,0,1,3,0,0
00198ca0,98ca0,A,216,47,ptr,1,r0,0,0,3,4,1,0
00198d78,98d78,A,228,57,ptr,1,r0,0,0,6,3,0,0
00198e7c,98e7c,A,316,72,ptr,1,r0,0,0,4,7,1,0
00198fb8,98fb8,A,272,61,ptr,2,r0,0,0,6,6,1,0
001990c8,990c8,A,3020,657,prologue,2,r0,0,1,26,64,6,0
00199cb0,99cb0,A,20,5,ptr,2,void,0,0,0,1,1,0
00199cc4,99cc4,A,68,15,ptr,4,r0,0,0,3,1,1,0
00199d08,99d08,A,80,20,prologue,4,void,0,1,6,6,0,0
00199d58,99d58,A,56,14,prologue,4,r0:r1,0,2,3,5,0,0
00199d90,99d90,A,20,5,call,1,void,0,1,0,1,0,0
00199da8,99da8,A,196,49,ptr,4,r0,0,0,0,9,3,0
00199e6c,99e6c,A,16,4,gapstart,1,void,0,0,0,1,1,0
00199e7c,99e7c,A,180,44,prologue,4,r0,0,1,5,5,1,0
00199f30,99f30,A,64,16,ptr,3,r0,0,0,2,7,0,0
00199f70,99f70,A,124,31,ptr,4,r0,0,0,4,7,0,0
0019a144,9a144,A,204,43,ptr,4,r0,0,0,3,4,1,0
0019a210,9a210,A,68,16,ptr,4,r0,0,0,2,3,0,0
0019a258,9a258,A,280,62,ptr,4,r0,0,0,6,6,1,0
0019a370,9a370,A,2232,513,prologue,3,r0,0,2,22,60,5,0
0019ac28,9ac28,A,244,60,prologue,1,r0,0,0,1,13,0,0
0019ad1c,9ad1c,A,480,120,ptr,2,r0,0,0,12,10,0,0
0019aefc,9aefc,A,68,17,ptr,2,r0,0,0,1,3,0,0
0019af40,9af40,A,284,63,prologue,3,r0:r1,0,1,3,5,2,0
0019b068,9b068,A,1404,332,ptr,1,r0,0,0,28,33,3,0
0019b5e4,9b5e4,A,1496,348,ptr,4,r0,0,0,11,56,0,0
0019bbbc,9bbbc,A,16,4,call,1,r0:r1,0,2,0,1,0,0
0019bbcc,9bbcc,A,52,13,ptr,2,r0,0,0,2,4,0,0
0019bc00,9bc00,A,4,1,call,0,r0,0,1,0,1,1,0
0019bc04,9bc04,A,212,51,prologue,2,r0,0,0,6,1,0,0
0019bcd8,9bcd8,A,356,85,prologue,4,r0:r1,0,1,6,14,0,0
0019be3c,9be3c,A,80,19,ptr,1,r0,0,0,3,5,0,0
0019be8c,9be8c,A,288,65,ptr,1,r0,0,0,4,6,1,0
0019bfac,9bfac,A,64,15,ptr,1,r0,0,0,2,3,0,0
0019bfec,9bfec,A,320,73,ptr,1,r0,0,0,4,7,1,0
0019c12c,9c12c,A,1476,327,ptr,1,r0,0,0,18,46,2,0
0019c6f0,9c6f0,A,100,25,ptr,4,r0,0,0,5,3,0,0
0019c758,9c758,A,432,84,prologue,4,void,0,1,12,3,1,0
0019c910,9c910,A,416,98,ptr,2,r0,0,0,8,4,0,0
0019cb40,9cb40,A,208,44,prologue,1,r0,0,1,2,3,1,0
0019cc18,9cc18,A,280,1,call,0,r0,0,1,0,1,1,0
0019cc1c,9cc1c,A,288,68,prologue,2,r0,0,0,5,1,0,0
0019cd3c,9cd3c,A,184,44,ptr,4,r0:r1,0,1,3,1,0,0
0019cdf8,9cdf8,A,284,67,ptr,1,r0,0,0,7,10,1,0
0019cf14,9cf14,A,132,29,ptr,1,r0,0,0,5,3,1,0
0019cf98,9cf98,A,160,37,ptr,1,r0,0,0,5,3,1,0
0019d038,9d038,A,408,100,ptr,2,r0,0,0,12,16,1,0
0019d1d0,9d1d0,A,180,43,ptr,1,r0,0,0,7,6,1,0
0019d284,9d284,A,64,16,ptr,1,r0,0,0,4,3,0,0
0019d2c4,9d2c4,A,136,31,prologue,1,void,0,1,6,3,1,0
0019d34c,9d34c,A,128,30,ptr,1,r0,0,0,6,1,0,0
0019d3cc,9d3cc,A,488,111,ptr,1,r0,0,0,9,18,1,0
0019d5b4,9d5b4,A,28,6,call,2,void,0,1,0,1,0,0
0019d5d0,9d5d0,A,108,27,ptr,2,r0,0,0,6,7,0,0
0019d63c,9d63c,A,108,27,ptr,2,r0,0,0,7,7,0,0
0019d6a8,9d6a8,A,220,47,prologue,1,void,0,1,5,3,1,0
0019d7a8,9d7a8,A,100,24,ptr,4,r0,0,0,5,5,0,0
0019d80c,9d80c,A,1644,394,ptr,1,r0,0,0,19,77,6,0
0019de78,9de78,A,276,66,ptr,2,r0,0,0,9,13,1,0
0019df8c,9df8c,A,276,66,ptr,2,r0,0,0,9,13,1,0
0019e0a0,9e0a0,A,440,106,ptr,1,r0,0,0,13,18,1,0
0019e258,9e258,A,336,80,ptr,2,r0,0,0,11,16,1,0
0019e3a8,9e3a8,A,264,63,ptr,1,r0,0,0,10,12,1,0
0019e4b0,9e4b0,A,248,59,ptr,1,r0,0,0,8,12,1,0
0019e5a8,9e5a8,A,668,155,ptr,2,r0,0,0,20,22,2,0
0019e84c,9e84c,A,248,59,ptr,1,r0,0,0,8,12,1,0
0019e944,9e944,A,248,59,ptr,1,r0,0,0,8,12,1,0
0019ea3c,9ea3c,A,280,67,ptr,2,r0,0,0,9,13,1,0
0019eb54,9eb54,A,3776,893,ptr,2,r0,0,0,45,155,3,0
0019fa14,9fa14,A,248,59,ptr,1,r0,0,0,8,12,1,0
0019fb0c,9fb0c,A,804,191,ptr,1,r0,0,0,17,30,2,0
0019fe34,9fe34,A,440,106,ptr,1,r0,0,0,13,18,1,0
0019ffec,9ffec,A,464,113,ptr,2,r0,0,0,10,23,1,0
001a01bc,a01bc,A,336,80,ptr,2,r0,0,0,11,16,1,0
001a030c,a030c,A,212,50,ptr,1,r0,0,0,9,7,1,0
001a03e0,a03e0,A,280,67,ptr,2,r0,0,0,8,13,1,0
001a04f8,a04f8,A,536,131,ptr,4,r0,0,0,9,23,2,0
001a0710,a0710,A,248,59,ptr,1,r0,0,0,7,12,1,0
001a0808,a0808,A,52,13,ptr,4,r0,0,0,2,3,0,0
001a083c,a083c,A,336,77,prologue,1,void,0,1,10,3,1,0
001a09b0,a09b0,A,16,4,ptr,4,r0,0,0,2,1,0,0
001a0c20,a0c20,A,96,24,prologue,2,void,0,2,1,5,0,0
001a0c80,a0c80,A,184,40,ptr,3,r0,0,0,0,8,3,0
001a0d38,a0d38,A,48,12,ptr,1,void,0,0,0,4,1,0
001a0d68,a0d68,A,832,188,prologue,4,void,0,1,14,15,4,0
001a10b0,a10b0,A,268,60,prologue,4,void,0,1,3,7,1,0
001a11bc,a11bc,A,360,83,ptr,4,r0,0,0,7,13,1,0
001a1324,a1324,A,84,19,prologue,1,r0,0,0,5,1,0,0
001a137c,a137c,A,36,9,prologue,4,r0,0,0,3,1,0,0
001a13a0,a13a0,A,260,58,prologue,4,void,0,1,4,7,1,0
001a14a4,a14a4,A,228,50,ptr,1,r0,0,0,2,6,1,0
001a1588,a1588,A,36,9,ptr,3,void,0,0,0,3,0,0
001a16b4,a16b4,A,296,66,ptr,1,r0,0,0,3,5,1,0
001a17dc,a17dc,A,84,21,ptr,4,r0,0,0,1,5,0,0
001a1834,a1834,A,32,8,prologue,4,void,0,1,1,1,0,0
001a1858,a1858,A,316,72,ptr,1,r0,0,0,4,10,1,0
001a1994,a1994,A,172,43,ptr,1,r0,0,0,6,1,0,0
001a1a64,a1a64,A,72,17,ptr,4,r0,0,0,2,7,0,0
001a1aac,a1aac,A,480,117,ptr,4,r0,0,0,10,29,0,0
001a1c8c,a1c8c,A,172,43,ptr,4,r0,0,0,3,9,1,0
001a1d3c,a1d3c,A,12,3,call,2,r0:r1,0,1,0,1,0,0
001a1d48,a1d48,A,456,105,ptr,2,r0,0,0,3,7,2,0
001a1f10,a1f10,A,216,46,ptr,1,r0,0,0,4,4,1,0
001a1fe8,a1fe8,A,112,28,ptr,1,r0,0,0,2,6,1,0
001a205c,a205c,A,264,59,ptr,4,r0,0,0,4,6,1,0
001a2164,a2164,A,200,43,prologue,4,void,0,2,4,3,1,0
001a222c,a222c,A,336,84,ptr,1,r0,0,0,9,1,0,0
001a23b8,a23b8,A,2484,530,prologue,2,r0,0,1,27,18,6,0
001a2d84,a2d84,A,8,2,call,1,r0,0,2,0,1,1,0
001a2d8c,a2d8c,A,396,94,prologue,4,r0,0,0,7,1,4,0
001a2f18,a2f18,A,196,42,prologue,4,void,0,2,3,6,2,0
001a2fdc,a2fdc,A,24,6,call,2,r0:r1,0,1,1,3,0,0
001a2ff4,a2ff4,A,320,66,prologue,2,void,0,2,4,3,1,0
001a3134,a3134,A,12,3,ptr,1,void,0,0,0,1,1,0
001a3140,a3140,A,104,22,prologue,1,r0,0,2,4,1,0,0
001a31a8,a31a8,A,60,1,call,0,r0,0,1,0,1,1,0
001a31ac,a31ac,A,60,13,prologue,4,r0,0,0,2,1,1,0
001a31e8,a31e8,A,1228024,8,call,2,void,0,1,0,4,0,0
001a3200,a3200,A,184,42,prologue,2,void,0,1,4,3,0,0
001a32ec,a32ec,A,24,6,call,2,r0,0,1,0,1,0,0
001a3304,a3304,A,72,18,gapstart,2,void,0,0,3,1,0,0
001a334c,a334c,A,12,3,gapstart,1,r0,0,0,0,1,0,0
001a3358,a3358,A,12,3,gapstart,1,r0,0,0,0,1,0,0
001a3364,a3364,A,16,4,call,3,void,0,1,0,1,0,0
001a338c,a338c,A,4,1,call,2,r0,0,1,0,1,1,0
001a3390,a3390,A,72,18,prologue,3,r0,0,0,3,1,0,0
001a33d8,a33d8,A,4,1,call,2,void,0,1,0,1,1,0
001a33dc,a33dc,A,60,15,prologue,4,void,0,0,3,1,0,0
001a341c,a341c,A,256,64,prologue,2,void,0,1,4,1,3,0
001a351c,a351c,A,76,19,prologue,3,void,0,1,2,4,0,0
001a3568,a3568,A,636,156,prologue,1,void,0,1,5,28,0,0
001a37e4,a37e4,A,36,9,prologue,4,void,0,1,1,1,0,0
001a3808,a3808,A,1476,352,prologue,3,r0,0,1,38,10,8,0
001a3dd4,a3dd4,A,524,128,prologue,1,void,0,1,17,3,9,0
001a3fe0,a3fe0,A,32,8,ptr,3,void,0,0,0,3,0,0
001a40b8,a40b8,A,200,40,prologue,2,r0,0,0,4,3,0,0
001a419c,a419c,A,288,64,ptr,1,r0,0,0,3,4,1,0
001a42bc,a42bc,A,84,21,ptr,4,r0,0,0,1,5,0,0
001a4318,a4318,A,284,64,prologue,4,void,0,1,10,3,0,0
001a4434,a4434,A,276,62,ptr,1,r0,0,0,4,8,1,0
001a4548,a4548,A,172,43,ptr,1,r0,0,0,6,1,0,0
001a4618,a4618,A,20,5,call,1,r0:r1,0,1,0,1,0,0
001a462c,a462c,A,120,30,prologue,4,void,0,1,5,3,0,0
001a46a4,a46a4,A,220,48,prologue,1,r0,0,1,4,5,1,0
001a4780,a4780,A,232,55,prologue,1,r0,0,1,6,1,0,0
001a4868,a4868,A,4,1,call,1,r0,0,1,0,1,1,0
001a486c,a486c,A,252,60,prologue,4,r0,0,0,5,1,3,0
001a4968,a4968,A,580,129,ptr,2,r0,0,0,5,20,10,0
001a4bc0,a4bc0,A,84,19,ptr,1,r0,0,0,3,3,0,0
001a4c18,a4c18,A,468,104,prologue,4,void,0,1,3,10,4,0
001a4df8,a4df8,A,64,16,ptr,3,r0,0,0,2,7,0,0
001a4e38,a4e38,A,180,44,ptr,3,r0,0,0,3,11,0,0
001a5054,a5054,A,216,46,ptr,2,r0,0,0,4,4,1,0
001a512c,a512c,A,56,13,ptr,4,r0,0,0,2,3,0,0
001a5168,a5168,A,288,64,ptr,4,r0,0,0,5,6,1,0
001a5288,a5288,A,36,9,prologue,2,r0:r1,0,1,0,1,0,0
001a52b0,a52b0,A,2888,637,prologue,4,r0,1,1,33,55,4,0
001a5df8,a5df8,A,296,66,ptr,2,r0,0,0,5,4,1,0
001a5f20,a5f20,A,68,17,ptr,2,r0,0,0,3,3,0,0
001a5f64,a5f64,A,228,49,ptr,1,r0,0,0,4,4,1,0
001a6048,a6048,A,228,50,ptr,3,r0,0,0,3,5,1,0
001a612c,a612c,A,240,52,ptr,1,r0,0,0,2,4,1,0
001a621c,a621c,A,48,12,ptr,4,r0,0,0,1,3,0,0
001a6250,a6250,A,216,47,ptr,1,r0,0,0,3,4,1,0
001a6328,a6328,A,1012,199,prologue,3,r0,0,1,15,7,4,0
001a6728,a6728,A,12,3,prologue,4,r0,0,0,1,1,0,0
001a6738,a6738,A,20,5,prologue,4,r0,0,0,1,1,0,0
001a674c,a674c,A,12,3,prologue,4,r0,0,0,1,1,0,0
001a675c,a675c,A,52,13,prologue,4,r0,0,0,1,1,0,0
001a6794,a6794,A,20,5,prologue,4,r0,0,0,1,1,0,0
001a67ac,a67ac,A,20,5,prologue,4,r0,0,0,1,1,0,0
001a67c4,a67c4,A,20,5,prologue,4,r0,0,0,1,1,0,0
001a67d8,a67d8,A,12,3,prologue,4,r0,0,0,1,1,0,0
001a67e8,a67e8,A,28,7,prologue,4,r0,0,0,1,1,0,0
001a6804,a6804,A,12,3,prologue,4,r0,0,0,1,1,0,0
001a6810,a6810,A,20,5,prologue,4,r0,0,0,1,1,0,0
001a6824,a6824,A,32,8,prologue,4,r0,0,0,1,1,0,0
001a6844,a6844,A,20,5,prologue,4,r0,0,0,1,1,0,0
001a6858,a6858,A,68,17,prologue,4,r0,0,0,1,1,0,0
001a689c,a689c,A,32,8,prologue,4,r0,0,0,1,1,0,0
001a68bc,a68bc,A,32,8,prologue,4,r0,0,0,1,1,0,0
001a68dc,a68dc,A,32,8,prologue,4,r0,0,0,1,1,0,0
001a68fc,a68fc,A,20,5,prologue,4,r0,0,0,1,1,0,0
001a6910,a6910,A,40,10,prologue,4,r0,0,0,1,1,0,0
001a6938,a6938,A,20,5,prologue,4,r0,0,0,1,1,0,0
001a694c,a694c,A,704,174,prologue,2,void,0,1,6,40,0,0
001a6c0c,a6c0c,A,740,184,prologue,4,void,0,1,5,33,0,0
001a6ef0,a6ef0,A,64,16,prologue,1,r0,0,2,1,1,0,0
001a6f30,a6f30,A,328,79,prologue,1,r0,0,0,1,18,0,0
001a7078,a7078,A,12,2,call,4,r0:r1,0,1,1,1,0,0
001a7084,a7084,A,152,37,prologue,4,r0,0,1,3,6,0,0
001a711c,a711c,A,208,51,prologue,1,r0,0,0,2,10,0,0
001a71ec,a71ec,A,20,5,call,4,void,0,1,1,3,0,0
001a7200,a7200,A,108,27,prologue,2,void,0,1,4,3,0,0
001a7278,a7278,A,32,8,call,2,void,0,1,1,3,0,0
001a729c,a729c,A,80,20,prologue,1,void,0,1,3,1,0,0
001a72ec,a72ec,A,144,36,ptr,4,r0,0,0,1,5,1,0
001a737c,a737c,A,20,5,call,4,r0:r1,0,1,1,3,0,0
001a7390,a7390,A,1652,395,prologue,4,r0,2,1,21,46,2,0
001a7a60,a7a60,A,208,50,prologue,4,r0,0,1,3,11,0,0
001a7b30,a7b30,A,704,174,prologue,2,void,0,1,6,40,0,0
001a7df0,a7df0,A,32,7,prologue,1,r0,0,2,1,1,0,0
001a7e10,a7e10,A,260,58,ptr,3,r0,0,0,4,8,1,0
001a7fec,a7fec,A,204,43,ptr,4,r0,0,0,3,4,1,0
001a80b8,a80b8,A,52,12,ptr,4,r0,0,0,2,3,0,0
001a80f0,a80f0,A,224,48,ptr,4,r0,0,0,5,4,1,0
001a81d0,a81d0,A,16,3,call,1,void,0,1,0,1,0,0
001a81e0,a81e0,A,696,157,ptr,2,r0,0,0,13,26,1,0
001a8498,a8498,A,280,61,ptr,1,r0,0,0,6,9,1,0
001a85b0,a85b0,A,16,3,call,1,r0:r1,0,1,0,1,0,0
001a85c0,a85c0,A,340,76,ptr,1,r0,0,0,8,12,1,0
001a8714,a8714,A,660,156,ptr,2,r0,0,0,10,25,1,0
001a89a8,a89a8,A,272,59,prologue,1,void,0,1,9,3,1,0
001a8ae0,a8ae0,A,140,34,ptr,4,r0,0,0,7,7,0,0
001a8b6c,a8b6c,A,312,73,ptr,4,r0,0,0,8,7,1,0
001a8ca8,a8ca8,A,2972,674,ptr,4,r0,0,0,30,77,9,0
001a9844,a9844,A,260,61,ptr,4,r0,0,0,7,7,1,0
001a994c,a994c,A,196,46,ptr,1,r0,0,0,8,6,1,0
001a9a10,a9a10,A,48,11,ptr,4,r0,0,0,1,3,0,0
001a9a40,a9a40,A,208,51,ptr,3,r0,0,0,5,9,0,0
001a9b10,a9b10,A,356,84,ptr,4,r0,0,0,6,10,2,0
001a9c74,a9c74,A,476,116,ptr,4,r0,0,0,9,15,1,0
001a9e50,a9e50,A,196,46,ptr,1,r0,0,0,8,6,1,0
001a9f14,a9f14,A,48,11,ptr,4,r0,0,0,1,3,0,0
001a9f44,a9f44,A,196,46,ptr,1,r0,0,0,8,6,1,0
001aa008,aa008,A,44,11,ptr,4,r0,0,0,1,3,0,0
001aa034,aa034,A,1492,331,ptr,4,r0,0,0,30,51,3,0
001aa608,aa608,A,124,30,ptr,4,r0,0,0,3,6,0,0
001aa684,aa684,A,276,67,ptr,1,r0,0,0,9,11,3,0
001aa798,aa798,A,132,32,ptr,4,r0,0,0,5,7,0,0
001aa81c,aa81c,A,140,34,ptr,4,r0,0,0,5,7,0,0
001aa8a8,aa8a8,A,188,42,ptr,4,r0,0,0,5,6,1,0
001aa964,aa964,A,44,10,ptr,4,r0,0,0,2,3,0,0
001aa994,aa994,A,40,8,call,0,void,0,2,0,1,0,0
001aa9bc,aa9bc,A,148,34,ptr,4,r0,0,0,5,4,1,0
001aaa50,aaa50,A,152,35,ptr,1,r0,0,0,6,4,1,0
001aaae8,aaae8,A,164,39,ptr,1,r0,0,0,7,4,1,0
001aab8c,aab8c,A,880,195,prologue,1,void,0,1,24,11,1,0
001aaefc,aaefc,A,16,4,ptr,4,r0,0,0,2,1,0,0
001ab188,ab188,A,348,77,ptr,1,r0,0,0,5,7,2,0
001ab2e4,ab2e4,A,124,29,ptr,1,r0,0,0,3,3,1,0
001ab360,ab360,A,96,22,ptr,1,r0,0,0,3,3,1,0
001ab3c0,ab3c0,A,856,197,ptr,2,r0,0,0,14,28,2,0
001ab718,ab718,A,116,27,ptr,1,r0,0,0,3,3,1,0
001ab78c,ab78c,A,36,9,ptr,1,r0,0,0,2,3,0,0
001ab7b0,ab7b0,A,364,89,ptr,1,r0,0,0,3,10,6,0
001ab91c,ab91c,A,100,23,ptr,1,r0,0,0,3,3,1,0
001ab980,ab980,A,40,10,ptr,1,r0,0,0,2,3,0,0
001ab9a8,ab9a8,A,508,125,prologue,1,void,0,2,8,23,0,0
001abba4,abba4,A,1188,276,prologue,1,void,0,1,19,48,8,0
001ac04c,ac04c,A,16,4,ptr,4,r0,0,0,2,1,0,0
001ac1f4,ac1f4,A,28,7,ptr,1,r0,0,0,0,1,0,0
001ac210,ac210,A,8,2,ptr,1,r0,0,0,0,1,0,0
001ac218,ac218,A,20,5,ptr,2,void,0,0,0,1,0,0
001ac22c,ac22c,A,116,26,ptr,1,void,0,0,1,3,0,0
001ac2a0,ac2a0,A,20,5,ptr,1,r0,0,0,0,1,0,0
001ac2b4,ac2b4,A,844,211,ptr,2,r0,0,0,3,35,0,0
001ac600,ac600,A,16,4,ptr,2,void,0,0,0,1,0,0
001ac610,ac610,A,380,92,ptr,2,r0,0,0,2,11,5,0
001ac78c,ac78c,A,124,31,ptr,4,void,2,0,1,3,0,0
001ac808,ac808,A,88,18,prologue,0,r0,0,1,1,1,0,0
001ac860,ac860,A,16,4,ptr,1,r0,0,0,2,1,0,0
001ac870,ac870,A,576,140,ptr,1,r0,0,1,2,25,1,0
001acab0,acab0,A,144,35,prologue,1,r0,0,0,1,8,0,0
001acb40,acb40,A,32,8,ptr,3,void,0,0,0,3,0,0
001acb60,acb60,A,212,45,ptr,1,r0,0,0,2,4,1,0
001acc34,acc34,A,112,27,ptr,4,r0,0,0,5,4,0,0
001acca8,acca8,A,212,46,ptr,1,r0,0,0,3,4,1,0
001acd7c,acd7c,A,392,85,ptr,3,r0,0,0,8,13,1,0
001acf04,acf04,A,72,17,ptr,3,r0,0,0,2,7,0,0
001acf4c,acf4c,A,116,28,ptr,2,r0,0,0,3,7,0,0
001ad0e4,ad0e4,A,128,29,ptr,4,r0,0,0,3,4,1,0
001ad164,ad164,A,56,13,ptr,4,r0,0,0,2,3,0,0
001ad1a0,ad1a0,A,244,57,ptr,4,r0,0,0,7,6,1,0
001ad294,ad294,A,244,59,ptr,1,r0,0,0,4,6,5,0
001ad388,ad388,A,1460,290,prologue,1,void,0,1,20,18,6,0
001ad93c,ad93c,A,184,44,prologue,1,void,0,2,5,5,1,0
001ad9f4,ad9f4,A,128,30,ptr,1,r0,0,0,4,4,1,0
001ada74,ada74,A,68,17,ptr,4,r0,0,0,2,4,0,0
001adab8,adab8,A,60,14,ptr,1,r0,0,0,2,3,0,0
001adaf4,adaf4,A,220,53,ptr,1,r0,0,0,4,7,2,0
001adbd0,adbd0,A,48,12,ptr,1,r0,0,0,3,3,0,0
001adc00,adc00,A,868,192,prologue,2,r0,0,2,19,3,2,0
001adf64,adf64,A,212,53,prologue,1,r0,0,0,7,1,0,0
001ae058,ae058,A,324,73,ptr,3,r0,0,0,4,8,1,0
001ae304,ae304,A,224,48,ptr,2,r0,0,0,4,4,1,0
001ae3e4,ae3e4,A,52,12,ptr,4,r0,0,0,2,3,0,0
001ae41c,ae41c,A,244,53,ptr,4,r0,0,0,5,4,1,0
001ae510,ae510,A,108,27,call,4,r0,0,1,0,8,0,0
001ae57c,ae57c,A,280,70,prologue,1,r0,0,0,2,14,1,0
001ae698,ae698,A,380,87,ptr,1,r0,0,0,9,12,2,0
001ae828,ae828,A,396,92,ptr,1,r0,0,0,10,13,2,0
001ae9c8,ae9c8,A,292,72,ptr,2,r0,0,0,12,13,0,0
001aeaec,aeaec,A,140,35,ptr,1,r0,0,0,3,6,3,0
001aeb78,aeb78,A,316,78,ptr,4,void,0,1,3,21,5,0
001aecb4,aecb4,A,44,10,prologue,2,r0,0,1,1,1,0,0
001aece0,aece0,A,16,4,ptr,1,r0,0,0,2,1,0,0
001aecf0,aecf0,A,608,147,ptr,1,r0,0,1,2,27,2,0
001aef50,aef50,A,60,15,prologue,2,void,0,1,1,3,0,0
001aef8c,aef8c,A,244,61,prologue,2,void,0,1,6,4,0,0
001af0a4,af0a4,A,12,3,ptr,1,void,0,0,0,1,1,0
001af0b0,af0b0,A,108,27,prologue,1,void,0,1,3,3,0,0
001af11c,af11c,A,52,13,prologue,4,void,0,1,1,3,0,0
001af150,af150,A,1052,239,prologue,4,r0,2,1,12,21,2,0
001af56c,af56c,A,116,27,prologue,4,void,0,1,3,6,0,0
001af5e0,af5e0,A,212,52,prologue,1,r0,0,0,1,13,0,0
001af6b4,af6b4,A,12,2,call,4,r0:r1,0,1,1,1,0,0
001af6c0,af6c0,A,576,144,prologue,2,void,0,1,2,23,0,0
001af900,af900,A,152,37,prologue,4,r0,0,2,3,6,0,0
001af998,af998,A,204,50,prologue,1,r0,0,0,2,10,0,0
001afa64,afa64,A,212,45,ptr,2,r0,0,0,8,8,0,0
001afb3c,afb3c,A,332,76,ptr,1,r0,0,0,11,11,1,0
001afc88,afc88,A,220,51,ptr,1,r0,0,0,8,10,1,0
001afd64,afd64,A,388,95,ptr,1,r0,0,0,6,12,6,0
001afee8,afee8,A,184,43,ptr,2,r0,0,0,7,7,1,0
001affa0,affa0,A,228,52,ptr,2,r0,0,0,8,9,1,0
001b0084,b0084,A,192,44,ptr,1,r0,0,0,6,9,1,0
001b0144,b0144,A,220,53,ptr,1,r0,0,0,4,7,2,0
001b0220,b0220,A,592,137,ptr,2,r0,0,0,6,12,8,0
001b0470,b0470,A,244,59,ptr,2,r0,0,0,6,11,1,0
001b0564,b0564,A,92,23,ptr,2,r0,0,0,5,6,0,0
001b05c0,b05c0,A,164,39,ptr,2,r0,0,0,6,7,1,0
001b0664,b0664,A,64,16,ptr,1,r0,0,0,3,5,0,0
001b06a4,b06a4,A,384,89,ptr,2,r0,0,0,12,15,1,0
001b0824,b0824,A,236,57,ptr,2,r0,0,0,6,8,1,0
001b0924,b0924,A,168,40,prologue,1,void,0,2,3,3,2,0
001b09d0,b09d0,A,336,79,ptr,1,r0,0,0,8,11,5,0
001b0b20,b0b20,A,36,9,ptr,1,r0,0,0,2,3,0,0
001b0b44,b0b44,A,88,22,ptr,1,r0,0,0,4,6,0,0
001b0ba0,b0ba0,A,152,34,ptr,1,r0,0,0,3,3,2,0
001b0c38,b0c38,A,40,10,ptr,1,r0,0,0,2,3,0,0
001b0c60,b0c60,A,220,53,ptr,1,r0,0,0,4,7,2,0
001b0d3c,b0d3c,A,268,63,ptr,1,r0,0,0,10,10,1,0
001b0e48,b0e48,A,472,91,prologue,1,void,0,1,17,3,1,0
001b1020,b1020,A,16,4,ptr,4,r0,0,0,2,1,0,0
001b11ec,b11ec,A,20,5,ptr,2,void,0,0,0,1,1,0
001b1200,b1200,A,60,15,call,1,void,0,1,2,1,0,0
001b1240,b1240,A,412,90,prologue,3,void,0,1,5,8,3,0
001b13dc,b13dc,A,104,25,prologue,2,void,0,1,2,3,0,0
001b1444,b1444,A,100,24,prologue,2,void,0,1,2,3,0,0
001b14ac,b14ac,A,88,19,prologue,2,r0,0,0,4,1,0,0
001b1508,b1508,A,56,13,prologue,4,r0,0,0,2,1,1,0
001b1540,b1540,A,884,213,ptr,2,r0,0,0,18,35,2,0
001b18b8,b18b8,A,660,158,ptr,1,r0,0,0,13,25,2,0
001b1b4c,b1b4c,A,56,14,ptr,1,r0,0,0,3,3,0,0
001b1b84,b1b84,A,144,34,ptr,1,r0,0,0,5,3,1,0
001b1c14,b1c14,A,1088,265,ptr,2,r0,0,0,19,47,2,0
001b2058,b2058,A,540,128,ptr,2,r0,0,0,13,21,1,0
001b2274,b2274,A,300,73,ptr,1,r0,0,0,5,10,2,0
001b23a0,b23a0,A,324,77,ptr,1,r0,0,0,9,12,1,0
001b24e4,b24e4,A,1836,446,ptr,1,r0,0,0,25,80,2,0
001b2c10,b2c10,A,128,30,ptr,1,r0,0,0,4,3,1,0
001b2c90,b2c90,A,64,15,ptr,1,r0,0,0,2,3,0,0
001b2cd0,b2cd0,A,464,108,prologue,1,r0,0,2,11,17,1,0
001b2ea0,b2ea0,A,248,34,ptr,1,r0,0,0,4,3,1,0
001b2f98,b2f98,A,868,209,ptr,2,r0,0,0,16,32,1,0
001b32fc,b32fc,A,84,19,ptr,1,r0,0,0,2,3,0,0
001b3350,b3350,A,236,52,ptr,1,r0,0,0,5,8,1,0
001b343c,b343c,A,280,68,ptr,1,r0,0,0,7,9,1,0
001b3554,b3554,A,64,15,ptr,1,r0,0,0,2,3,0,0
001b3594,b3594,A,60,14,ptr,1,r0,0,0,2,3,0,0
001b35d0,b35d0,A,60,14,ptr,1,r0,0,0,2,3,0,0
001b360c,b360c,A,300,73,ptr,1,r0,0,0,5,10,2,0
001b3738,b3738,A,256,57,prologue,1,r0,0,2,3,7,1,0
001b3838,b3838,A,216,52,ptr,4,r0,0,0,4,9,1,0
001b3910,b3910,A,824,196,ptr,1,void,0,0,13,37,3,0
001b3c48,b3c48,A,280,59,ptr,1,r0,0,0,7,10,1,0
001b3d60,b3d60,A,132,27,prologue,1,void,0,1,2,3,1,0
001b3de8,b3de8,A,132,28,prologue,1,void,0,1,2,3,1,0
001b3e70,b3e70,A,156,34,prologue,2,void,0,1,2,3,2,0
001b3f10,b3f10,A,132,28,prologue,1,void,0,1,2,3,1,0
001b3f94,b3f94,A,236,56,ptr,1,r0,0,0,9,9,1,0
001b4080,b4080,A,64,16,ptr,3,r0,0,0,2,7,0,0
001b40c0,b40c0,A,100,25,ptr,4,r0,0,0,3,7,0,0
001b429c,b429c,A,212,45,ptr,2,r0,0,0,4,4,1,0
001b4370,b4370,A,52,12,ptr,4,r0,0,0,2,3,0,0
001b43a8,b43a8,A,296,66,ptr,4,r0,0,0,6,8,1,0
001b44d0,b44d0,A,288,65,prologue,1,void,0,2,5,9,1,0
001b45f0,b45f0,A,2516,554,prologue,4,r0,0,2,29,53,4,0
001b4fc8,b4fc8,A,488,105,prologue,2,void,0,2,8,7,3,0
001b51b0,b51b0,A,476,114,ptr,3,r0,0,0,8,22,5,0
001b538c,b538c,A,140,33,ptr,1,r0,0,0,5,3,1,0
001b5418,b5418,A,144,33,ptr,3,r0,0,0,3,5,1,0
001b54a8,b54a8,A,124,28,ptr,4,r0,0,0,3,4,1,0
001b5524,b5524,A,52,12,ptr,4,r0,0,0,2,3,0,0
001b555c,b555c,A,148,34,ptr,4,r0,0,0,4,4,1,0
001b55f0,b55f0,A,124,29,ptr,1,r0,0,0,4,3,1,0
001b566c,b566c,A,140,32,ptr,1,r0,0,0,4,4,1,0
001b56f8,b56f8,A,156,36,ptr,1,r0,0,0,4,4,1,0
001b5794,b5794,A,124,29,ptr,1,r0,0,0,4,4,1,0
001b5810,b5810,A,292,71,ptr,1,r0,0,0,5,10,2,0
001b5934,b5934,A,180,35,ptr,1,r0,0,0,4,4,1,0
001b59e8,b59e8,A,168,36,ptr,4,r0,0,0,4,4,1,0
001b5a90,b5a90,A,592,141,prologue,4,r0,5,2,13,3,0,0
001b5cf8,b5cf8,A,568,135,prologue,4,r0,2,1,12,3,0,0
001b5f48,b5f48,A,672,141,prologue,2,void,0,1,9,9,4,0
001b61e8,b61e8,A,144,34,ptr,1,r0,0,0,5,3,1,0
001b6278,b6278,A,32,7,ptr,3,void,0,0,1,3,0,0
001b6298,b6298,A,268,58,ptr,3,r0,0,0,5,7,1,0
001b63a4,b63a4,A,128,29,ptr,4,r0,0,0,3,4,1,0
001b6424,b6424,A,56,13,ptr,4,r0,0,0,2,3,0,0
001b6460,b6460,A,164,38,ptr,4,r0,0,0,4,4,1,0
001b6504,b6504,A,124,29,ptr,1,r0,0,0,4,3,1,0
001b6580,b6580,A,40,10,ptr,1,r0,0,0,2,3,0,0
001b65a8,b65a8,A,296,72,ptr,1,r0,0,0,8,9,1,0
001b66d0,b66d0,A,140,32,ptr,1,r0,0,0,5,4,1,0
001b6760,b6760,A,168,36,ptr,4,r0,0,0,4,4,1,0
001b6808,b6808,A,292,71,ptr,1,r0,0,0,5,10,2,0
001b692c,b692c,A,56,13,ptr,1,r0,0,0,2,3,0,0
001b6964,b6964,A,472,114,ptr,3,r0,0,0,7,22,5,0
001b6b3c,b6b3c,A,276,65,ptr,1,r0,0,0,6,6,1,0
001b6c68,b6c68,A,160,37,ptr,3,r0,0,0,3,5,1,0
001b6d08,b6d08,A,220,47,ptr,3,r0,0,0,4,5,1,0
001b6de4,b6de4,A,128,29,ptr,4,r0,0,0,3,4,1,0
001b6e64,b6e64,A,56,13,ptr,4,r0,0,0,2,3,0,0
001b6ea0,b6ea0,A,184,42,ptr,4,r0,0,0,4,4,1,0
001b6f58,b6f58,A,224,53,ptr,1,r0,0,0,5,6,1,0
001b7050,b7050,A,140,32,ptr,1,r0,0,0,5,4,1,0
001b70dc,b70dc,A,180,42,ptr,1,r0,0,0,7,6,1,0
001b7190,b7190,A,184,42,ptr,4,r0,0,0,4,4,1,0
001b7248,b7248,A,128,29,ptr,4,r0,0,0,3,4,1,0
001b72c8,b72c8,A,988,242,ptr,1,r0,0,0,13,45,1,0
001b76b0,b76b0,A,168,36,ptr,4,r0,0,0,4,4,1,0
001b7758,b7758,A,292,71,ptr,1,r0,0,0,5,10,2,0
001b787c,b787c,A,176,41,ptr,1,r0,0,0,5,4,1,0
001b7934,b7934,A,20,5,ptr,2,void,0,0,0,1,1,0
001b7948,b7948,A,572,115,prologue,4,r0,1,1,9,5,2,0
001b7b90,b7b90,A,816,162,prologue,4,r0,4,1,9,5,2,0
001b7ecc,b7ecc,A,68,15,ptr,4,r0,0,0,3,1,1,0
001b7f10,b7f10,A,152,38,prologue,4,void,0,2,2,1,0,0
001b7fd8,b7fd8,A,64,16,ptr,3,r0,0,0,2,7,0,0
001b8018,b8018,A,100,25,ptr,4,r0,0,0,3,7,0,0
001b81c4,b81c4,A,216,46,ptr,2,r0,0,0,4,4,1,0
001b829c,b829c,A,56,13,ptr,4,r0,0,0,2,3,0,0
001b82d8,b82d8,A,284,63,ptr,4,r0,0,0,6,6,1,0
001b83f4,b83f4,A,264,59,prologue,1,void,0,2,5,7,1,0
001b8500,b8500,A,3732,865,prologue,4,r0,0,2,34,127,9,0
001b9394,b9394,A,352,74,ptr,3,r0,0,0,7,10,1,0
001b94f4,b94f4,A,408,99,prologue,1,void,0,2,3,7,0,0
001b9690,b9690,A,852,210,ptr,3,void,0,0,2,54,1,0
001b99e4,b99e4,A,208,44,ptr,4,r0,0,0,3,4,1,0
001b9ab4,b9ab4,A,56,13,ptr,4,r0,0,0,2,3,0,0
001b9af0,b9af0,A,296,66,ptr,4,r0,0,0,5,9,1,0
001b9c18,b9c18,A,248,55,prologue,4,void,0,1,4,7,1,0
001b9d10,b9d10,A,3352,750,prologue,2,r0,0,2,31,106,5,0
001baa28,baa28,A,16,4,ptr,1,void,0,0,0,1,1,0
001baa38,baa38,A,16,4,ptr,1,void,0,0,0,1,1,0
001baa48,baa48,A,8,2,ptr,0,r0,0,0,0,1,0,0
001baa50,baa50,A,16,4,ptr,1,void,0,0,0,1,1,0
001baa60,baa60,A,60,15,ptr,3,void,0,0,0,1,2,0
001baaa8,baaa8,A,8,2,call,2,r0,0,1,1,1,0,0
001baab0,baab0,A,20,5,ptr,2,void,0,0,0,1,1,0
001baaf0,baaf0,A,3340,717,prologue,4,r0,3,1,36,21,11,0
001bb808,bb808,A,128,30,ptr,2,r0,0,0,7,1,1,0
001bb888,bb888,A,112,27,call,0,r0:r1,0,1,1,4,0,0
001bb8f8,bb8f8,A,88,21,prologue,4,void,0,1,4,3,0,0
001bb950,bb950,A,156,39,call,1,void,0,2,1,5,0,0
001bba28,bba28,A,20,4,call,0,void,0,1,0,1,0,0
001bba3c,bba3c,A,20,4,call,0,void,0,1,0,1,0,0
001bba50,bba50,A,196,42,ptr,1,r0,0,0,3,4,1,0
001bbb78,bbb78,A,780,181,ptr,1,r0,0,0,11,19,2,0
001bbe9c,bbe9c,A,244,54,ptr,1,r0,0,0,6,6,1,0
001bbf90,bbf90,A,68,17,ptr,1,r0,0,0,4,3,0,0
001bbfd4,bbfd4,A,72,17,prologue,1,r0:r1,0,1,2,1,0,0
001bc020,bc020,A,144,33,ptr,1,r0,0,0,4,3,1,0
001bc0b0,bc0b0,A,260,60,ptr,4,r0,0,0,6,8,1,0
001bc1b4,bc1b4,A,424,100,ptr,1,r0,0,0,10,14,1,0
001bc36c,bc36c,A,404,93,ptr,2,r0,0,0,12,12,1,0
001bc500,bc500,A,116,27,ptr,1,r0,0,0,4,4,1,0
001bc574,bc574,A,164,39,ptr,1,r0,0,0,6,6,1,0
001bc618,bc618,A,52,13,ptr,1,r0,0,0,3,3,0,0
001bc64c,bc64c,A,48,11,prologue,1,void,0,1,1,1,0,0
001bc67c,bc67c,A,152,34,prologue,1,void,0,1,7,3,1,0
001bc714,bc714,A,216,48,ptr,4,r0,0,0,8,6,0,0
001bc7ec,bc7ec,A,208,46,ptr,4,r0,0,0,7,6,0,0
001bc8bc,bc8bc,A,204,44,ptr,3,r0,0,0,3,5,1,0
001bc988,bc988,A,208,44,ptr,4,r0,0,0,3,4,1,0
001bca58,bca58,A,56,13,ptr,4,r0,0,0,2,3,0,0
001bca94,bca94,A,216,46,ptr,4,r0,0,0,4,4,1,0
001bcb6c,bcb6c,A,228,50,ptr,1,r0,0,0,4,6,1,0
001bcc50,bcc50,A,1440,306,prologue,3,r0,0,2,18,32,3,0
001bd1fc,bd1fc,A,200,43,ptr,3,r0,0,0,3,5,1,0
001bd2c4,bd2c4,A,260,54,ptr,1,r0,0,0,3,5,2,0
001bd3c8,bd3c8,A,236,49,ptr,1,r0,0,0,4,4,1,0
001bd4b4,bd4b4,A,52,12,ptr,4,r0,0,0,2,3,0,0
001bd4f0,bd4f0,A,348,74,ptr,1,r0,0,0,4,6,3,0
001bd658,bd658,A,212,45,ptr,4,r0,0,0,4,4,1,0
001bd72c,bd72c,A,60,15,ptr,1,r0,0,0,2,3,0,0
001bd770,bd770,A,752,146,prologue,2,r0,0,1,14,5,3,0
001bda60,bda60,A,4,1,call,1,r0,0,2,0,1,1,0
001bda64,bda64,A,52,13,prologue,4,r0,0,0,4,1,0,0
001bda98,bda98,A,148,34,ptr,3,r0,0,0,3,5,1,0
001bdb2c,bdb2c,A,208,49,ptr,3,r0,0,0,7,9,1,0
001bdbfc,bdbfc,A,128,29,ptr,4,r0,0,0,3,4,1,0
001bdc7c,bdc7c,A,56,13,ptr,4,r0,0,0,2,3,0,0
001bdcb8,bdcb8,A,152,35,ptr,4,r0,0,0,4,4,1,0
001bdd50,bdd50,A,232,56,ptr,1,r0,0,0,4,6,5,0
001bde38,bde38,A,64,15,ptr,1,r0,0,0,2,3,0,0
001bde78,bde78,A,352,85,ptr,2,r0,0,0,7,12,2,0
001bdfd8,bdfd8,A,128,29,ptr,4,r0,0,0,3,4,1,0
001be058,be058,A,176,37,ptr,4,r0,0,0,4,4,1,0
001be108,be108,A,228,55,ptr,1,r0,0,0,4,7,2,0
001be1ec,be1ec,A,48,12,ptr,1,r0,0,0,2,3,0,0
001be220,be220,A,1592,354,prologue,3,r0,0,1,23,31,5,0
001be858,be858,A,644,145,ptr,4,r0,0,0,6,16,3,0
001beadc,beadc,A,376,89,ptr,4,r0,0,0,4,13,1,0
001bec54,bec54,A,52,12,ptr,4,r0,0,0,2,3,0,0
001bec8c,bec8c,A,132,30,ptr,4,r0,0,0,4,4,1,0
001bed10,bed10,A,228,55,ptr,1,r0,0,0,4,6,5,0
001bedf4,bedf4,A,156,36,ptr,1,r0,0,0,5,4,1,0
001bee90,bee90,A,132,30,ptr,4,r0,0,0,4,4,1,0
001bef14,bef14,A,124,28,ptr,4,r0,0,0,3,4,1,0
001bef90,bef90,A,1076,258,ptr,1,r0,0,0,18,38,1,0
001bf3d0,bf3d0,A,168,36,ptr,4,r0,0,0,4,4,1,0
001bf478,bf478,A,220,53,ptr,1,r0,0,0,4,7,2,0
001bf554,bf554,A,152,35,ptr,1,r0,0,0,5,4,1,0
001bf5f0,bf5f0,A,1468,322,prologue,4,r0,0,1,25,29,3,0
001bfbac,bfbac,A,96,24,prologue,3,r0,0,1,3,5,0,0
001bfc1c,bfc1c,A,192,41,ptr,1,r0,0,0,3,4,1,0
001bfcdc,bfcdc,A,12,3,ptr,4,r0,0,0,1,1,0,0
001bfce8,bfce8,A,344,79,ptr,1,r0,0,0,4,7,2,0
001bfe40,bfe40,A,236,49,ptr,1,r0,0,0,3,3,2,0
001bff2c,bff2c,A,220,47,ptr,1,r0,0,0,3,3,2,0
001c0008,c0008,A,44,11,ptr,1,r0,0,0,2,3,0,0
001c0038,c0038,A,1132,272,ptr,4,r0,0,1,12,40,6,0
001c04b0,c04b0,A,272,61,ptr,3,r0,0,0,3,12,1,0
001c05c0,c05c0,A,220,47,ptr,1,r0,0,0,2,4,1,0
001c069c,c069c,A,40,10,ptr,4,r0,0,0,1,3,0,0
001c06c8,c06c8,A,228,50,ptr,1,r0,0,0,3,5,1,0
001c07ac,c07ac,A,60,15,prologue,2,r0:r1,0,1,0,3,0,0
001c07e8,c07e8,A,672,138,prologue,3,r0,0,1,14,7,3,0
001c0a90,c0a90,A,104,26,ptr,2,r0,0,0,2,7,0,0
001c0af8,c0af8,A,48,12,ptr,2,r0,0,0,2,3,0,0
001c0b28,c0b28,A,44,11,ptr,2,r0,0,0,2,3,0,0
001c0b54,c0b54,A,304,69,ptr,1,r0,0,0,4,6,5,0
001c0c84,c0c84,A,44,11,ptr,1,r0,0,0,2,3,0,0
001c0cb0,c0cb0,A,328,75,ptr,1,r0,0,0,4,7,2,0
001c0df8,c0df8,A,296,67,ptr,1,r0,0,0,7,10,2,0
001c0f20,c0f20,A,516,116,prologue,4,r0,0,2,11,9,4,0
001c1130,c1130,A,1432,357,prologue,2,void,0,1,8,43,0,0
001c16c8,c16c8,A,204,50,prologue,1,void,0,1,3,10,0,0
001c1794,c1794,A,28,7,prologue,1,r0,0,2,1,1,0,0
001c17b4,c17b4,A,216,45,prologue,1,void,0,1,5,3,1,0
001c188c,c188c,A,36,8,ptr,4,r0,0,0,3,1,0,0
001c18b0,c18b0,A,312,78,prologue,1,r0,0,0,10,3,0,0
001c1a14,c1a14,A,236,57,prologue,1,void,0,1,5,3,1,0
001c1b00,c1b00,A,348,80,ptr,3,r0,0,0,4,13,1,0
001c1ce8,c1ce8,A,3404,691,ptr,1,r0,0,0,51,48,4,0
001c2a34,c2a34,A,212,45,ptr,2,r0,0,0,4,4,1,0
001c2b08,c2b08,A,128,31,ptr,4,r0,0,0,6,6,1,0
001c2b8c,c2b8c,A,264,58,ptr,4,r0,0,0,5,6,1,0
001c2c94,c2c94,A,888,195,prologue,1,void,0,1,19,7,2,0
001c300c,c300c,A,16,4,ptr,4,r0,0,0,2,1,0,0
001c32e8,c32e8,A,40,10,prologue,2,r0,0,1,3,1,0,0
001c3310,c3310,A,160,39,ptr,4,r0,0,0,5,9,0,0
001c33b0,c33b0,A,20,5,call,1,r0:r1,0,2,0,1,0,0
001c33c4,c33c4,A,16,4,call,1,void,0,2,0,3,1,0
001c33d4,c33d4,A,36,9,prologue,4,r0,0,0,1,3,0,0
001c33f8,c33f8,A,56,14,prologue,1,r0,0,1,2,1,0,0
001c3430,c3430,A,56,14,prologue,1,r0,0,1,3,1,0,0
001c3468,c3468,A,48,12,prologue,1,r0,0,1,3,1,0,0
001c3498,c3498,A,56,14,prologue,1,r0,0,2,3,1,0,0
001c34d0,c34d0,A,48,12,prologue,1,r0,0,1,3,1,0,0
001c3500,c3500,A,48,12,prologue,1,r0,0,1,3,1,0,0
001c3530,c3530,A,48,12,prologue,1,r0,0,1,3,1,0,0
001c3560,c3560,A,96,24,ptr,4,r0,0,0,5,5,0,0
001c35c0,c35c0,A,416,87,prologue,1,void,0,1,7,8,2,0
001c3768,c3768,A,56,14,ptr,2,r0,0,0,3,3,0,0
001c37a0,c37a0,A,1214264,22,ptr,4,r0,0,0,2,4,0,0
001c37f0,c37f0,A,8,2,call,2,r0,0,1,1,1,0,0
001c37f8,c37f8,A,20,5,ptr,2,void,0,0,0,1,1,0
001c380c,c380c,A,152,35,prologue,1,void,0,1,2,4,0,0
001c38a8,c38a8,A,776,152,prologue,4,r0,1,1,13,5,2,0
001c3bc0,c3bc0,A,192,46,ptr,3,r0,0,0,4,8,1,0
001c3d44,c3d44,A,148,34,ptr,2,r0,0,0,5,4,1,0
001c3dd8,c3dd8,A,56,13,ptr,4,r0,0,0,2,3,0,0
001c3e14,c3e14,A,144,33,ptr,4,r0,0,0,5,4,1,0
001c3ea4,c3ea4,A,172,34,ptr,4,r0,0,0,4,4,1,0
001c3f50,c3f50,A,152,36,ptr,1,r0,0,0,4,6,1,0
001c3fe8,c3fe8,A,152,36,ptr,1,r0,0,0,6,4,1,0
001c4080,c4080,A,160,38,ptr,1,r0,0,0,6,4,1,0
001c4120,c4120,A,36,9,prologue,2,r0:r1,0,1,0,1,0,0
001c4144,c4144,A,124,29,ptr,1,r0,0,0,3,4,2,0
001c41c0,c41c0,A,68,17,ptr,4,r0,0,0,3,5,0,0
001c4208,c4208,A,152,33,ptr,1,r0,0,0,3,4,1,0
001c42a0,c42a0,A,376,91,ptr,1,r0,0,0,8,10,6,0
001c4418,c4418,A,1244,297,ptr,2,r0,0,0,17,35,10,0
001c48f8,c48f8,A,188,42,ptr,1,r0,0,0,7,8,1,0
001c49b4,c49b4,A,272,61,ptr,3,r0,0,0,4,8,1,0
001c4ac4,c4ac4,A,196,49,ptr,2,r0,0,0,4,9,0,0
001c4b8c,c4b8c,A,208,44,ptr,4,r0,0,0,3,4,1,0
001c4c5c,c4c5c,A,56,13,ptr,4,r0,0,0,2,3,0,0
001c4c98,c4c98,A,228,49,ptr,4,r0,0,0,5,4,1,0
001c4d80,c4d80,A,1508,303,prologue,2,r0,0,1,22,12,3,0
001c5364,c5364,A,96,24,ptr,3,void,0,0,3,5,0,0
001c53c4,c53c4,A,264,55,ptr,1,r0,0,0,3,5,2,0
001c54cc,c54cc,A,236,49,ptr,1,r0,0,0,4,4,1,0
001c55b8,c55b8,A,52,12,ptr,4,r0,0,0,2,3,0,0
001c55f0,c55f0,A,256,51,ptr,1,r0,0,0,3,4,2,0
001c56f0,c56f0,A,200,42,ptr,4,r0,0,0,3,4,1,0
001c57b8,c57b8,A,64,16,ptr,1,r0,0,0,2,3,0,0
001c5800,c5800,A,260,54,ptr,1,r0,0,0,3,5,2,0
001c5904,c5904,A,236,49,ptr,1,r0,0,0,4,4,1,0
001c59f0,c59f0,A,52,12,ptr,4,r0,0,0,2,3,0,0
001c5a24,c5a24,A,200,43,ptr,4,r0,0,0,3,4,1,0
001c5aec,c5aec,A,256,51,ptr,1,r0,0,0,3,4,2,0
001c5bec,c5bec,A,200,42,ptr,4,r0,0,0,3,4,1,0
001c5cb4,c5cb4,A,60,15,ptr,1,r0,0,0,2,3,0,0
001c5cf8,c5cf8,A,984,185,prologue,3,r0,0,1,16,8,3,0
001c60d0,c60d0,A,88,22,prologue,4,void,0,1,2,5,0,0
001c6128,c6128,A,188,47,prologue,2,void,0,1,6,3,0,0
001c6200,c6200,A,64,16,prologue,2,void,0,1,1,3,0,0
001c6244,c6244,A,452,113,ptr,3,r0,0,0,1,20,3,0
001c6408,c6408,A,108,27,prologue,1,void,0,1,3,3,0,0
001c6474,c6474,A,484,121,ptr,4,r0,0,0,1,20,4,0
001c6658,c6658,A,72,18,prologue,4,void,0,1,2,3,0,0
001c66a0,c66a0,A,1904,434,prologue,4,r0,4,1,22,42,4,0
001c6e18,c6e18,A,296,69,ptr,1,r0,0,0,9,10,1,0
001c6f40,c6f40,A,1809300,7,ptr,1,r0,0,0,0,4,0,0
001c6f54,c6f54,A,128,32,ptr,1,r0,0,0,3,6,3,0
001c6fd4,c6fd4,A,772,193,ptr,2,r0,0,0,2,33,0,0
001c72d8,c72d8,A,260,65,prologue,4,void,2,2,2,11,3,0
001c73dc,c73dc,A,168,42,ptr,4,r0,0,0,2,10,3,0
001c7484,c7484,A,140,35,ptr,4,r0,2,0,3,6,0,0
001c7510,c7510,A,40,9,prologue,0,void,0,1,1,1,0,0
001c7538,c7538,A,16,4,ptr,1,r0,0,0,2,1,0,0
001c7548,c7548,A,608,147,ptr,1,r0,0,1,2,27,2,0
001c77a8,c77a8,A,116,29,prologue,2,void,0,1,4,3,0,0
001c781c,c781c,A,116,29,prologue,2,void,0,1,4,3,0,0
001c7890,c7890,A,836,180,ptr,4,r0,2,0,8,21,1,0
001c7bec,c7bec,A,20,5,call,2,void,0,1,0,1,0,0
001c7c00,c7c00,A,848,183,ptr,4,r0,3,0,8,22,1,0
001c7f68,c7f68,A,80,19,prologue,1,r0,0,0,5,1,0,0
001c7fb8,c7fb8,A,1202740,10,ptr,1,r0,0,0,1,2,0,0
001c7fe0,c7fe0,A,992,192,prologue,4,void,1,1,7,43,4,0
001c82e0,c82e0,A,252,54,ptr,1,r0,16,0,3,5,3,0
001c83e8,c83e8,A,296,69,ptr,1,r0,0,0,9,10,1,0
001c8510,c8510,A,8,2,call,2,r0,0,1,1,1,0,0
001c8518,c8518,A,76,19,prologue,2,void,0,1,3,3,0,0
001c8570,c8570,A,20,5,ptr,1,void,0,0,0,1,1,0
001c8584,c8584,A,60,15,call,1,void,0,1,2,1,0,0
001c85c0,c85c0,A,8,2,call,4,r0:r1,0,1,1,1,0,0
001c87e0,c87e0,A,388,57,ptr,4,r0,14,0,7,3,1,0
001c8974,c8974,A,228,54,prologue,1,r0,0,1,7,3,2,0
001c8a58,c8a58,A,276,68,prologue,2,r0,0,1,3,19,0,0
001c8b6c,c8b6c,A,204,69,prologue,1,r0,0,1,6,14,0,0
001c8c64,c8c64,A,180,45,prologue,3,r0,0,1,0,14,0,0
001c8d18,c8d18,A,316,79,prologue,1,r0,0,2,2,1,0,0
001c8e54,c8e54,A,888,220,prologue,1,r0,0,1,4,52,0,0
001c91cc,c91cc,A,236,52,ptr,3,r0,0,0,4,5,1,0
001c9320,c9320,A,228,49,ptr,4,r0,0,0,3,6,1,0
001c9404,c9404,A,52,12,ptr,4,r0,0,0,2,3,0,0
001c943c,c943c,A,236,51,ptr,4,r0,0,0,5,4,1,0
001c9528,c9528,A,820,171,prologue,2,r0,0,1,13,11,4,0
001c9890,c9890,A,500,112,ptr,3,r0,0,0,8,11,1,0
001c9a98,c9a98,A,208,44,ptr,4,r0,0,0,3,4,1,0
001c9b68,c9b68,A,650372,15,ptr,4,r0,0,0,1,4,0,0
001c9ba0,c9ba0,A,44,11,ptr,1,r0,0,0,2,3,0,0
001c9bcc,c9bcc,A,216,46,ptr,4,r0,0,0,4,4,1,0
001c9ca4,c9ca4,A,68,17,ptr,1,r0,0,0,3,5,0,0
001c9ce8,c9ce8,A,468,107,ptr,1,r0,0,0,10,11,1,0
001c9ee8,c9ee8,A,940,195,prologue,4,r0,1,1,17,10,3,0
001ca294,ca294,A,80,19,ptr,4,r0,0,0,7,1,0,0
001ca30c,ca30c,A,48,12,ptr,3,void,0,0,1,3,0,0
001ca33c,ca33c,A,228,49,ptr,4,r0,0,0,3,6,1,0
001ca458,ca458,A,44,11,ptr,1,r0,0,0,2,3,0,0
001ca484,ca484,A,212,45,ptr,4,r0,0,0,4,4,1,0
001ca558,ca558,A,180,38,prologue,1,void,0,2,3,3,1,0
001ca610,ca610,A,712,150,prologue,4,r0,0,1,14,7,3,0
001ca8d8,ca8d8,A,60,14,ptr,4,r0,0,0,5,1,0,0
001ca914,ca914,A,148,37,ptr,4,r0,0,0,1,9,0,0
001ca9a8,ca9a8,A,304,69,ptr,1,r0,0,0,4,6,5,0
001caad8,caad8,A,220,48,prologue,1,void,0,2,4,3,1,0
001cabc0,cabc0,A,60,14,ptr,1,r0,0,0,2,3,0,0
001cabfc,cabfc,A,360,83,ptr,1,r0,0,0,4,9,3,0
001cad64,cad64,A,48,12,ptr,1,r0,0,0,3,3,0,0
001cad98,cad98,A,1040,246,prologue,4,r0,0,2,14,30,6,0
001cb1b0,cb1b0,A,356,82,ptr,1,r0,0,0,8,13,1,0
001cb314,cb314,A,36,9,ptr,1,r0,0,0,0,3,0,0
001cb338,cb338,A,72,17,ptr,4,r0,0,0,2,7,0,0
001cb380,cb380,A,104,26,ptr,4,r0,0,0,3,7,0,0
001cb3e8,cb3e8,A,108,27,ptr,4,r0,0,0,3,7,0,0
001cb454,cb454,A,248,62,ptr,4,r0,0,0,5,12,1,0
001cb550,cb550,A,88,22,ptr,4,r0,0,0,2,6,0,0
001cb5a8,cb5a8,A,156,36,ptr,2,r0,0,0,5,4,1,0
001cb644,cb644,A,56,13,ptr,4,r0,0,0,2,3,0,0
001cb680,cb680,A,172,40,ptr,4,r0,0,0,7,4,1,0
001cb72c,cb72c,A,172,34,ptr,4,r0,0,0,4,4,1,0
001cb7d8,cb7d8,A,200,48,ptr,1,r0,0,0,5,6,1,0
001cb8a0,cb8a0,A,2904,639,prologue,1,void,0,2,32,59,7,0
001cc3f8,cc3f8,A,128,30,ptr,1,r0,0,0,4,4,1,0
001cc478,cc478,A,132,30,ptr,1,r0,0,0,3,4,1,0
001cc4fc,cc4fc,A,60,14,ptr,1,r0,0,0,2,3,0,0
001cc538,cc538,A,220,53,ptr,1,r0,0,0,6,7,1,0
001cc614,cc614,A,44,10,prologue,1,r0,0,1,0,1,0,0
001cc640,cc640,A,48,12,ptr,1,r0,0,0,3,3,0,0
001cc670,cc670,A,2020,493,prologue,4,r0,2,1,22,63,7,0
001cce60,cce60,A,660,162,prologue,4,r0,0,2,11,15,6,0
001cd0f4,cd0f4,A,344,78,ptr,1,r0,0,0,9,13,1,0
001cd24c,cd24c,A,276,62,ptr,2,r0,0,0,6,10,1,0
001cd360,cd360,A,196,42,ptr,2,r0,0,0,4,4,1,0
001cd424,cd424,A,32,8,ptr,2,r0,0,0,1,1,0,0
001cd448,cd448,A,828,197,prologue,4,r0,0,1,12,26,2,0
001cd7f4,cd7f4,A,36,9,ptr,3,void,0,0,1,3,0,0
001cd954,cd954,A,208,44,ptr,4,r0,0,0,3,4,1,0
001cda5c,cda5c,A,340,82,ptr,1,r0,0,0,8,10,1,0
001cdbb0,cdbb0,A,216,46,ptr,4,r0,0,0,4,4,1,0
001cdc88,cdc88,A,184,39,prologue,1,void,0,2,3,3,1,0
001cdd40,cdd40,A,120,27,prologue,1,r0,0,0,6,1,0,0
001cddbc,cddbc,A,48,12,prologue,4,r0,0,0,3,1,0,0
001cddf0,cddf0,A,1136,245,prologue,4,r0,0,1,20,16,4,0
001ce260,ce260,A,100,23,ptr,4,r0,0,0,7,1,0,0
001ce2ec,ce2ec,A,48,12,ptr,3,void,0,0,1,3,0,0
001ce31c,ce31c,A,228,49,ptr,4,r0,0,0,3,6,1,0
001ce438,ce438,A,44,11,ptr,1,r0,0,0,2,3,0,0
001ce464,ce464,A,212,45,ptr,4,r0,0,0,4,4,1,0
001ce538,ce538,A,180,38,prologue,1,void,0,2,3,3,1,0
001ce5f0,ce5f0,A,672,140,prologue,3,r0,0,1,12,7,3,0
001ce890,ce890,A,60,14,ptr,4,r0,0,0,5,1,0,0
001ce8f4,ce8f4,A,48,12,ptr,3,void,0,0,1,3,0,0
001ce924,ce924,A,204,43,ptr,4,r0,0,0,3,4,1,0
001cea28,cea28,A,44,11,ptr,1,r0,0,0,2,3,0,0
001cea54,cea54,A,212,45,ptr,4,r0,0,0,4,4,1,0
001ceb28,ceb28,A,180,38,prologue,1,void,0,2,3,3,1,0
001cebe0,cebe0,A,672,140,prologue,3,r0,0,1,12,7,3,0
001cee80,cee80,A,60,14,ptr,4,r0,0,0,5,1,0,0
001ceebc,ceebc,A,16,4,ptr,3,void,0,0,0,1,0,0
001cef48,cef48,A,20,5,ptr,2,void,0,0,0,1,1,0
001cef60,cef60,A,688,142,prologue,4,r0,1,1,13,5,2,0
001cf21c,cf21c,A,208,49,ptr,4,r0,0,0,8,3,2,0
001cf2ec,cf2ec,A,2720,676,ptr,1,r0,0,0,16,132,13,0
001cfd8c,cfd8c,A,260,56,ptr,2,r0,0,0,5,6,1,0
001cfe90,cfe90,A,44,11,ptr,1,r0,0,0,2,3,0,0
001cfebc,cfebc,A,248,54,ptr,1,r0,0,0,5,6,1,0
001cffb4,cffb4,A,16,4,call,2,void,0,1,0,1,1,0
001cffc4,cffc4,A,12,3,prologue,2,void,0,0,1,1,0,0
001cffd0,cffd0,A,444,102,prologue,2,r0,0,1,11,5,2,0
001d0198,d0198,A,104,26,ptr,1,r0,0,0,2,7,0,0
001d0208,d0208,A,1012,244,prologue,4,r0,1,2,8,40,6,0
001d0608,d0608,A,336,77,ptr,1,r0,0,0,4,8,2,0
001d0758,d0758,A,312,71,ptr,2,r0,0,0,5,6,5,0
001d0890,d0890,A,60,14,ptr,1,r0,0,0,2,3,0,0
001d08cc,d08cc,A,256,54,ptr,1,r0,0,0,6,4,1,0
001d09cc,d09cc,A,264,55,ptr,1,r0,0,0,3,4,2,0
001d0ad4,d0ad4,A,216,46,ptr,4,r0,0,0,3,4,1,0
001d0bac,d0bac,A,92,20,ptr,4,r0,0,0,3,3,0,0
001d0c08,d0c08,A,648,143,prologue,4,r0,1,1,14,5,3,0
001d0e90,d0e90,A,660,137,prologue,3,void,0,1,10,5,2,0
001d1168,d1168,A,80,18,prologue,1,r0,0,1,4,1,0,0
001d11b8,d11b8,A,432,80,prologue,3,void,0,1,5,1,0,0
001d1368,d1368,A,96,21,prologue,1,r0,0,1,4,1,0,0
001d13c8,d13c8,A,428,101,ptr,1,r0,0,0,11,7,4,0
001d15d8,d15d8,A,176,39,ptr,1,r0,0,0,4,3,2,0
001d1688,d1688,A,124,29,ptr,1,r0,0,0,4,4,1,0
001d1704,d1704,A,172,34,ptr,1,r0,0,0,5,4,1,0
001d17b0,d17b0,A,124,29,ptr,1,r0,0,0,4,4,1,0
001d182c,d182c,A,124,29,ptr,1,r0,0,0,4,4,1,0
001d18a8,d18a8,A,288,64,ptr,1,r0,0,0,4,9,2,0
001d19c8,d19c8,A,204,47,ptr,1,r0,0,0,7,10,1,0
001d1a94,d1a94,A,176,34,ptr,1,r0,0,0,4,4,1,0
001d1b48,d1b48,A,212,51,ptr,1,r0,0,0,4,5,1,0
001d1c1c,d1c1c,A,120,28,ptr,1,void,0,0,5,1,1,0
001d1c94,d1c94,A,152,35,ptr,2,r0,0,0,5,6,1,0
001d1d2c,d1d2c,A,228,55,ptr,1,r0,0,0,4,6,5,0
001d1e10,d1e10,A,304,72,ptr,1,r0,0,0,7,13,1,0
001d1f40,d1f40,A,208,50,ptr,1,r0,0,0,4,7,1,0
001d2010,d2010,A,52,13,ptr,1,r0,0,0,2,3,0,0
001d2044,d2044,A,132,31,ptr,1,r0,0,0,5,4,1,0
001d20c8,d20c8,A,140,32,ptr,1,r0,0,0,4,4,1,0
001d2154,d2154,A,212,51,ptr,1,r0,0,0,4,7,2,0
001d2228,d2228,A,112,26,ptr,1,r0,0,0,4,4,1,0
001d2298,d2298,A,228,55,ptr,1,r0,0,0,4,6,2,0
001d23d0,d23d0,A,212,49,ptr,1,r0,0,0,8,10,1,0
001d24a4,d24a4,A,244,57,ptr,1,r0,0,0,9,12,1,0
001d2598,d2598,A,196,44,ptr,1,r0,0,0,4,6,2,0
001d265c,d265c,A,532,109,ptr,1,r0,0,0,7,11,3,0
001d28c0,d28c0,A,444,92,prologue,1,void,0,1,17,3,1,0
001d2a7c,d2a7c,A,16,4,ptr,4,r0,0,0,2,1,0,0
001d2b84,d2b84,A,64,16,ptr,1,r0,0,0,2,1,0,0
001d2bc8,d2bc8,A,4168,875,prologue,4,r0,0,1,27,50,18,0
001d3c20,d3c20,A,184,44,ptr,4,r0,0,0,6,3,1,0
001d3ce0,d3ce0,A,64,16,ptr,1,r0,0,0,2,1,0,0
001d3d28,d3d28,A,1016,218,prologue,4,r0,1,1,12,11,5,0
001d4150,d4150,A,36,8,ptr,4,r0,0,0,2,1,0,0
001d417c,d417c,A,64,16,ptr,1,r0,0,0,2,1,0,0
001d41c0,d41c0,A,24,6,ptr,3,void,0,0,0,1,0,0
001d41dc,d41dc,A,28,7,prologue,4,r0:r1,0,1,1,1,0,0
001d41f8,d41f8,A,1496,310,prologue,3,r0,0,1,14,24,3,0
001d47d0,d47d0,A,52,12,ptr,4,r0,0,0,4,1,0,0
001d480c,d480c,A,64,16,ptr,1,r0,0,0,2,1,0,0
001d4850,d4850,A,1796,369,prologue,4,r0,1,1,17,16,8,0
001d4fb0,d4fb0,A,36,8,ptr,4,r0,0,0,2,1,0,0
001d4fd4,d4fd4,A,172,43,ptr,1,r0,0,0,6,1,0,0
001d50a0,d50a0,A,168,42,prologue,1,r0,0,0,6,4,0,0
001d515c,d515c,A,244,54,ptr,3,r0,0,0,4,5,1,0
001d5380,d5380,A,328,74,ptr,2,r0,0,0,4,6,1,0
001d54c8,d54c8,A,80,20,ptr,4,r0,0,0,1,5,0,0
001d551c,d551c,A,276,62,ptr,1,r0,0,0,4,6,1,0
001d5630,d5630,A,392,87,ptr,4,r0,0,0,7,11,1,0
001d57b8,d57b8,A,3304,791,prologue,4,r0,1,1,29,109,4,0
001d64a0,d64a0,A,28,1,call,0,void,0,1,0,1,1,0
001d64a4,d64a4,A,20,5,prologue,4,void,0,0,2,1,0,0
001d64dc,d64dc,A,40,10,prologue,1,r0,0,0,1,1,0,0
001d6504,d6504,A,48,12,ptr,2,r0,0,0,2,3,0,0
001d6534,d6534,A,48,12,ptr,2,r0,0,0,2,3,0,0
001d6564,d6564,A,348,79,ptr,2,r0,0,0,10,12,1,0
001d66c0,d66c0,A,812,190,ptr,2,r0,0,0,16,35,1,0
001d69ec,d69ec,A,364,82,ptr,2,r0,0,0,10,14,1,0
001d6b58,d6b58,A,528,131,prologue,2,r0,0,1,5,19,0,0
001d6d68,d6d68,A,40,10,prologue,1,r0,0,0,1,1,0,0
001d6d90,d6d90,A,232,55,ptr,4,r0,0,0,6,8,1,0
001d6e94,d6e94,A,120,28,ptr,1,r0,0,0,4,4,1,0
001d6f0c,d6f0c,A,200,48,ptr,1,r0,0,0,5,7,2,0
001d6fd4,d6fd4,A,132,31,ptr,1,r0,0,0,5,4,1,0
001d7058,d7058,A,300,65,ptr,1,r0,0,0,9,11,1,0
001d7184,d7184,A,16,4,ptr,4,void,0,0,1,3,0,0
001d71c8,d71c8,A,128,29,ptr,4,r0,0,0,3,4,1,0
001d7248,d7248,A,56,13,ptr,4,r0,0,0,2,3,0,0
001d7284,d7284,A,136,31,ptr,4,r0,0,0,4,4,1,0
001d7310,d7310,A,936,183,prologue,1,void,0,1,18,13,4,0
001d76b8,d76b8,A,104,24,prologue,4,void,0,2,3,3,1,0
001d7720,d7720,A,140,33,ptr,1,r0,0,0,6,4,1,0
001d77ac,d77ac,A,28,6,ptr,1,r0,0,0,1,1,0,0
001d77c8,d77c8,A,80,20,ptr,1,r0,0,0,4,5,0,0
001d7818,d7818,A,460,98,ptr,2,r0,0,0,8,9,2,0
001d79e4,d79e4,A,320,66,ptr,1,r0,0,0,7,9,1,0
001d7b24,d7b24,A,496,117,ptr,1,r0,0,0,9,19,1,0
001d7d14,d7d14,A,336,76,ptr,2,r0,0,0,10,10,1,0
001d7e64,d7e64,A,556,131,ptr,2,r0,0,0,9,20,1,0
001d8094,d8094,A,392,86,prologue,1,void,0,1,11,3,1,0
001d8248,d8248,A,16,4,ptr,4,r0,0,0,2,1,0,0
001d83e8,d83e8,A,156,34,ptr,1,r0,0,0,4,3,1,0
001d8484,d8484,A,244,58,ptr,1,r0,0,0,6,8,2,0
001d8578,d8578,A,220,40,ptr,1,r0,0,0,6,5,1,0
001d8654,d8654,A,132,30,ptr,1,r0,0,0,4,4,1,0
001d86d8,d86d8,A,48,12,ptr,1,r0,0,0,3,3,0,0
001d8708,d8708,A,32,7,ptr,3,void,0,0,1,3,0,0
001d8728,d8728,A,464,113,ptr,3,r0,0,0,5,19,1,0
001d8970,d8970,A,252,61,ptr,1,r0,0,0,5,7,1,0
001d8a6c,d8a6c,A,64,15,ptr,1,r0,0,0,3,3,0,0
001d8aac,d8aac,A,200,48,ptr,1,r0,0,0,5,8,1,0
001d8b74,d8b74,A,124,28,ptr,4,r0,0,0,3,4,1,0
001d8bf0,d8bf0,A,52,12,ptr,4,r0,0,0,2,3,0,0
001d8c28,d8c28,A,132,31,ptr,1,r0,0,0,3,3,2,0
001d8cac,d8cac,A,268,65,ptr,1,r0,0,0,5,7,2,0
001d8db8,d8db8,A,180,42,ptr,1,r0,0,0,5,4,1,0
001d8e6c,d8e6c,A,204,48,ptr,4,r0,0,0,4,8,1,0
001d8f38,d8f38,A,200,48,ptr,1,r0,0,0,5,8,1,0
001d9000,d9000,A,116,27,ptr,1,r0,0,0,4,4,1,0
001d9078,d9078,A,2472,547,prologue,4,r0,0,1,28,23,5,0
001d9a38,d9a38,A,148,37,prologue,1,void,0,1,3,1,0,0
001d9b10,d9b10,A,324,73,ptr,3,r0,0,0,5,10,1,0
001d9d04,d9d04,A,204,43,ptr,4,r0,0,0,3,4,1,0
001d9dd0,d9dd0,A,52,12,ptr,4,r0,0,0,2,3,0,0
001d9e08,d9e08,A,244,53,ptr,4,r0,0,0,6,4,1,0
001d9efc,d9efc,A,224,48,ptr,4,r0,0,0,5,5,1,0
001d9fdc,d9fdc,A,224,48,ptr,1,r0,0,0,5,4,1,0
001da0c0,da0c0,A,1488,296,prologue,3,r0,0,1,25,13,5,0
001da6a8,da6a8,A,528,132,ptr,1,r0,0,0,3,18,1,0
001da8b8,da8b8,A,148,37,ptr,4,r0,0,0,2,9,3,0
001da94c,da94c,A,16,4,ptr,1,r0,0,0,2,1,0,0
001da95c,da95c,A,576,140,ptr,1,r0,0,1,2,25,1,0
001daba0,daba0,A,2580,544,ptr,1,r0,0,0,35,59,4,0
001db5b4,db5b4,A,244,58,ptr,1,r0,0,0,8,7,1,0
001db6a8,db6a8,A,108,27,ptr,4,r0,0,0,3,7,0,0
001db714,db714,A,84,20,ptr,1,r0,0,0,4,5,0,0
001db768,db768,A,72,17,ptr,4,r0,0,0,2,7,0,0
001db7b0,db7b0,A,184,46,ptr,4,r0,0,0,2,11,1,0
001db86c,db86c,A,336,81,ptr,2,r0,0,0,8,8,1,0
001db9bc,db9bc,A,172,43,ptr,2,r0,0,0,3,9,0,0
001dba70,dba70,A,260,58,prologue,1,void,0,1,7,9,2,0
001dbb78,dbb78,A,284,63,prologue,4,void,0,1,7,9,2,0
001dbc98,dbc98,A,176,39,ptr,1,r0,0,0,4,4,1,0
001dbd48,dbd48,A,224,53,ptr,1,r0,0,0,8,7,1,0
001dbe28,dbe28,A,72,17,ptr,1,r0,0,0,2,3,0,0
001dbe70,dbe70,A,300,73,ptr,1,r0,0,0,3,12,1,0
001dbf9c,dbf9c,A,228,55,ptr,2,r0,0,0,6,8,1,0
001dc080,dc080,A,16,4,ptr,1,r0,0,0,2,1,0,0
001dc090,dc090,A,864,210,ptr,1,r0,0,1,16,11,6,0
001dc3f0,dc3f0,A,12,2,call,4,r0:r1,0,1,1,1,0,0
001dc3fc,dc3fc,A,1716,425,prologue,2,void,0,1,7,73,0,0
001dcab0,dcab0,A,100,25,prologue,1,r0,0,0,4,5,0,0
001dcb14,dcb14,A,28,6,ptr,2,r0,0,0,0,3,1,0
001dcb34,dcb34,A,20,4,ptr,2,void,0,0,0,1,1,0
001dcb48,dcb48,A,128,32,ptr,4,r0,0,0,1,6,3,0
001dcbc8,dcbc8,A,772,193,ptr,2,r0,0,0,2,33,0,0
001dcecc,dcecc,A,96,24,prologue,4,r0,1,1,2,3,0,0
001dcf2c,dcf2c,A,44,11,prologue,2,r0:r1,0,1,0,3,1,0
001dcf58,dcf58,A,2084,518,prologue,1,void,0,1,14,46,2,0
001dd77c,dd77c,A,348,86,prologue,2,void,0,1,6,9,2,0
001dd8d8,dd8d8,A,196,48,ptr,4,r0,0,0,4,9,3,0
001dd99c,dd99c,A,64,15,prologue,0,void,0,1,2,1,0,0
001dd9dc,dd9dc,A,16,4,ptr,1,r0,0,0,2,1,0,0
001dd9ec,dd9ec,A,784,190,ptr,1,r0,0,1,4,33,3,0
001ddcfc,ddcfc,A,436,105,prologue,4,r0,1,1,6,19,0,0
001ddeb0,ddeb0,A,192,48,ptr,1,r0,0,0,7,5,0,0
001ddf74,ddf74,A,124,31,ptr,3,r0,0,0,4,7,0,0
001ddff0,ddff0,A,160,40,ptr,4,r0,0,0,7,4,0,0
001de090,de090,A,636,149,prologue,1,void,0,1,16,14,1,0
001de338,de338,A,132,33,ptr,3,r0,0,0,2,10,0,0
001de3bc,de3bc,A,220,47,ptr,2,r0,0,0,4,4,1,0
001de498,de498,A,836,196,ptr,4,r0,0,0,15,18,2,0
001de7dc,de7dc,A,128,32,ptr,4,r0,0,0,4,7,0,0
001de85c,de85c,A,80,19,ptr,4,r0,0,0,4,3,0,0
001de8ac,de8ac,A,64,15,ptr,4,r0,0,0,2,3,0,0
001de8f0,de8f0,A,108,22,prologue,4,r0,0,2,3,3,0,0
001de98c,de98c,A,200,50,prologue,2,void,0,1,8,6,0,0
001dea6c,dea6c,A,156,39,ptr,1,void,0,0,5,4,0,0
001deb14,deb14,A,200,50,prologue,2,r0:r1,0,1,8,6,0,0
001debe8,debe8,A,172,43,ptr,3,r0,0,0,0,8,4,0
001decb8,decb8,A,76,17,ptr,1,r0,0,0,3,1,1,0
001ded04,ded04,A,68,15,ptr,1,r0,0,0,2,1,1,0
001ded48,ded48,A,1060,254,prologue,4,void,0,0,28,27,0,0
001df170,df170,A,1482600,17,prologue,2,void,0,0,0,2,2,0
001df1a4,df1a4,A,304,72,prologue,0,r0,0,0,8,14,0,0
001df2d4,df2d4,A,212,47,prologue,4,void,0,0,8,7,0,0
001df3a8,df3a8,A,524,128,prologue,4,r0,0,1,9,19,2,0
001df5b4,df5b4,A,160,37,prologue,2,void,0,1,3,5,1,0
001df7bc,df7bc,A,252,61,call,3,r0,2,1,0,9,0,0
001df8b8,df8b8,A,540,132,prologue,0,r0,0,0,6,11,0,0
001dfad4,dfad4,A,52,11,call,0,r0:r1,0,2,0,1,0,0
001dfb08,dfb08,A,60,14,call,1,r0,0,1,0,4,0,0
001dfb44,dfb44,A,528,129,prologue,2,r0:r1,0,1,7,28,2,0
001dfd54,dfd54,A,8,2,call,1,void,0,1,0,3,1,0
001dfd5c,dfd5c,A,212,50,prologue,4,r0,0,0,6,12,1,0
001dff50,dff50,A,8,2,call,1,r0,0,1,0,3,1,0
001dff58,dff58,A,408,98,prologue,4,r0,0,0,6,17,0,0
001e00f0,e00f0,A,16,3,call,1,void,0,1,0,1,0,0
001e0100,e0100,A,40,10,call,1,r0:r1,0,1,0,4,0,0
001e0128,e0128,A,96,24,prologue,1,r0,0,1,0,5,1,0
001e0188,e0188,A,440,110,prologue,4,r0,0,1,0,15,3,0
001e0340,e0340,A,48,12,call,1,r0,0,1,0,3,0,0
001e0370,e0370,A,924,228,prologue,1,void,0,1,5,24,4,0
001e070c,e070c,A,752,187,prologue,1,r0,0,1,7,31,3,0
001e09fc,e09fc,A,40,10,call,1,r0:r1,0,1,0,3,0,0
001e0a24,e0a24,A,268,67,prologue,1,void,0,2,3,8,2,0
001e0b30,e0b30,A,40,10,prologue,4,r0,0,1,0,3,1,0
001e0b58,e0b58,A,32,8,call,1,r0:r1,0,1,0,1,0,0
001e0b78,e0b78,A,108,27,prologue,2,void,0,1,2,5,1,0
001e0be4,e0be4,A,16,4,call,1,r0:r1,0,1,0,1,0,0
001e0bf4,e0bf4,A,96,24,prologue,1,void,0,1,2,3,1,0
001e0c54,e0c54,A,352,88,call,4,r0,0,1,0,19,0,0
001e0db4,e0db4,A,152,38,call,4,void,0,1,0,1,0,0
001e0e4c,e0e4c,A,788,197,prologue,1,r0,0,1,3,22,3,0
001e1160,e1160,A,176,44,call,1,void,0,1,0,7,0,0
001e1210,e1210,A,620,155,prologue,1,void,0,1,3,18,6,0
001e147c,e147c,A,4,1,call,1,r0,0,1,0,1,1,0
001e1480,e1480,A,72,17,prologue,1,r0,0,0,2,1,0,0
001e14c8,e14c8,A,196,47,prologue,3,r0,0,1,1,12,3,0
001e158c,e158c,A,116,28,prologue,3,r0,0,1,1,5,2,0
001e1600,e1600,A,64,16,prologue,2,r0,0,1,1,3,2,0
001e1640,e1640,A,64,16,prologue,2,r0,0,1,1,3,2,0
001e1680,e1680,A,144,36,ptr,1,r0,0,0,4,8,0,0
001e1710,e1710,A,264,66,prologue,2,void,0,1,4,3,3,0
001e1818,e1818,A,276,69,prologue,4,void,0,1,2,13,1,0
001e192c,e192c,A,340,85,prologue,3,void,0,1,4,5,3,0
001e1a80,e1a80,A,264,66,prologue,2,void,0,1,4,3,3,0
001e1b88,e1b88,A,276,69,prologue,3,void,0,1,3,3,3,0
001e1c9c,e1c9c,A,76,19,prologue,1,r0,0,1,1,1,0,0
001e1ce8,e1ce8,A,148,37,prologue,1,r0,0,1,1,7,1,0
001e1d7c,e1d7c,A,72,2,call,0,void,0,1,0,1,1,0
001e1d84,e1d84,A,68,14,prologue,2,r0,0,0,4,3,0,0
001e1dc8,e1dc8,A,12,2,call,4,void,0,1,1,1,0,0
001e1dd4,e1dd4,A,36,8,ptr,1,r0,0,0,1,1,0,0
001e1df8,e1df8,A,36,8,ptr,1,r0,0,0,1,1,0,0
001e1e1c,e1e1c,A,36,8,ptr,1,r0,0,0,1,1,0,0
001e1e40,e1e40,A,92,20,prologue,3,void,0,1,1,3,0,0
001e1e9c,e1e9c,A,1548,371,prologue,4,r0,0,1,8,59,0,0
001e24bc,e24bc,A,52,13,call,2,r0,0,1,0,3,0,0
001e24f0,e24f0,A,44,9,call,0,r0:r1,0,1,1,1,0,0
001e251c,e251c,A,16,3,call,1,r0,0,1,0,1,0,0
001e252c,e252c,A,280,63,prologue,0,r0:r1,0,2,7,8,0,0
001e2644,e2644,A,60,13,prologue,0,r0,0,1,2,1,0,0
001e2680,e2680,A,24,5,call,4,void,0,1,1,3,0,0
001e2698,e2698,A,48,11,prologue,4,r0:r1,0,1,3,3,0,0
001e26c8,e26c8,A,268,65,prologue,4,r0,0,1,6,16,0,0
001e27d4,e27d4,A,32,7,call,4,r0:r1,0,1,1,3,0,0
001e27f4,e27f4,A,24,5,call,4,void,0,1,1,3,0,0
001e280c,e280c,A,60,13,prologue,0,r0:r1,0,2,2,1,0,0
001e2848,e2848,A,200,49,prologue,4,r0:r1,0,1,7,11,0,0
001e2910,e2910,A,196,47,prologue,4,void,0,1,4,12,0,0
001e29d4,e29d4,A,72,16,prologue,4,r0:r1,0,1,0,1,0,0
001e2a1c,e2a1c,A,76,17,prologue,4,r0:r1,0,1,0,3,0,0
001e2a68,e2a68,A,88,19,prologue,2,r0:r1,0,1,0,1,0,0
001e2ac0,e2ac0,A,96,21,prologue,3,void,0,1,0,1,0,0
001e2b20,e2b20,A,60,13,prologue,4,r0:r1,0,1,0,1,0,0
001e2b5c,e2b5c,A,60,13,prologue,4,r0:r1,0,1,0,1,0,0
001e2b98,e2b98,A,80,17,prologue,4,r0,0,1,0,3,0,0
001e2be8,e2be8,A,60,14,prologue,4,void,0,1,0,3,0,0
001e2c24,e2c24,A,64,14,prologue,4,void,0,1,0,1,0,0
001e2c64,e2c64,A,60,13,prologue,4,r0,0,1,0,1,0,0
001e2ca0,e2ca0,A,104,23,prologue,4,r0,0,1,0,1,0,0
001e2d08,e2d08,A,80,18,prologue,4,void,0,1,0,1,0,0
001e2d58,e2d58,A,112,25,prologue,4,void,0,1,0,1,0,0
001e2dc8,e2dc8,A,60,14,prologue,4,r0:r1,0,1,0,3,0,0
001e2e04,e2e04,A,56,13,prologue,1,r0:r1,0,1,4,3,0,0
001e2e3c,e2e3c,A,208,48,prologue,0,void,0,1,4,8,0,0
001e2f0c,e2f0c,A,28,7,prologue,4,r0:r1,0,2,1,1,0,0
001e2f28,e2f28,A,100,22,prologue,0,void,0,1,3,6,0,0
001e2f8c,e2f8c,A,32,8,prologue,4,r0,0,1,1,1,0,0
001e2fac,e2fac,A,4,1,call,1,void,0,2,0,1,1,0
001e2fb0,e2fb0,A,72,17,prologue,4,r0,0,0,0,3,0,0
001e2ff8,e2ff8,A,4,1,call,1,r0,0,1,0,1,1,0
001e2ffc,e2ffc,A,80,18,prologue,4,r0,0,0,0,3,0,0
001e304c,e304c,A,4,1,call,1,r0:r1,0,3,0,1,1,0
001e3050,e3050,A,76,17,prologue,4,r0,0,0,0,3,0,0
001e309c,e309c,A,4,1,call,1,r0,0,3,0,1,1,0
001e30a0,e30a0,A,92,21,prologue,4,r0,0,0,0,3,0,0
001e30fc,e30fc,A,4,1,call,1,r0,0,3,0,1,1,0
001e3100,e3100,A,104,24,prologue,4,r0,0,0,0,1,0,0
001e3168,e3168,A,4,1,call,1,r0,0,1,0,1,1,0
001e316c,e316c,A,104,24,prologue,4,r0,0,0,0,1,0,0
001e31d4,e31d4,A,12,3,call,1,r0:r1,0,2,0,1,1,0
001e31e0,e31e0,A,72,16,prologue,4,r0,0,0,0,1,0,0
001e3228,e3228,A,4,1,call,1,void,0,1,0,1,1,0
001e322c,e322c,A,68,15,prologue,4,r0,0,0,0,1,0,0
001e3270,e3270,A,4,1,call,1,r0,0,1,0,1,1,0
001e3274,e3274,A,88,21,prologue,4,r0,0,0,0,3,0,0
001e32cc,e32cc,A,8,2,call,1,r0:r1,0,2,0,1,1,0
001e32d4,e32d4,A,76,17,prologue,4,r0,0,0,0,3,0,0
001e3320,e3320,A,112,26,prologue,4,r0,0,1,0,3,0,0
001e3390,e3390,A,4,1,call,1,r0:r1,0,1,0,1,1,0
001e3394,e3394,A,60,13,prologue,4,r0,0,0,0,1,0,0
001e33d0,e33d0,A,68,17,prologue,3,void,0,1,3,1,0,0
001e3414,e3414,A,168,42,prologue,4,r0,6,1,2,4,1,0
001e34bc,e34bc,A,68,17,prologue,4,r0,0,1,2,1,0,0
001e3500,e3500,A,52,13,call,0,r0:r1,0,1,3,1,0,0
001e3534,e3534,A,48,12,prologue,4,r0,0,1,2,1,0,0
001e3564,e3564,A,68,17,prologue,3,r0:r1,0,1,3,1,0,0
001e35a8,e35a8,A,148,35,prologue,4,r0:r1,2,1,2,4,0,0
001e363c,e363c,A,112,27,call,2,r0:r1,0,1,2,4,0,0
001e36ac,e36ac,A,140,34,prologue,4,r0,1,1,1,1,0,0
001e3738,e3738,A,8,2,call,1,r0,0,1,0,1,1,0
001e3740,e3740,A,124,30,prologue,3,r0,0,0,1,3,0,0
001e37bc,e37bc,A,76,1,call,0,void,0,1,0,1,1,0
001e37c0,e37c0,A,76,17,prologue,2,r0,0,0,3,3,0,0
001e380c,e380c,A,84,20,prologue,0,void,0,1,2,4,0,0
001e3860,e3860,A,24,6,call,0,r0,3,1,0,1,0,0
001e3878,e3878,A,16,3,ptr,0,r0,0,0,1,1,0,0
001e388c,e388c,A,20,5,prologue,4,r0,0,1,1,1,0,0
001e38a0,e38a0,A,248,60,prologue,2,r0,3,1,3,3,0,0
001e3998,e3998,A,200,46,prologue,4,r0,1,1,1,8,0,0
001e3a60,e3a60,A,640,157,prologue,1,r0,0,1,4,17,3,0
001e3ce0,e3ce0,A,12,2,ptr,0,r0,0,0,0,1,0,0
001e3cec,e3cec,A,12,2,ptr,0,r0,0,0,0,1,0,0
001e3cf8,e3cf8,A,16,4,ptr,1,void,0,0,0,1,1,0
001e3d08,e3d08,A,12,2,ptr,0,r0,0,0,0,1,0,0
001e3d14,e3d14,A,12,2,ptr,0,r0,0,0,0,1,0,0
001e3d20,e3d20,A,12,2,ptr,0,r0,0,0,0,1,0,0
001e3d2c,e3d2c,A,16,4,ptr,1,void,0,0,0,1,1,0
001e3d3c,e3d3c,A,296,74,ptr,2,r0,0,0,0,17,4,0
001e3e64,e3e64,A,80,20,ptr,1,r0,0,0,2,1,1,0
001e3eb4,e3eb4,A,152,38,ptr,4,r0,0,0,0,5,1,0
001e3f4c,e3f4c,A,12,2,ptr,0,r0,0,0,0,1,0,0
001e3f5c,e3f5c,A,724,176,ptr,3,r0,0,0,4,28,2,0
001e4230,e4230,A,100,24,prologue,4,r0,0,1,1,3,1,0
001e4294,e4294,A,124,30,prologue,4,r0:r1,0,2,2,4,1,0
001e4310,e4310,A,92,22,prologue,4,r0,0,1,1,3,1,0
001e436c,e436c,A,32,7,call,1,r0,0,1,0,3,1,0
001e438c,e438c,A,32,7,call,1,r0,0,1,0,3,1,0
001e43ac,e43ac,A,180,41,prologue,4,r0,1,1,2,5,0,0
001e4460,e4460,A,108,26,prologue,1,r0:r1,0,1,2,4,1,0
001e44cc,e44cc,A,444,106,prologue,4,r0,0,1,6,14,2,0
001e4688,e4688,A,192,43,prologue,3,r0,0,1,3,6,0,0
001e4748,e4748,A,20,5,gapstart,1,void,0,0,0,1,0,0
001e475c,e475c,A,112,27,ptr,4,r0,0,0,2,3,0,0
001e47cc,e47cc,A,92,22,ptr,2,r0,0,0,2,3,0,0
001e4828,e4828,A,80,19,ptr,1,r0,0,0,2,1,1,0
001e4878,e4878,A,92,22,ptr,2,r0,0,0,2,3,0,0
001e48d4,e48d4,A,92,22,ptr,2,r0,0,0,2,3,0,0
001e4930,e4930,A,40,10,ptr,4,void,0,0,2,1,0,0
001e4958,e4958,A,32,8,ptr,4,void,0,0,2,1,0,0
001e4978,e4978,A,32,8,ptr,4,void,0,0,2,1,0,0
001e4998,e4998,A,112,27,ptr,4,r0,0,0,4,3,1,0
001e4a08,e4a08,A,64,16,ptr,4,r0,2,0,2,1,0,0
001e4a48,e4a48,A,144,36,ptr,4,void,0,0,2,1,0,0
001e4ad8,e4ad8,A,68,17,ptr,4,void,0,0,2,1,0,0
001e4b1c,e4b1c,A,40,10,ptr,4,r0,0,0,0,3,0,0
001e4b44,e4b44,A,192,44,ptr,4,r0,0,1,3,7,0,0
001e4c04,e4c04,A,88,21,ptr,4,r0,0,0,2,3,0,0
001e4c5c,e4c5c,A,308,72,prologue,2,r0,0,1,4,12,0,0
001e4d90,e4d90,A,76,16,ptr,3,r0,0,0,1,3,0,0
001e4ddc,e4ddc,A,84,20,ptr,1,r0,0,0,2,1,1,0
001e4e30,e4e30,A,132,31,ptr,4,r0,0,0,1,5,1,0
001e4eb4,e4eb4,A,12,2,ptr,0,r0,0,0,0,1,0,0
001e4ec0,e4ec0,A,92,22,prologue,4,r0,0,1,0,1,0,0
001e4f1c,e4f1c,A,80,19,prologue,4,r0,0,1,0,1,0,0
001e4f6c,e4f6c,A,68,16,prologue,4,r0:r1,0,1,1,3,0,0
001e4fb0,e4fb0,A,68,16,prologue,4,r0,1,1,1,1,0,0
001e4ff4,e4ff4,A,140,34,prologue,4,r0,5,1,0,3,0,0
001e5080,e5080,A,92,22,prologue,4,r0,3,1,0,3,0,0
001e50dc,e50dc,A,108,26,prologue,4,r0:r1,2,1,0,1,0,0
001e5148,e5148,A,56,13,prologue,4,r0,0,1,0,3,0,0
001e5180,e5180,A,56,13,prologue,4,r0,0,1,0,3,0,0
001e51b8,e51b8,A,84,20,prologue,4,r0,0,1,0,1,0,0
001e520c,e520c,A,72,17,prologue,4,r0,0,1,0,3,0,0
001e5254,e5254,A,72,17,prologue,4,r0,1,1,0,1,0,0
001e529c,e529c,A,92,22,prologue,4,r0,0,1,0,1,0,0
001e52f8,e52f8,A,60,14,prologue,2,r0,0,1,0,1,0,0
001e5334,e5334,A,80,19,prologue,4,r0,0,1,0,3,0,0
001e5384,e5384,A,80,19,prologue,4,r0:r1,5,1,0,1,0,0
001e53d4,e53d4,A,52,12,prologue,4,r0:r1,0,1,0,1,0,0
001e5408,e5408,A,80,19,prologue,4,r0,0,1,0,1,0,0
001e5458,e5458,A,116,28,prologue,3,r0,0,1,0,3,0,0
001e54cc,e54cc,A,48,11,prologue,4,void,0,1,0,1,0,0
001e54fc,e54fc,A,56,13,prologue,4,void,0,1,0,3,0,0
001e5534,e5534,A,88,21,prologue,4,r0:r1,0,2,0,3,0,0
001e558c,e558c,A,44,10,prologue,4,r0:r1,0,2,0,1,0,0
001e55b8,e55b8,A,96,23,prologue,4,void,1,1,0,3,0,0
001e5618,e5618,A,76,18,prologue,4,void,0,1,0,3,0,0
001e5664,e5664,A,56,13,prologue,4,void,0,1,0,3,0,0
001e569c,e569c,A,48,11,prologue,4,void,0,1,0,1,0,0
001e56cc,e56cc,A,72,18,prologue,4,r0,0,1,1,3,0,0
001e5714,e5714,A,160,39,prologue,4,r0,0,1,1,10,0,0
001e57b4,e57b4,A,16,4,call,2,r0,0,1,0,1,1,0
001e57c4,e57c4,A,172,43,prologue,4,r0,0,0,1,7,0,0
001e5870,e5870,A,36,8,call,2,r0,0,1,0,1,0,0
001e5894,e5894,A,88,2,call,4,r0,0,1,0,1,1,0
001e589c,e589c,A,76,19,prologue,4,r0,0,0,1,1,0,0
001e58f0,e58f0,A,48,12,call,1,r0:r1,0,1,0,4,0,0
001e5920,e5920,A,272,66,prologue,4,r0,0,1,3,10,0,0
001e5a30,e5a30,A,104,23,prologue,2,void,0,1,2,4,0,0
001e5a98,e5a98,A,32,7,call,1,r0,0,1,1,3,0,0
001e5ab8,e5ab8,A,20,5,prologue,1,r0,0,0,1,1,0,0
001e5acc,e5acc,A,180,44,prologue,1,void,0,2,1,10,0,0
001e5b84,e5b84,A,108,26,prologue,4,r0:r1,0,2,2,7,0,0
001e5bf0,e5bf0,A,44,11,prologue,4,r0,0,0,1,3,0,0
001e5c1c,e5c1c,A,16,4,call,2,void,0,1,0,1,0,0
001e5c2c,e5c2c,A,136,31,prologue,2,void,0,1,1,8,0,0
001e5cb4,e5cb4,A,128,1,call,0,void,0,1,0,1,1,0
001e5cb8,e5cb8,A,132,30,prologue,1,r0,0,0,1,8,0,0
001e5d3c,e5d3c,A,52,12,gapstart,1,void,0,0,0,4,0,0
001e5d74,e5d74,A,260,65,prologue,3,r0,0,0,2,12,0,0
001e5e78,e5e78,A,156,36,prologue,4,void,1,1,2,6,0,0
001e5f14,e5f14,A,128,29,prologue,4,r0,1,2,1,6,0,0
001e5f94,e5f94,A,44,11,prologue,4,r0,0,0,1,3,0,0
001e5fc0,e5fc0,A,1743704,33,ptr,3,r0,0,0,2,8,1,0
001e6018,e6018,A,164,40,ptr,4,r0,0,0,6,6,0,0
001e60bc,e60bc,A,92,22,ptr,4,r0,0,0,0,7,0,0
001e6118,e6118,A,108,24,prologue,4,r0,0,2,3,4,0,0
001e6184,e6184,A,12,3,gapstart,1,void,0,0,0,1,0,0
001e6190,e6190,A,40,10,prologue,4,r0,0,0,0,3,0,0
001e61b8,e61b8,A,40,10,prologue,4,r0,0,0,0,3,0,0
001e61e0,e61e0,A,44,11,prologue,2,r0,0,0,1,3,0,0
001e620c,e620c,A,16,3,call,0,r0,0,1,0,1,0,0
001e622c,e622c,A,16,3,call,1,r0:r1,0,2,1,1,0,0
001e623c,e623c,A,28,6,call,2,r0,0,1,1,1,0,0
001e6258,e6258,A,28,6,call,2,r0,0,1,1,1,0,0
001e6274,e6274,A,24,6,call,2,void,0,1,0,2,1,0
001e628c,e628c,A,76,18,prologue,4,void,0,1,2,4,0,0
001e62d8,e62d8,A,100,24,prologue,4,r0:r1,0,2,2,6,0,0
001e633c,e633c,A,48,11,prologue,4,r0,0,1,1,1,0,0
001e636c,e636c,A,28,7,prologue,4,r0:r1,0,1,2,1,0,0
001e6388,e6388,A,28,7,prologue,4,r0,0,1,2,1,0,0
001e63a4,e63a4,A,80,18,prologue,4,r0:r1,0,1,1,4,0,0
001e63f4,e63f4,A,28,6,call,2,r0:r1,0,1,0,1,0,0
001e6410,e6410,A,80,20,prologue,4,void,0,1,3,1,0,0
001e6460,e6460,A,132,29,prologue,1,r0:r1,0,1,4,5,0,0
001e64e4,e64e4,A,388,89,prologue,4,r0:r1,0,1,9,12,0,0
001e6668,e6668,A,136,31,prologue,4,r0,0,1,4,4,0,0
001e66f0,e66f0,A,16,3,call,2,r0:r1,0,1,0,1,0,0
001e6700,e6700,A,400,94,prologue,4,r0:r1,0,1,9,17,0,0
001e6890,e6890,A,44,11,prologue,4,r0:r1,0,1,1,1,0,0
001e68bc,e68bc,A,80,18,prologue,3,r0,0,1,0,1,0,0
001e690c,e690c,A,68,15,prologue,4,r0:r1,0,1,0,3,0,0
001e6950,e6950,A,48,11,prologue,4,r0,0,1,0,1,0,0
001e6980,e6980,A,68,14,prologue,4,r0:r1,0,1,0,1,0,0
001e69c4,e69c4,A,124,29,prologue,4,r0,3,1,1,1,0,0
001e6a40,e6a40,A,12,2,call,4,r0,0,1,1,1,0,0
001e6a4c,e6a4c,A,84,18,prologue,0,r0:r1,0,2,2,5,0,0
001e6aa0,e6aa0,A,320,6,call,2,r0,0,1,0,3,1,0
001e6ab8,e6ab8,A,316,73,prologue,4,r0,0,0,11,12,0,0
001e6bf4,e6bf4,A,580,134,prologue,3,r0,0,1,8,18,0,0
001e6e3c,e6e3c,A,80,15,call,1,r0,0,1,0,5,0,0
001e6e8c,e6e8c,A,88,18,prologue,0,void,0,1,2,5,0,0
001e6ee4,e6ee4,A,4,1,call,0,r0,0,1,0,1,1,0
001e6ee8,e6ee8,A,56,13,prologue,3,r0,0,0,2,3,0,0
001e6f20,e6f20,A,176,40,prologue,0,void,0,2,3,6,0,0
001e6fd0,e6fd0,A,136,31,prologue,4,r0,0,1,4,4,0,0
001e7058,e7058,A,164,39,prologue,4,r0,0,1,4,8,0,0
001e70fc,e70fc,A,120,29,call,0,r0,0,1,4,5,0,0
001e7174,e7174,A,128,29,prologue,4,r0,0,2,5,3,0,0
001e71f4,e71f4,A,24,5,call,1,r0,0,1,0,1,0,0
001e720c,e720c,A,56,14,call,0,r0:r1,0,1,2,1,0,0
001e7244,e7244,A,48,12,prologue,4,r0,0,1,2,1,0,0
001e7274,e7274,A,32,8,prologue,4,r0,0,2,2,1,0,0
001e7294,e7294,A,8,2,call,0,void,0,2,0,1,1,0
001e729c,e729c,A,32,8,prologue,3,r0,0,0,2,3,0,0
001e72bc,e72bc,A,112,27,call,0,r0,0,1,4,5,0,0
001e732c,e732c,A,120,30,prologue,1,r0,0,1,2,6,0,0
001e73a4,e73a4,A,124,27,prologue,0,r0,0,1,4,5,0,0
001e7420,e7420,A,116,24,prologue,0,r0,0,1,4,4,0,0
001e7494,e7494,A,168,37,prologue,0,r0,0,1,4,6,0,0
001e753c,e753c,A,172,37,prologue,0,r0,0,1,4,6,0,0
001e75e8,e75e8,A,184,43,prologue,1,r0,0,2,6,11,0,0
001e76a0,e76a0,A,104,25,prologue,1,r0,0,2,3,5,0,0
001e7708,e7708,A,72,16,prologue,3,r0,0,2,0,1,0,0
001e7750,e7750,A,4,1,call,1,r0:r1,0,5,0,1,1,0
001e7754,e7754,A,52,11,prologue,4,r0,0,0,0,1,0,0
001e7788,e7788,A,8,2,call,1,void,0,4,0,1,1,0
001e7790,e7790,A,72,16,prologue,4,r0,0,0,0,1,0,0
001e781c,e781c,A,76,17,prologue,3,r0,0,1,0,1,0,0
001e7868,e7868,A,60,14,prologue,4,r0,0,1,0,3,0,0
001e78a4,e78a4,A,4,1,call,1,r0:r1,0,2,0,1,1,0
001e78a8,e78a8,A,84,19,prologue,4,r0,0,0,1,3,0,0
001e78fc,e78fc,A,60,14,prologue,4,void,0,1,0,3,0,0
001e7938,e7938,A,4,1,call,1,r0:r1,0,21,0,1,1,0
001e793c,e793c,A,28,7,prologue,4,r0,0,1,1,1,0,0
001e7958,e7958,A,100,24,prologue,1,void,0,2,4,3,0,0
001e79bc,e79bc,A,56,14,prologue,4,r0,0,2,2,3,0,0
001e79f4,e79f4,A,76,18,prologue,4,r0:r1,0,1,2,1,0,0
001e7a40,e7a40,A,40,10,prologue,4,r0:r1,0,2,2,1,0,0
001e7a68,e7a68,A,124,27,prologue,0,r0,0,1,4,5,0,0
001e7ae4,e7ae4,A,108,26,call,2,r0,0,1,0,7,0,0
001e7b50,e7b50,A,184,45,call,2,r0,0,1,0,10,0,0
001e7c08,e7c08,A,24,6,call,1,void,0,1,0,1,0,0
001e7c20,e7c20,A,268,66,call,3,r0,0,2,0,22,0,0
001e7d2c,e7d2c,A,180,41,prologue,4,r0:r1,0,1,3,5,0,0
001e7de0,e7de0,A,140,32,prologue,4,r0:r1,0,1,4,5,0,0
001e7e6c,e7e6c,A,60,12,call,2,r0:r1,0,1,1,3,0,0
001e7ea8,e7ea8,A,80,18,call,1,void,0,2,0,5,0,0
001e7ef8,e7ef8,A,140,32,prologue,0,r0,0,0,3,6,1,0
001e7f84,e7f84,A,60,14,prologue,4,void,0,1,0,1,0,0
001e7fc0,e7fc0,A,60,14,prologue,4,void,0,1,0,1,0,0
001e7ffc,e7ffc,A,144,30,prologue,4,void,0,1,2,5,0,0
001e808c,e808c,A,40,10,call,2,r0,0,2,0,5,0,0
001e80b4,e80b4,A,148,37,prologue,4,r0,0,2,1,11,0,0
001e8148,e8148,A,140,34,call,4,r0,1,2,0,3,0,0
001e81d4,e81d4,A,920,228,prologue,4,void,3,1,3,47,0,0
001e856c,e856c,A,804,198,prologue,4,void,3,1,3,49,0,0
001e8890,e8890,A,316,78,call,2,void,0,1,0,12,0,0
001e89cc,e89cc,A,328,82,prologue,4,r0,0,1,1,17,0,0
001e8b14,e8b14,A,16,4,call,2,void,0,1,0,1,0,0
001e8b24,e8b24,A,32,8,call,2,void,0,1,0,1,0,0
001e8b44,e8b44,A,484,119,call,4,r0,1,1,0,12,0,0
001e8d28,e8d28,A,16,4,call,2,void,0,1,0,1,0,0
001e8d38,e8d38,A,248,58,call,3,r0,0,2,0,6,0,0
001e8e30,e8e30,A,112,25,prologue,4,void,4,2,1,1,0,0
001e8ea0,e8ea0,A,188,45,prologue,4,r0,0,1,0,1,0,0
001e8f5c,e8f5c,A,168,42,prologue,4,r0,0,0,1,13,0,0
001e9004,e9004,A,40,10,prologue,4,r0,0,0,0,3,0,0
001e902c,e902c,A,40,10,prologue,4,r0,0,1,1,3,0,0
001e9054,e9054,A,60,14,prologue,4,r0,0,1,0,3,0,0
001e9090,e9090,A,4,1,call,1,r0,0,1,0,1,1,0
001e9094,e9094,A,64,14,prologue,4,r0,0,0,0,1,0,0
001e90d4,e90d4,A,4,1,call,1,void,0,3,0,1,1,0
001e90d8,e90d8,A,60,13,prologue,4,r0,0,0,0,1,0,0
001e9114,e9114,A,4,1,call,1,void,0,3,0,1,1,0
001e9118,e9118,A,48,11,prologue,4,r0,0,0,0,1,0,0
001e9148,e9148,A,72,17,prologue,4,void,1,1,2,1,0,0
001e9190,e9190,A,44,10,prologue,4,r0:r1,0,1,2,3,0,0
001e91bc,e91bc,A,80,19,prologue,4,r0:r1,9,1,2,3,0,0
001e920c,e920c,A,64,15,prologue,4,r0:r1,0,1,3,5,0,0
001e924c,e924c,A,36,8,prologue,4,r0:r1,0,1,2,3,0,0
001e9270,e9270,A,64,15,prologue,4,r0:r1,0,1,2,3,0,0
001e92b0,e92b0,A,68,16,prologue,4,r0,0,2,2,3,0,0
001e92f4,e92f4,A,52,12,prologue,4,r0,0,1,2,3,0,0
001e9328,e9328,A,88,22,prologue,2,r0:r1,0,1,2,1,0,0
001e9380,e9380,A,52,12,prologue,4,r0:r1,0,1,2,3,0,0
001e93b4,e93b4,A,44,10,prologue,4,r0:r1,0,2,2,3,0,0
001e93e0,e93e0,A,36,8,prologue,4,r0:r1,0,1,2,3,0,0
001e9404,e9404,A,64,15,prologue,4,r0:r1,0,1,2,3,0,0
001e9444,e9444,A,72,17,prologue,1,void,0,1,3,1,0,0
001e948c,e948c,A,60,13,prologue,4,r0,0,2,0,3,0,0
001e94c8,e94c8,A,68,16,prologue,4,r0,0,1,1,3,0,0
001e950c,e950c,A,232,56,prologue,4,r0:r1,10,1,0,3,0,0
001e95f4,e95f4,A,76,17,prologue,2,r0,0,1,0,1,0,0
001e9640,e9640,A,48,11,prologue,4,r0,0,1,0,1,0,0
001e9670,e9670,A,4,1,call,1,void,0,1,0,1,1,0
001e9674,e9674,A,80,19,prologue,4,r0,0,0,0,3,0,0
001e96c4,e96c4,A,8,2,call,1,r0:r1,0,1,0,1,1,0
001e96cc,e96cc,A,76,17,prologue,3,r0,0,0,0,1,0,0
001e9718,e9718,A,4,1,call,1,void,0,2,0,1,1,0
001e971c,e971c,A,88,19,prologue,4,r0,0,0,0,1,0,0
001e9774,e9774,A,8,2,call,1,void,0,2,0,1,1,0
001e977c,e977c,A,96,22,prologue,4,r0,0,0,0,3,0,0
001e97dc,e97dc,A,4,1,call,1,r0,0,2,0,1,1,0
001e97e0,e97e0,A,68,15,prologue,4,r0,0,0,0,3,0,0
001e9824,e9824,A,84,19,prologue,4,r0,0,1,0,3,0,0
001e9878,e9878,A,136,30,prologue,4,r0,0,1,0,1,0,0
001e9900,e9900,A,100,23,prologue,4,r0,0,1,0,1,0,0
001e9964,e9964,A,52,12,call,4,void,0,2,0,1,0,0
001e9998,e9998,A,72,16,prologue,1,r0:r1,0,1,0,1,0,0
001e99e0,e99e0,A,4,1,call,1,void,0,3,0,1,1,0
001e99e4,e99e4,A,64,14,prologue,4,r0,0,0,0,1,0,0
001e9a24,e9a24,A,76,17,prologue,4,r0,0,1,0,1,0,0
001e9a70,e9a70,A,4,1,call,1,void,0,1,0,1,1,0
001e9a74,e9a74,A,68,15,prologue,4,r0,0,0,0,3,0,0
001e9ab8,e9ab8,A,4,1,call,1,r0:r1,0,3,0,1,1,0
001e9abc,e9abc,A,60,13,prologue,4,r0,0,0,0,1,0,0
001e9af8,e9af8,A,60,14,prologue,4,r0,0,1,0,3,0,0
001e9b34,e9b34,A,48,11,prologue,4,r0,0,1,0,1,0,0
001e9b64,e9b64,A,92,21,prologue,2,r0,0,1,0,1,0,0
001e9bc0,e9bc0,A,4,1,call,1,void,0,2,0,1,1,0
001e9bc4,e9bc4,A,60,14,prologue,4,r0,0,0,0,3,0,0
001e9c00,e9c00,A,4,1,call,1,r0:r1,0,3,0,1,1,0
001e9c04,e9c04,A,68,16,prologue,4,r0,0,0,1,3,0,0
001e9c48,e9c48,A,84,19,prologue,4,r0,0,1,0,3,0,0
001e9c9c,e9c9c,A,4,1,call,1,r0:r1,0,1,0,1,1,0
001e9ca0,e9ca0,A,68,15,prologue,1,r0,0,0,1,1,0,0
001e9ce4,e9ce4,A,60,14,prologue,4,r0,0,1,0,3,0,0
001e9d20,e9d20,A,4,1,call,1,r0,0,1,0,1,1,0
001e9d24,e9d24,A,48,11,prologue,4,r0,0,0,0,1,0,0
001e9d54,e9d54,A,4,1,call,1,r0:r1,0,3,0,1,1,0
001e9d58,e9d58,A,48,11,prologue,4,r0,0,0,0,1,0,0
001e9d88,e9d88,A,4,1,call,1,void,0,1,0,1,1,0
001e9d8c,e9d8c,A,60,14,prologue,4,r0,0,0,0,3,0,0
001e9dc8,e9dc8,A,16,3,gapstart,1,void,0,0,0,1,0,0
001e9dd8,e9dd8,A,16,3,call,0,r0,0,1,0,1,0,0
001e9de8,e9de8,A,88,20,prologue,1,r0,0,1,2,1,0,0
001e9e40,e9e40,A,24,5,call,0,r0,0,1,0,1,0,0
001e9e58,e9e58,A,84,18,prologue,4,void,0,1,0,6,0,0
001e9eac,e9eac,A,104,23,prologue,0,void,0,1,2,6,0,0
001e9f14,e9f14,A,88,20,prologue,4,r0,0,1,0,3,0,0
001e9f6c,e9f6c,A,64,14,prologue,4,r0:r1,0,2,0,3,0,0
001e9fac,e9fac,A,64,14,prologue,4,r0:r1,0,2,0,3,0,0
001e9fec,e9fec,A,700,167,prologue,0,r0:r1,0,1,3,3,0,0
001ea2a8,ea2a8,A,72,17,call,1,r0,0,1,0,5,0,0
001ea2f0,ea2f0,A,144,36,prologue,2,r0,0,1,3,7,0,0
001ea380,ea380,A,140,34,prologue,2,r0,0,1,2,6,0,0
001ea40c,ea40c,A,204,50,prologue,1,void,0,1,3,9,0,0
001ea4d8,ea4d8,A,352,84,prologue,2,r0,0,1,4,9,0,0
001ea638,ea638,A,12,3,gapstart,4,r0,0,0,0,1,0,0
001ea644,ea644,A,16,3,call,1,r0,0,1,1,1,0,0
001ea654,ea654,A,72,17,call,1,r0,0,1,0,5,0,0
001ea69c,ea69c,A,88,22,prologue,2,r0,0,1,2,5,0,0
001ea6f4,ea6f4,A,140,34,prologue,2,r0,0,1,2,6,0,0
001ea780,ea780,A,204,50,prologue,1,void,0,1,3,9,0,0
001ea84c,ea84c,A,1024,244,prologue,2,r0,0,1,6,22,0,0
001eac4c,eac4c,A,116,28,call,1,r0,0,1,0,3,0,0
001eacc0,eacc0,A,32,8,call,3,r0,0,2,0,1,0,0
001eace0,eace0,A,20,5,call,3,void,0,2,0,1,0,0
001eacf4,eacf4,A,16,3,call,0,r0,0,1,0,1,0,0
001ead10,ead10,A,388,97,prologue,4,r0,0,0,6,17,1,0
001eae94,eae94,A,220,55,prologue,3,r0,0,1,2,13,0,0
001eaf70,eaf70,A,52,13,prologue,2,r0:r1,0,1,1,3,0,0
001eafa4,eafa4,A,376,92,prologue,3,r0,0,1,5,22,1,0
001eb11c,eb11c,A,52,13,prologue,4,void,0,1,1,3,0,0
001eb150,eb150,A,12,3,call,1,r0:r1,0,1,0,1,0,0
001eb15c,eb15c,A,184,46,prologue,2,r0,0,2,3,11,0,0
001eb218,eb218,A,96,23,prologue,2,r0,0,1,5,1,0,0
001eb278,eb278,A,128,27,prologue,1,r0,0,1,1,7,0,0
001eb2f8,eb2f8,A,116,29,prologue,3,r0:r1,0,1,4,4,0,0
001eb444,eb444,A,44,10,prologue,1,void,0,1,1,3,0,0
001eb470,eb470,A,52,12,prologue,1,void,0,1,1,3,0,0
001eb4b0,eb4b0,A,152,37,prologue,3,r0,0,0,6,1,0,0
001eb554,eb554,A,152,37,prologue,3,r0,0,0,6,1,0,0
001eb5f0,eb5f0,A,64,16,prologue,3,void,0,1,1,1,0,0
001eb630,eb630,A,292,66,prologue,4,r0,3,1,4,9,0,0
001eb754,eb754,A,144,36,prologue,4,r0,4,1,3,6,0,0
001eb7e4,eb7e4,A,40,10,prologue,1,void,0,1,1,1,0,0
001eb80c,eb80c,A,16,4,prologue,0,void,0,2,1,1,1,0
001eb81c,eb81c,A,228,56,call,2,void,0,1,3,9,0,0
001eb900,eb900,A,412,102,prologue,1,r0,0,0,9,16,2,0
001eba9c,eba9c,A,248,56,prologue,4,r0:r1,0,1,3,7,0,0
001ebb94,ebb94,A,40,10,prologue,1,void,0,1,1,1,0,0
001ebbbc,ebbbc,A,84,21,prologue,2,r0,0,0,1,5,0,0
001ebc10,ebc10,A,24,5,call,3,void,0,1,1,1,0,0
001ebc28,ebc28,A,404,96,prologue,4,r0:r1,0,1,6,18,0,0
001ebdbc,ebdbc,A,324,76,prologue,4,r0:r1,0,2,6,18,0,0
001ebf00,ebf00,A,292,71,prologue,4,void,1,1,0,11,0,0
001ec024,ec024,A,1376,26,call,3,r0,0,1,1,8,0,0
001ec068,ec068,A,708,18,call,0,r0,0,1,1,7,0,0
001ec074,ec074,A,16,10,call,1,r0,0,1,1,2,0,0
001ec084,ec084,A,156,38,prologue,3,r0,0,4,2,3,0,0
001ec120,ec120,A,260,64,prologue,3,r0,0,3,2,5,0,0
001ec224,ec224,A,20,5,prologue,0,void,0,1,1,1,0,0
001ec238,ec238,A,324,21,call,0,r0,0,1,1,5,0,0
001ec244,ec244,A,64,16,prologue,4,r0,0,1,2,1,0,0
001ec284,ec284,A,128,32,prologue,3,r0,0,1,2,5,1,0
001ec3b4,ec3b4,A,108,26,prologue,4,r0,0,2,3,4,0,0
001ec46c,ec46c,A,32,8,call,1,void,0,1,0,3,0,0
001ec490,ec490,A,20,12,call,2,void,0,1,1,3,0,0
001ec4a4,ec4a4,A,16,3,call,0,r0,0,2,0,1,0,0
001ec4b4,ec4b4,A,12,4,call,0,r0,0,2,0,2,0,0
001ec4c0,ec4c0,A,160,36,prologue,4,void,0,1,3,7,0,0
001ec584,ec584,A,184,44,prologue,0,r0,0,0,7,5,1,0
001ec63c,ec63c,A,16,3,call,0,void,0,2,0,1,0,0
001ec64c,ec64c,A,16,14,call,1,void,0,1,1,5,0,0
001ec65c,ec65c,A,216,52,prologue,1,void,0,1,2,1,0,0
001ec738,ec738,A,52,11,call,2,r0,0,2,1,1,0,0
001ec76c,ec76c,A,5448,13,call,2,void,0,1,0,2,0,0
001ec78c,ec78c,A,16,4,call,2,void,0,1,0,1,1,0
001ec79c,ec79c,A,6544,33,prologue,1,r0,0,0,1,2,0,0
001ec858,ec858,A,360,86,prologue,1,r0,0,1,14,6,0,0
001ec9c0,ec9c0,A,116,28,prologue,2,void,0,1,3,3,0,0
001eca34,eca34,A,112,27,prologue,2,void,0,1,3,3,0,0
001ecaa4,ecaa4,A,112,27,prologue,3,void,0,1,3,3,0,0
001ecb14,ecb14,A,80,19,prologue,1,r0,0,1,3,3,0,0
001ecb64,ecb64,A,140,35,prologue,3,void,0,1,4,3,0,0
001ecbf0,ecbf0,A,104,25,prologue,2,void,0,1,3,3,0,0
001ecc58,ecc58,A,380,93,prologue,4,void,0,1,5,17,0,0
001ecdd4,ecdd4,A,192,48,prologue,3,void,0,1,3,5,0,0
001ece94,ece94,A,104,25,prologue,2,void,0,1,3,3,0,0
001ecefc,ecefc,A,112,26,prologue,4,r0:r1,0,2,1,4,0,0
001ecf6c,ecf6c,A,88,21,prologue,2,r0:r1,0,2,1,3,0,0
001ecfc4,ecfc4,A,460,113,prologue,4,void,0,1,4,22,0,0
001ed190,ed190,A,72,18,prologue,4,r0,0,0,0,5,0,0
001ed1d8,ed1d8,A,168,42,prologue,1,void,0,1,1,7,0,0
001ed280,ed280,A,12,3,call,1,void,0,1,0,3,1,0
001ed28c,ed28c,A,228,57,prologue,2,void,0,0,0,5,0,0
001ed370,ed370,A,128,25,prologue,2,r0:r1,0,1,6,5,0,0
001ed3f0,ed3f0,A,260,64,prologue,1,void,0,1,1,1,0,0
001ed4fc,ed4fc,A,12,3,call,1,void,0,1,0,3,1,0
001ed508,ed508,A,548,137,prologue,2,void,0,0,0,5,0,0
001ed72c,ed72c,A,488,113,prologue,1,void,0,1,2,6,0,0
001ed948,ed948,A,264,63,prologue,1,void,0,1,1,1,0,0
001eda50,eda50,A,108,27,call,2,void,0,2,0,1,0,0
001edabc,edabc,A,60,14,prologue,1,void,0,1,1,3,0,0
001edaf8,edaf8,A,28,7,call,3,void,0,1,0,1,1,0
001edb14,edb14,A,332,83,prologue,2,r0,0,0,2,18,0,0
001edc80,edc80,A,52,13,call,2,void,0,1,0,1,0,0
001edcb4,edcb4,A,56,14,call,2,void,0,2,0,1,0,0
001edcec,edcec,A,512,127,prologue,4,r0,0,1,6,29,0,0
001edeec,edeec,A,32,8,call,2,void,0,2,0,1,0,0
001edf0c,edf0c,A,36,9,call,2,void,0,2,0,1,0,0
001edf30,edf30,A,8,2,call,1,void,0,2,0,1,1,0
001edf38,edf38,A,156,39,prologue,2,r0,0,0,2,7,0,0
001edfdc,edfdc,A,96,24,prologue,2,r0,0,0,2,6,0,0
001ee03c,ee03c,A,108,27,prologue,1,void,0,1,2,3,0,0
001ee0a8,ee0a8,A,28,7,call,2,void,0,2,0,1,0,0
001ee0c4,ee0c4,A,32,8,call,2,void,0,2,0,1,0,0
001ee0e4,ee0e4,A,20,5,call,4,r0:r1,0,1,1,3,0,0
001ee0f8,ee0f8,A,28,7,call,2,void,0,1,0,1,0,0
001ee12c,ee12c,A,80,20,call,2,void,0,1,0,1,0,0
001ee17c,ee17c,A,40,9,prologue,1,void,0,1,1,1,0,0
001ee1cc,ee1cc,A,44,11,prologue,2,void,0,10,1,1,1,0
001ee1f8,ee1f8,A,108,26,call,2,void,0,1,2,6,0,0
001ee264,ee264,A,32,8,call,1,void,0,3,0,1,0,0
001ee284,ee284,A,120,30,prologue,2,r0,0,0,1,1,0,0
001ee304,ee304,A,56,12,prologue,4,r0,0,1,0,1,0,0
001ee33c,ee33c,A,28,7,prologue,4,r0:r1,0,1,2,3,0,0
001ee358,ee358,A,184,45,prologue,4,r0,0,1,7,9,0,0
001ee410,ee410,A,184,45,prologue,4,r0,0,1,7,9,0,0
001ee4c8,ee4c8,A,184,45,prologue,4,r0,0,1,7,9,0,0
001ee580,ee580,A,60,14,prologue,4,r0:r1,0,2,2,3,0,0
001ee5bc,ee5bc,A,184,45,prologue,4,r0:r1,0,2,7,9,0,0
001ee674,ee674,A,28,7,prologue,4,r0:r1,0,1,2,3,0,0
001ee690,ee690,A,184,45,prologue,4,r0,0,1,7,9,0,0
001ee748,ee748,A,168,40,prologue,2,r0:r1,0,2,5,9,0,0
001ee7f0,ee7f0,A,28,7,prologue,4,r0:r1,0,1,2,3,0,0
001ee80c,ee80c,A,28,7,prologue,4,r0:r1,0,2,2,3,0,0
001ee828,ee828,A,28,7,prologue,4,r0:r1,0,1,2,3,0,0
001ee844,ee844,A,40,9,prologue,4,r0,0,2,2,3,0,0
001ee86c,ee86c,A,28,7,prologue,4,r0:r1,0,2,2,1,0,0
001ee888,ee888,A,28,7,prologue,4,r0:r1,0,1,2,3,0,0
001ee8a4,ee8a4,A,28,7,prologue,4,r0:r1,0,1,2,3,0,0
001ee8c0,ee8c0,A,68,17,prologue,4,r0,0,1,1,4,0,0
001ee904,ee904,A,64,16,prologue,4,r0:r1,0,2,2,3,0,0
001ee944,ee944,A,28,7,prologue,1,r0:r1,0,1,2,3,0,0
001ee960,ee960,A,56,14,prologue,4,r0:r1,0,1,1,4,0,0
001ee998,ee998,A,28,7,prologue,4,r0:r1,0,1,2,3,0,0
001ee9b4,ee9b4,A,28,7,prologue,4,r0:r1,0,2,2,3,0,0
001ee9d0,ee9d0,A,60,13,prologue,4,r0:r1,0,1,0,1,0,0
001eea0c,eea0c,A,92,21,prologue,4,r0:r1,1,1,0,1,0,0
001eea68,eea68,A,92,21,prologue,4,r0:r1,1,1,0,1,0,0
001eeac4,eeac4,A,92,21,prologue,4,r0:r1,1,1,0,1,0,0
001eeb20,eeb20,A,92,21,prologue,4,r0:r1,1,1,0,1,0,0
001eeb7c,eeb7c,A,60,13,prologue,4,r0:r1,0,1,0,1,0,0
001eebb8,eebb8,A,92,21,prologue,4,r0:r1,1,1,0,1,0,0
001eec14,eec14,A,48,11,prologue,4,r0:r1,0,1,0,1,0,0
001eec44,eec44,A,60,13,prologue,4,r0:r1,0,1,0,1,0,0
001eec80,eec80,A,48,11,prologue,4,r0:r1,0,1,0,1,0,0
001eecb0,eecb0,A,60,13,prologue,4,r0:r1,0,1,0,1,0,0
001eecec,eecec,A,48,11,prologue,4,r0,0,1,0,1,0,0
001eed1c,eed1c,A,48,11,prologue,4,r0:r1,0,1,0,1,0,0
001eed4c,eed4c,A,60,14,prologue,4,r0:r1,0,1,0,3,0,0
001eed88,eed88,A,60,13,prologue,4,r0:r1,0,1,0,1,0,0
001eedc4,eedc4,A,60,13,prologue,4,r0:r1,0,1,0,1,0,0
001eee00,eee00,A,60,14,prologue,4,r0:r1,0,1,0,3,0,0
001eee3c,eee3c,A,72,16,prologue,1,r0:r1,0,1,0,1,0,0
001eee84,eee84,A,60,13,prologue,4,r0:r1,0,1,0,1,0,0
001eeec0,eeec0,A,60,13,prologue,4,r0:r1,0,1,0,1,0,0
001eeefc,eeefc,A,60,13,prologue,4,r0:r1,0,1,0,1,0,0
001eef38,eef38,A,28,7,prologue,4,r0,0,1,2,3,0,0
001eef54,eef54,A,64,13,prologue,1,r0,0,1,1,1,0,0
001eef94,eef94,A,8,2,ptr,2,r0:r1,0,2,0,1,0,0
001eef9c,eef9c,A,24,6,call,2,r0,0,2,0,1,0,0
001eefb4,eefb4,A,44,9,prologue,1,void,0,2,1,1,0,0
001eefe0,eefe0,A,56,14,call,3,r0:r1,0,2,0,1,0,0
001ef018,ef018,A,36,8,call,1,void,0,2,0,1,0,0
001ef03c,ef03c,A,16,4,call,1,void,0,1,0,1,0,0
001ef04c,ef04c,A,44,11,call,2,r0,0,2,0,4,0,0
001ef078,ef078,A,44,10,call,3,void,0,1,0,1,0,0
001ef0a4,ef0a4,A,488,122,prologue,4,r0:r1,1,2,14,26,0,0
001ef28c,ef28c,A,108,27,prologue,1,r0:r1,0,2,5,7,0,0
001ef2f8,ef2f8,A,128,32,prologue,1,r0:r1,0,2,6,8,0,0
001ef378,ef378,A,264,65,prologue,2,r0,0,1,6,11,0,0
001ef480,ef480,A,144,36,prologue,3,r0:r1,0,1,4,5,0,0
001ef510,ef510,A,172,42,prologue,2,r0:r1,0,2,5,7,0,0
001ef5bc,ef5bc,A,24,5,prologue,1,r0:r1,0,2,1,1,0,0
001ef5d4,ef5d4,A,72,18,call,0,r0:r1,0,1,4,3,0,0
001ef61c,ef61c,A,140,35,prologue,1,r0:r1,0,2,7,7,0,0
001ef6a8,ef6a8,A,140,35,prologue,1,void,0,1,7,7,0,0
001ef734,ef734,A,32,8,call,2,r0,0,1,0,1,0,0
001ef754,ef754,A,204,51,prologue,4,r0,0,1,6,10,0,0
001ef820,ef820,A,140,35,prologue,1,void,0,1,5,8,0,0
001ef8ac,ef8ac,A,68,15,call,1,void,0,1,0,1,0,0
001ef8f0,ef8f0,A,96,23,ptr,4,r0,0,0,0,7,0,0
001ef950,ef950,A,64,15,prologue,3,void,0,1,0,1,0,0
001ef990,ef990,A,100,24,prologue,4,r0,0,1,0,3,0,0
001ef9f4,ef9f4,A,48,11,prologue,4,void,0,1,0,1,0,0
001efa24,efa24,A,84,20,prologue,4,r0:r1,1,1,0,1,0,0
001efa78,efa78,A,76,18,prologue,4,r0,0,1,0,1,0,0
001efac4,efac4,A,52,13,prologue,4,r0:r1,0,1,0,3,0,0
001efaf8,efaf8,A,40,10,prologue,4,r0,0,1,0,1,0,0
001efb20,efb20,A,56,13,prologue,4,r0:r1,0,1,0,1,0,0
001efb58,efb58,A,76,18,prologue,4,r0:r1,0,1,0,1,0,0
001efba4,efba4,A,108,26,prologue,4,r0,4,1,0,3,0,0
001efc10,efc10,A,88,21,prologue,4,r0,1,1,0,3,0,0
001efc68,efc68,A,64,15,prologue,4,r0:r1,2,1,0,1,0,0
001efca8,efca8,A,40,10,prologue,4,r0:r1,0,1,0,1,0,0
001efcd0,efcd0,A,68,16,prologue,3,r0,0,1,0,1,0,0
001efd14,efd14,A,84,20,prologue,4,r0,1,2,0,1,0,0
001efd68,efd68,A,64,16,prologue,4,r0,0,1,0,3,0,0
001efda8,efda8,A,116,28,prologue,4,r0,1,1,0,3,0,0
001efe1c,efe1c,A,56,13,prologue,4,void,1,1,0,1,0,0
001efe54,efe54,A,92,22,prologue,4,r0,2,2,0,1,0,0
001efeb0,efeb0,A,64,15,prologue,3,r0:r1,0,1,0,1,0,0
001efef0,efef0,A,56,13,prologue,1,r0,0,2,2,1,0,0
001eff28,eff28,A,468,59,prologue,1,r0,0,1,2,10,1,0
001f0010,f0010,A,196,49,ptr,3,r0,0,0,1,1,0,0
001f00fc,f00fc,A,112,27,prologue,1,r0:r1,0,1,1,1,0,0
001f016c,f016c,A,124,30,prologue,1,r0,0,1,1,1,0,0
001f01e8,f01e8,A,64,15,prologue,1,r0:r1,0,1,1,1,0,0
001f0228,f0228,A,244,61,prologue,1,r0,0,1,1,23,0,0
001f031c,f031c,A,40,10,prologue,1,r0,0,1,1,4,0,0
001f0344,f0344,A,252,63,prologue,1,r0,0,1,1,29,0,0
001f0440,f0440,A,172,41,prologue,2,void,0,1,3,7,0,0
001f04ec,f04ec,A,256,62,prologue,3,r0:r1,0,1,3,11,0,0
001f05ec,f05ec,A,64,15,prologue,3,void,0,1,0,1,0,0
001f062c,f062c,A,100,24,prologue,4,r0,0,1,0,3,0,0
001f0690,f0690,A,48,11,prologue,4,void,0,1,0,1,0,0
001f06c0,f06c0,A,84,20,prologue,4,r0:r1,1,1,0,1,0,0
001f0714,f0714,A,76,18,prologue,4,r0,0,1,0,1,0,0
001f0760,f0760,A,52,13,prologue,4,r0:r1,0,1,0,3,0,0
001f0794,f0794,A,40,10,prologue,4,r0,0,1,0,1,0,0
001f07bc,f07bc,A,56,13,prologue,4,r0:r1,0,1,0,1,0,0
001f07f4,f07f4,A,76,18,prologue,4,r0:r1,0,1,0,1,0,0
001f0840,f0840,A,108,26,prologue,4,r0,4,1,0,3,0,0
001f08ac,f08ac,A,88,21,prologue,4,r0,1,1,0,3,0,0
001f0904,f0904,A,64,15,prologue,4,r0:r1,2,1,0,1,0,0
001f0944,f0944,A,40,10,prologue,4,r0:r1,0,1,0,1,0,0
001f096c,f096c,A,68,16,prologue,3,r0,0,1,0,1,0,0
001f09b0,f09b0,A,84,20,prologue,4,r0,1,2,0,1,0,0
001f0a04,f0a04,A,64,16,prologue,4,r0,0,1,0,3,0,0
001f0a44,f0a44,A,64,15,prologue,3,r0:r1,0,1,0,1,0,0
001f0a84,f0a84,A,32,8,call,2,r0,0,2,0,3,0,0
001f0aa4,f0aa4,A,68,15,prologue,4,r0,0,1,1,3,0,0
001f0ae8,f0ae8,A,92,20,prologue,4,void,0,1,1,4,0,0
001f0b44,f0b44,A,28,6,call,1,r0:r1,0,1,0,1,0,0
001f0b60,f0b60,A,32,7,call,4,r0:r1,0,1,1,3,0,0
001f0b80,f0b80,A,40,9,call,2,void,0,1,1,3,0,0
001f0ba8,f0ba8,A,40,9,call,2,void,0,1,1,3,0,0
001f0bd0,f0bd0,A,36,8,call,2,void,0,1,1,3,0,0
001f0bf4,f0bf4,A,108,4,call,3,r0:r1,0,1,0,3,1,0
001f0c04,f0c04,A,96,22,prologue,3,r0,0,0,2,3,0,0
001f0c64,f0c64,A,36,8,call,4,r0,0,1,1,3,0,0
001f0c88,f0c88,A,32,7,call,4,r0,0,1,1,3,0,0
001f0ca8,f0ca8,A,36,8,call,4,r0:r1,0,1,1,3,0,0
001f0ccc,f0ccc,A,64,14,call,3,r0,0,2,1,4,0,0
001f0d0c,f0d0c,A,36,8,call,2,r0,0,1,1,3,0,0
001f0d30,f0d30,A,20,4,call,4,r0,0,1,1,1,0,0
001f0d44,f0d44,A,80,19,prologue,4,r0,1,1,0,3,0,0
001f0d94,f0d94,A,60,14,prologue,4,r0,0,1,0,3,0,0
001f0dd0,f0dd0,A,96,23,prologue,4,r0,0,1,0,1,0,0
001f0e30,f0e30,A,40,10,prologue,4,r0:r1,0,1,0,1,0,0
001f0e58,f0e58,A,108,26,prologue,4,r0,3,1,0,3,0,0
001f0ec4,f0ec4,A,52,12,prologue,3,void,0,1,0,1,0,0
001f0ef8,f0ef8,A,52,13,prologue,4,r0,0,1,0,3,0,0
001f0f2c,f0f2c,A,52,12,prologue,3,void,0,1,0,1,0,0
001f0f60,f0f60,A,48,11,prologue,4,r0,0,1,0,1,0,0
001f0f90,f0f90,A,52,12,prologue,3,void,0,1,0,1,0,0
001f0fc4,f0fc4,A,48,11,prologue,4,r0,0,1,0,1,0,0
001f0ff4,f0ff4,A,96,23,prologue,4,r0,0,1,0,1,0,0
001f1054,f1054,A,48,11,prologue,4,r0,0,1,0,1,0,0
001f1084,f1084,A,88,21,prologue,4,r0,1,1,0,3,0,0
001f10dc,f10dc,A,48,11,prologue,4,r0,0,1,0,1,0,0
001f110c,f110c,A,48,11,prologue,4,r0,0,1,0,1,0,0
001f113c,f113c,A,48,11,prologue,4,r0:r1,0,2,0,1,0,0
001f116c,f116c,A,96,23,prologue,4,r0,0,1,0,1,0,0
001f11cc,f11cc,A,52,12,prologue,3,r0,0,1,0,1,0,0
001f1200,f1200,A,60,14,prologue,4,r0,0,1,0,3,0,0
001f123c,f123c,A,76,18,prologue,4,void,0,1,0,1,0,0
001f1288,f1288,A,48,11,prologue,4,r0,0,1,0,1,0,0
001f12b8,f12b8,A,72,17,prologue,4,r0,0,1,0,3,0,0
001f1300,f1300,A,60,14,prologue,4,r0,0,1,0,3,0,0
001f133c,f133c,A,60,14,prologue,4,r0,0,1,0,1,0,0
001f1378,f1378,A,60,14,prologue,4,r0,0,1,0,3,0,0
001f13b4,f13b4,A,68,16,prologue,3,r0,2,1,0,3,0,0
001f13f8,f13f8,A,68,16,prologue,3,r0:r1,0,1,0,1,0,0
001f143c,f143c,A,48,11,prologue,4,r0,0,1,0,1,0,0
001f146c,f146c,A,60,14,prologue,4,r0,0,1,0,1,0,0
001f14a8,f14a8,A,64,15,prologue,4,void,0,1,0,3,0,0
001f14e8,f14e8,A,56,13,prologue,4,r0:r1,0,1,0,1,0,0
001f1520,f1520,A,96,23,prologue,4,r0,0,1,0,1,0,0
001f1580,f1580,A,68,16,prologue,4,r0,0,1,0,1,0,0
001f15c4,f15c4,A,260,63,prologue,4,r0,0,1,6,12,0,0
001f16c8,f16c8,A,88,21,ptr,4,r0,0,0,1,5,0,0
001f1720,f1720,A,96,22,prologue,4,r0:r1,0,1,2,5,0,0
001f1780,f1780,A,68,15,prologue,4,void,0,1,1,3,0,0
001f17c4,f17c4,A,92,20,prologue,4,r0:r1,0,1,1,4,0,0
001f1820,f1820,A,28,6,call,1,r0,0,1,0,1,0,0
001f183c,f183c,A,200,50,prologue,4,r0,0,1,2,6,0,0
001f1904,f1904,A,84,20,prologue,3,void,0,1,1,4,0,0
001f1958,f1958,A,124,31,prologue,4,void,0,1,2,5,0,0
001f19d4,f19d4,A,156,39,prologue,4,r0,5,1,3,6,0,0
001f1a70,f1a70,A,692,173,prologue,4,r0,5,1,3,24,0,0
001f1d24,f1d24,A,12,2,call,0,r0,0,1,0,1,0,0
001f1d30,f1d30,A,1660,408,prologue,2,r0,0,1,4,74,0,0
001f23ac,f23ac,A,1816,448,prologue,2,r0,0,1,5,75,0,0
001f2ac4,f2ac4,A,260,61,ptr,3,void,0,0,0,7,0,0
001f2bc8,f2bc8,A,260,61,ptr,3,void,0,0,0,7,0,0
001f2ccc,f2ccc,A,368,88,ptr,3,void,0,0,0,9,0,0
001f2e3c,f2e3c,A,368,88,ptr,3,void,0,0,0,9,0,0
001f2fac,f2fac,A,372,89,ptr,3,void,0,0,0,9,0,0
001f3120,f3120,A,372,89,ptr,3,void,0,0,0,9,0,0
001f3294,f3294,A,456,110,ptr,3,void,0,0,0,11,0,0
001f345c,f345c,A,456,110,ptr,3,void,0,0,0,11,0,0
001f3624,f3624,A,356,85,ptr,3,void,0,0,0,9,0,0
001f3788,f3788,A,356,85,ptr,3,void,0,0,0,9,0,0
001f38ec,f38ec,A,408,98,ptr,3,void,0,0,0,11,0,0
001f3a84,f3a84,A,408,98,ptr,3,void,0,0,0,11,0,0
001f3c1c,f3c1c,A,444,107,ptr,3,void,0,0,0,11,0,0
001f3dd8,f3dd8,A,444,107,ptr,3,void,0,0,0,11,0,0
001f3f94,f3f94,A,516,125,ptr,3,void,0,0,0,12,0,0
001f4198,f4198,A,516,125,ptr,3,void,0,0,0,12,0,0
001f439c,f439c,A,260,61,ptr,3,void,0,0,0,7,0,0
001f44a0,f44a0,A,260,61,ptr,3,void,0,0,0,7,0,0
001f45a4,f45a4,A,192,47,ptr,3,void,0,0,0,10,0,0
001f4664,f4664,A,368,88,ptr,3,void,0,0,0,9,0,0
001f47d4,f47d4,A,364,87,ptr,3,void,0,0,0,9,0,0
001f4940,f4940,A,252,62,ptr,3,void,0,0,0,12,0,0
001f4a3c,f4a3c,A,372,89,ptr,3,void,0,0,0,9,0,0
001f4bb0,f4bb0,A,372,89,ptr,3,void,0,0,0,9,0,0
001f4d24,f4d24,A,244,60,ptr,3,void,0,0,0,12,0,0
001f4e18,f4e18,A,460,111,ptr,3,void,0,0,0,11,0,0
001f4fe4,f4fe4,A,456,110,ptr,3,void,0,0,0,11,0,0
001f51ac,f51ac,A,336,83,ptr,3,void,0,0,0,14,0,0
001f52fc,f52fc,A,368,88,ptr,3,void,0,0,0,9,0,0
001f546c,f546c,A,368,88,ptr,3,void,0,0,0,9,0,0
001f55dc,f55dc,A,248,61,ptr,4,void,0,0,0,12,0,0
001f56d4,f56d4,A,436,105,ptr,3,void,0,0,0,11,0,0
001f5888,f5888,A,436,105,ptr,3,void,0,0,0,11,0,0
001f5a3c,f5a3c,A,324,80,ptr,3,void,0,0,0,14,0,0
001f5b80,f5b80,A,444,107,ptr,3,void,0,0,0,11,0,0
001f5d3c,f5d3c,A,444,107,ptr,3,void,0,0,0,11,0,0
001f5ef8,f5ef8,A,324,81,ptr,3,void,0,0,0,14,0,0
001f603c,f603c,A,516,125,ptr,3,void,0,0,0,12,0,0
001f6240,f6240,A,516,125,ptr,3,void,0,0,0,12,0,0
001f6444,f6444,A,396,99,ptr,3,void,0,0,0,15,0,0
001f65d0,f65d0,A,264,62,ptr,3,void,0,0,0,7,0,0
001f66d8,f66d8,A,352,84,ptr,3,void,0,0,0,9,0,0
001f6838,f6838,A,356,85,ptr,3,void,0,0,0,9,0,0
001f699c,f699c,A,444,107,ptr,3,void,0,0,0,11,0,0
001f6b58,f6b58,A,360,86,ptr,3,void,0,0,0,9,0,0
001f6cc0,f6cc0,A,416,100,ptr,3,void,0,0,0,11,0,0
001f6e60,f6e60,A,428,103,ptr,3,void,0,0,0,11,0,0
001f700c,f700c,A,500,121,ptr,3,void,0,0,0,12,0,0
001f7200,f7200,A,316,74,ptr,3,void,0,0,0,7,0,0
001f733c,f733c,A,424,101,ptr,3,void,0,0,0,9,0,0
001f74e4,f74e4,A,408,97,ptr,3,void,0,0,0,9,0,0
001f767c,f767c,A,540,130,ptr,3,void,0,0,0,11,0,0
001f7898,f7898,A,424,101,ptr,3,void,0,0,0,9,0,0
001f7a40,f7a40,A,520,125,ptr,3,void,0,0,0,11,0,0
001f7c48,f7c48,A,536,129,ptr,3,void,0,0,0,11,0,0
001f7e60,f7e60,A,604,146,ptr,3,void,0,0,0,12,0,0
001f80bc,f80bc,A,340,80,ptr,3,void,0,0,0,7,0,0
001f8210,f8210,A,476,114,ptr,3,void,0,0,0,9,0,0
001f83ec,f83ec,A,456,109,ptr,3,void,0,0,0,9,0,0
001f85b4,f85b4,A,568,137,ptr,3,void,0,0,0,11,0,0
001f87ec,f87ec,A,444,106,ptr,3,void,0,0,0,9,0,0
001f89a8,f89a8,A,516,124,ptr,3,void,0,0,0,11,0,0
001f8bac,f8bac,A,528,127,ptr,3,void,0,0,0,11,0,0
001f8dbc,f8dbc,A,648,157,ptr,3,void,0,0,0,12,0,0
001f9044,f9044,A,276,64,ptr,3,void,0,0,0,7,0,0
001f9158,f9158,A,392,93,ptr,3,void,0,0,0,9,0,0
001f92e0,f92e0,A,348,82,ptr,3,void,0,0,0,9,0,0
001f943c,f943c,A,472,113,ptr,3,void,0,0,0,11,0,0
001f9614,f9614,A,400,95,ptr,3,void,0,0,0,9,0,0
001f97a4,f97a4,A,460,110,ptr,3,void,0,0,0,11,0,0
001f9970,f9970,A,472,113,ptr,3,void,0,0,0,11,0,0
001f9b48,f9b48,A,548,132,ptr,3,void,0,0,0,12,0,0
001f9d6c,f9d6c,A,56,12,gapstart,1,r0,0,0,0,1,0,0
001f9da4,f9da4,A,68,14,call,1,r0,0,1,0,1,0,0
001f9de8,f9de8,A,84,2,call,0,void,0,2,0,1,1,0
001f9df0,f9df0,A,84,18,prologue,2,r0,0,0,1,1,0,0
001f9e44,f9e44,A,560,138,prologue,4,void,1,2,2,22,0,0
001fa104,fa104,A,28,7,prologue,1,void,0,1,1,1,0,0
001fa120,fa120,A,600,142,prologue,3,r0:r1,0,1,8,21,0,0
001fa37c,fa37c,A,1100,275,ptr,1,void,0,1,6,59,0,0
001fa7c8,fa7c8,A,172,43,prologue,2,r0,0,0,2,9,1,0
001fa874,fa874,A,16,4,ptr,2,r0,0,0,0,1,0,0
001fa884,fa884,A,88,22,prologue,1,r0:r1,0,1,0,4,1,0
001fa8dc,fa8dc,A,412,103,prologue,4,r0,0,1,1,14,3,0
001faa78,faa78,A,68,17,ptr,2,r0,0,0,0,6,0,0
001faabc,faabc,A,12,3,call,3,void,0,2,0,1,0,0
001faac8,faac8,A,20,5,ptr,1,r0,0,0,0,1,0,0
001faadc,faadc,A,92,23,call,3,void,0,1,0,5,0,0
001fab38,fab38,A,236,59,prologue,4,r0:r1,0,1,2,15,0,0
001fac24,fac24,A,24,6,call,1,void,0,1,0,1,0,0
001fac3c,fac3c,A,48,11,ptr,4,r0,0,0,2,1,0,0
001fac6c,fac6c,A,44,10,ptr,4,r0,0,0,1,1,0,0
001fac98,fac98,A,16,3,gapstart,0,void,0,0,1,1,0,0
001faca8,faca8,A,20,5,prologue,4,r0:r1,0,1,1,1,0,0
001facbc,facbc,A,268,51,prologue,4,r0,0,1,4,10,1,0
001fadc8,fadc8,A,668,151,prologue,4,r0,0,1,9,27,0,0
001fb064,fb064,A,256,63,prologue,4,r0:r1,0,2,3,12,0,0
001fb164,fb164,A,40,10,prologue,4,void,0,1,1,1,0,0
001fb318,fb318,A,448,111,prologue,4,r0,0,1,7,22,0,0
001fb4d8,fb4d8,A,68,17,prologue,1,void,0,1,1,1,2,0
001fb51c,fb51c,A,48,12,prologue,1,void,0,1,1,1,1,0
001fb878,fb878,A,1200,279,prologue,4,r0,0,1,16,51,1,0
001fbd28,fbd28,A,84,21,prologue,4,r0,0,1,1,6,0,0
001fbd7c,fbd7c,A,80,20,prologue,1,r0,0,1,1,1,0,0
001fbdcc,fbdcc,A,340,83,prologue,4,r0,0,1,4,17,1,0
001fbf20,fbf20,A,100,25,ptr,1,r0,0,0,2,3,0,0
001fbf84,fbf84,A,80,20,ptr,2,r0,0,0,1,1,0,0
001fbfd4,fbfd4,A,480,113,prologue,4,r0,0,1,5,20,1,0
001fc1b4,fc1b4,A,16,4,ptr,4,void,0,0,2,1,0,0
001fc1cc,fc1cc,A,576,143,prologue,4,r0:r1,0,1,4,33,0,0
001fc418,fc418,A,16,4,ptr,4,void,0,0,2,1,0,0
001fc428,fc428,A,244,59,prologue,4,r0,0,1,4,11,1,0
001fc51c,fc51c,A,64,15,ptr,4,void,0,0,2,3,1,0
001fc55c,fc55c,A,8,2,ptr,1,r0,0,0,0,1,0,0
001fc564,fc564,A,80,20,ptr,2,r0,0,0,1,1,0,0
001fc5b4,fc5b4,A,116,29,ptr,1,r0,0,0,2,3,1,0
001fc628,fc628,A,196,44,ptr,1,r0,0,0,4,6,0,0
001fc6ec,fc6ec,A,104,26,ptr,2,r0,0,0,1,1,1,0
001fc754,fc754,A,244,60,prologue,4,r0,0,1,3,17,3,0
001fc848,fc848,A,288,71,prologue,3,r0,0,1,1,10,0,0
001fc968,fc968,A,64,15,ptr,4,void,0,0,2,3,1,0
001fc9a8,fc9a8,A,16,4,ptr,4,void,0,0,2,1,0,0
001fc9b8,fc9b8,A,12,3,ptr,4,r0,0,0,1,1,0,0
001fc9c4,fc9c4,A,244,60,prologue,4,r0,0,1,3,15,0,0
001fcab8,fcab8,A,316,78,prologue,4,r0,0,0,4,21,2,0
001fcbf4,fcbf4,A,384,94,prologue,4,r0,0,1,4,19,1,0
001fcd74,fcd74,A,64,15,ptr,4,void,0,0,2,3,1,0
001fcdb8,fcdb8,A,684,165,prologue,3,r0,0,0,6,34,2,0
001fd064,fd064,A,80,20,prologue,4,r0:r1,0,1,1,3,0,0
001fd0b8,fd0b8,A,256,64,prologue,4,r0,0,1,3,11,0,0
001fd1bc,fd1bc,A,412,103,prologue,4,r0,0,2,3,22,0,0
001fd35c,fd35c,A,416,104,prologue,4,r0:r1,0,2,2,19,0,0
001fd4fc,fd4fc,A,2436,607,prologue,4,r0,0,1,4,216,0,0
001fde80,fde80,A,140,35,ptr,1,r0,0,0,2,9,0,0
001fdf50,fdf50,A,384,95,prologue,4,r0:r1,0,1,5,13,0,0
001fe0d0,fe0d0,A,1036,242,ptr,4,r0,0,0,16,56,2,0
001fe4dc,fe4dc,A,24,6,call,3,r0,0,1,1,3,1,0
001fe4f4,fe4f4,A,464,113,prologue,4,r0,0,0,3,23,1,0
001fe6c4,fe6c4,A,180,45,ptr,1,r0,0,0,2,14,0,0
001fe7bc,fe7bc,A,148,35,ptr,4,r0,0,0,4,1,0,0
001fe850,fe850,A,144,34,ptr,4,r0,0,0,3,1,0,0
001fe8e0,fe8e0,A,12,3,call,2,r0:r1,0,2,0,3,1,0
001fe8ec,fe8ec,A,988,238,prologue,4,r0,0,0,6,55,0,0
001fecc8,fecc8,A,1088,268,prologue,4,r0:r1,0,2,5,55,0,0
001ff108,ff108,A,40,10,call,1,void,0,1,0,3,0,0
001ff130,ff130,A,172,42,prologue,4,r0,0,1,2,11,0,0
001ff1dc,ff1dc,A,104,26,ptr,2,r0,0,0,1,1,1,0
001ff244,ff244,A,424,104,prologue,4,r0,0,1,5,18,1,0
001ff3ec,ff3ec,A,16,4,ptr,4,void,0,0,2,1,0,0
001ff3fc,ff3fc,A,264,64,prologue,1,r0:r1,0,1,4,9,0,0
001ff504,ff504,A,1120,245,prologue,4,r0:r1,0,2,12,53,10,0
001ff9a0,ff9a0,A,172,43,call,1,r0,0,2,0,1,0,0
001ffa4c,ffa4c,A,88,1,call,0,r0,0,1,0,1,1,0
001ffa50,ffa50,A,96,20,prologue,1,r0,0,0,1,4,0,0
001ffab0,ffab0,A,92,1,call,0,r0,0,2,0,1,1,0
001ffab4,ffab4,A,104,21,prologue,1,r0,0,0,1,4,0,0
001ffb1c,ffb1c,A,92,1,call,0,r0,0,2,0,1,1,0
001ffb20,ffb20,A,104,21,prologue,1,r0,0,0,1,4,0,0
001ffb88,ffb88,A,92,1,call,0,r0,0,2,0,1,1,0
001ffb8c,ffb8c,A,104,21,prologue,1,r0,0,0,1,4,0,0
001ffbf4,ffbf4,A,92,1,call,0,r0,0,2,0,1,1,0
001ffbf8,ffbf8,A,104,21,prologue,1,r0,0,0,1,4,0,0
001ffc60,ffc60,A,308,77,prologue,3,r0,0,1,3,15,1,0
001ffd94,ffd94,A,208,52,ptr,1,r0,0,0,2,13,0,0
001ffe64,ffe64,A,328,81,prologue,2,r0:r1,0,1,5,17,0,0
00200000,100000,A,332,74,ptr,4,r0,0,0,5,17,0,0
00200468,100468,A,1644,407,prologue,1,r0:r1,0,1,8,86,6,0
00201010,101010,A,1760,414,prologue,4,r0,0,0,12,87,0,0
00201dc8,101dc8,A,568,111,prologue,4,r0,0,1,4,20,0,0
00202000,102000,A,548,120,prologue,4,r0,0,1,5,21,0,0
00202224,102224,A,184,46,prologue,4,r0:r1,0,1,3,11,0,0
002022dc,1022dc,A,160,39,prologue,1,r0,0,1,2,1,0,0
0020237c,10237c,A,1304,320,prologue,4,r0:r1,0,2,5,94,0,0
00202894,102894,A,312,78,prologue,2,r0:r1,0,2,3,19,1,0
002029cc,1029cc,A,240,60,prologue,2,r0:r1,0,1,2,13,1,0
00202abc,102abc,A,120,30,ptr,1,r0,0,0,1,9,0,0
00202b74,102b74,A,276,59,ptr,4,r0,0,0,2,19,0,0
00202c88,102c88,A,528,129,prologue,4,r0,0,1,6,28,1,0
00202e98,102e98,A,188,47,ptr,1,r0,0,0,4,11,0,0
00202f94,102f94,A,116,27,ptr,4,r0,0,0,3,1,0,0
00203008,103008,A,112,26,ptr,4,r0,0,0,2,1,0,0
00203078,103078,A,680,170,prologue,4,r0,0,0,5,26,0,0
00203320,103320,A,120,30,prologue,4,r0,0,1,3,6,0,0
00203398,103398,A,128,32,prologue,4,r0,0,1,3,6,0,0
00203418,103418,A,140,35,prologue,4,r0,0,1,3,7,0,0
002034a4,1034a4,A,128,32,prologue,4,r0,0,1,3,6,0,0
00203524,103524,A,140,35,prologue,4,r0,0,1,3,7,0,0
002035b0,1035b0,A,168,41,prologue,4,r0,0,2,4,8,0,0
00203658,103658,A,12,3,call,4,r0,0,1,0,3,1,0
00203664,103664,A,452,110,prologue,4,r0,0,0,11,14,0,0
00203828,103828,A,1132,282,prologue,2,r0,0,1,9,50,3,0
00203c94,103c94,A,1092,271,prologue,2,r0,0,1,7,61,0,0
002040d8,1040d8,A,48,12,prologue,1,void,0,2,1,1,0,0
00204108,104108,A,1408,342,prologue,2,r0,0,1,12,76,0,0
00204688,104688,A,756,175,prologue,2,r0:r1,0,2,12,20,0,0
0020497c,10497c,A,1308,317,prologue,2,r0,0,2,13,67,0,0
00204e98,104e98,A,752,185,prologue,2,r0,0,1,15,31,0,0
0020519c,10519c,A,588,142,prologue,4,void,0,1,7,33,0,0
002053e8,1053e8,A,5244,1169,prologue,2,r0:r1,0,2,26,203,0,0
00206864,106864,A,1608,387,prologue,2,void,0,1,14,72,0,0
00206eac,106eac,A,1024,181,prologue,2,void,0,1,10,35,1,0
002072ac,1072ac,A,96,23,prologue,4,r0,0,1,1,6,0,0
0020730c,10730c,A,100,25,prologue,1,r0,0,1,1,4,0,0
00207370,107370,A,96,24,prologue,1,r0,0,1,1,4,0,0
002073d0,1073d0,A,148,37,prologue,2,r0,0,1,5,6,0,0
00207464,107464,A,4,1,call,1,r0,0,1,0,1,1,0
00207468,107468,A,152,38,prologue,3,r0,0,0,3,5,0,0
00207500,107500,A,148,37,prologue,2,r0,0,1,5,6,0,0
00207594,107594,A,24,5,call,1,void,0,2,0,1,0,0
002075ac,1075ac,A,52,12,prologue,2,r0,0,2,0,1,1,0
002075e0,1075e0,A,44,11,prologue,2,r0:r1,0,2,0,3,1,0
0020760c,10760c,A,24,6,call,1,void,0,2,0,1,0,0
00207624,107624,A,48,12,prologue,4,void,0,1,3,1,0,0
00207680,107680,A,56,14,prologue,2,r0,0,1,2,1,0,0
002076d8,1076d8,A,944,207,prologue,4,void,2,1,15,32,0,0
00207a88,107a88,A,60,15,prologue,3,r0:r1,0,1,2,1,0,0
00207ae4,107ae4,A,540,126,prologue,4,void,0,1,11,18,0,0
00207d00,107d00,A,4,1,call,4,r0,0,1,1,1,0,0
00207d04,107d04,A,340,80,prologue,4,void,0,1,6,11,0,0
00207e58,107e58,A,156,39,prologue,4,void,0,1,4,3,0,0
00207ef4,107ef4,A,48,12,prologue,3,r0:r1,0,2,2,3,0,0
00207f24,107f24,A,412,92,prologue,4,r0,0,2,5,18,0,0
002080c0,1080c0,A,32,8,ptr,4,void,0,1,1,1,0,0
002080e0,1080e0,A,80,20,prologue,2,void,0,1,1,1,0,0
00208130,108130,A,1000,244,prologue,4,void,5,1,5,10,0,0
002087e4,1087e4,A,116,29,ptr,2,void,0,0,3,1,0,0
00208868,108868,A,16,4,call,1,r0,0,1,0,1,0,0
00208880,108880,A,304,76,prologue,3,void,0,2,1,1,0,0
002089b4,1089b4,A,156,37,prologue,3,r0,0,1,1,13,1,0
00208a50,108a50,A,268,64,prologue,4,r0,3,1,0,12,1,0
00208b5c,108b5c,A,12,3,call,1,r0,0,1,0,1,0,0
00208b68,108b68,A,48,12,prologue,1,r0,0,1,0,3,1,0
00208b98,108b98,A,96,22,call,4,r0,0,1,0,5,0,0
00208bf8,108bf8,A,152,38,ptr,3,r0,0,0,0,6,0,0
00208c94,108c94,A,264,60,call,1,r0,0,1,0,13,0,0
00208d9c,108d9c,A,152,33,prologue,4,r0:r1,0,1,5,3,0,0
00208e34,108e34,A,116,29,prologue,2,void,0,1,2,3,0,0
00208ea8,108ea8,A,124,30,prologue,3,void,0,1,1,1,0,0
00208f24,108f24,A,40,10,prologue,4,r0,0,1,0,1,0,0
00208f4c,108f4c,A,80,20,prologue,4,void,0,1,0,3,0,0
00208f9c,108f9c,A,452,112,prologue,4,r0,3,1,2,21,0,0
00209160,109160,A,220,53,prologue,1,r0,0,1,2,1,0,0
0020923c,10923c,A,156,39,call,3,r0,0,1,0,3,0,0
002092d8,1092d8,A,336,77,prologue,4,void,3,1,8,8,0,0
00209428,109428,A,44,1,call,0,void,0,1,0,1,1,0
0020942c,10942c,A,44,9,prologue,1,r0,0,0,2,3,0,0
00209458,109458,A,12,2,call,0,r0:r1,0,1,1,1,0,0
00209468,109468,A,196,45,prologue,4,void,0,0,2,5,1,0
0020952c,10952c,A,360,82,prologue,4,r0,0,1,10,15,0,0
00209694,109694,A,16,3,call,0,r0,0,1,0,1,0,0
002096a4,1096a4,A,36,7,call,0,r0,0,1,0,1,0,0
002096c8,1096c8,A,32,7,prologue,1,void,0,1,1,1,0,0
002096e8,1096e8,A,168,42,call,1,r0,0,1,0,7,0,0
00209790,109790,A,16,3,call,0,r0,0,1,0,1,0,0
002097a0,1097a0,A,80,18,prologue,0,r0,0,0,3,3,0,0
002097f0,1097f0,A,168,40,prologue,4,r0,0,1,5,4,0,0
00209898,109898,A,244,57,prologue,0,r0,0,0,7,7,0,0
0020998c,10998c,A,480,116,prologue,4,r0,0,2,6,19,0,0
00209b6c,109b6c,A,360,86,prologue,0,r0,0,0,10,10,0,0
00209cd4,109cd4,A,120,29,prologue,3,void,0,1,3,7,0,0
00209d4c,109d4c,A,68,17,prologue,2,r0:r1,0,1,2,6,0,0
00209d90,109d90,A,20,4,call,2,void,0,2,0,1,0,0
00209dac,109dac,A,48,12,prologue,2,r0:r1,0,1,2,4,0,0
00209ddc,109ddc,A,44,11,prologue,2,void,0,1,3,1,0,0
00209e08,109e08,A,16,4,call,1,r0,0,2,0,1,1,0
00209e18,109e18,A,56,14,prologue,4,r0,0,0,3,1,0,0
00209e50,109e50,A,4,1,call,1,r0,0,1,0,1,1,0
00209e54,109e54,A,108,27,prologue,2,r0,0,1,4,5,0,0
00209ec0,109ec0,A,20,4,call,2,void,0,2,0,1,0,0
00209ed4,109ed4,A,280,67,prologue,0,r0:r1,0,1,11,11,1,0
00209fec,109fec,A,20,4,call,2,void,0,1,0,1,0,0
0020a000,10a000,A,16,3,call,0,r0,0,1,0,1,0,0
0020a010,10a010,A,276,66,prologue,0,r0:r1,0,1,10,8,1,0
0020a124,10a124,A,20,4,call,2,void,0,1,0,1,0,0
0020a138,10a138,A,16,3,call,0,r0,0,2,0,1,0,0
0020a148,10a148,A,20,5,prologue,0,r0,0,1,1,1,0,0
0020a15c,10a15c,A,128,30,prologue,1,r0:r1,0,1,2,5,0,0
0020a1dc,10a1dc,A,36,9,prologue,0,r0,0,1,2,4,0,0
0020a200,10a200,A,56,14,prologue,4,void,0,1,1,1,0,0
0020a238,10a238,A,48,12,prologue,4,r0,0,1,4,1,0,0
0020a268,10a268,A,308,73,prologue,1,void,0,1,10,3,0,0
0020a39c,10a39c,A,164,41,prologue,4,r0,0,1,3,3,0,0
0020a440,10a440,A,44,11,prologue,2,r0,0,1,3,1,0,0
0020a46c,10a46c,A,8,2,call,2,r0:r1,0,2,0,3,1,0
0020a474,10a474,A,92,23,prologue,2,r0,0,0,1,1,0,0
0020a4d0,10a4d0,A,340,83,prologue,3,void,0,2,16,7,0,0
0020a624,10a624,A,112,28,gapstart,4,r0,0,0,0,3,0,0
0020a694,10a694,A,224,56,gapstart,4,r0,0,0,0,3,0,0
0020a774,10a774,A,124,29,prologue,4,void,0,1,1,3,0,0
0020a7f0,10a7f0,A,388,93,prologue,4,void,0,2,5,12,0,0
0020a974,10a974,A,132,33,prologue,4,void,1,1,4,1,0,0
0020a9f8,10a9f8,A,36,9,prologue,2,r0:r1,0,1,3,1,0,0
0020aa1c,10aa1c,A,208,52,prologue,3,r0:r1,0,1,3,8,0,0
0020aaec,10aaec,A,532,127,prologue,4,r0,0,2,19,22,0,0
0020ad00,10ad00,A,8,2,call,1,r0:r1,0,1,0,1,1,0
0020ad08,10ad08,A,92,23,prologue,4,r0,0,0,3,5,0,0
0020ad64,10ad64,A,16,3,call,0,r0,0,1,0,1,0,0
0020ad74,10ad74,A,252,60,prologue,2,void,0,2,1,10,1,0
0020ae70,10ae70,A,308,62,call,1,void,0,2,0,18,0,0
0020afa4,10afa4,A,44,11,prologue,2,r0:r1,0,2,3,1,0,0
0020afd0,10afd0,A,4,1,call,4,r0,0,1,1,1,0,0
0020afd4,10afd4,A,140,31,prologue,0,void,0,2,5,4,0,0
0020b060,10b060,A,156,35,prologue,4,r0,1,2,4,4,0,0
0020b0fc,10b0fc,A,20,5,prologue,4,void,0,1,1,1,0,0
0020b110,10b110,A,268,62,prologue,1,r0:r1,0,2,10,9,0,0
0020b21c,10b21c,A,204,47,prologue,1,r0:r1,0,2,7,1,0,0
0020b2e8,10b2e8,A,36,9,prologue,2,void,0,1,3,1,0,0
0020b30c,10b30c,A,28,7,prologue,4,void,0,2,1,1,0,0
0020b328,10b328,A,112,26,prologue,4,r0:r1,2,1,0,3,0,0
0020b398,10b398,A,72,17,prologue,4,r0:r1,0,1,0,3,0,0
0020b3e0,10b3e0,A,84,19,prologue,3,r0,0,1,0,1,0,0
0020b434,10b434,A,100,23,prologue,4,r0:r1,0,1,0,1,0,0
0020b498,10b498,A,76,17,prologue,2,r0:r1,0,1,0,1,0,0
0020b4e4,10b4e4,A,112,26,prologue,4,r0,1,2,0,3,0,0
0020b554,10b554,A,100,23,prologue,4,r0:r1,0,1,0,1,0,0
0020b5b8,10b5b8,A,64,14,prologue,4,r0:r1,0,1,0,3,0,0
0020b5f8,10b5f8,A,136,32,prologue,4,r0:r1,2,1,0,3,0,0
0020b680,10b680,A,80,18,prologue,4,r0:r1,0,1,0,1,0,0
0020b6d0,10b6d0,A,108,25,prologue,4,r0:r1,0,1,0,3,0,0
0020b73c,10b73c,A,80,18,prologue,4,r0:r1,0,1,0,1,0,0
0020b78c,10b78c,A,68,15,prologue,4,r0:r1,0,2,0,3,0,0
0020b7d0,10b7d0,A,56,12,prologue,4,r0:r1,0,1,0,1,0,0
0020b808,10b808,A,76,17,prologue,2,r0:r1,0,1,0,1,0,0
0020b854,10b854,A,60,14,prologue,4,r0:r1,0,1,0,3,0,0
0020b890,10b890,A,48,11,prologue,4,r0:r1,0,1,0,1,0,0
0020b8c0,10b8c0,A,76,17,prologue,4,r0:r1,1,1,0,1,0,0
0020b90c,10b90c,A,56,12,prologue,4,r0:r1,0,1,0,1,0,0
0020b944,10b944,A,56,12,prologue,4,r0:r1,0,1,0,1,0,0
0020b97c,10b97c,A,28,7,prologue,4,r0:r1,0,1,2,3,0,0
0020b998,10b998,A,8,2,call,2,r0,0,1,0,1,1,0
0020b9a0,10b9a0,A,28,7,prologue,4,r0,0,0,2,1,0,0
0020b9bc,10b9bc,A,28,7,prologue,4,r0,0,1,2,3,0,0
0020b9d8,10b9d8,A,28,7,prologue,4,r0:r1,0,2,2,3,0,0
0020b9f4,10b9f4,A,60,14,prologue,4,r0:r1,0,1,2,3,0,0
0020ba30,10ba30,A,132,31,prologue,4,r0,0,1,2,11,0,0
0020bab4,10bab4,A,28,7,prologue,4,r0,0,2,2,3,0,0
0020bad0,10bad0,A,388,89,prologue,3,r0,0,1,5,21,0,0
0020bc54,10bc54,A,4,1,call,1,r0,0,1,0,1,1,0
0020bc58,10bc58,A,28,7,prologue,4,r0,0,0,2,1,0,0
0020bc74,10bc74,A,28,7,prologue,4,r0,0,1,2,3,0,0
0020bc90,10bc90,A,64,16,prologue,4,void,0,1,2,3,0,0
0020bcd0,10bcd0,A,36,9,prologue,4,r0,1,1,2,3,0,0
0020bcf4,10bcf4,A,64,16,prologue,4,void,0,1,2,3,0,0
0020bd34,10bd34,A,124,29,prologue,4,r0:r1,0,1,2,11,0,0
0020bdb0,10bdb0,A,60,13,prologue,4,r0:r1,0,1,0,1,0,0
0020bdec,10bdec,A,84,19,prologue,4,r0:r1,0,1,0,3,0,0
0020be40,10be40,A,72,16,prologue,4,r0:r1,0,1,0,1,0,0
0020be88,10be88,A,60,13,prologue,4,r0:r1,0,1,0,1,0,0
0020bec4,10bec4,A,72,16,prologue,4,r0,0,1,0,1,0,0
0020bf0c,10bf0c,A,104,24,prologue,4,r0:r1,2,1,0,3,0,0
0020bf74,10bf74,A,60,13,prologue,4,r0:r1,0,1,0,1,0,0
0020bfb0,10bfb0,A,48,11,prologue,4,r0:r1,0,1,0,1,0,0
0020bfe0,10bfe0,A,48,11,prologue,4,r0,0,1,0,1,0,0
0020c010,10c010,A,76,17,prologue,4,r0:r1,0,1,0,3,0,0
0020c05c,10c05c,A,88,20,prologue,4,r0:r1,0,1,0,1,0,0
0020c0b4,10c0b4,A,76,17,prologue,4,r0:r1,0,1,0,3,0,0
0020c100,10c100,A,96,22,prologue,4,r0:r1,1,1,0,1,0,0
0020c160,10c160,A,76,17,prologue,4,r0:r1,0,1,0,3,0,0
0020c1ac,10c1ac,A,60,14,prologue,4,r0,0,1,0,3,0,0
0020c1e8,10c1e8,A,80,18,prologue,4,r0,0,1,0,1,0,0
0020c238,10c238,A,140,33,prologue,4,r0:r1,0,1,2,11,0,0
0020c2c4,10c2c4,A,424,103,prologue,4,void,1,1,5,10,0,0
0020c46c,10c46c,A,132,32,prologue,1,void,0,1,0,1,2,0
0020c4f0,10c4f0,A,156,39,ptr,3,void,0,1,1,8,1,0
0020c58c,10c58c,A,328,75,prologue,2,void,0,1,9,11,0,0
0020c6d4,10c6d4,A,112,26,prologue,1,void,0,2,3,1,0,0
0020c744,10c744,A,144,32,prologue,2,void,0,1,4,1,0,0
0020c7d4,10c7d4,A,44,1,call,0,void,0,1,0,1,1,0
0020c7d8,10c7d8,A,44,9,prologue,1,r0,0,0,2,3,0,0
0020c804,10c804,A,12,2,call,0,r0:r1,0,1,1,1,0,0
0020c810,10c810,A,380,85,prologue,0,r0:r1,0,1,9,11,0,0
0020c98c,10c98c,A,60,13,prologue,0,r0,0,1,2,1,0,0
0020c9c8,10c9c8,A,108,25,prologue,0,r0:r1,0,1,4,4,0,0
0020ca34,10ca34,A,92,20,prologue,0,r0:r1,0,1,4,4,0,0
0020ca90,10ca90,A,112,26,prologue,1,r0:r1,0,1,4,4,0,0
0020cb00,10cb00,A,156,33,prologue,1,r0:r1,0,1,5,7,0,0
0020cb9c,10cb9c,A,92,20,prologue,0,void,0,1,4,4,0,0
0020cbf8,10cbf8,A,80,18,prologue,4,r0,0,1,0,1,0,0
0020cc48,10cc48,A,72,17,prologue,4,r0:r1,0,1,0,3,0,0
0020cc90,10cc90,A,68,15,prologue,4,r0:r1,0,1,0,3,0,0
0020ccd4,10ccd4,A,64,14,prologue,4,void,0,1,0,1,0,0
0020cd14,10cd14,A,48,11,prologue,4,r0,0,1,0,1,0,0
0020cd44,10cd44,A,68,15,prologue,4,void,0,1,0,3,0,0
0020cd88,10cd88,A,64,14,prologue,4,r0,0,1,0,1,0,0
0020cdc8,10cdc8,A,48,11,prologue,4,void,0,1,0,1,0,0
0020cdf8,10cdf8,A,184,42,prologue,0,r0:r1,0,1,2,5,0,0
0020ceb0,10ceb0,A,68,17,call,2,void,0,1,0,5,0,0
0020cef4,10cef4,A,224,56,call,2,r0,0,2,0,13,0,0
0020d040,10d040,A,144,36,prologue,2,void,0,4,1,7,0,0
0020d0d0,10d0d0,A,44,10,call,3,void,0,1,1,3,0,0
0020d0fc,10d0fc,A,68,16,call,3,void,0,1,2,5,0,0
0020d140,10d140,A,60,14,prologue,1,void,0,1,2,1,0,0
0020d17c,10d17c,A,24,6,call,1,r0,0,1,0,1,0,0
0020d194,10d194,A,184,46,prologue,3,r0,0,2,1,7,0,0
0020d24c,10d24c,A,4,1,call,2,r0,0,1,0,1,1,0
0020d250,10d250,A,144,34,prologue,4,r0,0,0,1,6,0,0
0020d2e0,10d2e0,A,1496,372,prologue,2,void,0,1,3,66,13,0
0020d8b8,10d8b8,A,112,27,ptr,1,r0,0,0,0,5,2,0
0020d928,10d928,A,788,197,prologue,4,void,0,1,3,14,0,0
0020dc3c,10dc3c,A,80,20,ptr,2,r0,0,0,0,4,2,0
0020dc8c,10dc8c,A,2972,741,prologue,4,r0:r1,2,1,6,118,12,0
0020e828,10e828,A,240,58,call,4,r0,0,1,0,3,0,0
0020e920,10e920,A,976,240,ptr,4,r0,0,0,0,45,13,0
0020ecf0,10ecf0,A,12,3,call,2,void,0,1,0,3,1,0
0020ecfc,10ecfc,A,448,112,prologue,2,r0,0,0,1,24,2,0
0020eebc,10eebc,A,84,21,ptr,2,r0,0,0,3,4,0,0
0020ef10,10ef10,A,208,52,ptr,1,r0,0,0,0,5,1,0
0020efe0,10efe0,A,236,59,prologue,2,r0,0,1,1,3,1,0
0020f0cc,10f0cc,A,248,62,prologue,4,r0,0,1,2,5,0,0
0020f1c4,10f1c4,A,80,20,ptr,2,r0,0,0,0,4,2,0
0020f214,10f214,A,536,132,prologue,4,r0,0,1,2,25,4,0
0020f42c,10f42c,A,844,207,ptr,4,r0,0,0,1,40,15,0
0020f778,10f778,A,84,21,ptr,2,r0,0,0,3,4,0,0
0020f7cc,10f7cc,A,220,55,prologue,2,r0,0,1,1,3,1,0
0020f9a0,10f9a0,A,80,20,ptr,2,r0,0,0,0,4,2,0
0020f9f0,10f9f0,A,520,128,prologue,4,r0,0,1,2,25,4,0
0020fbf8,10fbf8,A,844,207,ptr,4,r0,0,0,1,40,15,0
00210004,110004,A,72,17,ptr,2,r0,0,0,3,1,0,0
00210064,110064,A,368,89,ptr,4,r0,2,0,2,9,2,0
002101d4,1101d4,A,800,193,prologue,4,r0,0,0,7,11,0,0
002104f4,1104f4,A,440,105,prologue,4,void,0,1,6,17,1,0
002106b0,1106b0,A,1416,350,prologue,2,r0,0,1,2,69,1,0
00210c38,110c38,A,252,63,prologue,2,r0,0,1,1,26,1,0
00210d34,110d34,A,1200,296,prologue,2,void,0,1,1,53,0,0
002111e4,1111e4,A,252,63,call,2,void,0,1,0,24,0,0
002112e0,1112e0,A,5788,1446,prologue,2,r0,0,1,0,151,60,0
0021297c,11297c,A,640,159,ptr,1,r0,0,0,0,31,15,0
00212bfc,112bfc,A,84,21,ptr,4,void,0,0,1,1,0,0
00212c50,112c50,A,8,2,ptr,2,void,0,0,0,1,0,0
00212c58,112c58,A,580,144,prologue,2,r0,0,1,3,21,7,0
00212e9c,112e9c,A,440,109,ptr,2,r0,0,0,2,18,4,0
00213054,113054,A,212,52,ptr,1,r0,0,0,0,10,6,0
00213128,113128,A,532,129,ptr,2,r0,0,0,1,22,7,0
0021333c,11333c,A,1100,271,prologue,4,void,1,1,1,39,10,0
00213788,113788,A,4,1,ptr,1,void,0,0,0,1,1,0
0021378c,11378c,A,324,80,call,1,void,0,1,0,17,2,0
002138d0,1138d0,A,144,36,prologue,4,void,0,2,1,5,0,0
00213960,113960,A,144,36,ptr,4,r0,0,0,1,5,0,0
002139f0,1139f0,A,240,53,call,2,r0,0,1,0,1,0,0
00213ae0,113ae0,A,228,54,ptr,1,r0,0,0,0,10,4,0
00213bc4,113bc4,A,84,21,ptr,2,r0,0,0,3,4,0,0
00213c18,113c18,A,208,52,ptr,1,r0,0,0,0,5,1,0
00213ce8,113ce8,A,348,87,prologue,2,r0,0,1,1,3,1,0
00213f3c,113f3c,A,176,44,prologue,2,void,0,1,0,5,5,0
00213fec,113fec,A,80,20,ptr,2,r0,0,0,0,4,2,0
0021403c,11403c,A,200,48,prologue,4,r0,0,1,2,8,2,0
00214104,114104,A,800,196,ptr,4,r0,0,0,2,38,13,0
00214424,114424,A,1144,286,ptr,2,r0,0,0,1,47,8,0
0021489c,11489c,A,220,55,prologue,3,void,0,1,3,4,0,0
00214978,114978,A,1220,305,prologue,3,void,0,1,2,27,0,0
00214e3c,114e3c,A,136,34,prologue,2,void,0,1,2,3,0,0
00214ec4,114ec4,A,80,20,ptr,2,r0,0,0,0,4,2,0
00214f14,114f14,A,1724,420,prologue,4,r0,1,1,6,52,10,0
002155d0,1155d0,A,1748,432,ptr,4,r0,0,0,1,82,35,0
00215ca4,115ca4,A,1652,400,prologue,2,void,0,1,2,49,0,0
00216318,116318,A,68,17,call,1,void,0,1,0,1,0,0
0021635c,11635c,A,112,28,call,2,void,0,1,0,1,0,0
002163cc,1163cc,A,444,110,prologue,4,r0:r1,0,1,2,14,3,0
00216588,116588,A,116,28,ptr,1,r0,0,0,0,1,1,0
002165fc,1165fc,A,84,20,prologue,1,void,0,1,3,1,0,0
00216650,116650,A,424,99,prologue,3,void,0,1,1,11,0,0
002167f8,1167f8,A,264,65,prologue,2,void,0,1,3,14,1,0
00216900,116900,A,240,59,prologue,2,void,0,1,3,9,0,0
002169f0,1169f0,A,216,47,prologue,3,void,0,1,2,3,0,0
00216ac8,116ac8,A,140,35,prologue,2,void,0,1,1,3,2,0
00216b5c,116b5c,A,884,208,prologue,3,void,0,1,2,27,4,0
00216ed0,116ed0,A,804,192,prologue,3,void,0,1,4,16,0,0
002171f4,1171f4,A,672,168,prologue,4,void,0,3,0,36,4,0
00217494,117494,A,56,14,call,2,void,0,3,0,1,0,0
002174d0,1174d0,A,244,61,call,2,void,0,3,0,3,0,0
002175cc,1175cc,A,532,132,prologue,4,void,0,3,4,12,4,0
002177e0,1177e0,A,500,122,prologue,3,r0:r1,0,1,7,22,0,0
002179d4,1179d4,A,440,108,prologue,4,r0:r1,0,1,3,24,0,0
00217b8c,117b8c,A,396,97,prologue,4,r0:r1,0,1,3,21,0,0
00217d18,117d18,A,4,1,call,4,void,0,2,0,1,1,0
00217d1c,117d1c,A,268,67,prologue,1,r0,10,0,2,7,0,0
00217e28,117e28,A,116,28,call,3,void,0,1,0,3,0,0
00217e9c,117e9c,A,120,29,call,3,void,0,1,0,3,0,0
00217f14,117f14,A,176,43,call,2,r0,0,2,0,8,0,0
00217fc4,117fc4,A,916,229,prologue,4,void,1,1,1,37,0,0
00218358,118358,A,960,240,prologue,4,r0:r1,1,1,1,38,0,0
00218718,118718,A,952,238,prologue,4,void,1,1,1,38,0,0
00218ad0,118ad0,A,1048,262,prologue,4,r0:r1,1,1,3,40,0,0
00218ee8,118ee8,A,164,41,prologue,3,void,0,3,1,3,0,0
00218f94,118f94,A,560,140,prologue,4,void,0,2,2,27,0,0
002191c4,1191c4,A,140,35,prologue,4,r0,4,1,3,4,0,0
00219250,119250,A,408,99,prologue,4,r0,0,2,2,19,0,0
002193e8,1193e8,A,180,45,prologue,3,r0,2,3,1,10,1,0
0021949c,11949c,A,8,2,call,2,void,0,2,0,3,1,0
002194a4,1194a4,A,52,13,prologue,2,r0,0,0,1,3,0,0
002194d8,1194d8,A,8,2,call,2,void,0,2,0,3,1,0
002194e0,1194e0,A,52,13,prologue,2,r0,0,0,1,3,0,0
00219514,119514,A,8,2,call,2,void,0,2,0,3,1,0
0021951c,11951c,A,64,16,prologue,2,r0,0,0,2,3,0,0
0021955c,11955c,A,8,2,call,2,void,0,2,0,3,1,0
00219564,119564,A,52,13,prologue,2,r0,0,0,1,3,0,0
00219598,119598,A,8,2,call,2,void,0,2,0,3,1,0
002195a0,1195a0,A,64,16,prologue,2,r0,0,0,2,3,0,0
002195e0,1195e0,A,8,2,call,2,void,0,1,0,3,1,0
002195e8,1195e8,A,136,33,prologue,2,r0,0,0,2,8,0,0
00219670,119670,A,8,2,call,2,void,0,2,0,3,1,0
00219678,119678,A,64,16,prologue,2,r0,0,0,2,3,0,0
002196b8,1196b8,A,1016,252,prologue,4,r0:r1,0,3,2,30,6,0
00219ab0,119ab0,A,216,54,prologue,4,r0:r1,0,4,1,3,0,0
00219b8c,119b8c,A,64,16,call,1,r0,0,6,0,1,0,0
00219bd8,119bd8,A,172,43,call,1,r0,0,3,0,7,0,0
00219c84,119c84,A,216,54,prologue,1,r0,0,3,1,7,0,0
00219d60,119d60,A,180,45,prologue,1,r0,0,3,1,7,0,0
00219e18,119e18,A,176,44,call,1,r0,0,3,0,7,0,0
00219ec8,119ec8,A,188,47,prologue,1,r0,0,3,1,7,0,0
00219f8c,119f8c,A,176,44,prologue,1,r0,0,3,1,7,0,0
0021a040,11a040,A,4,1,call,0,r0,0,1,0,1,1,0
0021a044,11a044,A,24,6,prologue,2,r0,0,0,1,1,0,0
0021a05c,11a05c,A,484,118,prologue,4,r0,0,1,4,22,1,0
0021a240,11a240,A,120,29,prologue,2,void,0,4,1,6,0,0
0021a2b8,11a2b8,A,120,27,prologue,1,void,0,3,4,5,0,0
0021a330,11a330,A,120,27,prologue,1,void,0,3,4,5,0,0
0021a3a8,11a3a8,A,160,40,call,2,r0,0,4,0,11,0,0
0021a448,11a448,A,2624,623,prologue,4,void,9,2,8,114,2,0
0021ae88,11ae88,A,28,6,prologue,2,void,0,2,2,1,0,0
0021aea4,11aea4,A,28,7,call,3,r0,0,1,1,3,0,0
0021aec8,11aec8,T,2,1,tail,0,void,0,1,0,1,0,0
0021aecc,11aecc,T,4,2,call,4,r0,0,1,0,1,1,0
0021aed0,11aed0,T,164,27,prologue,4,void,2,0,1,1,1,0
0021af08,11af08,T,92,44,prologue,4,void,0,2,1,10,0,0
0021af74,11af74,A,304,75,call,2,r0:r1,0,3,0,5,0,0
0021b0a4,11b0a4,A,20,5,gapstart,4,r0,0,0,0,3,1,0
0021b0b8,11b0b8,A,12,3,call,2,r0:r1,0,6,0,1,0,0
0021b0c8,11b0c8,A,44,11,call,1,r0:r1,0,6,0,1,0,0
0021b0f4,11b0f4,A,128,32,call,1,void,0,2,1,7,0,0
0021b178,11b178,A,52,13,prologue,2,void,0,2,2,1,0,0
0021b1bc,11b1bc,A,408,101,prologue,4,void,0,2,5,15,0,0
0021b354,11b354,A,12,3,call,2,r0,0,2,0,3,1,0
0021b360,11b360,A,124,31,prologue,4,r0,0,0,3,5,0,0
0021b3dc,11b3dc,A,304,76,prologue,3,r0,0,2,2,10,0,0
0021b50c,11b50c,A,96,24,prologue,2,r0,0,18,1,4,0,0
0021b56c,11b56c,A,216,54,prologue,2,r0,0,1,2,10,0,0
0021b644,11b644,A,248,62,prologue,1,r0:r1,0,3,2,9,0,0
0021b73c,11b73c,A,248,62,call,1,r0,0,3,0,9,0,0
0021b844,11b844,A,336,77,prologue,4,r0,1,1,3,14,0,0
0021b994,11b994,A,44,10,call,2,r0,0,2,0,3,0,0
0021b9c0,11b9c0,A,60,15,call,2,r0,0,2,0,4,0,0
0021b9fc,11b9fc,A,48,12,call,1,r0,0,6,0,4,0,0
0021ba2c,11ba2c,A,60,15,call,2,r0:r1,0,9,0,4,0,0
0021ba68,11ba68,A,128,32,prologue,1,r0,0,1,2,6,1,0
0021bae8,11bae8,A,192,48,call,2,r0,0,7,0,12,0,0
0021bba8,11bba8,A,124,31,call,3,r0:r1,0,38,0,9,0,0
0021bc24,11bc24,A,176,43,prologue,3,r0:r1,0,2,1,7,0,0
0021bcdc,11bcdc,A,320,79,call,4,void,0,1,0,1,0,0
0021be1c,11be1c,A,320,79,call,4,void,0,1,0,1,0,0
0021bf5c,11bf5c,A,324,80,call,4,void,0,1,0,1,0,0
0021c0a0,11c0a0,A,320,79,call,4,void,0,1,0,1,0,0
0021c1e0,11c1e0,A,112,28,prologue,2,r0,0,1,1,5,0,0
0021c250,11c250,A,704,176,call,3,void,0,2,0,12,0,0
0021c518,11c518,A,64,16,call,3,void,0,1,0,1,0,0
0021c558,11c558,A,168,42,prologue,4,r0,0,1,2,11,0,0
0021c6f8,11c6f8,A,860,239,ptr,0,r0,2,0,3,24,0,0
0021ca54,11ca54,A,1156,279,prologue,3,r0,0,2,8,59,0,0
0021ced8,11ced8,A,132,31,call,1,void,0,4,0,6,0,0
0021cf64,11cf64,A,52,13,call,3,void,0,2,0,1,0,0
0021cf98,11cf98,A,268,67,prologue,4,void,1,2,1,11,0,0
0021d0a4,11d0a4,A,12,3,call,3,void,0,4,0,3,1,0
0021d0b0,11d0b0,A,72,18,prologue,3,r0,0,0,1,3,0,0
0021d0f8,11d0f8,A,528,132,prologue,4,void,0,1,2,4,0,0
0021d310,11d310,A,56,14,call,3,r0,0,2,0,1,0,0
0021d348,11d348,A,84,21,call,3,void,0,2,0,3,0,0
0021d3a4,11d3a4,A,224,49,prologue,0,r0,0,1,2,7,0,0
0021d484,11d484,A,372,93,call,3,void,0,3,0,3,0,0
0021d5f8,11d5f8,A,400,91,call,4,r0:r1,0,3,0,8,0,0
0021d798,11d798,A,16,4,call,2,r0:r1,0,2,0,1,0,0
0021d7a8,11d7a8,A,116,28,call,3,void,0,2,0,3,0,0
0021d81c,11d81c,A,20,5,call,2,r0:r1,0,1,0,1,0,0
0021d830,11d830,A,840,208,prologue,4,void,1,1,5,32,0,0
0021db78,11db78,A,536,130,prologue,2,void,0,2,6,22,0,0
0021dd90,11dd90,A,1356,338,prologue,4,void,0,3,5,39,0,0
0021e2dc,11e2dc,A,364,91,prologue,3,void,0,2,2,12,0,0
0021e448,11e448,A,12,3,call,1,void,0,4,0,1,0,0
0021e454,11e454,T,40,20,prologue,3,r0:r1,0,3,0,7,0,0
0021e47c,11e47c,A,812,199,prologue,4,r0:r1,0,1,6,40,0,0
0021e7a8,11e7a8,A,44,11,prologue,2,r0:r1,0,2,1,3,0,0
0021e7dc,11e7dc,A,488,120,prologue,2,r0:r1,0,7,4,19,1,0
0021e9c4,11e9c4,A,4,1,call,0,r0:r1,0,2,0,1,1,0
0021e9c8,11e9c8,A,40,10,prologue,4,r0,0,0,0,1,0,0
0021e9f0,11e9f0,A,48,12,prologue,4,r0:r1,0,3,2,3,0,0
0021ea20,11ea20,A,116,24,prologue,4,r0,0,7,1,3,0,0
0021eaf0,11eaf0,A,68,15,prologue,1,r0,0,3,3,1,0,0
0021eb34,11eb34,A,116,24,prologue,4,r0,0,8,1,3,0,0
0021eba8,11eba8,A,24,6,prologue,4,void,0,4,0,1,0,0
0021ec98,11ec98,A,8,2,call,1,void,0,2,0,1,1,0
0021eca0,11eca0,A,488112,13,call,2,r0:r1,0,6,0,2,0,0
0021ecd4,11ecd4,A,124,31,prologue,1,r0:r1,0,10,1,8,0,0
0021ed54,11ed54,A,8,2,call,4,r0:r1,0,4,1,1,0,0
0021ed5c,11ed5c,A,72,18,prologue,2,r0:r1,0,4,2,1,0,0
0021eda4,11eda4,A,180,45,prologue,4,void,0,8,2,3,0,0
0021ee5c,11ee5c,A,412,99,prologue,2,r0,0,3,9,3,3,0
0021eff8,11eff8,A,712,164,prologue,1,r0:r1,0,1,10,30,0,0
0021f2e0,11f2e0,A,124,29,prologue,4,r0:r1,0,3,4,5,0,0
0021f35c,11f35c,A,16,4,call,1,r0,0,3,0,1,0,0
0021f370,11f370,A,1464,356,prologue,2,r0,0,3,17,57,7,0
0021f928,11f928,A,16,3,call,1,r0:r1,0,2,0,1,0,0
0021f938,11f938,A,16,3,call,2,r0:r1,0,3,0,1,0,0
0021f948,11f948,A,4,1,call,1,r0,0,2,0,1,1,0
0021f94c,11f94c,A,52,13,prologue,4,r0,0,0,4,1,0,0
0021f980,11f980,A,696,171,prologue,1,r0,0,4,23,21,2,0
0021fc38,11fc38,A,16,4,call,1,void,0,3,0,1,0,0
0021fc48,11fc48,A,180,38,prologue,1,void,0,5,2,3,1,0
0021fd08,11fd08,A,212,50,prologue,1,r0,0,5,9,7,1,0
0021fddc,11fddc,A,16,3,call,2,r0:r1,0,4,0,1,0,0
0021fdec,11fdec,A,4,1,call,1,r0,0,2,0,1,1,0
0021fdf0,11fdf0,A,288,68,prologue,4,r0,0,0,5,1,3,0
00220000,120000,A,784,153,ptr,2,r0,5,0,14,11,1,0
00220310,120310,A,4,1,call,1,r0,0,8,0,1,1,0
00220314,120314,A,128,31,prologue,4,r0,0,0,3,1,0,0
00220394,120394,A,32,8,prologue,2,r0:r1,0,5,0,1,0,0
002203b4,1203b4,A,8,2,call,1,r0,0,9,0,1,1,0
002203bc,1203bc,A,108,26,prologue,4,r0,0,0,5,1,0,0
00220428,120428,A,116,24,prologue,4,r0,0,66,1,3,0,0
0022049c,12049c,A,116,24,prologue,4,r0,0,9,1,3,0,0
00220510,120510,A,788,197,prologue,2,void,0,2,6,13,0,0
00220824,120824,A,152,37,prologue,4,r0,0,3,6,5,1,0
002208bc,1208bc,A,176,38,prologue,4,r0,0,2,7,1,0,0
0022096c,12096c,A,296,71,prologue,2,r0,0,7,9,8,1,0
00220a94,120a94,A,172,36,prologue,2,r0:r1,0,6,0,12,0,0
00220b40,120b40,A,24,6,call,2,r0:r1,0,2,0,1,0,0
00220b58,120b58,A,148,1,call,0,r0:r1,0,2,0,1,1,0
00220b5c,120b5c,A,168,35,prologue,4,r0,0,0,5,1,0,0
00220c04,120c04,A,116,29,call,1,r0:r1,0,4,2,5,0,0
00220c7c,120c7c,A,12,3,call,1,void,0,3,0,1,0,0
00220cb0,120cb0,A,20,5,call,1,r0:r1,0,3,0,1,0,0
00220cc4,120cc4,A,184,44,prologue,4,void,0,3,5,5,1,0
00220d7c,120d7c,A,116,24,prologue,4,r0,0,20,1,3,0,0
00220df0,120df0,A,28,7,prologue,1,r0:r1,0,3,1,1,0,0
00220e10,120e10,A,124,26,prologue,2,void,0,2,2,3,1,0
00220e8c,120e8c,A,116,24,prologue,4,r0,0,11,1,3,0,0
00220f00,120f00,A,116,24,prologue,4,r0,0,7,1,3,0,0
00220f74,120f74,A,116,24,prologue,4,r0,0,5,1,3,0,0
002210b0,1210b0,A,116,24,prologue,4,void,0,1,1,3,0,0
00221124,121124,A,56,14,prologue,1,r0,0,4,0,1,1,0
0022115c,12115c,A,44,11,prologue,4,r0,0,4,1,3,0,0
00221188,121188,A,304,69,prologue,2,r0,0,6,3,7,1,0
002212d0,1212d0,A,84,21,prologue,4,r0:r1,0,3,3,3,0,0
00221324,121324,A,208,51,prologue,1,r0,0,3,3,9,0,0
002213f8,1213f8,A,252,61,prologue,2,void,0,3,5,3,1,0
002214f4,1214f4,A,92,23,prologue,2,r0:r1,0,4,2,1,0,0
00221550,121550,A,116,24,prologue,4,r0,0,12,1,3,0,0
002215c4,1215c4,A,256,61,prologue,4,void,0,3,11,8,0,0
002216c4,1216c4,A,144,34,prologue,1,r0,0,6,2,3,3,0
00221754,121754,A,16,3,call,1,void,0,3,0,1,0,0
00221768,121768,A,340,75,prologue,4,void,0,2,10,5,0,0
002218bc,1218bc,A,116,24,prologue,4,r0,0,12,1,3,0,0
00221930,121930,A,8,2,call,1,r0,0,3,0,1,1,0
00221938,121938,A,140,34,prologue,4,r0,0,0,5,3,1,0
002219c8,1219c8,A,688,157,prologue,4,r0,0,2,15,17,2,0
00221c80,121c80,A,24,6,call,1,void,0,3,0,1,0,0
00221c98,121c98,A,92,23,prologue,4,void,0,3,3,1,0,0
00221cf4,121cf4,A,116,24,prologue,4,r0,0,10,1,3,0,0
00221d68,121d68,A,116,24,prologue,4,r0,0,5,1,3,0,0
00221ddc,121ddc,A,116,24,prologue,4,r0,0,10,1,3,0,0
00221e70,121e70,A,248,61,prologue,4,r0,1,0,5,9,0,0
00221f6c,121f6c,A,24,6,call,2,r0,0,1,0,1,0,0
00221f84,121f84,A,12,3,gapstart,1,r0,0,0,0,1,0,0
00221f90,121f90,A,12,3,call,1,r0,0,2,0,1,0,0
00221f9c,121f9c,A,8,2,call,2,void,0,2,0,1,1,0
00221fa4,121fa4,A,48,12,prologue,4,void,0,0,3,1,0,0
00221fd4,121fd4,A,4,1,call,2,void,0,3,0,1,1,0
00221fd8,121fd8,A,60,15,prologue,4,void,0,0,3,1,0,0
00222014,122014,A,708316,8,call,3,void,0,3,0,4,1,0
00222030,122030,A,707008,35,prologue,3,void,0,7,2,7,0,0
002220b4,1220b4,A,68,17,prologue,3,void,0,3,1,3,0,0
002220f8,1220f8,A,72,18,prologue,2,void,0,2,1,3,1,0
00222140,122140,A,96,24,call,1,void,0,2,0,3,0,0
002221a0,1221a0,A,76,19,call,1,void,0,2,0,3,0,0
002221ec,1221ec,A,437864,4,call,2,r0:r1,0,3,0,2,0,0
002221f4,1221f4,A,548,134,prologue,4,r0:r1,0,11,5,21,1,0
00222418,122418,A,4,1,call,1,r0,0,1,0,1,1,0
0022241c,12241c,A,60,15,prologue,4,r0,0,0,4,1,0,0
00222458,122458,A,3316,681,prologue,4,void,9,2,43,34,4,0
0022316c,12316c,A,400,97,prologue,4,r0,0,3,10,3,3,0
002232fc,1232fc,A,228,54,prologue,1,r0,0,2,7,1,0,0
002233e0,1233e0,A,116,24,prologue,4,r0,0,29,1,3,0,0
00223454,123454,A,184,46,prologue,2,r0:r1,0,2,1,11,4,0
0022350c,12350c,A,136,33,prologue,2,r0:r1,0,6,1,3,1,0
00223594,123594,A,116,24,prologue,4,r0,0,7,1,3,0,0
00223608,123608,A,196,45,ptr,1,r0,0,4,3,6,1,0
002236cc,1236cc,A,136,34,prologue,2,void,0,3,4,6,1,0
00223754,123754,A,220,53,prologue,4,void,0,1,3,11,0,0
00223954,123954,A,80,1,call,0,r0,0,2,0,1,1,0
00223958,123958,A,72,18,prologue,2,r0,0,0,2,1,0,0
002239a4,1239a4,A,164,41,prologue,4,void,0,3,2,8,0,0
00223a48,123a48,A,124,31,prologue,4,r0:r1,0,3,4,5,0,0
00223ac4,123ac4,A,308,59,prologue,4,r0,1,2,4,14,0,0
00223c04,123c04,A,64,15,prologue,4,r0:r1,0,2,1,1,0,0
00223c44,123c44,A,112,28,prologue,4,r0:r1,0,2,1,4,0,0
00223cb4,123cb4,A,120,30,prologue,3,r0:r1,0,1,4,6,0,0
00223d2c,123d2c,A,156,38,prologue,4,r0,0,3,2,5,0,0
00223dc8,123dc8,A,132,32,prologue,4,void,0,1,3,3,0,0
00223e9c,123e9c,A,52,13,call,1,r0,0,2,0,4,1,0
00223ed0,123ed0,A,40,10,prologue,1,r0,0,2,0,3,1,0
00223efc,123efc,A,16,4,call,1,r0:r1,0,2,0,3,1,0
00223f0c,123f0c,A,76,19,prologue,1,r0,0,0,0,5,1,0
00223f58,123f58,A,16,3,call,2,r0:r1,0,8,0,1,0,0
00223f68,123f68,A,144,35,prologue,4,r0:r1,1,1,2,5,0,0
00223ff8,123ff8,A,16,3,call,2,r0:r1,0,2,0,1,0,0
00224008,124008,A,48,12,prologue,1,r0:r1,0,1,1,3,0,0
00224038,124038,A,96,22,prologue,2,r0:r1,0,1,4,6,0,0
00224098,124098,A,424,106,prologue,1,void,0,1,3,11,0,0
00224240,124240,A,52,13,call,3,r0,0,4,0,3,0,0
00224274,124274,A,900,225,prologue,4,void,0,1,2,48,0,0
002245f8,1245f8,A,424,106,prologue,3,void,0,1,2,18,0,0
002247a0,1247a0,A,1844,461,prologue,4,void,0,1,1,92,0,0
00224ed4,124ed4,A,1844,461,prologue,4,void,0,1,1,92,0,0
00225608,125608,A,1832,458,prologue,4,void,0,1,1,91,0,0
00225d30,125d30,A,972,243,prologue,4,void,1,1,1,38,0,0
002260fc,1260fc,A,312,78,prologue,3,void,0,1,1,17,0,0
00226234,126234,A,20,4,call,0,void,0,2,0,1,0,0
00226248,126248,A,52,13,prologue,2,void,0,2,4,1,0,0
0022627c,12627c,A,224,56,prologue,1,r0,0,2,2,11,4,0
0022635c,12635c,A,52,2,call,0,r0,0,2,0,1,1,0
00226364,126364,A,40,10,prologue,3,r0,0,0,1,1,0,0
00226390,126390,A,1880,470,prologue,4,void,0,1,2,90,0,0
00226ae8,126ae8,A,960,240,prologue,4,r0:r1,1,1,2,38,0,0
00226ea8,126ea8,A,172,42,prologue,4,r0,0,2,1,9,1,0
00226f54,126f54,A,8,2,call,2,void,0,1,0,3,1,0
00226f5c,126f5c,A,728,181,prologue,4,r0,0,0,6,17,0,0
00227234,127234,A,248,61,prologue,4,void,0,1,3,5,0,0
0022732c,12732c,A,544,135,prologue,4,void,0,1,6,13,0,0
0022754c,12754c,A,116,28,prologue,1,r0,0,1,2,3,0,0
002275c0,1275c0,A,268,66,prologue,3,void,0,1,5,7,0,0
002276cc,1276cc,A,992,239,prologue,2,void,0,2,9,39,11,0
00227aac,127aac,A,96,23,prologue,4,void,0,2,3,1,0,0
00227b4c,127b4c,A,264,64,prologue,4,void,9,2,4,6,0,0
00227c54,127c54,A,96,23,prologue,3,void,0,3,3,1,0,0
00227cec,127cec,A,376,87,prologue,2,r0:r1,0,3,5,5,6,0
00227e64,127e64,A,1820,404,prologue,4,void,0,2,13,43,0,0
002285bc,1285bc,A,304,73,ptr,1,r0,0,2,2,16,4,0
002287e4,1287e4,A,224,50,ptr,4,r0,13,0,5,11,0,0
002288c4,1288c4,A,184,46,prologue,2,r0:r1,0,2,1,11,4,0
0022897c,12897c,A,552,128,prologue,1,r0,0,2,11,18,1,0
00228ba4,128ba4,A,36,9,ptr,1,void,0,0,1,1,1,0
00228bc8,128bc8,A,116,29,call,1,void,0,2,1,1,0,0
00228c3c,128c3c,A,796,188,prologue,4,void,2,2,8,19,13,0
00228f58,128f58,A,368,88,prologue,1,void,0,2,7,16,0,0
002290c8,1290c8,A,64,15,prologue,4,r0,0,1,1,1,0,0
00229108,129108,A,356,88,prologue,3,void,0,1,2,20,5,0
0022926c,12926c,A,192,48,prologue,4,r0,0,3,3,9,0,0
0022932c,12932c,A,160,40,prologue,4,r0,0,2,4,8,0,0
002293cc,1293cc,A,116,24,prologue,4,r0,0,5,1,3,0,0
00229440,129440,A,16,4,call,1,r0:r1,0,4,0,1,1,0
00229450,129450,A,12,3,prologue,3,void,0,0,1,1,0,0
0022945c,12945c,A,40,10,prologue,2,r0:r1,0,3,0,3,1,0
00229488,129488,A,224,53,prologue,4,void,0,2,4,11,0,0
00229568,129568,A,200,49,prologue,2,void,0,2,3,7,0,0
00229630,129630,A,632,155,prologue,3,void,0,1,5,27,0,0
002298a8,1298a8,A,144,36,prologue,4,r0:r1,0,2,5,8,0,0
00229938,129938,A,224,56,call,2,r0:r1,0,3,0,3,0,0
00229a18,129a18,A,204,51,prologue,3,void,0,1,1,12,1,0
00229ae4,129ae4,A,736,176,tail,4,void,0,1,7,21,9,0
00229dc4,129dc4,A,236,57,prologue,1,r0:r1,0,2,4,7,2,0
00229eb0,129eb0,A,92,23,prologue,4,r0:r1,0,3,1,6,0,0
00229f0c,129f0c,A,460,115,prologue,3,void,0,4,2,20,0,0
0022a0d8,12a0d8,A,564,137,prologue,4,void,0,1,4,21,0,0
0022a30c,12a30c,A,144,35,prologue,4,r0,0,1,3,3,0,0
0022a39c,12a39c,A,1272,313,prologue,3,void,0,1,14,58,9,0
0022a894,12a894,A,620,151,prologue,2,void,0,2,12,18,0,0
0022ab00,12ab00,A,40,10,call,2,void,0,1,0,3,0,0
0022ab28,12ab28,A,68,17,call,2,void,0,1,0,4,0,0
0022ab6c,12ab6c,A,8,2,call,4,r0,0,2,0,1,1,0
0022ab74,12ab74,A,24,6,prologue,2,void,2,0,1,1,0,0
0022ab8c,12ab8c,A,168,42,prologue,4,r0,0,2,2,9,0,0
0022ac34,12ac34,A,160,40,prologue,4,r0:r1,0,2,0,11,1,0
0022acd4,12acd4,A,160,40,prologue,4,r0:r1,0,2,0,11,1,0
0022ad74,12ad74,A,176,41,prologue,4,r0:r1,1,2,5,5,1,0
0022ae24,12ae24,A,912,204,prologue,4,r0:r1,3,3,6,27,0,0
0022b1b4,12b1b4,A,672,159,prologue,2,r0:r1,0,4,5,26,9,0
0022b454,12b454,A,56,14,prologue,4,r0:r1,0,2,2,3,0,0
0022b48c,12b48c,A,224,52,prologue,2,r0:r1,0,3,4,5,0,0
0022b56c,12b56c,A,544,128,prologue,2,r0:r1,0,2,7,11,0,0
0022b7c0,12b7c0,A,1072,130,prologue,4,r0:r1,0,2,2,33,0,0
0022bbf0,12bbf0,A,48,11,prologue,4,r0,0,3,0,1,0,0
0022bc20,12bc20,A,104,24,prologue,2,r0,0,3,3,5,0,0
0022bc88,12bc88,A,16,3,call,2,r0:r1,0,3,0,1,0,0
0022bc98,12bc98,A,20,5,prologue,4,r0,0,1,1,1,0,0
0022bcac,12bcac,A,52,13,ptr,2,void,0,2,0,3,0,0
0022bce0,12bce0,A,224,56,prologue,2,void,0,3,3,3,0,0
0022bdd0,12bdd0,A,196,48,prologue,2,r0:r1,0,2,3,7,0,0
0022be94,12be94,A,332,81,prologue,4,void,0,2,5,16,2,0
0022bfe0,12bfe0,A,276,69,prologue,3,void,0,4,1,13,0,0
0022c0f4,12c0f4,A,584,146,prologue,2,void,0,2,2,16,0,0
0022c33c,12c33c,A,512,128,prologue,3,r0:r1,0,1,2,22,0,0
0022c53c,12c53c,A,264,66,prologue,3,void,0,2,1,15,0,0
0022c644,12c644,A,1780,443,prologue,3,r0:r1,0,4,16,59,1,0
0022cd38,12cd38,A,352,87,prologue,3,void,0,2,3,20,3,0
0022ce98,12ce98,A,344,84,prologue,2,r0,0,2,7,9,0,0
0022cff0,12cff0,A,232,57,prologue,1,r0,0,2,4,12,0,0
0022d0d8,12d0d8,A,1048,262,prologue,4,void,1,1,3,40,0,0
0022d4f0,12d4f0,A,200,50,prologue,1,r0,0,3,3,11,2,0
0022d5b8,12d5b8,A,424,106,prologue,2,void,0,2,2,23,0,0
0022d760,12d760,A,312,74,ptr,4,r0,0,3,7,13,3,0
0022d898,12d898,A,276,69,prologue,3,void,0,2,1,13,0,0
0022d9ac,12d9ac,A,292,73,prologue,2,r0:r1,0,5,3,15,0,0
0022dad0,12dad0,A,72,18,call,1,r0,0,3,0,4,0,0
0022db18,12db18,A,20,5,prologue,4,r0,0,1,1,1,0,0
0022db2c,12db2c,A,516,127,prologue,2,void,0,3,7,1,0,0
0022dd30,12dd30,A,952,231,prologue,1,r0:r1,0,2,17,26,0,0
0022e11c,12e11c,A,112,25,ptr,1,r0,0,5,1,6,0,0
0022e18c,12e18c,A,52,13,call,3,r0,0,6,0,3,0,0
0022e1c0,12e1c0,A,1580,393,prologue,1,r0:r1,0,2,15,51,1,0
0022e7ec,12e7ec,A,1296,323,prologue,2,r0:r1,0,2,9,25,0,0
0022ecfc,12ecfc,A,996,248,prologue,3,void,0,2,6,40,6,0
0022f0e0,12f0e0,A,76,19,prologue,1,r0,0,2,2,1,0,0
0022f12c,12f12c,A,288,71,prologue,2,r0:r1,0,1,5,8,0,0
0022f24c,12f24c,A,156,37,prologue,4,r0,1,2,2,5,0,0
0022f2e8,12f2e8,T,40,20,prologue,2,r0:r1,0,14,0,9,0,0
0022f310,12f310,A,120,29,prologue,4,r0,0,2,1,4,0,0
0022f388,12f388,A,92,20,prologue,4,r0:r1,0,4,1,4,0,0
0022f3e4,12f3e4,A,396,1,call,0,r0:r1,0,2,0,1,1,0
0022f3e8,12f3e8,A,436,97,prologue,4,r0,1,0,1,23,0,0
0022f59c,12f59c,A,136,34,prologue,1,r0:r1,0,3,2,3,0,0
0022f624,12f624,A,68,17,prologue,1,r0:r1,0,8,1,4,0,0
0022f668,12f668,A,344,86,prologue,4,void,0,3,2,12,0,0
0022f7c0,12f7c0,A,120,29,call,3,r0:r1,0,1,0,3,0,0
0022f838,12f838,A,592,148,prologue,2,r0:r1,0,2,3,18,0,0
0022fa88,12fa88,A,352,88,prologue,4,r0:r1,0,3,2,12,0,0
0022fbe8,12fbe8,A,116,28,call,3,r0:r1,0,2,0,3,0,0
0022fc5c,12fc5c,A,552,138,prologue,2,r0:r1,0,1,3,16,0,0
0022fe84,12fe84,A,132,32,call,2,r0:r1,0,5,0,3,0,0
0022ff08,12ff08,A,180,45,prologue,2,r0:r1,0,13,2,11,2,0
00230000,130000,A,16,4,ptr,4,void,4,0,1,1,0,0
0023001c,13001c,A,64,16,prologue,4,r0:r1,0,1,1,3,0,0
0023005c,13005c,A,1732,235,gapstart,4,r0,0,0,2,57,0,0
0023075c,13075c,A,92,21,ptr,4,r0,0,2,1,4,0,0
002307b8,1307b8,A,48,12,prologue,1,void,0,2,0,3,1,0
002307e8,1307e8,A,28,6,call,1,r0,0,3,0,1,0,0
00230804,130804,A,128,28,prologue,4,r0:r1,0,2,4,4,0,0
00230884,130884,A,80,19,prologue,2,r0:r1,0,15,3,3,0,0
002308d4,1308d4,A,56,14,prologue,2,r0:r1,0,15,1,1,0,0
0023090c,13090c,A,156,38,prologue,1,r0:r1,0,3,6,8,1,0
002309a8,1309a8,A,508,125,prologue,2,r0:r1,0,2,13,16,0,0
00230c18,130c18,A,64,15,call,1,r0,0,3,3,1,0,0
00230c58,130c58,A,192,39,call,1,r0:r1,0,1,0,12,0,0
00230d18,130d18,A,2372,502,prologue,1,r0:r1,0,2,39,65,11,0
0023168c,13168c,A,824,205,prologue,3,r0:r1,0,1,3,27,0,0
002319c4,1319c4,A,288,70,prologue,4,r0,9,2,4,9,0,0
00231ae4,131ae4,A,144,36,prologue,3,r0:r1,0,1,3,6,0,0
00231b74,131b74,A,296,74,prologue,4,r0:r1,1,2,5,16,0,0
00231c9c,131c9c,A,340,85,prologue,3,void,0,3,1,17,0,0
00231df0,131df0,A,4768,1121,prologue,4,r0,1,2,34,190,0,0
00233090,133090,A,180,45,prologue,4,r0,0,2,4,10,0,0
00233144,133144,A,172,42,prologue,4,r0:r1,0,4,1,9,1,0
002331f0,1331f0,A,436,109,prologue,3,void,0,3,2,21,0,0
002333a4,1333a4,A,60,15,call,2,r0:r1,0,4,0,6,0,0
002333e0,1333e0,A,1596,399,call,3,r0:r1,0,2,0,79,0,0
00233a1c,133a1c,A,120,30,call,3,r0:r1,0,7,0,8,0,0
00233a94,133a94,A,280,70,call,2,r0:r1,0,8,0,17,0,0
00233bac,133bac,A,28,7,call,3,r0,0,4,0,1,0,0
00233bc8,133bc8,A,580,145,prologue,2,void,0,1,2,23,0,0
00233e0c,133e0c,A,200,50,prologue,4,void,0,1,2,3,0,0
00233ed4,133ed4,A,312,74,ptr,1,r0,0,4,2,16,5,0
0023400c,13400c,A,16,4,call,1,r0:r1,0,4,0,1,0,0
0023401c,13401c,A,320,79,prologue,1,r0,0,2,2,21,2,0
0023415c,13415c,A,8,2,call,2,void,0,1,0,3,1,0
00234164,134164,A,880,219,prologue,2,r0,0,0,5,30,0,0
002344d4,1344d4,A,640,153,prologue,2,void,0,2,6,19,12,0
00234758,134758,A,420,104,prologue,4,r0,0,4,3,26,4,0
002348fc,1348fc,A,144,35,prologue,1,r0:r1,0,2,2,1,0,0
0023498c,13498c,A,112,28,prologue,4,r0:r1,1,2,5,3,0,0
002349fc,1349fc,A,12,3,call,2,r0:r1,0,5,0,1,0,0
00234a08,134a08,A,228,49,prologue,1,void,0,2,4,6,1,0
00234aec,134aec,A,732,179,prologue,4,void,1,2,6,38,0,0
00234dc8,134dc8,A,592,145,prologue,1,void,0,2,5,28,0,0
00235018,135018,A,232,56,prologue,1,void,0,3,1,6,0,0
00235100,135100,A,132,30,prologue,1,r0:r1,0,4,3,1,0,0
00235184,135184,A,320,72,prologue,1,void,0,2,3,5,5,0
002352c4,1352c4,A,176,43,prologue,3,void,0,2,3,4,0,0
00235374,135374,A,664,162,prologue,4,r0,17,2,5,25,0,0
0023560c,13560c,A,184,1,call,0,r0,0,2,0,1,1,0
00235610,135610,A,188,44,prologue,2,r0,0,0,4,1,0,0
002356cc,1356cc,A,356,88,prologue,3,r0:r1,0,3,2,20,5,0
00235830,135830,A,820,200,prologue,4,r0,1,3,8,23,0,0
00235b64,135b64,A,236,57,ptr,1,r0,0,3,2,11,5,0
00235c50,135c50,A,72,1,call,0,r0,0,2,0,1,1,0
00235c54,135c54,A,64,16,prologue,2,r0,0,0,1,1,0,0
00235ca0,135ca0,A,512,116,prologue,4,r0:r1,0,3,9,10,1,0
00235ea0,135ea0,A,48,12,prologue,4,r0:r1,0,2,2,1,0,0
00235ed0,135ed0,A,36,9,prologue,2,r0:r1,0,2,0,1,2,0
00235ef4,135ef4,A,1316,255,call,2,void,0,1,12,35,6,0
0023644c,13644c,A,284,70,prologue,4,r0,0,3,3,16,0,0
00236568,136568,A,180,45,prologue,2,r0:r1,0,27,2,11,2,0
0023661c,13661c,A,256,64,prologue,4,r0:r1,0,6,4,13,0,0
0023671c,13671c,A,356,88,prologue,3,r0:r1,0,34,2,20,5,0
00236880,136880,A,304,75,prologue,2,r0,0,4,8,7,0,0
002369b0,1369b0,A,240,59,prologue,3,r0:r1,0,14,2,10,1,0
00236aa0,136aa0,A,184,46,prologue,1,r0,0,3,1,11,4,0
00236b58,136b58,A,40,10,prologue,1,r0:r1,0,38,2,1,0,0
00236b80,136b80,A,272,61,prologue,1,r0:r1,0,72,4,3,1,0
00236c90,136c90,A,184,46,prologue,4,r0,0,2,2,11,4,0
00236d48,136d48,A,96,24,prologue,4,r0:r1,0,2,1,4,2,0
00236da8,136da8,A,232,56,prologue,4,r0:r1,3,2,3,7,0,0
00236e90,136e90,A,276,61,prologue,4,void,2,3,4,8,1,0
00236fa4,136fa4,A,80,14,ptr,2,r0:r1,0,3,0,7,0,0
00236ff4,136ff4,A,44,11,ptr,2,r0:r1,0,3,2,1,0,0
00237020,137020,A,200,49,prologue,4,r0,0,4,2,10,0,0
002370e8,1370e8,A,52,13,prologue,1,r0:r1,0,10,1,3,0,0
0023711c,13711c,A,260,57,prologue,4,void,0,2,4,8,1,0
00237220,137220,A,44,11,call,1,r0:r1,0,2,0,3,0,0
0023724c,13724c,A,16,3,call,2,void,0,3,0,1,0,0
0023725c,13725c,A,324,80,prologue,2,r0:r1,0,48,7,7,0,0
002373a8,1373a8,A,8,2,call,1,void,0,1,0,1,1,0
002373b0,1373b0,A,712,173,prologue,2,void,0,1,13,34,0,0
00237678,137678,A,104,24,prologue,4,r0:r1,0,1,4,4,0,0
002376e0,1376e0,A,172,39,prologue,2,r0:r1,0,4,2,12,0,0
0023778c,13778c,A,4,1,call,1,r0:r1,0,2,0,1,1,0
00237790,137790,A,184,44,prologue,1,void,0,1,5,5,0,0
00237864,137864,A,340,85,prologue,3,r0:r1,0,9,1,17,0,0
002379b8,1379b8,A,368,92,prologue,4,r0:r1,0,9,2,20,0,0
00237b28,137b28,A,108,26,prologue,1,r0:r1,0,2,2,4,1,0
00237b94,137b94,A,108,26,prologue,1,r0:r1,0,3,2,4,1,0
00237c00,137c00,A,8,2,call,2,void,0,4,0,3,1,0
00237c08,137c08,A,560,140,prologue,2,r0,0,0,2,23,0,0
00237e38,137e38,A,216,54,prologue,4,void,0,4,2,5,0,0
00237f10,137f10,A,8,2,call,3,void,0,2,0,3,1,0
00237f18,137f18,A,272,66,prologue,3,r0,0,0,1,15,0,0
00238028,138028,A,176,44,prologue,2,r0:r1,0,2,1,11,4,0
002380d8,1380d8,A,340,75,prologue,1,r0,0,2,1,9,0,0
0023822c,13822c,A,72,16,call,2,r0:r1,0,5,2,3,0,0
00238274,138274,A,24,6,call,1,void,0,6,0,3,1,0
0023828c,13828c,A,40,10,prologue,1,r0,0,6,0,1,1,0
002382b4,1382b4,A,200,50,prologue,2,r0:r1,0,17,2,11,4,0
0023837c,13837c,A,2528,577,prologue,2,r0:r1,0,2,23,97,7,0
00238d5c,138d5c,A,208,52,prologue,4,r0,0,2,3,11,2,0
00238e2c,138e2c,A,116,24,prologue,4,r0,0,6,1,3,0,0
00238f18,138f18,A,144,34,prologue,4,void,0,4,6,5,1,0
00238fa8,138fa8,A,408,102,prologue,2,r0:r1,0,1,3,9,0,0
00239140,139140,A,52,13,call,2,r0,0,5,0,4,0,0
00239174,139174,A,108,27,prologue,1,void,0,2,0,5,2,0
002391e0,1391e0,A,140,35,prologue,4,r0,0,1,0,5,1,0
0023926c,13926c,A,136,34,prologue,3,void,0,4,0,7,2,0
002392f4,1392f4,A,280,70,prologue,4,void,0,1,1,10,2,0
0023944c,13944c,A,772,192,ptr,4,r0,0,0,0,34,10,0
00239750,139750,A,40,10,call,3,r0:r1,0,1,0,3,0,0
00239778,139778,A,236,59,prologue,4,r0,1,2,2,8,0,0
00239864,139864,A,776,193,prologue,2,r0:r1,0,4,3,28,6,0
00239b6c,139b6c,A,124,31,prologue,3,r0:r1,0,5,0,7,1,0
00239be8,139be8,A,1444,306,prologue,4,void,2,3,16,29,4,0
0023a18c,13a18c,A,116,24,prologue,4,r0,0,10,1,3,0,0
0023a200,13a200,A,8,2,call,1,r0,0,8,0,1,1,0
0023a208,13a208,A,416,100,prologue,4,r0,0,0,9,11,5,0
0023a3a8,13a3a8,A,3068,704,prologue,4,r0,1,6,27,70,10,0
0023afa4,13afa4,A,544,135,prologue,4,r0:r1,0,3,8,14,10,0
0023b1c8,13b1c8,A,200,44,prologue,2,r0,0,1,4,5,3,0
0023b290,13b290,A,116,24,prologue,4,r0,0,5,1,3,0,0
0023b308,13b308,A,956,224,prologue,4,r0,0,1,20,9,0,0
0023b708,13b708,A,344,86,prologue,3,void,0,1,2,9,0,0
0023b860,13b860,A,12,3,call,1,void,0,2,0,1,1,0
0023b86c,13b86c,A,1552,343,prologue,1,void,0,3,16,19,2,0
0023be8c,13be8c,A,116,24,prologue,4,r0,0,6,1,3,0,0
0023bf00,13bf00,A,12,3,call,2,void,0,3,0,1,1,0
0023bf0c,13bf0c,A,12,3,call,1,void,0,2,0,1,1,0
0023bf18,13bf18,A,152,34,prologue,4,r0,0,1,3,3,0,0
0023bfb0,13bfb0,A,72,16,call,1,r0:r1,0,1,0,5,0,0
0023bff8,13bff8,A,132,33,prologue,1,r0:r1,0,2,1,3,0,0
0023c07c,13c07c,A,56,14,prologue,2,void,0,1,0,3,0,0
0023c0b8,13c0b8,A,752,165,prologue,1,r0,0,2,10,13,1,0
0023c3a8,13c3a8,A,12,3,call,1,r0,0,3,0,1,1,0
0023c3b4,13c3b4,A,4,1,call,1,void,0,2,0,1,1,0
0023c3b8,13c3b8,A,108,25,prologue,1,void,0,3,3,3,1,0
0023c424,13c424,A,8,2,call,1,void,0,5,0,1,1,0
0023c42c,13c42c,A,192,47,prologue,3,r0:r1,0,7,4,8,0,0
0023c4f0,13c4f0,A,1896,423,prologue,4,r0,3,1,19,39,2,0
0023cc74,13cc74,A,72,18,prologue,2,void,0,3,1,3,0,0
0023ccc0,13ccc0,A,5976,1360,prologue,4,r0:r1,6,2,58,134,11,0
0023e464,13e464,A,36,9,prologue,2,r0:r1,0,2,1,1,0,0
0023e48c,13e48c,A,12,3,call,4,r0,0,4,1,1,0,0
0023e644,13e644,A,12,5,call,2,r0:r1,0,3,0,2,0,0
0023e650,13e650,A,116,24,prologue,4,r0,0,12,1,3,0,0
0023e6c4,13e6c4,A,628,154,prologue,4,r0,0,6,9,5,3,0
0023e938,13e938,A,4,1,call,1,r0,0,2,0,1,1,0
0023e93c,13e93c,A,20,5,prologue,4,r0,0,0,2,1,0,0
0023e950,13e950,A,264,59,prologue,1,void,0,3,4,5,1,0
0023ea58,13ea58,A,108,25,prologue,3,r0,0,3,4,1,0,0
0023eac4,13eac4,A,100,23,call,4,r0,0,5,4,1,1,0
0023eb28,13eb28,A,1120,226,prologue,4,r0,7,6,16,13,2,0
0023ef88,13ef88,A,76,1,call,0,r0,0,3,0,1,1,0
0023ef8c,13ef8c,A,76,17,prologue,2,r0,0,0,1,1,0,0
0023efd8,13efd8,A,304,75,prologue,4,r0,0,3,3,17,0,0
0023f108,13f108,A,140,35,prologue,2,r0:r1,0,2,1,6,4,0
0023f194,13f194,A,100,25,call,3,r0,0,2,0,8,0,0
0023f1f8,13f1f8,T,72,32,prologue,4,r0,0,3,2,7,0,0
0023f240,13f240,A,536,130,prologue,2,void,0,1,6,23,0,0
0023f458,13f458,A,148,36,prologue,2,void,0,1,3,6,0,0
0023f4ec,13f4ec,A,304,72,prologue,2,r0:r1,0,3,4,6,1,0
0023f61c,13f61c,A,20,5,call,2,void,0,1,0,1,1,0
0023f630,13f630,A,104,26,call,2,r0:r1,0,8,0,5,0,0
0023f69c,13f69c,A,76,19,prologue,2,r0:r1,0,6,0,1,1,0
0023f6e8,13f6e8,A,116,24,prologue,4,r0,0,9,1,3,0,0
0023f75c,13f75c,A,124,29,prologue,2,r0,0,2,4,3,0,0
0023f7d8,13f7d8,A,16,4,call,1,void,0,1,0,1,0,0
0023f7ec,13f7ec,A,96,22,prologue,2,void,0,2,3,3,0,0
0023f84c,13f84c,A,148,33,prologue,4,r0:r1,0,6,1,5,1,0
0023f8e0,13f8e0,A,108,27,prologue,2,r0:r1,0,7,0,6,2,0
0023f94c,13f94c,A,96,23,prologue,2,r0:r1,0,3,1,5,0,0
0023f9ac,13f9ac,A,172,42,prologue,1,r0:r1,0,3,1,3,0,0
0023fa58,13fa58,A,12,3,call,1,r0:r1,0,3,0,1,0,0
0023fa64,13fa64,A,104,26,prologue,4,r0:r1,0,4,1,5,0,0
0023facc,13facc,A,28,7,call,2,r0,0,4,0,1,0,0
0023fae8,13fae8,A,20,5,call,2,r0:r1,0,7,0,1,0,0
0023fafc,13fafc,A,16,4,call,2,r0:r1,0,7,0,1,0,0
0023fb0c,13fb0c,A,152,36,prologue,0,r0,0,1,10,1,1,0
0023fba4,13fba4,A,24,6,call,1,r0,0,4,0,1,0,0
0023fbbc,13fbbc,A,44,11,prologue,1,void,0,3,0,1,1,0
0023fbe8,13fbe8,A,56,13,prologue,1,void,0,5,3,3,0,0
0023fc20,13fc20,A,52,13,call,3,r0,0,3,1,1,0,0
0023fc54,13fc54,A,84,21,prologue,3,void,0,3,3,3,1,0
0023fca8,13fca8,A,200,50,prologue,4,r0,0,2,3,11,2,0
0023fd70,13fd70,A,4,1,call,1,r0:r1,0,3,0,1,1,0
0023fd74,13fd74,A,76,17,prologue,4,void,0,5,1,5,0,0
0023fdc0,13fdc0,A,148,33,prologue,4,void,0,5,1,5,1,0
0023fe54,13fe54,A,1301632,30,call,2,r0:r1,0,5,0,9,0,0
0023fe78,13fe78,A,112,28,call,2,r0:r1,0,4,0,8,0,0
0023fee8,13fee8,A,12,3,call,2,r0:r1,0,3,0,1,0,0
0023fef4,13fef4,A,12,3,call,2,void,0,116,0,1,1,0
0023ff00,13ff00,A,48,12,call,3,r0,0,3,1,1,0,0
0023ff30,13ff30,A,12,2,call,0,r0:r1,0,3,1,1,0,0
0023ff3c,13ff3c,A,20,5,call,2,r0,0,7,0,1,0,0
0023ff50,13ff50,A,8,2,ptr,1,void,0,0,0,1,1,0
0023ff58,13ff58,A,68,17,tail,2,void,0,2,1,1,0,0
0023ffa0,13ffa0,A,64,16,call,1,void,0,2,0,1,0,0
0023ffe4,13ffe4,A,4,1,call,1,r0:r1,0,119,0,1,1,0
0023ffe8,13ffe8,A,1404,338,call,4,r0,0,2,14,61,3,0
00240570,140570,A,4,1,call,4,r0:r1,0,5,1,1,0,0
00240574,140574,A,48,11,call,1,void,0,3,0,3,0,0
002405a8,1405a8,A,776,190,prologue,2,void,0,12,6,40,0,0
002408b0,1408b0,A,40,9,ptr,1,r0:r1,0,10,2,1,0,0
002408d8,1408d8,A,16,4,call,1,void,0,4,0,1,1,0
002408e8,1408e8,A,100,25,prologue,4,r0,0,7,4,3,0,0
0024094c,14094c,A,32,8,prologue,2,void,0,6,1,1,0,0
0024096c,14096c,A,112,28,call,2,void,0,3,0,8,0,0
002409dc,1409dc,A,14360,3409,prologue,2,r0:r1,0,4,79,453,2,0
00244238,144238,A,108,27,call,4,r0,0,5,0,8,0,0
002442a4,1442a4,A,380,93,prologue,4,void,2,2,5,16,5,0
00244494,144494,A,604,151,prologue,4,void,0,2,4,17,0,0
002446f0,1446f0,A,176,43,call,2,r0,0,4,0,8,0,0
002447a0,1447a0,A,20,5,call,3,r0,0,5,0,1,1,0
002447b4,1447b4,A,32,8,ptr,4,void,0,0,0,3,0,0
002447d4,1447d4,A,304,76,prologue,4,r0,0,6,3,10,0,0
00244904,144904,A,1872,468,prologue,4,void,0,5,2,90,0,0
00245054,145054,A,180,45,prologue,2,r0:r1,0,10,2,11,2,0
00245108,145108,A,180,45,prologue,4,r0:r1,0,14,2,11,2,0
002451bc,1451bc,A,284,70,prologue,4,r0,0,7,4,1,0,0
002452d8,1452d8,A,960,227,prologue,1,void,0,3,16,22,2,0
00245698,145698,A,32,8,prologue,1,r0,0,3,3,1,0,0
002456b8,1456b8,A,396,99,prologue,2,r0:r1,0,2,2,14,0,0
00245844,145844,A,116,24,prologue,4,r0,0,6,1,3,0,0
002458b8,1458b8,A,8,2,call,1,r0,0,3,0,1,1,0
002458c0,1458c0,A,76,19,prologue,1,r0,0,0,5,1,0,0
0024590c,14590c,A,24,6,prologue,1,r0,0,2,1,1,0,0
00245924,145924,A,116,24,prologue,4,r0,0,11,1,3,0,0
00245998,145998,A,424,103,prologue,4,r0,0,3,10,7,3,0
00245b40,145b40,A,480,116,prologue,0,r0:r1,0,1,8,9,0,0
00245d20,145d20,A,92,21,prologue,1,r0:r1,0,3,2,3,0,0
00245d7c,145d7c,A,168,42,prologue,4,r0:r1,1,4,1,6,0,0
00245e24,145e24,A,32,7,prologue,4,r0:r1,0,7,1,1,0,0
00245e44,145e44,A,20,5,call,2,void,0,3,0,1,0,0
00245e58,145e58,A,656,163,prologue,2,r0,0,2,6,46,0,0
002460e8,1460e8,A,204,34,prologue,1,r0:r1,0,3,3,8,0,0
002461b4,1461b4,A,212,52,prologue,1,void,0,2,2,12,0,0
00246288,146288,A,580,144,prologue,3,void,0,1,6,25,0,0
002464cc,1464cc,A,92,23,prologue,3,void,0,1,1,1,0,0
00246528,146528,A,636,156,prologue,2,void,0,1,6,30,0,0
002467a4,1467a4,A,76,18,call,4,r0:r1,0,4,1,1,0,0
002467f0,1467f0,A,144,35,prologue,4,r0:r1,1,2,2,1,0,0
00246880,146880,A,860,124,prologue,1,r0,0,4,1,64,0,0
00246bdc,146bdc,A,12,3,call,1,r0:r1,0,4,0,1,0,0
00246be8,146be8,A,548,134,prologue,3,r0:r1,0,1,12,18,0,0
00246e0c,146e0c,A,284,68,prologue,4,r0,0,2,4,19,0,0
00246f28,146f28,A,124,31,prologue,2,r0:r1,0,5,2,4,1,0
00246fa4,146fa4,A,156,39,call,2,void,0,3,0,7,0,0
00247040,147040,A,340,85,prologue,3,r0:r1,0,12,2,12,0,0
00247194,147194,A,800,195,prologue,2,r0:r1,0,1,1,13,0,0
002474b4,1474b4,A,268,67,call,3,void,0,2,0,1,0,0
002475c4,1475c4,A,252,62,prologue,1,void,0,5,2,14,1,0
002476c0,1476c0,A,204,51,call,3,void,0,1,0,3,0,0
00247798,147798,A,144,33,call,0,r0:r1,0,5,0,12,0,0
00247828,147828,A,72,16,call,1,void,0,6,0,5,2,0
00247870,147870,A,156,35,call,0,void,0,11,0,13,0,0
0024790c,14790c,A,20,5,prologue,1,void,0,3,1,1,0,0
00247920,147920,A,152,38,prologue,3,void,0,4,3,8,1,0
002479b8,1479b8,A,20,5,call,1,void,0,1,0,3,1,0
002479cc,1479cc,A,132,31,prologue,1,r0,0,0,0,8,2,0
00247a50,147a50,A,200,50,gapstart,4,r0,0,0,5,10,1,0
00247b18,147b18,A,28,7,call,1,void,0,3,0,1,0,0
00247b34,147b34,A,16,4,call,3,void,0,3,0,1,0,0
00247b44,147b44,A,20,5,call,2,r0,0,3,0,1,0,0
00247b58,147b58,A,124,31,prologue,4,void,0,6,0,8,1,0
00247bd4,147bd4,A,4,1,ptr,1,void,0,0,0,1,1,0
00247bd8,147bd8,A,124,31,call,4,r0:r1,0,5,3,8,1,0
00247c54,147c54,A,100,25,prologue,4,void,0,4,3,5,0,0
00247cb8,147cb8,A,36,9,call,1,void,0,2,0,3,0,0
00247cdc,147cdc,A,108,26,call,2,r0,0,2,0,5,0,0
00247d48,147d48,A,12,10,call,3,void,0,3,1,2,0,0
00247d54,147d54,A,64,16,prologue,2,void,0,1,1,3,0,0
00247d94,147d94,A,244,61,prologue,4,r0,1,3,4,10,1,0
00247e88,147e88,A,64,16,prologue,2,void,0,4,1,1,0,0
00247ec8,147ec8,A,184,46,prologue,2,void,0,4,1,8,0,0
00247f80,147f80,A,28,7,call,1,r0,0,4,0,1,0,0
00247f9c,147f9c,A,104,26,prologue,1,void,0,12,3,7,0,0
00248004,148004,A,92,23,prologue,1,void,0,7,1,5,0,0
00248060,148060,A,148,36,prologue,1,r0,0,3,2,1,0,0
002480fc,1480fc,A,52,13,prologue,1,void,0,1,1,1,1,0
00248130,148130,A,88,22,tail,3,r0,0,3,5,1,0,0
00248188,148188,A,96,24,ptr,1,void,0,3,0,1,0,0
002481f0,1481f0,A,52,13,call,2,r0,0,4,1,3,0,0
00248224,148224,A,84,20,ptr,1,void,0,2,1,3,0,0
00248278,148278,A,16,19,call,1,r0,0,6,1,7,0,0
00248288,148288,A,240,60,prologue,2,void,0,8,5,13,1,0
00248378,148378,A,80,20,call,2,r0,0,6,0,3,0,0
002483c8,1483c8,A,24,10,call,3,r0,0,3,1,2,0,0
002483e0,1483e0,A,8,2,call,1,void,0,1,0,1,1,0
002483e8,1483e8,A,52,13,call,3,void,0,2,0,3,0,0
0024841c,14841c,A,24,6,call,1,r0,0,4,0,1,0,0
00248434,148434,A,16,4,call,2,r0:r1,0,4,0,1,0,0
00248444,148444,A,40,10,prologue,4,void,0,2,1,1,0,0
0024846c,14846c,A,68,17,prologue,2,void,0,3,1,3,0,0
002484b0,1484b0,A,32,8,call,2,void,0,3,0,1,0,0
002484d0,1484d0,A,100,25,call,2,void,0,3,0,6,0,0
00248548,148548,A,20,4,call,2,void,0,3,0,1,0,0
0024855c,14855c,A,112,28,prologue,1,void,0,3,4,6,1,0
002485cc,1485cc,A,12,3,call,2,void,0,3,0,1,0,0
002485d8,1485d8,A,68,17,prologue,1,void,0,6,1,5,0,0
0024861c,14861c,A,100,25,call,2,void,0,4,0,6,0,0
002487e4,1487e4,A,552,138,ptr,2,r0,2,0,3,13,0,0
00248a2c,148a2c,A,32,8,call,2,void,0,6,0,3,0,0
00248a4c,148a4c,A,24,6,call,1,void,0,7,0,3,0,0
00248ad8,148ad8,A,40,10,ptr,0,r0,0,0,0,1,0,0
00248b30,148b30,A,136,29,call,1,void,0,1,0,5,0,0
00248bb8,148bb8,A,252,57,call,1,void,0,1,0,16,0,0
00248cc0,148cc0,A,228,57,prologue,2,r0,0,4,4,13,1,0
00248da4,148da4,A,44,8,call,0,r0,0,4,0,1,0,0
00248dd0,148dd0,A,24,6,call,1,r0,0,4,0,1,0,0
00248de8,148de8,A,20,5,call,1,r0,0,3,0,2,0,0
00248dfc,148dfc,A,140,35,prologue,2,r0,0,3,4,5,0,0
00248e88,148e88,A,36,9,prologue,2,void,0,1,1,1,1,0
00248eac,148eac,A,12,3,call,1,void,0,2,0,1,0,0
00248eb8,148eb8,A,312,77,prologue,3,void,0,1,8,7,3,0
00248ff0,148ff0,A,28,7,call,1,r0,0,4,1,3,0,0
0024900c,14900c,A,100,24,prologue,2,void,0,4,1,5,0,0
00249070,149070,A,48,11,call,1,r0,0,6,0,3,0,0
002490a0,1490a0,A,372,92,prologue,4,r0,1,3,12,11,2,0
00249214,149214,A,508,127,prologue,4,r0,0,3,3,23,7,0
00249410,149410,A,524,131,prologue,4,r0,1,3,7,23,1,0
0024961c,14961c,A,188,47,prologue,4,r0,0,4,10,4,0,0
002496d8,1496d8,A,100,24,prologue,2,void,0,5,1,5,0,0
0024973c,14973c,A,296,74,prologue,4,r0,1,7,5,13,3,0
00249864,149864,A,100,25,prologue,4,r0,0,3,2,3,0,0
002498c8,1498c8,A,8,2,call,2,r0,0,4,1,1,0,0
002498d0,1498d0,A,16,4,call,2,r0,0,6,1,1,0,0
002498e0,1498e0,A,80,1,call,0,r0,0,9,0,1,1,0
002498e4,1498e4,A,80,18,prologue,1,r0,0,0,1,4,0,0
00249934,149934,A,40,10,call,1,void,0,6,0,1,0,0
00249964,149964,A,96,24,call,3,void,0,3,0,9,0,0
002499c8,1499c8,A,44,11,prologue,1,void,0,0,2,1,1,0
002499f4,1499f4,A,12,3,call,1,r0,0,2,0,1,0,0
00249a00,149a00,A,200,50,prologue,4,r0:r1,0,3,5,10,0,0
00249ac8,149ac8,A,16,4,call,1,void,0,1,0,1,1,0
00249ad8,149ad8,A,12,3,call,1,void,0,3,0,1,0,0
00249ae4,149ae4,A,20,5,call,1,r0:r1,0,1,0,1,1,0
00249af8,149af8,A,204,51,prologue,4,r0:r1,0,2,5,10,0,0
00249bc4,149bc4,A,96,24,prologue,3,r0:r1,0,2,3,3,0,0
00249c24,149c24,A,36,9,prologue,1,void,0,1,1,1,1,0
00249c48,149c48,A,192,47,call,3,void,0,1,1,13,0,0
00249d08,149d08,A,196,48,call,1,r0,0,3,0,1,0,0
00249dd4,149dd4,A,384,96,ptr,2,void,0,1,6,12,6,0
00249f54,149f54,A,416,103,ptr,1,r0:r1,0,3,5,1,1,0
0024a0fc,14a0fc,A,176,43,prologue,4,r0,1,4,2,11,0,0
0024a1ac,14a1ac,A,60,15,call,1,void,0,5,0,3,0,0
0024a1ec,14a1ec,A,16,3,ptr,1,r0,0,2,0,1,0,0
0024a1fc,14a1fc,A,76,19,call,3,void,0,4,0,3,0,0
0024a248,14a248,A,296,74,prologue,4,r0,1,2,6,14,0,0
0024a370,14a370,A,88,22,prologue,3,r0,0,3,1,5,1,0
0024a3c8,14a3c8,A,112,27,prologue,2,void,0,3,2,4,0,0
0024a438,14a438,A,328,82,prologue,4,r0,4,2,2,13,2,0
0024a580,14a580,A,88,22,prologue,3,r0,0,3,1,5,1,0
0024a5d8,14a5d8,A,88,22,prologue,3,r0,0,4,1,5,1,0
0024a630,14a630,A,76,19,prologue,2,void,0,1,1,3,1,0
0024a67c,14a67c,A,12,3,call,3,void,0,1,0,1,0,0
0024a688,14a688,A,88,22,prologue,3,r0,0,3,1,5,1,0
0024a6e0,14a6e0,A,16,4,call,2,r0:r1,0,3,0,1,0,0
0024a6f0,14a6f0,A,164,41,prologue,4,r0,0,2,6,3,0,0
0024a794,14a794,A,12,3,call,1,r0,0,3,0,1,1,0
0024a7a0,14a7a0,A,72,18,prologue,4,r0,0,4,1,4,1,0
0024a7e8,14a7e8,A,72,17,prologue,1,r0,0,5,2,1,0,0
0024a830,14a830,A,64,16,call,0,void,0,1,0,3,0,0
0024a874,14a874,A,52,13,call,3,void,0,3,0,4,0,0
0024a8a8,14a8a8,A,56,14,call,2,r0,0,7,0,6,1,0
0024a8e0,14a8e0,A,32,8,prologue,3,r0,0,0,1,1,0,0
0024a900,14a900,A,184,44,prologue,3,void,0,7,2,8,0,0
0024a9b8,14a9b8,A,88,22,prologue,3,r0,0,9,1,5,1,0
0024aa10,14aa10,A,12,3,call,1,void,0,3,0,1,0,0
0024aa1c,14aa1c,A,12,3,call,1,void,0,1,0,1,1,0
0024aa28,14aa28,A,88,22,prologue,4,r0,0,3,1,3,0,0
0024aa80,14aa80,A,80,20,prologue,2,r0,0,7,1,5,1,0
0024aad0,14aad0,A,112,28,prologue,2,r0:r1,0,3,4,5,0,0
0024ab40,14ab40,A,92,23,prologue,2,void,0,1,4,1,1,0
0024ab9c,14ab9c,A,100,25,call,4,r0:r1,0,5,1,6,0,0
0024ac00,14ac00,A,188,47,prologue,4,r0:r1,0,11,3,8,0,0
0024ad18,14ad18,A,36,9,call,2,r0,0,13,0,1,0,0
0024ad3c,14ad3c,A,376,94,prologue,4,r0,0,14,4,23,0,0
0024aeb4,14aeb4,A,16,4,call,2,r0,0,2,0,1,0,0
0024aec4,14aec4,A,88,1,call,0,r0,0,9,0,1,1,0
0024aec8,14aec8,A,88,20,prologue,1,r0,0,0,1,4,0,0
0024af20,14af20,A,12,3,call,2,r0,0,2,0,1,0,0
0024af2c,14af2c,A,100,1,call,0,r0,0,15,0,1,1,0
0024af30,14af30,A,100,23,prologue,1,r0,0,0,1,4,0,0
0024af94,14af94,A,160,1,call,0,r0,0,9,0,1,1,0
0024af98,14af98,A,172,38,prologue,1,r0,0,0,2,4,0,0
0024b044,14b044,A,76,1,call,0,r0:r1,0,6,0,1,1,0
0024b048,14b048,A,88,17,prologue,1,r0,0,0,2,4,0,0
0024b0a0,14b0a0,A,76,1,call,0,r0:r1,0,20,0,1,1,0
0024b0a4,14b0a4,A,84,17,prologue,1,r0,0,0,2,4,0,0
0024b0f8,14b0f8,A,4036,1002,prologue,4,r0,5,3,30,199,25,0
0024c0bc,14c0bc,A,48,12,ptr,3,void,0,0,1,1,1,0
0024c0ec,14c0ec,A,188,47,call,4,void,0,1,1,11,0,0
0024c1a8,14c1a8,A,20,5,call,1,r0,0,3,0,1,0,0
0024c1bc,14c1bc,A,28,6,call,1,r0,0,3,0,1,1,0
0024c1d8,14c1d8,A,92,23,prologue,1,void,0,3,0,1,2,0
0024c238,14c238,A,220,54,ptr,1,void,0,3,3,10,4,0
0024c314,14c314,A,1664,414,prologue,3,r0,0,3,6,39,1,0
0024c994,14c994,A,296,71,prologue,2,r0,0,4,1,5,0,0
0024cabc,14cabc,A,392,93,prologue,4,r0,0,4,3,19,0,0
0024cc44,14cc44,A,88,22,call,1,void,0,3,0,1,0,0
0024cc9c,14cc9c,A,40,10,call,1,r0,0,4,0,1,0,0
0024ccc4,14ccc4,A,352,85,prologue,2,r0,0,9,4,5,0,0
0024ce24,14ce24,A,112,28,ptr,2,void,0,0,0,5,4,0
0024ce94,14ce94,A,96,24,call,2,void,0,2,1,5,0,0
0024cef4,14cef4,A,4,1,call,0,r0,0,2,0,1,1,0
0024cef8,14cef8,A,24,6,prologue,2,r0,0,0,1,1,0,0
0024cf10,14cf10,T,42,19,prologue,4,r0,0,3,1,5,0,0
0024cf3c,14cf3c,A,200,48,prologue,2,r0,0,3,5,8,0,0
0024d004,14d004,A,160,40,call,2,r0,0,3,0,5,0,0
0024d0a4,14d0a4,A,84,21,prologue,3,void,0,3,1,4,0,0
0024d0f8,14d0f8,A,56,14,prologue,2,r0,0,3,1,4,0,0
0024d130,14d130,A,392,83,call,1,void,0,5,0,21,0,0
0024d2b8,14d2b8,A,348,87,call,2,void,0,2,0,13,0,0
0024d42c,14d42c,A,152,36,prologue,1,r0,0,3,1,9,0,0
0024d4c4,14d4c4,A,468,109,prologue,2,r0,0,3,2,27,0,0
0024d698,14d698,A,24,5,prologue,1,r0,0,2,1,1,0,0
0024d6b0,14d6b0,A,76,19,call,2,r0:r1,0,14,0,3,0,0
0024d6fc,14d6fc,A,60,15,prologue,4,void,0,5,2,3,0,0
0024d738,14d738,A,128,32,call,4,r0,0,5,0,8,0,0
0024d7b8,14d7b8,A,20,5,prologue,3,void,0,2,1,1,0,0
0024d7cc,14d7cc,A,448,108,prologue,4,void,5,3,2,13,0,0
0024d98c,14d98c,A,464,116,prologue,2,r0,0,4,1,32,0,0
0024db5c,14db5c,A,44,11,call,2,r0,0,1,0,3,0,0
0024db88,14db88,A,320,80,prologue,4,void,0,1,0,5,3,0
0024dcc8,14dcc8,A,8,2,call,1,void,0,1,0,1,1,0
0024dcd0,14dcd0,A,20,5,call,2,void,0,3,0,3,0,0
0024dce4,14dce4,A,132,1,call,0,r0,0,2,0,1,1,0
0024dce8,14dce8,A,140,31,prologue,1,r0,0,0,1,4,0,0
0024dd74,14dd74,A,188,41,call,3,r0,0,1,0,11,0,0
0024de30,14de30,A,144,30,call,2,r0,0,1,0,14,0,0
0024dec0,14dec0,A,108,26,call,1,r0:r1,0,5,0,12,5,0
0024df2c,14df2c,A,52,12,call,1,void,0,1,0,5,2,0
0024df60,14df60,A,80,19,prologue,1,r0,0,3,0,6,2,0
0024dfb0,14dfb0,A,132,33,prologue,2,r0,0,3,2,6,0,0
0024e034,14e034,A,300,72,prologue,3,r0,0,3,3,14,2,0
0024e160,14e160,A,156,39,prologue,4,r0,0,1,1,5,0,0
0024e1fc,14e1fc,A,300,75,prologue,3,void,0,3,4,10,0,0
0024e328,14e328,A,48,12,call,1,r0,0,1,0,5,0,0
0024e358,14e358,A,64,16,prologue,4,r0,0,4,1,3,0,0
0024e398,14e398,A,92,23,call,0,r0,0,1,0,4,0,0
0024e3fc,14e3fc,A,264,66,call,2,void,0,1,0,15,0,0
0024e504,14e504,A,1140,285,prologue,4,void,0,2,1,51,0,0
0024e978,14e978,A,104,26,prologue,1,r0,0,2,0,5,1,0
0024e9e0,14e9e0,A,192,48,prologue,2,void,0,1,2,4,1,0
0024eaa0,14eaa0,A,52,13,call,1,void,0,3,0,3,0,0
0024ead4,14ead4,A,88,22,call,1,void,0,4,0,5,0,0
0024eb30,14eb30,A,48,12,call,1,void,0,4,0,3,0,0
0024eb60,14eb60,A,548,132,call,3,void,0,2,0,7,0,0
0024ed84,14ed84,A,268,67,prologue,4,r0,2,1,1,1,0,0
0024ee90,14ee90,A,240,60,prologue,4,r0,2,1,1,1,0,0
0024ef80,14ef80,A,60,15,call,4,r0,0,2,0,1,0,0
0024efbc,14efbc,A,36,9,call,3,r0,0,2,0,1,0,0
0024efe0,14efe0,A,52,13,call,3,void,0,3,0,1,0,0
0024f014,14f014,A,24,6,call,2,void,0,3,0,1,0,0
0024f02c,14f02c,A,148,34,prologue,2,void,0,7,1,1,0,0
0024f0c4,14f0c4,A,8,2,ptr,1,r0,0,0,0,1,0,0
0024f0cc,14f0cc,A,268,67,prologue,2,void,0,3,0,13,2,0
0024f1d8,14f1d8,A,276,69,prologue,2,void,0,10,0,14,2,0
0024f2ec,14f2ec,A,268,67,prologue,2,void,0,5,0,13,2,0
0024f3f8,14f3f8,A,268,67,prologue,2,void,0,14,0,13,2,0
0024f504,14f504,A,116,1,call,0,r0,0,9,0,1,1,0
0024f508,14f508,A,124,27,prologue,1,r0,0,0,1,4,0,0
0024f584,14f584,A,52,13,call,3,void,0,3,0,1,0,0
0024f5b8,14f5b8,A,892,223,prologue,4,void,2,2,3,15,0,0
0024f934,14f934,A,168,42,prologue,3,r0,0,16,1,10,0,0
00250020,150020,A,1788,447,ptr,4,r0,29,0,0,78,15,0
002507e0,1507e0,A,172,42,call,4,r0,0,5,0,1,0,0
0025088c,15088c,A,132,33,call,4,void,0,2,0,1,0,0
00250910,150910,A,24,6,call,2,void,0,5,0,1,0,0
00250928,150928,A,28,7,gapstart,3,void,0,0,0,1,0,0
00250944,150944,A,40,10,call,2,void,0,1,0,1,0,0
0025096c,15096c,A,44,11,gapstart,3,void,0,0,0,1,0,0
00250998,150998,A,56,14,call,2,void,0,2,0,1,0,0
002509d0,1509d0,A,60,15,call,3,void,0,8,0,1,0,0
00250a0c,150a0c,A,72,18,gapstart,2,void,0,0,0,1,0,0
00250a54,150a54,A,76,19,call,3,void,0,2,0,1,0,0
00250aa0,150aa0,A,28,7,call,2,void,0,5,0,1,0,0
00250abc,150abc,A,32,8,gapstart,3,void,0,0,0,1,0,0
00250adc,150adc,A,44,11,gapstart,2,void,0,0,0,1,0,0
00250b08,150b08,A,48,12,gapstart,3,void,0,0,0,1,0,0
00250b38,150b38,A,60,15,gapstart,2,void,0,0,0,1,0,0
00250b74,150b74,A,64,16,gapstart,3,void,0,0,0,1,0,0
00250bb4,150bb4,A,76,19,gapstart,2,void,0,0,0,1,0,0
00250c00,150c00,A,80,20,gapstart,3,void,0,0,0,1,0,0
00250c50,150c50,A,28,7,call,2,void,0,1,0,1,0,0
00250c6c,150c6c,A,32,8,gapstart,3,void,0,0,0,1,0,0
00250c8c,150c8c,A,44,11,gapstart,2,void,0,0,0,1,0,0
00250cb8,150cb8,A,48,12,gapstart,3,void,0,0,0,1,0,0
00250ce8,150ce8,A,60,15,gapstart,2,void,0,0,0,1,0,0
00250d24,150d24,A,64,16,gapstart,3,void,0,0,0,1,0,0
00250d64,150d64,A,76,19,gapstart,2,void,0,0,0,1,0,0
00250db0,150db0,A,80,20,gapstart,3,void,0,0,0,1,0,0
00250e00,150e00,A,28,7,call,2,void,0,1,0,1,0,0
00250e1c,150e1c,A,32,8,gapstart,3,void,0,0,0,1,0,0
00250e3c,150e3c,A,44,11,gapstart,2,void,0,0,0,1,0,0
00250e68,150e68,A,48,12,gapstart,3,void,0,0,0,1,0,0
00250e98,150e98,A,60,15,gapstart,2,void,0,0,0,1,0,0
00250ed4,150ed4,A,64,16,gapstart,3,void,0,0,0,1,0,0
00250f14,150f14,A,76,19,gapstart,2,void,0,0,0,1,0,0
00250f60,150f60,A,80,20,gapstart,3,void,0,0,0,1,0,0
00250fb0,150fb0,A,28,7,gapstart,2,r0,0,0,0,1,0,0
00250fcc,150fcc,A,28,7,gapstart,2,r0,0,0,0,1,0,0
00250fe8,150fe8,A,28,7,call,2,r0,0,6,0,1,0,0
00251004,151004,A,32,8,call,2,r0,0,1,0,1,0,0
00251024,151024,A,48,12,gapstart,2,r0,0,0,0,1,0,0
00251054,151054,A,48,12,gapstart,2,r0,0,0,0,1,0,0
00251084,151084,A,48,12,call,2,r0,0,1,0,1,0,0
002510b4,1510b4,A,52,13,call,2,r0,0,1,0,1,0,0
002510e8,1510e8,A,68,17,gapstart,2,r0,0,0,0,1,0,0
0025112c,15112c,A,68,17,gapstart,2,r0,0,0,0,1,0,0
00251170,151170,A,68,17,gapstart,2,r0,0,0,0,1,0,0
002511b4,1511b4,A,72,18,gapstart,2,r0,0,0,0,1,0,0
002511fc,1511fc,A,88,22,gapstart,2,r0,0,0,0,1,0,0
00251254,151254,A,88,22,gapstart,2,r0,0,0,0,1,0,0
002512ac,1512ac,A,88,22,gapstart,2,r0,0,0,0,1,0,0
00251304,151304,A,92,23,gapstart,2,r0,0,0,0,1,0,0
00251360,151360,A,108,27,gapstart,2,r0,0,0,0,1,0,0
002513cc,1513cc,A,108,27,gapstart,2,r0,0,0,0,1,0,0
00251438,151438,A,108,27,gapstart,2,r0,0,0,0,1,0,0
002514a4,1514a4,A,208,52,call,2,r0,0,1,0,1,0,0
00251574,151574,A,152,35,call,2,void,0,3,1,5,0,0
0025160c,15160c,A,4,1,call,1,r0,0,5,0,1,1,0
00251610,151610,A,76,16,prologue,1,r0,0,0,1,5,0,0
0025165c,15165c,A,364,91,prologue,2,void,0,4,1,20,2,0
002517c8,1517c8,A,3460,862,prologue,4,r0,5,2,27,103,1,0
0025254c,15254c,A,228,57,call,3,void,0,9,0,1,0,0
00252630,152630,A,40,10,prologue,1,void,0,4,0,1,1,0
00252658,152658,A,904,217,prologue,4,r0,0,12,2,12,0,0
002529e0,1529e0,A,168,42,call,3,r0,0,5,0,3,0,0
00252a88,152a88,A,368,92,call,4,void,2,4,0,8,0,0
00252bf8,152bf8,A,580,137,prologue,3,r0,0,4,2,29,3,0
00252e3c,152e3c,A,56,14,ptr,2,r0,0,7,2,3,0,0
00252e74,152e74,A,60,15,call,3,void,0,6,0,1,0,0
00252eb0,152eb0,A,32,8,call,2,r0,0,15,1,3,0,0
00252ed0,152ed0,A,12,3,call,2,r0:r1,0,7,0,1,1,0
00252edc,152edc,A,44,11,call,2,r0:r1,0,20,0,1,0,0
00252f08,152f08,A,88,22,prologue,2,r0,0,2,1,5,0,0
00252f60,152f60,A,60,13,prologue,0,r0:r1,0,7,2,1,0,0
00252f9c,152f9c,A,16,3,call,2,r0:r1,0,2,0,1,0,0
00252fac,152fac,A,116,29,ptr,2,void,0,1,1,1,0,0
00253020,153020,A,108,19,ptr,1,void,0,1,0,1,0,0
0025308c,15308c,A,12,3,call,3,r0:r1,0,1,0,3,1,0
00253098,153098,A,136,34,prologue,3,void,0,0,1,3,1,0
00253120,153120,A,420,93,call,4,void,0,1,0,18,1,0
002532c4,1532c4,A,16,4,call,2,void,0,1,0,1,1,0
002532d4,1532d4,A,312,73,prologue,4,r0,0,2,13,10,0,0
0025340c,15340c,A,56,2,call,1,r0:r1,0,6,0,1,1,0
00253414,153414,A,44,11,prologue,1,r0,0,0,2,3,0,0
00253444,153444,A,16,3,call,0,r0,0,5,0,1,0,0
00253454,153454,A,12,2,call,2,r0:r1,0,3,0,1,0,0
00253460,153460,A,40,9,prologue,2,r0:r1,0,3,3,3,0,0
00253488,153488,A,188,44,prologue,2,r0:r1,0,4,3,5,0,0
00253544,153544,A,148,1,call,0,r0:r1,0,6,0,1,1,0
00253548,153548,A,152,35,prologue,1,r0,0,0,4,6,0,0
002535e0,1535e0,A,316,72,prologue,0,void,0,3,10,11,0,0
0025371c,15371c,A,280,70,call,2,r0,0,7,0,3,0,0
00253838,153838,A,244,61,call,4,void,0,2,0,1,0,0
00253930,153930,A,236,59,call,2,void,0,2,0,7,0,0
00253a1c,153a1c,A,148,37,call,1,void,0,2,0,1,0,0
00253ac0,153ac0,A,16,4,call,3,r0,0,1,0,1,0,0
00253ad0,153ad0,A,296,68,prologue,4,r0:r1,0,2,5,14,0,0
00253bf8,153bf8,A,84,17,call,2,r0:r1,0,5,1,5,0,0
00253c4c,153c4c,A,292,73,prologue,2,r0,0,2,3,15,0,0
00253d70,153d70,A,28,5,call,1,r0:r1,0,4,0,1,0,0
00253d8c,153d8c,A,4,1,call,1,r0:r1,0,1,0,1,1,0
00253d90,153d90,A,60,12,call,4,r0:r1,0,6,1,4,0,0
00253dcc,153dcc,A,88,8,call,3,r0,0,4,0,5,1,0
00253dec,153dec,A,48,12,prologue,4,void,0,0,1,1,0,0
00253e24,153e24,A,92,19,call,3,r0,0,4,1,5,0,0
00253e80,153e80,A,76,17,call,3,r0,0,4,1,5,0,0
00253ecc,153ecc,A,120,26,prologue,4,r0:r1,0,2,1,7,0,0
00253f44,153f44,A,108,4,call,3,r0,0,1,0,3,1,0
00253f54,153f54,A,96,22,prologue,3,r0,0,0,2,3,0,0
00253fb4,153fb4,A,124,4,call,3,r0,0,1,0,3,1,0
00253fc4,153fc4,A,112,26,prologue,4,r0,0,0,2,3,0,0
00254034,154034,A,32,7,call,4,r0,0,4,1,3,0,0
00254054,154054,A,108,24,call,2,r0,0,7,0,4,0,0
002540c0,1540c0,A,108,4,call,3,r0:r1,0,3,0,3,1,0
002540d0,1540d0,A,96,22,prologue,3,r0,0,0,2,3,0,0
00254130,154130,A,4,1,call,4,void,0,8,0,1,1,0
00254134,154134,A,24,6,prologue,2,void,3,0,1,1,0,0
0025414c,15414c,A,444,111,prologue,1,r0,0,4,5,33,0,0
00254308,154308,A,12,3,prologue,1,r0,0,3,1,1,0,0
00254314,154314,A,292,73,prologue,1,r0,0,4,2,11,0,0
00254438,154438,A,160,38,prologue,4,r0,0,10,2,9,0,0
002544d8,1544d8,A,20,5,prologue,4,void,0,5,1,1,0,0
002544ec,1544ec,A,556,136,prologue,4,void,0,1,5,25,0,0
00254718,154718,A,16,4,call,2,void,0,3,0,1,0,0
00254728,154728,A,344,86,prologue,3,void,0,2,2,9,0,0
00254880,154880,A,48,11,prologue,2,void,0,10,1,3,0,0
002548b0,1548b0,A,292,71,prologue,1,r0:r1,0,8,7,11,2,0
002549f4,1549f4,A,92,23,prologue,2,r0:r1,0,4,2,1,0,0
00254a50,154a50,A,356,2,call,2,r0:r1,0,3,0,1,1,0
00254a58,154a58,A,364,86,prologue,4,r0,0,0,5,13,0,0
00254bc4,154bc4,A,156,39,prologue,4,r0:r1,0,10,4,8,0,0
00254c60,154c60,A,208,52,prologue,4,r0:r1,0,7,3,11,2,0
00254d30,154d30,A,204,49,prologue,1,r0,0,4,5,10,0,0
00254e1c,154e1c,A,176,44,prologue,4,r0:r1,0,3,3,8,0,0
00254ecc,154ecc,A,244,59,prologue,1,r0,0,3,7,9,0,0
00254fe0,154fe0,A,408,100,prologue,4,void,3,1,7,6,0,0
00255178,155178,A,632,155,prologue,2,r0:r1,0,12,6,36,0,0
002553f0,1553f0,A,144,35,prologue,1,r0,0,3,1,8,0,0
00255480,155480,A,100,23,prologue,1,r0:r1,0,15,1,6,0,0
002554e4,1554e4,A,156,39,prologue,4,r0:r1,0,4,5,7,0,0
00255580,155580,A,176,44,prologue,4,r0,0,6,4,9,0,0
00255630,155630,A,120,30,prologue,3,r0:r1,0,2,3,6,0,0
002556a8,1556a8,A,4,1,call,1,void,0,4,0,1,1,0
002556ac,1556ac,A,12,3,prologue,4,r0,0,0,1,1,0,0
002556b8,1556b8,A,4,1,call,1,void,0,4,0,1,1,0
002556bc,1556bc,A,12,3,prologue,4,r0,0,0,1,1,0,0
002556c8,1556c8,A,108,27,prologue,4,r0:r1,0,6,3,3,0,0
00255734,155734,A,100,25,prologue,3,r0:r1,0,11,4,3,0,0
00255798,155798,A,100,25,prologue,2,r0:r1,0,16,3,3,0,0
002557fc,1557fc,A,116,28,prologue,4,r0,0,3,2,5,0,0
00255870,155870,T,44,22,prologue,2,r0,0,2,0,11,0,0
0025589c,15589c,A,160,40,prologue,4,r0:r1,0,2,4,8,0,0
0025593c,15593c,A,96,23,prologue,4,r0:r1,0,41,1,6,0,0
0025599c,15599c,A,48,12,call,1,r0:r1,0,44,0,4,0,0
002559cc,1559cc,A,124,31,prologue,3,r0:r1,0,39,3,5,0,0
00255a48,155a48,A,1112,259,prologue,4,r0:r1,0,30,14,17,0,0
00255ea0,155ea0,A,332,83,prologue,3,r0,0,1,3,19,2,0
00255ff0,155ff0,A,292,71,prologue,3,r0,0,3,3,16,0,0
00256114,156114,A,1776,436,prologue,4,r0,0,3,14,113,4,0
00256804,156804,A,104,26,prologue,1,r0:r1,0,65,4,9,0,0
0025686c,15686c,T,8,3,prologue,3,r0:r1,0,10,1,1,0,0
00256874,156874,T,118,56,prologue,3,r0,0,4,3,15,0,0
002568ec,1568ec,A,8,2,call,2,void,0,3,0,3,1,0
002568f4,1568f4,A,732,183,prologue,4,void,0,0,4,30,1,0
00256bd0,156bd0,A,344,85,call,2,r0:r1,0,2,0,19,0,0
00256d28,156d28,A,476,119,prologue,3,r0,0,4,3,21,2,0
00256f04,156f04,A,60,15,prologue,4,r0:r1,0,2,1,3,0,0
00256f40,156f40,A,104,25,prologue,2,r0:r1,0,3,4,5,0,0
00256fa8,156fa8,A,268,67,prologue,4,r0,0,0,6,9,0,0
002570b4,1570b4,A,136,34,prologue,3,r0:r1,0,4,1,6,1,0
0025713c,15713c,A,100,25,prologue,1,r0:r1,0,9,1,5,1,0
002571a0,1571a0,A,912,222,prologue,2,r0:r1,0,3,4,59,2,0
00257530,157530,A,404,101,prologue,3,r0,0,0,4,31,1,0
002576c4,1576c4,A,176,44,prologue,1,r0:r1,0,7,1,7,1,0
00257774,157774,A,352,88,prologue,2,r0:r1,0,2,4,19,1,0
002578d8,1578d8,A,776,194,prologue,4,r0:r1,0,1,10,47,0,0
00257bf4,157bf4,A,608,152,prologue,4,r0,1,3,3,31,2,0
00257e54,157e54,A,308,77,prologue,4,r0:r1,0,1,1,13,0,0
00257f88,157f88,A,276,69,prologue,4,void,0,1,1,14,0,0
0025809c,15809c,A,384,96,prologue,4,r0:r1,0,1,2,18,0,0
00258254,158254,A,68,17,prologue,3,r0:r1,0,3,2,3,0,0
00258298,158298,A,228,57,call,2,r0:r1,0,3,0,10,0,0
0025837c,15837c,A,316,79,prologue,4,r0:r1,0,1,6,14,0,0
002584f4,1584f4,A,600,150,prologue,4,r0:r1,0,3,2,23,0,0
0025874c,15874c,A,8,2,call,2,r0:r1,0,3,0,3,1,0
00258754,158754,A,488,122,prologue,4,void,0,0,3,21,1,0
0025893c,15893c,A,40,10,prologue,4,r0,0,2,1,3,0,0
00258964,158964,A,192,47,prologue,4,r0:r1,0,5,2,9,0,0
00258a24,158a24,A,572,143,prologue,4,r0:r1,0,6,3,33,0,0
00258c9c,158c9c,A,172,40,prologue,3,r0:r1,0,4,3,7,0,0
00258d48,158d48,A,72,18,call,2,r0,0,3,0,5,0,0
00258d90,158d90,A,88,22,call,1,r0:r1,0,10,0,6,0,0
00258de8,158de8,A,36,8,ptr,1,r0:r1,0,5,1,1,0,0
00258e0c,158e0c,A,24,5,ptr,1,r0:r1,0,5,0,1,0,0
00258e24,158e24,A,752,185,prologue,2,r0:r1,0,3,3,36,2,0
00259114,159114,A,60,14,call,1,r0:r1,0,4,0,1,0,0
00259150,159150,A,64,15,call,3,void,0,3,0,1,0,0
00259190,159190,A,40,10,prologue,2,r0:r1,0,3,0,3,1,0
002591b8,1591b8,A,152,37,prologue,4,r0:r1,0,4,2,9,0,0
00259250,159250,A,16,4,ptr,4,void,0,0,1,1,1,0
00259260,159260,A,84,18,call,4,r0:r1,0,19,2,3,0,0
002592b4,1592b4,A,80,19,ptr,4,r0:r1,0,9,1,3,0,0
00259304,159304,A,280,70,prologue,4,r0,1,12,1,11,0,0
00259450,159450,A,4,1,gapstart,1,void,0,0,0,1,1,0
00259454,159454,A,80,19,call,1,r0,0,7,2,1,0,0
002594a4,1594a4,A,900,225,prologue,4,r0,0,2,2,49,0,0
00259828,159828,A,780,194,prologue,4,r0,2,2,2,37,0,0
00259b34,159b34,A,716,178,prologue,4,r0,0,1,9,38,0,0
00259e74,159e74,A,336,83,prologue,4,r0:r1,0,1,7,18,0,0
00259fc4,159fc4,A,540,134,prologue,4,r0,0,3,2,29,0,0
0025a1e0,15a1e0,A,160,40,prologue,4,r0,0,0,2,3,0,0
0025a280,15a280,A,20,5,call,1,void,0,1,0,1,1,0
0025a294,15a294,A,732,183,prologue,4,void,0,1,3,34,0,0
0025a570,15a570,A,1144,284,prologue,4,r0,0,3,9,57,0,0
0025aa28,15aa28,A,192,48,prologue,4,r0:r1,0,4,2,5,0,0
0025aae8,15aae8,A,764,189,call,3,r0:r1,0,18,0,64,0,0
0025ade4,15ade4,A,548,135,prologue,4,r0:r1,0,9,2,30,0,0
0025b008,15b008,A,4,1,call,2,r0:r1,0,8,0,1,1,0
0025b00c,15b00c,A,92,23,prologue,4,r0,0,0,2,8,0,0
0025b068,15b068,A,68,17,call,1,r0,0,6,0,1,0,0
0025b0ac,15b0ac,A,132,30,prologue,4,r0:r1,0,3,2,8,0,0
0025b130,15b130,A,24,6,call,4,r0:r1,0,31,0,1,0,0
0025b148,15b148,A,8,2,call,2,void,0,1,0,3,1,0
0025b150,15b150,A,792,193,prologue,4,r0,0,0,5,42,0,0
0025b468,15b468,A,228,56,prologue,4,r0,0,4,3,11,0,0
0025b54c,15b54c,A,200,47,prologue,4,r0:r1,0,36,2,11,0,0
0025b614,15b614,A,104,24,prologue,4,void,0,10,3,3,0,0
0025b67c,15b67c,A,96,22,prologue,2,r0,0,5,3,5,0,0
0025b6dc,15b6dc,A,140,33,prologue,2,void,0,7,4,7,1,0
0025b768,15b768,A,268,66,call,2,r0:r1,0,7,0,22,0,0
0025b874,15b874,A,88,22,call,1,r0:r1,0,5,1,8,1,0
0025b8cc,15b8cc,A,240,60,prologue,2,r0,0,4,1,10,2,0
0025b9bc,15b9bc,A,192,47,call,1,r0:r1,0,11,1,8,0,0
0025ba7c,15ba7c,A,8,2,call,0,r0:r1,0,8,1,1,1,0
0025ba84,15ba84,A,560,139,call,3,r0:r1,0,8,1,45,0,0
0025bcb4,15bcb4,A,164,41,prologue,4,void,0,9,0,6,2,0
0025bd58,15bd58,T,28,14,prologue,3,void,0,3,0,5,0,0
0025bd74,15bd74,A,4,1,call,4,void,0,1,0,1,1,0
0025bd78,15bd78,A,24,6,prologue,2,void,3,0,1,1,0,0
0025bd90,15bd90,A,212,52,prologue,0,void,0,3,2,9,0,0
0025be68,15be68,A,80,20,call,1,void,0,1,0,1,0,0
0025beb8,15beb8,A,52,13,call,1,void,0,1,0,1,0,0
0025beec,15beec,A,4,1,call,3,void,0,1,0,1,1,0
0025bef0,15bef0,A,1116,278,prologue,2,r0,0,0,0,75,0,0
0025c34c,15c34c,A,12,3,call,3,void,0,1,0,1,1,0
0025c358,15c358,A,1316,326,prologue,4,r0,0,0,0,14,0,0
0025c87c,15c87c,A,92,23,ptr,3,r0,0,0,0,4,0,0
0025c8d8,15c8d8,A,112,27,ptr,3,r0,0,0,0,4,0,0
0025c948,15c948,A,116,29,ptr,3,r0,0,0,0,4,0,0
0025c9bc,15c9bc,A,136,33,ptr,3,r0,0,0,0,4,0,0
0025ca44,15ca44,A,200,50,ptr,3,r0,0,0,0,4,0,0
0025cb24,15cb24,A,216,47,ptr,3,r0,0,0,0,4,0,0
0025cbfc,15cbfc,A,188,47,ptr,3,r0,0,0,0,4,0,0
0025cde4,15cde4,A,192,48,ptr,3,r0,0,0,0,4,0,0
0025cff0,15cff0,A,204,51,ptr,3,r0,0,0,0,4,0,0
0025d234,15d234,A,200,50,ptr,3,r0,0,0,0,4,0,0
0025d3e0,15d3e0,A,196,49,ptr,3,r0,0,0,0,4,0,0
0025d5c8,15d5c8,A,192,48,ptr,3,r0,0,0,0,4,0,0
0025d80c,15d80c,A,212,53,ptr,3,r0,0,0,0,4,0,0
0025da70,15da70,A,192,48,ptr,3,r0,0,0,0,4,0,0
0025dc10,15dc10,A,172,43,ptr,3,r0,0,0,0,4,0,0
0025dcd4,15dcd4,A,272,61,ptr,3,r0,0,0,0,4,0,0
0025dde4,15dde4,A,196,49,ptr,3,r0,0,0,0,4,0,0
0025dee0,15dee0,A,272,45,ptr,3,r0,0,0,0,4,0,0
0025dff0,15dff0,A,188,47,ptr,3,r0,0,0,0,4,0,0
0025e220,15e220,A,200,50,ptr,3,r0,0,0,0,4,0,0
0025e3cc,15e3cc,A,196,49,ptr,3,r0,0,0,0,4,0,0
0025e5b4,15e5b4,A,200,50,ptr,3,r0,0,0,0,4,0,0
0025e75c,15e75c,A,172,43,ptr,3,r0,0,0,0,4,0,0
0025e92c,15e92c,A,72,18,call,3,void,0,1,0,1,0,0
0025e974,15e974,A,284,71,call,4,r0,0,2,0,17,0,0
0025ea90,15ea90,A,256,63,call,4,r0,1,2,0,14,0,0
0025eb90,15eb90,A,192,39,call,3,r0,0,4,0,10,0,0
0025ec50,15ec50,A,4312,1034,prologue,1,void,0,4,8,252,1,0
0025fd28,15fd28,A,568,114,prologue,4,r0,7,4,2,33,0,0
0025ff60,15ff60,A,184,44,prologue,3,r0:r1,0,4,3,7,0,0
00260018,160018,A,104,26,prologue,2,r0,0,1,1,7,0,0
00260080,160080,A,52,1,call,0,r0:r1,0,14,0,1,1,0
00260084,160084,A,44,11,prologue,2,r0,0,0,1,1,0,0
002600b4,1600b4,A,52,1,call,0,r0:r1,0,14,0,1,1,0
002600b8,1600b8,A,44,11,prologue,2,r0,0,0,1,1,0,0
002600e8,1600e8,A,24,6,call,1,r0,0,5,0,1,0,0
00260100,160100,A,20,5,call,1,void,0,3,0,1,0,0
00260114,160114,A,28,6,call,3,r0,0,2,1,3,0,0
00260130,160130,A,156,1,call,0,r0:r1,0,7,0,1,1,0
00260134,160134,A,164,37,prologue,1,r0,0,0,1,4,0,0
002601d8,1601d8,A,296,71,prologue,1,r0:r1,0,2,9,9,0,0
00260300,160300,A,24,6,call,4,void,0,2,0,1,0,0
00260318,160318,A,100,24,prologue,3,r0,0,3,3,5,0,0
0026037c,16037c,A,64,16,call,1,void,0,3,0,3,0,0
002603bc,1603bc,A,76,19,call,1,void,0,3,0,4,0,0
00260408,160408,A,1848,434,prologue,0,void,0,4,4,73,0,0
00260b68,160b68,A,4,1,call,1,void,0,6,0,1,1,0
00260b6c,160b6c,A,60,12,call,2,void,0,2,1,3,0,0
00260ba8,160ba8,A,160,40,prologue,4,r0:r1,1,2,1,3,0,0
00260c48,160c48,A,96,24,prologue,4,r0:r1,1,7,2,1,1,0
00260ca8,160ca8,A,20,5,call,2,r0:r1,0,22,0,1,0,0
00260cbc,160cbc,A,4,1,call,1,r0:r1,0,3,0,1,1,0
00260cc0,160cc0,A,104,25,prologue,3,r0,0,0,1,10,0,0
00260d28,160d28,A,4,1,call,1,void,0,1,0,1,1,0
00260d2c,160d2c,A,76,17,prologue,3,r0,0,3,0,1,0,0
00260d78,160d78,A,68,15,prologue,4,r0,0,3,1,3,0,0
00260dbc,160dbc,A,220,51,prologue,1,r0,0,3,8,7,0,0
00260e98,160e98,A,12,18,call,0,r0,0,2,1,7,0,0
00260ea4,160ea4,A,368,86,prologue,4,void,0,4,15,12,0,0
00261014,161014,A,148,34,prologue,4,r0,1,3,2,8,0,0
002610a8,1610a8,A,236,54,prologue,1,r0,0,4,8,7,0,0
00261194,161194,A,176,42,prologue,1,r0,0,3,5,8,0,0
00261244,161244,A,96,22,prologue,4,r0:r1,0,15,4,4,0,0
002612a4,1612a4,A,80,18,prologue,4,r0:r1,0,6,0,1,0,0
002612f4,1612f4,A,60,13,prologue,0,r0:r1,0,9,2,1,0,0
00261330,161330,A,92,23,prologue,4,r0:r1,0,9,1,7,0,0
0026138c,16138c,A,104,26,prologue,2,r0:r1,0,4,2,3,0,0
002613f4,1613f4,A,40,9,prologue,1,r0:r1,0,8,1,1,0,0
0026141c,16141c,A,40,9,prologue,1,r0:r1,0,7,1,1,0,0
00261444,161444,A,24,6,call,4,void,0,3,0,1,0,0
0026145c,16145c,A,16,3,call,2,r0:r1,0,5,0,1,0,0
0026146c,16146c,A,156,35,prologue,0,r0:r1,0,4,2,6,0,0
00261508,161508,A,64,15,prologue,1,void,0,2,0,3,2,0
00261548,161548,A,12,2,call,2,r0:r1,0,4,0,1,0,0
00261554,161554,A,368,91,prologue,4,r0:r1,9,4,17,6,0,0
002616c4,1616c4,A,496,118,prologue,4,void,0,3,1,20,2,0
002618b4,1618b4,A,16,3,call,0,r0,0,4,0,1,0,0
002618c4,1618c4,A,16,4,call,1,r0,0,3,0,1,0,0
002618d4,1618d4,A,12,3,call,1,r0,0,3,0,3,1,0
002618e0,1618e0,A,200,50,prologue,4,r0,2,0,4,9,0,0
002619a8,1619a8,A,80,20,prologue,4,r0:r1,0,20,1,9,0,0
002619f8,1619f8,A,12,3,call,1,void,0,5,0,3,1,0
00261a04,161a04,A,52,13,prologue,2,r0,0,0,2,3,0,0
00261a38,161a38,A,112,28,prologue,3,void,0,6,2,7,0,0
00261aa8,161aa8,A,40,10,call,2,void,0,3,0,3,0,0
00261ad0,161ad0,A,28,16,call,1,void,0,3,0,2,0,0
00261af0,161af0,A,16,3,call,1,r0,0,6,1,1,0,0
00261b00,161b00,A,36,9,call,1,void,0,4,0,1,0,0
00261b24,161b24,A,20,5,prologue,0,r0:r1,0,7,2,1,0,0
00261b38,161b38,A,24,8,call,3,r0,0,2,0,4,1,0
00261b50,161b50,A,76,1,call,0,r0:r1,0,26,0,1,1,0
00261b54,161b54,A,84,17,prologue,1,r0,0,0,2,4,0,0
00261ba8,161ba8,A,228,49,prologue,1,void,0,2,4,6,1,0
00261c8c,161c8c,A,56,14,prologue,1,r0:r1,0,3,2,3,0,0
00261cc8,161cc8,A,60,14,prologue,4,r0:r1,0,2,2,3,0,0
00261d04,161d04,A,68,16,prologue,1,r0:r1,0,2,2,4,0,0
00261d48,161d48,A,172,1,call,0,r0:r1,0,36,0,1,1,0
00261d4c,161d4c,A,172,41,prologue,2,r0,0,0,3,1,0,0
00261df8,161df8,A,540,134,prologue,1,r0:r1,0,5,5,25,5,0
00262014,162014,A,336,82,prologue,2,r0,0,2,5,16,0,0
00262164,162164,A,272,66,prologue,2,r0,0,1,7,7,0,0
00262274,162274,A,96,23,prologue,4,void,0,2,3,1,0,0
00262310,162310,A,80,19,prologue,1,void,0,2,3,1,0,0
00262394,162394,A,460,115,prologue,4,r0:r1,0,5,5,17,0,0
00262560,162560,A,496,1,call,0,r0,0,5,0,1,1,0
00262564,162564,A,500,122,prologue,2,r0,0,0,3,13,0,0
0026275c,16275c,A,120,28,prologue,4,r0,0,46,2,5,0,0
002627d4,1627d4,A,228,57,prologue,2,void,0,2,6,3,0,0
002628e0,1628e0,A,132,33,prologue,2,void,0,2,3,4,0,0
00262970,162970,A,3160,694,prologue,4,r0:r1,0,2,46,81,12,0
002635d4,1635d4,A,8,2,call,1,r0,0,1,0,1,1,0
002635dc,1635dc,A,244,58,prologue,4,r0,0,0,7,6,0,0
002636d0,1636d0,A,200,48,prologue,4,r0,1,3,4,3,0,0
00263798,163798,A,120,30,prologue,4,r0:r1,0,3,3,3,0,0
00263810,163810,A,52,12,call,1,r0,0,7,0,1,0,0
00263844,163844,A,108,27,ptr,4,r0,0,0,2,10,2,0
002638b0,1638b0,A,140,35,call,4,r0:r1,0,9,4,7,0,0
0026393c,16393c,A,180,43,prologue,1,void,0,4,5,1,0,0
002639f0,1639f0,A,16,3,call,0,r0,0,2,0,1,0,0
00263a00,163a00,A,112,27,prologue,1,r0,0,1,3,3,1,0
00263a70,163a70,A,92,23,call,1,void,0,2,3,1,0,0
00263adc,163adc,A,4,1,call,1,r0,0,1,0,1,1,0
00263ae0,163ae0,A,60,14,prologue,4,r0,0,0,2,1,1,0
00263b1c,163b1c,A,108,27,prologue,4,r0:r1,0,5,3,3,0,0
00263b88,163b88,A,268,65,prologue,4,r0:r1,0,22,3,1,0,0
00263c94,163c94,A,92,23,call,1,void,0,2,3,1,0,0
00263d00,163d00,A,68,16,prologue,1,r0,0,1,3,3,1,0
00263d44,163d44,A,76,1,call,0,r0,0,2,0,1,1,0
00263d48,163d48,A,68,17,prologue,2,r0,0,0,1,1,0,0
00263d94,163d94,A,704,174,prologue,2,void,0,6,6,40,0,0
00264054,164054,A,184,46,prologue,2,r0:r1,0,11,1,11,4,0
0026410c,16410c,A,8,2,call,2,void,0,1,0,3,1,0
00264114,164114,A,888,221,prologue,2,r0,0,0,3,28,0,0
0026448c,16448c,A,400,99,prologue,3,r0:r1,0,1,1,10,0,0
0026461c,16461c,A,340,84,prologue,1,r0:r1,2,3,5,9,2,0
00264770,164770,A,192,45,prologue,4,void,0,3,4,8,0,0
00264830,164830,A,128,30,prologue,1,r0,0,3,1,6,0,0
002648b0,1648b0,A,12,3,call,2,r0:r1,0,2,0,1,0,0
002648c0,1648c0,A,452,89,prologue,1,void,0,2,8,1,1,0
00264a9c,164a9c,A,628,146,prologue,1,void,0,2,8,18,7,0
00264d10,164d10,A,76,1,call,0,r0,0,3,0,1,1,0
00264d14,164d14,A,68,17,prologue,2,r0,0,0,1,1,0,0
00264d60,164d60,A,132,31,prologue,4,void,0,4,5,5,1,0
00264de4,164de4,A,116,24,prologue,4,r0,0,10,1,3,0,0
00264eb4,164eb4,A,164,36,prologue,1,r0,0,2,2,4,0,0
00264f58,164f58,A,48,11,call,2,r0,0,2,0,1,0,0
00264f88,164f88,A,32,7,call,1,r0,0,2,0,1,0,0
00264fa8,164fa8,A,4,1,call,4,r0,0,2,1,1,0,0
00264fb0,164fb0,A,632,123,prologue,3,void,0,2,6,8,2,0
00265228,165228,A,60,13,prologue,1,r0,0,2,3,1,0,0
00265268,165268,A,196,44,prologue,1,void,0,4,3,7,1,0
0026532c,16532c,A,116,24,prologue,4,r0,0,16,1,3,0,0
002653a0,1653a0,A,4,1,call,1,r0,0,2,0,1,1,0
002653a4,1653a4,A,104,26,prologue,2,r0,0,0,8,5,0,0
0026540c,16540c,A,240,59,prologue,4,void,0,3,6,9,2,0
002654fc,1654fc,A,4,1,call,1,r0,0,4,0,1,1,0
00265500,165500,A,172,42,prologue,4,r0,0,0,6,5,0,0
002655b0,1655b0,A,652,147,prologue,4,r0,1,3,13,16,1,0
0026583c,16583c,A,116,24,prologue,4,r0,0,12,1,3,0,0
0026590c,16590c,A,132,31,prologue,4,void,0,2,2,5,1,0
00265990,165990,A,192,46,prologue,1,r0,0,3,8,1,0,0
00265a50,165a50,A,8,2,call,1,r0,0,3,0,1,1,0
00265a58,165a58,A,44,11,prologue,4,r0,0,0,5,1,0,0
00265a84,165a84,A,16,3,call,0,r0,0,5,0,1,0,0
00265a94,165a94,A,8,2,call,1,r0,0,3,0,1,1,0
00265a9c,165a9c,A,280,69,prologue,4,r0,0,0,6,11,2,0
00265bb4,165bb4,A,16,3,call,1,void,0,7,0,1,0,0
00265bc4,165bc4,A,212,52,prologue,4,r0,0,3,9,3,0,0
00265c98,165c98,A,1800,364,prologue,1,void,0,2,21,17,4,0
002663a0,1663a0,A,16,3,call,1,r0,0,4,0,1,0,0
002663b0,1663b0,A,44,10,prologue,1,r0,0,2,0,1,0,0
002663dc,1663dc,A,488,118,prologue,4,r0,0,4,9,5,4,0
002665c8,1665c8,A,2656,580,prologue,3,r0,0,4,35,55,5,0
00267028,167028,A,116,24,prologue,4,r0,0,24,1,3,0,0
0026709c,16709c,A,732,180,prologue,1,void,0,2,6,25,0,0
0026737c,16737c,A,72,17,prologue,4,void,0,1,2,3,1,0
002673c8,1673c8,A,392,93,prologue,4,void,1,2,5,6,0,0
00267578,167578,A,1140060,30,call,2,r0,0,5,0,9,0,0
0026759c,16759c,A,168,42,prologue,2,void,0,1,3,5,0,0
00267644,167644,A,256,63,prologue,1,r0,0,3,4,11,2,0
00267744,167744,A,8,2,call,1,r0,0,3,0,1,1,0
0026774c,16774c,A,156,38,prologue,4,r0,0,0,5,3,1,0
002677e8,1677e8,A,4,1,call,1,r0,0,3,0,1,1,0
002677ec,1677ec,A,36,9,prologue,4,r0,0,0,3,1,0,0
00267810,167810,A,124,31,prologue,1,void,0,3,1,9,1,0
0026788c,16788c,A,1576,392,prologue,1,r0:r1,0,2,6,83,4,0
00267eb4,167eb4,A,116,24,prologue,4,r0,0,10,1,3,0,0
00267f84,167f84,A,148,35,prologue,4,void,0,3,6,5,1,0
00268018,168018,A,4,1,call,1,r0,0,3,0,1,1,0
0026801c,16801c,A,208,52,prologue,4,r0,0,0,4,13,2,0
002680ec,1680ec,A,232,2,call,0,r0,0,3,0,1,1,0
002680f4,1680f4,A,232,55,prologue,3,r0,0,0,5,9,0,0
002681dc,1681dc,A,520,129,prologue,4,r0:r1,0,3,7,15,4,0
002683e4,1683e4,A,452,107,prologue,4,void,0,2,6,28,3,0
002685a8,1685a8,A,36,1,call,0,r0,0,5,0,1,1,0
002685ac,1685ac,A,28,7,prologue,2,r0,0,0,2,1,0,0
002685d0,1685d0,A,520,108,prologue,2,r0,0,5,8,5,2,0
002687d8,1687d8,A,12,3,call,1,r0,0,5,0,1,0,0
002687ec,1687ec,A,184,39,prologue,1,void,0,3,3,3,1,0
002688a4,1688a4,A,52,13,prologue,2,r0,0,17,2,1,1,0
002688d8,1688d8,A,4,1,call,2,r0:r1,0,75,0,1,1,0
002688dc,1688dc,A,36,9,prologue,4,r0,0,0,1,1,0,0
00268900,168900,A,20,5,call,1,r0,0,4,0,1,0,0
00268914,168914,A,104,26,prologue,3,void,0,1,2,1,0,0
00268980,168980,A,72,18,call,4,r0,0,1,1,1,0,0
002689cc,1689cc,A,92,23,prologue,3,void,0,2,2,1,0,0
00268a28,168a28,A,288,71,prologue,3,void,0,2,6,6,0,0
00268b48,168b48,A,4,1,call,4,void,0,1,0,1,1,0
00268b4c,168b4c,A,28,7,prologue,1,r0,2,0,1,1,0,0
00268b68,168b68,A,104,26,call,1,void,0,2,1,3,0,0
00268bd0,168bd0,A,184,46,prologue,1,void,0,3,1,11,4,0
00268c88,168c88,A,824,205,prologue,3,void,0,1,3,27,0,0
00268fc0,168fc0,A,572,137,prologue,4,r0,3,1,18,11,1,0
00269230,169230,A,12,3,call,2,r0,0,2,0,1,0,0
0026923c,16923c,A,204,51,prologue,2,void,0,2,3,9,3,0
00269310,169310,A,4,1,call,0,void,0,3,0,1,1,0
00269314,169314,A,152,38,prologue,2,r0,0,0,5,3,0,0
002693c4,1693c4,A,24,6,prologue,4,r0:r1,0,4,2,1,0,0
002693dc,1693dc,A,64,16,ptr,3,void,0,0,2,3,1,0
0026941c,16941c,A,172,36,tail,1,void,0,1,2,3,1,0
002694c8,1694c8,A,56,14,prologue,2,r0:r1,0,13,1,3,0,0
00269500,169500,A,116,24,prologue,4,r0,0,6,1,3,0,0
00269574,169574,A,116,24,prologue,4,r0,0,8,1,3,0,0
002695e8,1695e8,A,272,64,ptr,1,r0,0,3,2,16,0,0
002696f8,1696f8,A,240,58,prologue,4,r0:r1,0,5,5,9,0,0
002697e8,1697e8,A,128,29,ptr,1,r0,0,2,2,4,0,0
00269868,169868,A,340,80,prologue,1,r0,0,4,6,6,0,0
002699bc,1699bc,A,8,2,call,3,void,0,3,0,3,1,0
002699c4,1699c4,A,180,44,prologue,3,r0,0,0,1,13,0,0
00269a78,169a78,A,4,1,call,1,r0,0,2,0,1,1,0
00269a7c,169a7c,A,236,56,prologue,4,r0,0,0,7,1,3,0
00269b68,169b68,A,4,1,call,1,r0,0,2,0,1,1,0
00269b6c,169b6c,A,180,44,prologue,4,r0,0,0,9,1,0,0
00269c20,169c20,A,4,1,call,1,r0,0,3,0,1,1,0
00269c24,169c24,A,20,5,prologue,4,r0,0,0,2,1,0,0
00269c38,169c38,A,200,50,prologue,4,r0,0,2,3,11,2,0
00269d00,169d00,A,254556,22,call,1,r0:r1,0,18,1,7,0,0
00269d58,169d58,A,116,24,prologue,4,r0,0,12,1,3,0,0
00269e50,169e50,A,4,1,call,1,r0,0,3,0,1,1,0
00269e54,169e54,A,56,13,prologue,4,r0,0,0,4,1,0,0
00269e8c,169e8c,A,116,24,prologue,4,r0,0,10,1,3,0,0
00269f00,169f00,A,148,37,prologue,4,r0,0,3,5,5,0,0
00269fc0,169fc0,A,72,16,prologue,1,r0,0,4,3,1,0,0
0026a008,16a008,A,180,45,prologue,1,r0,0,7,2,11,2,0
0026a0bc,16a0bc,A,116,24,prologue,4,r0,0,7,1,3,0,0
0026a130,16a130,A,216,45,prologue,1,r0:r1,0,3,3,3,1,0
0026a210,16a210,A,16,4,call,2,r0:r1,0,2,0,1,0,0
0026a220,16a220,A,12,2,call,0,r0,0,3,0,1,0,0
0026a22c,16a22c,A,84,20,call,1,r0,0,2,0,5,0,0
0026a280,16a280,A,136,34,prologue,3,r0:r1,0,2,1,1,1,0
0026a308,16a308,A,200,50,prologue,4,r0,0,2,3,11,2,0
0026a3d0,16a3d0,A,116,24,prologue,4,r0,0,16,1,3,0,0
0026a444,16a444,A,72,16,prologue,1,r0,0,3,3,1,0,0
0026a48c,16a48c,A,136,32,prologue,1,void,0,5,3,3,1,0
0026a514,16a514,A,116,24,prologue,4,r0,0,11,1,3,0,0
0026a588,16a588,A,4,1,call,1,r0,0,6,0,1,1,0
0026a58c,16a58c,A,20,5,prologue,4,r0,0,0,2,1,0,0
0026a5a0,16a5a0,A,472,118,prologue,4,void,0,4,8,4,0,0
0026a844,16a844,A,116,24,prologue,4,r0,0,13,1,3,0,0
0026a8b8,16a8b8,A,60,14,prologue,0,r0,0,3,2,1,1,0
0026a8f4,16a8f4,A,16,3,call,0,r0,0,1,0,1,0,0
0026a904,16a904,A,116,24,prologue,4,r0,0,7,1,3,0,0
0026a978,16a978,A,448,108,prologue,1,r0,0,3,7,11,0,0
0026ab38,16ab38,A,20,5,call,1,r0:r1,0,5,0,1,0,0
0026ab4c,16ab4c,A,520,127,prologue,4,r0,0,4,8,15,6,0
0026ad54,16ad54,A,40,9,call,1,r0,0,2,0,1,0,0
0026ad7c,16ad7c,A,8,2,call,1,r0,0,3,0,1,1,0
0026ad84,16ad84,A,72,17,prologue,4,r0,0,0,5,1,0,0
0026adcc,16adcc,A,52,13,prologue,1,r0:r1,0,2,1,4,0,0
0026ae04,16ae04,A,20,5,call,1,r0,0,8,0,1,0,0
0026ae18,16ae18,A,40,10,prologue,1,r0,0,4,0,3,1,0
0026ae44,16ae44,A,8,2,call,1,r0,0,6,0,1,1,0
0026ae4c,16ae4c,A,472,115,prologue,4,r0,0,0,11,16,4,0
0026b028,16b028,A,1552,334,prologue,3,r0,0,4,25,11,4,0
0026b638,16b638,A,812,193,prologue,2,void,0,3,16,20,9,0
0026b964,16b964,A,8,2,call,1,r0,0,5,0,1,1,0
0026b96c,16b96c,A,468,116,prologue,4,r0,0,0,9,21,6,0
0026bb40,16bb40,A,1880,460,prologue,3,r0,0,3,21,80,5,0
0026c2b0,16c2b0,A,48,12,call,1,r0:r1,0,6,0,4,0,0
0026c2e0,16c2e0,A,116,24,prologue,4,r0,0,17,1,3,0,0
0026c354,16c354,A,184,46,prologue,1,r0,0,9,1,11,4,0
0026c40c,16c40c,A,4,1,call,1,r0,0,5,0,1,1,0
0026c410,16c410,A,468,116,prologue,4,r0,0,0,9,21,6,0
0026c5e4,16c5e4,A,272,66,prologue,4,r0:r1,0,4,4,11,0,0
0026c6f4,16c6f4,A,416,101,prologue,4,r0,0,4,6,5,4,0
0026c894,16c894,A,72,17,prologue,4,void,0,2,2,3,1,0
0026c8dc,16c8dc,A,84,21,prologue,2,r0:r1,0,5,3,5,0,0
0026c930,16c930,A,116,24,prologue,4,r0,0,19,1,3,0,0
0026c9a4,16c9a4,A,348,82,prologue,2,r0:r1,0,4,11,11,1,0
0026cb00,16cb00,A,196,47,prologue,2,void,0,30,2,10,0,0
0026cbc4,16cbc4,A,92,22,prologue,1,void,0,2,5,1,0,0
0026cc20,16cc20,A,352,76,prologue,3,void,0,1,1,16,0,0
0026cd80,16cd80,A,72,17,prologue,4,void,0,5,2,3,1,0
0026cdc8,16cdc8,A,32,8,call,1,r0,0,2,0,1,0,0
0026cde8,16cde8,A,12,3,call,1,void,0,2,0,1,0,0
0026cdf4,16cdf4,A,20,5,call,1,r0:r1,0,4,0,1,0,0
0026ce08,16ce08,A,4,1,call,1,r0,0,2,0,1,1,0
0026ce0c,16ce0c,A,36,9,prologue,4,r0,0,0,4,1,0,0
0026ce30,16ce30,A,52,5,call,0,r0,0,34,0,3,1,0
0026ce44,16ce44,A,40,7,prologue,1,r0,0,0,1,1,0,0
0026ce6c,16ce6c,A,192,1,call,0,r0:r1,0,3,0,1,1,0
0026ce70,16ce70,A,200,46,prologue,1,r0,0,0,3,8,0,0
0026cf38,16cf38,A,4,1,call,0,r0,0,4,0,1,1,0
0026cf3c,16cf3c,A,100,24,prologue,1,r0,0,0,5,7,0,0
0026cfa0,16cfa0,A,32,8,prologue,2,r0,0,3,1,3,0,0
0026cfc0,16cfc0,A,52,10,call,1,r0,0,3,1,1,0,0
0026cff4,16cff4,A,536,124,prologue,2,void,0,3,6,13,8,0
0026d20c,16d20c,A,48,1,call,0,r0:r1,0,4,0,1,1,0
0026d210,16d210,A,40,10,prologue,2,r0,0,0,1,1,0,0
0026d23c,16d23c,A,16,4,call,4,r0,0,5,0,1,0,0
0026d24c,16d24c,A,104,21,prologue,1,r0:r1,0,7,1,1,0,0
0026d2b4,16d2b4,A,108,22,prologue,1,r0,0,8,1,1,0,0
0026d320,16d320,A,108,22,prologue,1,r0,0,5,1,1,0,0
0026d38c,16d38c,A,16,4,call,4,r0:r1,0,8,0,1,0,0
0026d39c,16d39c,A,88,18,prologue,4,r0:r1,0,9,2,1,0,0
0026d3f4,16d3f4,A,88,18,prologue,4,r0:r1,0,10,2,1,0,0
0026d44c,16d44c,A,88,18,prologue,4,r0:r1,0,10,2,1,0,0
0026d4a4,16d4a4,A,116,24,prologue,4,r0,0,9,1,3,0,0
0026d518,16d518,A,76,19,prologue,2,void,0,4,1,3,0,0
0026d564,16d564,A,72,17,prologue,4,void,0,3,2,3,1,0
0026d5ac,16d5ac,A,676,169,prologue,3,void,0,3,2,29,0,0
0026d850,16d850,A,72,17,prologue,4,void,0,4,2,3,1,0
0026d898,16d898,A,44,2,call,0,r0:r1,0,2,0,1,1,0
0026d8a0,16d8a0,A,28,7,prologue,4,r0,0,0,1,1,0,0
0026d8c4,16d8c4,A,8,2,call,2,void,0,4,0,3,1,0
0026d8cc,16d8cc,A,568,142,prologue,2,r0,0,0,2,21,0,0
0026db04,16db04,A,344,86,prologue,3,void,0,8,2,9,0,0
0026dc5c,16dc5c,A,560,133,prologue,1,r0,0,2,8,21,1,0
0026de8c,16de8c,A,116,24,prologue,4,r0,0,9,1,3,0,0
0026df00,16df00,A,28,6,call,1,r0,0,2,1,1,0,0
0026df1c,16df1c,A,44,10,prologue,1,r0,0,2,0,1,0,0
0026df48,16df48,A,404,1,call,0,r0,0,2,0,1,1,0
0026df4c,16df4c,A,416,99,prologue,2,r0,0,0,9,1,0,0
0026e0ec,16e0ec,A,36,9,prologue,1,r0:r1,0,1,1,1,0,0
0026e110,16e110,A,8,2,call,1,r0,0,2,0,1,1,0
0026e118,16e118,A,88,21,prologue,4,r0,0,0,5,1,0,0
0026e170,16e170,A,528,127,prologue,4,r0,0,3,8,3,4,0
0026e380,16e380,A,108,27,prologue,2,r0:r1,0,2,3,5,1,0
0026e3f8,16e3f8,A,116,27,prologue,4,r0,0,7,4,3,1,0
0026e46c,16e46c,A,12,3,call,2,r0,0,1,1,1,0,0
0026e478,16e478,A,64,16,prologue,3,r0,0,4,2,5,0,0
0026e4b8,16e4b8,A,8,2,call,4,r0:r1,0,5,1,1,0,0
0026e4c0,16e4c0,A,540,131,prologue,4,r0,0,3,8,5,4,0
0026e6dc,16e6dc,A,16,3,call,0,r0,0,2,0,1,0,0
0026e6ec,16e6ec,A,128,28,prologue,4,r0:r1,0,6,4,1,0,0
0026e788,16e788,A,116,24,prologue,4,r0,0,16,1,3,0,0
0026e7fc,16e7fc,A,96,24,prologue,2,r0,0,13,1,6,0,0
0026e8fc,16e8fc,A,4,1,call,1,r0,0,3,0,1,1,0
0026e900,16e900,A,392,97,prologue,4,r0,0,0,13,13,2,0
0026ea88,16ea88,A,976,211,prologue,4,r0,2,3,22,26,3,0
0026ee58,16ee58,A,4,1,call,1,r0,0,4,0,1,1,0
0026ee5c,16ee5c,A,188,46,prologue,4,r0,0,0,7,5,1,0
0026ef18,16ef18,A,524784,15,prologue,2,r0,0,4,1,2,0,0
0026ef3c,16ef3c,A,112,26,prologue,2,r0:r1,0,9,5,1,1,0
0026efb0,16efb0,A,656,146,prologue,4,r0:r1,2,9,11,14,3,0
0026f248,16f248,A,16,3,call,0,r0,0,3,0,1,0,0
0026f258,16f258,A,148,35,prologue,1,r0,0,2,5,3,1,0
0026f2ec,16f2ec,A,128,32,call,1,void,0,2,4,3,0,0
0026f37c,16f37c,A,140,35,prologue,4,r0:r1,0,4,6,5,1,0
0026f408,16f408,A,28,7,call,4,r0:r1,0,8,2,1,0,0
0026f424,16f424,A,252,56,prologue,1,void,0,2,4,5,1,0
0026f520,16f520,A,1284,252,prologue,3,void,0,2,17,15,4,0
0026fa24,16fa24,A,8,2,call,1,void,0,1,0,1,1,0
0026fa2c,16fa2c,A,60,15,call,2,r0:r1,0,6,0,3,0,0
0026fa68,16fa68,A,20,5,call,2,r0,0,5,0,1,1,0
0026fa7c,16fa7c,A,36,9,call,3,r0,0,34,0,1,0,0
0026faa0,16faa0,A,584,139,prologue,4,r0,1,4,10,24,0,0
0026fce8,16fce8,A,20,5,ptr,2,void,0,0,0,1,1,0
0026fcfc,16fcfc,A,64,16,call,4,r0,0,2,1,3,1,0
0026fd3c,16fd3c,A,208,52,prologue,2,void,0,6,2,6,2,0
0026fe10,16fe10,A,8,2,ptr,1,void,0,0,0,1,1,0
0026fe18,16fe18,A,52,13,call,1,void,0,8,0,5,0,0
0026ff00,16ff00,A,144,35,prologue,2,r0:r1,0,8,0,10,3,0
0026ff90,16ff90,A,520296,12,prologue,2,void,0,3,1,2,0,0
0026ffb4,16ffb4,A,48,11,prologue,0,void,0,3,0,3,1,0
002700f0,1700f0,A,360,87,prologue,1,r0:r1,0,9,4,11,0,0
00270258,170258,A,64,16,prologue,4,r0:r1,0,7,4,3,0,0
00270298,170298,A,1964,411,prologue,4,void,1,2,20,27,6,0
00270a58,170a58,A,180,43,prologue,4,r0:r1,0,2,7,3,1,0
00270b0c,170b0c,A,148,33,prologue,1,r0,0,2,4,1,0,0
00270ba0,170ba0,A,812,200,prologue,4,void,0,5,8,36,2,0
00270ed0,170ed0,A,72,18,prologue,2,r0:r1,0,3,4,3,0,0
00270f18,170f18,A,112,28,prologue,2,r0,0,3,3,6,0,0
00270f88,170f88,A,120,30,gapstart,4,r0,0,0,5,6,0,0
00271000,171000,A,12,3,call,1,r0,0,1,0,1,0,0
0027100c,17100c,A,4,1,call,1,r0,0,2,0,1,1,0
00271010,171010,A,128,32,prologue,4,r0,0,0,6,9,0,0
00271090,171090,A,8,2,call,1,r0,0,4,0,1,1,0
00271098,171098,A,368,88,prologue,4,r0,0,0,9,3,4,0
00271208,171208,A,4,1,call,1,r0,0,11,0,1,1,0
0027120c,17120c,A,180,45,prologue,4,r0,0,0,7,13,1,0
002712c0,1712c0,A,352,80,prologue,4,r0,0,6,7,9,1,0
00271428,171428,A,708,164,prologue,3,r0,0,3,19,9,1,0
002716f0,1716f0,A,896,210,prologue,3,r0,0,2,19,27,2,0
00271a70,171a70,A,8,2,call,1,r0,0,4,0,1,1,0
00271a78,171a78,A,376,90,prologue,4,r0,0,0,10,3,4,0
00271bf0,171bf0,A,556,128,prologue,3,r0,0,4,13,5,1,0
00271e1c,171e1c,A,8,4,call,1,void,0,1,0,2,0,0
00271e24,171e24,A,8,2,call,1,r0,0,6,0,1,1,0
00271e2c,171e2c,A,364,90,prologue,1,r0,0,0,15,13,0,0
00271f98,171f98,A,44,10,prologue,2,r0:r1,0,3,0,1,0,0
00271fc4,171fc4,A,384,91,prologue,1,r0,0,2,10,3,4,0
00272144,172144,A,204,50,prologue,4,r0,0,5,6,7,1,0
00272210,172210,A,116,27,prologue,4,void,0,3,4,6,0,0
00272284,172284,A,12,3,call,1,r0,0,1,0,1,0,0
00272290,172290,A,4,1,call,1,r0,0,2,0,1,1,0
00272294,172294,A,116,28,prologue,4,r0,0,0,6,1,0,0
00272308,172308,A,4,1,call,1,r0,0,7,0,1,1,0
0027230c,17230c,A,96,24,prologue,2,r0,0,0,9,1,0,0
0027236c,17236c,A,204,49,prologue,0,r0:r1,0,6,8,1,0,0
00272438,172438,A,8,2,call,1,r0:r1,0,3,0,1,1,0
00272440,172440,A,24,6,prologue,1,r0,0,0,0,1,0,0
00272458,172458,A,12,3,call,1,r0,0,1,0,1,0,0
00272464,172464,A,4,1,call,1,r0,0,2,0,1,1,0
00272468,172468,A,224,55,prologue,4,r0,0,0,8,7,1,0
00272548,172548,A,8,2,call,1,r0,0,2,0,1,1,0
00272550,172550,A,332,80,prologue,4,r0,0,0,10,12,2,0
0027269c,17269c,A,4,1,call,1,r0,0,20,0,1,1,0
002726a0,1726a0,A,244,57,prologue,4,r0,0,0,6,1,3,0
00272798,172798,A,3412,733,prologue,2,r0,0,19,39,78,8,0
002734ec,1734ec,A,16,4,prologue,2,r0,0,2,1,1,0,0
002734fc,1734fc,A,4,1,call,1,r0,0,3,0,1,1,0
00273500,173500,A,412,102,prologue,2,r0,0,0,11,15,3,0
0027369c,17369c,A,4,1,call,1,r0,0,3,0,1,1,0
002736a0,1736a0,A,216,53,prologue,4,r0,0,0,7,7,1,0
00273778,173778,A,8,2,call,1,r0,0,3,0,1,1,0
00273780,173780,A,196,48,prologue,4,r0,0,0,8,5,1,0
00273844,173844,A,208,50,prologue,1,r0,0,3,9,3,0,0
00273918,173918,A,628,132,prologue,2,r0,0,2,18,11,1,0
00273b8c,173b8c,A,116,24,prologue,4,r0,0,22,1,3,0,0
00273c00,173c00,A,548,118,prologue,4,r0,0,3,16,6,1,0
00273e24,173e24,A,972,237,prologue,4,r0,0,3,13,19,9,0
002741f0,1741f0,A,4,1,call,1,r0,0,3,0,1,1,0
002741f4,1741f4,A,68,17,prologue,4,r0,0,0,4,5,0,0
00274238,174238,A,28,6,call,1,r0:r1,0,6,1,1,0,0
00274254,174254,A,504,124,prologue,2,r0:r1,0,4,6,26,0,0
0027444c,17444c,A,156,39,prologue,2,void,0,3,1,3,0,0
002744e8,1744e8,A,116,24,prologue,4,r0,0,6,1,3,0,0
0027455c,17455c,A,36,9,prologue,4,r0:r1,0,6,1,3,0,0
00274580,174580,A,96,24,call,4,r0:r1,0,2,0,5,0,0
002745e0,1745e0,A,304,75,prologue,4,r0,0,13,3,17,0,0
00274710,174710,A,212,51,prologue,4,r0,0,3,3,11,0,0
002747e4,1747e4,T,2,1,call,4,void,0,95,0,1,1,0
002747e6,1747e6,T,58,24,prologue,4,void,3,0,2,5,1,0
00274820,174820,A,436,106,prologue,4,r0:r1,0,3,10,18,0,0
002749d4,1749d4,A,256,61,prologue,2,r0,0,6,4,11,0,0
00274ad4,174ad4,A,8,2,call,2,void,0,1,0,1,1,0
00274adc,174adc,A,212,51,prologue,4,r0:r1,0,2,3,11,0,0
00274bb0,174bb0,A,140,32,prologue,4,r0:r1,0,3,2,11,0,0
00274c3c,174c3c,A,224,55,prologue,4,r0:r1,1,1,7,9,0,0
00274d20,174d20,A,3116,721,prologue,4,r0,1,1,34,65,5,0
00275964,175964,A,144,36,prologue,1,void,0,1,2,3,0,0
002759f4,1759f4,A,100,25,prologue,2,void,0,3,1,5,0,0
00275a58,175a58,A,264,59,prologue,1,void,0,2,5,7,1,0
00275b60,175b60,A,372,82,prologue,3,r0:r1,0,1,6,3,0,0
00275cfc,175cfc,A,16,3,call,1,r0:r1,0,4,0,1,0,0
00275d0c,175d0c,A,88,22,prologue,1,r0:r1,0,4,4,5,0,0
00275d64,175d64,A,80,19,prologue,0,r0:r1,0,3,4,1,0,0
00275db4,175db4,A,16,3,call,2,r0:r1,0,7,0,1,0,0
00275dc4,175dc4,A,16,3,call,2,r0:r1,0,2,0,1,0,0
00275dd4,175dd4,A,168,42,prologue,1,void,0,4,5,1,0,0
00275e7c,175e7c,A,220,55,prologue,1,void,0,6,2,9,0,0
00275f58,175f58,A,208,52,prologue,2,r0,0,4,3,9,0,0
00276028,176028,A,180,38,prologue,1,void,0,2,3,3,1,0
002760dc,1760dc,A,100,23,prologue,0,r0,0,5,2,1,0,0
00276140,176140,A,12,3,call,2,void,0,9,0,1,0,0
0027614c,17614c,A,12,3,call,1,r0,0,5,0,1,1,0
00276158,176158,A,72,17,prologue,2,r0:r1,0,6,1,6,0,0
002761a0,1761a0,A,24,6,call,1,r0,0,5,0,1,0,0
002761b8,1761b8,A,200,50,prologue,4,r0,0,2,3,11,2,0
00276280,176280,A,16,4,call,1,r0,0,3,0,1,0,0
00276290,176290,A,4,1,call,1,r0,0,3,0,1,1,0
00276294,176294,A,20,5,prologue,4,r0,0,0,2,1,0,0
002762a8,1762a8,A,116,24,prologue,4,r0,0,14,1,3,0,0
002763b0,1763b0,A,140,33,ptr,4,r0,0,4,6,5,1,0
0027643c,17643c,A,144,35,prologue,3,void,0,4,4,3,0,0
002764cc,1764cc,A,48,12,prologue,4,r0:r1,0,3,2,1,0,0
002764fc,1764fc,A,12,3,call,1,void,0,2,0,1,1,0
00276508,176508,A,12,3,call,1,r0:r1,0,2,0,1,1,0
00276514,176514,A,12,3,call,1,void,0,2,0,1,1,0
00276520,176520,A,128,30,prologue,1,r0,0,3,2,4,0,0
002765a0,1765a0,A,12,3,call,1,r0,0,1,1,1,0,0
002765b0,1765b0,A,428,104,prologue,3,r0:r1,0,3,11,18,1,0
00276784,176784,A,495080,34,prologue,4,void,0,3,4,5,0,0
00276814,176814,A,16,3,call,2,r0:r1,0,8,0,1,0,0
00276824,176824,A,12,3,call,1,r0:r1,0,3,0,1,1,0
00276830,176830,A,4,1,call,1,void,0,2,0,1,1,0
00276834,176834,A,192,44,prologue,2,r0:r1,0,2,6,5,0,0
002768f4,1768f4,A,108,27,prologue,1,r0,0,4,0,3,0,0
00276964,176964,A,40,10,call,4,r0:r1,0,12,1,1,0,0
00276994,176994,A,96,24,prologue,3,r0:r1,0,4,2,5,0,0
002769f4,1769f4,A,68,17,prologue,4,r0:r1,0,11,1,5,0,0
00276a38,176a38,A,28,7,call,1,r0,0,7,0,1,0,0
00276a54,176a54,A,248,60,prologue,1,void,0,2,2,3,0,0
00276b4c,176b4c,A,48,1,call,0,r0:r1,0,13,0,1,1,0
00276b50,176b50,A,40,10,prologue,4,r0,0,0,0,1,0,0
00276b7c,176b7c,A,28,6,prologue,4,r0:r1,0,6,2,1,0,0
00276b98,176b98,A,72,18,prologue,2,r0,0,4,1,3,0,0
00276be0,176be0,A,116,24,prologue,4,r0,0,8,1,3,0,0
00276c58,176c58,A,208,46,prologue,4,r0:r1,0,8,6,1,0,0
00276d50,176d50,A,8,4,call,2,r0:r1,0,4,0,2,0,0
00276d58,176d58,A,4,1,call,2,r0:r1,0,3,1,1,0,0
00276d5c,176d5c,A,12,3,call,1,r0,0,2,0,1,1,0
00276d68,176d68,A,8,2,call,1,r0,0,1,0,1,1,0
00276d70,176d70,A,144,36,call,2,r0,0,8,0,1,0,0
00276e04,176e04,A,44,11,call,4,r0:r1,0,3,1,1,0,0
00276ee4,176ee4,A,36,9,ptr,2,void,0,0,0,1,1,0
00276f08,176f08,A,90444,26,call,2,void,0,3,1,6,0,0
00276f68,176f68,A,116,24,prologue,4,r0,0,6,1,3,0,0
00276fdc,176fdc,A,8,2,call,2,r0,0,4,1,1,0,0
00276fe4,176fe4,A,116,24,prologue,4,r0,0,10,1,3,0,0
00277058,177058,A,36,9,call,2,r0:r1,0,4,0,1,0,0
0027707c,17707c,A,20,5,call,1,r0,0,7,0,1,0,0
00277090,177090,A,284,68,prologue,2,void,0,3,6,10,1,0
002771ac,1771ac,A,284,68,prologue,2,void,0,3,6,10,1,0
002772c8,1772c8,A,160,40,call,1,void,0,3,0,10,0,0
00277368,177368,A,4,1,call,1,r0,0,2,0,1,1,0
0027736c,17736c,A,36,9,prologue,1,void,0,0,2,1,1,0
00277390,177390,A,478008,27,call,1,r0,0,4,1,6,2,0
002773f4,1773f4,A,478672,2,call,1,r0,0,5,0,2,0,0
002773f8,1773f8,A,856,208,prologue,4,void,1,6,9,34,6,0
00277750,177750,A,864,211,prologue,4,void,1,4,10,34,7,0
00277ab0,177ab0,A,68,17,prologue,3,void,0,4,1,3,0,0
00277af4,177af4,A,12,3,call,2,void,0,3,0,1,0,0
00277b00,177b00,A,380,92,prologue,3,void,0,4,5,12,1,0
00277c7c,177c7c,A,20,5,prologue,1,r0,0,5,1,1,0,0
00277c90,177c90,A,20,5,prologue,1,r0,0,3,1,1,0,0
00277ca4,177ca4,A,60,14,prologue,1,r0,0,5,1,1,0,0
00277ce0,177ce0,A,8,2,call,1,r0,0,2,0,1,1,0
00277ce8,177ce8,A,116,29,call,1,r0:r1,0,5,0,9,0,0
00277d9c,177d9c,A,12,3,call,2,void,0,3,0,1,0,0
00277da8,177da8,A,48,12,call,1,void,0,8,0,3,1,0
00277ddc,177ddc,A,512,128,prologue,4,void,0,2,3,26,0,0
00277fdc,177fdc,A,296,70,prologue,1,r0,0,3,8,3,0,0
00278104,178104,A,312,74,prologue,4,r0:r1,0,2,7,1,0,0
00278240,178240,A,380,87,prologue,1,r0,0,6,3,1,0,0
002783c0,1783c0,A,160,40,prologue,4,r0:r1,0,8,0,11,1,0
00278460,178460,A,160,40,prologue,4,r0:r1,0,7,0,11,1,0
00278500,178500,A,308,77,prologue,1,r0,0,3,3,8,0,0
00278634,178634,A,24,2,call,1,void,0,4,0,1,1,0
0027863c,17863c,A,12,3,prologue,2,r0,0,0,1,1,0,0
0027864c,17864c,A,20,4,call,2,r0:r1,0,4,0,1,0,0
00278660,178660,A,48,12,call,2,void,0,2,0,3,0,0
00278690,178690,A,104,24,prologue,2,r0:r1,0,4,1,5,0,0
002787e4,1787e4,A,244,57,ptr,2,r0,0,0,6,1,3,0
002788d8,1788d8,A,188,39,prologue,1,void,0,2,2,3,1,0
002789a0,1789a0,A,116,24,prologue,4,r0,0,8,1,3,0,0
00278a14,178a14,A,548,1,call,0,r0,0,2,0,1,1,0
00278a18,178a18,A,560,135,prologue,4,r0,0,0,8,5,4,0
00278c48,178c48,A,16,3,call,2,r0:r1,0,4,1,1,0,0
00278c58,178c58,A,12,3,call,1,r0:r1,0,2,0,1,1,0
00278c64,178c64,A,82928,3,call,2,void,0,2,0,2,0,0
00278c68,178c68,A,12,3,call,1,void,0,1,0,1,1,0
00278c74,178c74,A,116,24,prologue,4,r0,0,14,1,3,0,0
00278ce8,178ce8,A,8,2,call,1,r0,0,3,0,1,1,0
00278cf0,178cf0,A,340,83,prologue,4,r0,0,0,8,13,3,0
00278e44,178e44,A,8,2,call,1,r0,0,4,0,1,1,0
00278e4c,178e4c,A,600,144,prologue,4,r0,0,0,13,16,5,0
002790a4,1790a4,A,8,2,call,1,r0,0,4,0,1,1,0
002790ac,1790ac,A,412,99,prologue,4,r0,0,0,9,11,5,0
00279248,179248,A,256,57,prologue,1,r0,0,2,5,8,2,0
00279350,179350,A,116,24,prologue,4,r0,0,6,1,3,0,0
002793c4,1793c4,A,416,101,prologue,4,r0,0,4,7,5,4,0
00279568,179568,A,300,63,prologue,1,void,0,3,3,5,3,0
00279694,179694,A,16,3,call,0,r0,0,4,0,1,0,0
002796a4,1796a4,A,396,99,prologue,2,r0:r1,0,1,2,14,0,0
00279830,179830,A,384,96,prologue,2,void,0,1,2,11,0,0
002799b0,1799b0,A,168,41,prologue,4,r0,0,2,4,5,1,0
00279a58,179a58,A,1936,434,prologue,4,r0:r1,4,1,17,43,2,0
0027a204,17a204,A,72,18,prologue,2,r0:r1,0,5,1,3,0,0
0027a24c,17a24c,A,148,35,prologue,2,r0:r1,0,4,5,4,1,0
0027a2e0,17a2e0,A,736,173,prologue,4,r0:r1,2,4,12,13,3,0
0027a5f0,17a5f0,T,38,19,prologue,3,r0:r1,0,7,0,6,0,0
0027a618,17a618,A,24,6,call,3,r0:r1,0,3,1,1,0,0
0027a630,17a630,A,20,5,call,4,r0:r1,0,4,1,1,0,0
0027a644,17a644,A,172,41,prologue,1,r0,0,3,5,3,1,0
0027a6f0,17a6f0,A,8,2,call,1,r0,0,5,0,1,1,0
0027a6f8,17a6f8,A,420,100,prologue,4,r0,0,0,11,13,0,0
0027a89c,17a89c,A,116,24,prologue,4,r0,0,14,1,3,0,0
0027a910,17a910,A,24,6,call,3,r0:r1,0,8,1,1,0,0
0027a928,17a928,A,72,18,call,2,void,0,3,2,1,0,0
0027a970,17a970,A,116,24,prologue,4,r0,0,12,1,3,0,0
0027a9e4,17a9e4,A,8,2,call,1,r0,0,3,0,1,1,0
0027a9ec,17a9ec,A,84,20,prologue,4,r0,0,0,5,1,0,0
0027aab8,17aab8,A,144,34,prologue,4,r0,0,4,6,5,1,0
0027ab48,17ab48,A,116,24,prologue,4,r0,0,5,1,3,0,0
0027abbc,17abbc,A,52,13,prologue,2,void,0,2,1,3,0,0
0027abf0,17abf0,A,308,76,prologue,3,void,0,1,9,3,0,0
0027ad60,17ad60,A,284,71,prologue,1,r0:r1,0,8,4,8,0,0
0027ae7c,17ae7c,A,152,38,prologue,2,r0,0,3,1,1,0,0
0027af18,17af18,A,148,31,prologue,4,r0,0,3,4,1,0,0
0027afb8,17afb8,A,124,31,prologue,2,void,0,3,5,5,0,0
0027b034,17b034,A,384,96,prologue,2,void,0,4,2,11,0,0
0027b1b4,17b1b4,A,272,66,prologue,1,r0,0,3,4,10,0,0
0027b2c8,17b2c8,A,136,34,ptr,2,r0,0,0,2,10,2,0
0027b350,17b350,A,96,24,call,2,void,0,5,1,3,1,0
0027b3b0,17b3b0,A,116,24,prologue,4,r0,0,11,1,3,0,0
0027b424,17b424,A,96,23,call,2,void,0,1,0,3,0,0
0027b484,17b484,A,108,27,prologue,3,r0:r1,0,6,3,5,0,0
0027b4f0,17b4f0,A,200,43,prologue,1,void,0,3,4,3,1,0
0027b5b8,17b5b8,A,100,24,prologue,1,r0,0,4,4,1,0,0
0027b61c,17b61c,A,72,17,prologue,4,void,0,2,2,3,1,0
0027b664,17b664,A,28,6,call,1,r0,0,10,0,1,0,0
0027b680,17b680,A,164,36,prologue,2,void,0,7,2,3,1,0
0027b724,17b724,A,192,44,prologue,2,r0:r1,0,9,0,11,0,0
0027b7e4,17b7e4,A,56,14,prologue,2,r0:r1,0,4,0,3,0,0
0027b81c,17b81c,A,28,7,prologue,2,r0:r1,0,5,0,1,0,0
0027b838,17b838,A,16,4,prologue,2,r0:r1,0,4,0,1,0,0
0027b848,17b848,A,4,1,call,1,r0,0,4,0,1,1,0
0027b84c,17b84c,A,160,38,prologue,4,r0,0,0,5,10,0,0
0027b8f0,17b8f0,A,584,135,prologue,4,r0,0,2,10,20,2,0
0027bb38,17bb38,A,116,24,prologue,4,r0,0,10,1,3,0,0
0027bbac,17bbac,A,16,3,call,1,void,0,3,0,1,0,0
0027bbbc,17bbbc,A,16,3,call,1,void,0,2,0,1,0,0
0027bbcc,17bbcc,A,8,2,call,1,r0,0,4,0,1,1,0
0027bbd4,17bbd4,A,268,66,prologue,4,r0,0,0,10,13,1,0
0027bce0,17bce0,A,1076,256,prologue,4,r0,4,3,26,33,3,0
0027c114,17c114,A,184,45,prologue,1,r0:r1,0,5,7,3,0,0
0027c1cc,17c1cc,A,364,91,prologue,2,r0,0,4,1,21,0,0
0027c338,17c338,A,68,17,prologue,1,r0:r1,0,3,3,4,0,0
0027c37c,17c37c,A,24,5,call,2,r0:r1,0,5,0,1,0,0
0027c394,17c394,A,20,4,call,2,r0:r1,0,5,0,1,0,0
0027c3a8,17c3a8,A,180,40,prologue,1,r0,0,3,4,6,1,0
0027c45c,17c45c,A,32,8,prologue,2,r0:r1,0,6,0,1,0,0
0027c47c,17c47c,A,432,104,prologue,4,r0,0,9,9,11,5,0
0027c790,17c790,A,340,56,ptr,0,r0,6,0,8,9,2,0
0027c8e4,17c8e4,A,12,3,call,1,r0,0,3,0,1,0,0
0027c8f0,17c8f0,A,40,9,prologue,2,r0:r1,0,6,0,1,0,0
0027c918,17c918,A,4,1,call,1,r0,0,13,0,1,1,0
0027c91c,17c91c,A,88,22,prologue,4,r0,0,0,6,5,0,0
0027c978,17c978,A,436,101,prologue,4,r0,1,6,10,11,4,0
0027cb2c,17cb2c,A,16,3,call,1,void,0,3,0,1,0,0
0027cb3c,17cb3c,A,116,24,prologue,4,r0,0,26,1,3,0,0
0027cbb0,17cbb0,A,8,2,call,1,r0,0,6,0,1,1,0
0027cbb8,17cbb8,A,248,61,prologue,4,r0,0,0,11,3,0,0
0027ccb0,17ccb0,A,2000,409,prologue,3,r0,0,4,35,16,5,0
0027d480,17d480,A,240,55,prologue,4,r0,0,7,7,11,1,0
0027d570,17d570,A,12,3,call,2,r0:r1,0,3,0,1,0,0
0027d57c,17d57c,A,44,10,prologue,2,r0:r1,0,3,0,1,0,0
0027d5a8,17d5a8,A,116,24,prologue,4,r0,0,7,1,3,0,0
0027d61c,17d61c,A,76,1,call,0,r0:r1,0,4,0,1,1,0
0027d620,17d620,A,68,17,prologue,2,r0,0,0,2,1,0,0
0027d668,17d668,A,36,9,prologue,2,r0:r1,0,4,2,3,0,0
0027d68c,17d68c,A,116,24,prologue,4,r0,0,8,1,3,0,0
0027d700,17d700,A,200,50,prologue,4,r0,0,2,3,11,2,0
0027d7c8,17d7c8,A,140,33,prologue,1,r0:r1,0,3,2,6,0,0
0027d854,17d854,A,4,1,call,1,r0,0,3,0,1,1,0
0027d858,17d858,A,44,11,prologue,1,r0,0,0,2,1,0,0
0027d884,17d884,A,128,31,prologue,4,r0,0,4,4,5,0,0
0027d908,17d908,A,544,123,prologue,4,void,7,3,5,10,1,0
0027db30,17db30,A,116,24,prologue,4,r0,0,10,1,3,0,0
0027dba4,17dba4,A,144,34,prologue,1,r0,0,4,5,3,1,0
0027dc38,17dc38,A,228,57,prologue,3,r0,0,3,7,6,0,0
0027dd68,17dd68,A,72,16,prologue,1,r0,0,3,3,1,0,0
0027ddb0,17ddb0,A,4,1,call,1,r0,0,6,0,1,1,0
0027ddb4,17ddb4,A,20,5,prologue,4,r0,0,0,2,1,0,0
0027ddc8,17ddc8,A,4,1,call,1,r0,0,2,0,1,1,0
0027ddcc,17ddcc,A,52,13,prologue,4,void,0,0,3,1,1,0
0027de00,17de00,A,100,25,call,1,r0,0,9,3,5,0,0
0027de64,17de64,A,80,20,prologue,1,r0:r1,0,18,3,4,0,0
0027deb4,17deb4,A,108,27,prologue,2,void,0,16,3,5,0,0
0027df20,17df20,A,20,5,call,1,r0,0,12,0,1,0,0
0027df34,17df34,A,224,55,prologue,2,r0:r1,0,3,10,3,0,0
0027e014,17e014,A,196,46,prologue,1,r0,0,3,7,1,0,0
0027e0d8,17e0d8,A,72,16,prologue,1,r0,0,4,3,1,0,0
0027e120,17e120,A,4,1,call,1,r0,0,9,0,1,1,0
0027e124,17e124,A,176,44,prologue,4,r0,0,0,3,11,2,0
0027e1d4,17e1d4,A,72,18,prologue,2,r0,0,2,6,3,0,0
0027e220,17e220,A,180,38,prologue,1,void,0,3,2,3,1,0
0027e2e0,17e2e0,A,44,13,prologue,2,r0:r1,0,6,0,4,0,0
0027e310,17e310,A,284,64,prologue,2,void,0,4,14,3,0,0
0027e448,17e448,A,116,24,prologue,4,r0,0,6,1,3,0,0
0027e4bc,17e4bc,A,104,24,prologue,4,void,0,3,1,5,1,0
0027e524,17e524,A,248,61,prologue,1,r0,0,3,7,5,1,0
0027e61c,17e61c,A,216,54,prologue,4,r0:r1,0,17,4,6,2,0
0027e6f4,17e6f4,A,24,6,call,1,void,0,6,0,1,0,0
0027e710,17e710,A,384,96,prologue,2,void,0,4,2,11,0,0
0027e890,17e890,A,476,107,prologue,4,r0,2,5,7,8,2,0
0027ea6c,17ea6c,A,144,36,prologue,1,r0:r1,0,13,2,4,1,0
0027eafc,17eafc,A,108,27,prologue,3,r0:r1,0,6,3,5,0,0
0027eb68,17eb68,A,196,42,prologue,1,void,0,3,4,3,1,0
0027ec2c,17ec2c,A,188,47,ptr,2,r0,0,0,4,13,1,0
0027ece8,17ece8,A,52,13,call,4,r0:r1,0,73,3,1,0,0
0027ed1c,17ed1c,A,12,3,call,1,r0:r1,0,8,0,1,1,0
0027ed28,17ed28,A,228,55,prologue,3,r0:r1,1,18,3,6,2,0
0027ee0c,17ee0c,A,44,2,call,0,r0:r1,0,7,0,1,1,0
0027ee14,17ee14,A,28,7,prologue,4,r0,0,0,1,1,0,0
0027ee38,17ee38,A,484,118,prologue,4,r0,0,4,9,5,4,0
00280000,180000,A,716,138,ptr,1,r0,83,0,14,8,2,0
002802cc,1802cc,A,48,14,call,2,r0:r1,0,2,1,4,0,0
00280300,180300,A,192,41,call,1,r0,0,2,3,3,2,0
002803c0,1803c0,A,32,8,prologue,2,r0:r1,0,2,0,1,0,0
002803e0,1803e0,A,116,24,prologue,4,r0,0,9,1,3,0,0
00280454,180454,A,180,43,prologue,4,void,0,2,1,5,1,0
00280508,180508,A,364,88,prologue,4,r0,0,4,7,5,4,0
00280674,180674,A,4,1,call,1,r0,0,3,0,1,1,0
00280678,180678,A,704,170,prologue,1,r0,0,0,7,18,3,0
00280938,180938,A,256,57,prologue,1,r0,0,2,5,8,2,0
00280a40,180a40,A,116,24,prologue,4,r0,0,9,1,3,0,0
00280ab4,180ab4,A,72,17,prologue,4,void,0,3,2,3,1,0
00280afc,180afc,A,16,3,call,2,r0:r1,0,3,0,1,0,0
00280b0c,180b0c,A,116,24,prologue,4,r0,0,6,1,3,0,0
00280b80,180b80,A,272,68,prologue,4,r0,0,5,6,17,2,0
00280c94,180c94,A,116,28,prologue,4,r0:r1,0,33,2,5,0,0
00280d08,180d08,A,4,1,call,1,void,0,5,0,1,1,0
00280d0c,180d0c,A,24,5,call,0,void,0,2,0,1,0,0
00280d2c,180d2c,A,184,45,tail,1,void,0,2,3,3,0,0
00280de8,180de8,A,164,35,prologue,2,void,0,2,4,1,1,0
00280e90,180e90,A,52,13,prologue,1,r0,0,4,1,1,0,0
00280ed0,180ed0,A,652,148,prologue,4,void,0,2,10,16,2,0
0028116c,18116c,A,20,5,call,2,r0,0,4,0,1,0,0
00281180,181180,A,20,5,call,2,r0,0,3,0,1,0,0
00281194,181194,A,116,24,prologue,4,r0,0,8,1,3,0,0
00281208,181208,A,4,1,call,1,r0,0,4,0,1,1,0
0028120c,18120c,A,48,12,prologue,1,r0,0,0,3,1,0,0
0028123c,18123c,A,4,1,call,1,r0,0,4,0,1,1,0
00281240,181240,A,64,15,prologue,4,r0,0,0,4,1,0,0
00281280,181280,A,4,1,call,1,r0,0,4,0,1,1,0
00281284,181284,A,84,21,prologue,1,r0,0,0,3,1,0,0
002812d8,1812d8,A,4,1,call,4,r0,0,4,1,1,0,0
002812dc,1812dc,A,60,15,prologue,1,r0:r1,0,19,0,3,0,0
00281318,181318,A,104,25,prologue,4,r0,0,4,7,1,0,0
00281380,181380,A,248,61,prologue,4,r0:r1,0,3,8,11,0,0
00281478,181478,A,48,12,prologue,1,r0:r1,0,7,3,1,0,0
002814a8,1814a8,A,84,21,prologue,4,r0:r1,0,5,4,5,0,0
002814fc,1814fc,A,12,3,call,1,r0,0,3,0,1,1,0
00281508,181508,A,20,5,call,2,r0:r1,0,9,0,1,0,0
0028151c,18151c,A,96,22,prologue,4,void,0,5,1,5,1,0
0028157c,18157c,A,12,3,call,1,void,0,3,0,1,0,0
00281588,181588,A,120,30,prologue,1,r0:r1,0,5,0,1,2,0
00281600,181600,A,116,24,prologue,4,r0,0,8,1,3,0,0
00281674,181674,A,376,89,prologue,3,void,0,26,6,4,0,0
00281818,181818,A,92,22,prologue,4,r0:r1,0,2,7,1,0,0
00281874,181874,A,20,5,call,2,void,0,8,0,1,0,0
00281888,181888,A,56,13,call,2,r0,0,3,0,1,0,0
002818c0,1818c0,A,12,3,call,1,void,0,1,0,1,1,0
002818cc,1818cc,A,116,27,prologue,4,void,0,2,4,3,1,0
00281940,181940,A,116,24,prologue,4,r0,0,7,1,3,0,0
00281a18,181a18,A,16,4,call,2,void,0,5,0,1,0,0
00281a28,181a28,A,136,34,prologue,2,void,0,4,1,7,0,0
00281ab0,181ab0,A,148,37,prologue,4,void,1,6,2,3,0,0
00281b44,181b44,A,64,16,prologue,3,r0,0,1,1,3,0,0
00281bbc,181bbc,A,604,147,prologue,4,r0,0,9,7,5,3,0
00281e18,181e18,A,52,12,call,2,r0,0,4,0,1,0,0
00281e50,181e50,A,112,26,call,3,r0,0,3,0,4,0,0
00281ec0,181ec0,A,20,5,call,1,r0:r1,0,4,0,1,0,0
00281ed4,181ed4,A,72,17,prologue,4,void,0,2,2,3,1,0
00281f1c,181f1c,A,272,66,prologue,1,r0,0,3,4,1,0,0
0028202c,18202c,A,100,25,prologue,4,void,0,11,1,5,0,0
00282090,182090,A,512,128,prologue,2,r0:r1,0,11,4,17,0,0
00282298,182298,A,532,115,prologue,4,r0:r1,0,12,5,10,4,0
002824b8,1824b8,A,8,2,ptr,1,void,0,0,0,1,1,0
002824c0,1824c0,A,112,28,call,2,r0,0,2,2,5,0,0
00282530,182530,A,344,69,prologue,4,r0:r1,1,3,7,3,0,0
00282688,182688,A,8,2,call,2,r0,0,4,1,1,0,0
00282690,182690,A,116,24,prologue,4,r0,0,7,1,3,0,0
00282704,182704,A,236,59,prologue,1,r0,0,3,5,13,2,0
002827f0,1827f0,A,1048,255,prologue,4,r0,0,3,14,20,9,0
00282c0c,182c0c,A,164,40,prologue,2,r0:r1,0,11,2,6,1,0
00282cb0,182cb0,A,48,11,call,1,r0:r1,0,18,0,1,0,0
00282ce0,182ce0,A,836,209,prologue,1,void,0,2,7,35,5,0
00283024,183024,A,252,61,prologue,1,r0,0,3,2,11,4,0
00283120,183120,A,120,30,prologue,1,void,0,4,1,7,1,0
00283198,183198,A,232,57,prologue,1,void,0,3,1,11,4,0
00283280,183280,A,96,23,prologue,0,void,0,5,1,4,3,0
002832e0,1832e0,A,4,1,ptr,1,void,0,0,0,1,1,0
002832e4,1832e4,A,424,104,call,4,r0:r1,0,4,18,15,2,0
0028348c,18348c,A,20,5,call,1,r0,0,2,0,1,0,0
002834a0,1834a0,A,116,24,prologue,4,r0,0,6,1,3,0,0
00283514,183514,A,44,11,call,2,r0,0,1,0,4,0,0
00283540,183540,A,12,3,call,3,r0,0,2,0,1,0,0
0028354c,18354c,A,148,35,prologue,1,r0,0,3,2,5,3,0
002835e0,1835e0,A,116,29,prologue,4,r0:r1,0,4,2,8,0,0
00283654,183654,A,28,1,call,0,r0,0,9,0,1,1,0
00283658,183658,A,20,5,prologue,4,r0,0,0,1,1,0,0
00283670,183670,A,12,3,call,1,r0,0,3,0,1,0,0
0028367c,18367c,A,252,63,prologue,4,r0:r1,3,12,9,8,1,0
00283784,183784,A,184,43,prologue,1,r0,0,12,7,1,0,0
0028383c,18383c,A,84,1,call,0,r0,0,9,0,1,1,0
00283840,183840,A,88,19,prologue,2,r0,0,0,3,1,0,0
002838a4,1838a4,A,12,3,call,2,void,0,2,0,1,0,0
002838b0,1838b0,A,16,3,call,0,r0,0,1,0,1,0,0
002838c0,1838c0,A,860,213,prologue,4,r0,1,1,12,31,0,0
00283c20,183c20,A,664,164,prologue,4,r0,0,1,9,25,0,0
00283eb8,183eb8,A,144,35,prologue,4,r0:r1,0,1,5,4,0,0
00283f48,183f48,A,16,4,call,3,r0,0,1,0,3,1,0
00283f58,183f58,A,660,165,prologue,3,r0,0,0,9,27,0,0
002841ec,1841ec,A,296,73,prologue,2,r0:r1,0,1,9,9,0,0
00284314,184314,A,56,12,prologue,2,r0,0,1,1,3,0,0
0028434c,18434c,A,132,33,prologue,2,r0:r1,0,3,4,5,0,0
002843d0,1843d0,A,352,84,prologue,1,r0:r1,0,9,1,20,1,0
00284530,184530,A,2976,679,prologue,4,r0:r1,4,2,15,120,14,0
002850d0,1850d0,A,8,2,call,3,void,0,2,0,3,1,0
002850d8,1850d8,A,664,166,prologue,4,r0,0,0,2,32,0,0
00285370,185370,A,60,15,prologue,4,void,0,2,2,3,0,0
002853ac,1853ac,T,36,17,prologue,3,r0:r1,0,7,1,4,0,0
002853d0,1853d0,T,18,9,call,1,void,0,7,0,4,0,0
002853e4,1853e4,A,24,6,prologue,4,r0:r1,0,2,1,1,1,0
002853fc,1853fc,A,56,14,call,1,r0:r1,0,46,0,3,1,0
00285434,185434,A,16,4,call,1,r0,0,12,0,1,0,0
00285444,185444,A,116,28,call,0,r0:r1,0,3,2,5,0,0
002854b8,1854b8,A,160,38,prologue,4,r0:r1,0,4,2,4,0,0
00285558,185558,A,304,73,prologue,2,r0:r1,0,2,8,9,0,0
00285688,185688,A,700,167,prologue,2,r0:r1,0,2,9,35,0,0
00285944,185944,A,156,38,prologue,4,r0:r1,0,2,3,7,1,0
002859e0,1859e0,A,240,56,prologue,2,r0:r1,0,2,5,13,0,0
00285ad0,185ad0,A,164,41,prologue,2,r0:r1,0,3,7,8,0,0
00285b74,185b74,A,96,24,prologue,2,r0:r1,0,5,5,5,0,0
00285bd4,185bd4,A,36,8,call,1,void,0,5,0,1,0,0
00285bf8,185bf8,A,216,51,prologue,4,r0:r1,0,3,7,5,1,0
00285cd0,185cd0,A,108,24,prologue,1,r0,0,2,4,1,0,0
00285d3c,185d3c,A,156,39,prologue,2,void,0,4,4,1,0,0
00285dd8,185dd8,A,24,6,call,3,void,0,1,0,1,1,0
00285df0,185df0,A,204,50,prologue,2,r0:r1,0,23,3,10,0,0
00285ebc,185ebc,A,812,200,prologue,4,void,0,3,8,36,2,0
002861ec,1861ec,A,4,1,call,1,r0,0,2,0,1,1,0
002861f0,1861f0,A,472,114,ptr,1,r0,0,9,1,31,0,0
002863c8,1863c8,A,4,1,call,1,r0,0,10,0,1,1,0
002863cc,1863cc,A,288,72,prologue,4,r0,0,0,4,11,2,0
002864f0,1864f0,A,300,67,prologue,4,void,0,3,6,1,0,0
00286650,186650,A,260,58,prologue,4,r0:r1,0,22,5,3,1,0
00286754,186754,A,296,69,prologue,2,void,0,5,5,4,0,0
0028689c,18689c,A,76,17,prologue,1,r0,0,29,3,1,0,0
002868ec,1868ec,A,24,6,call,2,r0,0,3,1,1,0,0
00286904,186904,A,64,16,call,1,r0,0,31,2,1,0,0
00286948,186948,A,200,50,prologue,4,r0,0,2,3,11,2,0
00286a10,186a10,A,88,20,prologue,2,r0:r1,0,40,4,1,1,0
00286ad0,186ad0,A,524,114,prologue,4,r0:r1,0,33,5,10,4,0
00286ce8,186ce8,A,104,26,call,1,r0,0,11,2,1,0,0
00286d64,186d64,A,464,101,prologue,3,r0:r1,0,39,8,8,3,0
00286f34,186f34,A,32,8,call,2,r0,0,22,0,1,0,0
00286f54,186f54,A,136,32,prologue,2,r0:r1,0,51,4,4,1,0
002870b0,1870b0,A,180,43,prologue,2,r0:r1,0,37,6,6,1,0
00287164,187164,A,188,46,prologue,2,void,0,3,7,3,0,0
0028724c,18724c,A,224,46,prologue,2,void,0,3,7,3,0,0
00287330,187330,A,600,142,prologue,4,void,6,7,6,20,1,0
002875bc,1875bc,A,4,1,call,1,r0:r1,0,9,1,1,0,0
002875c0,1875c0,A,36,9,call,2,r0:r1,0,8,0,1,0,0
002875e4,1875e4,A,256,57,prologue,1,void,0,3,4,5,1,0
002876e4,1876e4,A,12,3,ptr,1,void,0,0,0,1,1,0
002876f0,1876f0,A,36,9,call,2,r0:r1,0,82,1,1,0,0
00287714,187714,A,52,13,prologue,4,r0:r1,0,40,3,1,0,0
00287748,187748,A,24,6,call,1,r0,0,28,0,1,0,0
00287760,187760,A,4,1,call,1,r0,0,3,0,1,1,0
00287764,187764,A,20,5,prologue,4,r0,0,0,2,1,0,0
00287778,187778,A,172,37,prologue,3,r0,0,1,4,6,0,0
00287824,187824,A,8,2,call,1,r0:r1,0,12,0,1,1,0
0028782c,18782c,A,40,10,call,2,r0:r1,0,34,0,1,0,0
00287858,187858,A,1808,387,prologue,4,r0,1,2,26,25,4,0
00287f68,187f68,A,8,4,call,2,r0:r1,0,1,0,2,0,0
00287f70,187f70,A,356,86,prologue,4,r0,0,7,8,5,3,0
002880d4,1880d4,A,48,12,prologue,2,r0:r1,0,4,0,4,0,0
00288104,188104,A,116,24,prologue,4,r0,0,6,1,3,0,0
00288178,188178,A,8,2,call,1,r0,0,7,0,1,1,0
00288180,188180,A,436,105,prologue,4,r0,0,0,10,11,5,0
002887e4,1887e4,A,1904,384,ptr,3,r0,67,0,19,24,5,0
00288f54,188f54,A,296,70,prologue,1,r0,0,7,7,1,3,0
0028907c,18907c,A,52,13,prologue,1,r0:r1,0,4,0,4,0,0
002890b0,1890b0,A,80,19,prologue,2,r0:r1,0,5,4,3,0,0
00289100,189100,A,92,20,prologue,1,r0,0,6,4,1,0,0
0028915c,18915c,A,164,41,prologue,4,void,0,6,6,3,0,0
00289200,189200,A,12,3,call,3,r0:r1,0,5,0,1,0,0
0028920c,18920c,A,76,19,prologue,4,r0,0,3,2,3,0,0
00289258,189258,A,40,9,prologue,2,r0,0,2,2,1,0,0
00289280,189280,A,36,8,prologue,2,r0:r1,0,3,2,1,0,0
002892a4,1892a4,A,72,18,prologue,4,r0:r1,0,52,4,3,0,0
002892ec,1892ec,A,12,3,call,1,r0,0,2,0,1,0,0
002892f8,1892f8,A,116,24,prologue,4,r0,0,6,1,3,0,0
0028936c,18936c,A,40,9,prologue,2,r0:r1,0,20,2,1,0,0
00289394,189394,A,440,107,prologue,4,r0,0,3,8,5,3,0
0028954c,18954c,A,744,183,prologue,1,r0,0,4,17,23,8,0
00289834,189834,A,40,10,prologue,2,r0:r1,0,6,3,1,0,0
0028985c,18985c,A,184,46,prologue,2,r0:r1,0,5,1,11,4,0
00289914,189914,A,124,30,prologue,1,void,0,2,2,5,0,0
00289990,189990,A,116,24,prologue,4,r0,0,6,1,3,0,0
00289a04,189a04,A,56,12,call,1,r0,0,13,0,1,1,0
00289a3c,189a3c,A,245340,69,ptr,4,r0:r1,0,21,5,10,0,0
00289b54,189b54,A,76,19,prologue,4,r0:r1,0,8,5,1,1,0
00289ba0,189ba0,A,144,34,call,4,r0:r1,0,9,5,6,0,0
00289c30,189c30,A,44,11,call,4,r0:r1,0,6,2,1,0,0
00289c5c,189c5c,A,72,17,prologue,4,r0:r1,0,4,2,3,1,0
00289ca4,189ca4,A,72,17,prologue,4,void,0,5,2,3,1,0
00289cec,189cec,A,160,36,prologue,4,r0:r1,0,36,4,3,0,0
00289d8c,189d8c,A,12,3,call,1,r0:r1,0,6,0,3,1,0
00289d98,189d98,A,56,14,prologue,2,r0,0,0,2,3,1,0
00289dd0,189dd0,A,28,6,prologue,2,r0,0,6,1,1,0,0
00289dec,189dec,A,48,11,call,2,void,0,3,0,4,0,0
00289e1c,189e1c,A,380,94,prologue,2,void,0,3,5,23,1,0
00289f98,189f98,A,696,166,prologue,1,r0:r1,0,14,6,19,5,0
0028a258,18a258,A,96,22,prologue,1,r0,0,9,6,1,0,0
0028a2b8,18a2b8,A,164,40,prologue,1,r0:r1,0,30,3,1,0,0
0028a35c,18a35c,A,184,39,prologue,1,r0,0,20,1,3,1,0
0028a414,18a414,A,28,7,prologue,4,r0,0,4,1,1,0,0
0028a438,18a438,A,28,7,call,1,r0:r1,0,12,0,1,0,0
0028a454,18a454,A,8,2,ptr,1,void,0,0,0,1,1,0
0028a45c,18a45c,A,12,3,call,1,r0:r1,0,19,0,1,1,0
0028a468,18a468,A,8,2,call,1,r0,0,6,0,1,1,0
0028a470,18a470,A,184,45,prologue,4,r0,0,0,6,5,1,0
0028a528,18a528,A,4,1,call,1,r0,0,3,0,1,1,0
0028a52c,18a52c,A,368,88,prologue,4,r0,0,0,8,3,4,0
0028a69c,18a69c,A,52,12,call,2,r0:r1,0,4,0,1,0,0
0028a6d4,18a6d4,A,28,6,prologue,2,r0:r1,0,9,1,1,0,0
0028a6f0,18a6f0,A,68,16,call,1,r0:r1,0,3,3,1,0,0
0028a734,18a734,A,16,3,call,1,r0:r1,0,5,0,1,0,0
0028a744,18a744,A,28,1,call,0,r0:r1,0,4,0,1,1,0
0028a748,18a748,A,20,5,prologue,1,r0,0,0,1,1,0,0
0028a760,18a760,A,40,8,prologue,2,r0:r1,0,2,1,1,0,0
0028a788,18a788,A,44,11,prologue,2,r0:r1,0,7,1,1,0,0
0028a7b4,18a7b4,A,384,92,prologue,2,r0:r1,0,35,5,11,0,0
0028a934,18a934,A,96,24,prologue,2,r0,0,3,4,6,1,0
0028a994,18a994,A,411812,52,call,2,r0,0,51,1,12,0,0
0028a9d0,18a9d0,A,380,85,prologue,4,r0:r1,1,58,6,14,1,0
0028ab5c,18ab5c,A,168,41,prologue,1,r0:r1,0,5,1,11,0,0
0028ac08,18ac08,A,7256,1712,prologue,4,r0,3,3,81,268,53,0
0028c860,18c860,A,16,4,prologue,2,r0:r1,0,10,1,1,0,0
0028c870,18c870,A,424,104,prologue,4,r0:r1,0,4,4,21,0,0
0028ca18,18ca18,A,16,3,call,2,r0:r1,0,4,0,1,0,0
0028ca28,18ca28,A,56,14,prologue,1,r0:r1,0,6,0,3,0,0
0028ca60,18ca60,A,104,26,prologue,2,r0:r1,0,257,0,6,2,0
0028cac8,18cac8,A,116,24,prologue,4,r0,0,12,1,3,0,0
0028cb3c,18cb3c,A,68,15,call,2,r0:r1,0,13,2,3,0,0
0028cb80,18cb80,A,176,44,prologue,2,r0:r1,0,43,6,1,0,0
0028cc54,18cc54,A,160,39,prologue,3,r0:r1,0,32,4,8,0,0
0028ccf4,18ccf4,A,24,6,prologue,1,r0,0,5,1,1,0,0
0028cd0c,18cd0c,A,16,4,call,1,r0:r1,0,23,0,1,1,0
0028cd1c,18cd1c,A,136,13,call,1,r0,0,9,0,7,0,0
0028cda4,18cda4,A,16,4,call,2,r0:r1,0,26,0,1,0,0
0028cdb4,18cdb4,A,152,38,prologue,3,r0:r1,0,20,1,1,1,0
0028ce4c,18ce4c,A,292,69,prologue,4,void,1,11,6,3,0,0
0028cf70,18cf70,A,72,17,prologue,4,void,0,9,2,3,1,0
0028cfb8,18cfb8,A,52,13,prologue,4,r0:r1,0,7,1,3,0,0
0028cfec,18cfec,A,92,23,prologue,2,r0:r1,0,8,2,6,1,0
0028d048,18d048,A,12,3,call,2,void,0,2,0,1,0,0
0028d054,18d054,A,76,19,call,2,r0:r1,0,8,4,1,0,0
0028d0ac,18d0ac,A,36,7,call,0,r0:r1,0,17,0,1,0,0
0028d0d0,18d0d0,A,16,3,call,2,r0:r1,0,29,0,1,0,0
0028d0e0,18d0e0,A,148,35,prologue,4,r0:r1,0,4,4,5,0,0
0028d174,18d174,A,136,32,prologue,0,r0:r1,0,23,4,5,0,0
0028d200,18d200,A,204,43,prologue,1,void,0,3,5,3,1,0
0028d2d8,18d2d8,A,200,4,call,3,r0:r1,0,10,0,1,1,0
0028d2e8,18d2e8,A,180,45,prologue,4,r0,0,0,0,12,0,0
0028d3a0,18d3a0,A,16,3,call,0,r0,0,3,0,1,0,0
0028d3b0,18d3b0,A,12,2,call,0,r0,0,3,0,1,0,0
0028d3bc,18d3bc,A,16,3,call,0,r0,0,3,0,1,0,0
0028d3cc,18d3cc,A,16,3,call,0,r0,0,5,0,1,0,0
0028d3dc,18d3dc,A,16,3,call,0,r0,0,4,0,1,0,0
0028d3ec,18d3ec,A,20,5,prologue,4,void,0,12,1,1,0,0
0028d400,18d400,A,16,3,call,0,r0,0,3,0,1,0,0
0028d410,18d410,A,16,3,call,2,r0:r1,0,35,0,1,0,0
0028d420,18d420,A,48,12,prologue,4,void,0,4,1,1,0,0
0028d458,18d458,A,116,29,prologue,2,void,0,1,3,1,1,0
0028d4cc,18d4cc,A,428,100,tail,1,void,0,3,15,4,0,0
0028d678,18d678,A,56,13,call,1,r0,0,3,0,5,0,0
0028d6b0,18d6b0,A,4,1,call,1,r0,0,11,0,1,1,0
0028d6b4,18d6b4,A,248,58,prologue,4,r0,0,0,6,1,3,0
0028d7b0,18d7b0,A,1480,300,prologue,2,r0,0,7,24,10,3,0
0028dd78,18dd78,A,336,83,prologue,4,r0,0,2,9,5,1,0
0028dec8,18dec8,A,1896,393,prologue,4,r0,1,1,28,11,8,0
0028e630,18e630,A,4,1,call,1,r0:r1,0,5,0,1,1,0
0028e634,18e634,A,24,6,prologue,1,r0,0,0,0,1,0,0
0028e64c,18e64c,A,208,50,prologue,4,void,0,62,5,8,0,0
0028e71c,18e71c,A,116,24,prologue,4,r0,0,4,1,3,0,0
0028e790,18e790,A,52,13,call,0,r0:r1,0,3,3,1,0,0
0028e7c4,18e7c4,A,64,15,prologue,4,r0:r1,0,8,5,1,0,0
0028e804,18e804,A,80,19,prologue,4,void,0,2,5,4,0,0
0028e854,18e854,A,144,34,prologue,4,void,0,2,8,7,0,0
0028e9c0,18e9c0,A,76,19,prologue,2,void,0,5,1,4,0,0
0028ea10,18ea10,A,284,63,prologue,1,r0,0,5,6,1,0,0
0028eb40,18eb40,A,48,12,call,2,r0,0,3,0,3,0,0
0028eb70,18eb70,A,92,23,prologue,4,r0:r1,0,54,2,3,1,0
0028ebcc,18ebcc,A,16,4,call,2,void,0,4,0,1,1,0
0028ebdc,18ebdc,A,12,3,call,1,void,0,2,0,1,0,0
0028ebe8,18ebe8,A,382268,24,prologue,2,r0:r1,0,18,0,4,1,0
0028ec40,18ec40,A,276,65,ptr,4,r0:r1,0,2,5,1,3,0
0028ee48,18ee48,A,48,12,call,4,r0:r1,0,54,4,1,0,0
0028ee78,18ee78,A,40,10,prologue,4,r0:r1,0,4,1,1,0,0
0028eea0,18eea0,A,100,23,prologue,1,r0,0,56,5,1,0,0
0028ef04,18ef04,A,244,1,call,0,r0,0,2,0,1,1,0
0028ef08,18ef08,A,252,59,prologue,2,r0,0,0,6,1,0,0
0028f004,18f004,A,24,6,call,3,void,0,2,1,3,0,0
0028f01c,18f01c,A,44,11,call,3,void,0,8,1,1,0,0
0028f070,18f070,A,28,7,prologue,4,void,0,3,1,1,0,0
0028f090,18f090,A,160,34,prologue,4,void,0,10,6,1,0,0
0028f14c,18f14c,A,12,3,call,1,r0,0,4,0,1,0,0
0028f158,18f158,A,48,12,call,4,void,0,17,1,1,0,0
0028f188,18f188,A,72,18,ptr,1,r0,0,0,3,5,1,0
0028f1d0,18f1d0,A,236,52,call,1,r0:r1,0,72,3,7,1,0
0028f2bc,18f2bc,A,20,5,call,1,r0:r1,0,126,0,1,0,0
0028f2d0,18f2d0,A,116,24,prologue,4,r0,0,10,1,3,0,0
0028f344,18f344,A,260,58,prologue,1,void,0,3,4,7,1,0
0028f448,18f448,A,20,5,call,1,r0:r1,0,5,0,1,0,0
0028f45c,18f45c,A,56,14,prologue,4,r0:r1,0,23,1,3,0,0
0028f494,18f494,A,4,1,call,4,r0:r1,0,7,0,1,1,0
0028f498,18f498,A,572,141,prologue,4,r0,2,0,7,27,0,0
0028f6d4,18f6d4,A,16,3,call,1,r0:r1,0,12,0,1,0,0
0028f6e4,18f6e4,A,180,45,prologue,4,r0:r1,0,5,2,11,2,0
0028f798,18f798,A,556,129,prologue,4,void,2,3,7,19,6,0
0028f9d0,18f9d0,A,52,13,call,2,r0:r1,0,3,0,5,0,0
0028fa04,18fa04,A,136,32,prologue,4,r0:r1,0,6,3,6,0,0
0028fa90,18fa90,A,420,97,prologue,4,void,0,3,5,13,6,0
0028fc40,18fc40,A,20,4,call,2,r0:r1,0,12,0,1,0,0
0028fc54,18fc54,A,348,87,prologue,2,r0:r1,0,4,8,9,3,0
00290028,190028,A,412,37,ptr,1,r0,7,0,3,6,0,0
00290204,190204,A,68,17,prologue,1,void,0,23,0,1,0,0
0029024c,19024c,A,24,6,call,1,r0:r1,0,9,0,1,0,0
00290264,190264,A,40,10,call,1,void,0,17,0,1,0,0
0029028c,19028c,A,44,10,ptr,4,r0,0,3,2,1,0,0
002902b8,1902b8,A,144,1,call,0,r0,0,2,0,1,1,0
002902bc,1902bc,A,148,34,prologue,2,r0,0,0,4,1,0,0
00290358,190358,A,68,17,prologue,1,void,0,3,0,1,0,0
002903a0,1903a0,A,316,71,prologue,3,void,0,4,2,8,3,0
002904e8,1904e8,A,24,6,call,1,r0,0,8,0,1,0,0
00290504,190504,A,116,24,prologue,4,r0,0,8,1,3,0,0
00290578,190578,A,248,55,prologue,2,r0:r1,0,19,2,8,1,0
00290670,190670,A,96,24,prologue,4,void,0,6,1,5,0,0
002906d0,1906d0,A,284,1,call,0,r0,0,4,0,1,1,0
002906d4,1906d4,A,292,55,prologue,4,r0,0,0,3,19,0,0
002907f8,1907f8,A,216,54,ptr,4,r0,0,0,4,13,1,0
002908d0,1908d0,A,108,27,call,2,r0,0,20,5,6,0,0
0029093c,19093c,A,184,2,call,0,r0,0,2,0,1,1,0
00290944,190944,A,172,43,prologue,3,r0,0,0,2,1,0,0
00290a0c,190a0c,A,112,28,prologue,2,r0,0,5,3,6,0,0
00290a88,190a88,A,300,68,prologue,4,void,0,3,3,8,3,0
00290bb4,190bb4,A,68,17,prologue,2,void,0,3,2,1,0,0
00290bf8,190bf8,A,8,2,call,4,r0:r1,0,5,1,1,0,0
00290c00,190c00,A,374164,27,prologue,3,r0:r1,0,16,1,4,2,0
00290cb8,190cb8,A,20,5,call,2,r0:r1,0,49,0,1,0,0
00290ccc,190ccc,A,60,15,prologue,2,r0:r1,0,4,2,3,0,0
00290d08,190d08,A,44,11,prologue,1,r0:r1,0,3,1,1,0,0
00290d34,190d34,A,56,13,call,2,r0:r1,0,17,0,3,0,0
00290d6c,190d6c,A,12,3,call,2,r0,0,11,0,3,1,0
00290d78,190d78,A,40,9,prologue,1,r0,0,0,0,1,0,0
00290da0,190da0,A,12,3,call,1,void,0,3,0,1,0,0
00290dac,190dac,A,92,22,prologue,2,void,0,2,2,1,0,0
00290e2c,190e2c,A,64,16,prologue,2,r0,0,1,3,3,0,0
00290e6c,190e6c,A,60,15,call,1,r0:r1,0,3,2,1,0,0
00290ea8,190ea8,A,92,23,prologue,1,r0:r1,0,16,1,1,0,0
00290f04,190f04,A,72,18,call,1,void,0,10,1,1,0,0
00290f50,190f50,T,62,30,prologue,4,void,0,8,1,8,0,0
00290f90,190f90,A,24,6,call,2,r0:r1,0,54,0,1,0,0
00290fa8,190fa8,A,16,4,call,2,r0:r1,0,5,0,1,0,0
00290fb8,190fb8,A,404,100,prologue,4,r0:r1,0,1,4,25,4,0
0029114c,19114c,A,40,10,call,1,r0,0,14,0,1,0,0
00291174,191174,A,280,65,prologue,2,r0:r1,0,3,7,7,3,0
0029128c,19128c,A,8,2,ptr,1,void,0,0,0,1,1,0
00291294,191294,A,84,19,call,2,r0:r1,0,24,4,1,0,0
002912e8,1912e8,A,28,7,call,1,r0:r1,0,17,0,1,1,0
00291304,191304,A,868,215,prologue,4,r0:r1,0,19,11,31,0,0
00291668,191668,A,292,73,prologue,2,void,0,25,4,6,1,0
0029179c,19179c,A,8,2,call,1,void,0,1,0,1,1,0
002917a4,1917a4,A,16,4,call,2,r0:r1,0,19,0,1,0,0
002917b4,1917b4,A,84,21,prologue,2,r0:r1,0,49,0,1,0,0
00291810,191810,A,108,25,prologue,1,r0,0,118,4,1,0,0
0029187c,19187c,A,8,2,call,1,r0,0,1,0,1,1,0
00291884,191884,A,140,35,ptr,4,r0:r1,0,44,4,1,0,0
00291910,191910,A,196,42,prologue,1,void,0,2,3,3,1,0
002919d4,1919d4,A,68,16,prologue,1,r0:r1,0,27,2,4,0,0
00291a18,191a18,A,220,55,prologue,4,void,0,3,2,11,3,0
00291af4,191af4,A,40,2,call,0,r0,0,5,0,1,1,0
00291afc,191afc,A,28,7,prologue,1,r0,0,0,2,3,0,0
00291b1c,191b1c,A,20,5,call,1,r0,0,6,0,1,0,0
00291d30,191d30,A,480,71,ptr,2,r0,18,0,6,5,2,0
00291f20,191f20,A,60,14,call,2,r0:r1,0,290,0,4,0,0
00291f60,191f60,A,72,17,prologue,4,r0:r1,0,48,2,1,1,0
00291fa8,191fa8,A,136,34,prologue,4,void,0,14,4,6,0,0
00292034,192034,A,12,3,call,1,void,0,5,0,1,0,0
00292040,192040,A,12,3,call,1,void,0,6,0,1,0,0
00292050,192050,A,916,208,prologue,4,void,2,5,17,21,5,0
002923e4,1923e4,A,16,6,call,1,r0:r1,0,14,0,2,0,0
002923f8,1923f8,A,520,129,prologue,4,r0:r1,0,173,4,14,4,0
00292600,192600,A,32,8,call,1,void,0,40,0,1,0,0
00292620,192620,A,172,1,call,0,r0,0,47,0,1,1,0
00292624,192624,A,180,41,prologue,2,r0,0,0,8,1,0,0
002926dc,1926dc,A,48,12,prologue,1,r0,0,3,3,1,0,0
0029270c,19270c,A,44,11,prologue,2,r0:r1,0,4,0,1,0,0
00292738,192738,A,68,17,prologue,1,void,0,7,1,5,0,0
00292780,192780,A,108,27,prologue,2,r0:r1,0,4,2,7,0,0
002927ec,1927ec,A,128,32,prologue,1,r0:r1,0,2,1,3,0,0
0029286c,19286c,A,240,60,prologue,2,r0,0,5,8,11,0,0
00292960,192960,A,36,9,prologue,4,void,0,2,1,1,1,0
00292984,192984,A,92,23,call,2,r0:r1,0,58,4,4,0,0
00292a24,192a24,A,60,15,call,3,r0,0,13,0,5,0,0
00292a60,192a60,A,48,12,ptr,2,r0,0,3,3,3,0,0
00292a90,192a90,A,184,43,prologue,1,r0,0,2,3,4,0,0
00292b48,192b48,A,24,6,call,1,r0:r1,0,10,0,1,0,0
00292b60,192b60,A,176,44,prologue,2,void,0,38,5,1,0,0
00292c10,192c10,A,76,19,prologue,2,r0:r1,0,98,1,1,2,0
00292c5c,192c5c,A,192,48,ptr,3,r0,0,0,3,13,1,0
00292d1c,192d1c,A,176,42,call,1,r0,0,35,6,6,1,0
00292dcc,192dcc,A,84,21,prologue,2,r0:r1,0,2,2,3,1,0
00292e20,192e20,A,100,25,prologue,2,r0:r1,0,8,2,7,0,0
00292e84,192e84,A,92,23,call,2,r0,0,4,0,6,0,0
00292ee0,192ee0,A,384,96,prologue,2,r0:r1,0,55,5,9,0,0
00293064,193064,A,96,24,prologue,1,r0:r1,0,87,1,1,0,0
002930c8,1930c8,A,8,2,call,1,r0:r1,0,3,0,1,1,0
002930d0,1930d0,A,16,4,call,2,r0:r1,0,82,0,1,0,0
002930e0,1930e0,A,336,77,prologue,4,r0,0,3,8,4,1,0
00293230,193230,A,156,39,prologue,4,r0:r1,0,6,2,10,0,0
00293390,193390,A,208,46,ptr,4,r0,0,0,6,6,1,0
00293460,193460,A,176,42,call,2,r0:r1,0,37,6,6,1,0
00293510,193510,A,8,4,call,2,r0:r1,0,34,0,2,0,0
00293518,193518,A,60,13,call,1,r0,0,13,1,1,1,0
00293558,193558,A,452,96,prologue,4,void,1,4,10,5,1,0
00293734,193734,A,8,2,call,1,void,0,1,0,1,1,0
0029373c,19373c,A,164,40,prologue,2,void,0,12,3,5,0,0
002937e0,1937e0,A,24,4,call,1,r0,0,3,1,1,0,0
002937f8,1937f8,A,24,8,call,1,r0,0,4,0,4,0,0
00293814,193814,A,148,37,prologue,1,r0,0,14,1,1,0,0
002938a8,1938a8,A,68,14,prologue,0,r0,0,16,1,1,0,0
00293904,193904,A,28,7,call,1,r0,0,6,0,3,1,0
00293920,193920,A,356,86,prologue,4,r0,0,2,11,4,0,0
00293ac4,193ac4,A,32,8,call,2,void,0,9,0,3,0,0
00293ae8,193ae8,A,380,91,prologue,4,r0,0,2,13,4,0,0
00293ca4,193ca4,A,906772,16,prologue,1,r0:r1,0,8,0,4,1,0
00293cdc,193cdc,A,40,10,call,1,r0,0,8,0,4,0,0
00293d1c,193d1c,A,28,7,call,1,void,0,2,0,3,1,0
00293d38,193d38,A,128,32,prologue,1,void,0,5,3,4,0,0
00293db8,193db8,A,28,7,call,1,void,0,4,0,3,1,0
00293dd4,193dd4,A,60,15,prologue,1,void,0,4,0,3,1,0
00293e10,193e10,A,36,9,call,2,r0,0,1,1,4,0,0
00293e34,193e34,A,12,3,call,1,r0,0,9,0,1,0,0
00293e40,193e40,A,28,7,call,1,r0,0,5,0,3,1,0
00293e60,193e60,A,20,5,prologue,4,void,0,0,1,1,1,0
00293e74,193e74,A,20,5,call,4,r0:r1,0,158,1,1,0,0
00293f64,193f64,A,392020,20,call,4,r0:r1,0,56,4,2,0,0
00293fa0,193fa0,A,4,1,call,1,r0:r1,0,5,0,1,1,0
00293fa4,193fa4,A,196,46,prologue,4,r0:r1,0,193,3,8,1,0
00294068,194068,A,56,14,prologue,2,r0:r1,0,7,2,3,1,0
002940a0,1940a0,A,68,17,prologue,2,r0:r1,0,4,1,3,0,0
002940e4,1940e4,A,180,43,prologue,4,r0:r1,0,5,4,12,0,0
00294198,194198,A,228,55,prologue,1,r0:r1,0,6,3,7,3,0
0029427c,19427c,A,88,21,call,1,r0:r1,0,20,0,1,0,0
002942d4,1942d4,A,76,19,prologue,1,r0:r1,0,62,5,1,0,0
00294320,194320,A,20,5,call,1,r0:r1,0,97,0,1,0,0
00294334,194334,A,4,1,call,1,r0:r1,0,58,0,1,1,0
00294338,194338,A,16,4,prologue,1,r0,0,0,0,1,0,0
00294348,194348,A,76,19,prologue,2,r0:r1,0,110,5,3,0,0
00294394,194394,A,88,18,prologue,1,r0:r1,0,59,2,1,1,0
002943f0,1943f0,A,776,169,prologue,4,r0,0,2,21,17,1,0
002946f8,1946f8,A,8,2,call,1,r0:r1,0,3,0,1,1,0
00294700,194700,A,24,6,prologue,1,r0,0,0,0,1,0,0
00294718,194718,A,4,1,call,1,r0,0,3,0,1,1,0
0029471c,19471c,A,52,13,prologue,4,r0,0,0,3,1,0,0
00294750,194750,A,8,2,call,1,r0:r1,0,61,0,1,1,0
00294758,194758,A,16,4,prologue,1,r0,0,0,0,1,0,0
00294768,194768,A,940,210,prologue,4,r0:r1,0,83,8,35,2,0
00294b24,194b24,A,96,24,prologue,2,r0:r1,0,30,3,5,0,0
00294b84,194b84,A,84,19,prologue,4,r0:r1,0,2,1,5,1,0
00294bd8,194bd8,A,524,112,prologue,4,r0:r1,1,84,11,10,2,0
00294df8,194df8,A,8,2,call,1,r0,0,4,0,1,1,0
00294e00,194e00,A,60,15,prologue,4,r0,0,0,5,1,0,0
00294e40,194e40,A,1460,276,prologue,3,r0,0,2,18,12,5,0
002953f4,1953f4,A,8,2,call,1,r0,0,3,0,1,1,0
002953fc,1953fc,A,248,58,prologue,4,r0,0,0,6,1,3,0
002954f4,1954f4,A,104,26,prologue,2,r0:r1,0,769,0,6,2,0
0029555c,19555c,A,116,24,prologue,4,r0,0,8,1,3,0,0
002955d0,1955d0,A,804,194,prologue,4,r0,0,9,7,20,4,0
002958f4,1958f4,A,12,3,call,2,r0:r1,0,1,0,1,0,0
00295900,195900,A,1152,277,ptr,1,r0,0,0,12,50,9,0
00295d80,195d80,A,156,37,call,4,r0:r1,0,354,3,8,0,0
00295e1c,195e1c,A,4,1,call,1,r0,0,4,0,1,1,0
00295e20,195e20,A,196,48,prologue,4,r0,0,0,7,7,2,0
00295ee4,195ee4,A,32,8,prologue,1,r0,0,135,1,1,0,0
00295f04,195f04,A,12,3,call,1,r0,0,217,0,1,0,0
00295f10,195f10,A,24,5,call,1,r0,0,217,0,1,0,0
00295f50,195f50,A,44,11,prologue,2,r0:r1,0,29,1,1,0,0
00295f80,195f80,A,192,46,prologue,4,r0:r1,0,91,6,3,1,0
00296044,196044,A,28,7,prologue,4,void,0,0,2,1,1,0
00296060,196060,A,172,40,call,4,r0:r1,0,224,5,8,1,0
0029610c,19610c,A,24,6,prologue,2,void,0,0,1,1,1,0
00296124,196124,A,136,34,call,4,r0:r1,0,46,3,5,1,0
002961ac,1961ac,A,72,18,prologue,2,r0:r1,0,24,3,3,0,0
002961f4,1961f4,A,12,3,call,3,r0:r1,0,5,0,1,0,0
00296200,196200,A,840,207,prologue,4,r0:r1,1,98,8,36,2,0
0029654c,19654c,A,88,22,prologue,2,void,0,28,1,1,0,0
002965a8,1965a8,A,36,9,prologue,1,r0:r1,0,115,1,1,0,0
002965d0,1965d0,A,8,2,call,1,void,0,1,0,1,1,0
002965d8,1965d8,A,60,15,prologue,3,r0:r1,0,213,1,1,1,0
00296618,196618,A,1016,241,prologue,4,r0:r1,5,210,14,38,4,0
00296a18,196a18,A,32,8,call,0,void,0,1,0,1,0,0
00296a38,196a38,A,56,14,prologue,4,r0:r1,0,4,1,1,0,0
00296a70,196a70,T,26,11,prologue,2,r0:r1,0,7,2,1,0,0
00296a8c,196a8c,A,880,219,prologue,3,void,0,1,2,42,0,0
00296dfc,196dfc,A,880,219,prologue,3,void,0,1,2,42,0,0
00297170,197170,A,2064,500,prologue,1,r0:r1,0,1,5,102,0,0
00297980,197980,A,140,32,prologue,2,r0:r1,0,2,3,4,0,0
00297a0c,197a0c,A,440,109,prologue,3,r0:r1,0,1,4,26,0,0
00297bc4,197bc4,A,180,45,prologue,2,r0:r1,0,15,2,11,2,0
00297c78,197c78,A,220,53,call,4,void,0,2,0,4,0,0
00297d54,197d54,A,220,53,call,4,void,0,2,0,4,0,0
00297e30,197e30,A,272,68,call,1,r0:r1,0,2,0,12,0,0
00297f4c,197f4c,A,92,22,call,2,r0:r1,0,2,0,5,0,0
00297fa8,197fa8,A,128,32,prologue,2,r0:r1,0,3,4,6,0,0
00298028,198028,A,244,61,prologue,2,r0:r1,0,1,2,12,0,0
00298154,198154,A,308,74,prologue,4,r0:r1,0,4,5,11,0,0
00298288,198288,A,260,65,call,2,r0:r1,0,4,0,12,0,0
00298394,198394,A,192,45,prologue,1,r0:r1,0,21,5,1,0,0
00298458,198458,A,1092,257,prologue,2,void,0,3,2,33,0,0
002988a0,1988a0,A,304,73,prologue,3,r0:r1,0,3,1,6,0,0
002989d8,1989d8,A,304,73,prologue,3,void,0,3,1,6,0,0
00298b10,198b10,A,72,2,call,1,r0,0,14,0,1,1,0
00298b18,198b18,A,68,15,prologue,2,r0,0,0,1,3,1,0
00298b5c,198b5c,A,16,3,call,1,void,0,1,0,1,1,0
00298b6c,198b6c,T,8,3,ptr,4,r0:r1,0,2,1,1,0,0
00298b74,198b74,A,160,37,ptr,1,r0:r1,0,2,4,7,0,0
00298c14,198c14,A,788,196,prologue,3,r0:r1,0,5,6,28,2,0
00298f28,198f28,A,712,168,prologue,3,void,0,4,7,14,1,0
002991f0,1991f0,A,96,6,call,1,r0,0,1,0,3,1,0
00299208,199208,A,76,17,prologue,3,r0,0,0,1,3,0,0
00299254,199254,A,268,66,call,1,r0:r1,0,1,0,12,0,0
00299360,199360,A,184,44,prologue,3,r0:r1,0,3,0,1,0,0
00299418,199418,A,128,30,prologue,4,void,0,4,2,1,0,0
00299498,199498,A,96,22,prologue,1,void,0,9,2,1,0,0
002994f8,1994f8,A,16,3,call,1,r0,0,1,0,1,1,0
00299508,199508,A,84,20,call,2,r0:r1,0,5,0,5,0,0
0029955c,19955c,A,416,98,call,0,r0:r1,0,2,4,17,0,0
00299724,199724,A,316,2,call,0,r0:r1,0,2,0,1,1,0
0029972c,19972c,A,328,76,prologue,4,r0,2,0,2,15,0,0
0029989c,19989c,A,60,1,call,0,r0:r1,0,7,0,1,1,0
002998a0,1998a0,A,52,13,prologue,4,r0,0,0,2,1,0,0
002998d8,1998d8,T,534,266,prologue,4,r0:r1,0,1,1,51,5,0
00299aee,199aee,T,138,68,prologue,4,r0:r1,0,2,1,24,1,0
00299b78,199b78,A,88,22,prologue,2,r0:r1,0,10,1,6,0,0
00299bd0,199bd0,A,88,22,prologue,4,r0:r1,0,15,1,6,0,0
00299c28,199c28,A,16,4,call,1,r0:r1,0,58,0,1,0,0
00299c38,199c38,A,792,197,prologue,2,r0:r1,0,89,7,22,0,0
00299f50,199f50,A,564,139,prologue,4,r0:r1,3,30,5,23,0,0
0029a184,19a184,A,8,2,call,4,void,0,11,0,1,1,0
0029a18c,19a18c,A,172,42,prologue,2,r0,2,0,4,5,0,0
0029a238,19a238,A,100,23,prologue,1,r0:r1,0,65,1,6,0,0
0029a29c,19a29c,A,196,47,prologue,2,r0:r1,0,74,2,10,0,0
0029a360,19a360,A,112,27,prologue,2,r0:r1,0,111,3,3,0,0
0029a3d0,19a3d0,A,36,9,call,2,r0:r1,0,12,0,1,0,0
0029a3f4,19a3f4,A,16,3,call,1,r0:r1,0,91,0,1,0,0
0029a404,19a404,A,128,32,prologue,1,r0,0,2,3,8,0,0
0029a488,19a488,A,4,1,call,2,r0:r1,0,13,0,1,1,0
0029a48c,19a48c,A,236,58,prologue,4,r0,0,0,0,19,0,0
0029a578,19a578,T,2,1,call,4,void,0,12,0,1,1,0
0029a57a,19a57a,T,42,17,prologue,4,void,2,0,2,1,1,0
0029a5a4,19a5a4,A,24,5,call,1,r0,0,6,0,1,0,0
0029a5bc,19a5bc,A,12,2,call,0,r0,0,5,1,1,0,0
0029a5c8,19a5c8,A,308,75,prologue,2,void,0,5,9,3,0,0
0029a6fc,19a6fc,A,72,18,prologue,4,void,0,1,1,4,0,0
0029a744,19a744,A,92,23,prologue,2,r0:r1,0,5,1,6,0,0
0029a7a0,19a7a0,A,40,1,call,0,void,0,3,0,1,1,0
0029a7a4,19a7a4,A,40,8,prologue,1,r0,0,0,4,1,0,0
0029a7cc,19a7cc,A,632,137,prologue,1,r0,0,4,12,21,0,0
0029aa44,19aa44,A,52,13,call,2,void,0,1,0,3,0,0
0029aa78,19aa78,A,128,32,call,2,void,0,5,0,3,0,0
0029aaf8,19aaf8,A,1144,284,prologue,2,r0,0,7,14,46,0,0
0029af70,19af70,A,24,6,call,1,void,0,12,0,1,0,0
0029af88,19af88,A,124,31,prologue,4,r0:r1,0,3,3,7,0,0
0029b004,19b004,A,360,85,prologue,4,r0:r1,0,1,1,12,0,0
0029b16c,19b16c,A,140,35,call,4,void,1,1,0,10,0,0
0029b1f8,19b1f8,A,212,51,call,2,r0:r1,0,15,0,9,0,0
0029b2cc,19b2cc,A,76,19,call,2,r0:r1,0,4,2,5,0,0
0029b318,19b318,A,104,26,prologue,2,r0,0,1,1,5,0,0
0029b380,19b380,A,144,36,call,3,r0,0,3,0,10,0,0
0029b410,19b410,A,88,20,call,1,r0:r1,0,24,0,6,0,0
0029b468,19b468,A,64,4,call,2,r0:r1,0,29,0,3,1,0
0029b478,19b478,A,56,11,prologue,4,r0,0,0,1,3,0,0
0029b4b0,19b4b0,A,688,172,prologue,4,r0:r1,0,10,1,22,0,0
0029b7a0,19b7a0,A,904,178,call,3,void,0,24,0,42,2,0
0029b898,19b898,A,104,26,prologue,3,r0,0,0,0,5,0,0
0029b924,19b924,A,516,52,prologue,3,r0,0,0,0,6,0,0
0029bc34,19bc34,A,104,26,prologue,3,r0,0,0,0,5,0,0
0029bcb8,19bcb8,A,524,54,prologue,3,r0,0,0,0,6,0,0
0029bec4,19bec4,A,8,2,call,1,void,0,2,0,1,1,0
0029becc,19becc,T,10,4,prologue,2,r0,0,0,1,1,0,0
0029bed6,19bed6,T,12,5,prologue,2,r0:r1,0,10,1,1,0,0
0029bee4,19bee4,A,220,40,call,4,r0:r1,0,3,1,10,1,0
0029bef4,19bef4,A,72,18,prologue,4,r0,0,1,0,1,0,0
0029bfc0,19bfc0,A,16,3,call,0,r0,0,7,0,1,0,0
0029bfd0,19bfd0,A,16,3,call,2,r0:r1,0,7,0,1,0,0
0029bfe0,19bfe0,A,24,5,call,2,r0:r1,0,7,0,1,0,0
0029bff8,19bff8,A,84,20,call,2,r0:r1,0,6,2,4,0,0
0029c04c,19c04c,A,248,59,call,2,r0,0,5,2,9,0,0
0029c144,19c144,A,96,23,gapstart,4,r0,0,2,1,4,0,0
0029c1a4,19c1a4,A,144,35,call,1,void,0,1,0,6,0,0
0029c234,19c234,A,200,49,call,3,void,0,1,0,11,0,0
0029c2fc,19c2fc,A,228,54,call,4,void,0,1,0,19,0,0
0029c3e0,19c3e0,A,64,16,call,2,r0:r1,0,42,1,5,0,0
0029c420,19c420,A,40,10,call,4,r0,0,3,0,1,0,0
0029c448,19c448,A,100,25,tail,1,r0:r1,0,9,1,7,1,0
0029c4ac,19c4ac,A,84,20,tail,1,r0,0,2,1,5,0,0
0029c500,19c500,A,24,6,call,4,r0:r1,2,7,0,1,0,0
0029c518,19c518,A,436,107,call,1,void,0,3,0,24,7,0
0029c6cc,19c6cc,A,124,30,call,3,r0,0,2,3,5,0,0
0029c748,19c748,A,48,11,gapstart,1,r0,0,2,0,4,0,0
0029c778,19c778,A,228,56,call,3,void,0,4,0,12,0,0
0029c85c,19c85c,A,404,99,call,3,void,0,3,1,19,0,0
0029c9f0,19c9f0,A,96,23,gapstart,2,void,0,2,0,4,0,0
0029ca50,19ca50,A,4,1,call,1,r0,0,14,1,1,0,0
0029ca54,19ca54,A,44,11,call,3,void,0,1,1,1,0,0
0029cb10,19cb10,A,4,1,call,2,r0:r1,0,8,1,1,0,0
0029cb60,19cb60,A,16,3,call,1,void,0,2,0,1,0,0
0029cb70,19cb70,A,16,3,call,0,r0,0,2,0,1,0,0
0029cb80,19cb80,A,60,13,call,4,r0,0,3,0,1,0,0
0029cbbc,19cbbc,A,132,30,call,0,r0:r1,0,4,3,6,1,0
0029cc40,19cc40,A,80,20,call,1,r0:r1,0,7,0,8,0,0
0029cc90,19cc90,A,36,9,gapstart,4,r0,2,3,0,1,0,0
0029ccb4,19ccb4,A,500,120,prologue,4,r0:r1,4,4,7,14,0,0
0029cea8,19cea8,A,44,11,prologue,2,r0,0,6,5,1,0,0
0029ced4,19ced4,A,16,3,call,1,r0:r1,0,6,0,1,0,0
0029cee4,19cee4,A,16,3,call,0,r0,0,3,0,1,0,0
0029cef4,19cef4,A,16,3,call,2,r0:r1,0,2,0,1,0,0
0029cf04,19cf04,A,16,3,call,0,r0,0,8,0,1,0,0
0029cf14,19cf14,A,16,3,call,2,r0:r1,0,4,0,1,0,0
0029cf24,19cf24,A,12,2,call,2,r0:r1,0,12,0,1,0,0
0029cf30,19cf30,A,20,5,call,2,r0:r1,0,4,0,1,0,0
0029cf44,19cf44,A,84,19,call,4,r0:r1,0,2,1,3,0,0
0029cf98,19cf98,A,72,16,call,3,r0:r1,0,7,1,3,0,0
0029cfe0,19cfe0,A,152,36,call,3,r0:r1,0,6,1,8,0,0
0029d078,19d078,A,12,2,call,0,r0:r1,0,35,1,1,0,0
0029d084,19d084,A,12,2,call,0,r0:r1,0,35,1,1,0,0
0029d090,19d090,A,16,3,call,2,r0:r1,0,45,0,1,0,0
0029d0a0,19d0a0,A,108,25,call,2,r0:r1,0,3,3,3,0,0
0029d10c,19d10c,A,140,34,call,3,void,0,3,3,7,0,0
0029d198,19d198,A,140,34,call,3,void,0,4,3,7,0,0
0029d224,19d224,A,120,29,call,2,r0,0,3,3,5,0,0
0029d29c,19d29c,A,96,23,call,1,r0,0,4,3,3,0,0
0029d2fc,19d2fc,A,364,89,call,3,r0,0,3,3,13,0,0
0029d468,19d468,A,260,64,call,3,r0,0,3,3,13,0,0
0029d56c,19d56c,A,200,49,call,2,r0:r1,0,15,1,14,0,0
0029d634,19d634,A,24,6,call,4,r0:r1,0,3,0,1,0,0
0029d64c,19d64c,A,144,34,call,4,r0,0,3,2,7,0,0
0029d6dc,19d6dc,A,160,40,call,4,void,2,2,1,3,0,0
0029d77c,19d77c,T,10,4,call,3,void,0,32,1,1,0,0
0029d788,19d788,A,4,1,gapstart,1,void,0,0,0,1,1,0
0029d78c,19d78c,A,204,50,tail,0,void,0,1,3,11,1,0
0029d858,19d858,A,12,3,call,1,void,0,1,0,1,1,0
0029d864,19d864,A,540,133,call,0,void,0,2,2,25,0,0
0029da80,19da80,A,16,3,call,0,r0,0,6,0,1,0,0
0029da90,19da90,A,24,5,gapstart,0,r0,0,3,0,1,0,0
0029daa8,19daa8,A,1368,339,prologue,2,r0:r1,0,8,2,77,9,0
0029e000,19e000,A,128,31,call,2,void,0,1,0,9,0,0
0029e080,19e080,A,168,40,call,0,r0,0,2,1,5,1,0
0029e130,19e130,A,232,55,call,2,void,0,3,0,17,2,0
0029e218,19e218,A,144,34,call,1,void,0,2,0,11,0,0
0029e2a8,19e2a8,A,196,47,call,1,r0,0,2,1,5,1,0
0029e370,19e370,A,148,35,call,1,r0,0,2,1,4,1,0
0029e408,19e408,A,16,19,call,3,r0:r1,0,18,1,6,0,0
0029e418,19e418,A,104,25,call,0,r0,0,3,0,4,1,0
0029e480,19e480,A,44,10,call,2,r0,0,3,0,3,1,0
0029e4ac,19e4ac,A,56,14,gapstart,2,r0:r1,0,11,1,3,0,0
0029e4e4,19e4e4,A,12,3,call,3,r0:r1,0,6,1,1,0,0
0029e4f0,19e4f0,T,116,58,call,3,r0:r1,0,39,0,16,0,0
0029e594,19e594,A,156,38,prologue,4,r0:r1,0,7,2,9,1,0
0029e630,19e630,T,34,17,call,4,r0:r1,0,71,0,5,1,0
0029e654,19e654,A,316,77,call,2,void,0,4,0,20,1,0
0029e790,19e790,A,1092,269,call,4,void,0,1,3,57,3,0
0029ebd4,19ebd4,A,196,47,call,4,void,0,1,0,14,0,0
0029ec98,19ec98,A,324,78,call,2,void,0,2,1,23,1,0
0029eddc,19eddc,A,12,2,call,0,r0,0,2,1,1,0,0
0029ede8,19ede8,A,16,3,call,1,r0:r1,0,3,0,1,0,0
0029edf8,19edf8,A,16,3,call,2,r0:r1,0,2,0,1,0,0
0029ee08,19ee08,A,32,7,call,2,r0:r1,0,5,0,1,0,0
0029ee28,19ee28,A,68,15,call,4,r0,0,4,0,3,0,0
0029ee6c,19ee6c,A,24,6,call,4,r0,0,9,0,1,0,0
0029ee84,19ee84,A,20,5,call,4,r0:r1,0,1,1,3,1,0
0029ee98,19ee98,A,112,26,call,4,r0:r1,0,3,4,5,0,0
0029ef08,19ef08,A,16,3,call,1,void,0,3,0,1,0,0
0029ef18,19ef18,A,44,11,call,1,r0,0,2,1,1,0,0
0029ef44,19ef44,A,80,19,call,2,r0:r1,0,2,3,7,0,0
0029ef94,19ef94,A,204,51,call,4,r0:r1,2,3,4,8,0,0
0029f07c,19f07c,A,44,11,call,0,r0:r1,0,5,1,1,0,0
0029f0a8,19f0a8,A,1456,208,call,1,r0:r1,0,21,0,100,0,0
0029f658,19f658,A,52,13,call,2,r0:r1,0,12,1,3,0,0
0029f68c,19f68c,A,8,2,ptr,1,void,0,4,0,1,1,0
0029f694,19f694,A,184,45,call,2,r0:r1,0,21,3,8,0,0
0029f74c,19f74c,A,12,2,call,0,r0,0,5,0,1,0,0
0029f758,19f758,A,284,66,tail,1,r0,0,3,8,12,0,0
0029f874,19f874,A,204,50,call,1,r0:r1,0,5,0,14,0,0
0029f940,19f940,A,432,108,call,4,r0,0,5,2,23,0,0
0029faf0,19faf0,A,324,76,call,2,void,0,4,0,19,2,0
0029fc34,19fc34,A,4,1,call,3,void,0,1,1,1,0,0
0029fc38,19fc38,A,24,5,call,0,r0:r1,0,2,0,1,0,0
0029fc50,19fc50,A,612,147,call,0,r0,0,11,5,18,0,0
0029feb4,19feb4,A,304,72,gapstart,4,r0:r1,0,29,3,9,2,0
002a0054,1a0054,A,548,100,ptr,1,r0,10,0,2,12,0,0
002a0278,1a0278,A,44,11,call,1,r0,0,3,1,1,0,0
002a02a4,1a02a4,A,128,31,call,2,r0:r1,0,7,0,3,0,0
002a0324,1a0324,A,100,25,prologue,2,r0:r1,0,7,2,4,0,0
002a0388,1a0388,A,16,4,call,1,r0:r1,0,35,0,3,1,0
002a0398,1a0398,A,72,17,prologue,2,r0,0,0,1,3,0,0
002a03e0,1a03e0,A,112,28,call,2,r0:r1,0,3,0,8,0,0
002a0450,1a0450,A,348,87,call,2,void,0,4,0,20,0,0
002a05ac,1a05ac,A,116,29,call,4,void,1,9,0,3,2,0
002a0620,1a0620,A,48,12,call,1,r0,0,4,0,3,0,0
002a0650,1a0650,A,788,193,call,2,r0:r1,0,7,6,40,0,0
002a0964,1a0964,T,18,9,call,1,r0,0,48,0,4,0,0
002a097c,1a097c,A,52,13,call,1,void,0,9,0,3,1,0
002a09b0,1a09b0,A,408,94,call,0,r0:r1,0,6,4,15,0,0
002a0b48,1a0b48,A,2108,503,gapstart,4,void,0,4,5,122,8,0
002a1384,1a1384,A,484,117,prologue,4,r0:r1,0,7,6,33,0,0
002a1568,1a1568,A,696,157,call,4,void,0,2,0,35,0,0
002a1820,1a1820,A,12,3,call,1,void,0,2,0,1,1,0
002a182c,1a182c,A,360,86,call,1,void,0,6,1,21,1,0
002a1994,1a1994,A,68,14,call,1,r0,0,4,1,1,0,0
002a19d8,1a19d8,A,36,8,call,2,r0:r1,0,13,0,1,1,0
002a19fc,1a19fc,A,352,88,ptr,3,r0,0,0,7,21,3,0
002a1b5c,1a1b5c,A,28,6,call,1,r0:r1,0,23,0,1,1,0
002a1b78,1a1b78,A,6808,1678,call,1,r0:r1,0,2,4,304,8,0
002a3610,1a3610,A,332,80,call,3,void,0,2,3,15,4,0
002a375c,1a375c,A,240,58,call,1,void,0,2,1,13,1,0
002a384c,1a384c,A,188,46,call,2,void,0,2,0,10,0,0
002a3908,1a3908,A,4620,1126,call,4,void,0,2,3,200,7,0
002a4b14,1a4b14,A,288,70,call,1,r0,0,2,0,16,1,0
002a4c34,1a4c34,A,280,67,call,0,r0,0,2,1,17,1,0
002a4d4c,1a4d4c,A,376,92,call,2,r0,0,3,1,16,0,0
002a4f08,1a4f08,A,32,8,call,2,void,0,35,0,3,0,0
002a4f28,1a4f28,A,140,35,call,2,void,0,3,0,1,0,0
002a4fb4,1a4fb4,A,20,4,call,0,r0:r1,0,6,0,1,0,0
002a4fc8,1a4fc8,A,120,27,call,1,r0:r1,0,6,3,7,0,0
002a5040,1a5040,A,16,3,call,2,r0:r1,0,9,0,1,0,0
002a5050,1a5050,A,16,3,call,1,r0:r1,0,2,0,1,0,0
002a5060,1a5060,A,16,3,call,1,void,0,2,0,1,0,0
002a5070,1a5070,A,56,13,tail,4,r0:r1,0,2,0,1,0,0
002a50a8,1a50a8,A,40,10,call,0,r0:r1,0,3,2,4,0,0
002a50d0,1a50d0,A,112,26,call,1,r0:r1,0,63,2,7,0,0
002a5140,1a5140,A,240,57,call,4,r0,4,7,1,6,1,0
002a5230,1a5230,A,12,2,call,0,r0,0,12,0,1,0,0
002a523c,1a523c,A,16,5,call,2,r0:r1,0,3,1,2,0,0
002a524c,1a524c,A,20,4,call,2,r0:r1,0,3,0,1,0,0
002a5260,1a5260,A,16,3,call,2,r0:r1,0,6,0,1,0,0
002a5270,1a5270,A,16,3,call,2,r0:r1,0,3,0,1,0,0
002a5280,1a5280,A,96,23,call,4,r0,2,3,0,3,0,0
002a52e0,1a52e0,A,100,25,tail,3,r0,0,3,1,5,0,0
002a5344,1a5344,A,48,11,call,4,void,0,5,0,1,0,0
002a5374,1a5374,A,96,23,call,4,r0,2,4,0,3,0,0
002a53d4,1a53d4,A,100,25,call,1,r0:r1,0,10,3,4,0,0
002a5438,1a5438,A,160,39,call,4,r0,2,5,0,3,0,0
002a54d8,1a54d8,A,16,3,call,0,r0,0,5,0,1,0,0
002a54e8,1a54e8,A,836,203,call,4,r0:r1,0,6,17,23,2,0
002a582c,1a582c,A,336,82,call,1,void,0,8,1,27,0,0
002a597c,1a597c,A,116,28,call,3,r0,0,7,3,5,0,0
002a59f0,1a59f0,A,184,39,call,3,r0,1,3,1,13,1,0
002a5aa8,1a5aa8,A,24,6,call,2,r0:r1,0,21,0,3,1,0
002a5ac0,1a5ac0,A,136,34,call,4,r0:r1,0,10,1,6,0,0
002a5b48,1a5b48,A,88,22,call,2,r0:r1,0,9,1,4,0,0
002a5ba0,1a5ba0,A,148,36,call,3,r0:r1,0,16,2,5,1,0
002a5c34,1a5c34,A,184,46,call,2,r0:r1,0,8,1,11,4,0
002a5cec,1a5cec,A,156,38,call,4,r0,1,3,1,5,0,0
002a5d88,1a5d88,A,32,8,call,4,r0:r1,0,10,1,3,0,0
002a5da8,1a5da8,A,40,10,call,2,r0:r1,0,10,1,3,0,0
002a5dd0,1a5dd0,A,252,61,call,2,void,0,3,1,17,0,0
002a5ecc,1a5ecc,A,264,64,call,1,void,0,2,0,15,1,0
002a5fd4,1a5fd4,A,32,8,call,1,r0:r1,0,1,0,1,1,0
002a5ff4,1a5ff4,A,28,7,call,1,r0:r1,0,40,1,1,0,0
002a6010,1a6010,A,16,3,call,2,r0:r1,0,12,0,1,0,0
002a6020,1a6020,A,16,3,call,2,r0:r1,0,12,0,1,0,0
002a6030,1a6030,A,344,84,call,3,r0:r1,0,266,4,16,2,0
002a6188,1a6188,A,36,8,call,1,r0:r1,0,269,0,1,0,0
002a61ac,1a61ac,A,1080,267,call,4,r0:r1,4,9,19,70,1,0
002a65e4,1a65e4,A,28,6,call,2,r0:r1,0,7,0,1,0,0
002a6600,1a6600,A,16,3,call,2,r0:r1,0,3,0,1,0,0
002a6610,1a6610,A,32,7,call,1,r0:r1,0,7,1,3,0,0
002a6630,1a6630,A,16,3,call,1,r0:r1,0,10,0,1,0,0
002a6640,1a6640,A,372,88,call,2,r0,0,6,10,11,0,0
002a67b4,1a67b4,A,4,1,call,1,r0:r1,0,5,0,1,1,0
002a67b8,1a67b8,A,92,22,call,4,r0:r1,0,98,0,4,1,0
002a6814,1a6814,A,72,18,tail,1,r0,0,1,3,3,1,0
002a685c,1a685c,A,32,8,call,1,r0:r1,0,201,1,3,0,0
002a687c,1a687c,A,92,21,call,2,r0,0,3,4,3,0,0
002a68ec,1a68ec,A,56,14,call,1,r0:r1,0,197,1,3,0,0
002a6924,1a6924,A,160,37,call,0,r0,0,9,2,12,0,0
002a69c4,1a69c4,A,36,9,call,4,r0,2,2,0,1,0,0
002a69e8,1a69e8,A,348,82,call,4,r0:r1,0,5,1,19,0,0
002a6b44,1a6b44,A,52,10,call,0,r0,0,5,1,1,0,0
002a6b78,1a6b78,A,52,10,call,4,r0:r1,0,20,1,4,0,0
002a6bac,1a6bac,A,48,10,call,2,r0:r1,0,50,1,1,0,0
002a6bdc,1a6bdc,A,36,9,call,2,void,0,1,4,1,1,0
002a6c00,1a6c00,A,112,24,call,4,r0:r1,0,38,2,6,0,0
002a6c70,1a6c70,A,52,12,call,2,r0:r1,0,39,2,3,0,0
002a6ca4,1a6ca4,A,16,4,call,4,r0:r1,0,1,1,1,1,0
002a6cb4,1a6cb4,A,292,66,call,0,r0:r1,0,17,6,10,0,0
002a6dd8,1a6dd8,A,84,22,call,4,r0:r1,0,8,0,4,1,0
002a6e2c,1a6e2c,A,72,16,call,2,r0:r1,0,31,1,3,0,0
002a6e74,1a6e74,A,24,5,call,0,r0:r1,0,9,0,1,0,0
002a6e8c,1a6e8c,A,24,5,call,0,r0:r1,0,10,0,1,0,0
002a6ea4,1a6ea4,A,36,8,call,0,r0:r1,0,10,1,3,0,0
002a6ec8,1a6ec8,A,288,70,call,2,r0:r1,0,1,3,14,1,0
002a6fe8,1a6fe8,A,24,5,call,0,r0:r1,0,4,0,1,0,0
002a7000,1a7000,A,24,5,call,0,r0:r1,0,5,0,1,0,0
002a7018,1a7018,A,24,5,call,0,void,0,5,0,1,0,0
002a7030,1a7030,A,76,17,call,1,r0:r1,0,1618,1,3,1,0
002a707c,1a707c,A,16,3,call,2,r0:r1,0,4,0,1,0,0
002a708c,1a708c,A,16,3,call,2,r0:r1,0,4,0,1,0,0
002a709c,1a709c,A,140,31,call,0,r0:r1,0,4,5,4,0,0
002a7130,1a7130,T,94,45,tail,3,r0,0,1,2,12,0,0
002a71a8,1a71a8,T,90,41,tail,3,r0,0,1,4,13,0,0
002a7320,1a7320,T,108,50,prologue,4,void,0,3,4,10,1,0
002a73a0,1a73a0,T,192,47,prologue,4,r0:r1,0,2,2,9,0,0
002a7490,1a7490,A,116,29,call,3,r0:r1,0,76,0,6,0,0
002a7508,1a7508,T,14,7,call,3,r0:r1,0,3,0,3,0,0
002a7518,1a7518,T,308,140,prologue,4,r0,0,2,2,35,0,0
002a764c,1a764c,A,240,36,call,2,r0:r1,0,29,1,14,1,0
002a76ac,1a76ac,A,148,24,tail,2,r0,0,1,0,4,0,0
002a7764,1a7764,T,70,33,prologue,3,void,0,1,2,9,0,0
002a77aa,1a77aa,T,26,11,prologue,4,void,0,4,2,3,0,0
002a77c4,1a77c4,T,52,1,call,0,r0,0,3,0,1,1,0
002a77c6,1a77c6,T,62,20,prologue,1,r0,0,0,2,4,0,0
002a7804,1a7804,T,56,23,prologue,4,r0:r1,0,4,4,3,0,0
002a783c,1a783c,T,18,9,call,1,r0:r1,0,62,0,3,0,0
002a7854,1a7854,T,16,4,prologue,4,void,0,0,1,1,0,0
002a7864,1a7864,T,158,73,prologue,2,void,0,2,1,25,0,0
002a7902,1a7902,T,106,50,prologue,4,void,0,1,3,18,0,0
002a796c,1a796c,T,156,66,prologue,4,void,0,1,4,17,0,0
002a7a08,1a7a08,T,76,32,prologue,4,void,0,1,4,6,0,0
002a7a54,1a7a54,T,76,36,prologue,4,r0,0,1,0,9,0,0
002a7aa0,1a7aa0,T,2,1,call,1,r0,0,1,0,1,1,0
002a7aa2,1a7aa2,T,10,4,prologue,0,void,0,0,1,1,0,0
002a7aac,1a7aac,T,228,71,prologue,4,r0,0,2,3,20,0,0
002a7b40,1a7b40,T,84,35,prologue,4,r0,0,0,3,9,0,0
002a7b94,1a7b94,A,4,1,call,0,r0:r1,0,161,0,1,1,0
002a7b98,1a7b98,A,80,20,call,3,void,0,3,0,5,0,0
002a7be8,1a7be8,A,4,1,gapstart,1,r0,0,1,0,1,1,0
002a7bec,1a7bec,A,44,10,call,2,r0:r1,0,80,0,3,1,0
002a7c18,1a7c18,T,20,10,call,1,void,0,3,0,1,0,0
002a7c2c,1a7c2c,T,216,35,prologue,3,r0:r1,0,2,3,6,0,0
002a7c78,1a7c78,T,76,37,prologue,1,r0:r1,0,2,1,8,0,0
002a7cc4,1a7cc4,T,68,29,prologue,1,void,0,1,1,3,0,0
002a7d08,1a7d08,T,26,12,prologue,2,r0:r1,0,4,1,3,0,0
002a7d24,1a7d24,A,1656,72,call,2,r0:r1,0,28,1,15,0,0
002a7dc8,1a7dc8,T,112,50,prologue,3,r0:r1,0,4,3,16,0,0
002a7e38,1a7e38,A,140,56,call,3,r0:r1,0,30,1,18,0,0
002a7ec4,1a7ec4,A,152,38,call,1,r0,0,1,1,3,0,0
002a7f5c,1a7f5c,T,8,3,call,1,r0:r1,0,600,1,1,0,0
002a7f64,1a7f64,T,24,10,call,2,r0:r1,0,348,2,3,0,0
002a7f88,1a7f88,T,380,175,call,4,r0:r1,3,57,6,37,0,0
002a8104,1a8104,A,40,10,gapstart,3,r0:r1,0,2,0,3,0,0
002a812c,1a812c,A,8,2,gapstart,4,r0,0,4,1,1,0,0
002a8134,1a8134,T,34,17,call,4,r0:r1,0,45,0,4,1,0
002a8158,1a8158,A,152,38,gapstart,4,void,0,1,2,6,1,0
002a81f0,1a81f0,A,136,34,call,3,r0:r1,0,219,1,10,0,0
002a8278,1a8278,A,540,135,call,2,r0:r1,0,11,1,27,1,0
002a8494,1a8494,A,16,4,tail,1,r0,0,2,1,1,0,0
002a84a6,1a84a6,T,1038,196,prologue,4,r0,1,0,6,52,0,0
002a88b4,1a88b4,A,48,12,prologue,3,r0:r1,0,2,2,3,0,0
002a88e4,1a88e4,T,72,32,call,4,r0:r1,0,45,1,6,0,0
002a892c,1a892c,T,12,4,call,2,r0:r1,0,9,2,1,0,0
002a8938,1a8938,T,60,27,call,4,r0:r1,0,41,3,5,0,0
002a8974,1a8974,T,14,7,call,1,r0,0,2,0,3,0,0
002a8984,1a8984,A,12,2,call,2,r0:r1,0,6,0,1,0,0
002a8990,1a8990,A,12,2,gapstart,2,r0:r1,0,17,0,1,0,0
002a899c,1a899c,A,8,2,call,0,r0,0,3,0,1,0,0
002a89a4,1a89a4,A,16,4,call,2,r0:r1,0,21,1,1,0,0
002a89b8,1a89b8,A,152,38,call,2,r0:r1,0,2,0,3,0,0
002a8a50,1a8a50,T,176,85,call,4,r0,0,2,2,22,3,0
002a8b00,1a8b00,T,22,11,call,2,r0,0,1,0,5,0,0
002a8b16,1a8b16,T,22,11,call,2,r0:r1,0,3,0,5,0,0
002a8b2c,1a8b2c,T,44,22,call,1,void,0,7,0,8,1,0
002a8b58,1a8b58,T,34,17,call,1,void,0,7,0,5,1,0
002a8b7c,1a8b7c,A,8,2,gapstart,3,void,0,0,0,1,0,0
002a8b94,1a8b94,T,80,34,call,4,r0:r1,0,21,3,6,0,0
002a8be4,1a8be4,T,68,33,call,3,r0,0,2,1,6,1,0
002a8c28,1a8c28,T,64,31,call,3,r0,0,2,1,5,1,0
002a8c68,1a8c68,T,10,5,call,2,r0:r1,0,4,0,1,0,0
002a8c7e,1a8c7e,T,38,15,call,4,r0:r1,0,5,1,1,0,0
002a8ca4,1a8ca4,T,30,15,call,2,r0:r1,0,6,0,7,0,0
002a8cc4,1a8cc4,A,24,6,call,4,r0:r1,0,3,0,1,0,0
002a8cdc,1a8cdc,T,128,56,call,4,r0:r1,0,14,2,11,0,0
002a8d5c,1a8d5c,T,12,5,call,3,r0:r1,0,3,1,1,0,0
002a8d68,1a8d68,A,8,2,gapstart,0,void,0,3,1,1,0,0
002a8d70,1a8d70,T,128,41,call,0,void,0,4,4,6,0,0
002a8df8,1a8df8,T,12,5,call,4,r0:r1,0,99,1,1,0,0
002a8e04,1a8e04,A,8,2,gapstart,4,r0:r1,0,4,1,1,0,0
002a8e0c,1a8e0c,T,60,27,call,4,r0:r1,0,22,3,4,0,0
002a8e48,1a8e48,T,56,23,call,3,r0,0,97,3,4,0,0
002a8e80,1a8e80,A,12,3,gapstart,4,void,0,0,1,1,0,0
002a8ea8,1a8ea8,A,4,1,call,1,r0,0,1,0,1,1,0
002a8eac,1a8eac,A,76,17,call,1,r0:r1,0,84,1,3,1,0
002a8ef8,1a8ef8,A,36,8,call,1,r0:r1,0,32,0,3,1,0
002a8f1c,1a8f1c,A,104,25,call,2,r0:r1,0,4,0,8,0,0
002a8f84,1a8f84,T,8,3,call,1,r0,0,9,1,1,0,0
002a8f8c,1a8f8c,A,96,23,call,1,r0:r1,0,170,0,10,0,0
002a8ffc,1a8ffc,A,36,8,call,1,r0:r1,0,980,0,3,1,0
002a9020,1a9020,T,96,43,call,4,r0:r1,0,138,2,8,5,0
002a9080,1a9080,T,40,16,call,1,r0:r1,0,6,2,7,1,0
002a90a8,1a90a8,A,1824,441,gapstart,3,void,0,1,4,53,0,0
002a97c8,1a97c8,A,232,51,prologue,2,void,0,1,2,4,0,0
002a98b0,1a98b0,A,408,100,prologue,1,void,0,1,1,7,1,0
002a9a48,1a9a48,A,160,40,prologue,1,r0,0,0,2,11,1,0
002a9ae8,1a9ae8,A,168,41,prologue,2,void,0,1,2,3,0,0
002a9b90,1a9b90,A,396,93,prologue,1,void,0,1,5,13,0,0
002a9d1c,1a9d1c,A,296,67,prologue,2,void,0,1,2,8,0,0
002a9e44,1a9e44,A,360,89,ptr,1,r0,0,0,0,16,9,0
002a9fac,1a9fac,A,456,113,prologue,2,void,0,1,2,16,0,0
002aa178,1aa178,A,84,21,ptr,2,r0,0,0,2,5,0,0
002aa1cc,1aa1cc,A,932,231,prologue,2,r0,0,1,5,39,6,0
002aa570,1aa570,A,80,20,ptr,2,r0,0,0,0,4,2,0
002aa5c0,1aa5c0,A,1760,433,prologue,4,r0,0,1,6,59,12,0
002aaca0,1aaca0,A,1672,414,ptr,4,r0,0,0,1,79,35,0
002ab328,1ab328,A,92,23,prologue,2,r0,0,1,1,3,2,0
002ab384,1ab384,A,344,86,prologue,2,r0,0,1,0,13,5,0
002ab4e0,1ab4e0,A,688,164,ptr,3,r0,0,0,5,19,4,0
002ab790,1ab790,A,128,32,ptr,1,void,0,0,0,10,0,0
002ab810,1ab810,A,80,20,ptr,2,r0,0,0,0,4,2,0
002ab860,1ab860,A,460,115,prologue,4,r0,0,1,2,22,4,0
002aba2c,1aba2c,A,696,172,ptr,4,r0,0,0,0,33,11,0
002abce4,1abce4,A,52,12,ptr,1,r0,0,0,0,3,0,0
002abd18,1abd18,A,36,8,call,0,void,0,1,0,3,0,0
002abd3c,1abd3c,A,312,76,call,2,void,0,1,0,13,0,0
002abe74,1abe74,A,104,25,ptr,4,r0,0,0,2,7,0,0
002abedc,1abedc,A,48,12,ptr,2,void,0,0,3,1,0,0
002abf0c,1abf0c,A,48,12,ptr,2,void,0,0,3,1,0,0
002abf3c,1abf3c,A,292,73,ptr,2,void,0,0,2,13,2,0
002ac060,1ac060,A,16,4,ptr,2,void,0,0,1,1,0,0
002ac070,1ac070,A,300,75,ptr,2,r0,0,0,1,13,2,0
002ac19c,1ac19c,A,304,76,ptr,2,void,0,0,3,13,2,0
002ac2cc,1ac2cc,A,304,76,ptr,2,void,0,0,3,13,2,0
002ac3fc,1ac3fc,A,304,76,ptr,2,void,0,0,3,13,2,0
002ac52c,1ac52c,A,304,76,ptr,2,void,0,0,3,13,2,0
002ac65c,1ac65c,A,304,76,ptr,2,void,0,0,3,13,2,0
002ac78c,1ac78c,A,16,4,ptr,2,void,0,0,1,1,0,0
002ac79c,1ac79c,A,304,76,ptr,2,void,0,0,3,13,2,0
002ac8cc,1ac8cc,A,280,70,ptr,2,r0,0,0,1,13,2,0
002ac9e4,1ac9e4,A,12,3,call,1,void,0,1,0,1,0,0
002ac9f0,1ac9f0,A,128,32,call,2,void,0,1,0,1,0,0
002aca70,1aca70,A,64,15,prologue,2,r0,0,1,0,3,1,0
002acab0,1acab0,A,292,73,ptr,2,void,0,0,2,13,2,0
002acbd8,1acbd8,A,84,21,ptr,2,r0,0,0,3,4,0,0
002acc2c,1acc2c,A,212,53,prologue,2,r0,0,1,1,3,1,0
002acdf8,1acdf8,A,80,20,ptr,2,r0,0,0,0,4,2,0
002ace48,1ace48,A,520,128,prologue,4,r0,0,1,2,25,4,0
002ad050,1ad050,A,844,207,ptr,4,r0,0,0,1,40,15,0
002ad39c,1ad39c,A,712,178,call,3,void,0,1,0,27,0,0
002ad664,1ad664,A,80,20,ptr,2,r0,0,0,0,4,2,0
002ad6b4,1ad6b4,A,1196,293,prologue,4,r0,0,1,3,60,16,0
002adb64,1adb64,A,772,189,ptr,4,r0,0,0,0,37,13,0
002ade68,1ade68,A,56,13,prologue,2,r0,0,2,0,3,1,0
002adea4,1adea4,A,56,13,prologue,1,r0,0,1,0,3,1,0
002adee0,1adee0,A,348,87,call,2,void,0,1,0,23,0,0
002ae03c,1ae03c,A,164,41,call,1,void,0,1,0,5,0,0
002ae0e0,1ae0e0,A,220,54,call,2,void,0,1,0,8,0,0
002ae1c0,1ae1c0,A,72,18,ptr,2,r0,0,0,0,4,1,0
002ae220,1ae220,A,72,18,ptr,2,r0,0,0,0,4,1,0
002ae268,1ae268,A,72,18,ptr,2,r0,0,0,0,4,1,0
002ae2bc,1ae2bc,A,16,4,call,1,void,0,1,0,1,1,0
002ae2cc,1ae2cc,A,76,18,prologue,2,r0,0,1,0,3,1,0
002ae31c,1ae31c,A,88,21,ptr,1,r0,0,0,0,4,2,0
002ae374,1ae374,A,176,44,call,1,void,0,1,0,7,0,0
002ae424,1ae424,A,8,2,ptr,1,r0,0,0,0,1,0,0
002ae42c,1ae42c,A,8,2,ptr,1,r0,0,0,0,1,0,0
002ae434,1ae434,A,8,2,ptr,1,r0,0,0,0,1,0,0
002ae43c,1ae43c,A,8,2,ptr,1,r0,0,0,0,1,0,0
002ae444,1ae444,A,8,2,ptr,1,r0,0,0,0,1,0,0
002ae44c,1ae44c,A,1896,464,prologue,4,r0,1,1,3,60,11,0
002aebb4,1aebb4,A,440,108,ptr,1,void,0,0,1,19,4,0
002aed6c,1aed6c,A,80,20,ptr,1,r0,0,0,0,3,1,0
002aedc0,1aedc0,A,12,3,ptr,1,void,0,0,0,1,0,0
002aedcc,1aedcc,A,1064,260,ptr,2,r0,0,1,2,53,4,0
002af1f4,1af1f4,A,136,32,ptr,1,r0,0,0,0,5,2,0
002af27c,1af27c,A,56,13,prologue,1,r0,0,1,0,3,1,0
002af2b4,1af2b4,A,3436,814,ptr,3,r0,0,0,7,129,0,0
002b0020,1b0020,A,8,2,ptr,1,r0,0,0,0,1,0,0
002b0028,1b0028,A,76,18,prologue,2,r0,0,1,0,3,1,0
002b0074,1b0074,A,2040,503,ptr,4,void,0,0,5,16,0,0
002b086c,1b086c,A,64,15,ptr,1,r0,0,0,0,3,1,0
002b08ac,1b08ac,A,752,153,prologue,2,void,0,1,1,25,0,0
002b0b9c,1b0b9c,A,20,5,call,2,void,0,1,0,1,1,0
002b0bb0,1b0bb0,A,320,70,prologue,2,r0,0,0,1,9,0,0
002b0cf0,1b0cf0,A,3024,684,prologue,4,r0:r1,3,1,7,81,3,0
002b18c0,1b18c0,A,108,26,ptr,1,r0,0,0,0,5,1,0
002b192c,1b192c,A,56,13,prologue,2,r0,0,2,0,3,1,0
002b1968,1b1968,A,560,135,call,1,void,0,1,0,7,0,0
002b1b98,1b1b98,A,564,136,call,2,void,0,1,0,7,0,0
002b1dcc,1b1dcc,A,736,179,call,2,void,0,1,0,19,0,0
002b20ac,1b20ac,A,8,2,ptr,1,r0,0,0,0,1,0,0
002b20b4,1b20b4,A,76,18,prologue,2,r0,0,1,0,3,1,0
002b2100,1b2100,A,732,183,ptr,4,r0,0,0,4,9,0,0
002b23e8,1b23e8,A,64,15,ptr,1,r0,0,0,0,3,1,0
002b2428,1b2428,A,16,3,ptr,1,void,0,0,0,1,0,0
002b2438,1b2438,A,8,2,ptr,1,r0,0,0,0,1,0,0
002b2440,1b2440,A,104,24,prologue,2,r0,0,1,0,3,1,0
002b24a8,1b24a8,A,520,130,ptr,3,void,0,0,0,7,0,0
002b26c4,1b26c4,A,64,15,ptr,1,r0,0,0,0,3,1,0
002b2704,1b2704,A,184,42,ptr,2,void,0,0,1,7,2,0
002b27bc,1b27bc,A,156,38,ptr,1,r0,0,0,0,8,1,0
002b2858,1b2858,A,492,122,prologue,4,void,0,1,4,18,0,0
002b2a44,1b2a44,A,1580,384,prologue,2,r0,0,1,2,53,9,0
002b3070,1b3070,A,60,15,ptr,2,r0,0,0,2,3,0,0
002b30ac,1b30ac,A,232,55,ptr,1,r0,0,0,0,9,3,0
002b3194,1b3194,A,8,2,ptr,1,r0,0,0,0,1,0,0
002b319c,1b319c,A,212,50,prologue,1,r0,0,1,0,7,2,0
002b3270,1b3270,A,76,18,prologue,2,r0,0,1,0,3,1,0
002b32bc,1b32bc,A,448,112,ptr,4,r0,0,0,2,8,0,0
002b3480,1b3480,A,64,15,ptr,1,r0,0,0,0,3,1,0
002b34c0,1b34c0,A,2516,629,prologue,2,void,0,1,1,108,8,0
002b3e94,1b3e94,A,312,78,call,2,void,0,1,0,3,0,0
002b3fcc,1b3fcc,A,1740,434,prologue,3,void,0,1,1,59,18,0
002b4698,1b4698,A,188,46,prologue,3,r0,0,1,1,3,1,0
002b4754,1b4754,A,332,82,ptr,1,r0,0,0,0,15,5,0
002b48a0,1b48a0,A,56,13,prologue,1,r0,0,1,0,3,1,0
002b48d8,1b48d8,A,3464,821,ptr,3,r0,0,0,7,127,0,0
002b5664,1b5664,A,8,2,ptr,1,r0,0,0,0,1,0,0
002b566c,1b566c,A,104,24,prologue,2,r0,0,1,0,3,1,0
002b56d4,1b56d4,A,520,130,ptr,3,r0,0,0,0,8,0,0
002b58f4,1b58f4,A,64,15,ptr,1,r0,0,0,0,3,1,0
002b5938,1b5938,A,2104,486,ptr,3,r0,0,0,4,80,0,0
002b6174,1b6174,A,352,88,ptr,2,r0,0,0,0,19,2,0
002b62d4,1b62d4,A,940,234,prologue,2,r0,0,1,1,18,3,0
002b6680,1b6680,A,1564,391,ptr,4,r0,0,0,4,75,2,0
002b6c9c,1b6c9c,A,36,8,ptr,1,r0,0,0,1,1,0,0
002b6cc0,1b6cc0,A,8,2,ptr,1,r0,0,0,0,1,0,0
002b6cc8,1b6cc8,A,252,57,prologue,1,r0,0,1,0,7,2,0
002b6dc4,1b6dc4,A,104,24,prologue,2,r0,0,1,0,3,1,0
002b6e2c,1b6e2c,A,444,111,ptr,3,void,0,0,1,7,0,0
002b7000,1b7000,A,64,15,ptr,1,r0,0,0,0,3,1,0
002b7050,1b7050,A,240,60,ptr,2,r0,0,0,3,12,2,0
002b7140,1b7140,A,200,50,prologue,2,void,0,1,0,9,5,0
002b7208,1b7208,A,416,104,prologue,3,r0,0,1,2,21,3,0
002b73a8,1b73a8,A,656,153,prologue,4,void,0,1,1,24,0,0
002b7638,1b7638,A,152,38,prologue,2,r0,0,1,1,3,1,0
002b76d0,1b76d0,A,272,68,prologue,4,void,0,1,2,5,0,0
002b77e0,1b77e0,A,80,20,ptr,2,r0,0,0,0,4,2,0
002b7830,1b7830,A,536,132,prologue,4,r0,0,1,2,25,4,0
002b7a4c,1b7a4c,A,304,76,prologue,2,void,0,1,2,9,1,0
002b7b7c,1b7b7c,A,836,206,ptr,4,r0,0,0,1,41,15,0
002b7ec0,1b7ec0,A,284,68,prologue,3,r0,0,1,3,8,2,0
002b7fdc,1b7fdc,A,120,29,prologue,1,r0,0,2,0,11,2,0
002b8054,1b8054,A,340,85,prologue,4,r0,0,1,5,13,0,0
002b81a8,1b81a8,A,908,221,prologue,4,r0,0,1,1,57,0,0
002b8534,1b8534,A,208,52,prologue,3,void,0,1,1,9,0,0
002b8604,1b8604,A,684,171,prologue,4,void,0,1,1,31,0,0
002b88b0,1b88b0,A,440,110,prologue,4,r0,0,1,4,28,0,0
002b8a68,1b8a68,A,276,69,prologue,4,void,0,1,2,7,0,0
002b8b7c,1b8b7c,A,152,38,prologue,2,void,0,1,1,3,0,0
002b8c14,1b8c14,A,488,119,prologue,2,r0,0,1,3,14,3,0
002b8dfc,1b8dfc,A,24,6,ptr,2,void,0,0,0,1,1,0
002b8e14,1b8e14,A,200,50,call,3,r0,0,1,3,9,0,0
002b8edc,1b8edc,A,208,52,prologue,2,r0,0,2,0,14,1,0
002b8fac,1b8fac,A,1192,297,prologue,4,void,0,1,7,45,0,0
002b9454,1b9454,A,632,153,prologue,2,r0,0,2,0,16,3,0
002b96cc,1b96cc,A,292,71,prologue,4,void,0,1,1,9,2,0
002b97f0,1b97f0,A,196,49,prologue,2,void,0,2,3,12,0,0
002b98b4,1b98b4,A,96,23,prologue,2,r0,0,1,0,6,2,0
002b9914,1b9914,A,64,15,call,1,void,0,1,0,6,2,0
002b9954,1b9954,A,80,19,prologue,3,r0,0,1,0,6,2,0
002b99a4,1b99a4,A,52,12,call,1,void,0,1,0,5,2,0
002b99d8,1b99d8,A,628,156,call,2,r0,0,1,0,30,0,0
002b9c4c,1b9c4c,A,96,24,prologue,4,r0,0,1,2,3,0,0
002b9cac,1b9cac,A,44,11,prologue,4,void,0,1,1,1,0,0
002b9cd8,1b9cd8,A,8,2,ptr,0,r0,0,0,0,1,0,0
002b9ce0,1b9ce0,A,172,42,prologue,1,r0,0,1,0,10,2,0
002b9d8c,1b9d8c,A,144,35,call,1,r0,0,1,1,12,0,0
002b9e1c,1b9e1c,A,124,29,prologue,1,void,0,1,0,9,1,0
002b9e98,1b9e98,A,464,113,ptr,1,void,0,1,3,24,2,0
002ba068,1ba068,A,328,82,prologue,4,void,0,1,2,14,0,0
002ba1b0,1ba1b0,A,656,164,ptr,4,void,0,1,4,15,2,0
002ba440,1ba440,A,116,27,ptr,1,r0,0,0,1,7,0,0
002ba4b4,1ba4b4,A,8,2,ptr,0,r0,0,0,0,1,0,0
002ba4bc,1ba4bc,A,156,37,ptr,1,r0,0,0,0,9,1,0
002ba55c,1ba55c,A,116,27,ptr,1,r0,0,0,1,7,0,0
002ba5d0,1ba5d0,A,128,29,ptr,1,r0,0,0,0,8,1,0
002ba650,1ba650,A,12,3,ptr,1,void,0,0,0,1,0,0
002ba65c,1ba65c,A,300,75,prologue,3,void,0,2,4,10,0,0
002ba788,1ba788,A,984,246,prologue,4,r0,0,1,2,37,0,0
002bab60,1bab60,A,372,93,prologue,4,void,0,1,1,13,0,0
002bacd8,1bacd8,A,88,22,ptr,4,r0,0,0,1,5,0,0
002bad30,1bad30,A,128,29,ptr,1,r0,0,0,0,8,1,0
002badb0,1badb0,A,376,91,ptr,1,r0,0,0,2,22,0,0
002baf28,1baf28,A,124,31,prologue,2,r0,0,0,1,1,0,0
002bafa4,1bafa4,A,480,119,prologue,2,void,0,2,1,11,0,0
002bb184,1bb184,A,344,85,prologue,2,void,0,2,1,8,0,0
002bb2dc,1bb2dc,A,788,191,prologue,2,void,0,2,1,13,0,0
002bb5f4,1bb5f4,A,240,60,ptr,4,r0,0,0,2,7,0,0
002bb6e4,1bb6e4,A,12,3,ptr,1,void,0,0,0,1,0,0
002bb6f0,1bb6f0,A,424,106,prologue,2,void,0,1,3,9,1,0
002bb89c,1bb89c,A,172,43,ptr,4,void,0,0,2,5,0,0
002bb948,1bb948,A,176,44,ptr,3,r0,0,0,4,9,0,0
002bb9f8,1bb9f8,A,44,11,ptr,4,void,0,0,1,1,0,0
002bba24,1bba24,A,40,10,ptr,4,void,0,0,1,1,0,0
002bba4c,1bba4c,A,248,62,ptr,2,r0,0,0,3,12,2,0
002bbb44,1bbb44,A,216,54,ptr,2,r0,0,0,1,9,3,0
002bbc1c,1bbc1c,A,12,3,call,1,void,0,1,0,1,1,0
002bbc28,1bbc28,A,156,39,ptr,2,void,0,1,0,5,3,0
002bbcc4,1bbcc4,A,96,24,ptr,2,void,0,0,0,3,2,0
002bbd24,1bbd24,A,120,30,prologue,4,r0,0,1,2,5,0,0
002bbd9c,1bbd9c,A,1100,255,prologue,3,void,0,1,5,45,1,0
002bc1e8,1bc1e8,A,316,78,prologue,4,r0,0,1,2,14,0,0
002bc324,1bc324,A,456,114,prologue,4,r0,0,1,3,18,0,0
002bc4ec,1bc4ec,A,120,29,prologue,2,r0,0,1,0,6,2,0
002bc564,1bc564,A,4,1,call,2,r0,0,2,0,1,1,0
002bc568,1bc568,A,84,20,prologue,4,r0,0,0,0,5,2,0
002bc5bc,1bc5bc,A,80,20,ptr,2,r0,0,0,0,4,2,0
002bc60c,1bc60c,A,752,185,ptr,4,r0,0,0,0,35,13,0
002bc8fc,1bc8fc,A,392,98,ptr,2,r0,0,2,8,18,2,0
002bca84,1bca84,A,680,170,prologue,2,r0,0,1,0,21,10,0
002bcd2c,1bcd2c,A,532,133,prologue,2,r0,0,1,1,19,4,0
002bcf40,1bcf40,A,780,195,prologue,2,r0,0,1,1,21,6,0
002bd24c,1bd24c,A,664,160,prologue,2,void,0,1,4,33,0,0
002bd4e4,1bd4e4,A,420,105,prologue,2,r0,0,1,4,27,3,0
002bd688,1bd688,A,8,2,call,4,void,0,2,0,3,1,0
002bd690,1bd690,A,64,16,prologue,3,void,0,0,0,1,2,0
002bd6d0,1bd6d0,A,888,222,prologue,2,void,0,1,2,45,0,0
002bda48,1bda48,A,4,1,call,4,void,0,1,0,1,1,0
002bda4c,1bda4c,A,784,196,prologue,4,r0,5,0,3,20,0,0
002bdd5c,1bdd5c,A,880,220,prologue,2,r0,0,1,0,28,5,0
002be0cc,1be0cc,A,80,20,ptr,2,r0,0,0,0,4,2,0
002be11c,1be11c,A,984,241,prologue,4,r0,0,1,4,31,4,0
002be4f4,1be4f4,A,1588,394,ptr,4,r0,0,0,0,76,33,0
002beb28,1beb28,A,72,18,ptr,2,r0,0,0,3,3,0,0
002beb70,1beb70,A,692,173,prologue,2,r0,0,1,1,27,7,0
002bee24,1bee24,A,964,239,prologue,2,r0,0,1,4,28,15,0
002bf1f0,1bf1f0,A,640,160,prologue,4,r0,0,1,2,35,5,0
002bf470,1bf470,A,176,44,prologue,2,r0:r1,0,1,0,7,3,0
002bf520,1bf520,A,8,2,call,1,void,0,1,0,1,1,0
002bf528,1bf528,A,1012,253,prologue,1,r0,0,0,3,8,4,0
002bfb78,1bfb78,A,80,20,ptr,2,r0,0,0,0,4,2,0
002bfbc8,1bfbc8,A,1032,258,prologue,4,r0,0,1,8,45,12,0
002bffd0,1bffd0,A,212,52,prologue,4,r0,0,2,5,1,0,0
002c00a4,1c00a4,A,956,236,ptr,4,r0,0,0,1,46,18,0
002c0460,1c0460,A,496,123,prologue,2,r0,0,1,0,12,3,0
002c0650,1c0650,A,108,26,ptr,1,r0,0,0,0,5,2,0
002c06bc,1c06bc,A,400,100,prologue,2,r0,0,1,2,16,2,0
002c084c,1c084c,A,1344,330,prologue,4,void,0,1,4,38,4,0
002c0d8c,1c0d8c,A,388,97,prologue,4,void,0,2,4,15,3,0
002c0f10,1c0f10,A,1156,284,prologue,4,void,0,2,1,37,0,0
002c1394,1c1394,A,760,190,prologue,2,void,0,1,0,17,14,0
002c168c,1c168c,A,720,180,prologue,4,void,0,1,1,22,1,0
002c195c,1c195c,A,352,88,prologue,4,r0,0,1,3,7,3,0
002c1abc,1c1abc,A,196,48,prologue,4,r0,1,1,1,1,0,0
002c1b80,1c1b80,A,164,40,ptr,4,r0,0,0,1,7,1,0
002c1c24,1c1c24,A,632,158,prologue,4,void,0,1,0,20,10,0
002c1e9c,1c1e9c,A,336,83,ptr,4,void,0,1,0,17,8,0
002c1fec,1c1fec,A,764,184,prologue,2,void,0,2,3,12,0,0
002c22e8,1c22e8,A,1008,245,prologue,4,void,0,2,2,12,0,0
002c26d8,1c26d8,A,1484,368,prologue,2,void,0,2,4,58,0,0
002c2ca4,1c2ca4,A,1684,404,prologue,3,void,0,2,11,44,1,0
002c3338,1c3338,A,1200,295,prologue,4,void,0,2,1,31,0,0
002c37e8,1c37e8,A,388,1,call,0,void,0,1,0,1,1,0
002c37ec,1c37ec,A,400,95,prologue,4,r0,0,0,3,6,0,0
002c397c,1c397c,A,48,10,prologue,0,void,0,2,1,1,0,0
002c39ac,1c39ac,A,56,2,call,1,void,0,1,0,1,1,0
002c39b4,1c39b4,A,52,11,prologue,1,r0,0,0,1,1,0,0
002c39e8,1c39e8,A,504,114,prologue,3,void,0,1,2,15,0,0
002c3be0,1c3be0,A,520,122,call,2,void,0,1,0,19,0,0
002c3de8,1c3de8,A,116,29,call,2,r0,0,1,0,3,0,0
002c3e5c,1c3e5c,A,164,41,call,1,r0,0,1,0,7,0,0
002c3f00,1c3f00,A,232,57,ptr,1,r0,0,0,0,11,5,0
002c3fe8,1c3fe8,A,88,22,ptr,2,r0,0,1,3,4,0,0
002c4040,1c4040,A,96,24,ptr,1,r0,0,0,0,6,1,0
002c40a0,1c40a0,A,1024,256,prologue,2,r0,0,1,0,29,5,0
002c44a0,1c44a0,A,344,86,prologue,2,r0,0,1,0,13,5,0
002c45fc,1c45fc,A,1016,253,prologue,2,r0,0,1,0,40,11,0
002c49f4,1c49f4,A,64,16,ptr,1,void,0,0,0,5,0,0
002c4a34,1c4a34,A,80,20,ptr,2,r0,0,0,0,4,2,0
002c4a84,1c4a84,A,544,135,prologue,4,r0,0,1,1,23,4,0
002c4ca4,1c4ca4,A,532,132,ptr,4,r0,0,0,0,26,7,0
002c4eb8,1c4eb8,A,76,19,call,3,void,0,2,0,4,0,0
002c4f04,1c4f04,A,804,188,prologue,4,void,0,2,12,24,1,0
002c5228,1c5228,A,220,52,prologue,3,void,0,1,2,10,0,0
002c5304,1c5304,A,32,8,gapstart,1,void,0,0,0,1,0,0
002c5324,1c5324,A,168,39,prologue,2,void,0,1,1,7,0,0
002c53cc,1c53cc,A,76,19,call,2,r0:r1,0,1,0,1,0,0
002c5418,1c5418,A,112,1,call,0,void,0,2,0,1,1,0
002c541c,1c541c,A,112,26,prologue,4,r0,0,0,2,6,1,0
002c548c,1c548c,A,12,3,call,1,r0:r1,0,3,0,1,1,0
002c5498,1c5498,A,140,35,prologue,4,void,0,1,2,5,0,0
002c5524,1c5524,A,8,2,call,1,void,0,1,0,1,1,0
002c552c,1c552c,A,128,32,prologue,2,r0,0,0,3,9,1,0
002c55ac,1c55ac,A,80,20,prologue,2,r0,0,1,1,5,0,0
002c55fc,1c55fc,A,168,42,prologue,2,r0:r1,0,1,3,11,1,0
002c56a4,1c56a4,A,16,4,call,2,r0,0,1,1,1,0,0
002c56b4,1c56b4,A,104,26,prologue,1,void,0,1,2,6,1,0
002c571c,1c571c,A,24,6,ptr,3,void,0,0,1,3,1,0
002c5734,1c5734,A,156,38,ptr,3,r0,0,0,1,4,1,0
002c57d0,1c57d0,A,180,44,ptr,4,r0,0,0,6,7,2,0
002c5884,1c5884,A,16,3,call,1,r0,0,1,0,1,0,0
002c5898,1c5898,A,8,2,call,1,r0,0,2,0,1,1,0
002c58a0,1c58a0,A,168,42,prologue,3,void,0,1,2,5,0,0
002c5948,1c5948,A,8,2,call,1,void,0,1,0,1,1,0
002c5950,1c5950,A,44,11,prologue,2,r0,0,0,3,3,0,0
002c597c,1c597c,A,136,34,prologue,3,void,0,1,1,5,0,0
002c5a04,1c5a04,A,84,21,prologue,2,r0:r1,0,1,3,5,0,0
002c5a58,1c5a58,A,16,4,ptr,2,void,0,0,0,1,1,0
002c5a68,1c5a68,A,336,84,ptr,4,r0,0,0,1,15,1,0
002c5bb8,1c5bb8,A,384,96,ptr,4,r0,0,0,2,21,2,0
002c5d38,1c5d38,A,728,175,ptr,3,r0,0,0,1,27,1,0
002c6010,1c6010,A,884,214,ptr,3,r0,0,0,4,30,0,0
002c6384,1c6384,A,56,12,call,1,r0,0,1,0,1,0,0
002c63bc,1c63bc,A,52,12,ptr,1,r0,0,0,1,1,0,0
002c63f0,1c63f0,A,104,26,ptr,3,void,0,1,2,4,1,0
002c6458,1c6458,A,16,4,call,3,r0,0,3,0,1,1,0
002c6468,1c6468,A,88,22,ptr,4,r0,0,1,1,4,0,0
002c64c0,1c64c0,A,104,26,prologue,3,r0:r1,0,2,1,6,0,0
002c6528,1c6528,A,20,5,call,1,r0:r1,0,1,0,1,0,0
002c653c,1c653c,A,84,21,ptr,2,r0,0,0,2,4,1,0
002c6590,1c6590,A,72,17,prologue,1,r0,0,1,1,1,0,0
002c65d8,1c65d8,A,16,4,call,1,r0,0,2,0,1,0,0
002c65e8,1c65e8,A,628,157,prologue,4,r0,0,0,8,26,0,0
002c6868,1c6868,A,8,2,ptr,1,void,0,0,0,1,1,0
002c6870,1c6870,A,164,40,call,2,void,0,1,1,9,1,0
002c6914,1c6914,A,184,46,ptr,2,r0,0,0,0,10,4,0
002c69cc,1c69cc,A,12,3,call,1,void,0,3,0,1,1,0
002c69d8,1c69d8,A,36,9,prologue,2,void,0,1,1,1,0,0
002c69fc,1c69fc,A,924,231,ptr,2,r0,0,0,3,23,2,0
002c6da8,1c6da8,A,36,9,ptr,2,void,0,0,0,1,1,0
002c6dcc,1c6dcc,A,116,29,ptr,3,r0,0,0,1,7,1,0
002c6e40,1c6e40,A,28,7,ptr,3,void,0,0,0,3,1,0
002c6e5c,1c6e5c,A,100,25,ptr,3,r0,0,0,0,4,2,0
002c6ec0,1c6ec0,A,16,4,call,2,r0,0,1,1,1,0,0
002c6ed0,1c6ed0,A,196,49,ptr,3,r0,0,0,1,11,3,0
002c6f98,1c6f98,A,8,2,call,1,r0:r1,0,3,0,1,1,0
002c6fa0,1c6fa0,A,120,30,prologue,2,r0,0,1,1,6,0,0
002c7018,1c7018,A,268,63,prologue,1,void,0,2,2,7,0,0
002c7124,1c7124,A,108,27,ptr,2,r0,0,0,0,4,2,0
002c7190,1c7190,A,244,57,prologue,1,r0:r1,0,1,2,1,0,0
002c7284,1c7284,A,492,121,prologue,4,r0,1,1,8,19,0,0
002c7470,1c7470,A,240,59,prologue,3,r0,0,1,2,8,1,0
002c7560,1c7560,A,88,21,ptr,1,r0,0,0,2,3,0,0
002c75b8,1c75b8,A,268,67,prologue,4,r0,1,1,6,3,0,0
002c76c4,1c76c4,A,268,65,prologue,3,r0,0,1,2,5,0,0
002c77d0,1c77d0,A,276,66,prologue,3,r0,0,1,2,7,0,0
002c78e4,1c78e4,A,324,77,prologue,3,r0,0,1,2,7,0,0
002c7a28,1c7a28,A,896,219,prologue,3,r0,0,1,1,20,0,0
002c7da8,1c7da8,A,56,14,prologue,2,void,0,1,1,1,0,0
002c7de0,1c7de0,A,24,5,prologue,0,r0,0,0,1,1,0,0
002c7df8,1c7df8,A,428,102,ptr,4,r0,0,0,5,19,5,0
002c7fa4,1c7fa4,A,28,7,ptr,1,r0,0,0,0,3,1,0
002c7fc0,1c7fc0,A,36,9,ptr,1,r0,0,0,0,3,1,0
002c7fe4,1c7fe4,A,32,8,ptr,1,r0,0,0,0,3,1,0
002c8004,1c8004,A,60,15,ptr,3,r0,0,0,1,1,1,0
002c8040,1c8040,A,76,19,ptr,3,r0,0,0,0,5,2,0
002c808c,1c808c,A,88,21,ptr,1,r0,0,0,2,4,1,0
002c80e4,1c80e4,A,80,19,ptr,2,r0,0,0,1,3,2,0
002c8134,1c8134,A,676,160,ptr,3,r0,0,0,4,34,3,0
002c83d8,1c83d8,A,28,7,ptr,1,r0,0,0,0,3,1,0
002c83f4,1c83f4,A,56,13,call,1,r0,0,1,0,1,0,0
002c8430,1c8430,A,16,4,ptr,1,r0,0,0,2,1,0,0
002c8440,1c8440,A,240,58,ptr,1,r0,0,1,2,10,5,0
002c8530,1c8530,A,72,18,prologue,1,void,0,1,1,1,0,0
002c8578,1c8578,A,220,55,ptr,3,r0,0,0,1,12,1,0
002c8654,1c8654,A,24,6,ptr,3,r0,0,0,0,1,0,0
002c87e0,1c87e0,A,220,55,ptr,0,r0,2,0,2,8,0,0
002c88c4,1c88c4,A,200,49,ptr,1,void,0,0,3,11,2,0
002c898c,1c898c,A,24,6,ptr,3,r0,0,0,0,1,0,0
002c89a4,1c89a4,A,324,79,prologue,3,r0,0,1,7,9,0,0
002c8ae8,1c8ae8,A,96,23,ptr,1,void,0,0,3,4,1,0
002c8b48,1c8b48,A,376,93,prologue,2,void,0,1,2,15,0,0
002c8cc0,1c8cc0,A,96,24,ptr,1,r0,0,0,2,8,0,0
002c8d20,1c8d20,A,188,47,prologue,2,r0:r1,0,2,6,8,0,0
002c8ddc,1c8ddc,A,24,6,ptr,3,r0,0,0,0,1,0,0
002c8df4,1c8df4,A,140,33,call,1,void,0,1,0,1,1,0
002c8e84,1c8e84,A,428,105,prologue,4,r0,0,1,6,8,1,0
002c9034,1c9034,A,168,41,ptr,1,void,0,0,3,11,1,0
002c90dc,1c90dc,A,24,5,prologue,2,r0,0,1,1,1,0,0
002c90f4,1c90f4,A,192,43,prologue,1,r0,0,0,2,4,0,0
002c91b8,1c91b8,A,652,163,prologue,4,void,3,1,2,13,0,0
002c944c,1c944c,A,20,5,call,1,r0,0,1,0,1,0,0
002c9460,1c9460,A,328,82,call,2,void,0,1,0,6,0,0
002c95a8,1c95a8,A,64,16,call,3,void,0,1,0,6,0,0
002c95e8,1c95e8,A,8,2,ptr,2,void,0,0,1,1,0,0
002c95f0,1c95f0,A,16,4,call,2,r0,0,1,1,1,0,0
002c9600,1c9600,A,56,14,call,1,void,0,1,0,1,0,0
002c9638,1c9638,A,76,19,ptr,1,r0,0,0,0,5,1,0
002c9684,1c9684,A,64,15,ptr,1,r0,0,0,1,3,1,0
002c96c4,1c96c4,A,140,35,call,3,void,0,1,0,5,0,0
002c9750,1c9750,A,44,11,prologue,1,void,0,2,1,3,0,0
002c977c,1c977c,A,128,32,prologue,2,r0:r1,0,1,2,8,0,0
002c97fc,1c97fc,A,20,5,call,1,r0:r1,0,1,0,1,0,0
002c9810,1c9810,A,4,1,call,0,r0,0,1,0,1,1,0
002c9814,1c9814,A,24,6,prologue,2,r0,0,0,1,1,0,0
002c982c,1c982c,A,152,38,prologue,2,r0,0,2,3,4,0,0
002c98c8,1c98c8,A,96,24,prologue,2,void,0,1,1,7,0,0
002c9928,1c9928,A,64,16,ptr,4,r0,1,0,1,3,0,0
002c9968,1c9968,A,36,9,ptr,1,r0,0,0,0,3,1,0
002c998c,1c998c,A,52,13,ptr,4,r0,1,0,0,1,1,0
002c99c0,1c99c0,A,68,17,ptr,4,r0,0,1,1,3,0,0
002c9a04,1c9a04,A,100,25,prologue,2,r0:r1,0,1,1,4,0,0
002c9a70,1c9a70,A,84,1,call,0,r0,0,1,0,1,1,0
002c9a74,1c9a74,A,84,19,prologue,2,r0,0,0,1,1,0,0
002c9ad0,1c9ad0,A,148,33,ptr,1,void,0,1,2,4,0,0
002c9b64,1c9b64,A,44,11,prologue,2,void,0,1,2,1,0,0
002c9b90,1c9b90,A,44,11,prologue,2,void,0,1,2,1,0,0
002c9bbc,1c9bbc,A,12,3,gapstart,1,void,0,0,0,1,0,0
002c9bc8,1c9bc8,A,20,5,prologue,2,r0,0,0,1,1,0,0
002c9bdc,1c9bdc,A,60,15,prologue,2,void,0,1,1,3,0,0
002c9d20,1c9d20,A,192,48,prologue,2,r0,0,1,2,11,1,0
002c9de0,1c9de0,A,104,26,call,2,r0,0,1,0,9,0,0
002c9e48,1c9e48,A,76,19,prologue,2,void,0,1,0,6,1,0
002c9e94,1c9e94,A,16,4,call,1,r0,0,2,0,3,1,0
002c9ea4,1c9ea4,A,28,7,prologue,1,r0,0,0,1,1,0,0
002c9ec0,1c9ec0,A,52,13,prologue,2,void,0,1,1,1,0,0
002c9ef4,1c9ef4,A,428,104,prologue,1,void,0,1,6,21,0,0
002ca0a0,1ca0a0,A,60,15,prologue,2,void,0,1,1,1,0,0
002ca0e0,1ca0e0,A,132,33,call,1,r0,0,1,0,1,0,0
002ca16c,1ca16c,A,564,137,prologue,2,void,0,1,20,12,0,0
002ca3a0,1ca3a0,A,96,24,prologue,2,void,0,1,3,3,1,0
002ca400,1ca400,A,16,3,call,2,r0:r1,0,1,0,1,0,0
002ca410,1ca410,A,144,35,prologue,1,r0,0,1,4,4,0,0
002ca4a0,1ca4a0,A,140,33,prologue,0,void,0,1,17,3,0,0
002ca52c,1ca52c,A,64,16,prologue,3,void,0,1,1,3,0,0
002ca56c,1ca56c,A,356,88,ptr,4,r0,1,0,5,9,0,0
002ca6d0,1ca6d0,A,84,21,call,2,void,0,1,0,3,0,0
002ca724,1ca724,A,20,5,gapstart,1,r0,0,0,0,1,0,0
002ca738,1ca738,A,152,37,prologue,4,r0:r1,0,2,3,7,1,0
002ca7d0,1ca7d0,A,92,22,prologue,0,r0,0,0,1,1,0,0
002ca830,1ca830,A,48,11,ptr,4,void,0,0,2,1,0,0
002ca860,1ca860,A,40,10,call,1,void,0,1,0,1,0,0
002ca88c,1ca88c,A,36,9,prologue,2,void,0,1,2,1,0,0
002ca8b0,1ca8b0,A,84,21,prologue,1,r0,0,0,1,1,0,0
002ca904,1ca904,A,156,39,prologue,2,void,0,2,1,8,0,0
002ca9a0,1ca9a0,A,56,14,prologue,4,void,0,1,2,3,1,0
002ca9d8,1ca9d8,A,24,6,call,1,void,0,1,0,1,0,0
002ca9f0,1ca9f0,A,16,3,ptr,1,r0,0,1,0,1,0,0
002caa00,1caa00,A,112,28,ptr,3,r0,0,0,0,1,1,0
002caa78,1caa78,A,492,123,ptr,3,r0,2,0,4,20,0,0
002cac68,1cac68,A,100,25,ptr,3,r0,1,0,0,1,1,0
002caccc,1caccc,A,40,9,gapstart,1,void,0,0,0,1,0,0
002cad08,1cad08,A,4,1,call,0,r0,0,1,0,1,1,0
002cad0c,1cad0c,A,24,5,prologue,2,r0,0,0,1,1,0,0
002cad24,1cad24,A,140,35,prologue,4,void,0,1,2,5,0,0
002cadb0,1cadb0,A,68,17,prologue,2,r0,0,1,1,3,0,0
002cadf4,1cadf4,A,60,15,ptr,3,r0,0,0,0,3,1,0
002cae30,1cae30,A,56,14,ptr,4,r0,0,0,0,3,1,0
002cae68,1cae68,A,112,24,call,1,r0,0,1,0,1,0,0
002caed8,1caed8,A,136,34,ptr,2,r0,0,0,1,5,2,0
002caf60,1caf60,A,216,54,prologue,4,void,0,1,3,12,1,0
002cb038,1cb038,A,240,60,call,2,void,0,1,0,3,0,0
002cb128,1cb128,A,132,33,call,1,r0,0,1,0,1,0,0
002cb1b8,1cb1b8,A,268,67,prologue,4,void,0,1,4,6,0,0
002cb2c4,1cb2c4,A,328,82,ptr,3,r0,0,0,5,15,1,0
002cb40c,1cb40c,A,96,24,prologue,1,r0:r1,0,1,5,1,0,0
002cb46c,1cb46c,A,20,5,ptr,1,r0,0,1,1,1,0,0
002cb480,1cb480,A,540,128,prologue,3,void,0,1,3,14,0,0
002cb6a8,1cb6a8,A,192,48,prologue,3,void,0,1,1,5,0,0
002cb76c,1cb76c,A,64,16,call,4,void,0,1,0,3,0,0
002cb7b0,1cb7b0,A,184,46,prologue,4,void,1,1,1,7,0,0
002cb870,1cb870,A,100,25,prologue,4,void,2,1,2,1,0,0
002cb8d4,1cb8d4,A,264,66,call,4,void,1,1,0,11,0,0
002cb9ec,1cb9ec,A,68,17,ptr,1,r0,0,0,0,5,0,0
002cba30,1cba30,A,380,95,prologue,2,void,0,1,7,14,0,0
002cbbac,1cbbac,A,24,6,call,2,r0,0,1,0,1,0,0
002cbbc4,1cbbc4,A,500,122,prologue,4,r0,0,1,5,15,0,0
002cbdb8,1cbdb8,A,428,107,prologue,4,r0,0,1,7,20,0,0
002cbf64,1cbf64,A,8,2,ptr,2,void,0,0,1,1,0,0
002cbf6c,1cbf6c,A,48,12,ptr,4,r0,1,0,1,1,0,0
002cbf9c,1cbf9c,A,556,135,prologue,4,r0,0,1,6,16,0,0
002cc1c8,1cc1c8,A,612,150,prologue,4,r0,3,1,8,28,2,0
002cc42c,1cc42c,A,1520,377,prologue,4,r0,4,1,9,31,2,0
002cca20,1cca20,A,132,33,ptr,4,r0,0,0,3,4,0,0
002ccaa4,1ccaa4,A,1392,338,prologue,4,r0,3,1,12,54,3,0
002cd028,1cd028,A,212,53,call,4,r0,0,1,0,10,0,0
002cd0fc,1cd0fc,A,708,174,prologue,1,r0,0,1,7,24,0,0
002cd3c8,1cd3c8,A,700,170,prologue,1,void,0,1,10,15,3,0
002cd684,1cd684,A,464,114,prologue,4,r0,1,1,8,19,0,0
002cd854,1cd854,A,40,7,ptr,1,r0:r1,0,1,0,1,0,0
002cd87c,1cd87c,A,36,7,call,1,void,0,1,0,1,0,0
002cd8a0,1cd8a0,A,36,7,call,0,void,0,1,1,1,0,0
002cd8c4,1cd8c4,A,228,57,ptr,3,r0,0,0,8,6,3,0
002cd9a8,1cd9a8,A,120,30,ptr,2,r0,0,0,1,4,3,0
002cda20,1cda20,A,192,48,ptr,4,r0,0,0,4,7,3,0
002cdae4,1cdae4,A,272,67,ptr,1,r0,0,0,1,3,0,0
002cdbfc,1cdbfc,A,624,156,ptr,4,void,0,0,0,10,0,0
002cde6c,1cde6c,A,452,104,prologue,1,void,0,2,2,6,0,0
002ce03c,1ce03c,A,24,6,call,3,void,0,1,0,1,0,0
002ce054,1ce054,A,12,3,call,1,r0:r1,0,1,0,1,0,0
002ce060,1ce060,A,152,37,call,1,r0,0,1,0,1,0,0
002ce100,1ce100,A,84,21,ptr,1,void,0,0,0,4,0,0
002ce154,1ce154,A,392,98,prologue,2,void,0,1,2,22,0,0
002ce2e0,1ce2e0,A,352,84,call,1,r0,0,1,0,1,0,0
002ce444,1ce444,A,120,29,ptr,1,r0:r1,0,1,0,4,0,0
002ce4bc,1ce4bc,A,8,2,gapstart,1,void,0,0,0,1,0,0
002ce520,1ce520,A,428,107,ptr,1,r0,0,1,4,5,2,0
002ce734,1ce734,A,64,16,ptr,1,void,0,1,0,1,0,0
002ce774,1ce774,A,12,3,call,1,void,0,1,0,1,0,0
002ce780,1ce780,A,24,6,call,1,void,0,2,0,1,0,0
002ce79c,1ce79c,A,64,16,prologue,2,void,0,1,1,1,0,0
002ce7dc,1ce7dc,A,48,12,prologue,4,void,0,1,1,1,1,0
002ce80c,1ce80c,A,40,10,call,2,r0,0,1,0,3,1,0
002ce834,1ce834,A,24,6,call,2,void,0,1,0,1,0,0
002ce850,1ce850,A,8,2,call,2,void,0,1,1,1,0,0
002ce858,1ce858,A,16,4,call,1,r0,0,1,0,1,0,0
002ce868,1ce868,A,16,4,call,2,r0:r1,0,1,0,1,0,0
002ce878,1ce878,A,256,64,prologue,3,void,0,1,1,9,0,0
002ce980,1ce980,A,96,24,call,2,void,0,2,1,3,0,0
002ce9f0,1ce9f0,A,1248,312,prologue,1,void,0,1,3,48,14,0
002ceee0,1ceee0,A,12,3,call,2,r0,0,1,0,1,0,0
002ceef0,1ceef0,A,68,17,prologue,2,r0,0,0,1,1,0,0
002cef38,1cef38,A,64,15,call,1,void,0,2,0,1,0,0
002cef80,1cef80,A,24,6,call,1,void,0,1,0,1,0,0
002cef9c,1cef9c,A,272,61,call,2,void,0,1,0,13,0,0
002cf0ac,1cf0ac,A,32,7,call,1,r0,0,1,1,1,0,0
002cf0cc,1cf0cc,A,352,87,prologue,3,r0,0,1,5,11,0,0
002cf22c,1cf22c,A,124,31,prologue,4,r0,0,2,2,6,0,0
002cf2a8,1cf2a8,A,52,13,prologue,4,void,0,2,2,3,0,0
002cf2dc,1cf2dc,A,44,11,ptr,2,r0,0,0,0,3,0,0
002cf308,1cf308,A,12,3,call,1,void,0,2,0,1,0,0
002cf314,1cf314,A,44,11,call,3,r0,0,1,0,3,0,0
002cf340,1cf340,A,52,12,call,1,r0,0,1,0,1,0,0
002cf374,1cf374,A,140,35,prologue,1,r0,0,0,7,4,0,0
002cf400,1cf400,A,112,1,call,0,r0:r1,0,2,0,1,1,0
002cf404,1cf404,A,120,26,prologue,1,r0,0,0,1,4,0,0
002cf47c,1cf47c,A,204,47,prologue,3,void,0,1,4,5,0,0
002cf548,1cf548,A,64,16,prologue,2,r0,0,0,2,3,0,0
002cf588,1cf588,A,176,44,ptr,1,r0,0,0,6,5,1,0
002cf640,1cf640,A,200,49,ptr,1,r0,0,0,4,7,0,0
002cf760,1cf760,A,184,45,ptr,1,r0,0,0,1,9,0,0
002cf8c0,1cf8c0,A,8,2,ptr,1,r0,0,0,0,1,0,0
002cf8c8,1cf8c8,A,20,5,ptr,1,r0,0,0,0,1,0,0
002cf9a8,1cf9a8,A,112,28,ptr,4,r0,0,0,4,3,1,0
002cfa18,1cfa18,A,120,27,prologue,2,r0,0,1,4,1,0,0
002cfa90,1cfa90,A,64,14,ptr,1,r0,0,0,2,1,0,0
002cfad0,1cfad0,A,168,42,prologue,1,r0,0,1,4,5,1,0
002cfb7c,1cfb7c,A,140,35,prologue,2,r0,0,0,4,7,0,0
002cfc08,1cfc08,A,132,33,prologue,1,void,0,1,2,6,0,0
002cfc90,1cfc90,A,28,7,prologue,1,r0,0,0,2,1,0,0
002cfcac,1cfcac,A,16,4,call,1,void,0,2,0,1,0,0
002cfcbc,1cfcbc,A,20,5,prologue,1,r0,0,0,1,1,0,0
002cfcd0,1cfcd0,A,316,79,ptr,3,r0,0,0,4,15,1,0
002cfe0c,1cfe0c,A,100,25,ptr,3,void,0,0,1,10,0,0
002cfe70,1cfe70,A,80,20,ptr,4,r0,0,0,2,5,0,0
002cffd0,1cffd0,A,76,19,gapstart,0,r0,1,0,3,1,0,0
002d0020,1d0020,A,28,10,ptr,1,r0,0,0,0,3,1,0
002d0048,1d0048,A,412,100,prologue,4,r0,0,1,5,10,1,0
002d01e4,1d01e4,A,16,4,gapstart,1,void,0,0,0,1,0,0
002d01f4,1d01f4,A,20,5,prologue,1,r0,0,0,1,1,0,0
002d0208,1d0208,A,8,2,call,1,void,0,1,0,3,1,0
002d0210,1d0210,A,1888,411,prologue,4,r0,0,0,46,68,4,0
002d0970,1d0970,A,36,9,ptr,1,r0,0,0,1,1,0,0
002d0bb0,1d0bb0,A,8,2,ptr,1,r0,0,0,0,1,0,0
002d0bb8,1d0bb8,A,16,4,ptr,1,r0,0,0,0,1,0,0
002d0c40,1d0c40,A,308,77,prologue,3,void,0,1,3,3,0,0
002d0dd4,1d0dd4,A,56,13,prologue,2,r0,0,1,2,1,0,0
002d0e0c,1d0e0c,A,44,9,ptr,4,r0,0,0,1,1,0,0
002d0e38,1d0e38,A,8,2,call,2,void,0,2,0,3,1,0
002d0e40,1d0e40,A,76,18,prologue,2,r0,0,0,1,4,0,0
002d0e8c,1d0e8c,A,32,8,call,1,r0,0,2,0,3,0,0
002d0eac,1d0eac,A,20,5,gapstart,1,void,0,0,0,1,0,0
002d0ec0,1d0ec0,A,176,41,prologue,3,void,0,2,2,9,0,0
002d0f78,1d0f78,A,144,35,prologue,2,void,0,1,3,6,0,0
002d1008,1d1008,A,20,5,call,3,void,0,1,0,1,0,0
002d101c,1d101c,A,332,83,ptr,3,r0,0,0,1,11,5,0
002d1168,1d1168,A,120,30,ptr,3,r0,0,0,0,8,2,0
002d11e0,1d11e0,A,16,4,ptr,1,void,0,0,0,1,1,0
002d11f0,1d11f0,A,64,15,call,2,r0,0,1,0,1,0,0
002d1234,1d1234,A,168,42,prologue,4,void,0,1,5,7,0,0
002d12dc,1d12dc,A,104,25,ptr,4,r0,1,0,1,7,0,0
002d1344,1d1344,A,176,44,prologue,4,void,0,1,5,8,0,0
002d13f4,1d13f4,A,8,2,gapstart,2,void,0,0,0,3,1,0
002d13fc,1d13fc,A,40,10,prologue,2,r0,0,0,2,1,0,0
002d1424,1d1424,A,332,83,prologue,2,void,0,1,6,15,0,0
002d1570,1d1570,A,128,31,ptr,4,r0,0,1,6,5,0,0
002d15f0,1d15f0,A,404,101,prologue,4,r0,2,2,7,14,1,0
002d1784,1d1784,A,432,108,prologue,4,r0,1,1,7,21,0,0
002d1934,1d1934,A,88,22,call,2,void,0,2,0,5,0,0
002d198c,1d198c,A,228,57,prologue,4,r0,1,1,4,9,0,0
002d1a70,1d1a70,A,192,48,prologue,4,r0,2,2,4,8,0,0
002d1b30,1d1b30,A,392,97,prologue,4,r0,0,1,9,10,3,0
002d1cb8,1d1cb8,A,1304,326,prologue,4,r0,0,1,16,58,5,0
002d21d0,1d21d0,A,288,72,prologue,3,r0,0,1,6,13,0,0
002d22f0,1d22f0,A,12,3,call,2,r0,0,1,0,3,1,0
002d22fc,1d22fc,A,124,31,prologue,4,r0,0,0,3,3,0,0
002d2378,1d2378,A,20,4,ptr,1,r0,0,2,0,1,0,0
002d2394,1d2394,A,208,52,prologue,2,r0,0,1,1,11,1,0
002d2464,1d2464,A,84,21,prologue,2,r0,0,1,1,7,0,0
002d24b8,1d24b8,A,112,28,prologue,2,void,0,1,0,7,1,0
002d2528,1d2528,A,76,19,call,1,r0,0,1,0,4,0,0
002d2574,1d2574,A,88,22,prologue,2,void,0,2,3,3,0,0
002d25cc,1d25cc,A,32,8,gapstart,1,void,0,0,0,1,0,0
002d25ec,1d25ec,A,60,15,prologue,1,r0,0,0,1,3,0,0
002d2628,1d2628,A,92,23,prologue,3,void,0,1,1,1,0,0
002d2684,1d2684,A,76,19,prologue,4,void,0,1,3,4,0,0
002d26d0,1d26d0,A,152,38,call,2,r0,0,1,0,12,0,0
002d2768,1d2768,A,108,27,prologue,4,void,0,2,1,6,0,0
002d27d4,1d27d4,A,32,8,prologue,1,void,0,1,1,1,0,0
002d27f4,1d27f4,A,88,22,call,1,r0,0,2,0,1,0,0
002d284c,1d284c,A,116,29,prologue,2,void,0,1,1,1,0,0
002d28c0,1d28c0,A,52,13,ptr,1,void,0,0,0,3,0,0
002d28f4,1d28f4,A,44,13,call,1,void,0,2,0,4,0,0
002d2920,1d2920,A,64,1,call,0,void,0,2,0,1,1,0
002d2924,1d2924,A,64,14,prologue,2,r0,0,0,1,1,0,0
002d2964,1d2964,A,420,105,prologue,4,r0,0,1,11,18,4,0
002d2b08,1d2b08,A,208,50,prologue,4,r0,1,1,0,8,2,0
002d2bd8,1d2bd8,A,76,18,prologue,2,void,0,1,1,4,0,0
002d2c24,1d2c24,A,16,4,call,1,void,0,1,0,1,0,0
002d2c34,1d2c34,A,8,2,call,2,void,0,2,0,3,1,0
002d2c3c,1d2c3c,A,160,38,prologue,3,r0,0,0,2,7,0,0
002d2cdc,1d2cdc,A,80,20,call,1,void,0,2,0,4,0,0
002d2d2c,1d2d2c,A,36,9,call,1,void,0,1,0,3,0,0
002d2d50,1d2d50,A,24,6,gapstart,1,void,0,0,0,1,0,0
002d2d68,1d2d68,A,104,24,call,2,void,0,1,0,5,0,0
002d2dd0,1d2dd0,A,12,3,call,2,void,0,1,0,1,0,0
002d2ddc,1d2ddc,A,12,3,call,2,void,0,1,0,1,0,0
002d2de8,1d2de8,A,20,5,call,1,void,0,2,0,1,0,0
002d2dfc,1d2dfc,A,128,29,prologue,2,void,0,1,2,6,0,0
002d2e7c,1d2e7c,A,20,5,call,1,void,0,1,0,1,0,0
002d2e90,1d2e90,A,28,7,prologue,0,r0,0,0,1,1,0,0
002d2eac,1d2eac,A,24,6,gapstart,1,r0,0,0,0,1,0,0
002d2f4c,1d2f4c,A,152,31,call,0,r0,0,1,0,7,0,0
002d2fe4,1d2fe4,A,300,68,call,1,void,0,1,0,16,0,0
002d3110,1d3110,A,88,18,call,0,void,0,1,0,3,0,0
002d3168,1d3168,A,112,27,call,2,r0,0,2,0,6,0,0
002d31d8,1d31d8,A,212,48,prologue,2,void,0,2,4,11,0,0
002d32ac,1d32ac,A,36,9,call,1,void,0,2,0,3,0,0
002d32d0,1d32d0,A,32,8,call,2,void,0,2,0,3,0,0
002d32f0,1d32f0,A,60,15,call,1,void,0,2,0,3,0,0
002d3334,1d3334,A,32,8,call,2,void,0,2,0,3,0,0
002d3354,1d3354,A,88,22,prologue,2,void,0,2,3,4,0,0
002d33ac,1d33ac,A,784,183,prologue,3,void,0,1,2,38,0,0
002d36bc,1d36bc,A,108,27,prologue,1,void,0,1,0,7,1,0
002d3728,1d3728,A,36,9,call,1,void,0,2,0,3,0,0
002d374c,1d374c,A,96,24,call,2,void,0,2,0,5,0,0
002d37b4,1d37b4,A,12,5,call,3,void,0,1,0,2,1,0
002d37c0,1d37c0,A,84,21,prologue,4,void,0,2,1,3,0,0
002d3814,1d3814,A,100,25,prologue,2,void,0,1,1,8,0,0
002d3878,1d3878,A,72,18,prologue,1,void,0,1,1,4,0,0
002d38c0,1d38c0,A,80,20,prologue,2,r0,0,0,2,3,1,0
002d3910,1d3910,A,232,58,prologue,2,r0,0,0,4,15,1,0
002d39f8,1d39f8,A,584,143,prologue,1,void,0,1,9,28,1,0
002d3c44,1d3c44,A,400,98,prologue,4,r0,1,1,4,17,0,0
002d3ddc,1d3ddc,A,32,8,call,1,void,0,2,0,1,0,0
002d3dfc,1d3dfc,A,496,121,prologue,1,void,0,1,5,23,0,0
002d3fec,1d3fec,A,196,49,prologue,1,void,0,2,2,5,0,0
002d40b4,1d40b4,A,36,9,call,1,void,0,2,0,3,0,0
002d40d8,1d40d8,A,56,14,call,2,void,0,2,0,3,0,0
002d4114,1d4114,A,52,13,call,1,void,0,2,0,3,0,0
002d414c,1d414c,A,48,12,call,1,r0,0,1,0,1,0,0
002d417c,1d417c,A,44,11,prologue,1,void,0,1,1,3,0,0
002d41a8,1d41a8,A,8,2,call,1,void,0,1,1,1,0,0
002d41b0,1d41b0,A,480,119,prologue,1,r0,0,0,13,13,4,0
002d4394,1d4394,A,564,135,prologue,2,void,0,1,4,12,0,0
002d45c8,1d45c8,A,84,21,prologue,3,r0,0,1,2,3,0,0
002d461c,1d461c,A,316,73,prologue,4,void,3,1,4,12,0,0
002d4758,1d4758,A,48,12,prologue,1,r0,0,1,2,1,0,0
002d47ac,1d47ac,A,52,13,prologue,2,r0,0,2,3,1,0,0
002d47e0,1d47e0,A,48,12,prologue,2,r0,0,1,3,1,0,0
002d4810,1d4810,A,44,11,prologue,1,void,0,1,1,3,0,0
002d483c,1d483c,A,104,26,prologue,1,void,0,1,1,5,1,0
002d48a8,1d48a8,A,8,2,ptr,1,void,0,0,0,1,0,0
002d48b0,1d48b0,A,148,36,ptr,3,r0,0,0,1,6,0,0
002d4944,1d4944,A,8,2,ptr,1,void,0,0,0,1,0,0
002d494c,1d494c,A,8,2,ptr,2,void,0,0,0,1,0,0
002d4954,1d4954,A,8,2,ptr,2,void,0,0,0,1,0,0
002d495c,1d495c,A,304,75,prologue,2,r0:r1,0,2,0,13,1,0
002d4a8c,1d4a8c,A,52,13,prologue,1,void,0,2,1,3,0,0
002d4ac0,1d4ac0,A,8,2,ptr,1,void,0,0,0,1,0,0
002d4ac8,1d4ac8,A,84,21,prologue,2,void,0,1,1,6,0,0
002d4b1c,1d4b1c,A,12,3,ptr,2,void,0,0,0,1,0,0
002d4b28,1d4b28,A,16,4,call,3,r0,0,1,0,1,0,0
002d4b38,1d4b38,A,8,2,ptr,2,void,0,0,0,1,0,0
002d4b40,1d4b40,A,84,21,prologue,4,void,0,2,3,7,0,0
002d4b94,1d4b94,A,124,31,ptr,3,r0,0,0,1,8,1,0
002d4c10,1d4c10,A,124,31,prologue,1,void,0,2,2,8,0,0
002d4c8c,1d4c8c,A,780,193,prologue,4,void,1,1,13,23,0,0
002d4f9c,1d4f9c,A,8,2,ptr,1,void,0,0,0,1,0,0
002d4fa4,1d4fa4,A,196,49,ptr,4,void,0,1,4,13,0,0
002d5068,1d5068,A,8,2,ptr,1,void,0,0,0,1,0,0
002d5070,1d5070,A,368,92,prologue,1,void,0,1,1,5,0,0
002d51e8,1d51e8,A,8,2,ptr,1,void,0,0,0,1,0,0
002d51f0,1d51f0,A,156,1,call,0,r0,0,1,0,1,1,0
002d51f4,1d51f4,A,156,37,prologue,2,r0,0,0,2,1,0,0
002d5294,1d5294,A,120,29,ptr,4,r0,0,0,3,5,0,0
002d530c,1d530c,A,32,8,call,3,void,0,1,1,3,0,0
002d533c,1d533c,A,16,4,prologue,4,r0,0,0,1,1,0,0
002d5350,1d5350,A,64,16,prologue,3,void,0,1,1,3,0,0
002d5390,1d5390,A,56,14,prologue,1,void,0,1,1,3,0,0
002d53c8,1d53c8,A,56,14,prologue,1,r0,0,1,3,3,0,0
002d5400,1d5400,A,92,23,prologue,1,void,0,1,2,5,0,0
002d545c,1d545c,A,232,57,prologue,1,void,0,1,4,9,0,0
002d5548,1d5548,A,116,27,prologue,3,r0,0,1,2,5,0,0
002d55bc,1d55bc,A,204,51,prologue,4,r0,0,1,6,8,0,0
002d568c,1d568c,A,204,51,prologue,4,r0,0,1,6,8,0,0
002d575c,1d575c,A,96,31,prologue,3,r0,0,1,3,5,1,0
002d57c0,1d57c0,A,96,31,prologue,3,r0,0,1,3,5,1,0
002d5824,1d5824,A,160,38,prologue,3,r0,0,1,5,5,0,0
002d58c4,1d58c4,A,16,4,gapstart,1,void,0,0,0,1,0,0
002d58d4,1d58d4,A,188,46,prologue,4,r0,0,0,0,3,1,0
002d5994,1d5994,A,508,127,prologue,1,r0,0,1,6,31,0,0
002d5b98,1d5b98,A,88,22,prologue,1,void,0,1,2,4,0,0
002d5bf0,1d5bf0,A,288,67,prologue,1,void,0,1,1,3,0,0
002d5d14,1d5d14,A,284,71,ptr,1,void,0,0,8,9,0,0
002d5e30,1d5e30,A,4,1,call,1,r0,0,1,0,1,1,0
002d5e34,1d5e34,A,24,6,prologue,1,r0,0,0,1,1,0,0
002d5e4c,1d5e4c,A,24,6,call,1,r0,0,1,1,3,0,0
002d5e64,1d5e64,A,124,31,ptr,1,r0,0,0,2,1,0,0
002d5ee4,1d5ee4,A,72,18,prologue,3,r0,0,1,2,1,0,0
002d5f2c,1d5f2c,A,348,86,prologue,1,r0,0,1,12,10,0,0
002d6088,1d6088,A,544,136,prologue,1,void,0,2,5,11,0,0
002d62bc,1d62bc,A,28,7,prologue,3,r0,0,0,1,1,0,0
002d62d8,1d62d8,A,64,16,ptr,1,r0,0,0,2,3,0,0
002d6318,1d6318,A,60,15,ptr,2,r0,0,0,1,4,0,0
002d6354,1d6354,A,12,3,ptr,1,void,0,0,0,1,0,0
002d6360,1d6360,A,644,161,ptr,1,r0,0,0,11,38,0,0
002d65e4,1d65e4,A,188,47,prologue,3,r0,0,1,5,5,0,0
002d66a0,1d66a0,A,288,72,ptr,1,void,0,1,11,16,0,0
002d67c0,1d67c0,A,148,36,prologue,1,r0,0,1,2,1,0,0
002d6854,1d6854,A,64,14,ptr,1,r0,0,1,1,1,0,0
002d6894,1d6894,A,12,3,call,2,void,0,1,0,1,0,0
002d68a0,1d68a0,A,12,3,call,2,r0,0,1,0,1,0,0
002d68ac,1d68ac,A,24,5,prologue,0,r0,0,1,1,1,0,0
002d68c4,1d68c4,A,8,2,call,4,void,0,1,0,3,1,0
002d68cc,1d68cc,A,60,15,prologue,4,r0,0,0,1,1,0,0
002d6908,1d6908,A,180,45,call,1,r0,0,1,0,8,0,0
002d69bc,1d69bc,A,24,6,call,1,void,0,1,0,1,0,0
002d69d4,1d69d4,A,120,29,prologue,3,void,0,1,2,5,0,0
002d6aa8,1d6aa8,A,140,35,prologue,1,void,0,1,3,7,0,0
002d6b34,1d6b34,A,116,28,prologue,2,void,0,1,4,4,0,0
002d6ba8,1d6ba8,A,76,19,call,2,r0,0,2,0,7,0,0
002d6bf4,1d6bf4,A,112,28,prologue,2,r0,0,1,2,6,1,0
002d6c64,1d6c64,A,160,40,prologue,1,void,0,1,4,9,1,0
002d6d04,1d6d04,A,72,18,prologue,2,void,0,1,1,1,0,0
002d6d4c,1d6d4c,A,800,199,prologue,2,r0,0,1,13,20,3,0
002d706c,1d706c,A,484,120,prologue,2,r0,0,1,2,13,2,0
002d7250,1d7250,A,152,38,prologue,2,void,0,2,3,7,2,0
002d72e8,1d72e8,A,24,7,prologue,1,void,0,1,1,2,1,0
002d7300,1d7300,A,276,68,prologue,4,r0,1,2,6,8,0,0
002d7414,1d7414,A,312,78,prologue,3,r0,0,2,1,13,1,0
002d754c,1d754c,A,248,62,ptr,1,r0,0,0,6,7,0,0
002d7644,1d7644,A,44,10,prologue,1,r0,0,0,1,1,0,0
002d7670,1d7670,A,148,37,ptr,1,r0,0,0,6,5,0,0
002d7704,1d7704,A,356,89,prologue,2,r0,0,1,2,8,0,0
002d7868,1d7868,A,108,27,prologue,1,void,0,1,2,6,1,0
002d78ec,1d78ec,A,2012,500,prologue,4,r0,0,1,9,60,6,0
002d80c8,1d80c8,A,1060,264,prologue,4,r0,1,1,2,43,14,0
002d84ec,1d84ec,A,124,29,prologue,1,r0,0,1,3,1,0,0
002d8568,1d8568,A,68,16,prologue,2,r0,0,1,4,1,0,0
002d85ac,1d85ac,A,188,47,ptr,1,r0,0,0,1,5,0,0
002d8670,1d8670,A,1248,309,prologue,4,r0,0,1,12,57,2,0
002d8b50,1d8b50,A,64,16,call,2,r0,0,1,0,7,0,0
002d8b90,1d8b90,A,776,193,ptr,1,r0,0,0,8,29,0,0
002d8e98,1d8e98,A,32,8,call,3,r0,0,1,1,1,0,0
002d8eb8,1d8eb8,A,460,115,prologue,4,r0,2,2,4,21,1,0
002d9084,1d9084,A,64,16,call,2,r0,0,1,0,7,0,0
002d90c4,1d90c4,A,564,139,prologue,2,r0,0,1,13,21,0,0
002d92f8,1d92f8,A,748,187,prologue,2,void,0,1,9,23,0,0
002d95f8,1d95f8,A,56,14,prologue,3,void,0,0,1,3,0,0
002d9630,1d9630,A,292,73,call,2,void,0,1,0,8,0,0
002d9754,1d9754,A,928,232,prologue,2,r0,0,1,5,26,0,0
002d9af4,1d9af4,A,208,52,prologue,2,r0,0,2,2,8,1,0
002d9bc4,1d9bc4,A,64,16,call,2,r0,0,1,0,7,0,0
002d9c04,1d9c04,A,68,17,call,3,r0,0,1,0,7,0,0
002d9c48,1d9c48,A,112,28,ptr,1,r0,0,0,4,5,0,0
002d9cb8,1d9cb8,A,128,32,ptr,2,r0,0,0,1,5,0,0
002d9d38,1d9d38,A,292,73,call,2,r0,0,1,0,9,0,0
002d9e64,1d9e64,A,332,83,ptr,1,r0,0,0,5,14,0,0
002d9fb0,1d9fb0,A,324,81,ptr,1,r0,0,0,4,15,1,0
002da0f4,1da0f4,A,24,6,call,2,r0,0,1,0,3,1,0
002da10c,1da10c,A,188,46,prologue,3,r0,0,0,1,1,0,0
002da1c8,1da1c8,A,196,49,ptr,1,r0,0,0,3,11,0,0
002da28c,1da28c,A,88,20,prologue,1,r0,0,1,2,1,0,0
002da2e4,1da2e4,A,232,56,ptr,1,r0,0,1,3,11,0,0
002da3cc,1da3cc,A,576,143,ptr,1,void,0,0,9,18,0,0
002da60c,1da60c,A,4,1,call,1,r0,0,1,0,1,1,0
002da610,1da610,A,24,6,prologue,1,r0,0,0,1,1,0,0
002da628,1da628,A,24,6,call,1,r0,0,1,1,3,0,0
002da640,1da640,A,44,11,call,4,void,2,1,0,1,0,0
002da66c,1da66c,A,212,53,ptr,1,r0,0,0,1,5,0,0
002da748,1da748,A,464,113,prologue,1,r0:r1,0,1,6,16,1,0
002da920,1da920,A,84,21,prologue,3,r0,0,1,2,1,0,0
002da974,1da974,A,24,1,call,0,r0,0,1,0,1,1,0
002da978,1da978,A,16,4,prologue,3,void,0,0,1,1,0,0
002da98c,1da98c,A,132,32,prologue,3,r0,0,1,0,8,1,0
002daa10,1daa10,A,24,1,call,0,r0,0,1,0,1,1,0
002daa14,1daa14,A,16,4,prologue,3,void,0,0,1,1,0,0
002daa28,1daa28,A,20,5,call,2,r0:r1,0,2,0,1,0,0
002daa3c,1daa3c,A,24,1,call,0,r0,0,1,0,1,1,0
002daa40,1daa40,A,16,4,prologue,3,void,0,0,1,1,0,0
002daa58,1daa58,A,24,1,call,0,r0,0,1,0,1,1,0
002daa5c,1daa5c,A,16,4,prologue,3,void,0,0,1,1,0,0
002daa70,1daa70,A,136,33,prologue,4,r0,0,1,0,8,1,0
002daaf8,1daaf8,A,12,3,call,3,r0,0,1,0,1,0,0
002dab04,1dab04,A,24,1,call,0,r0,0,1,0,1,1,0
002dab08,1dab08,A,16,4,prologue,3,void,0,0,1,1,0,0
002dab1c,1dab1c,A,20,4,call,2,r0,0,1,0,1,0,0
002dab30,1dab30,A,156,38,prologue,3,r0,0,1,0,10,1,0
002dabcc,1dabcc,A,132,32,prologue,3,r0,0,1,0,8,1,0
002dac50,1dac50,A,24,1,call,0,r0,0,1,0,1,1,0
002dac54,1dac54,A,16,4,prologue,3,void,0,0,1,1,0,0
002dac68,1dac68,A,144,35,prologue,3,r0,0,1,0,8,1,0
002dacf8,1dacf8,A,132,32,prologue,3,r0,0,1,0,8,1,0
002dad7c,1dad7c,A,44,10,call,0,void,0,1,0,3,0,0
002dada8,1dada8,A,12,3,call,3,r0,0,1,0,1,0,0
002dadb4,1dadb4,A,112,27,prologue,3,void,0,1,1,3,1,0
002dae24,1dae24,A,68,17,call,3,r0,0,1,0,6,0,0
002dae68,1dae68,A,64,16,ptr,2,void,0,0,1,5,0,0
002daea8,1daea8,A,204,51,prologue,2,void,0,1,0,10,3,0
002daf74,1daf74,A,12,3,ptr,1,void,0,0,0,1,0,0
002daf80,1daf80,A,48,12,call,3,r0,0,1,0,1,1,0
002dafb0,1dafb0,A,924,231,ptr,4,r0,0,0,16,36,1,0
002db350,1db350,A,244,61,prologue,4,r0,0,1,10,5,1,0
002db444,1db444,A,228,57,ptr,4,void,0,1,9,12,0,0
002db528,1db528,A,492,120,prologue,4,r0:r1,0,1,6,24,1,0
002db718,1db718,A,244,57,prologue,1,r0,0,1,2,3,0,0
002db80c,1db80c,A,64,14,ptr,4,r0,0,1,1,1,0,0
002db84c,1db84c,A,272,65,prologue,3,r0,0,1,1,12,1,0
002db95c,1db95c,A,56,14,ptr,2,r0,0,0,2,4,0,0
002db9d0,1db9d0,A,20,5,call,1,void,0,1,0,1,0,0
002db9e8,1db9e8,A,92,23,prologue,2,void,0,1,1,6,0,0
002dba44,1dba44,A,32,8,call,2,void,0,1,0,1,0,0
002dba64,1dba64,A,136,33,prologue,4,r0,0,2,6,5,0,0
002dbaec,1dbaec,A,24,6,call,3,void,0,1,0,1,0,0
002dbb04,1dbb04,A,12,3,call,2,void,0,2,0,1,0,0
002dbb10,1dbb10,A,616,153,prologue,3,void,0,1,6,17,0,0
002dbd78,1dbd78,A,144,35,prologue,4,void,0,2,6,3,0,0
002dbe08,1dbe08,A,924,229,prologue,2,void,0,1,19,37,1,0
002dc1b4,1dc1b4,A,80,20,prologue,1,void,0,1,1,7,0,0
002dc204,1dc204,A,360,90,ptr,3,r0,0,0,6,18,2,0
002dc36c,1dc36c,A,312,74,prologue,3,void,0,1,2,5,0,0
002dc4a4,1dc4a4,A,156,36,prologue,1,r0,0,1,4,1,0,0
002dc540,1dc540,A,28,7,prologue,1,void,0,1,2,1,0,0
002dc55c,1dc55c,A,56,14,call,3,r0,0,1,0,3,0,0
002dc594,1dc594,A,68,2,call,0,void,0,1,0,1,1,0
002dc59c,1dc59c,A,80,14,prologue,0,r0,0,0,1,1,0,0
002dc5ec,1dc5ec,A,36,9,call,1,void,0,1,0,1,0,0
002dc618,1dc618,A,176,44,call,2,void,0,1,0,8,0,0
002dc6d4,1dc6d4,A,52,13,prologue,1,r0,0,0,1,1,0,0
002dc710,1dc710,A,36,9,prologue,3,void,0,3,2,1,1,0
002dc734,1dc734,A,140,35,call,1,r0,0,1,3,3,0,0
002dc7c0,1dc7c0,A,256,64,prologue,3,r0,0,1,0,16,1,0
002dc8c0,1dc8c0,A,112,28,prologue,4,r0,0,1,2,3,0,0
002dc930,1dc930,A,132,33,prologue,3,r0,0,1,5,6,0,0
002dc9b4,1dc9b4,A,60,15,prologue,3,void,0,2,3,3,0,0
002dc9f0,1dc9f0,A,64,16,prologue,3,r0,0,1,3,3,0,0
002dca30,1dca30,A,36,9,ptr,1,r0,0,0,1,1,0,0
002dcbb8,1dcbb8,A,8,2,ptr,1,r0,0,0,0,1,0,0
002dcbc0,1dcbc0,A,16,4,ptr,1,r0,0,0,0,1,0,0
002dcbd0,1dcbd0,A,104,26,prologue,4,void,1,1,3,1,0,0
002dcc98,1dcc98,A,56,13,prologue,2,r0,0,1,2,1,0,0
002dccd0,1dccd0,A,44,9,ptr,1,r0,0,0,1,1,0,0
002dcd40,1dcd40,A,100,24,ptr,2,r0,0,0,3,1,0,0
002dcda4,1dcda4,A,84,21,prologue,1,void,0,1,6,3,0,0
002dcdf8,1dcdf8,A,64,16,prologue,3,void,0,1,3,1,0,0
002dce38,1dce38,A,120,30,prologue,1,r0,0,1,7,3,0,0
002dceb0,1dceb0,A,164,40,ptr,1,r0,0,1,8,4,0,0
002dcf5c,1dcf5c,A,100,25,prologue,0,void,0,0,2,5,0,0
002dcffc,1dcffc,A,64,15,prologue,1,r0,0,1,1,3,1,0
002dd03c,1dd03c,A,148,36,prologue,1,r0,0,1,2,7,1,0
002dd0d0,1dd0d0,A,196,49,prologue,3,r0,0,1,1,5,0,0
002dd194,1dd194,A,476,119,prologue,3,void,0,1,2,7,0,0
002dd378,1dd378,A,288,72,prologue,3,void,0,1,1,6,0,0
002dd4a0,1dd4a0,A,312,78,prologue,3,void,0,1,1,6,0,0
002dd5e0,1dd5e0,A,48,12,call,2,void,0,1,0,1,0,0
002dd610,1dd610,A,16,4,ptr,0,void,0,0,0,1,0,0
002dd620,1dd620,A,16,4,ptr,0,void,0,0,0,1,0,0
002dd630,1dd630,A,92,23,prologue,1,void,0,1,1,1,0,0
002dd68c,1dd68c,A,80,20,ptr,0,r0,0,0,1,1,0,0
002dd6dc,1dd6dc,A,52,13,ptr,0,void,0,0,1,1,0,0
002dd710,1dd710,A,80,20,ptr,0,r0,0,0,1,1,0,0
002dd760,1dd760,A,52,13,ptr,0,void,0,0,1,1,0,0
002dd794,1dd794,A,724,180,prologue,2,void,0,1,5,14,2,0
002dda68,1dda68,A,28,7,call,1,void,0,1,0,1,0,0
002dda84,1dda84,A,512,124,prologue,3,r0,0,1,3,16,0,0
002ddc84,1ddc84,A,16,4,call,2,r0,0,1,1,3,0,0
002ddc94,1ddc94,A,32,8,call,1,r0,0,1,0,1,1,0
002ddcb4,1ddcb4,A,20,5,prologue,2,r0,0,0,1,1,0,0
002ddcc8,1ddcc8,A,204,51,prologue,2,void,0,1,2,4,1,0
002ddd98,1ddd98,A,8,2,call,2,r0:r1,0,3,0,1,0,0
002ddda0,1ddda0,A,108,26,prologue,2,r0,0,2,1,1,0,0
002dde0c,1dde0c,A,68,14,call,2,r0,0,1,0,1,0,0
002dde50,1dde50,A,1848,447,prologue,2,r0:r1,0,1,5,45,1,0
002de588,1de588,A,80,19,prologue,3,r0,0,1,2,1,0,0
002de5d8,1de5d8,A,104,26,ptr,3,r0,0,0,2,5,0,0
002de640,1de640,A,200,47,ptr,3,r0,0,0,2,3,0,0
002de708,1de708,A,140,1,call,0,r0,0,1,0,1,1,0
002de70c,1de70c,A,132,33,prologue,2,r0,0,0,1,1,0,0
002de798,1de798,A,32,7,ptr,1,r0,0,0,0,1,0,0
002de7b8,1de7b8,A,144,36,prologue,1,r0,0,1,2,3,1,0
002de848,1de848,A,12,3,call,3,void,0,1,0,1,0,0
002de854,1de854,A,88,22,prologue,4,void,0,1,1,5,1,0
002de8ac,1de8ac,A,120,30,prologue,4,void,0,2,1,7,1,0
002de924,1de924,A,60,14,prologue,1,r0,0,1,1,1,0,0
002de960,1de960,A,56,14,ptr,1,r0,0,0,0,4,0,0
002de998,1de998,A,108,27,ptr,1,r0,0,0,0,6,0,0
002dea04,1dea04,A,20,5,ptr,1,r0,0,0,0,1,0,0
002dea18,1dea18,A,20,5,ptr,1,r0,0,0,0,1,0,0
002dea2c,1dea2c,A,124,30,prologue,2,r0,0,1,1,1,0,0
002deaa8,1deaa8,A,44,9,prologue,1,r0,0,1,0,1,0,0
002dead4,1dead4,A,8,2,ptr,1,r0,0,1,0,1,0,0
002deadc,1deadc,A,12,3,call,1,void,0,1,0,1,0,0
002deae8,1deae8,A,24,6,call,4,r0:r1,0,2,1,3,0,0
002deb00,1deb00,A,48,11,ptr,4,r0,0,1,2,1,0,0
002deb30,1deb30,A,408,70,prologue,4,void,2,1,3,11,0,0
002decc8,1decc8,A,68,17,prologue,4,void,3,1,1,3,0,0
002ded0c,1ded0c,A,520,130,prologue,3,r0,0,1,1,5,0,0
002def78,1def78,A,32,8,call,4,r0,0,1,0,1,0,0
002def98,1def98,A,84,21,prologue,2,r0:r1,0,1,1,6,0,0
002defec,1defec,A,148,37,prologue,4,r0,0,1,3,6,0,0
002df080,1df080,A,88,22,prologue,4,void,0,2,1,6,0,0
002df0d8,1df0d8,A,156,39,call,2,void,0,1,0,7,0,0
002df174,1df174,A,1376,339,prologue,2,void,0,1,7,65,0,0
002df6d4,1df6d4,A,1316,324,prologue,2,void,0,1,7,64,0,0
002dfbf8,1dfbf8,A,284,55,prologue,2,void,0,1,6,15,0,0
002dfd14,1dfd14,A,20,4,call,1,r0,0,1,0,1,0,0
002dfd28,1dfd28,A,24,5,call,1,r0,0,1,0,1,0,0
002dfd40,1dfd40,A,232,51,prologue,1,r0,0,1,1,21,0,0
002e002c,1e002c,A,1320,408,ptr,2,r0,1,0,4,85,0,0
002e0558,1e0558,A,928,224,prologue,4,void,2,1,3,26,0,0
002e08f8,1e08f8,A,548,134,prologue,1,void,0,1,7,18,0,0
002e0b1c,1e0b1c,A,304,74,prologue,4,void,0,1,0,16,0,0
002e0c4c,1e0c4c,A,344,82,prologue,4,void,0,1,6,13,0,0
002e0da4,1e0da4,A,12,2,call,0,r0,0,1,0,1,0,0
002e0db0,1e0db0,A,192,45,prologue,4,void,0,1,0,1,0,0
002e0e70,1e0e70,A,392,96,prologue,3,void,0,1,10,10,0,0
002e0ff8,1e0ff8,A,24,5,call,0,r0:r1,0,1,0,1,0,0
002e1014,1e1014,A,140,33,ptr,2,r0,0,0,5,6,1,0
002e10a0,1e10a0,A,88,22,ptr,4,r0,0,0,4,5,0,0
002e10f8,1e10f8,A,224,54,ptr,1,r0,0,0,4,6,5,0
002e11d8,1e11d8,A,120,28,ptr,1,r0,0,0,3,3,1,0
002e1258,1e1258,A,352,85,ptr,1,r0,0,0,4,13,6,0
002e13c0,1e13c0,A,260,62,ptr,1,r0,0,0,4,8,3,0
002e14c8,1e14c8,A,256,60,ptr,4,r0,0,0,5,11,4,0
002e15c8,1e15c8,A,236,56,ptr,1,r0,0,0,3,7,3,0
002e16b8,1e16b8,A,200,44,ptr,1,r0,0,0,6,5,2,0
002e1780,1e1780,A,244,58,ptr,1,r0,0,0,4,7,3,0
002e1874,1e1874,A,304,64,ptr,1,r0,0,0,10,12,2,0
002e19a8,1e19a8,A,468,107,prologue,2,r0,0,1,14,9,3,0
002e1b7c,1e1b7c,A,4,1,call,1,r0,0,1,0,1,1,0
002e1b80,1e1b80,A,284,70,prologue,4,r0,0,0,8,11,3,0
002e1c9c,1e1c9c,A,284,64,ptr,3,r0,0,0,4,9,1,0
002e1e5c,1e1e5c,A,204,43,ptr,4,r0,0,0,3,4,1,0
002e1f28,1e1f28,A,60,14,ptr,4,r0,0,0,2,3,0,0
002e1f68,1e1f68,A,228,49,ptr,4,r0,0,0,5,4,1,0
002e2050,1e2050,A,1872,375,prologue,2,r0,0,1,27,8,3,0
002e27a8,1e27a8,A,336,82,ptr,1,r0,0,0,9,14,2,0
002e28f8,1e28f8,A,288,69,ptr,3,r0,0,0,9,12,1,0
002e2a4c,1e2a4c,A,204,51,ptr,2,r0,0,0,5,8,0,0
002e2b1c,1e2b1c,A,132,30,ptr,2,r0,0,0,4,4,1,0
002e2ba0,1e2ba0,A,52,12,ptr,4,r0,0,0,2,3,0,0
002e2bd8,1e2bd8,A,140,32,ptr,4,r0,0,0,5,4,1,0
002e2c64,1e2c64,A,188,45,ptr,1,r0,0,0,8,6,1,0
002e2d20,1e2d20,A,2540,554,prologue,4,r0:r1,0,1,32,46,4,0
002e3758,1e3758,A,248,54,ptr,1,r0,0,0,2,4,1,0
002e3858,1e3858,A,64,16,ptr,4,r0,0,0,1,4,0,0
002e389c,1e389c,A,232,51,ptr,1,r0,0,0,3,5,1,0
002e3988,1e3988,A,188,40,prologue,1,void,0,1,2,3,1,0
002e3a50,1e3a50,A,1644,335,prologue,3,r0,0,1,19,11,8,0
002e40c8,1e40c8,A,64,16,call,1,r0,0,2,2,1,0,0
002e4110,1e4110,A,464,114,prologue,4,r0,1,1,10,3,0,0
002e432c,1e432c,A,4,1,call,4,r0,0,1,1,1,0,0
002e4330,1e4330,A,60,14,ptr,1,r0,0,0,1,4,0,0
002e436c,1e436c,A,248,51,ptr,1,r0,0,0,3,4,2,0
002e4464,1e4464,A,296,62,ptr,1,r0,0,0,4,5,2,0
002e458c,1e458c,A,60,15,ptr,1,r0,0,0,2,3,0,0
002e45d0,1e45d0,A,256,54,ptr,4,r0,0,0,4,4,1,0
002e46d0,1e46d0,A,48,12,ptr,4,r0,0,0,1,3,0,0
002e4700,1e4700,A,956,209,prologue,2,r0,0,1,18,9,2,0
002e4abc,1e4abc,A,404,92,ptr,1,r0,0,0,8,11,1,0
002e4c50,1e4c50,A,200,43,ptr,1,r0,0,0,3,3,1,0
002e4d18,1e4d18,A,372,85,ptr,1,r0,0,0,8,10,1,0
002e4e90,1e4e90,A,276,60,ptr,1,r0,0,0,5,3,1,0
002e4fa4,1e4fa4,A,228,49,ptr,4,r0,0,0,3,5,1,0
002e5088,1e5088,A,248,53,ptr,4,r0,0,0,4,6,1,0
002e5180,1e5180,A,200,43,ptr,3,r0,0,0,3,5,1,0
002e5248,1e5248,A,260,54,ptr,1,r0,0,0,3,5,2,0
002e534c,1e534c,A,236,49,ptr,1,r0,0,0,4,4,1,0
002e5438,1e5438,A,52,12,ptr,4,r0,0,0,2,3,0,0
002e5470,1e5470,A,256,51,ptr,1,r0,0,0,3,4,2,0
002e5570,1e5570,A,212,45,ptr,4,r0,0,0,4,4,1,0
002e5644,1e5644,A,60,15,ptr,1,r0,0,0,2,3,0,0
002e5688,1e5688,A,896,188,prologue,2,r0,0,1,15,9,4,0
002e5a48,1e5a48,A,212,53,prologue,4,r0:r1,2,1,8,5,1,0
002e5b28,1e5b28,A,668,153,prologue,4,void,0,2,10,17,9,0
002e5dd0,1e5dd0,A,32,8,prologue,1,void,0,2,0,1,0,0
002e5df0,1e5df0,A,440,103,ptr,1,r0,0,0,8,11,5,0
002e5fa8,1e5fa8,A,72,18,ptr,1,r0,0,0,4,3,0,0
002e5ff0,1e5ff0,A,3240,722,ptr,1,r0,0,0,72,81,7,0
002e6c98,1e6c98,A,108,26,prologue,1,void,0,1,0,6,2,0
002e6d04,1e6d04,A,180,42,prologue,0,void,0,1,0,8,3,0
002e6dbc,1e6dbc,A,21788,9,prologue,4,r0,0,0,1,2,0,0
002e6de0,1e6de0,A,180,45,prologue,2,void,0,1,2,9,0,0
002e6e94,1e6e94,A,704,174,prologue,2,void,0,1,6,40,0,0
002e7154,1e7154,A,180,45,prologue,4,void,0,1,3,1,0,0
002e7208,1e7208,A,104,23,prologue,1,r0,0,0,5,1,0,0
002e7274,1e7274,A,48,12,prologue,4,r0,0,0,3,1,0,0
002e72a8,1e72a8,A,40,2,call,0,void,0,1,0,1,1,0
002e72b0,1e72b0,A,36,7,prologue,1,r0,0,0,2,1,0,0
002e72d8,1e72d8,A,284,63,prologue,1,r0,0,1,6,1,0,0
002e7408,1e7408,A,704,174,prologue,2,void,0,2,6,40,0,0
002e76c8,1e76c8,A,28,7,prologue,1,r0,0,1,1,1,0,0
002e76e4,1e76e4,A,100,23,prologue,1,r0,0,0,1,6,0,0
002e7748,1e7748,A,80,18,prologue,1,void,0,1,4,3,0,0
002e7798,1e7798,A,1272,313,ptr,4,r0,0,0,11,20,0,0
002e7c90,1e7c90,A,8,2,ptr,2,void,0,0,0,1,0,0
002e7c98,1e7c98,A,8,2,call,2,void,0,1,1,1,0,0
002e7ca0,1e7ca0,A,8,2,ptr,2,void,0,0,0,1,0,0
002e7ca8,1e7ca8,A,612,153,prologue,4,r0:r1,0,1,8,23,0,0
002e7f0c,1e7f0c,A,524,131,prologue,2,void,0,1,2,21,0,0
002e8118,1e8118,A,60,15,ptr,4,void,0,0,0,6,0,0
002e8154,1e8154,A,576,144,prologue,2,void,0,1,2,23,0,0
002e839c,1e839c,A,56,14,ptr,4,r0,0,0,1,1,0,0
002e83d4,1e83d4,A,4,1,call,1,r0:r1,0,1,0,1,1,0
002e83d8,1e83d8,A,12,3,prologue,4,r0,0,0,1,1,0,0
002e83e4,1e83e4,A,12,3,call,2,void,0,1,0,1,0,0
002e83f0,1e83f0,A,584,146,prologue,2,void,0,1,2,23,0,0
002e8638,1e8638,A,4,1,call,1,void,0,2,0,1,1,0
002e863c,1e863c,A,12,3,prologue,2,void,0,0,1,1,0,0
002e8648,1e8648,A,892,222,prologue,4,void,0,1,3,30,0,0
002e89c4,1e89c4,A,608,152,prologue,4,r0:r1,0,1,5,23,0,0
002e8c24,1e8c24,A,48,11,ptr,2,r0,0,0,1,3,0,0
002e8c54,1e8c54,A,584,146,prologue,2,void,0,1,2,23,0,0
002e8e9c,1e8e9c,A,576,144,prologue,2,void,0,1,2,23,0,0
002e90dc,1e90dc,A,384,93,prologue,0,r0,0,1,4,1,0,0
002e925c,1e925c,A,16,4,ptr,1,r0,0,0,2,1,0,0
002e926c,1e926c,A,700,172,ptr,1,r0,0,1,7,13,0,0
002e9528,1e9528,A,452,112,prologue,1,void,0,1,1,17,0,0
002e96ec,1e96ec,A,36,7,call,1,void,0,2,0,1,0,0
002e9710,1e9710,A,16,3,call,1,void,0,1,0,1,0,0
002e9720,1e9720,A,16,3,call,1,void,0,1,0,1,0,0
002e9730,1e9730,A,204,49,prologue,1,void,0,1,3,10,0,0
002e97fc,1e97fc,A,16,3,call,1,void,0,1,0,1,0,0
002e980c,1e980c,A,328,77,prologue,1,void,0,2,4,14,0,0
002e9954,1e9954,A,120,25,prologue,1,r0,0,2,0,1,0,0
002e99cc,1e99cc,A,176,39,prologue,4,r0,0,2,2,10,0,0
002e9a7c,1e9a7c,A,48,12,ptr,2,r0,0,0,3,1,0,0
002e9aac,1e9aac,A,92,23,ptr,3,r0,0,0,3,1,0,0
002e9b08,1e9b08,A,140,33,prologue,4,void,1,1,2,1,0,0
002e9b94,1e9b94,A,196,46,prologue,2,void,0,1,2,1,0,0
002e9c58,1e9c58,A,12,3,call,1,r0,0,1,0,1,0,0
002e9c64,1e9c64,A,36,9,prologue,4,r0:r1,0,1,1,1,0,0
002e9c88,1e9c88,A,552,134,prologue,4,void,0,1,7,11,0,0
002e9eb0,1e9eb0,A,560,137,prologue,2,void,0,1,6,28,0,0
002ea0e0,1ea0e0,A,100,22,prologue,4,void,0,1,3,3,0,0
002ea144,1ea144,A,40,10,prologue,3,r0,0,1,1,1,0,0
002ea16c,1ea16c,A,412,103,prologue,4,void,0,1,4,17,2,0
002ea308,1ea308,A,88,22,ptr,3,r0,0,0,1,3,1,0
002ea360,1ea360,A,28,6,call,1,r0,0,1,0,1,0,0
002ea37c,1ea37c,A,36,8,ptr,1,r0,0,1,1,1,0,0
002ea3d4,1ea3d4,A,172,43,prologue,4,void,2,1,1,6,2,0
002ea480,1ea480,A,260,65,ptr,2,r0,0,0,6,11,1,0
002ea584,1ea584,A,500,109,prologue,4,r0:r1,1,2,10,11,1,0
002ea780,1ea780,A,1016,238,ptr,4,r0,0,0,11,23,7,0
002eab7c,1eab7c,A,44,11,ptr,2,r0,0,0,2,1,0,0
002eaba8,1eaba8,A,48,12,ptr,2,r0,0,0,1,3,0,0
002eac10,1eac10,A,116,29,ptr,4,r0,0,0,3,3,1,0
002eac84,1eac84,A,640,152,prologue,4,void,0,1,14,13,1,0
002eaf0c,1eaf0c,A,12,3,ptr,1,void,0,0,0,1,1,0
002eaf18,1eaf18,A,676,156,ptr,4,r0,0,0,6,10,7,0
002eb1d0,1eb1d0,A,44,11,ptr,2,r0,0,0,2,1,0,0
002eb1fc,1eb1fc,A,24,6,prologue,1,r0,0,0,1,1,0,0
002eb214,1eb214,A,212,52,prologue,1,r0,0,2,1,7,0,0
002eb2e8,1eb2e8,A,4,1,call,0,void,0,2,0,1,1,0
002eb2ec,1eb2ec,A,44,9,prologue,1,r0,0,0,0,1,0,0
002eb318,1eb318,A,8,2,call,0,r0,0,2,0,1,1,0
002eb320,1eb320,A,28,7,prologue,2,r0,0,0,0,1,0,0
002eb938,1eb938,A,196,42,prologue,1,void,0,1,3,3,1,0
002eba08,1eba08,A,60,14,ptr,4,r0,0,0,5,1,0,0
002eba44,1eba44,A,4,1,call,1,r0,0,1,0,1,1,0
002eba48,1eba48,A,16,4,prologue,1,r0,0,0,1,1,0,0
002eba58,1eba58,A,32,8,prologue,4,r0,0,1,2,1,0,0
002eba78,1eba78,A,44,1,call,0,r0:r1,0,1,0,1,1,0
002eba7c,1eba7c,A,36,9,prologue,4,r0,0,0,1,4,0,0
002ebaa8,1ebaa8,A,228,45,prologue,2,r0:r1,0,1,2,5,1,0
002ebb90,1ebb90,A,196,42,prologue,2,r0:r1,0,2,2,4,1,0
002ebc60,1ebc60,A,128,22,ptr,1,r0,0,0,6,1,0,0
002ebce0,1ebce0,A,44,10,ptr,1,r0,0,0,3,1,0,0
002ebd0c,1ebd0c,A,28,6,prologue,0,void,0,1,1,1,0,0
002ebd28,1ebd28,A,8,2,call,4,r0:r1,0,1,1,1,0,0
002ebd30,1ebd30,A,4,1,call,1,r0,0,2,0,1,1,0
002ebd34,1ebd34,A,36,8,prologue,1,r0,0,0,1,1,0,0
002ebd58,1ebd58,A,4,1,call,1,r0:r1,0,2,0,1,1,0
002ebd5c,1ebd5c,A,16,4,prologue,4,r0,0,0,1,1,0,0
002ebd6c,1ebd6c,A,156,38,prologue,3,void,0,30,1,6,2,0
002ebe08,1ebe08,A,76,18,prologue,2,void,0,2,0,6,1,0
002ebe54,1ebe54,A,60,15,call,2,void,0,1,0,1,0,0
002ebe90,1ebe90,A,12,3,call,1,r0,0,2,0,1,0,0
002ebed8,1ebed8,A,48,12,call,1,void,0,2,1,1,0,0
002ebf08,1ebf08,A,40,10,prologue,1,void,0,2,2,1,0,0
002ebf30,1ebf30,A,112,27,prologue,4,void,0,2,5,3,0,0
002ebfa0,1ebfa0,A,668940,41,prologue,1,void,0,2,3,5,0,0
002ebfcc,1ebfcc,A,44,11,prologue,1,void,0,1,1,3,0,0
002ebff8,1ebff8,A,48,12,prologue,1,r0,0,2,1,3,0,0
002ec028,1ec028,A,236,59,ptr,2,r0,0,0,2,14,0,0
002ec194,1ec194,A,12,3,call,3,void,0,2,0,1,0,0
002ec1a0,1ec1a0,A,12,3,call,1,void,0,2,0,1,0,0
002ec1ac,1ec1ac,A,16,4,call,1,r0,0,2,0,1,0,0
002ec1bc,1ec1bc,A,8,2,call,1,r0,0,3,0,1,0,0
002ec1c4,1ec1c4,A,92,23,prologue,1,r0,0,0,3,1,0,0
002ec220,1ec220,A,108,26,prologue,1,void,0,1,0,6,2,0
002ec28c,1ec28c,A,28,7,call,0,r0,0,2,2,1,0,0
002ec2d8,1ec2d8,A,512,126,call,1,r0:r1,0,2,3,17,0,0
002ec4dc,1ec4dc,A,16,3,call,0,r0,0,1,0,1,0,0
002ec4ec,1ec4ec,A,16,3,call,1,void,0,1,0,1,0,0
002ec510,1ec510,A,28,6,call,1,void,0,1,0,1,0,0
002ec52c,1ec52c,A,72,16,prologue,4,void,0,2,3,3,0,0
002ec574,1ec574,A,88,19,prologue,4,r0,0,2,3,3,0,0
002ec5d0,1ec5d0,A,288,69,ptr,1,r0,0,0,3,6,7,0
002ec6f0,1ec6f0,A,176,43,prologue,4,void,0,1,3,6,2,0
002ec7a0,1ec7a0,A,240,57,ptr,1,r0,0,0,2,6,4,0
002ec890,1ec890,A,8,2,ptr,1,void,0,0,0,1,1,0
002ec898,1ec898,A,304,73,ptr,1,r0,0,0,2,8,6,0
002ec9c8,1ec9c8,A,96,21,prologue,4,r0,0,1,2,1,2,0
002eca28,1eca28,A,88,22,prologue,2,void,0,1,1,6,0,0
002eca80,1eca80,A,72,18,prologue,2,void,0,1,1,4,0,0
002ecac8,1ecac8,A,128,32,call,2,r0:r1,0,2,0,3,0,0
002ecb48,1ecb48,A,52,13,call,2,void,0,1,0,3,0,0
002ecb80,1ecb80,A,16,4,call,2,void,0,2,0,1,0,0
002ecb90,1ecb90,A,176,44,ptr,2,void,0,0,7,6,1,0
002ecc40,1ecc40,A,52,13,prologue,2,r0:r1,0,2,2,3,0,0
002ecc74,1ecc74,A,100,25,prologue,1,void,0,1,3,3,0,0
002eccd8,1eccd8,A,1356,335,prologue,3,void,0,1,5,46,6,0
002ed224,1ed224,A,140,35,prologue,1,r0:r1,0,2,0,7,2,0
002ed2b0,1ed2b0,A,20,5,call,1,r0,0,1,0,1,0,0
002ed2c4,1ed2c4,A,44,11,prologue,1,r0:r1,0,1,2,1,0,0
002ed2f0,1ed2f0,A,108,27,prologue,2,r0:r1,0,1,5,6,0,0
002ed35c,1ed35c,A,116,29,ptr,4,r0,0,0,3,3,2,0
002ed3d0,1ed3d0,A,436,96,prologue,4,void,0,1,11,9,1,0
002ed590,1ed590,A,536,120,ptr,4,r0,0,0,7,11,5,0
002ed7b4,1ed7b4,A,44,11,ptr,2,r0,0,0,2,1,0,0
002ed7e0,1ed7e0,A,8,2,ptr,2,void,0,0,1,1,0,0
002ed7e8,1ed7e8,A,380,95,ptr,3,r0,0,0,3,16,1,0
002ed968,1ed968,A,8,2,ptr,0,r0,0,0,0,1,0,0
002ed970,1ed970,A,96,24,ptr,4,r0,0,0,1,5,1,0
002ed9d0,1ed9d0,A,8,2,ptr,0,r0,0,0,0,1,0,0
002ed9d8,1ed9d8,A,16,3,call,1,r0,0,1,0,1,0,0
002ed9ec,1ed9ec,A,28,5,gapstart,1,void,0,0,0,1,0,0
002eda08,1eda08,A,8,2,gapstart,1,r0,0,0,0,1,0,0
002eda10,1eda10,A,632,151,prologue,4,void,0,1,14,13,2,0
002edc88,1edc88,A,284,64,prologue,1,r0,0,1,6,8,0,0
002edda8,1edda8,A,164,37,prologue,1,r0,0,0,3,6,2,0
002ede4c,1ede4c,A,220,51,prologue,0,r0,0,0,4,11,1,0
002edf2c,1edf2c,A,696,172,prologue,2,r0,0,0,19,31,5,0
002ee1e4,1ee1e4,A,272,67,ptr,1,r0,0,0,4,10,0,0
002ee2f4,1ee2f4,A,56,14,prologue,4,r0,0,2,3,1,0,0
002ee32c,1ee32c,A,192,47,prologue,2,void,0,1,7,3,2,0
002ee3ec,1ee3ec,A,156,37,prologue,4,void,0,1,8,4,1,0
002ee488,1ee488,A,84,20,prologue,2,r0:r1,0,1,5,3,1,0
002ee4dc,1ee4dc,A,48,12,ptr,2,r0,0,0,3,1,0,0
002ee50c,1ee50c,A,92,23,ptr,3,r0,0,0,3,1,0,0
002ee568,1ee568,A,92,23,ptr,3,r0,0,0,3,1,0,0
002ee5c4,1ee5c4,A,12,3,call,0,void,0,1,0,1,0,0
002ee5d4,1ee5d4,A,120,30,prologue,3,void,0,1,2,4,1,0
002ee64c,1ee64c,A,32,8,call,2,void,0,1,0,1,0,0
002ee66c,1ee66c,A,84,21,prologue,1,void,0,1,1,1,0,0
002ee6c0,1ee6c0,A,28,7,call,2,void,0,1,0,1,0,0
002ee6e8,1ee6e8,A,32,8,call,2,void,0,2,0,1,0,0
002ee708,1ee708,A,52,13,prologue,1,r0:r1,0,2,0,1,0,0
002ee73c,1ee73c,A,80,20,prologue,2,r0:r1,0,2,1,4,1,0
002ee78c,1ee78c,A,84,20,prologue,1,r0,0,2,1,1,0,0
002ee7e4,1ee7e4,A,36,9,call,1,void,0,2,0,1,0,0
002ee808,1ee808,A,8,2,call,2,r0:r1,0,48,0,1,0,0
002ee810,1ee810,A,36,9,call,2,r0:r1,0,2,0,1,0,0
002ee834,1ee834,A,12,3,call,3,void,0,2,0,1,0,0
002ee840,1ee840,A,44,11,prologue,2,void,0,17,1,1,0,0
002ee86c,1ee86c,A,56,13,call,2,void,0,2,0,1,0,0
002ee8a4,1ee8a4,A,8,2,gapstart,1,void,0,1,0,1,0,0
002ee8ac,1ee8ac,A,224,56,prologue,3,r0,0,1,2,1,0,0
002ee990,1ee990,A,20,5,prologue,1,void,0,0,1,1,1,0
002ee9a4,1ee9a4,A,208,52,call,1,r0,0,1,1,9,0,0
002eea74,1eea74,A,188,47,prologue,4,void,0,1,3,5,0,0
002eeb30,1eeb30,A,712,170,prologue,2,void,0,2,1,32,8,0
002eedf8,1eedf8,A,12,3,ptr,1,void,0,0,0,1,1,0
002eee04,1eee04,A,64,14,ptr,1,r0,0,0,1,1,1,0
002eee44,1eee44,A,56,12,ptr,1,r0,0,0,0,1,1,0
002eee7c,1eee7c,A,76,18,prologue,1,r0,0,1,0,6,1,0
002eeec8,1eeec8,A,12,3,ptr,1,void,0,0,0,1,1,0
002eeed4,1eeed4,A,88,21,prologue,4,r0,0,0,2,4,0,0
002eef2c,1eef2c,A,40,10,prologue,4,r0,0,0,0,3,0,0
002eef54,1eef54,A,144,35,call,1,r0:r1,0,1,2,3,0,0
002eeff8,1eeff8,A,132,32,prologue,2,r0:r1,0,1,2,5,0,0
002ef07c,1ef07c,A,104,25,call,0,void,0,1,1,1,0,0
002ef108,1ef108,A,36,8,call,1,r0:r1,0,1,0,1,0,0
002ef12c,1ef12c,A,96,23,call,1,r0:r1,0,1,1,3,0,0
002ef23c,1ef23c,A,16,3,call,2,r0:r1,0,1,0,1,0,0
002ef24c,1ef24c,A,64,14,ptr,1,r0,0,0,1,1,1,0
002ef290,1ef290,A,336,63,prologue,1,void,0,1,10,3,1,0
002ef3e0,1ef3e0,A,8,2,gapstart,3,void,0,0,0,3,1,0
002ef3e8,1ef3e8,A,28,6,call,0,r0,0,1,0,1,0,0
002ef404,1ef404,A,24,2,call,1,void,0,1,0,1,1,0
002ef40c,1ef40c,A,12,3,prologue,2,void,0,0,1,1,0,0
002ef41c,1ef41c,A,24,2,call,1,void,0,1,0,1,1,0
002ef424,1ef424,A,12,3,prologue,2,void,0,0,1,1,0,0
002ef434,1ef434,A,24,2,call,1,void,0,1,0,1,1,0
002ef43c,1ef43c,A,12,3,prologue,2,void,0,0,1,1,0,0
002ef44c,1ef44c,A,24,2,call,1,void,0,1,0,1,1,0
002ef454,1ef454,A,12,3,prologue,2,void,0,0,1,1,0,0
002ef464,1ef464,A,24,2,call,1,void,0,1,0,1,1,0
002ef46c,1ef46c,A,12,3,prologue,2,void,0,0,1,1,0,0
002ef47c,1ef47c,A,24,2,call,1,r0:r1,0,1,0,1,1,0
002ef484,1ef484,A,12,3,prologue,2,void,0,0,1,1,0,0
002ef494,1ef494,A,96,21,prologue,0,r0:r1,0,1,1,3,1,0
002ef4f4,1ef4f4,A,24,5,call,0,r0:r1,0,1,0,1,0,0
002ef50c,1ef50c,A,84,19,call,0,r0,0,1,1,5,0,0
002ef570,1ef570,A,392,94,ptr,1,r0,0,0,4,10,8,0
002ef6f8,1ef6f8,A,32,1,call,0,void,0,1,0,1,1,0
002ef6fc,1ef6fc,A,24,6,prologue,3,r0,0,0,1,1,0,0
002ef718,1ef718,A,180,44,prologue,4,void,0,2,3,6,2,0
002ef7cc,1ef7cc,A,272,65,ptr,1,r0,0,0,2,7,4,0
002ef8dc,1ef8dc,A,8,2,ptr,1,void,0,0,0,1,1,0
002ef8e4,1ef8e4,A,304,73,ptr,1,r0,0,0,2,7,5,0
002efa14,1efa14,A,76,16,prologue,1,r0,0,2,1,1,0,0
002efa60,1efa60,A,96,21,prologue,4,r0,0,2,2,1,2,0
002efac0,1efac0,A,12,2,call,0,r0,0,1,0,1,0,0
002efad0,1efad0,A,696,163,prologue,2,void,0,2,3,7,0,0
002efdac,1efdac,A,256,62,ptr,1,r0,0,0,6,11,1,0
002efeac,1efeac,A,16,3,call,1,void,0,1,0,1,0,0
002efebc,1efebc,A,196,48,prologue,2,void,0,2,4,11,1,0
002eff88,1eff88,A,732,173,ptr,4,r0,0,0,12,25,1,0
002f0264,1f0264,A,48,12,ptr,1,r0,0,0,0,3,1,0
002f0294,1f0294,A,12,2,call,0,r0,0,2,0,1,0,0
002f02a0,1f02a0,A,52,13,prologue,2,r0,0,1,1,1,0,0
002f02e0,1f02e0,A,484,118,ptr,4,r0,0,0,5,13,2,0
002f04c8,1f04c8,A,372,90,prologue,2,r0:r1,0,2,6,6,1,0
002f063c,1f063c,A,16,4,call,2,void,0,2,0,1,0,0
002f064c,1f064c,A,68,17,prologue,3,void,0,2,2,1,0,0
002f0690,1f0690,A,60,15,prologue,1,r0:r1,0,1,1,1,0,0
002f06cc,1f06cc,A,64,16,prologue,1,r0:r1,0,2,1,1,0,0
002f0710,1f0710,A,364,84,prologue,4,r0,0,1,6,6,1,0
002f087c,1f087c,A,120,30,prologue,1,r0:r1,0,1,2,4,0,0
002f08f8,1f08f8,A,120,30,prologue,1,r0:r1,0,2,2,4,0,0
002f0974,1f0974,A,12,3,call,1,void,0,2,0,1,0,0
002f0980,1f0980,A,152,36,prologue,2,void,0,2,2,4,1,0
002f0a18,1f0a18,A,252,60,ptr,1,r0,0,0,5,7,1,0
002f0b14,1f0b14,A,568,139,ptr,4,r0,0,0,6,13,2,0
002f0d54,1f0d54,A,428,104,ptr,4,r0,0,0,7,12,2,0
002f0f08,1f0f08,A,48,12,prologue,1,r0:r1,0,1,1,1,0,0
002f0f38,1f0f38,A,364,91,ptr,1,r0,0,0,3,10,0,0
002f10ac,1f10ac,A,12,3,prologue,4,r0,0,0,1,1,0,0
002f10b8,1f10b8,A,144,33,prologue,4,void,0,2,3,1,0,0
002f1148,1f1148,A,20,5,prologue,1,r0,0,2,1,1,0,0
002f115c,1f115c,A,1352,314,prologue,4,void,10,1,12,12,0,0
002f16a4,1f16a4,A,32,8,prologue,1,r0,0,0,1,1,0,0
002f16c4,1f16c4,A,60,15,prologue,1,r0,0,0,3,3,0,0
002f1700,1f1700,A,300,74,prologue,4,void,0,2,3,7,0,0
002f182c,1f182c,A,12,3,call,2,r0:r1,0,1,0,1,0,0
002f1838,1f1838,A,16,4,call,2,void,0,2,0,1,0,0
002f1848,1f1848,A,8,4,call,2,void,0,1,0,2,0,0
002f1850,1f1850,A,16,4,call,2,void,0,2,0,1,0,0
002f1860,1f1860,A,700,172,prologue,3,void,0,1,8,31,0,0
002f1b20,1f1b20,A,336,74,prologue,4,void,0,1,8,5,1,0
002f1c78,1f1c78,A,196,42,ptr,1,r0,0,0,2,4,1,0
002f1d3c,1f1d3c,A,16,4,call,2,void,0,1,0,1,0,0
002f1d4c,1f1d4c,A,404,91,ptr,1,r0,0,0,5,5,2,0
002f1ee0,1f1ee0,A,308,67,ptr,1,r0,0,0,5,5,2,0
002f2014,1f2014,A,88,22,prologue,1,r0,0,1,3,1,0,0
002f2078,1f2078,A,88,23,prologue,4,r0,0,1,4,4,0,0
002f20d0,1f20d0,A,4,1,call,3,void,0,1,0,1,1,0
002f20d4,1f20d4,A,20,5,prologue,2,void,0,0,1,1,0,0
002f20e8,1f20e8,A,276,68,ptr,1,void,0,0,5,9,3,0
002f21fc,1f21fc,A,692,173,prologue,1,void,0,2,7,25,2,0
002f24b0,1f24b0,A,344,85,ptr,3,r0,0,0,4,14,3,0
002f2608,1f2608,A,1388,344,prologue,3,void,0,2,14,31,12,0
002f2b74,1f2b74,A,616,156,prologue,1,void,0,2,8,21,3,0
002f2ddc,1f2ddc,A,376,94,prologue,1,void,0,2,4,15,12,0
002f2f54,1f2f54,A,48,11,prologue,1,r0,0,2,4,1,0,0
002f2f84,1f2f84,A,64,15,prologue,1,r0:r1,0,2,5,1,0,0
002f2fc4,1f2fc4,A,556,136,prologue,2,void,0,1,6,28,0,0
002f31f0,1f31f0,A,16,3,call,1,void,0,1,0,1,0,0
002f3200,1f3200,A,16,3,call,1,void,0,2,0,1,0,0
002f3210,1f3210,A,1196,295,ptr,1,r0,0,0,13,48,2,0
002f36bc,1f36bc,A,64,16,tail,1,r0,0,1,1,1,0,0
002f36fc,1f36fc,A,16,3,call,1,void,0,1,0,1,0,0
002f370c,1f370c,A,88,22,prologue,2,void,0,1,0,1,2,0
002f3764,1f3764,A,60,15,prologue,3,r0:r1,0,238,0,1,2,0
002f37a0,1f37a0,A,96,23,call,3,r0,0,1,1,6,1,0
002f3800,1f3800,A,44,10,ptr,1,r0,0,0,0,1,1,0
002f382c,1f382c,A,16,3,call,1,void,0,1,0,1,0,0
002f3840,1f3840,A,240,51,prologue,2,void,0,1,3,3,1,0
002f3938,1f3938,A,236,50,prologue,1,void,0,1,3,3,1,0
002f3a30,1f3a30,A,96,22,ptr,4,r0,0,0,7,1,0,0
002f3a90,1f3a90,A,4,1,call,1,r0,0,1,0,1,1,0
002f3a94,1f3a94,A,16,4,prologue,1,r0,0,0,1,1,0,0
002f3ab8,1f3ab8,A,12,3,call,1,void,0,1,0,3,1,0
002f3ac4,1f3ac4,A,108,27,prologue,1,void,0,0,1,1,0,0
002f3b30,1f3b30,A,284,68,prologue,4,void,0,1,3,8,1,0
002f3c4c,1f3c4c,A,436,108,prologue,2,void,0,1,3,15,8,0
002f3e00,1f3e00,A,56,14,prologue,1,r0,0,1,2,1,0,0
002f3e40,1f3e40,A,160,43,ptr,1,r0,0,0,6,8,0,0
002f3ee0,1f3ee0,A,68,17,prologue,4,void,0,2,2,5,0,0
002f3f24,1f3f24,A,356,83,ptr,3,r0,0,0,4,17,3,0
002f4088,1f4088,A,1244,306,prologue,4,r0:r1,2,2,10,46,2,0
002f4564,1f4564,A,1004,244,prologue,4,void,1,1,8,39,1,0
002f4950,1f4950,A,72,17,prologue,4,r0:r1,0,2,2,1,1,0
002f4998,1f4998,A,892,222,prologue,4,r0:r1,0,1,3,30,0,0
002f4d14,1f4d14,A,108,24,prologue,0,r0,0,1,3,1,0,0
002f4d80,1f4d80,A,196,45,ptr,4,r0,0,0,4,8,0,0
002f4e44,1f4e44,A,8,2,call,2,r0:r1,0,1,1,1,0,0
002f4e4c,1f4e4c,A,148,37,prologue,2,void,0,1,4,1,0,0
002f4ef8,1f4ef8,A,12,3,ptr,1,void,0,0,0,1,1,0
002f4f04,1f4f04,A,96,24,prologue,1,void,0,1,2,1,0,0
002f4f64,1f4f64,A,8,2,call,4,r0:r1,0,1,1,1,0,0
002f4f70,1f4f70,A,804,163,prologue,4,r0,1,1,15,5,2,0
002f52a0,1f52a0,A,84,21,prologue,1,void,0,1,2,3,0,0
002f52f4,1f52f4,A,48,12,call,4,void,0,1,1,3,0,0
002f5324,1f5324,A,52,13,ptr,2,r0,0,0,1,3,0,0
002f5358,1f5358,A,68,17,ptr,2,r0,0,0,2,3,0,0
002f539c,1f539c,A,396,99,ptr,2,r0,0,0,4,6,1,0
002f55bc,1f55bc,A,24,6,ptr,1,r0,0,0,1,3,0,0
002f55ec,1f55ec,A,456,114,ptr,1,r0,0,0,6,16,9,0
002f57f0,1f57f0,A,1596,349,prologue,4,r0,7,2,27,26,5,0
002f5e2c,1f5e2c,A,16,4,ptr,4,r0,0,0,2,1,0,0
002f5e3c,1f5e3c,A,520,128,ptr,4,r0,0,1,7,9,4,0
002f6060,1f6060,A,36,9,ptr,2,r0,0,0,1,1,0,0
002f6088,1f6088,A,136,30,prologue,3,r0,2,1,2,1,0,0
002f6118,1f6118,A,36,8,ptr,4,r0,0,0,3,1,0,0
002f613c,1f613c,A,64,16,ptr,3,r0,0,0,2,7,0,0
002f617c,1f617c,A,248,62,prologue,2,r0,0,0,3,3,0,0
002f62a8,1f62a8,A,320,71,prologue,1,void,0,1,2,1,0,0
002f6504,1f6504,A,24,6,ptr,3,void,0,0,1,3,0,0
002f651c,1f651c,A,248,62,prologue,2,r0,0,0,3,3,0,0
002f6648,1f6648,A,248,62,prologue,2,r0,0,0,3,3,0,0
002f6774,1f6774,A,248,54,ptr,2,r0,0,0,4,6,1,0
002f686c,1f686c,A,56,13,ptr,4,r0,0,0,2,3,0,0
002f68a8,1f68a8,A,288,64,ptr,4,r0,0,0,5,6,1,0
002f69c8,1f69c8,A,56,14,prologue,1,r0,0,1,0,3,0,0
002f6a58,1f6a58,A,100,25,ptr,2,r0,0,0,3,3,0,0
002f6abc,1f6abc,A,16,4,ptr,4,r0,0,0,2,1,0,0
002f6bd8,1f6bd8,A,936,223,prologue,4,r0,0,1,10,42,5,0
002f6fa8,1f6fa8,A,200,49,ptr,4,r0,0,0,3,11,2,0
002f7070,1f7070,A,148,37,prologue,2,void,0,2,3,3,0,0
002f7128,1f7128,A,148,37,prologue,2,r0,0,2,3,3,0,0
002f71e0,1f71e0,A,1040,213,prologue,4,void,1,2,6,13,3,0
002f75f0,1f75f0,A,148,37,prologue,2,void,0,2,3,3,0,0
002f76a8,1f76a8,A,72,16,prologue,1,r0,0,1,3,1,0,0
002f76f0,1f76f0,A,4,1,call,1,r0,0,1,0,1,1,0
002f76f4,1f76f4,A,76,19,prologue,4,r0,0,0,5,5,0,0
002f775c,1f775c,A,36,9,ptr,2,r0,0,0,1,1,0,0
002f7780,1f7780,A,144,32,prologue,4,r0,0,1,2,1,0,0
002f7818,1f7818,A,36,8,ptr,4,r0,0,0,3,1,0,0
002f783c,1f783c,A,4,1,call,1,r0,0,1,0,1,1,0
002f7840,1f7840,A,212,53,prologue,4,r0,0,0,4,13,2,0
002f7918,1f7918,A,4,1,call,0,void,0,1,0,1,1,0
002f791c,1f791c,A,988,219,prologue,3,r0,0,0,5,8,11,0
002f7d08,1f7d08,A,88,17,prologue,2,r0,0,0,2,1,0,0
002f7d60,1f7d60,A,108,25,prologue,3,r0,0,1,4,1,0,0
002f7dcc,1f7dcc,A,28,6,call,2,r0:r1,0,2,1,1,0,0
002f7de8,1f7de8,A,112,28,prologue,2,void,0,2,0,6,2,0
002f7e58,1f7e58,A,72,18,call,2,r0:r1,0,2,0,3,0,0
002f7ea0,1f7ea0,A,56,14,gapstart,4,r0,0,0,2,1,0,0
002f7ed8,1f7ed8,A,12,3,call,1,void,0,1,0,1,0,0
002f7ee4,1f7ee4,A,56,14,ptr,2,void,0,0,0,3,1,0
002f7ffc,1f7ffc,A,60,15,call,1,void,0,1,2,1,0,0
002f8038,1f8038,A,12,3,call,1,void,0,1,0,1,1,0
002f8050,1f8050,A,672,157,ptr,1,r0,0,0,9,19,0,0
002f831c,1f831c,A,8,2,call,4,r0:r1,0,2,1,1,0,0
002f8328,1f8328,A,348,73,prologue,4,void,0,2,6,9,1,0
002f8484,1f8484,A,92,23,ptr,1,r0,0,0,4,3,0,0
002f84e0,1f84e0,A,164,39,ptr,1,r0,0,0,3,3,3,0
002f8584,1f8584,A,52,12,ptr,2,r0,0,0,1,3,0,0
002f85b8,1f85b8,A,244,57,ptr,2,r0,0,0,8,12,1,0
002f86ac,1f86ac,A,96,23,ptr,2,r0,0,0,4,5,0,0
002f870c,1f870c,A,168,39,ptr,1,r0,0,0,6,6,1,0
002f87b4,1f87b4,A,444,108,ptr,1,r0,0,0,7,17,4,0
002f8970,1f8970,A,512,123,ptr,1,r0,0,0,11,19,3,0
002f8b70,1f8b70,A,784,191,ptr,2,r0,0,0,12,37,7,0
002f8e94,1f8e94,A,208,44,ptr,1,r0,0,0,4,10,1,0
002f8f64,1f8f64,A,140,33,ptr,1,r0,0,0,3,3,2,0
002f8ff0,1f8ff0,A,428,105,ptr,1,r0,0,0,5,16,6,0
002f919c,1f919c,A,172,41,ptr,1,r0,0,0,7,6,1,0
002f9248,1f9248,A,408,98,ptr,2,r0,0,0,10,17,2,0
002f93e0,1f93e0,A,1468,358,prologue,2,void,0,2,14,45,0,0
002f99b0,1f99b0,A,1044,252,prologue,4,r0,2,1,10,30,4,0
002f9dc8,1f9dc8,A,112,28,ptr,1,r0,0,0,3,3,0,0
002f9e48,1f9e48,A,64,16,ptr,3,r0,0,0,2,7,0,0
002f9e88,1f9e88,A,224,55,ptr,4,r0,0,0,5,11,0,0
002fa0ac,1fa0ac,A,312,70,ptr,1,r0,0,0,4,6,1,0
002fa1e4,1fa1e4,A,56,14,ptr,4,r0,0,0,1,3,0,0
002fa220,1fa220,A,284,64,ptr,1,r0,0,0,5,6,1,0
002fa33c,1fa33c,A,264,59,prologue,1,void,0,2,5,7,1,0
002fa444,1fa444,A,52,13,ptr,1,r0,0,0,0,3,0,0
002fa478,1fa478,A,3832,880,prologue,3,r0,0,1,34,110,11,0
002fb378,1fb378,A,16,4,ptr,4,r0,0,0,2,1,0,0
002fb388,1fb388,A,20680,116,ptr,4,r0,0,1,8,6,3,0
002fb564,1fb564,A,28,7,ptr,3,void,0,0,1,3,0,0
002fb580,1fb580,A,724,181,ptr,4,r0,0,0,7,24,1,0
002fb860,1fb860,A,64,16,ptr,3,r0,0,0,1,7,0,0
002fb8a0,1fb8a0,A,72,18,ptr,1,r0,0,0,3,5,0,0
002fb8e8,1fb8e8,A,56,13,ptr,2,r0,0,0,1,6,0,0
002fb920,1fb920,A,1680,399,ptr,4,r0,0,0,13,44,1,0
002fbfb0,1fbfb0,A,2828,632,ptr,1,void,0,1,33,61,12,0
002fcac0,1fcac0,A,328,71,ptr,4,r0,0,0,8,4,1,0
002fcc08,1fcc08,A,56,13,ptr,4,r0,0,0,2,3,0,0
002fcc44,1fcc44,A,152,35,ptr,4,r0,0,0,5,4,1,0
002fccdc,1fccdc,A,208,50,ptr,1,r0,0,0,4,7,1,0
002fcdb0,1fcdb0,A,268,61,ptr,1,r0,0,0,8,6,2,0
002fcebc,1fcebc,A,40,10,ptr,1,r0,0,0,1,3,0,0
002fcee4,1fcee4,A,64,16,prologue,1,r0,0,1,0,3,0,0
002fcf24,1fcf24,A,200,43,ptr,3,r0,0,0,3,5,1,0
002fcfec,1fcfec,A,204,43,ptr,4,r0,0,0,3,4,1,0
002fd0b8,1fd0b8,A,52,12,ptr,4,r0,0,0,2,3,0,0
002fd0f0,1fd0f0,A,212,45,ptr,4,r0,0,0,4,4,1,0
002fd1c8,1fd1c8,A,648,133,prologue,3,r0,0,1,13,5,2,0
002fd450,1fd450,A,4,1,call,1,r0,0,2,0,1,1,0
002fd454,1fd454,A,40,10,prologue,4,r0,0,0,3,1,0,0
002fd47c,1fd47c,A,1228,297,ptr,2,r0,0,0,13,54,10,0
002fd948,1fd948,A,476,113,ptr,1,r0,0,0,12,18,5,0
002fdb30,1fdb30,A,1388,319,ptr,1,r0,0,0,18,46,11,0
002fe0a8,1fe0a8,A,72,17,ptr,2,r0,0,0,2,5,0,0
002fe0f0,1fe0f0,A,1212,299,prologue,2,r0,0,2,8,45,1,0
002fe5b0,1fe5b0,A,524,118,prologue,3,r0,0,1,13,11,4,0
002fe7bc,1fe7bc,A,8,2,call,1,r0,0,2,0,1,1,0
002fe7c4,1fe7c4,A,284,68,prologue,4,r0,0,0,8,10,0,0
002fe8e0,1fe8e0,A,304,70,ptr,2,r0,0,0,10,12,1,0
002fea10,1fea10,A,276,64,ptr,1,r0,0,0,8,12,1,0
002feb24,1feb24,A,160,38,ptr,1,r0,0,0,3,3,3,0
002febc4,1febc4,A,384,90,ptr,2,r0,0,0,9,15,1,0
002fed44,1fed44,A,276,64,ptr,2,r0,0,0,8,12,1,0
002fee58,1fee58,A,376,91,ptr,1,r0,0,0,6,12,4,0
002fefd8,1fefd8,A,504,117,ptr,1,r0,0,0,11,24,1,0
002ff1d0,1ff1d0,A,2728,645,ptr,1,r0,0,0,20,95,5,0
002ffc78,1ffc78,A,136,32,ptr,1,r0,0,0,3,3,2,0
002ffd00,1ffd00,A,88,21,ptr,1,r0,0,0,4,5,0,0
00300028,200028,A,1004,217,ptr,0,r0,11,0,15,30,15,0
00300420,200420,A,4,1,call,1,r0,0,1,0,1,1,0
00300424,200424,A,40,10,prologue,4,r0,0,0,3,3,0,0
0030046c,20046c,A,36,9,ptr,2,r0,0,0,1,1,0,0
00300490,200490,A,136,32,prologue,4,r0,0,1,2,1,0,0
00300520,200520,A,36,8,ptr,4,r0,0,0,3,1,0,0
00300544,200544,A,20,5,call,1,void,0,1,0,1,0,0
0030055c,20055c,A,144,36,prologue,1,void,0,1,2,3,0,0
003005ec,2005ec,A,76,19,prologue,2,r0,0,1,1,3,0,0
00300638,200638,A,196,49,ptr,4,r0,0,0,0,9,3,0
003006fc,2006fc,A,16,4,gapstart,1,void,0,0,0,1,1,0
0030070c,20070c,A,124,31,prologue,1,r0:r1,0,1,0,3,0,0
0030078c,20078c,A,192,47,prologue,4,r0,0,1,5,5,1,0
00300850,200850,A,1708,358,prologue,3,void,0,1,7,13,15,0
00300efc,200efc,A,88,17,prologue,2,r0,0,0,2,1,0,0
00300f54,200f54,A,4,1,call,1,r0,0,1,0,1,1,0
00300f58,200f58,A,40,10,prologue,4,r0,0,0,3,3,0,0
00300f80,200f80,A,540,135,prologue,1,r0:r1,0,2,11,17,4,0
003017f0,2017f0,A,16,4,ptr,2,r0,0,0,0,1,0,0
00301800,201800,A,8,2,ptr,1,void,0,0,0,1,1,0
00301808,201808,A,40,10,tail,2,r0,0,1,2,3,0,0
00301830,201830,A,804,188,prologue,4,r0:r1,3,1,16,29,7,0
00301b60,201b60,A,472,111,ptr,1,r0,0,0,13,14,3,0
00301d50,201d50,A,72,18,ptr,1,r0,0,0,4,3,0,0
00301d98,201d98,A,264,59,ptr,3,r0,0,0,3,9,1,0
00301ea0,201ea0,A,212,45,ptr,1,r0,0,0,2,4,1,0
00301f74,201f74,A,116,29,ptr,4,r0,0,0,5,5,0,0
00301fec,201fec,A,252,56,ptr,1,r0,0,0,3,8,1,0
003020e8,2020e8,A,192,41,ptr,1,r0,0,0,2,4,1,0
003021a8,2021a8,A,1600,399,prologue,3,void,0,1,3,75,18,0
003027e8,2027e8,A,404,101,prologue,1,r0,0,2,2,17,2,0
0030297c,20297c,A,388,97,prologue,4,r0:r1,0,2,2,16,1,0
00302b00,202b00,A,236,59,prologue,4,r0,0,1,3,9,0,0
00302bec,202bec,A,200,50,prologue,1,r0,0,2,2,6,0,0
00302cb4,202cb4,A,80,19,prologue,2,r0,0,0,0,3,1,0
00302d04,202d04,A,112,28,ptr,3,r0,0,0,0,5,0,0
00302d74,202d74,A,44,11,ptr,2,void,0,0,0,1,0,0
00302da0,202da0,A,80,19,prologue,2,r0,0,0,0,3,1,0
00302df0,202df0,A,132,33,ptr,3,r0,0,0,0,5,0,0
00302e78,202e78,A,76,19,ptr,2,void,0,0,0,1,0,0
00302ec4,202ec4,A,4,1,call,0,void,0,1,0,1,1,0
00302ec8,202ec8,A,100,21,prologue,3,void,0,0,1,1,0,0
00302f2c,202f2c,A,84,20,prologue,2,r0,0,0,0,3,1,0
00302f80,202f80,A,48,12,ptr,3,r0,0,0,0,4,0,0
00302fb4,202fb4,A,28,7,ptr,2,void,0,0,0,1,0,0
00302fd0,202fd0,A,232,58,call,4,r0,0,1,0,11,0,0
003030b8,2030b8,A,112,27,prologue,2,r0,0,0,0,3,1,0
00303128,203128,A,296,74,ptr,3,r0,0,0,0,13,0,0
00303254,203254,A,124,31,ptr,2,void,0,0,0,1,0,0
003032d0,2032d0,A,1504,361,prologue,1,r0,0,1,9,70,13,0
003038b0,2038b0,A,172,43,prologue,1,r0,0,2,1,11,0,0
0030395c,20395c,A,156,39,prologue,4,r0,0,1,1,9,0,0
003039f8,2039f8,A,312,78,prologue,1,r0,0,1,1,15,1,0
00303b30,203b30,A,196,49,prologue,1,void,0,1,1,11,0,0
00303bf4,203bf4,A,460,113,prologue,4,r0,0,1,2,13,0,0
00303dc0,203dc0,A,4676,1137,prologue,4,r0,0,1,13,149,32,0
00304474,204474,A,56,14,ptr,2,r0,34,0,0,1,0,0
00305004,205004,A,152,38,prologue,4,r0,0,2,1,9,0,0
0030509c,20509c,A,12,3,call,2,r0,0,1,0,3,1,0
003050a8,2050a8,A,164,40,prologue,2,r0,0,0,1,3,2,0
0030514c,20514c,A,120,30,prologue,1,r0:r1,0,1,0,3,1,0
003051c4,2051c4,A,172,43,prologue,1,void,0,2,2,3,1,0
00305270,205270,A,2096,497,prologue,4,r0,0,1,6,80,4,0
00305aa0,205aa0,A,340,81,prologue,3,r0,0,1,3,1,0,0
00305bf4,205bf4,A,252,63,prologue,1,void,0,2,4,4,3,0
00305cf0,205cf0,A,24,6,ptr,3,r0,0,0,0,1,0,0
00305d08,205d08,A,20,5,ptr,2,void,0,0,0,1,0,0
00305d1c,205d1c,A,1156,266,prologue,1,r0,0,2,17,46,0,0
003061a0,2061a0,A,268,66,prologue,2,void,0,2,3,15,0,0
003062ac,2062ac,A,68,16,prologue,1,r0,0,1,2,1,0,0
003062f4,2062f4,A,184,42,prologue,1,r0,0,0,1,11,0,0
003063ac,2063ac,A,92,22,ptr,3,void,0,0,2,3,0,0
00306408,206408,A,416,100,prologue,1,r0:r1,0,2,3,7,0,0
003065a8,2065a8,A,304,52,prologue,1,r0:r1,0,2,5,3,1,0
003066e0,2066e0,A,2880,642,prologue,1,r0:r1,0,1,26,109,3,0
00307220,207220,A,880,217,ptr,3,void,0,0,4,54,1,0
00307590,207590,A,220,47,ptr,4,r0,0,0,3,4,1,0
0030766c,20766c,A,68,17,ptr,4,r0,0,0,2,4,0,0
003076b4,2076b4,A,248,61,prologue,2,r0:r1,0,2,7,14,0,0
003077ac,2077ac,A,252,56,ptr,4,r0,0,0,3,7,1,0
003078a8,2078a8,A,248,55,prologue,4,void,0,1,4,7,1,0
003079a0,2079a0,A,212,46,ptr,1,r0,0,0,5,4,1,0
00307a74,207a74,A,56,14,prologue,1,r0:r1,0,1,0,3,0,0
00307aac,207aac,A,48,12,ptr,1,r0,0,0,2,3,0,0
00307adc,207adc,A,196,45,prologue,1,r0,0,2,8,1,0,0
00307ba0,207ba0,A,124,31,ptr,4,r0,0,0,3,9,0,0
00307c1c,207c1c,A,292,73,ptr,4,r0,0,0,7,13,0,0
00307d40,207d40,A,160,40,ptr,4,r0,0,0,4,9,0,0
00307de0,207de0,A,208,52,ptr,4,r0,0,0,4,11,1,0
00307eb4,207eb4,A,160,40,ptr,4,r0,0,0,3,9,0,0
00307f54,207f54,A,164,41,ptr,3,r0,0,0,3,11,0,0
00307ff8,207ff8,A,152,35,ptr,2,r0,0,0,5,4,1,0
00308090,208090,A,52,12,ptr,4,r0,0,0,2,3,0,0
003080c8,2080c8,A,168,39,ptr,4,r0,0,0,7,4,1,0
00308170,208170,A,156,34,ptr,4,r0,0,0,4,4,1,0
0030820c,20820c,A,140,33,ptr,1,r0,0,0,4,6,1,0
00308298,208298,A,8,2,ptr,0,r0,0,0,0,1,0,0
003082a0,2082a0,A,8,2,ptr,0,r0,0,0,0,1,0,0
003082a8,2082a8,A,204,50,prologue,2,void,0,1,3,10,0,0
00308374,208374,A,8,2,ptr,2,void,0,0,0,1,0,0
00308380,208380,A,44,11,ptr,1,r0,0,0,0,3,1,0
003083ac,2083ac,A,8,2,ptr,1,r0,0,0,0,1,0,0
003083b4,2083b4,A,584,146,ptr,2,r0,0,0,2,23,0,0
003085fc,2085fc,A,8,2,ptr,2,void,0,0,0,1,0,0
00308604,208604,A,520,106,prologue,1,r0,0,1,10,16,0,0
0030880c,20880c,A,172,43,ptr,4,r0,0,0,2,9,3,0
003088bc,2088bc,A,16,4,ptr,4,r0,0,0,2,1,0,0
003088cc,2088cc,A,448,109,ptr,4,r0,0,1,3,15,1,0
00308a8c,208a8c,A,28,6,prologue,2,r0,0,1,1,1,0,0
00308aa8,208aa8,A,60,14,ptr,1,r0,0,0,3,3,0,0
00308ae4,208ae4,A,56,13,ptr,1,r0,0,0,2,3,0,0
00308b1c,208b1c,A,16,4,prologue,2,r0:r1,0,1,1,1,0,0
00308b2c,208b2c,A,228,54,ptr,1,r0,0,0,4,13,0,0
00308c10,208c10,A,220,52,ptr,1,r0,0,0,3,13,0,0
00308cec,208cec,A,4,1,call,4,r0:r1,0,1,0,1,1,0
00308cf0,208cf0,A,72,18,prologue,2,r0,5,0,2,1,0,0
00308d38,208d38,A,68,17,prologue,2,void,0,1,2,1,0,0
00308d7c,208d7c,A,60,14,ptr,1,r0,0,0,3,3,0,0
00308db8,208db8,A,56,13,ptr,1,r0,0,0,2,3,0,0
00308df0,208df0,A,28,7,prologue,2,void,0,1,1,1,0,0
00308e0c,208e0c,A,12,2,ptr,0,r0,0,0,1,1,0,0
00308e18,208e18,A,8,2,call,4,r0:r1,0,1,1,1,0,0
00308e20,208e20,A,60,15,ptr,1,r0,0,0,2,3,0,0
00308e64,208e64,A,264,64,prologue,1,r0,0,0,1,10,0,0
00308f6c,208f6c,A,496,123,prologue,2,void,0,1,5,10,0,0
0030915c,20915c,A,16,4,call,2,void,0,1,0,1,0,0
0030916c,20916c,A,224,54,prologue,4,void,0,1,1,11,0,0
0030924c,20924c,A,596,149,prologue,2,void,0,1,2,24,0,0
003094a0,2094a0,A,132,32,prologue,1,r0,0,0,2,1,0,0
00309524,209524,A,232,50,prologue,0,void,0,1,5,6,1,0
0030960c,20960c,A,28,7,ptr,2,r0,0,0,1,1,0,0
00309628,209628,A,12,2,call,2,r0,0,1,1,1,0,0
00309634,209634,A,504,95,prologue,4,r0:r1,0,2,7,16,0,0
0030982c,20982c,A,12,2,call,0,r0:r1,0,1,1,1,0,0
00309838,209838,A,76,17,prologue,2,r0,0,1,3,4,0,0
00309884,209884,A,88,22,ptr,4,r0,0,0,3,3,0,0
003098e4,2098e4,A,208,45,prologue,1,void,0,1,3,5,1,0
003099b4,2099b4,A,232,57,prologue,4,r0:r1,2,1,3,5,0,0
00309a9c,209a9c,A,16,4,call,1,r0:r1,0,1,0,1,0,0
00309aac,209aac,A,240,59,prologue,4,r0:r1,3,1,3,5,0,0
00309b9c,209b9c,A,28,22,call,4,void,0,1,0,6,0,0
00309bb8,209bb8,A,2592,620,prologue,4,void,0,1,10,55,0,0
0030a5d8,20a5d8,A,208,45,prologue,1,void,0,1,3,5,1,0
0030a6a8,20a6a8,A,120,45,ptr,1,r0,0,0,4,8,0,0
0030a720,20a720,A,72,17,prologue,4,void,0,1,2,3,1,0
0030a774,20a774,A,256,61,prologue,4,void,0,1,4,5,1,0
0030a878,20a878,A,72,17,prologue,4,void,0,1,2,3,1,0
0030a8c4,20a8c4,A,72,17,prologue,4,void,0,1,2,3,1,0
0030a90c,20a90c,A,160,38,prologue,4,void,0,1,2,5,1,0
0030a9b0,20a9b0,A,72,17,prologue,4,void,0,1,2,3,1,0
0030a9fc,20a9fc,A,256,63,prologue,4,r0:r1,0,1,4,11,3,0
0030aafc,20aafc,A,180,43,prologue,1,r0,0,1,2,9,0,0
0030abb0,20abb0,A,92,21,prologue,4,r0:r1,0,1,1,5,1,0
0030ac14,20ac14,A,84,19,prologue,4,void,0,1,1,5,1,0
0030ac68,20ac68,A,2696,660,ptr,1,r0,0,0,26,107,10,0
0030b6f8,20b6f8,A,484,118,ptr,1,r0,0,0,9,20,0,0
0030b8e0,20b8e0,A,564,122,ptr,4,r0,0,0,9,14,2,0
0030bb14,20bb14,A,424,98,ptr,2,r0,0,0,10,11,1,0
0030bcbc,20bcbc,A,520,125,ptr,1,r0,0,0,9,21,0,0
0030bec8,20bec8,A,1076,260,ptr,2,r0,0,0,13,45,3,0
0030c308,20c308,A,924,219,ptr,1,r0,0,0,8,32,14,0
0030c6a4,20c6a4,A,148,35,prologue,1,r0,0,1,3,1,0,0
0030c738,20c738,A,16,4,ptr,4,r0,0,0,2,1,0,0
0030c748,20c748,A,656,159,ptr,4,r0,0,1,6,22,5,0
0030c9d8,20c9d8,A,100,24,ptr,1,r0,0,0,1,6,1,0
0030ca3c,20ca3c,A,648,152,ptr,2,r0,0,0,11,13,7,0
0030ccc4,20ccc4,A,164,41,prologue,1,r0:r1,0,1,2,9,0,0
0030cd68,20cd68,A,640,150,ptr,4,r0,0,0,10,13,7,0
0030cfe8,20cfe8,A,60,15,ptr,1,r0,0,0,0,4,1,0
0030d024,20d024,A,1720,423,prologue,2,r0,0,1,10,60,0,0
0030d6dc,20d6dc,A,20,5,ptr,1,void,0,0,0,1,0,0
0030d6f0,20d6f0,A,1064,265,prologue,1,r0,0,1,11,53,6,0
0030db18,20db18,A,16,4,ptr,1,r0,0,0,2,1,0,0
0030db28,20db28,A,252,63,ptr,1,r0,0,1,2,12,4,0
0030dc24,20dc24,A,1304,302,prologue,4,void,3,1,14,33,10,0
0030e13c,20e13c,A,4,1,call,0,void,0,1,0,1,1,0
0030e140,20e140,A,20,5,prologue,4,void,0,0,1,1,0,0
0030e158,20e158,A,176,42,prologue,4,r0,0,0,4,6,0,0
0030e208,20e208,A,1672,406,prologue,1,r0,0,1,15,68,1,0
0030e890,20e890,A,144,35,ptr,1,r0,0,0,1,5,3,0
0030e920,20e920,A,300,71,prologue,1,r0,0,1,5,11,0,0
0030ea4c,20ea4c,A,248,61,ptr,4,r0,0,0,6,7,2,0
0030eb44,20eb44,A,492,120,prologue,1,r0:r1,0,1,9,16,4,0
0030ed30,20ed30,A,208,51,ptr,4,r0,0,0,5,10,0,0
0030ee00,20ee00,A,304,74,ptr,1,r0,1,0,5,14,0,0
0030ef30,20ef30,A,520,121,ptr,4,void,0,1,13,5,6,0
0030f138,20f138,A,448,111,prologue,1,r0,0,1,9,19,3,0
0030f300,20f300,A,164,40,ptr,1,r0,0,0,2,7,4,0
0030f3a4,20f3a4,A,536,125,ptr,4,void,0,1,13,5,7,0
0030f5c0,20f5c0,A,2672,622,prologue,1,r0,0,1,31,78,4,0
00310068,210068,A,192,46,ptr,1,r0,0,0,2,7,4,0
00310128,210128,A,92,23,ptr,4,r0,0,0,3,3,0,0
00310188,210188,A,320,72,prologue,4,void,0,1,7,7,2,0
003102d0,2102d0,A,28,7,ptr,4,void,2,0,2,3,0,0
003102ec,2102ec,A,176,41,ptr,4,r0,0,0,6,3,1,0
003103a0,2103a0,A,448,104,ptr,1,r0,0,0,7,15,1,0
00310568,210568,A,152,36,ptr,4,void,0,0,5,6,0,0
00310600,210600,A,212,46,ptr,3,r0,0,0,3,3,1,0
003106e0,2106e0,A,880,207,ptr,3,r0,0,0,10,30,3,0
00310a50,210a50,A,2192,542,ptr,4,r0,0,0,12,104,1,0
003112e0,2112e0,A,96,24,ptr,4,r0,0,0,5,4,0,0
00311340,211340,A,520,124,ptr,2,r0,0,0,5,18,1,0
00311550,211550,A,184,1,call,0,r0,0,1,0,1,1,0
00311554,211554,A,184,44,prologue,2,r0,0,0,4,1,0,0
0031160c,21160c,A,16,4,ptr,1,r0,0,0,2,1,0,0
0031161c,21161c,A,344,84,ptr,1,r0,0,1,4,19,5,0
00311774,211774,A,528,129,prologue,2,void,0,1,12,21,1,0
00311984,211984,A,768,185,prologue,4,r0,0,1,9,25,3,0
00311ce4,211ce4,A,524,128,prologue,4,void,0,1,12,21,1,0
00311ef0,211ef0,A,168,41,ptr,1,r0,0,0,1,9,3,0
00311f98,211f98,A,16,4,ptr,1,r0,0,0,2,1,0,0
00311fa8,211fa8,A,276,66,ptr,1,r0,0,1,2,16,4,0
003120bc,2120bc,A,1072,259,ptr,2,r0,0,0,12,41,10,0
003124ec,2124ec,A,460,114,prologue,1,r0,0,1,9,19,3,0
003126c0,2126c0,A,148,36,ptr,1,r0,0,0,1,7,3,0
00312754,212754,A,80,19,prologue,1,r0,0,1,1,1,0,0
003127a4,2127a4,A,16,4,ptr,1,r0,0,0,2,1,0,0
003127b4,2127b4,A,280,68,ptr,1,r0,0,1,2,17,4,0
003128cc,2128cc,A,168,39,ptr,4,r0,0,0,4,6,0,0
00312974,212974,A,236,56,ptr,1,r0,0,0,6,12,0,0
00312a60,212a60,A,260,65,prologue,1,void,0,1,10,1,0,0
00312ba8,212ba8,A,272,65,ptr,1,r0,0,0,2,16,4,0
00312cb8,212cb8,A,588,139,ptr,2,r0,0,0,8,15,7,0
00312f04,212f04,A,536,126,prologue,4,r0,2,1,7,13,7,0
0031311c,21311c,A,3132,761,prologue,2,r0:r1,0,1,14,97,1,0
00313d58,213d58,A,572,141,ptr,1,r0,0,0,9,21,5,0
00313f94,213f94,A,100,1,call,0,r0,0,1,0,1,1,0
00313f98,213f98,A,92,23,prologue,2,r0,0,0,1,1,0,0
00313ff8,213ff8,A,16,4,ptr,1,r0,0,0,2,1,0,0
00314008,214008,A,376,91,ptr,1,r0,0,1,4,13,4,0
00314180,214180,A,564,139,ptr,1,r0,0,0,10,27,6,0
003143b4,2143b4,A,104,26,ptr,1,r0,0,0,2,5,3,0
0031441c,21441c,A,96,24,ptr,1,r0,0,0,1,5,3,0
0031447c,21447c,A,364,84,ptr,4,r0,0,0,6,3,7,0
003145e8,2145e8,A,1260,294,ptr,3,r0,0,0,15,42,9,0
00314ad4,214ad4,A,364,84,ptr,4,r0,0,0,6,3,7,0
00314c40,214c40,A,16,4,ptr,1,r0,0,0,2,1,0,0
00314c50,214c50,A,280,68,ptr,1,r0,0,1,2,17,4,0
00314d68,214d68,A,700,166,ptr,4,r0,0,0,7,24,10,0
00315024,215024,A,1932,473,ptr,4,r0,0,0,19,81,6,0
003157c8,2157c8,A,44,10,call,1,r0,0,1,0,1,0,0
003157f4,2157f4,A,16,4,ptr,1,r0,0,0,2,1,0,0
00315804,215804,A,336,83,ptr,1,r0,0,1,2,19,4,0
00315954,215954,A,16,3,call,2,r0:r1,0,1,0,1,0,0
00315964,215964,A,280,66,ptr,1,r0,0,0,7,15,0,0
00315a7c,215a7c,A,172,41,prologue,2,r0:r1,0,1,0,13,0,0
00315b28,215b28,A,744,177,prologue,1,void,0,1,18,14,0,0
00315e10,215e10,A,208,47,ptr,1,r0,0,0,5,7,0,0
00315ee0,215ee0,A,180,38,ptr,1,r0,0,0,2,3,1,0
00315f94,215f94,A,400,95,prologue,0,r0:r1,0,1,10,11,0,0
00316128,216128,A,60,2,call,0,r0,0,1,0,1,1,0
00316130,216130,A,48,12,prologue,3,r0,0,0,2,1,0,0
00316164,216164,A,92,22,ptr,1,r0,0,0,5,1,0,0
003161c0,2161c0,A,336,84,prologue,4,r0:r1,0,1,3,23,0,0
00316310,216310,A,468,109,ptr,4,r0,0,0,10,5,8,0
003164f8,2164f8,A,356,82,ptr,4,r0,0,0,6,3,7,0
00316668,216668,A,624,149,ptr,4,r0,0,0,9,3,13,0
00316918,216918,A,204,50,ptr,1,r0,0,0,1,11,4,0
003169e4,2169e4,A,608,142,ptr,2,r0,0,0,11,13,8,0
00316c44,216c44,A,1320,324,prologue,1,r0,0,1,18,43,2,0
0031716c,21716c,A,176,43,ptr,1,void,0,0,2,8,5,0
0031721c,21721c,A,16,4,ptr,1,r0,0,0,2,1,0,0
0031722c,21722c,A,608,142,ptr,2,r0,0,0,11,13,8,0
0031748c,21748c,A,1052,260,prologue,1,r0,0,1,16,31,2,0
003178a8,2178a8,A,176,43,ptr,1,void,0,0,2,8,5,0
00317958,217958,A,16,4,ptr,1,r0,0,0,2,1,0,0
00317968,217968,A,608,142,ptr,2,r0,0,0,11,13,8,0
00317bc8,217bc8,A,1320,324,prologue,1,r0,0,1,18,43,2,0
003180f0,2180f0,A,176,43,ptr,1,void,0,0,2,8,5,0
003181a0,2181a0,A,16,4,ptr,1,r0,0,0,2,1,0,0
003181b0,2181b0,A,16,4,ptr,1,r0,0,0,2,1,0,0
003181c0,2181c0,A,596,137,ptr,1,r0,0,0,2,23,5,0
00318414,218414,A,36,13,ptr,1,r0,0,0,0,4,1,0
00318438,218438,A,40,1,call,0,r0,0,1,0,1,1,0
0031843c,21843c,A,40,8,prologue,2,r0,0,0,1,1,0,0
00318464,218464,A,60,13,ptr,1,r0,0,0,2,1,0,0
003184a0,2184a0,A,8,2,ptr,1,r0,0,0,0,1,0,0
003184a8,2184a8,A,280,68,prologue,4,void,0,1,4,7,0,0
003185c0,2185c0,A,4,1,call,1,r0,0,1,0,1,1,0
003185c4,2185c4,A,24,6,prologue,1,r0,0,0,0,1,0,0
003185dc,2185dc,A,56,14,call,1,r0,0,1,0,5,0,0
00318614,218614,A,24,6,call,1,void,0,1,0,1,1,0
0031862c,21862c,A,172,43,prologue,4,void,1,1,3,3,0,0
003186d8,2186d8,A,992,235,ptr,4,r0,0,0,14,26,11,0
00318ab8,218ab8,A,128,32,prologue,4,r0,1,1,4,4,0,0
00318b38,218b38,A,928,224,prologue,4,r0,0,1,9,32,3,0
00318ef0,218ef0,A,180,44,prologue,4,r0:r1,0,1,6,7,0,0
00318fa4,218fa4,A,324,81,prologue,4,void,5,1,7,8,1,0
003190e8,2190e8,A,384,95,ptr,1,r0,0,0,3,12,2,0
00319268,219268,A,204,44,prologue,1,void,0,1,3,3,1,0
00319334,219334,A,172,43,ptr,1,r0,0,0,3,3,0,0
003193e0,2193e0,A,172,43,ptr,1,r0,0,0,3,3,0,0
0031948c,21948c,A,212,46,prologue,2,r0:r1,0,1,3,3,1,0
00319560,219560,A,1280,253,prologue,1,r0:r1,0,1,26,27,0,0
00319a60,219a60,A,176,44,ptr,1,r0,0,0,3,3,0,0
00319b10,219b10,A,64,15,prologue,1,r0,0,1,3,1,0,0
00319b50,219b50,A,52,13,prologue,1,r0,0,0,2,1,0,0
00319b84,219b84,A,436,107,ptr,4,r0,0,0,7,18,0,0
00319d38,219d38,A,3484,856,prologue,4,r0:r1,0,1,22,94,0,0
0031aad4,21aad4,A,1636,406,ptr,2,r0,0,0,16,52,3,0
0031b138,21b138,A,1888,460,prologue,4,r0:r1,0,1,19,44,1,0
0031b898,21b898,A,1188,281,prologue,2,r0:r1,0,1,17,47,0,0
0031bd40,21bd40,A,736,178,prologue,1,void,0,1,16,19,0,0
0031c054,21c054,A,372,92,prologue,4,void,0,1,8,19,0,0
0031c1c8,21c1c8,A,1012,226,prologue,3,r0:r1,0,1,13,27,0,0
0031c5bc,21c5bc,A,316,76,prologue,1,void,0,1,16,11,0,0
0031c6f8,21c6f8,A,668,158,ptr,2,r0,0,0,6,24,9,0
0031c998,21c998,A,204,50,ptr,1,r0,0,0,1,11,4,0
0031ca64,21ca64,A,8,2,ptr,1,r0,0,0,0,1,0,0
0031ca6c,21ca6c,A,40,10,ptr,1,r0,0,0,0,1,0,0
0031ca94,21ca94,A,112,28,ptr,4,r0,0,0,2,3,0,0
0031cb04,21cb04,A,304,76,ptr,2,r0,0,0,2,12,2,0
0031cc34,21cc34,A,20,4,call,0,void,0,1,0,1,0,0
0031cc48,21cc48,A,8,2,ptr,1,r0,0,0,0,1,0,0
0031cc50,21cc50,A,12,3,ptr,2,r0,0,0,0,1,0,0
0031cc5c,21cc5c,A,1080,266,prologue,4,r0,1,1,10,49,0,0
0031d094,21d094,A,16,4,ptr,1,void,0,0,0,1,0,0
0031d0a4,21d0a4,A,16,4,ptr,1,r0,0,0,2,1,0,0
0031d0b4,21d0b4,A,380,93,prologue,4,void,2,1,5,16,5,0
0031d230,21d230,A,324,76,prologue,2,r0,0,1,5,6,0,0
0031d374,21d374,A,16,4,ptr,1,r0,0,0,2,1,0,0
0031d384,21d384,A,212,49,ptr,4,void,0,0,9,9,0,0
0031d458,21d458,A,16,4,ptr,2,void,0,0,0,1,0,0
0031d468,21d468,A,16,4,ptr,1,r0,0,0,2,1,0,0
0031d478,21d478,A,92,23,ptr,2,r0,0,0,0,3,0,0
0031d4d4,21d4d4,A,444,109,prologue,4,void,0,1,7,23,1,0
0031d690,21d690,A,868,214,prologue,4,void,0,1,7,36,0,0
0031d9f4,21d9f4,A,576,140,prologue,2,r0,0,1,8,28,1,0
0031dc34,21dc34,A,196,47,prologue,4,r0,0,1,1,1,0,0
0031dcf8,21dcf8,A,104,26,ptr,2,void,0,1,0,6,2,0
0031dd60,21dd60,A,172,42,ptr,4,r0,0,0,3,6,0,0
0031de38,21de38,A,92,22,ptr,4,r0,0,0,3,1,0,0
0031de94,21de94,A,12,3,ptr,1,void,0,1,0,1,0,0
0031dea0,21dea0,A,88,22,ptr,1,r0,0,0,1,3,1,0
0031def8,21def8,A,12,3,ptr,2,r0,0,0,0,1,0,0
0031df08,21df08,A,432,97,ptr,1,void,0,1,5,9,1,0
0031e0b8,21e0b8,A,196,49,ptr,1,r0,0,1,2,11,2,0
0031e17c,21e17c,A,80,19,ptr,3,void,2,0,0,5,0,0
0031e1cc,21e1cc,A,20,5,ptr,4,void,0,0,1,1,0,0
0031e1e0,21e1e0,A,12,3,ptr,2,void,0,1,0,1,0,0
0031e1ec,21e1ec,A,12,3,ptr,2,r0,0,0,0,1,0,0
0031e1f8,21e1f8,A,12,3,ptr,2,void,0,1,0,1,0,0
0031e204,21e204,A,388,90,ptr,1,r0,0,0,3,10,5,0
0031e388,21e388,A,80,18,ptr,1,r0,0,1,4,3,0,0
0031e3d8,21e3d8,A,16,4,ptr,4,void,0,1,1,1,0,0
0031e3e8,21e3e8,A,96,23,ptr,4,r0,0,0,4,1,0,0
0031e450,21e450,A,92,22,ptr,4,r0,0,0,3,1,0,0
0031e4ac,21e4ac,A,12,3,ptr,2,void,0,1,0,1,0,0
0031e4b8,21e4b8,A,16,4,ptr,4,r0,0,0,2,1,0,0
0031e4c8,21e4c8,A,180,38,prologue,1,r0:r1,0,1,2,3,1,0
0031e57c,21e57c,A,684,163,prologue,4,void,0,1,10,18,1,0
0031e828,21e828,A,900,223,ptr,4,r0,1,0,10,44,0,0
0031ebac,21ebac,A,492,120,ptr,4,void,0,0,7,19,0,1
0031ed98,21ed98,A,100,21,prologue,4,r0,0,0,3,1,0,0
0031edfc,21edfc,A,100,23,prologue,3,void,0,1,3,1,0,0
0031ee60,21ee60,A,120,29,prologue,4,void,0,1,3,1,0,0
0031ef18,21ef18,A,80,19,prologue,1,void,0,1,3,1,0,0
0031ef9c,21ef9c,A,100,24,prologue,4,void,0,1,3,1,0,0
0031f03c,21f03c,A,96,23,prologue,3,void,0,1,3,1,0,0
0031f0bc,21f0bc,A,96,23,prologue,3,void,0,1,3,1,0,0
0031f150,21f150,A,80,19,prologue,1,void,0,1,3,1,0,0
0031f1d4,21f1d4,A,96,23,prologue,3,void,0,1,3,1,0,0
0031f268,21f268,A,84,19,prologue,1,void,0,1,3,1,0,0
0031f2bc,21f2bc,A,120,29,prologue,4,void,0,1,3,1,0,0
0031f374,21f374,A,96,23,prologue,3,void,0,1,3,1,0,0
0031f400,21f400,A,100,24,prologue,4,void,0,1,3,1,0,0
0031f4a0,21f4a0,A,112,27,prologue,2,void,0,1,3,4,0,0
0031f58c,21f58c,A,96,23,prologue,3,void,0,1,3,1,0,0
0031f624,21f624,A,80,19,prologue,1,void,0,1,3,1,0,0
0031f6b0,21f6b0,A,224,54,prologue,4,void,3,1,5,3,0,0
0031f79c,21f79c,A,80,19,prologue,1,void,0,1,3,1,0,0
0031f820,21f820,A,80,19,prologue,1,void,0,1,3,1,0,0
0031f8a0,21f8a0,A,80,19,prologue,1,void,0,1,3,1,0,0
0031f920,21f920,A,88,21,prologue,2,void,0,1,3,1,0,0
0031f9ac,21f9ac,A,100,24,prologue,4,r0,0,0,3,1,0,0
0031fa3c,21fa3c,A,160,38,prologue,4,void,2,1,3,4,0,0
0031fb1c,21fb1c,A,96,23,prologue,3,void,0,1,3,1,0,0
0031fbbc,21fbbc,A,80,19,prologue,1,void,0,1,3,1,0,0
0031fc34,21fc34,A,80,19,prologue,1,void,0,1,3,1,0,0
0031fcb8,21fcb8,A,192,47,prologue,4,void,1,1,4,5,0,0
0031fdf4,21fdf4,A,96,23,prologue,3,void,0,1,3,1,0,0
0031fe8c,21fe8c,A,56,11,prologue,1,r0,0,1,1,3,0,0
0031fec4,21fec4,A,100,23,prologue,4,void,0,1,3,1,0,0
0031ff28,21ff28,A,96,23,prologue,4,void,0,1,3,1,0,0
0031ffc8,21ffc8,A,216,53,prologue,3,void,3,1,5,4,0,0
00320104,220104,A,100,24,prologue,4,void,0,1,3,1,0,0
003201a0,2201a0,A,80,19,prologue,1,void,0,1,3,1,0,0
00320220,220220,A,120,28,prologue,4,void,0,1,3,1,0,0
00320298,220298,A,80,19,prologue,1,void,0,1,3,1,0,0
00320314,220314,A,100,23,prologue,3,void,0,1,3,1,0,0
00320378,220378,A,96,23,prologue,3,void,0,1,3,1,0,0
00320410,220410,A,100,23,prologue,3,void,0,1,3,1,0,0
00320474,220474,A,232,42,prologue,1,void,0,1,3,5,0,0
00320598,220598,A,80,19,prologue,1,void,0,1,3,1,0,0
00320624,220624,A,100,23,prologue,3,void,0,1,3,1,0,0
00320688,220688,A,80,19,prologue,1,void,0,1,3,1,0,0
0032070c,22070c,A,128,28,prologue,4,void,0,1,3,1,0,0
0032078c,22078c,A,120,29,prologue,4,void,0,1,3,1,0,0
00320840,220840,A,120,29,prologue,4,void,0,1,3,1,0,0
003208f4,2208f4,A,96,23,prologue,3,void,0,1,3,1,0,0
00320994,220994,A,96,23,prologue,3,void,0,1,3,1,0,0
00320a2c,220a2c,A,80,19,prologue,1,void,0,1,3,1,0,0
00320aa0,220aa0,A,80,19,prologue,1,void,0,1,3,1,0,0
00320b28,220b28,A,80,19,prologue,1,void,0,1,3,1,0,0
00320bb0,220bb0,A,80,19,prologue,1,void,0,1,3,1,0,0
00320c34,220c34,A,80,19,prologue,1,void,0,1,3,1,0,0
00320cb8,220cb8,A,80,19,prologue,1,void,0,1,3,1,0,0
00320d40,220d40,A,124,29,prologue,3,void,0,1,3,1,0,0
00320dbc,220dbc,A,96,23,prologue,3,void,0,1,3,1,0,0
00320e54,220e54,A,120,28,prologue,4,void,0,1,3,1,0,0
00320ecc,220ecc,A,100,23,prologue,3,void,0,1,3,1,0,0
00320f30,220f30,A,80,19,prologue,1,void,0,1,3,1,0,0
00320fbc,220fbc,A,80,19,prologue,1,void,0,1,3,1,0,0
00321044,221044,A,80,19,prologue,1,void,0,1,3,1,0,0
003210cc,2210cc,A,100,23,prologue,3,void,0,1,3,1,0,0
00321130,221130,A,96,23,prologue,3,void,0,1,3,1,0,0
003211d0,2211d0,A,100,23,prologue,4,void,0,1,3,1,0,0
00321234,221234,A,124,29,prologue,4,void,0,1,3,1,0,0
003212b0,2212b0,A,80,19,prologue,1,void,0,1,3,1,0,0
0032133c,22133c,A,100,23,prologue,3,void,0,1,3,1,0,0
003213a0,2213a0,A,96,23,prologue,3,void,0,1,3,1,0,0
00321438,221438,A,1412,284,prologue,4,void,9,1,9,35,0,0
003219d0,2219d0,A,96,23,prologue,3,void,0,1,3,1,0,0
00321a6c,221a6c,A,80,19,prologue,1,void,0,1,3,1,0,0
00321af8,221af8,A,80,19,prologue,1,void,0,1,3,1,0,0
00321b84,221b84,A,80,19,prologue,1,void,0,1,3,1,0,0
00321c08,221c08,A,80,19,prologue,1,void,0,1,3,1,0,0
00321c90,221c90,A,132,31,prologue,4,void,0,1,3,1,0,0
00321d14,221d14,A,120,28,prologue,4,void,0,1,3,1,0,0
00321d8c,221d8c,A,80,19,prologue,1,void,0,1,3,1,0,0
00321e08,221e08,A,380,80,prologue,2,r0,0,1,4,9,0,0
00321f84,221f84,A,600,145,ptr,4,r0,0,0,7,25,3,0
003221dc,2221dc,A,12,2,ptr,0,r0,0,0,0,1,0,0
003221e8,2221e8,A,60,14,ptr,2,r0,0,0,1,4,0,0
00322224,222224,A,12,2,ptr,0,r0,0,0,0,1,0,0
00322230,222230,A,60,14,ptr,2,r0,0,0,1,4,0,0
0032226c,22226c,A,12,2,ptr,0,r0,0,0,0,1,0,0
00322278,222278,A,60,14,ptr,2,r0,0,0,1,4,0,0
003222b4,2222b4,A,12,2,ptr,0,r0,0,0,0,1,0,0
003222c0,2222c0,A,60,14,ptr,2,r0,0,0,1,4,0,0
003222fc,2222fc,A,12,2,ptr,0,r0,0,0,0,1,0,0
00322308,222308,A,100,23,ptr,2,r0,0,0,1,6,0,0
0032236c,22236c,A,12,2,ptr,0,r0,0,0,0,1,0,0
00322378,222378,A,60,14,ptr,2,r0,0,0,1,4,0,0
003223b4,2223b4,A,12,2,ptr,0,r0,0,0,0,1,0,0
003223c0,2223c0,A,60,14,ptr,2,r0,0,0,1,4,0,0
003223fc,2223fc,A,12,2,ptr,0,r0,0,0,0,1,0,0
00322408,222408,A,60,14,ptr,2,r0,0,0,1,4,0,0
00322444,222444,A,12,2,ptr,0,r0,0,0,0,1,0,0
00322450,222450,A,60,14,ptr,2,r0,0,0,1,4,0,0
0032248c,22248c,A,12,2,ptr,0,r0,0,0,0,1,0,0
00322498,222498,A,60,14,ptr,2,r0,0,0,1,4,0,0
003224d4,2224d4,A,12,2,ptr,0,r0,0,0,0,1,0,0
003224e0,2224e0,A,60,14,ptr,2,r0,0,0,1,4,0,0
0032251c,22251c,A,12,3,call,3,r0,0,1,0,3,1,0
00322528,222528,A,820,203,prologue,3,r0,0,0,14,23,4,0
0032285c,22285c,A,368,85,prologue,4,void,0,1,8,10,3,0
003229cc,2229cc,A,720,178,ptr,1,r0,0,0,6,37,5,0
00322c9c,222c9c,A,564,140,prologue,3,r0,11,1,3,23,0,0
00322ed0,222ed0,A,96,23,ptr,1,r0,0,0,3,4,0,0
00322f30,222f30,A,84,20,ptr,1,r0,0,0,2,4,0,0
00322f84,222f84,A,28,7,prologue,4,void,0,1,1,1,0,0
00322fa0,222fa0,A,228,49,prologue,1,void,0,1,4,6,1,0
00323084,223084,A,44,11,call,1,r0:r1,0,1,1,1,0,0
003230b0,2230b0,A,228,49,prologue,1,void,0,1,4,6,1,0
00323194,223194,A,228,49,prologue,1,void,0,1,4,6,1,0
00323278,223278,A,304,68,prologue,4,void,1,1,4,8,1,0
003233a8,2233a8,A,1192,199,prologue,2,r0:r1,0,1,11,22,2,0
00323854,223854,A,128,31,ptr,2,r0,0,0,4,3,0,0
003238d4,2238d4,A,36,9,prologue,1,void,0,1,2,1,0,0
003238f8,2238f8,A,72,18,prologue,1,r0,0,1,2,3,0,0
00323940,223940,A,436,104,ptr,1,r0,0,0,17,17,0,0
00323af4,223af4,A,116,29,ptr,1,r0,0,0,3,1,0,0
00323b68,223b68,A,200,50,ptr,2,r0,0,0,7,4,0,0
00323c60,223c60,A,4472,927,ptr,4,r0,1,0,51,140,3,0
00324dd8,224dd8,A,204,51,ptr,4,r0,0,0,4,5,0,0
00324ee0,224ee0,A,304,68,prologue,4,void,1,1,4,8,1,0
00325010,225010,A,88,20,prologue,4,r0,0,1,3,5,0,0
00325068,225068,A,100,23,prologue,4,void,0,1,2,6,0,0
003250cc,2250cc,A,228,49,prologue,1,void,0,1,4,6,1,0
003251b0,2251b0,A,176,43,ptr,1,r0,0,0,5,5,0,0
00325290,225290,A,2088,499,ptr,4,r0,0,0,36,63,1,0
00325ab8,225ab8,A,536,128,prologue,1,r0:r1,0,1,5,32,0,0
00325cd0,225cd0,A,340,60,prologue,2,r0:r1,0,1,7,7,0,0
00325e24,225e24,A,324,62,ptr,2,r0,0,0,5,10,0,0
00325f68,225f68,A,188,47,ptr,4,r0,0,0,3,3,0,0
00326024,226024,A,2356,508,prologue,4,void,0,1,13,61,0,0
00326984,226984,A,440,106,ptr,2,r0,0,0,5,23,0,0
00326b3c,226b3c,A,16,4,ptr,1,r0,0,0,1,1,0,0
00326b4c,226b4c,A,3336,738,prologue,1,r0,0,1,25,78,3,0
00327854,227854,A,296,74,prologue,1,r0:r1,0,1,1,14,0,0
003279ac,2279ac,A,160,39,ptr,1,r0,0,0,1,7,3,0
00327a4c,227a4c,A,644,150,prologue,4,void,0,1,8,18,7,0
00327dfc,227dfc,A,196,49,gapstart,0,r0,47,0,3,11,2,0
003287e4,2287e4,A,2812,1210,ptr,2,r0,81,0,28,202,3,0
003292e0,2292e0,A,168,41,ptr,1,r0,0,0,2,7,4,0
00329388,229388,A,16,4,ptr,1,r0,0,0,2,1,0,0
00329398,229398,A,360,86,ptr,1,r0,0,1,2,18,5,0
00329500,229500,A,1256,297,ptr,1,r0,0,0,20,53,4,0
003299e8,2299e8,A,36,9,call,4,r0:r1,1,1,1,1,0,0
00329a0c,229a0c,A,1456,347,ptr,1,r0,0,0,18,67,5,0
00329fbc,229fbc,A,324,80,prologue,1,void,0,1,6,11,0,0
0032a100,22a100,A,196,48,prologue,1,void,0,1,6,3,0,0
0032a1c4,22a1c4,A,16,4,call,1,r0:r1,0,1,0,1,0,0
0032a1d4,22a1d4,A,192,48,prologue,4,void,0,1,1,9,0,0
0032a294,22a294,A,96,24,call,4,r0,0,1,0,5,0,0
0032a2f4,22a2f4,A,1620,401,prologue,1,r0,0,1,14,62,3,0
0032a950,22a950,A,100,24,ptr,1,r0,0,0,1,6,1,0
0032a9b4,22a9b4,A,836,201,ptr,4,r0,0,0,8,29,11,0
0032acf8,22acf8,A,68,16,call,1,r0,0,1,0,1,0,0
0032ad3c,22ad3c,A,204,50,ptr,1,r0,0,0,1,11,4,0
0032ae08,22ae08,A,768,190,ptr,1,r0,0,0,6,39,8,0
0032b108,22b108,A,672,161,prologue,4,r0:r1,1,1,8,19,11,0
0032b3a8,22b3a8,A,916,227,prologue,1,r0,0,1,12,27,3,0
0032b760,22b760,A,864,213,ptr,1,r0,0,0,7,46,3,0
0032bac0,22bac0,A,92,1,call,0,r0,0,1,0,1,1,0
0032bac4,22bac4,A,84,21,prologue,2,r0,0,0,1,1,0,0
0032bb20,22bb20,A,16,4,ptr,1,r0,0,0,2,1,0,0
0032bb30,22bb30,A,276,66,ptr,1,r0,0,1,2,16,4,0
0032bc44,22bc44,A,1060,252,prologue,4,r0,1,1,15,30,0,0
0032c088,22c088,A,704,167,ptr,1,r0,0,0,7,24,10,0
0032c348,22c348,A,1424,352,prologue,1,r0,0,1,17,64,6,0
0032c8d8,22c8d8,A,100,24,ptr,1,r0,0,0,1,6,1,0
0032c93c,22c93c,A,16,4,ptr,1,r0,0,0,2,1,0,0
0032c94c,22c94c,A,300,75,ptr,1,r0,0,1,4,14,4,0
0032ca78,22ca78,A,2308,566,ptr,1,r0,0,0,16,108,6,0
0032d37c,22d37c,A,772,185,ptr,4,r0,0,0,6,29,11,0
0032d680,22d680,A,44,10,call,1,r0,0,1,0,1,0,0
0032d6ac,22d6ac,A,16,4,ptr,1,r0,0,0,2,1,0,0
0032d6bc,22d6bc,A,232,58,ptr,1,r0,0,1,2,12,4,0
0032d7a4,22d7a4,A,1284,309,prologue,4,void,2,1,12,48,8,0
0032dcac,22dcac,A,844,205,prologue,1,r0,0,1,11,35,1,0
0032dff8,22dff8,A,612,150,ptr,4,r0,0,0,3,28,4,0
0032e25c,22e25c,A,76,1,call,0,r0,0,1,0,1,1,0
0032e260,22e260,A,68,17,prologue,2,r0,0,0,1,1,0,0
0032e2ac,22e2ac,A,16,4,ptr,4,r0,0,0,2,1,0,0
0032e2bc,22e2bc,A,348,84,ptr,4,r0,0,1,3,19,4,0
0032e418,22e418,A,464,107,prologue,4,void,1,1,8,8,6,0
0032e5e8,22e5e8,A,1120,279,prologue,1,r0,0,1,14,50,5,0
0032ea50,22ea50,A,164,40,ptr,1,r0,0,0,2,7,4,0
0032eaf4,22eaf4,A,16,4,ptr,4,r0,0,0,2,1,0,0
0032eb04,22eb04,A,308,74,ptr,4,r0,0,1,3,16,4,0
0032ec38,22ec38,A,1148,282,ptr,1,r0,0,0,14,48,6,0
0032f0b4,22f0b4,A,780,187,ptr,4,r0,0,0,8,23,8,0
0032f3dc,22f3dc,A,512,120,ptr,4,r0,0,0,6,13,7,0
0032f5dc,22f5dc,A,44,10,call,1,r0,0,1,0,1,0,0
0032f608,22f608,A,16,4,ptr,1,r0,0,0,2,1,0,0
0032f618,22f618,A,232,58,ptr,1,r0,0,1,2,12,4,0
0032f700,22f700,A,220,54,ptr,1,r0,0,0,3,11,1,0
0032f7dc,22f7dc,A,296,71,prologue,1,void,0,1,4,10,3,0
0032f904,22f904,A,760,187,prologue,3,r0:r1,0,1,6,26,3,0
0032fc00,22fc00,A,980,237,prologue,4,void,0,1,7,45,5,0
0032ffe0,22ffe0,A,32,8,ptr,1,r0,0,0,1,1,0,0
00330000,230000,A,56,14,ptr,2,void,0,0,2,1,0,0
00330038,230038,A,64,1,call,0,r0,0,1,0,1,1,0
0033003c,23003c,A,56,14,prologue,2,r0,0,0,1,1,0,0
00330078,230078,A,152,35,ptr,1,r0,0,0,6,5,1,0
00330110,230110,A,148,34,ptr,1,r0,0,0,5,5,1,0
003301a8,2301a8,A,420,97,ptr,1,r0,0,0,7,17,7,0
0033034c,23034c,A,476,114,ptr,1,r0,0,0,8,24,5,0
00330528,230528,A,472,116,prologue,1,r0,0,1,9,16,2,0
00330700,230700,A,552,135,ptr,1,r0,0,0,9,20,3,0
00330928,230928,A,428,100,ptr,1,r0,0,0,6,15,7,0
00330ad8,230ad8,A,884,212,ptr,1,r0,0,0,14,30,7,0
00330e4c,230e4c,A,76,19,ptr,4,r0,0,0,1,4,1,0
00330e98,230e98,A,1108,266,ptr,4,r0,7,0,16,22,19,0
003312f8,2312f8,A,1048,258,ptr,1,r0,0,0,12,21,19,0
00331754,231754,A,1900,471,prologue,1,r0:r1,0,1,26,62,2,0
00331ec0,231ec0,A,2404,592,prologue,1,r0,0,1,22,102,1,0
00332824,232824,A,252,1,call,0,r0,0,1,0,1,1,0
00332828,232828,A,256,61,prologue,2,r0,0,0,2,1,0,0
00332928,232928,A,16,4,ptr,4,r0,0,0,2,1,0,0
00332a24,232a24,A,72,18,prologue,4,void,1,1,2,1,0,0
00332a78,232a78,A,72,18,prologue,4,void,1,1,2,1,0,0
00332ad8,232ad8,A,2468,606,prologue,1,r0,0,1,16,87,1,0
00333488,233488,A,164,40,ptr,1,r0,0,0,2,7,4,0
0033352c,23352c,A,16,4,ptr,4,r0,0,0,2,1,0,0
0033353c,23353c,A,444,109,ptr,4,r0,0,1,3,26,4,0
003336f8,2336f8,A,448,104,ptr,1,r0,0,0,10,3,7,0
003338b8,2338b8,A,1708,398,ptr,1,r0,0,0,19,47,5,0
00333f64,233f64,A,432,100,prologue,1,void,0,1,9,3,8,0
00334114,234114,A,124,31,ptr,1,r0,0,0,1,5,4,0
00334190,234190,A,632,123,prologue,1,r0:r1,0,1,5,5,14,0
00334408,234408,A,360,89,ptr,1,r0,0,0,6,13,5,0
0033457c,23457c,A,444,110,ptr,1,r0,0,0,7,16,5,0
00334768,234768,A,540,115,prologue,1,r0:r1,0,1,6,5,12,0
00334984,234984,A,192,47,ptr,1,r0,0,0,2,7,5,0
00334a44,234a44,A,192,47,ptr,1,r0,0,0,2,7,5,0
00334b04,234b04,A,496,122,prologue,1,void,0,1,8,21,0,0
00334cf4,234cf4,A,400,92,prologue,1,void,0,1,10,3,6,0
00334e84,234e84,A,1076,263,ptr,1,r0,0,0,15,38,5,0
003352b8,2352b8,A,332,75,prologue,1,r0,0,1,5,1,0,0
00335404,235404,A,16,4,ptr,4,r0,0,0,2,1,0,0
00335414,235414,A,79184,52,ptr,4,r0,0,1,4,2,0,0
003354f8,2354f8,A,728,172,prologue,2,void,0,1,6,26,10,0
003357d0,2357d0,A,348,87,prologue,4,void,0,1,3,15,0,0
0033592c,23592c,A,1560,383,prologue,1,r0,0,1,13,75,1,0
00335f44,235f44,A,164,40,ptr,1,r0,0,0,2,7,4,0
00335fe8,235fe8,A,16,4,ptr,1,r0,0,0,2,1,0,0
00335ff8,235ff8,A,44,11,call,4,void,1,1,0,1,0,0
00336024,236024,A,108,22,prologue,1,r0,0,0,1,1,0,0
00336090,236090,A,384,96,prologue,2,void,0,1,8,5,0,0
0033622c,23622c,A,96,20,prologue,4,void,0,1,1,1,0,0
0033628c,23628c,A,112,28,prologue,4,void,0,1,1,1,0,0
00336300,236300,A,920,229,prologue,1,r0,0,1,16,45,3,0
003366b0,2366b0,A,12,3,call,3,void,0,1,0,1,0,0
003366bc,2366bc,A,308,75,ptr,1,r0,0,0,6,12,3,0
003367f0,2367f0,A,180,1,call,0,r0,0,1,0,1,1,0
003367f4,2367f4,A,196,43,prologue,2,r0,0,0,1,1,0,0
003368b8,2368b8,A,16,4,ptr,1,r0,0,0,2,1,0,0
003368c8,2368c8,A,300,72,ptr,1,r0,0,1,2,16,4,0
003369f4,2369f4,A,20,4,call,2,r0:r1,0,1,0,1,0,0
00336a88,236a88,A,240,59,prologue,4,r0,2,1,4,12,0,0
00336b78,236b78,A,2116,508,prologue,1,r0,0,1,22,73,1,0
003373bc,2373bc,A,100,24,ptr,1,r0,0,0,1,6,1,0
00337420,237420,A,4,1,call,0,r0,0,1,0,1,1,0
00337424,237424,A,68,17,prologue,3,r0,0,0,1,1,0,0
00337468,237468,A,232,58,prologue,1,void,0,1,3,11,3,0
00337550,237550,A,452,104,prologue,1,void,0,1,7,8,7,0
00337714,237714,A,2096,519,prologue,1,r0,0,1,17,103,6,0
00337f44,237f44,A,144,36,ptr,1,r0,0,0,2,6,4,0
00337fd4,237fd4,A,260,62,ptr,4,r0,0,0,4,12,3,0
003380d8,2380d8,A,16,4,ptr,1,r0,0,0,2,1,0,0
003380e8,2380e8,A,276,66,ptr,1,r0,0,1,2,16,4,0
003381fc,2381fc,A,4916,1204,ptr,1,r0,0,0,30,201,6,0
00339530,239530,A,780,187,ptr,1,r0,0,0,8,29,11,0
0033983c,23983c,A,28,6,call,1,r0,0,1,0,1,0,0
00339858,239858,A,204,50,ptr,1,r0,0,0,1,11,4,0
00339924,239924,A,728,173,prologue,1,void,0,1,7,24,12,0
00339c00,239c00,A,1192,296,prologue,1,r0,0,1,10,64,6,0
0033a0c8,23a0c8,A,864,213,ptr,1,r0,0,0,7,46,3,0
0033a428,23a428,A,44,2,call,0,r0,0,1,0,1,1,0
0033a430,23a430,A,32,8,prologue,3,r0,0,0,1,1,0,0
0033a454,23a454,A,16,4,ptr,1,r0,0,0,2,1,0,0
0033a464,23a464,A,276,66,ptr,1,r0,0,1,2,16,4,0
0033a578,23a578,A,576,131,prologue,1,r0,0,1,12,16,1,0
0033a7b8,23a7b8,A,192,47,ptr,1,r0,0,0,1,8,5,0
0033a878,23a878,A,192,47,ptr,1,r0,0,0,1,8,5,0
0033a938,23a938,A,1632,406,prologue,1,r0:r1,0,1,19,43,4,0
0033af98,23af98,A,208,50,ptr,1,r0,0,0,2,9,5,0
0033b068,23b068,A,1152,281,ptr,1,r0,0,0,11,7,21,0
0033b4e8,23b4e8,A,3804,931,prologue,1,r0,0,1,29,144,1,0
0033c3c4,23c3c4,A,244,60,prologue,4,r0,0,1,2,1,0,0
0033c4b8,23c4b8,A,16,4,ptr,1,r0,0,0,2,1,0,0
0033c4c8,23c4c8,A,50112,59,ptr,1,r0,0,1,3,5,0,0
0033c5b4,23c5b4,A,28,6,call,1,r0,0,1,1,1,0,0
0033c5d0,23c5d0,A,12,2,call,0,r0,0,1,0,1,0,0
0033c5dc,23c5dc,A,752,184,prologue,1,r0,0,1,11,32,3,0
0033c8cc,23c8cc,A,512,120,ptr,1,r0,0,0,6,13,7,0
0033cacc,23cacc,A,36,9,ptr,1,r0,0,0,0,1,1,0
0033caf0,23caf0,A,864,212,ptr,1,r0,0,0,7,49,4,0
0033ce50,23ce50,A,608,148,prologue,1,r0,0,1,11,27,3,0
0033d0b0,23d0b0,A,16,4,ptr,1,r0,0,0,2,1,0,0
0033d0c0,23d0c0,A,47256,69,ptr,1,r0,0,1,2,17,4,0
0033d1dc,23d1dc,A,124,30,ptr,4,void,0,0,3,6,1,0
0033d258,23d258,A,176,43,ptr,2,r0,0,0,3,9,2,0
0033d308,23d308,A,176,72,ptr,4,r0,2,0,8,14,0,0
0033d3b8,23d3b8,A,92,22,ptr,1,r0,0,0,2,5,1,0
0033d414,23d414,A,32,7,gapstart,1,void,0,0,0,1,1,0
0033d434,23d434,A,28,6,gapstart,1,void,0,0,0,1,1,0
0033d450,23d450,A,64,14,ptr,1,r0,0,0,2,3,0,0
0033d490,23d490,A,84,19,ptr,2,void,0,0,3,3,0,0
0033d4e4,23d4e4,A,16,4,ptr,1,r0,0,0,1,1,0,0
0033d4f4,23d4f4,A,116,26,ptr,0,void,0,0,5,5,0,0
0033d568,23d568,A,16,4,ptr,1,r0,0,0,1,1,0,0
0033d578,23d578,A,2264,565,prologue,1,r0,0,1,6,123,3,0
0033de50,23de50,A,1064,260,prologue,3,r0,0,1,13,49,1,0
0033e278,23e278,A,2028,487,prologue,2,r0,0,1,26,76,15,0
0033ea64,23ea64,A,6796,1694,prologue,1,r0,0,1,22,191,0,0
003404f0,2404f0,A,240,52,ptr,1,r0,0,0,4,5,1,0
003405e0,2405e0,A,60,15,ptr,1,r0,0,0,2,5,0,0
0034061c,24061c,A,8,2,ptr,2,r0,0,0,1,1,0,0
00340624,240624,A,520,130,ptr,2,r0,0,0,2,16,0,0
0034082c,24082c,A,172,1,call,0,r0,0,1,0,1,1,0
00340830,240830,A,164,41,prologue,2,r0,0,0,4,1,0,0
003408d8,2408d8,A,16,4,ptr,1,r0,0,0,2,1,0,0
003408e8,2408e8,A,34876,136,ptr,1,r0,0,1,5,23,4,0
00340b10,240b10,A,480,108,ptr,1,r0,0,0,9,10,8,0
00340cf8,240cf8,A,4456,1062,ptr,1,r0,0,0,61,170,25,0
00341ea0,241ea0,A,3172,782,ptr,2,r0,0,0,27,121,25,0
00342b04,242b04,A,1836,435,ptr,1,r0,0,0,23,64,26,0
00343230,243230,A,252,56,ptr,2,r0,0,0,2,3,1,0
0034332c,24332c,A,3112,741,prologue,4,r0:r1,4,1,19,120,0,0
00343f54,243f54,A,152,1,call,0,r0,0,1,0,1,1,0
00343f58,243f58,A,152,36,prologue,2,r0,0,0,4,1,0,0
00343ff0,243ff0,A,16,4,ptr,1,r0,0,0,2,1,0,0
00344000,244000,A,20848,118,ptr,1,r0,0,1,10,27,6,0
003441e4,2441e4,A,84,20,ptr,4,r0,0,0,2,5,1,0
00344238,244238,A,64,15,ptr,1,r0,0,0,1,3,1,0
00344278,244278,A,400,93,prologue,1,void,0,1,5,7,8,0
00344408,244408,A,600,145,prologue,1,r0,0,1,12,11,2,0
00344660,244660,A,200,48,ptr,1,r0,0,0,1,9,2,0
00344728,244728,A,3088,753,prologue,1,r0,0,1,23,96,2,0
00345338,245338,A,188,47,ptr,1,r0,0,0,2,3,2,0
003453f4,2453f4,A,124,30,ptr,1,r0,0,0,2,3,2,0
00345470,245470,A,464,114,ptr,1,r0,0,0,7,13,2,0
00345640,245640,A,484,113,prologue,2,void,0,1,6,7,10,0
00345834,245834,A,420,98,prologue,1,void,0,1,5,7,9,0
003459d8,2459d8,A,300,75,prologue,4,r0:r1,0,1,5,17,0,0
00345b38,245b38,A,244,59,ptr,4,r0,0,0,4,5,1,0
00345c2c,245c2c,A,240,58,ptr,4,r0,0,0,3,5,1,0
00345d1c,245d1c,A,136,32,prologue,4,r0,0,1,3,7,0,0
00345da8,245da8,A,836,200,ptr,4,r0,1,0,8,38,1,0
003460f8,2460f8,A,208,49,ptr,4,r0,0,0,5,12,0,0
003461c8,2461c8,A,60,2,call,0,r0,0,1,0,1,1,0
003461d0,2461d0,A,44,11,prologue,3,r0,0,0,1,1,0,0
00346204,246204,A,196,44,ptr,4,r0,0,0,6,8,0,0
003462c8,2462c8,A,60,13,ptr,0,void,0,0,3,3,0,0
00346304,246304,A,16,4,ptr,1,r0,0,0,1,1,0,0
00346314,246314,A,60,14,ptr,4,void,0,0,3,4,0,0
00346350,246350,A,288,69,ptr,4,void,0,0,6,12,2,0
00346470,246470,A,288,69,ptr,4,void,0,0,6,12,2,0
00346590,246590,A,16,4,ptr,1,r0,0,0,1,1,0,0
003465a0,2465a0,A,260,60,prologue,3,void,0,1,4,1,1,0
003466a4,2466a4,A,584,138,prologue,4,r0,0,0,9,20,1,0
003468ec,2468ec,A,12,2,call,0,r0,0,1,0,1,0,0
003468f8,2468f8,A,376,94,ptr,4,r0,4,0,3,13,0,0
00346a70,246a70,A,288,69,prologue,1,void,0,1,5,9,2,0
00346b90,246b90,A,532,122,ptr,4,r0,0,0,9,3,8,0
00346da4,246da4,A,576,131,ptr,2,r0,0,0,9,7,8,0
00346fe4,246fe4,A,420,97,ptr,4,r0,0,0,8,3,7,0
00347188,247188,A,412,95,ptr,4,r0,1,0,6,3,7,0
00347324,247324,A,520,129,prologue,1,r0,0,1,13,22,3,0
00347548,247548,A,808,199,ptr,1,r0,0,0,6,43,4,0
00347870,247870,A,60,14,prologue,1,r0,0,1,1,1,0,0
003478ac,2478ac,A,16,4,ptr,1,r0,0,0,2,1,0,0
003478bc,2478bc,A,7000,68,ptr,1,r0,0,1,2,17,4,0
003479d4,2479d4,A,468,108,ptr,4,r0,1,0,7,8,6,0
00347ba8,247ba8,A,536,125,ptr,4,r0,5,0,7,10,6,0
00347dc0,247dc0,A,588,138,ptr,4,r0,0,0,8,15,7,0
0034800c,24800c,A,1692,408,prologue,1,r0,0,1,17,82,6,0
003486b4,2486b4,A,136,33,ptr,1,r0,0,0,1,5,3,0
0034873c,24873c,A,52,12,call,1,r0,0,1,0,1,0,0
00348770,248770,A,204,50,ptr,1,r0,0,0,1,11,4,0
0034883c,24883c,A,72,17,prologue,4,void,0,1,2,3,1,0
00348888,248888,A,132,31,prologue,0,void,0,1,2,7,2,0
0034890c,24890c,A,72,17,prologue,4,void,0,1,2,3,1,0
00348958,248958,A,8,2,ptr,1,r0,0,0,0,1,0,0
00348964,248964,A,896,220,ptr,1,r0,0,0,4,58,1,0
00348ce4,248ce4,A,500,118,ptr,2,r0,0,0,3,10,3,0
00348ed8,248ed8,A,148,33,prologue,4,void,0,1,3,5,1,0
00348f6c,248f6c,A,28,6,ptr,1,void,0,0,1,1,0,0
00348f88,248f88,A,104,26,ptr,1,r0,0,0,0,5,1,0
00348ff0,248ff0,A,40,9,ptr,1,r0,0,0,2,1,0,0
00349018,249018,A,144,33,prologue,0,void,0,1,1,9,2,0
003490a8,2490a8,A,24,5,call,0,void,0,1,0,1,1,0
003490d8,2490d8,A,72,17,prologue,4,void,0,1,2,3,1,0
00349124,249124,A,72,17,prologue,4,void,0,1,2,3,1,0
00349170,249170,A,104,24,prologue,4,void,0,1,1,5,1,0
003491d8,2491d8,A,128,3,call,0,r0:r1,0,1,0,1,1,0
003491e4,2491e4,A,216,23,prologue,3,void,0,0,1,1,0,0
003492bc,2492bc,A,184,24,prologue,2,r0,0,1,1,10,0,0
00349374,249374,A,84,19,prologue,4,void,0,1,1,5,1,0
003493c8,2493c8,A,72,17,prologue,4,void,0,1,2,3,1,0
00349414,249414,A,2068,512,prologue,4,void,0,1,13,84,0,0
00349c28,249c28,A,576,144,prologue,2,void,0,1,2,23,0,0
00349e68,249e68,A,168,41,prologue,1,r0,0,0,1,8,0,0
00349f14,249f14,A,128,31,prologue,4,void,0,1,3,7,2,0
00349f94,249f94,A,244,61,prologue,1,r0,0,2,3,7,0,0
0034a088,24a088,A,240,60,prologue,1,r0,0,0,1,9,1,0
0034a178,24a178,A,124,29,prologue,1,void,0,1,1,4,2,0
0034a1f4,24a1f4,A,172,42,ptr,3,r0,0,0,1,8,3,0
0034a2a0,24a2a0,A,252,62,ptr,4,r0,0,0,2,10,5,0
0034a39c,24a39c,A,160,39,ptr,3,r0,0,0,1,8,3,0
0034a43c,24a43c,A,100,25,call,2,r0,0,1,0,7,0,0
0034a4a4,24a4a4,A,312,69,prologue,3,r0:r1,0,1,6,10,0,0
0034a5dc,24a5dc,A,200,46,ptr,1,r0,0,0,4,6,1,0
0034a6d4,24a6d4,A,40,10,ptr,4,r0,0,0,1,3,0,0
0034a700,24a700,A,1580,324,ptr,4,r0,1,0,21,28,4,0
0034ad38,24ad38,A,656,156,prologue,4,r0,2,1,10,21,0,0
0034afc8,24afc8,A,16,4,ptr,4,r0,0,0,2,1,0,0
0034afd8,24afd8,A,300,71,ptr,4,r0,0,1,8,8,1,0
0034b110,24b110,A,416,104,ptr,4,r0,1,0,13,6,2,0
0034b2e8,24b2e8,A,640,152,prologue,4,r0,2,1,9,21,0,0
0034b568,24b568,A,16,4,ptr,4,r0,0,0,2,1,0,0
0034b578,24b578,A,288,68,ptr,4,r0,0,1,7,8,1,0
0034b6a8,24b6a8,A,8,2,ptr,4,r0,0,0,1,1,0,0
0034b6b0,24b6b0,A,1148,255,ptr,4,r0,0,0,14,16,4,0
0034bb48,24bb48,A,412,95,prologue,4,r0,1,1,8,11,0,0
0034bce4,24bce4,A,36,8,ptr,4,r0,0,0,3,1,0,0
0034bd08,24bd08,A,32,7,ptr,4,r0,0,0,2,1,0,0
0034bd28,24bd28,A,324,79,prologue,1,void,0,2,7,3,0,0
0034be78,24be78,A,176,41,ptr,3,r0,0,0,4,8,1,0
0034bf28,24bf28,A,524,123,ptr,3,r0,0,0,8,14,3,0
0034c134,24c134,A,180,44,ptr,2,r0,0,0,2,10,1,0
0034c1e8,24c1e8,A,160,37,ptr,2,r0,0,0,5,4,1,0
0034c288,24c288,A,56,13,ptr,4,r0,0,0,2,3,0,0
0034c2c4,24c2c4,A,148,34,ptr,4,r0,0,0,5,4,1,0
0034c358,24c358,A,132,30,ptr,1,r0,0,0,3,4,1,0
0034c3dc,24c3dc,A,244,58,ptr,1,r0,0,0,5,6,2,0
0034c4d0,24c4d0,A,3620,796,prologue,3,r0,0,1,46,65,5,0
0034d2f4,24d2f4,A,12,3,ptr,1,void,0,0,0,1,1,0
0034d300,24d300,A,704,174,prologue,2,void,0,1,6,40,0,0
0034d5c0,24d5c0,A,48,12,prologue,1,r0,0,1,1,1,0,0
0034d5f0,24d5f0,A,128,30,prologue,1,r0,0,0,1,6,0,0
0034d670,24d670,A,76,19,ptr,4,r0,0,0,3,3,0,0
0034d6c0,24d6c0,A,204,42,ptr,2,r0,0,0,9,7,0,0
0034d78c,24d78c,A,232,56,ptr,1,r0,0,0,4,12,4,0
0034d878,24d878,A,1152,274,ptr,1,r0,0,0,21,41,3,0
0034dcf8,24dcf8,A,204,47,ptr,1,r0,0,0,8,9,1,0
0034ddc4,24ddc4,A,576,140,ptr,1,r0,0,0,11,14,2,0
0034e004,24e004,A,40,10,ptr,1,r0,0,0,2,3,0,0
0034e02c,24e02c,A,184,43,ptr,2,r0,0,0,7,7,1,0
0034e0e4,24e0e4,A,324,78,ptr,2,r0,0,0,6,16,2,0
0034e228,24e228,A,8,2,ptr,2,r0,0,0,1,1,0,0
0034e230,24e230,A,256,59,ptr,2,r0,0,0,8,11,1,0
0034e330,24e330,A,196,45,ptr,1,r0,0,0,7,9,1,0
0034e3f4,24e3f4,A,36,2,call,1,void,0,1,0,1,1,0
0034e3fc,24e3fc,A,32,6,prologue,4,r0,0,0,1,1,0,0
0034e41c,24e41c,A,244,59,ptr,2,r0,0,0,6,11,1,0
0034e510,24e510,A,36,9,ptr,2,r0,0,0,2,3,0,0
0034e534,24e534,A,40,10,ptr,1,r0,0,0,2,3,0,0
0034e55c,24e55c,A,360,86,ptr,1,r0,0,0,8,13,5,0
0034e6c4,24e6c4,A,164,39,ptr,2,r0,0,0,6,7,1,0
0034e768,24e768,A,288,67,ptr,1,r0,0,0,7,9,3,0
0034e888,24e888,A,36,9,ptr,2,r0,0,0,1,3,0,0
0034e8ac,24e8ac,A,80,19,prologue,4,r0:r1,0,1,1,3,1,0
0034e900,24e900,A,184,40,ptr,1,r0,0,0,4,4,2,0
0034e9b8,24e9b8,A,16,3,call,1,void,0,1,0,1,0,0
0034e9c8,24e9c8,A,136,31,ptr,1,r0,0,0,3,4,2,0
0034ea50,24ea50,A,376,90,ptr,1,r0,0,0,7,10,6,0
0034ebc8,24ebc8,A,264,54,ptr,2,r0,0,0,4,7,2,0
0034ecd0,24ecd0,A,200,47,ptr,1,r0,0,0,6,10,1,0
0034ed98,24ed98,A,196,47,ptr,2,r0,0,0,8,9,1,0
0034ee5c,24ee5c,A,748,177,ptr,1,r0,0,0,5,18,8,0
0034f14c,24f14c,A,448,110,ptr,2,r0,0,0,5,13,7,0
0034f30c,24f30c,A,232,56,ptr,2,r0,0,0,6,8,1,0
0034f408,24f408,A,456,104,ptr,1,r0,0,0,10,8,2,0
0034f5d0,24f5d0,A,36,9,ptr,1,r0,0,0,2,3,0,0
0034f5f4,24f5f4,A,60,15,ptr,1,r0,0,0,3,5,0,0
0034f630,24f630,A,152,34,ptr,1,r0,0,0,3,3,2,0
0034f6c8,24f6c8,A,220,53,ptr,1,r0,0,0,4,7,2,0
0034f7a4,24f7a4,A,424,104,ptr,1,r0,0,0,9,13,4,0
0034f94c,24f94c,A,220,52,ptr,1,r0,0,0,4,7,2,0
0034fa28,24fa28,A,616,147,ptr,1,r0,0,0,20,22,6,0
0034fc90,24fc90,A,272,61,ptr,1,r0,0,0,4,9,2,0
0034fda0,24fda0,A,36,9,ptr,1,r0,0,0,2,3,0,0
0034fdc4,24fdc4,A,36,9,ptr,1,r0,0,0,2,3,0,0
00350000,250000,A,228,57,ptr,0,r0,16,0,5,9,4,0
003502e8,2502e8,A,16,4,ptr,4,r0,0,0,2,1,0,0
003505e8,2505e8,A,372,82,ptr,4,r0,0,0,10,9,2,0
0035075c,25075c,A,48,12,ptr,4,r0,0,0,3,3,0,0
0035078c,25078c,A,372,85,ptr,3,r0,0,0,6,15,3,0
00350900,250900,A,344,75,prologue,4,r0:r1,0,1,5,5,2,0
00350a58,250a58,A,344,78,prologue,4,void,0,1,6,8,1,0
00350bb0,250bb0,A,52,13,prologue,4,void,0,1,3,1,0,0
00350be8,250be8,A,52,13,prologue,4,r0:r1,0,2,2,1,0,0
00350c1c,250c1c,A,72,17,prologue,1,r0,0,1,2,1,0,0
00350c64,250c64,A,472,113,prologue,4,r0,0,1,10,3,5,0
00350e3c,250e3c,A,140,35,prologue,1,r0,0,0,6,1,0,0
00350edc,250edc,A,276,62,ptr,3,r0,0,0,4,8,1,0
003510d4,2510d4,A,204,43,ptr,4,r0,0,0,3,4,1,0
003511a0,2511a0,A,52,12,ptr,4,r0,0,0,2,3,0,0
003511d8,2511d8,A,220,47,ptr,4,r0,0,0,5,4,1,0
003512b8,2512b8,A,1256,251,prologue,2,r0,0,1,21,7,3,0
003517a0,2517a0,A,648,156,prologue,4,r0,0,2,6,18,3,0
00351a28,251a28,A,176,44,prologue,2,void,0,2,2,3,0,0
00351ad8,251ad8,A,148,37,prologue,1,void,0,1,2,4,0,0
00351b6c,251b6c,A,44,11,prologue,1,void,0,1,1,1,0,0
00351b98,251b98,A,132,33,call,1,r0,0,1,0,10,0,0
00351c1c,251c1c,A,132,33,call,1,r0,0,1,0,10,0,0
00351ca0,251ca0,A,60,15,call,2,r0,0,1,0,1,0,0
00351cdc,251cdc,A,172,42,prologue,2,void,0,1,4,4,1,0
00351d88,251d88,A,24,5,call,1,void,0,1,1,1,0,0
00351da0,251da0,A,28,5,call,0,void,0,1,1,1,0,0
00351dbc,251dbc,A,4,1,call,0,void,0,1,0,1,1,0
00351dc0,251dc0,A,172,37,prologue,0,void,0,0,2,3,0,0
00351f28,251f28,A,460,107,prologue,2,r0,0,1,12,8,1,0
003520f4,2520f4,A,192,43,prologue,0,void,0,1,2,6,0,0
003521bc,2521bc,A,16,9,call,0,r0,0,1,0,2,0,0
003521cc,2521cc,A,64,14,prologue,0,void,0,1,2,3,0,0
00352210,252210,A,156,36,prologue,0,void,0,1,3,3,0,0
003522ac,2522ac,A,144,33,gapstart,4,r0,0,0,2,5,0,0
00352344,252344,A,60,14,prologue,0,void,0,2,3,1,0,0
00352380,252380,A,60,14,prologue,0,r0,0,1,2,1,0,0
00352468,252468,A,16,5,call,0,void,0,1,0,2,1,0
00352478,252478,A,20,5,call,0,void,0,1,0,2,1,0
0035248c,25248c,A,208,51,prologue,1,void,0,1,4,9,0,0
00352568,252568,A,196,48,prologue,1,void,0,1,3,9,0,0
00352638,252638,A,16,3,call,0,void,0,1,1,1,0,0
00352a80,252a80,A,136,41,prologue,1,void,0,2,4,7,0,0
00352b08,252b08,A,168,41,ptr,4,void,0,1,7,3,2,0
00352bb0,252bb0,A,252,59,ptr,3,r0,0,0,5,11,1,0
00352cac,252cac,A,384,93,ptr,3,r0,0,0,6,17,1,0
00352f18,252f18,A,128,29,ptr,4,r0,0,0,3,4,1,0
00352f98,252f98,A,56,13,ptr,4,r0,0,0,2,3,0,0
00352fd4,252fd4,A,200,46,ptr,4,r0,0,0,7,7,1,0
0035309c,25309c,A,236,57,ptr,1,r0,0,0,4,6,5,0
00353188,253188,A,1132,218,prologue,1,void,0,1,16,12,5,0
003535f4,2535f4,A,140,33,ptr,1,r0,0,0,5,4,1,0
00353680,253680,A,64,15,ptr,1,r0,0,0,2,3,0,0
003536c0,2536c0,A,192,45,ptr,1,r0,0,0,7,7,1,0
00353780,253780,A,220,53,ptr,1,r0,0,0,4,7,2,0
0035385c,25385c,A,48,12,ptr,1,r0,0,0,3,3,0,0
00353890,253890,A,772,167,prologue,2,r0,0,2,19,3,2,0
00353b94,253b94,A,148,34,ptr,1,r0,0,0,5,3,1,0
00353c28,253c28,A,632,155,ptr,2,r0,0,0,11,19,2,0
00353ea0,253ea0,A,208,48,ptr,4,r0,0,0,5,4,1,0
00353f70,253f70,A,56,13,ptr,4,r0,0,0,2,3,0,0
00353fa8,253fa8,A,56,13,ptr,4,r0,0,0,2,3,0,0
00353fe0,253fe0,A,212,50,ptr,1,r0,0,0,6,7,1,0
003540b8,2540b8,A,976,229,prologue,4,void,0,1,14,42,1,0
0035448c,25448c,A,176,41,prologue,1,r0,0,1,9,1,0,0
0035453c,25453c,A,180,41,ptr,2,r0,0,0,5,4,1,0
003545f0,2545f0,A,76,19,ptr,4,r0,0,0,3,4,0,0
0035463c,25463c,A,2300,535,ptr,1,r0,0,0,16,83,4,0
00354f38,254f38,A,320,71,ptr,2,r0,0,0,6,7,1,0
00355078,255078,A,112,26,ptr,1,r0,0,0,2,4,1,0
003550e8,2550e8,A,56,14,ptr,1,r0,0,0,3,3,0,0
00355120,255120,A,244,58,ptr,1,r0,0,0,5,7,1,0
00355214,255214,A,136,32,ptr,1,r0,0,0,5,4,1,0
0035529c,25529c,A,160,33,ptr,1,r0,0,0,4,4,1,0
00355340,255340,A,404,96,ptr,4,r0,0,0,11,13,1,0
003554e0,2554e0,A,336,70,ptr,2,r0,0,0,9,7,1,0
00355630,255630,A,64,16,prologue,1,r0:r1,0,2,0,3,0,0
00355670,255670,A,876,190,prologue,2,r0,0,2,28,3,1,0
003559dc,2559dc,A,8,2,ptr,2,void,0,0,0,1,0,0
003559e4,2559e4,A,8,2,ptr,4,void,0,0,0,1,0,0
003559ec,2559ec,A,56,14,ptr,4,r0,0,0,1,1,0,0
00355a24,255a24,A,8,2,ptr,2,void,0,0,0,1,0,0
00355a2c,255a2c,A,64,15,prologue,0,r0,0,1,1,1,0,0
00355a6c,255a6c,A,16,4,ptr,1,r0,0,0,2,1,0,0
00355a7c,255a7c,A,296,67,ptr,1,r0,0,0,8,11,1,0
00355ba4,255ba4,A,156,34,ptr,1,r0,0,0,4,4,1,0
00355c44,255c44,A,192,46,ptr,1,r0,0,0,4,6,1,0
00355d08,255d08,A,208,49,ptr,1,r0,0,0,5,6,1,0
00355de0,255de0,A,116,27,ptr,2,r0,0,0,3,4,1,0
00355e54,255e54,A,144,34,ptr,1,r0,0,0,4,4,1,0
00355ee4,255ee4,A,152,36,ptr,1,r0,0,0,5,6,1,0
00355f80,255f80,A,132,1,call,0,void,0,1,0,1,1,0
00355f84,255f84,A,144,31,prologue,2,r0,0,0,2,3,1,0
00356014,256014,A,116,27,ptr,1,r0,0,0,3,4,1,0
00356088,256088,A,296,72,prologue,1,void,0,1,8,10,0,0
003561b0,2561b0,A,12,2,call,4,r0:r1,0,2,1,1,0,0
003561bc,2561bc,A,96,23,call,0,r0,0,1,3,3,0,0
0035621c,25621c,A,596,149,prologue,2,void,0,1,2,31,0,0
00356470,256470,A,32,8,call,1,void,0,2,0,3,0,0
00356490,256490,A,52,13,call,1,void,0,1,0,3,0,0
003564c4,2564c4,A,92,23,prologue,1,r0,0,0,1,4,0,0
00356520,256520,A,236,58,ptr,4,r0,0,0,3,12,0,0
0035660c,25660c,A,436,85,prologue,1,void,0,1,5,8,4,0
003567c0,2567c0,A,172,43,ptr,3,r0,0,0,1,7,5,0
0035686c,25686c,A,448,109,ptr,4,r0,0,0,10,18,3,0
00356a2c,256a2c,A,1428,332,ptr,3,r0,0,0,14,32,22,0
00356fc0,256fc0,A,652,153,ptr,3,r0,0,0,9,20,8,0
0035724c,25724c,A,184,39,ptr,2,r0,0,0,2,6,4,0
00357308,257308,A,644,144,ptr,4,r0,0,0,7,11,7,0
003575a0,2575a0,A,92,23,ptr,2,r0,0,0,4,5,0,0
003575fc,2575fc,A,336,82,ptr,1,r0,0,0,8,13,5,0
00357750,257750,A,536,131,ptr,1,r0,0,0,8,9,6,0
00357978,257978,A,444,104,ptr,4,r0,0,0,3,11,9,0
00357b8c,257b8c,A,176,41,prologue,3,r0,0,2,3,3,3,0
00357c3c,257c3c,A,408,88,prologue,2,void,0,1,6,8,0,0
00357dd4,257dd4,A,232,46,prologue,2,r0,0,0,6,4,0,0
00357ec0,257ec0,A,1876,414,prologue,3,void,0,1,15,30,1,0
00358614,258614,A,172,36,prologue,2,r0,0,0,4,3,0,0
003586c0,2586c0,A,172,36,prologue,2,r0,0,0,4,3,0,0
0035876c,25876c,A,172,36,prologue,2,r0,0,0,4,3,0,0
00358818,258818,A,260,61,prologue,1,r0,0,2,6,9,4,0
0035891c,25891c,A,232,46,prologue,2,r0,0,0,6,4,0,0
00358a04,258a04,A,168,42,prologue,2,r0,0,0,5,4,0,0
00358ad8,258ad8,A,208,45,prologue,2,r0,0,0,6,4,0,0
00358ba8,258ba8,A,184,43,ptr,4,r0,0,0,5,4,1,0
00358c60,258c60,A,148,35,ptr,1,r0,0,0,4,4,1,0
00358cf4,258cf4,A,232,46,prologue,2,r0,0,0,6,4,0,0
00358ddc,258ddc,A,64,16,ptr,4,r0,0,0,1,3,0,0
00358e1c,258e1c,A,196,42,prologue,2,r0,0,0,5,4,0,0
00358ee4,258ee4,A,544,128,ptr,2,r0,0,0,14,17,3,0
00359104,259104,A,16,4,ptr,2,r0,0,0,2,1,0,0
00359114,259114,A,1436,347,ptr,2,r0,0,1,14,36,6,0
003596b0,2596b0,A,32,8,ptr,1,r0,0,0,0,1,0,0
003596d0,2596d0,A,448,109,ptr,4,r0,0,0,6,12,2,0
00359890,259890,A,24,6,gapstart,4,r0,0,0,0,1,0,0
003598a8,2598a8,A,1692,344,prologue,4,void,0,1,21,27,4,0
00359f44,259f44,A,124,29,ptr,4,r0,0,0,3,4,1,0
00359fc0,259fc0,A,224,54,ptr,1,r0,0,0,7,6,1,0
0035a0a0,25a0a0,A,32,8,ptr,1,r0,0,0,0,1,0,0
0035a0c0,25a0c0,A,820,197,ptr,1,r0,0,0,17,25,1,0
0035a40c,25a40c,A,164,1,call,0,r0,0,1,0,1,1,0
0035a410,25a410,A,168,39,prologue,2,r0,0,0,8,1,0,0
0035a4b8,25a4b8,A,308,72,ptr,4,r0:r1,0,1,8,11,0,0
0035a5f0,25a5f0,A,1044,205,ptr,1,r0,0,0,22,9,5,0
0035aa04,25aa04,A,196,47,ptr,3,r0,0,0,4,8,1,0
0035ab68,25ab68,A,140,32,ptr,2,r0,0,0,4,4,1,0
0035abf4,25abf4,A,56,13,ptr,4,r0,0,0,2,3,0,0
0035ac30,25ac30,A,152,35,ptr,4,r0,0,0,5,4,1,0
0035acc8,25acc8,A,132,31,ptr,1,r0,0,0,3,3,2,0
0035ad4c,25ad4c,A,44,11,ptr,1,r0,0,0,2,3,0,0
0035ad78,25ad78,A,216,52,ptr,1,r0,0,0,4,7,2,0
0035ae50,25ae50,A,724,167,prologue,3,r0,0,1,17,9,4,0
0035b124,25b124,A,152,38,ptr,4,r0,0,0,2,11,0,0
0035b1c0,25b1c0,A,1924,379,prologue,4,void,0,1,17,23,3,0
0035b950,25b950,A,256,57,ptr,1,r0,0,0,3,8,1,0
0035ba50,25ba50,A,212,45,prologue,4,void,0,1,3,3,1,0
0035bb24,25bb24,A,60,15,ptr,2,r0,0,0,2,4,0,0
0035bb60,25bb60,A,84,21,prologue,4,void,0,1,5,3,0,0
0035bbb4,25bbb4,A,156,1,call,0,r0,0,1,0,1,1,0
0035bbb8,25bbb8,A,160,37,prologue,2,r0,0,0,5,1,0,0
0035bc58,25bc58,A,184,45,ptr,4,r0:r1,0,1,9,3,0,0
0035bd10,25bd10,A,380,91,ptr,1,r0,0,0,9,16,5,0
0035be8c,25be8c,A,196,47,ptr,1,r0,0,0,7,8,1,0
0035bf50,25bf50,A,148,37,prologue,2,r0:r1,0,2,2,9,2,0
0035bfe4,25bfe4,A,388,95,ptr,1,r0,0,0,6,13,6,0
0035c168,25c168,A,232,40,ptr,1,r0,0,0,3,3,3,0
0035c250,25c250,A,232,40,ptr,1,r0,0,0,3,3,3,0
0035c344,25c344,A,128,29,ptr,4,r0,0,0,3,4,1,0
0035c3c8,25c3c8,A,596,145,ptr,4,r0,0,0,10,26,7,0
0035c62c,25c62c,A,136,32,ptr,1,r0,0,0,2,4,2,0
0035c6b4,25c6b4,A,268,65,ptr,1,r0,0,0,4,9,3,0
0035c7c0,25c7c0,A,168,40,ptr,1,r0,0,0,3,4,3,0
0035c868,25c868,A,260,61,prologue,4,r0,0,1,9,1,0,0
0035c96c,25c96c,A,16,4,ptr,4,r0,0,0,2,1,0,0
0035c97c,25c97c,A,272,66,call,4,r0,0,2,7,5,1,0
0035ca8c,25ca8c,A,392,89,ptr,4,r0,0,0,6,7,1,0
0035cc14,25cc14,A,212,46,ptr,1,r0,0,0,3,4,1,0
0035ccec,25ccec,A,20,5,prologue,2,r0,0,0,1,1,0,0
0035cd04,25cd04,A,44,11,prologue,4,r0,0,0,1,3,1,0
0035cd30,25cd30,A,500,118,ptr,1,r0,0,0,5,15,5,0
0035cf24,25cf24,A,340,76,ptr,2,r0,0,0,8,6,1,0
0035d078,25d078,A,5944,1284,prologue,4,r0,1,1,52,124,19,0
0035e7b0,25e7b0,A,200,47,ptr,4,r0,0,0,5,4,3,0
0035e878,25e878,A,56,13,ptr,4,void,0,0,1,3,0,0
0035e8b0,25e8b0,A,32,7,ptr,4,void,0,0,1,3,0,0
0035e8d0,25e8d0,A,244,58,ptr,4,r0,0,0,6,10,1,0
0035e9c4,25e9c4,A,544,130,ptr,2,r0,0,0,10,14,1,0
0035ebe8,25ebe8,A,148,34,ptr,4,r0,0,0,5,4,1,0
0035ec7c,25ec7c,A,80,19,ptr,4,r0,0,0,3,5,0,0
0035eccc,25eccc,A,452,109,ptr,2,r0,0,0,13,15,2,0
0035ee90,25ee90,A,244,58,ptr,2,r0,0,0,9,7,1,0
0035ef84,25ef84,A,616,149,ptr,4,r0,0,0,13,22,3,0
0035f1ec,25f1ec,A,168,38,ptr,4,r0,0,0,5,4,1,0
0035f294,25f294,A,152,35,ptr,1,r0,0,0,5,4,1,0
0035f32c,25f32c,A,356,84,ptr,2,r0,0,0,10,11,1,0
0035f490,25f490,A,200,47,ptr,2,r0,0,0,6,6,1,0
0035f558,25f558,A,276,66,ptr,2,r0,0,0,9,10,1,0
0035f66c,25f66c,A,260,63,ptr,1,r0,0,0,8,7,1,0
0035f788,25f788,A,340,82,ptr,4,r0,0,0,10,13,1,0
0035f8dc,25f8dc,A,64,15,ptr,1,r0,0,0,2,3,0,0
0035f91c,25f91c,A,184,40,ptr,1,r0,0,0,4,4,1,0
0035f9d8,25f9d8,A,172,41,ptr,1,void,0,0,7,3,1,0
0035fa84,25fa84,A,192,45,ptr,2,r0,0,0,6,6,1,0
00360000,260000,A,1576,321,ptr,4,r0,61,0,30,18,5,0
003606b0,2606b0,A,2932,710,prologue,3,r0,0,1,24,122,2,0
00361224,261224,A,60,15,prologue,2,void,0,1,2,3,0,0
00361260,261260,A,244,59,prologue,1,void,0,1,4,8,0,0
00361354,261354,A,612,151,prologue,1,void,0,1,6,20,0,0
003615b8,2615b8,A,96,22,prologue,4,r0,0,1,1,3,0,0
00361618,261618,A,180,43,prologue,1,r0,0,0,3,8,0,0
003616cc,2616cc,A,204,44,prologue,3,r0:r1,0,2,2,4,1,0
00361798,261798,A,328,72,ptr,1,r0,0,0,3,11,2,0
003618e0,2618e0,A,332,73,ptr,1,r0,0,0,3,10,3,0
00361a2c,261a2c,A,520,121,ptr,1,r0,0,0,4,18,4,0
00361c34,261c34,A,704,174,prologue,2,void,0,2,6,40,0,0
00361ef4,261ef4,A,28,7,prologue,1,r0,0,1,1,1,0,0
00361f10,261f10,A,100,23,prologue,1,r0,0,0,1,6,0,0
00361f74,261f74,A,140,33,ptr,3,r0,0,0,3,5,1,0
00362000,262000,A,328,62,ptr,3,r0,0,0,6,5,2,0
00362148,262148,A,128,29,ptr,4,r0,0,0,3,4,1,0
003621c8,2621c8,A,168,39,ptr,4,r0,0,0,5,6,1,0
00362278,262278,A,152,35,ptr,4,r0,0,0,4,4,1,0
00362310,262310,A,240,58,ptr,1,r0,0,0,6,7,1,0
00362400,262400,A,208,48,ptr,1,r0,0,0,7,4,2,0
003624d0,2624d0,A,148,35,ptr,1,r0,0,0,4,4,1,0
00362564,262564,A,148,33,ptr,1,r0,0,0,5,5,1,0
003625f8,2625f8,A,136,32,ptr,1,r0,0,0,5,6,1,0
00362680,262680,A,212,50,ptr,2,r0,0,0,8,10,1,0
00362754,262754,A,624,152,ptr,1,r0,0,0,11,22,10,0
003629c4,2629c4,A,328,77,ptr,1,r0,0,0,7,12,2,0
00362b0c,262b0c,A,172,36,ptr,1,r0,0,0,5,6,1,0
00362bb8,262bb8,A,120,26,ptr,1,r0,0,0,3,3,1,0
00362c30,262c30,A,268,64,ptr,1,r0,0,0,9,11,1,0
00362d3c,262d3c,A,136,32,ptr,1,r0,0,0,4,6,1,0
00362dc4,262dc4,A,144,34,ptr,1,r0,0,0,6,6,1,0
00362e54,262e54,A,568,136,ptr,1,r0,0,0,18,29,1,0
0036308c,26308c,A,164,39,ptr,1,r0,0,0,3,5,2,0
00363130,263130,A,232,55,ptr,1,r0,0,0,6,9,1,0
00363218,263218,A,364,78,ptr,1,r0,0,0,12,18,1,0
00363384,263384,A,112,25,ptr,4,r0,0,0,3,3,1,0
003633f4,2633f4,A,68,17,ptr,1,r0,0,0,4,5,0,0
00363438,263438,A,160,38,ptr,4,r0,0,0,5,5,1,0
003634d8,2634d8,A,604,135,ptr,2,r0,0,0,15,31,1,0
00363734,263734,A,148,35,ptr,1,r0,0,0,6,6,1,0
003637c8,2637c8,A,280,64,ptr,1,r0,0,0,7,8,1,0
003638e0,2638e0,A,148,30,ptr,1,r0,0,0,4,4,1,0
00363974,263974,A,300,70,ptr,2,r0,0,0,6,9,2,0
00363aa0,263aa0,A,48,12,ptr,1,r0,0,0,3,3,0,0
00363ad0,263ad0,A,432,106,ptr,4,r0,0,0,7,16,2,0
00363c80,263c80,A,116,27,ptr,1,r0,0,0,4,4,1,0
00363cf4,263cf4,A,144,34,ptr,1,r0,0,0,5,7,1,0
00363d84,263d84,A,336,71,prologue,1,void,0,2,10,16,1,0
00363ed4,263ed4,A,220,52,ptr,2,r0,0,0,8,11,1,0
00363fb0,263fb0,A,596,146,ptr,4,r0,0,0,8,26,9,0
00364204,264204,A,352,82,ptr,4,r0,0,0,12,16,1,0
00364364,264364,A,832,203,ptr,4,r0,0,0,6,31,17,0
003646a4,2646a4,A,116,27,ptr,1,r0,0,0,4,4,1,0
00364718,264718,A,184,42,ptr,4,r0,0,0,4,7,1,0
003647d0,2647d0,A,1780,398,ptr,1,r0,0,0,15,53,7,0
00364ec4,264ec4,A,136,32,ptr,1,r0,0,0,5,6,1,0
00364f4c,264f4c,A,196,31,ptr,1,r0,0,0,4,4,1,0
00365010,265010,A,528,128,ptr,1,r0,0,0,5,18,9,0
00365220,265220,A,264,64,ptr,2,r0,0,0,7,9,2,0
00365328,265328,A,104,24,ptr,1,r0,0,0,3,4,1,0
00365390,265390,A,232,55,ptr,1,r0,0,0,6,9,1,0
00365478,265478,A,288,70,ptr,1,r0,0,0,8,12,2,0
00365598,265598,A,104,24,ptr,1,r0,0,0,3,4,1,0
00365600,265600,A,288,66,ptr,4,r0,0,0,11,12,1,0
00365720,265720,A,372,91,prologue,1,r0,0,2,4,15,4,0
00365894,265894,A,316,66,ptr,2,r0,0,0,12,13,1,0
003659d0,2659d0,A,200,48,ptr,4,r0,0,0,5,6,1,0
00365ac0,265ac0,A,1712,399,ptr,1,r0,0,0,24,43,3,0
003661b8,2661b8,A,296,61,ptr,1,r0,0,0,10,14,1,0
003662e0,2662e0,A,228,50,ptr,2,r0,0,0,8,9,1,0
003663c4,2663c4,A,180,42,ptr,2,r0,0,0,7,7,1,0
00366478,266478,A,496,106,ptr,2,r0,0,0,9,16,2,0
003666b8,2666b8,A,120,28,ptr,1,r0,0,0,3,3,2,0
00366730,266730,A,40,10,ptr,1,r0,0,0,2,3,0,0
00366758,266758,A,256,61,ptr,1,r0,0,0,7,9,1,0
00366858,266858,A,164,37,ptr,1,r0,0,0,6,7,1,0
003668fc,2668fc,A,176,42,ptr,1,r0,0,0,4,7,1,0
003669ac,2669ac,A,428,76,ptr,1,r0,0,0,7,11,1,0
00366b58,266b58,A,88,22,ptr,2,r0,0,0,5,7,0,0
00366bb0,266bb0,A,240,54,ptr,2,r0,0,0,9,9,1,0
00366ca0,266ca0,A,272,63,ptr,1,r0,0,0,6,11,1,0
00366db0,266db0,A,136,32,ptr,2,r0,0,0,5,6,1,0
00366e38,266e38,A,224,52,ptr,2,r0,0,0,9,10,1,0
00366f18,266f18,A,204,49,ptr,1,r0,0,0,8,6,0,0
00366fe4,266fe4,A,424,102,ptr,1,r0,0,0,11,23,3,0
0036718c,26718c,A,92,21,ptr,1,r0,0,0,2,3,1,0
003671e8,2671e8,A,136,32,ptr,1,r0,0,0,5,6,1,0
00367270,267270,A,512,116,ptr,1,r0,0,0,14,14,3,0
00367470,267470,A,212,51,ptr,2,r0,0,0,5,9,1,0
00367544,267544,A,2748,625,prologue,1,void,0,1,54,72,2,0
00368000,268000,A,16,4,ptr,4,r0,0,0,2,1,0,0
00368434,268434,A,332,71,ptr,1,r0,0,0,7,11,1,0
00368580,268580,A,124,31,ptr,2,r0,0,0,6,9,0,0
003685fc,2685fc,A,16,3,call,1,void,0,1,0,1,0,0
0036860c,26860c,A,252,45,prologue,1,void,0,1,5,3,1,0
00368708,268708,A,72,17,ptr,4,r0,0,0,4,3,0,0
00368750,268750,A,108,27,prologue,1,void,0,1,3,3,0,0
003687c0,2687c0,A,220,55,ptr,3,void,0,0,1,11,5,0
0036889c,26889c,A,120,30,prologue,1,void,0,1,6,3,0,0
00368914,268914,A,228,57,ptr,2,void,0,0,3,9,4,0
003689f8,2689f8,A,284,66,ptr,4,r0,0,0,1,13,4,0
00368b14,268b14,A,280,63,ptr,3,void,0,0,4,8,5,0
00368c2c,268c2c,A,96,24,prologue,1,void,0,1,4,3,0,0
00368c8c,268c8c,A,112,28,ptr,1,r0,0,0,0,6,2,0
00368cfc,268cfc,A,380,87,ptr,1,r0,0,0,9,6,3,0
00368e78,268e78,A,1688,362,prologue,4,void,0,1,29,23,7,0
00369518,269518,A,292,66,prologue,1,r0,0,1,7,6,1,0
0036963c,26963c,A,292,66,prologue,1,r0,0,1,7,6,1,0
00369760,269760,A,8,2,call,1,r0,0,1,0,1,1,0
00369768,269768,A,64,16,prologue,2,r0,0,1,2,4,0,0
003697a8,2697a8,A,292,73,ptr,3,r0,0,0,3,17,5,0
003698cc,2698cc,A,560,132,ptr,4,r0,0,0,4,16,8,0
00369b00,269b00,A,92,23,prologue,1,void,0,1,2,1,0,0
00369b5c,269b5c,A,52,13,gapstart,4,r0,0,0,2,3,0,0
00369b90,269b90,A,272,65,ptr,1,r0,0,0,10,6,3,0
00369ca0,269ca0,A,172,41,ptr,1,r0,0,0,6,6,1,0
00369d4c,269d4c,A,212,53,prologue,2,r0,0,2,7,7,0,0
00369e24,269e24,A,92,21,ptr,1,r0,0,0,2,3,1,0
00369e80,269e80,A,1360,280,prologue,3,void,0,1,24,15,3,0
0036a3d0,26a3d0,A,136,34,ptr,1,r0,0,0,3,3,0,0
0036a468,26a468,A,196,47,ptr,4,r0,0,0,4,8,1,0
0036a52c,26a52c,A,272,66,ptr,3,r0,0,0,6,12,1,0
0036a63c,26a63c,A,252,63,ptr,4,r0,0,0,3,10,1,0
0036a73c,26a73c,A,220,52,ptr,2,r0,0,0,4,4,1,0
0036a818,26a818,A,52,13,ptr,4,r0,0,0,1,3,0,0
0036a850,26a850,A,136,32,ptr,4,r0,0,0,4,4,1,0
0036a8d8,26a8d8,A,1504,307,prologue,3,r0,0,1,26,12,4,0
0036aeb8,26aeb8,A,2420,507,prologue,4,r0,1,2,32,18,5,0
0036b830,26b830,A,472,110,ptr,1,r0,0,0,4,17,3,0
0036ba10,26ba10,A,684,161,prologue,4,void,4,2,13,14,3,0
0036bcc8,26bcc8,A,472,110,ptr,1,r0,0,0,3,16,3,0
0036bea0,26bea0,A,28,7,prologue,4,r0,0,1,2,1,0,0
0036bebc,26bebc,A,68,2,call,0,r0,0,1,0,1,1,0
0036bec4,26bec4,A,56,14,prologue,3,r0,0,0,4,1,0,0
0036bf00,26bf00,A,96,23,prologue,4,r0:r1,0,2,5,1,1,0
0036c0c4,26c0c4,A,708,166,ptr,4,r0,0,0,14,33,0,0
0036c388,26c388,A,164,1,call,0,r0:r1,0,1,0,1,1,0
0036c38c,26c38c,A,156,39,prologue,1,r0,0,0,2,6,0,0
0036c42c,26c42c,A,156,36,call,2,r0:r1,0,1,6,1,0,0
0036c4c8,26c4c8,A,148,36,call,0,void,0,1,6,1,0,0
0036c564,26c564,A,212,49,prologue,2,void,0,1,6,1,0,0
0036c650,26c650,A,756,177,prologue,1,r0:r1,0,1,16,19,0,0
0036c958,26c958,A,76,19,call,2,void,0,1,4,1,0,0
0036c9b0,26c9b0,A,1580,320,prologue,1,r0,0,2,30,3,1,0
0036cfdc,26cfdc,A,4,1,call,1,r0,0,1,0,1,1,0
0036cfe0,26cfe0,A,148,37,prologue,4,r0,0,0,6,1,0,0
0036d074,26d074,A,1848,411,prologue,4,r0,0,1,11,74,0,0
0036d7ac,26d7ac,A,1532,380,prologue,4,r0,0,1,6,68,0,0
0036dda8,26dda8,A,348,87,prologue,3,void,0,1,3,1,2,0
0036df08,26df08,A,196,49,prologue,2,void,0,1,2,3,1,0
0036dfd0,26dfd0,A,16,3,call,1,void,0,1,0,1,0,0
0036dfe0,26dfe0,A,1380,344,prologue,4,void,0,1,4,71,0,0
0036e544,26e544,A,20,5,call,1,void,0,2,0,1,0,0
0036e558,26e558,A,1152,286,prologue,3,void,0,1,6,41,0,0
0036e9d8,26e9d8,A,2428,594,prologue,4,void,1,1,6,106,5,0
0036f358,26f358,A,52,12,prologue,0,r0,0,2,1,1,0,0
0036f38c,26f38c,A,16,4,ptr,1,r0,0,0,2,1,0,0
0036f39c,26f39c,A,48,11,ptr,0,r0,0,0,2,3,0,0
0036f3cc,26f3cc,A,192,40,prologue,1,void,0,1,3,3,1,0
0036f48c,26f48c,A,16,4,ptr,1,r0,0,0,2,1,0,0
0036f49c,26f49c,A,61224,4,ptr,1,r0,0,0,0,2,0,0
0036f4a4,26f4a4,A,61460,7,ptr,1,r0,0,0,0,4,0,0
0036f4b8,26f4b8,A,12,3,call,1,r0,0,1,0,1,0,0
0036f4c4,26f4c4,A,12,2,ptr,0,r0,0,0,0,1,0,0
0036f4d0,26f4d0,A,8,2,ptr,0,r0,0,0,0,1,0,0
0036f4d8,26f4d8,A,88,22,prologue,2,r0,0,2,0,5,0,0
0036f530,26f530,A,16,3,call,0,r0,0,1,0,1,0,0
0036f540,26f540,A,116,29,call,4,r0:r1,0,2,0,8,0,0
0036f5b4,26f5b4,A,420,105,prologue,4,r0:r1,0,1,5,22,0,0
0036f758,26f758,A,12,3,call,2,r0:r1,0,1,0,1,0,0
0036f764,26f764,A,12,3,call,1,r0,0,1,0,1,0,0
0036f770,26f770,A,12,3,call,1,r0,0,1,0,1,0,0
0036f77c,26f77c,A,108,27,call,1,r0,0,2,0,5,0,0
0036f7e8,26f7e8,A,24,6,ptr,2,r0,0,0,1,1,0,0
0036f80c,26f80c,A,24,6,call,1,r0,0,2,0,1,0,0
0036f824,26f824,A,24,6,call,1,r0:r1,0,2,0,1,0,0
0036f83c,26f83c,A,16,4,ptr,1,r0,0,0,0,1,0,0
0036f84c,26f84c,A,8,2,ptr,0,r0,0,0,0,1,0,0
0036f854,26f854,A,12,2,ptr,0,r0,0,0,0,1,0,0
0036f860,26f860,A,80,20,prologue,1,r0,0,1,0,5,0,0
0036f8b0,26f8b0,A,4,1,call,1,r0,0,1,0,1,1,0
0036f8b4,26f8b4,A,24,6,prologue,1,r0,0,0,0,1,0,0
0036f8cc,26f8cc,A,28,7,prologue,1,r0,0,2,2,1,0,0
0036f8e8,26f8e8,A,28,7,prologue,1,r0,0,1,2,1,0,0
0036f904,26f904,A,36,9,prologue,2,r0:r1,0,1,0,1,0,0
0036f928,26f928,A,56,14,prologue,2,void,0,1,2,1,0,0
0036f978,26f978,A,16,6,call,1,r0,0,1,0,2,0,0
0036f988,26f988,A,56,14,prologue,2,void,0,1,2,1,0,0
0036f9d0,26f9d0,A,16,4,call,1,r0,0,1,0,1,0,0
0036f9e0,26f9e0,A,100,25,call,2,r0,0,1,0,7,0,0
0036fa44,26fa44,A,160,39,prologue,4,r0,0,1,3,7,0,0
0036fae4,26fae4,A,172,43,prologue,2,r0,0,1,1,6,0,0
0036fb90,26fb90,A,8,4,call,1,r0,0,2,0,2,0,0
0036fb98,26fb98,A,16,4,call,2,r0:r1,0,5,0,1,0,0
0036fba8,26fba8,A,12,3,call,2,r0:r1,0,1,0,1,0,0
0036fbb4,26fbb4,A,12,3,call,1,r0,0,1,0,1,0,0
0036fbc0,26fbc0,A,8,4,call,2,r0:r1,0,1,0,2,0,0
0036fbc8,26fbc8,A,20,5,prologue,1,r0:r1,0,1,0,1,0,0
0036fbdc,26fbdc,A,20,5,prologue,1,r0:r1,0,1,0,1,0,0
0036fbf0,26fbf0,A,32,8,prologue,1,r0,0,1,0,1,0,0
0036fc10,26fc10,A,20,5,prologue,1,r0,0,1,0,1,0,0
0036fc24,26fc24,A,12,3,call,2,r0:r1,0,1,0,1,0,0
0036fc30,26fc30,A,12,3,call,1,r0,0,1,0,1,0,0
0036fc3c,26fc3c,A,36,9,prologue,2,r0:r1,0,1,0,1,0,0
0036fc60,26fc60,A,44,10,prologue,2,r0:r1,0,1,0,1,0,0
0036fc8c,26fc8c,A,44,10,prologue,2,r0:r1,0,1,0,1,0,0
0036fcb8,26fcb8,A,4,1,call,1,r0,0,1,0,1,1,0
0036fcbc,26fcbc,A,24,6,prologue,1,r0,0,0,0,1,0,0
0036fcd4,26fcd4,A,44,10,prologue,2,r0:r1,0,1,0,1,0,0
0036fd00,26fd00,A,12,3,call,2,r0:r1,0,1,0,1,0,0
0036fd0c,26fd0c,A,16,4,call,1,r0,0,1,0,1,0,0
0036fd1c,26fd1c,A,8,4,call,1,void,0,1,0,2,0,0
0036fd24,26fd24,A,36,9,prologue,1,r0,0,1,0,1,0,0
0036fd48,26fd48,A,36,9,prologue,1,r0,0,1,0,1,0,0
0036fd6c,26fd6c,A,8,2,call,1,r0,0,1,0,1,1,0
0036fd74,26fd74,A,24,6,prologue,1,r0,0,0,0,1,0,0
0036fd94,26fd94,A,12,3,call,2,r0:r1,0,1,0,1,0,0
0036fda0,26fda0,A,12,3,call,2,r0:r1,0,1,0,1,0,0
0036fdac,26fdac,A,28,9,call,2,r0:r1,0,1,0,2,0,0
0036fdc8,26fdc8,A,28,9,call,2,r0:r1,0,1,0,2,0,0
0036fde4,26fde4,A,40,10,prologue,1,r0,0,1,0,1,0,0
0036fe0c,26fe0c,A,12,3,call,1,r0,0,1,0,1,0,0
0036fe18,26fe18,A,32,8,prologue,2,r0:r1,0,1,0,1,0,0
0036fe38,26fe38,A,12,3,call,1,r0,0,1,0,1,0,0
0036fe44,26fe44,A,12,3,call,2,r0:r1,0,1,0,1,0,0
0036fe50,26fe50,A,12,3,call,1,r0,0,1,0,1,0,0
0036fe5c,26fe5c,A,20,5,call,1,r0,0,1,0,1,0,0
0036fe70,26fe70,A,36,9,prologue,2,r0:r1,0,1,0,1,0,0
0036fe94,26fe94,A,12,3,call,1,r0,0,1,0,1,0,0
0036fea0,26fea0,A,20,5,call,1,r0,0,2,0,1,0,0
0036feb4,26feb4,A,8,2,call,1,r0,0,2,1,1,0,0
0036febc,26febc,A,8,2,call,1,r0,0,2,1,1,0,0
0036fec4,26fec4,A,40,10,prologue,2,r0:r1,0,1,0,1,0,0
0036feec,26feec,A,8,4,call,1,void,0,1,0,2,0,0
0036fef4,26fef4,A,12,5,ptr,1,r0,0,0,0,2,0,0
0036ff00,26ff00,A,36,8,call,1,r0,0,1,0,3,1,0
0036ff24,26ff24,A,44,11,ptr,2,void,0,0,0,3,1,0
0036ff50,26ff50,A,8,2,ptr,0,r0,0,0,0,1,0,0
0036ff58,26ff58,A,12,3,call,1,r0,0,1,0,1,1,0
0036ff64,26ff64,A,8,4,call,1,void,0,2,0,2,0,0
0036ff6c,26ff6c,A,32,6,ptr,1,r0,0,0,1,1,0,0
0036ff8c,26ff8c,A,8,2,ptr,1,r0,0,0,0,1,0,0
0036ff94,26ff94,A,16,4,call,1,r0,0,1,0,1,0,0
0036ffa4,26ffa4,A,8,4,call,1,void,0,1,0,2,0,0
0036ffac,26ffac,A,16,4,call,1,r0,0,1,0,1,0,0
00370030,270030,A,84,33,ptr,4,r0,10,0,3,5,0,0
00370084,270084,A,96,24,prologue,4,r0:r1,0,1,1,5,0,0
003700e4,2700e4,A,20,5,call,1,r0:r1,0,1,0,1,0,0
003700f8,2700f8,A,32,8,prologue,1,r0,0,1,0,1,0,0
00370118,270118,A,8,2,ptr,0,r0,0,0,0,1,0,0
00370120,270120,A,16,4,call,2,r0,0,1,0,1,0,0
00370130,270130,A,16,4,call,1,r0,0,1,0,1,0,0
00370140,270140,A,12,3,call,2,r0,0,1,0,1,0,0
0037014c,27014c,A,44,10,prologue,2,r0:r1,0,2,0,1,0,0
00370178,270178,A,12,3,call,1,r0,0,2,0,1,0,0
00370184,270184,A,872,181,ptr,2,r0,0,0,22,47,0,0
003704ec,2704ec,A,12,3,call,1,r0,0,1,0,1,0,0
003704f8,2704f8,A,176,44,prologue,2,void,0,1,1,3,0,0
003705b0,2705b0,A,88,22,prologue,2,r0,0,1,0,5,0,0
00370608,270608,A,2248,26,gapstart,1,r0,0,0,0,7,0,0
0037061c,27061c,A,20,5,ptr,1,r0,0,0,0,1,0,0
00370630,270630,A,52336,19,ptr,1,r0,0,0,1,6,0,0
00370690,270690,A,164,40,ptr,1,r0,0,0,0,9,3,0
00370734,270734,A,8,2,ptr,0,r0,0,0,0,1,0,0
0037073c,27073c,A,8,2,ptr,1,r0,0,0,0,1,0,0
00370744,270744,A,96,19,ptr,1,r0,0,0,1,6,0,0
003707a4,2707a4,A,96,19,ptr,1,r0,0,0,1,6,0,0
00370804,270804,A,8,2,ptr,1,r0,0,0,0,1,0,0
0037080c,27080c,A,8,2,ptr,1,r0,0,0,0,1,0,0
00370814,270814,A,16,4,ptr,1,r0,0,0,0,1,0,0
00370824,270824,A,8,2,ptr,0,r0,0,0,0,1,0,0
0037082c,27082c,A,132,33,ptr,1,r0,0,0,0,10,0,0
003708b0,2708b0,A,44,10,prologue,2,r0:r1,0,2,0,1,0,0
003708dc,2708dc,A,60,14,prologue,2,r0,0,1,1,4,0,0
00370918,270918,A,32,8,prologue,2,r0:r1,0,1,0,1,0,0
00370938,270938,A,116,29,call,4,r0:r1,0,1,0,8,0,0
003709ac,2709ac,A,24,8,ptr,1,r0,0,0,0,4,0,0
003709c4,2709c4,A,52,13,ptr,1,r0,0,0,1,3,1,0
003709f8,2709f8,A,8,2,ptr,0,r0,0,0,0,1,0,0
00370a00,270a00,A,20,5,ptr,1,r0,0,0,0,1,0,0
00370a14,270a14,A,24,6,ptr,2,r0,0,0,1,3,0,0
00370a30,270a30,A,8,2,ptr,1,r0,0,0,0,1,0,0
00370a38,270a38,A,8,2,ptr,0,r0,0,0,0,1,0,0
00370a40,270a40,A,12,3,call,2,r0,0,1,0,1,0,0
00370a4c,270a4c,A,16,4,call,1,r0,0,1,0,1,0,0
00370a5c,270a5c,A,88,22,prologue,2,r0,0,2,0,5,0,0
00370ab4,270ab4,A,72,17,prologue,2,void,0,1,2,1,0,0
00370afc,270afc,A,8,4,call,2,r0:r1,0,1,0,2,0,0
00370b04,270b04,A,32,8,prologue,2,r0:r1,0,1,0,1,0,0
00370b24,270b24,A,40,9,prologue,2,r0:r1,0,1,0,1,0,0
00370b4c,270b4c,A,44,10,prologue,2,r0:r1,0,1,0,1,0,0
00370b78,270b78,A,12,3,call,1,r0,0,1,0,1,0,0
00370b84,270b84,A,44,10,prologue,1,r0,0,1,0,1,0,0
00370bb0,270bb0,A,68,17,prologue,2,void,0,1,2,1,0,0
00370c04,270c04,A,16,4,call,2,r0:r1,0,1,0,1,0,0
00370c14,270c14,A,8,4,call,2,r0:r1,0,1,0,2,0,0
00370c1c,270c1c,A,8,4,call,2,r0:r1,0,1,0,2,0,0
00370c24,270c24,A,36,9,prologue,2,r0:r1,0,1,0,1,0,0
00370c48,270c48,A,36,9,prologue,1,r0,0,1,0,1,0,0
00370c6c,270c6c,A,16,4,ptr,1,void,0,0,0,1,1,0
00370c7c,270c7c,A,16,4,ptr,1,void,0,0,0,1,1,0
00370c8c,270c8c,A,8,2,ptr,0,r0,0,0,0,1,0,0
00370c94,270c94,A,24,5,call,0,r0,0,1,0,1,0,0
00370cac,270cac,A,36,9,prologue,2,r0:r1,0,1,0,1,0,0
00370cd0,270cd0,A,32,8,prologue,2,r0:r1,0,1,0,1,0,0
00370cf0,270cf0,A,44,10,prologue,2,r0:r1,0,1,0,1,0,0
00370d1c,270d1c,A,40,9,prologue,2,r0:r1,0,1,0,1,0,0
00370d44,270d44,A,44,10,prologue,2,r0:r1,0,1,0,1,0,0
00370d70,270d70,A,8,2,call,1,r0,0,2,0,1,1,0
00370d78,270d78,A,24,6,prologue,1,r0,0,0,0,1,0,0
00370d90,270d90,A,12,3,call,2,r0,0,2,0,1,0,0
00370d9c,270d9c,A,60,15,prologue,2,void,0,1,2,1,0,0
00370dec,270dec,A,8,4,call,1,void,0,1,0,2,0,0
00370df4,270df4,A,32,8,prologue,2,r0:r1,0,1,0,1,0,0
00370e14,270e14,A,36,9,prologue,1,r0,0,1,0,1,0,0
00370e38,270e38,A,32,8,prologue,2,r0:r1,0,1,0,1,0,0
00370e58,270e58,A,32,8,prologue,1,r0,0,1,0,1,0,0
00370ed0,270ed0,A,32,8,ptr,1,r0,0,0,0,3,0,0
00370ef4,270ef4,A,64416,7,ptr,1,r0,0,0,0,4,0,0
00370f88,270f88,A,136,33,ptr,2,void,0,0,3,4,0,0
00371044,271044,A,8,2,ptr,0,r0,0,0,0,1,0,0
0037104c,27104c,A,64128,8,ptr,1,r0,0,0,0,4,0,0
00371068,271068,A,64068,8,ptr,1,r0,0,0,0,4,0,0
00371084,271084,A,64048,8,ptr,1,r0,0,0,0,4,0,0
00371170,271170,A,63788,8,ptr,1,r0,0,0,0,4,0,0
0037118c,27118c,A,24,6,ptr,2,r0,0,0,1,3,0,0
003711a8,2711a8,A,63740,8,ptr,1,r0,0,0,0,4,0,0
003711c4,2711c4,A,63744,9,ptr,1,r0,0,0,0,4,0,0
003711d8,2711d8,A,8,2,ptr,0,r0,0,0,0,1,0,0
003711e0,2711e0,A,68,17,ptr,1,r0,0,0,0,4,0,0
00371224,271224,A,63684,10,ptr,1,r0,0,0,0,4,0,0
00371238,271238,A,104,26,call,1,void,0,2,3,1,0,0
003712b8,2712b8,A,200,50,prologue,3,r0,0,1,0,14,0,0
00371380,271380,A,24,5,call,1,r0:r1,0,2,0,1,0,0
00371398,271398,A,32,8,prologue,1,r0,0,1,0,1,0,0
003713b8,2713b8,A,12,3,call,1,r0,0,1,0,1,0,0
003713e4,2713e4,A,60,14,prologue,1,r0,0,1,0,3,0,0
00371420,271420,A,16,9,call,1,void,0,1,0,3,0,0
00371430,271430,A,16,4,call,1,r0,0,1,0,1,0,0
00371440,271440,A,16,9,call,1,r0,0,1,0,2,0,0
00371450,271450,A,44,10,prologue,2,r0:r1,0,1,0,1,0,0
0037147c,27147c,A,40,9,prologue,2,r0,0,1,1,1,0,0
003714a4,2714a4,A,40,9,prologue,2,r0:r1,0,1,0,1,0,0
003714cc,2714cc,A,32,8,prologue,2,r0:r1,0,1,0,1,0,0
003714ec,2714ec,A,8,2,ptr,0,r0,0,0,0,1,0,0
003714f4,2714f4,A,8,2,ptr,0,r0,0,0,0,1,0,0
003714fc,2714fc,A,12,3,call,2,r0,0,2,0,1,0,0
00371508,271508,A,61944,8,ptr,1,r0,0,0,0,4,0,0
00371520,271520,A,61928,15,ptr,1,r0,0,0,0,4,1,0
00371554,271554,A,8,2,ptr,0,r0,0,0,0,1,0,0
0037155c,27155c,A,124,31,prologue,4,r0:r1,1,2,2,3,0,0
003715d8,2715d8,A,61752,8,ptr,1,r0,0,0,0,4,0,0
003715f4,2715f4,A,61700,14,prologue,1,r0,0,1,1,4,0,0
00371624,271624,A,132,32,call,4,r0:r1,0,2,0,6,0,0
003716a8,2716a8,A,636,159,prologue,2,void,0,1,3,32,0,0
00371924,271924,A,172,42,call,1,r0,0,2,0,8,0,0
003719d0,2719d0,A,8,2,ptr,0,r0,0,0,0,1,0,0
003719d8,2719d8,A,68,17,ptr,1,r0,0,0,0,4,0,0
00371a1c,271a1c,A,40,10,ptr,2,r0,0,0,0,1,0,0
00371a44,271a44,A,32,8,ptr,4,void,0,0,2,1,0,0
00371a64,271a64,A,16,4,call,1,r0,0,1,0,1,0,0
00371a74,271a74,A,48,11,call,2,r0,0,1,0,1,0,0
00371aa4,271aa4,A,84,21,call,1,r0,0,1,0,6,0,0
00371af8,271af8,A,48,11,call,2,r0,0,1,0,1,0,0
00371b28,271b28,A,144,31,prologue,1,r0,0,1,1,1,0,0
00371bb8,271bb8,A,212,46,call,2,r0:r1,0,2,0,14,0,0
00371c9c,271c9c,A,56,12,call,2,r0,0,2,1,4,0,0
00371cd4,271cd4,A,84,17,call,2,r0:r1,0,1,1,5,0,0
00371d28,271d28,A,40,10,call,1,r0,0,1,0,4,0,0
00371d50,271d50,A,40,10,call,1,r0,0,1,0,4,0,0
00371e30,271e30,A,100,37,ptr,0,r0,0,0,1,11,0,0
00371e94,271e94,A,656,163,prologue,4,r0,0,1,3,32,0,0
00372124,272124,A,16,4,call,1,void,0,1,0,1,0,0
00372134,272134,A,12,2,ptr,0,r0,0,0,0,1,0,0
00372140,272140,A,12,2,ptr,0,r0,0,0,0,1,0,0
0037214c,27214c,A,12,2,ptr,0,r0,0,0,0,1,0,0
00372158,272158,A,280,70,prologue,4,void,4,1,1,7,0,0
00372270,272270,A,36,8,ptr,2,r0,0,0,0,1,0,0
00372294,272294,A,372,93,ptr,4,r0,0,0,2,16,1,0
00372408,272408,A,12,2,ptr,0,r0,0,0,0,1,0,0
00372414,272414,A,12,2,ptr,0,r0,0,0,0,1,0,0
00372420,272420,A,12,2,ptr,0,r0,0,0,0,1,0,0
0037242c,27242c,A,312,78,prologue,4,void,0,1,2,12,2,0
00372564,272564,A,12,2,ptr,0,r0,0,0,0,1,0,0
00372570,272570,A,12,2,ptr,0,r0,0,0,0,1,0,0
0037257c,27257c,A,84,21,prologue,1,r0,0,1,2,5,0,0
003725d0,2725d0,A,8,2,ptr,1,r0,0,0,0,1,0,0
003725d8,2725d8,A,8,2,ptr,1,r0,0,0,0,1,0,0
003725e0,2725e0,A,8,2,ptr,1,r0,0,0,0,1,0,0
003725e8,2725e8,A,8,2,ptr,1,r0,0,0,0,1,0,0
003725f0,2725f0,A,8,2,ptr,1,r0,0,0,0,1,0,0
003725f8,2725f8,A,12,2,ptr,0,r0,0,0,0,1,0,0
00372604,272604,A,12,2,ptr,0,r0,0,0,0,1,0,0
00372610,272610,A,1912,474,prologue,3,void,0,1,5,67,9,0
00372d88,272d88,A,540,135,prologue,4,void,1,1,2,4,0,0
00372fac,272fac,A,536,127,prologue,4,void,4,1,3,9,0,0
003731cc,2731cc,A,284,66,prologue,3,r0,0,1,3,6,0,0
003732e8,2732e8,A,240,60,prologue,4,void,0,1,2,9,0,0
003733d8,2733d8,A,1032,244,prologue,4,void,0,1,2,38,0,0
003737e0,2737e0,A,252,58,prologue,2,void,0,1,2,3,0,0
003738dc,2738dc,A,392,98,prologue,3,void,0,1,1,14,0,0
00373a64,273a64,A,284,71,call,1,r0,0,1,0,11,0,0
00373b80,273b80,A,204,50,prologue,4,r0,1,1,3,6,0,0
00373c4c,273c4c,A,248,62,call,3,r0,0,1,0,13,0,0
00373d44,273d44,A,12,2,ptr,0,r0,0,0,0,1,0,0
00373d50,273d50,A,628,148,prologue,1,void,0,1,3,20,0,0
00373fc4,273fc4,A,408,102,prologue,4,void,1,1,3,12,0,0
003743c0,2743c0,A,144,38,ptr,0,r0,13,0,0,4,0,0
00374450,274450,A,24,6,ptr,3,void,0,0,0,1,0,0
00374468,274468,A,8,2,ptr,1,r0,0,0,0,1,0,0
00374470,274470,A,84,20,ptr,2,r0,0,0,0,6,0,0
003744c4,2744c4,A,8,2,call,1,void,0,1,0,1,1,0
003744cc,2744cc,A,392,98,prologue,4,void,0,1,5,18,1,0
00374c04,274c04,A,692,173,prologue,4,void,1,1,5,20,0,0
00374ebc,274ebc,A,8,2,ptr,3,void,0,0,1,1,0,0
00374ec4,274ec4,A,12,2,ptr,0,r0,0,0,0,1,0,0
00374ed0,274ed0,A,8,2,ptr,1,r0,0,0,0,1,0,0
00374ed8,274ed8,A,8,2,ptr,1,r0,0,0,0,1,0,0
00374ee0,274ee0,A,12,2,ptr,0,r0,0,0,0,1,0,0
00374eec,274eec,A,100,25,call,2,void,0,1,0,3,0,0
00374f50,274f50,A,40,10,call,2,void,0,1,0,1,0,0
00374f78,274f78,A,12,2,ptr,0,r0,0,0,0,1,0,0
00374f84,274f84,A,12,2,ptr,0,r0,0,0,0,1,0,0
00374f90,274f90,A,12,2,ptr,0,r0,0,0,0,1,0,0
00374f9c,274f9c,A,28,7,prologue,1,void,0,1,0,1,1,0
00374fb8,274fb8,A,28,7,prologue,1,void,0,1,0,1,1,0
00374fd4,274fd4,A,12,2,ptr,0,r0,0,0,0,1,0,0
00374fe0,274fe0,A,12,2,ptr,0,r0,0,0,0,1,0,0
00374fec,274fec,A,12,2,ptr,0,r0,0,0,0,1,0,0
00374ff8,274ff8,A,44,11,ptr,1,r0,0,0,1,3,1,0
00375024,275024,A,140,32,ptr,1,r0,0,0,3,6,1,0
003750b4,2750b4,A,140,32,ptr,1,r0,0,0,3,6,1,0
00375144,275144,A,20,5,call,1,r0,0,1,0,1,0,0
00375158,275158,A,8,2,ptr,0,r0,0,0,0,1,0,0
00375160,275160,A,176,42,call,2,void,0,2,0,7,0,0
00375218,275218,A,8,2,ptr,0,r0,0,0,0,1,0,0
00375220,275220,A,132,33,prologue,4,r0,0,1,1,8,1,0
003752a4,2752a4,A,12,2,ptr,0,r0,0,0,0,1,0,0
003752b0,2752b0,A,8,2,ptr,2,r0,0,0,0,1,0,0
003752b8,2752b8,A,56,14,ptr,2,r0,0,0,0,4,0,0
003752f0,2752f0,A,304,76,prologue,3,void,0,1,0,14,0,0
00375420,275420,A,16,4,ptr,1,r0,0,0,0,1,0,0
00375430,275430,A,12,2,ptr,0,r0,0,0,0,1,0,0
0037543c,27543c,A,3652,912,ptr,4,r0,0,0,15,38,0,0
00376280,276280,A,16,4,ptr,2,r0,0,0,0,1,0,0
00376290,276290,A,16,4,ptr,1,r0,0,0,0,1,0,0
003762a0,2762a0,A,12,2,ptr,0,r0,0,0,0,1,0,0
003762ac,2762ac,A,536,134,ptr,4,r0,0,0,8,18,0,0
003764c4,2764c4,A,16,4,ptr,2,r0,0,0,0,1,0,0
003764d4,2764d4,A,16,4,ptr,1,r0,0,0,0,1,0,0
003764e4,2764e4,A,384,96,prologue,2,void,0,1,6,5,0,0
00376668,276668,A,184,46,prologue,2,void,0,1,3,1,0,0
00376720,276720,A,12,2,ptr,0,r0,0,0,0,1,0,0
0037672c,27672c,A,164,41,ptr,4,r0,0,0,3,10,0,0
003767d0,2767d0,A,12,2,ptr,0,r0,0,0,0,1,0,0
003767dc,2767dc,A,20,5,call,1,r0,0,1,0,1,0,0
003767f0,2767f0,A,76,19,call,1,r0,0,1,0,1,0,0
0037683c,27683c,A,64,16,call,1,r0,0,1,0,1,0,0
0037687c,27687c,A,40,10,call,1,r0,0,1,0,1,0,0
003768a4,2768a4,A,52,13,call,1,r0,0,1,0,1,0,0
003768d8,2768d8,A,88,22,prologue,3,void,0,1,1,5,1,0
00376930,276930,A,88,22,prologue,3,r0,0,2,1,5,1,0
00376988,276988,A,88,22,prologue,3,r0,0,1,1,5,1,0
003769e0,2769e0,A,72,18,prologue,2,r0,0,1,1,3,1,0
00376a28,276a28,A,272,68,prologue,4,r0,0,1,2,10,1,0
00376b38,276b38,A,88,22,prologue,3,r0,0,1,1,5,1,0
00376b90,276b90,A,92,23,prologue,3,r0,0,1,1,5,1,0
00376bec,276bec,A,88,22,prologue,3,r0,0,2,1,5,1,0
00376c44,276c44,A,88,22,prologue,3,r0,0,1,1,5,1,0
00376c9c,276c9c,A,8,2,call,1,r0,0,1,0,1,1,0
00376ca4,276ca4,A,11248,26,prologue,2,void,0,1,1,7,1,0
00376cec,276cec,A,100,25,ptr,2,r0,0,0,1,5,2,0
00376d50,276d50,A,4,1,call,2,r0,0,1,0,1,1,0
00376d54,276d54,A,28,7,prologue,1,r0,0,0,1,1,0,0
00376d70,276d70,A,44,11,ptr,2,r0,0,0,0,4,0,0
00376d9c,276d9c,A,356,88,prologue,3,r0,0,1,3,9,0,0
00376f00,276f00,A,48,12,prologue,3,r0,0,1,1,1,0,0
00376f30,276f30,A,48,12,prologue,2,r0,0,1,1,1,0,0
00376f60,276f60,A,12,2,ptr,0,r0,0,0,0,1,0,0
00376f6c,276f6c,A,48,12,call,1,void,0,1,0,4,0,0
00376fa4,276fa4,A,24,6,ptr,1,r0,0,0,0,1,0,0
00376fbc,276fbc,A,12,2,ptr,0,r0,0,0,0,1,0,0
00376fc8,276fc8,A,16,4,ptr,1,r0,0,0,0,1,0,0
00376fd8,276fd8,A,8,2,ptr,0,r0,0,0,0,1,0,0
00376fe0,276fe0,A,8,2,ptr,0,r0,0,0,0,1,0,0
00376fe8,276fe8,A,8,2,ptr,1,r0,0,0,0,1,0,0
00376ff0,276ff0,A,52,13,ptr,1,r0,0,0,0,5,0,0
00377024,277024,A,40,10,prologue,3,void,0,1,1,1,0,0
0037704c,27704c,A,12,2,ptr,0,r0,0,0,0,1,0,0
00377058,277058,A,108,27,call,1,r0,0,1,0,6,0,0
003770c4,2770c4,A,12,3,call,1,r0,0,1,0,1,0,0
003770d0,2770d0,A,52,13,call,2,r0,0,2,0,4,0,0
00377104,277104,A,60,14,call,2,r0,0,1,0,4,0,0
00377140,277140,A,12,3,call,1,r0,0,1,0,1,0,0
0037714c,27714c,A,36,9,prologue,4,r0:r1,0,1,1,1,0,0
00377170,277170,A,236,59,prologue,4,r0:r1,0,1,1,14,0,0
0037725c,27725c,A,56,13,prologue,4,r0,0,1,1,3,0,0
00377294,277294,A,40,10,prologue,4,r0:r1,0,1,1,3,0,0
003772bc,2772bc,A,40,10,prologue,4,r0,0,1,1,3,0,0
003772e4,2772e4,A,40,10,prologue,4,r0,0,1,1,3,0,0
0037730c,27730c,A,36,9,prologue,4,r0:r1,0,1,1,1,0,0
00377330,277330,A,108,27,call,1,r0:r1,0,1,0,8,0,0
003773a0,2773a0,A,60,14,prologue,4,r0,0,1,1,3,0,0
003773dc,2773dc,A,40,10,prologue,4,r0:r1,0,1,1,1,0,0
00377404,277404,A,44,11,prologue,4,r0:r1,0,1,1,3,0,0
00377430,277430,A,40,10,prologue,4,r0:r1,0,1,1,1,0,0
00377458,277458,A,112,28,call,1,r0:r1,0,1,0,8,0,0
003774cc,2774cc,A,40,10,prologue,4,r0,0,1,1,1,0,0
003774f4,2774f4,A,396,99,prologue,4,r0,1,1,15,14,0,0
00377680,277680,A,292,72,prologue,2,r0,0,2,5,10,0,0
003777a4,2777a4,A,84,19,ptr,3,r0,0,0,0,3,0,0
003777f8,2777f8,A,84,19,ptr,3,r0,0,0,0,3,0,0
0037784c,27784c,A,16,4,call,1,r0,0,1,0,1,0,0
0037785c,27785c,A,64,16,call,3,r0,0,1,0,6,0,0
0037789c,27789c,A,84,21,call,3,r0,0,1,0,4,0,0
003778f0,2778f0,A,28,6,call,1,r0,0,1,1,1,0,0
0037790c,27790c,A,28,6,call,1,r0,0,1,1,1,0,0
00377928,277928,A,20,5,call,1,r0,0,1,1,1,0,0
0037793c,27793c,A,24,5,call,1,r0,0,1,1,1,0,0
00377954,277954,A,20,5,call,1,r0,0,2,1,1,0,0
00377968,277968,A,24,5,call,1,r0,0,1,1,1,0,0
00377980,277980,A,24,5,call,1,r0,0,1,1,1,0,0
00377998,277998,A,24,6,call,1,r0,0,2,0,1,0,0
003779b0,2779b0,A,28,7,call,1,r0,0,2,0,1,0,0
003779cc,2779cc,A,52,12,call,2,r0,0,1,0,4,0,0
00377a00,277a00,A,52,12,call,2,r0,0,2,0,4,0,0
00377a34,277a34,A,52,12,call,1,r0,0,1,0,3,0,0
00377a68,277a68,A,44,11,call,1,r0,0,2,0,3,0,0
00377a94,277a94,A,40,10,call,1,r0,0,1,0,3,0,0
00377abc,277abc,A,44,11,ptr,1,r0,0,0,0,3,1,0
00377ae8,277ae8,A,16,4,ptr,1,void,0,0,0,1,1,0
00377af8,277af8,A,16,4,ptr,1,void,0,0,0,1,1,0
00377b08,277b08,A,16,4,ptr,1,void,0,0,0,1,1,0
00377b18,277b18,A,64,15,call,1,r0,0,2,0,4,0,0
00377b58,277b58,A,64,15,call,1,r0,0,1,0,4,0,0
00377b98,277b98,A,64,15,call,1,r0,0,1,0,4,0,0
00377bd8,277bd8,A,56,14,call,1,r0,0,2,0,4,0,0
00377c10,277c10,A,56,14,call,1,r0,0,1,0,4,0,0
00377c48,277c48,A,32,8,prologue,4,r0,0,1,1,1,0,0
00377c68,277c68,A,60,15,call,2,r0,0,2,0,4,0,0
00377ca4,277ca4,A,44,11,call,2,r0,0,2,0,3,0,0
00377cd0,277cd0,A,60,15,call,2,r0,0,1,0,4,0,0
00377e98,277e98,A,60,15,call,2,r0,0,1,0,4,0,0
00377ed4,277ed4,A,576,137,prologue,4,r0,0,1,1,34,0,0
00378114,278114,A,60,15,call,2,r0:r1,0,1,0,4,0,0
003781b4,2781b4,A,12,3,call,1,r0,0,1,0,1,0,0
003781c0,2781c0,A,12,3,call,1,r0,0,1,0,1,0,0
003781cc,2781cc,A,12,3,call,1,r0,0,1,0,1,0,0
003781d8,2781d8,A,12,3,call,1,r0,0,1,0,1,0,0
003781e4,2781e4,A,12,3,call,1,r0,0,1,0,1,0,0
003781f0,2781f0,A,40,10,prologue,4,r0:r1,0,1,1,1,0,0
00378218,278218,A,44,11,prologue,4,r0,0,1,1,3,0,0
00378244,278244,A,12,3,call,1,r0,0,1,0,1,0,0
00378250,278250,A,28,7,call,1,r0,0,1,0,1,0,0
0037826c,27826c,A,40,10,call,1,r0,0,2,0,4,0,0
00378294,278294,A,232,58,prologue,3,void,0,1,2,15,0,0
003783a8,2783a8,A,32,8,prologue,4,r0,0,1,1,1,0,0
003783c8,2783c8,A,96,24,call,2,void,0,1,0,1,0,0
00378428,278428,A,32,8,prologue,4,r0:r1,0,1,1,1,0,0
00378448,278448,A,40,10,prologue,4,r0:r1,0,1,1,1,0,0
00378470,278470,A,52,13,prologue,4,r0,0,1,1,4,0,0
003784a4,2784a4,A,32,8,prologue,4,r0,0,1,1,1,0,0
003784c4,2784c4,A,32,8,prologue,4,r0:r1,0,1,1,1,0,0
003784e4,2784e4,A,40,10,prologue,4,r0,0,1,1,1,0,0
0037850c,27850c,A,28,7,call,1,r0,0,1,0,1,0,0
00378528,278528,A,52,13,prologue,4,r0:r1,0,1,1,3,0,0
0037855c,27855c,A,44,11,call,1,r0,0,2,0,4,0,0
00378588,278588,A,36,9,call,1,r0,0,2,0,4,0,0
003785ac,2785ac,A,40,10,call,1,r0,0,2,0,4,0,0
003785d4,2785d4,A,36,9,prologue,4,r0:r1,0,1,1,1,0,0
003785f8,2785f8,A,44,11,prologue,4,r0:r1,0,1,1,3,0,0
00378624,278624,A,36,9,prologue,4,r0,0,1,1,1,0,0
00378648,278648,A,36,9,prologue,4,r0,0,1,1,1,0,0
0037866c,27866c,A,40,10,prologue,4,r0,0,1,1,1,0,0
00378694,278694,A,44,11,prologue,4,r0:r1,0,1,1,3,0,0
003786c0,2786c0,A,12,3,call,1,r0:r1,0,1,0,1,0,0
003786cc,2786cc,A,40,10,prologue,4,r0:r1,0,1,1,1,0,0
003786f4,2786f4,A,12,3,call,1,r0,0,2,0,1,0,0
00378700,278700,A,12,3,call,1,r0:r1,0,1,0,1,0,0
0037870c,27870c,A,12,3,call,1,r0:r1,0,2,0,1,0,0
00378718,278718,A,108,27,call,1,r0,0,1,0,6,0,0
00378784,278784,A,104,25,call,1,r0,0,1,0,6,0,0
003787ec,2787ec,A,8,2,call,1,r0,0,1,0,1,1,0
003787f4,2787f4,A,136,34,prologue,3,r0,0,0,2,7,0,0
0037887c,27887c,A,100,22,ptr,3,r0,0,0,0,3,0,0
003788e0,2788e0,A,284,70,ptr,4,r0,0,0,4,19,0,0
003789fc,2789fc,A,8,2,ptr,0,r0,0,0,0,1,0,0
00378a04,278a04,A,28,7,call,1,r0,0,2,0,3,1,0
00378a20,278a20,A,100,22,ptr,3,r0,0,0,0,3,0,0
00378a84,278a84,A,100,22,ptr,3,r0,0,0,0,3,0,0
00378ae8,278ae8,A,192,47,prologue,3,r0,0,1,11,4,0,0
00378ba8,278ba8,A,92,23,ptr,2,r0,0,0,0,8,0,0
00378c04,278c04,A,120,30,prologue,3,r0,0,1,1,3,2,0
00378c7c,278c7c,A,48,11,call,2,r0,0,1,0,3,0,0
00378cac,278cac,A,232,57,prologue,2,r0,0,2,1,1,0,0
00378d94,278d94,A,164,41,prologue,3,r0,0,1,2,6,0,0
00378e38,278e38,A,32,7,call,1,r0,0,1,0,1,0,0
00378e58,278e58,A,80,20,prologue,4,r0,0,1,5,3,0,0
00378ea8,278ea8,A,40,10,call,2,r0,0,1,0,3,0,0
00378ed0,278ed0,A,60,14,prologue,1,r0,0,1,1,4,0,0
00378f0c,278f0c,A,64,16,prologue,2,void,0,1,1,3,0,0
00378f4c,278f4c,A,8,2,call,1,r0,0,2,0,1,1,0
00378f54,278f54,A,20,5,prologue,1,r0,0,0,1,1,0,0
00378f68,278f68,A,60,26,prologue,4,r0,0,1,1,8,0,0
00378fa4,278fa4,A,8,2,call,1,r0,0,4,0,1,1,0
00378fac,278fac,A,32,8,prologue,2,r0,0,0,2,3,0,0
00378fcc,278fcc,A,40,10,prologue,3,r0,0,1,1,3,0,0
00378ff4,278ff4,A,116,29,prologue,3,r0,0,2,4,9,0,0
00379068,279068,A,16,96,call,2,r0,0,9,0,27,0,0
00379078,279078,A,140,35,prologue,3,r0,0,1,5,11,0,0
00379104,279104,A,116,29,prologue,3,r0,0,1,6,3,0,0
00379178,279178,A,8,2,call,1,r0,0,2,0,1,1,0
00379180,279180,A,20,5,prologue,1,r0,0,0,1,1,0,0
00379194,279194,A,48,12,prologue,3,r0,0,1,2,3,0,0
003791c4,2791c4,A,76,19,prologue,3,r0,0,1,2,4,0,0
00379210,279210,A,32,8,prologue,2,r0,0,1,2,3,0,0
00379230,279230,A,108,27,prologue,3,r0,0,1,5,4,0,0
0037929c,27929c,A,60,15,prologue,3,r0,0,1,1,3,0,0
003792d8,2792d8,A,8,2,call,1,r0,0,1,0,1,1,0
003792e0,2792e0,A,20,5,prologue,1,r0,0,0,1,1,0,0
003792f4,2792f4,A,656,160,prologue,3,r0,0,1,9,24,0,0
00379584,279584,A,60,15,prologue,3,r0,0,1,2,3,0,0
003795c0,2795c0,A,188,46,prologue,3,r0,0,1,8,8,0,0
0037967c,27967c,A,16,29,call,2,r0,0,1,0,7,0,0
0037968c,27968c,A,8,2,call,1,r0,0,2,0,1,1,0
00379694,279694,A,244,60,prologue,2,r0,0,0,5,13,0,0
00379788,279788,A,112,28,prologue,3,r0,0,1,7,4,0,0
003797f8,2797f8,A,124,30,prologue,2,r0,0,1,1,3,0,0
00379894,279894,A,108,27,call,1,r0,0,1,0,6,0,0
00379900,279900,A,104,25,call,1,r0,0,1,0,6,0,0
00379968,279968,A,12,3,call,1,r0,0,1,0,1,0,0
00379974,279974,A,40,10,prologue,2,void,0,1,2,1,0,0
0037999c,27999c,A,60,15,prologue,3,r0,0,1,1,1,0,0
003799d8,2799d8,A,80,20,prologue,4,r0,0,1,5,3,0,0
00379a28,279a28,A,20,9,call,1,r0,0,1,0,4,0,0
00379a3c,279a3c,A,32,8,call,1,r0,0,1,0,3,0,0
00379a5c,279a5c,A,20,5,call,1,r0,0,1,0,1,0,0
00379a70,279a70,A,60,15,call,1,void,0,2,0,3,0,0
00379aac,279aac,A,92,23,prologue,1,r0,0,1,3,3,0,0
00379b08,279b08,A,32,8,call,1,r0,0,2,0,3,0,0
00379b28,279b28,A,12,3,call,2,r0,0,1,0,1,0,0
00379b34,279b34,A,388,97,prologue,4,r0,0,1,10,5,0,0
00379cc0,279cc0,A,3428,743,ptr,4,r0,1,0,12,185,0,0
0037aa24,27aa24,A,40,10,ptr,4,void,2,0,1,1,0,0
0037aa4c,27aa4c,A,1424,348,ptr,2,r0,0,0,1,69,5,0
0037afdc,27afdc,A,108,27,call,1,r0,0,2,0,6,0,0
0037b048,27b048,A,180,45,call,2,r0,0,1,0,13,0,0
0037b0fc,27b0fc,A,68,17,call,2,r0,0,1,0,6,0,0
0037b140,27b140,A,12,3,call,1,r0,0,2,0,1,0,0
0037b14c,27b14c,A,12,3,call,1,r0,0,1,0,1,0,0
0037b158,27b158,A,44,11,prologue,4,r0:r1,0,1,1,3,0,0
0037b184,27b184,A,60,14,prologue,4,r0,0,1,1,3,0,0
0037b1c0,27b1c0,A,40,10,prologue,4,r0:r1,0,1,1,1,0,0
0037b1e8,27b1e8,A,44,11,prologue,4,r0:r1,0,1,1,3,0,0
0037b214,27b214,A,24,6,call,1,r0:r1,0,1,0,1,0,0
0037b22c,27b22c,A,44,11,prologue,4,r0:r1,0,1,1,3,0,0
0037b258,27b258,A,40,10,prologue,4,r0,0,1,1,1,0,0
0037b280,27b280,A,112,28,call,1,r0:r1,0,1,0,8,0,0
0037b2f4,27b2f4,A,40,10,prologue,4,r0:r1,0,1,1,1,0,0
0037b31c,27b31c,A,180,45,call,2,r0,0,1,0,13,0,0
0037b3d0,27b3d0,A,48,12,ptr,1,r0,0,0,0,3,0,0
0037b400,27b400,A,104,25,call,1,r0,0,1,0,6,0,0
0037b468,27b468,A,108,27,call,1,r0,0,1,0,6,0,0
0037b4d4,27b4d4,A,12,3,call,1,r0,0,1,0,1,0,0
0037b4e0,27b4e0,A,12,3,call,2,r0,0,1,0,1,0,0
0037b4ec,27b4ec,A,32,8,call,2,r0,0,1,0,3,0,0
0037b50c,27b50c,A,104,25,call,1,r0,0,1,0,6,0,0
0037b574,27b574,A,108,27,call,1,r0,0,1,0,6,0,0
0037b5e0,27b5e0,A,104,25,call,1,r0,0,1,0,6,0,0
0037b648,27b648,A,52,13,ptr,1,r0,0,0,0,5,0,0
0037b67c,27b67c,A,12,2,ptr,0,r0,0,0,0,1,0,0
0037b688,27b688,A,148,37,ptr,3,r0,0,0,0,6,0,0
0037b71c,27b71c,A,12,3,ptr,3,r0,0,0,0,1,0,0
0037b728,27b728,A,12,3,ptr,3,r0,0,0,0,1,0,0
0037b734,27b734,A,12,3,ptr,3,r0,0,0,0,1,0,0
0037b740,27b740,A,32,8,ptr,3,r0,0,0,0,1,0,0
0037b768,27b768,A,88,22,ptr,3,r0,0,0,0,1,0,0
0037b7c0,27b7c0,A,220,55,prologue,3,r0,0,1,1,13,0,0
0037b89c,27b89c,A,108,19,call,1,r0,0,2,0,9,0,0
0037b908,27b908,A,260,56,call,3,void,0,1,0,10,0,0
0037ba0c,27ba0c,A,548,129,prologue,4,r0,0,1,6,31,0,0
0037bc30,27bc30,A,280,70,prologue,3,r0,0,1,1,17,0,0
0037bd48,27bd48,A,1384,337,prologue,4,r0,0,1,6,42,0,0
0037c2b0,27c2b0,A,988,229,prologue,3,void,0,1,13,41,0,0
0037c68c,27c68c,A,208,43,call,3,void,0,1,0,10,0,0
0037c760,27c760,A,680,160,prologue,3,void,0,1,1,25,0,0
0037ca0c,27ca0c,A,376,82,prologue,3,void,0,1,1,12,0,0
0037cb84,27cb84,A,136,34,call,3,void,0,1,0,6,0,0
0037cc10,27cc10,A,176,38,call,3,void,0,1,0,13,0,0
0037ccc0,27ccc0,A,212,53,call,3,void,0,1,0,13,0,0
0037cd94,27cd94,A,44,11,prologue,1,void,0,1,0,1,1,0
0037cdc0,27cdc0,A,44,11,prologue,1,void,0,1,0,1,1,0
0037cdec,27cdec,A,12,2,call,0,r0,0,1,0,1,0,0
0037cdf8,27cdf8,A,48,12,call,2,r0,0,1,0,1,0,0
0037ce28,27ce28,A,12,3,ptr,1,r0,0,0,0,1,0,0
0037ce34,27ce34,A,28,7,ptr,2,r0,0,0,0,1,1,0
0037ce50,27ce50,A,124,31,ptr,4,r0,0,0,1,6,0,0
0037cecc,27cecc,A,256,63,call,2,r0,0,2,0,17,0,0
0037cfcc,27cfcc,A,16,4,ptr,1,r0,0,0,0,1,0,0
0037cfdc,27cfdc,A,12,3,ptr,1,r0,0,0,0,1,0,0
0037cfe8,27cfe8,A,16,4,ptr,1,r0,0,0,0,1,0,0
0037cff8,27cff8,A,340,85,ptr,3,r0,0,0,2,6,0,0
0037d14c,27d14c,A,8,2,ptr,1,r0,0,0,0,1,0,0
0037d154,27d154,A,16,4,ptr,1,r0,0,0,0,1,0,0
0037d164,27d164,A,16,4,ptr,1,r0,0,0,0,1,0,0
0037d174,27d174,A,12,3,ptr,1,r0,0,0,0,1,0,0
0037d180,27d180,A,12,3,ptr,1,r0,0,0,0,1,0,0
0037d18c,27d18c,A,12,3,ptr,1,r0,0,0,0,1,0,0
0037d198,27d198,A,64,15,prologue,2,void,0,2,0,1,1,0
0037d1d8,27d1d8,A,8,2,call,1,r0,0,1,0,1,1,0
0037d1e0,27d1e0,A,24,6,prologue,1,r0,0,0,0,1,0,0
0037d1f8,27d1f8,A,32,8,prologue,1,r0,0,1,0,1,0,0
0037d218,27d218,A,32,8,prologue,2,r0:r1,0,1,0,1,0,0
0037d238,27d238,A,32,8,prologue,1,r0,0,1,0,1,0,0
0037d258,27d258,A,8,2,call,1,r0:r1,0,2,0,1,1,0
0037d260,27d260,A,24,6,prologue,1,r0,0,0,0,1,0,0
0037d278,27d278,A,32,8,prologue,2,r0:r1,0,1,0,1,0,0
0037d2a0,27d2a0,A,20,5,call,1,r0,0,1,0,1,0,0
0037d2b4,27d2b4,A,6420,8,ptr,1,r0,0,0,0,4,0,0
0037d2d0,27d2d0,A,24,6,call,1,r0,0,2,0,1,0,0
0037d2e8,27d2e8,A,20,12,ptr,1,r0,0,0,0,4,0,0
0037d2fc,27d2fc,A,12,3,call,2,r0,0,1,0,1,0,0
0037d308,27d308,A,12,3,call,1,r0,0,2,0,1,0,0
0037d314,27d314,A,12,3,call,2,r0,0,2,0,1,0,0
0037d320,27d320,A,17376,8,ptr,1,r0,0,0,0,4,0,0
0037d33c,27d33c,A,8,2,ptr,1,r0,0,0,0,1,0,0
0037d344,27d344,A,8,2,ptr,1,r0,0,0,0,1,0,0
0037d34c,27d34c,A,92,23,prologue,2,void,0,1,1,3,0,0
0037d3a8,27d3a8,A,12,3,ptr,1,r0,0,0,0,1,0,0
0037d3b4,27d3b4,A,260,64,prologue,2,void,0,2,1,6,0,0
0037d4b8,27d4b8,A,16,4,ptr,4,r0,0,0,1,1,0,0
0037d4c8,27d4c8,A,16,4,call,2,r0,0,1,0,1,0,0
0037d4d8,27d4d8,A,76,19,prologue,4,r0,0,1,1,3,1,0
0037d564,27d564,A,12,3,call,1,r0,0,2,0,1,0,0
0037d570,27d570,A,88,21,ptr,4,r0,0,0,3,5,0,0
0037d5c8,27d5c8,A,84,21,prologue,1,r0,0,1,1,5,0,0
0037d61c,27d61c,A,36,9,ptr,2,r0,0,0,1,1,0,0
0037d640,27d640,A,8,2,ptr,1,r0,0,0,0,1,0,0
0037d648,27d648,A,180,45,prologue,2,void,0,1,1,3,0,0
0037d6fc,27d6fc,A,8,2,ptr,0,r0,0,0,0,1,0,0
0037d704,27d704,A,8,2,ptr,1,r0,0,0,0,1,0,0
0037d70c,27d70c,A,8,2,ptr,0,r0,0,0,0,1,0,0
0037d714,27d714,A,8,2,ptr,1,r0,0,0,0,1,0,0
0037d71c,27d71c,A,8,2,ptr,1,r0,0,0,0,1,0,0
0037d724,27d724,A,12,3,ptr,1,r0,0,0,0,1,0,0
0037d730,27d730,A,20,4,ptr,1,r0,0,0,0,1,0,0
0037d744,27d744,A,16,4,ptr,1,r0,0,0,0,1,0,0
0037d754,27d754,A,28,6,call,1,r0:r1,0,2,0,1,0,0
0037d770,27d770,A,96,24,prologue,2,r0:r1,0,1,1,7,0,0
0037d7d0,27d7d0,A,4,1,call,1,r0:r1,0,1,0,1,1,0
0037d7d4,27d7d4,A,16,4,prologue,1,r0,0,0,0,1,0,0
0037d7e4,27d7e4,A,12,3,call,2,r0:r1,0,1,0,1,0,0
0037d7f0,27d7f0,A,16,4,call,1,r0,0,1,0,1,0,0
0037d800,27d800,A,52,13,call,1,void,0,2,1,1,0,0
0037d834,27d834,A,24,6,prologue,2,void,0,1,1,1,0,0
0037d84c,27d84c,A,12,3,call,2,r0:r1,0,2,0,1,0,0
0037d858,27d858,A,12,3,call,1,void,0,1,0,1,0,0
0037d864,27d864,A,8,2,ptr,0,r0,0,0,0,1,0,0
0037d86c,27d86c,A,8,2,ptr,0,r0,0,0,0,1,0,0
0037d874,27d874,A,20,5,call,2,r0,0,1,0,1,0,0
0037d888,27d888,A,20,5,call,2,r0,0,1,0,1,0,0
0037d89c,27d89c,A,120,30,call,2,r0:r1,0,2,0,14,0,0
0037d914,27d914,A,16,4,call,1,void,0,1,0,1,0,0
0037d924,27d924,A,236,59,prologue,1,r0,0,1,2,10,0,0
0037da14,27da14,A,104,26,call,2,void,0,1,0,6,0,0
0037dad4,27dad4,A,176,43,prologue,4,r0,0,1,2,9,1,0
0037db84,27db84,A,16,4,call,1,r0,0,1,0,1,0,0
0037db94,27db94,A,24,6,call,1,r0:r1,0,1,0,1,1,0
0037dbac,27dbac,A,8,2,ptr,0,r0,0,0,0,1,0,0
0037dbb4,27dbb4,A,36,9,call,2,void,0,1,0,1,0,0
0037dc14,27dc14,A,84,35,call,1,r0:r1,0,1,0,10,0,0
0037dc6c,27dc6c,A,40,10,call,2,r0:r1,0,1,0,1,0,0
0037dc94,27dc94,A,40,10,call,2,r0:r1,0,2,0,1,0,0
0037dcbc,27dcbc,A,60,15,call,3,r0,0,2,0,1,0,0
0037dcf8,27dcf8,A,64,16,call,3,void,0,1,0,1,0,0
0037ddc8,27ddc8,A,8,2,ptr,0,r0,0,0,0,1,0,0
0037ddd0,27ddd0,A,660,163,prologue,4,void,3,1,2,25,5,0
0037e064,27e064,A,168,42,prologue,3,void,0,1,6,1,0,0
0037e110,27e110,A,4,1,call,1,r0,0,2,0,1,1,0
0037e114,27e114,A,16,4,prologue,1,r0,0,0,0,1,0,0
0037e124,27e124,A,16,4,call,1,r0,0,1,0,1,0,0
0037e134,27e134,A,16,4,call,1,void,0,1,0,1,0,0
0037e144,27e144,A,36,9,call,1,r0,0,1,0,1,0,0
0037e168,27e168,A,260,64,prologue,2,void,0,1,1,6,0,0
0037e26c,27e26c,A,8,2,ptr,1,r0,0,0,0,1,0,0
0037e274,27e274,A,8,2,ptr,1,r0,0,0,0,1,0,0
0037e27c,27e27c,A,8,2,ptr,0,r0,0,0,0,1,0,0
0037e284,27e284,A,16,3,call,2,r0,0,1,1,1,0,0
0037e294,27e294,A,208,50,prologue,4,r0,0,1,3,11,0,0
0037e364,27e364,A,16,4,ptr,2,r0,0,0,1,1,0,0
0037e380,27e380,A,12,5,call,1,r0,0,2,0,2,0,0
0037e38c,27e38c,A,36,8,call,1,r0,0,1,0,3,1,0
0037e3c4,27e3c4,A,44,11,ptr,2,void,0,0,0,3,1,0
0037e3f0,27e3f0,A,24,6,call,1,r0,0,1,1,3,0,0
0037e418,27e418,A,72,18,ptr,2,r0,0,0,2,3,0,0
0037e46c,27e46c,A,12,3,ptr,1,r0,0,0,0,1,0,0
0037e478,27e478,A,16,9,call,1,r0,0,1,0,2,0,0
0037e488,27e488,A,16,9,call,1,r0,0,1,0,2,0,0
0037e4a4,27e4a4,A,12,2,ptr,0,r0,0,0,0,1,0,0
0037e4b8,27e4b8,A,12,2,ptr,0,r0,0,0,0,1,0,0
0037e4c4,27e4c4,A,24,11,call,1,r0,0,1,0,2,0,0
0037e4dc,27e4dc,A,12,3,call,1,r0,0,1,0,1,0,0
0037e4e8,27e4e8,A,12,3,call,2,r0:r1,0,1,0,1,0,0
0037e4f4,27e4f4,A,8,2,ptr,1,r0,0,0,0,1,0,0
0037e4fc,27e4fc,A,16,4,call,1,r0:r1,0,1,0,1,1,0
0037e50c,27e50c,A,12,5,call,2,r0:r1,0,1,0,2,0,0
0037e518,27e518,A,32,8,prologue,2,r0:r1,0,1,0,1,0,0
0037e538,27e538,A,12,3,call,1,r0,0,1,0,1,0,0
0037e544,27e544,A,12,3,call,2,r0:r1,0,1,0,1,0,0
0037e550,27e550,A,12,3,call,2,r0:r1,0,1,0,1,0,0
0037e55c,27e55c,A,12,3,call,1,r0,0,1,0,1,0,0
0037e570,27e570,A,12,3,ptr,1,r0,0,0,0,1,0,0
0037e57c,27e57c,A,12,3,ptr,2,void,0,0,1,1,0,0
0037e588,27e588,A,856,213,prologue,3,r0,0,1,3,31,6,0
0037e8e0,27e8e0,A,32,8,call,1,r0,0,2,0,1,0,0
0037e900,27e900,A,92,23,ptr,2,r0,0,0,0,7,0,0
0037e95c,27e95c,A,156,39,ptr,2,r0,0,0,0,11,0,0
0037e9f8,27e9f8,A,64,16,prologue,3,void,0,1,0,1,2,0
0037ea38,27ea38,A,44,11,call,3,r0,0,1,0,3,1,0
0037ea64,27ea64,A,60,15,ptr,2,r0,0,0,0,5,0,0
0037eaa0,27eaa0,A,236,59,ptr,2,r0,0,0,0,16,0,0
0037eb8c,27eb8c,A,8,2,ptr,0,r0,0,0,0,1,0,0
0037eb94,27eb94,A,44,11,ptr,2,r0,0,0,0,4,0,0
0037ebc8,27ebc8,A,208,50,prologue,4,r0,0,1,3,11,0,0
0037ec98,27ec98,A,8,2,ptr,0,r0,0,0,0,1,0,0
0037eca4,27eca4,A,8,2,ptr,0,r0,0,0,0,1,0,0
0037ecac,27ecac,A,8,2,ptr,1,r0,0,0,0,1,0,0
0037ecb4,27ecb4,A,16,4,ptr,1,void,0,0,0,1,1,0
0037ecc4,27ecc4,A,8,2,ptr,0,r0,0,0,0,1,0,0
0037ecd0,27ecd0,A,8,2,ptr,1,r0,0,0,1,1,0,0
0037ecdc,27ecdc,A,60,15,ptr,1,r0,0,0,0,3,2,0
0037ed18,27ed18,A,8,2,ptr,0,r0,0,0,0,1,0,0
0037ed20,27ed20,A,12,2,ptr,0,r0,0,0,0,1,0,0
0037ed2c,27ed2c,A,8,2,ptr,0,r0,0,0,0,1,0,0
0037ed34,27ed34,A,12,2,ptr,0,r0,0,0,0,1,0,0
0037ed40,27ed40,A,12,2,ptr,0,r0,0,0,0,1,0,0
0037ed4c,27ed4c,A,8,2,ptr,0,r0,0,0,0,1,0,0
0037ed58,27ed58,A,8,2,ptr,0,r0,0,0,0,1,0,0
0037ed64,27ed64,A,12,2,ptr,0,r0,0,0,0,1,0,0
0037ed70,27ed70,A,32,8,ptr,1,r0,0,0,0,3,1,0
0037ed94,27ed94,A,12,2,ptr,0,r0,0,0,0,1,0,0
0037eda0,27eda0,A,8,2,ptr,0,r0,0,0,0,1,0,0
0037eda8,27eda8,A,8,2,ptr,0,r0,0,0,0,1,0,0
0037edb0,27edb0,A,8,2,ptr,0,r0,0,0,0,1,0,0
0037edb8,27edb8,A,8,2,ptr,1,r0,0,0,0,1,0,0
0037edc0,27edc0,A,20,5,call,1,r0,0,1,0,1,0,0
0037edd4,27edd4,A,8,2,ptr,0,r0,0,0,0,1,0,0
0037eddc,27eddc,A,112,26,call,3,r0,0,1,0,4,0,0
0037ee4c,27ee4c,A,84,19,call,2,r0,0,1,0,3,0,0
0037eea0,27eea0,A,112,26,call,3,r0:r1,0,1,0,4,0,0
0037ef10,27ef10,A,56,13,call,2,r0,0,1,0,1,0,0
0037ef48,27ef48,A,120,28,call,3,r0,0,1,0,4,0,0
0037efc0,27efc0,A,32,7,call,1,r0,0,1,0,1,0,0
0037efe0,27efe0,A,252,63,prologue,2,r0,0,1,2,6,0,0
0037f0dc,27f0dc,A,8,2,ptr,0,r0,0,0,0,1,0,0
0037f0e4,27f0e4,A,8,2,ptr,0,r0,0,0,0,1,0,0
0037f0ec,27f0ec,A,12,3,ptr,1,r0,0,0,0,1,0,0
0037f0f8,27f0f8,A,8,2,ptr,1,r0,0,0,0,1,0,0
0037f100,27f100,A,8,2,ptr,1,r0,0,0,0,1,0,0
0037f108,27f108,A,8,2,ptr,1,r0,0,0,0,1,0,0
0037f110,27f110,A,16,4,ptr,1,r0,0,0,0,1,0,0
0037f120,27f120,A,24,6,ptr,4,r0,0,0,1,1,0,0
0037f138,27f138,A,24,6,ptr,4,r0,0,0,1,1,0,0
0037f150,27f150,A,24,6,ptr,4,r0,0,0,1,1,0,0
0037f168,27f168,A,16,3,ptr,2,r0,0,0,1,1,0,0
0037f178,27f178,A,28,7,ptr,1,r0,0,0,0,1,0,0
0037f194,27f194,A,8,2,ptr,1,r0,0,0,0,1,0,0
0037f19c,27f19c,A,52,13,ptr,1,r0,0,0,0,4,1,0
0037f1d0,27f1d0,A,8,2,ptr,1,r0,0,0,0,1,0,0
0037f1d8,27f1d8,A,40,10,ptr,1,r0,0,0,0,3,1,0
0037f204,27f204,A,44,10,ptr,1,r0,0,0,0,1,1,0
0037f230,27f230,A,8,2,ptr,1,r0,0,0,0,1,0,0
0037f238,27f238,A,16,4,call,1,r0:r1,0,1,0,1,0,0
0037f248,27f248,A,28,7,prologue,1,r0,0,1,0,1,1,0
0037f264,27f264,A,8,2,ptr,1,r0,0,0,0,1,0,0
0037f26c,27f26c,A,8,2,ptr,1,r0,0,0,0,1,0,0
0037f274,27f274,A,8,2,ptr,1,r0,0,0,0,1,0,0
0037f27c,27f27c,A,472,118,ptr,3,r0,0,0,1,25,11,0
0037f454,27f454,A,8,2,ptr,1,r0,0,0,0,1,0,0
0037f45c,27f45c,A,48,12,ptr,1,r0,0,0,2,4,0,0
0037f48c,27f48c,A,8,2,ptr,1,r0,0,0,0,1,0,0
0037f494,27f494,A,64,16,ptr,1,r0,0,0,0,4,0,0
0037f4d4,27f4d4,A,256,62,ptr,4,r0,0,0,5,12,0,0
0037f5d4,27f5d4,A,8,2,ptr,1,r0,0,0,0,1,0,0
0037f5dc,27f5dc,A,112,26,ptr,1,r0,0,0,4,6,0,0
0037f64c,27f64c,A,72,18,ptr,1,r0,0,0,0,3,2,0
0037f694,27f694,A,76,18,ptr,4,r0,0,0,4,3,0,0
0037f6e8,27f6e8,A,28,7,prologue,1,void,0,1,0,1,1,0
0037f704,27f704,A,8,2,ptr,1,r0,0,0,0,1,0,0
0037f70c,27f70c,A,8,2,ptr,1,r0,0,0,0,1,0,0
0037f714,27f714,A,28,7,ptr,1,r0,0,0,0,1,1,0
0037f730,27f730,A,8,2,ptr,1,r0,0,0,0,1,0,0
0037f738,27f738,A,20,5,ptr,1,r0,0,0,0,1,0,0
0037f74c,27f74c,A,16,4,ptr,1,r0,0,0,0,1,0,0
0037f75c,27f75c,A,16,4,ptr,1,r0,0,0,0,1,0,0
0037f76c,27f76c,A,16,4,ptr,1,r0,0,0,0,1,0,0
0037f77c,27f77c,A,16,4,ptr,1,r0,0,0,0,1,0,0
0037f78c,27f78c,A,16,4,ptr,1,r0,0,0,0,1,0,0
0037f79c,27f79c,A,52,13,ptr,1,r0,0,0,0,4,1,0
0037f7d0,27f7d0,A,160,40,ptr,1,r0,0,0,1,10,3,0
0037f870,27f870,A,28,7,ptr,1,r0,0,0,0,1,1,0
0037f88c,27f88c,A,16,4,ptr,0,r0,0,0,1,1,0,0
0037f89c,27f89c,A,8,2,ptr,1,r0,0,0,0,1,0,0
0037f8a4,27f8a4,A,52,13,ptr,1,r0,0,0,0,4,1,0
0037f8d8,27f8d8,A,88,22,ptr,1,r0,0,0,0,8,1,0
0037f930,27f930,A,28,7,ptr,1,r0,0,0,0,1,1,0
0037f94c,27f94c,A,208,52,ptr,1,r0,0,0,1,11,0,0
0037fa1c,27fa1c,A,8,2,ptr,1,r0,0,0,0,1,0,0
0037fa24,27fa24,A,244,56,ptr,1,r0,0,0,6,5,0,0
0037fb18,27fb18,A,48,12,ptr,1,r0,0,0,1,3,0,0
0037fb48,27fb48,A,208,52,ptr,1,r0,0,0,1,11,0,0
0037fc18,27fc18,A,92,21,ptr,0,r0,0,0,1,4,0,0
0037fc90,27fc90,A,28,8,ptr,0,r0,0,0,0,4,0,0
0037fcac,27fcac,A,244,56,ptr,1,r0,0,0,6,5,0,0
0037fda0,27fda0,A,28,7,call,2,r0,0,1,0,1,0,0
0037fdbc,27fdbc,A,32,8,ptr,1,r0,0,0,0,3,1,0
0037fddc,27fddc,A,76,19,ptr,1,r0,0,0,0,6,1,0
0037fe28,27fe28,A,28,7,ptr,1,r0,0,0,0,1,1,0
0037fe44,27fe44,A,64,16,ptr,1,r0,0,0,0,5,0,0
0037fe84,27fe84,A,96,24,ptr,1,r0,0,0,0,5,0,0
0037fee4,27fee4,A,64,16,ptr,1,r0,0,0,0,4,0,0
0037ff24,27ff24,A,148,37,prologue,4,void,0,1,1,10,0,0
0037ffb8,27ffb8,A,188,30,prologue,1,r0,0,1,4,9,1,0
00380030,280030,A,64,16,ptr,0,r0,0,0,2,3,0,0
00380074,280074,A,4,1,call,1,r0:r1,0,1,0,1,1,0
00380078,280078,A,20,5,prologue,1,r0,0,0,1,1,0,0
0038008c,28008c,A,48,12,call,1,r0,0,1,0,1,0,0
003800bc,2800bc,A,32,8,ptr,1,r0,0,0,0,3,1,0
003800dc,2800dc,A,64,16,ptr,1,r0,0,0,0,5,1,0
0038011c,28011c,A,228,57,ptr,1,r0,0,0,2,13,3,0
00380200,280200,A,8,2,ptr,0,r0,0,0,0,1,0,0
00380208,280208,A,8,2,ptr,0,r0,0,0,0,1,0,0
00380210,280210,A,8,2,ptr,0,r0,0,0,0,1,0,0
00380218,280218,A,20,5,ptr,1,r0,0,0,0,1,0,0
0038022c,28022c,A,8,2,ptr,1,r0,0,0,0,1,0,0
00380234,280234,A,16,4,ptr,2,void,0,0,0,1,0,0
00380244,280244,A,8,2,ptr,0,r0,0,0,0,1,0,0
0038024c,28024c,A,8,2,ptr,1,r0,0,0,0,1,0,0
00380254,280254,A,8,2,ptr,1,r0,0,0,0,1,0,0
0038025c,28025c,A,8,2,ptr,1,r0,0,0,0,1,0,0
00380264,280264,A,8,2,ptr,1,r0,0,0,0,1,0,0
0038026c,28026c,A,8,2,ptr,0,r0,0,0,0,1,0,0
00380274,280274,A,20,5,ptr,1,r0,0,0,0,1,0,0
00380288,280288,A,8,2,ptr,0,r0,0,0,0,1,0,0
00380290,280290,A,108,27,ptr,1,r0,0,0,1,6,0,0
003802fc,2802fc,A,76,19,prologue,4,r0,0,1,2,3,0,0
00380348,280348,A,8,2,ptr,1,r0,0,0,0,1,0,0
00380350,280350,A,8,2,ptr,1,r0,0,0,0,1,0,0
00380358,280358,A,12,3,ptr,1,r0,0,0,0,1,0,0
00380364,280364,A,108,27,ptr,2,r0,0,0,2,3,0,0
003803dc,2803dc,A,8,2,ptr,1,r0,0,0,0,1,0,0
003803e4,2803e4,A,52,13,ptr,2,r0,0,0,0,3,0,0
00380418,280418,A,8,2,ptr,0,r0,0,0,0,1,0,0
00380420,280420,A,236,57,ptr,1,r0,0,0,4,13,0,0
0038051c,28051c,A,24,6,call,1,r0,0,1,0,1,0,0
00380534,280534,A,52,13,ptr,1,r0,0,0,0,4,1,0
00380568,280568,A,8,2,ptr,1,r0,0,0,0,1,0,0
00380570,280570,A,40,10,ptr,1,r0,0,0,0,3,1,0
0038059c,28059c,A,16,4,call,1,r0:r1,0,1,0,1,0,0
003805ac,2805ac,A,16,4,call,1,r0:r1,0,1,0,1,0,0
003805bc,2805bc,A,8,2,ptr,1,r0,0,0,0,1,0,0
003805c4,2805c4,A,36,9,ptr,1,r0,0,0,0,3,1,0
003805e8,2805e8,A,8,2,ptr,1,r0,0,0,0,1,0,0
003805f0,2805f0,A,28,7,ptr,1,r0,0,0,0,1,1,0
0038060c,28060c,A,8,2,ptr,1,r0,0,0,0,1,0,0
00380614,280614,A,52,13,ptr,1,r0,0,0,0,4,1,0
00380648,280648,A,96,24,ptr,1,r0,0,0,0,8,1,0
003806a8,2806a8,A,28,7,ptr,1,r0,0,0,0,1,1,0
003806c4,2806c4,A,8,2,ptr,1,r0,0,0,0,1,0,0
003806cc,2806cc,A,36,8,ptr,1,r0,0,0,0,3,0,0
00380710,280710,A,52,13,ptr,1,r0,0,0,0,4,1,0
00380744,280744,A,96,24,ptr,1,r0,0,0,0,8,1,0
003807a4,2807a4,A,28,7,ptr,1,r0,0,0,0,1,1,0
003807c0,2807c0,A,8,2,ptr,1,r0,0,0,0,1,0,0
003807c8,2807c8,A,8,2,ptr,1,r0,0,0,0,1,0,0
003807d0,2807d0,A,8,2,ptr,1,r0,0,0,0,1,0,0
003807d8,2807d8,A,32,8,ptr,1,r0,0,0,0,1,0,0
003807f8,2807f8,A,8,2,ptr,1,r0,0,0,0,1,0,0
00380800,280800,A,8,2,ptr,1,r0,0,0,0,1,0,0
00380808,280808,A,44,10,ptr,1,r0,0,0,0,1,1,0
00380834,280834,A,8,2,ptr,1,r0,0,0,0,1,0,0
0038083c,28083c,A,8,2,ptr,1,r0,0,0,0,1,0,0
00380844,280844,A,8,2,ptr,1,r0,0,0,0,1,0,0
0038084c,28084c,A,8,2,ptr,1,r0,0,0,0,1,0,0
00380854,280854,A,32,8,ptr,1,r0,0,0,0,1,0,0
00380874,280874,A,8,2,ptr,1,r0,0,0,0,1,0,0
0038087c,28087c,A,12,3,ptr,0,r0,0,0,0,1,0,0
00380888,280888,A,8,2,ptr,1,r0,0,0,0,1,0,0
00380890,280890,A,36,9,ptr,1,r0,0,0,0,3,0,0
003808b4,2808b4,A,68,17,ptr,4,void,0,0,1,3,2,0
003808f8,2808f8,A,28,7,ptr,1,r0,0,0,0,1,0,0
00380914,280914,A,16,4,call,2,void,0,1,0,1,0,0
00380924,280924,A,88,22,ptr,1,r0,0,0,0,8,0,0
0038097c,28097c,A,8,2,ptr,1,r0,0,0,0,1,0,0
00380984,280984,A,60,15,ptr,4,r0,0,0,1,1,0,0
003809c0,2809c0,A,116,29,ptr,1,r0,0,0,0,10,0,0
00380a34,280a34,A,80,20,ptr,1,r0,0,0,0,8,0,0
00380a84,280a84,A,8,2,ptr,1,r0,0,0,0,1,0,0
00380ae8,280ae8,A,80,22,ptr,1,r0,0,0,0,7,1,0
00380b40,280b40,A,68,17,ptr,1,r0,0,0,1,5,1,0
00380b88,280b88,A,52,13,ptr,1,r0,0,0,0,4,1,0
00380bbc,280bbc,A,96,24,ptr,1,r0,0,0,0,8,1,0
00380c1c,280c1c,A,28,7,ptr,1,r0,0,0,0,1,1,0
00380c38,280c38,A,8,2,ptr,1,r0,0,0,0,1,0,0
00380c40,280c40,A,8,2,ptr,1,r0,0,0,0,1,0,0
00380c48,280c48,A,104,26,ptr,1,r0,0,0,0,6,3,0
00380cb0,280cb0,A,8,2,ptr,1,r0,0,0,0,1,0,0
00380cb8,280cb8,A,12,2,ptr,0,r0,0,0,0,1,0,0
00380cc4,280cc4,A,8,2,ptr,1,r0,0,0,0,1,0,0
00380ccc,280ccc,A,8,2,ptr,1,r0,0,0,0,1,0,0
00380cd4,280cd4,A,8,2,ptr,1,r0,0,0,0,1,0,0
00380cdc,280cdc,A,12,2,ptr,0,r0,0,0,0,1,0,0
00380ce8,280ce8,A,52,17,ptr,1,r0,0,0,0,8,0,0
00380d1c,280d1c,A,52,13,ptr,1,r0,0,0,0,4,0,0
00380d50,280d50,A,52,13,ptr,1,r0,0,0,0,4,0,0
00380d84,280d84,A,60,15,ptr,0,r0,0,0,2,4,0,0
00380dc0,280dc0,A,8,2,ptr,1,r0,0,0,0,1,0,0
00380dc8,280dc8,A,192,46,ptr,1,r0,0,0,5,11,0,0
00380e88,280e88,A,60,13,ptr,0,r0,0,0,3,3,0,0
00380ec4,280ec4,A,60,15,ptr,0,r0,0,0,2,4,0,0
00380f00,280f00,A,44,10,ptr,1,r0,0,0,0,1,1,0
00380f2c,280f2c,A,16,4,ptr,1,r0,0,0,0,1,0,0
00380f3c,280f3c,A,8,2,ptr,1,r0,0,0,0,1,0,0
00380f44,280f44,A,8,2,ptr,1,r0,0,0,0,1,0,0
00380f4c,280f4c,A,8,2,ptr,1,r0,0,0,0,1,0,0
00380f54,280f54,A,44,10,ptr,1,r0,0,0,0,1,1,0
00380f80,280f80,A,8,2,ptr,1,r0,0,0,0,1,0,0
00380f88,280f88,A,8,2,ptr,1,r0,0,0,0,1,0,0
00380f90,280f90,A,32,8,ptr,1,r0,0,0,1,1,0,0
00380fb0,280fb0,A,12,3,ptr,1,r0,0,0,0,1,0,0
00380fbc,280fbc,A,8,2,ptr,1,r0,0,0,0,1,0,0
00380fc4,280fc4,A,104,26,ptr,1,r0,0,0,0,7,0,0
0038102c,28102c,A,44,10,ptr,1,r0,0,0,0,1,1,0
00381058,281058,A,8,2,ptr,1,r0,0,0,0,1,0,0
00381060,281060,A,48,12,ptr,1,r0,0,0,0,3,0,0
00381090,281090,A,12,3,ptr,1,r0,0,0,0,1,0,0
0038109c,28109c,A,12,3,ptr,1,r0,0,0,0,1,0,0
003810a8,2810a8,A,12,3,ptr,1,r0,0,0,0,1,0,0
003810b4,2810b4,A,12,3,ptr,1,r0,0,0,0,1,0,0
003810c0,2810c0,A,60,15,ptr,0,r0,0,0,2,4,0,0
003810fc,2810fc,A,136,32,ptr,0,r0,0,0,3,7,0,0
003811c0,2811c0,A,60,15,ptr,0,r0,0,0,2,4,0,0
003811fc,2811fc,A,120,28,ptr,1,r0,0,0,3,6,1,0
00381274,281274,A,136,32,ptr,0,r0,0,0,3,7,0,0
003812fc,2812fc,A,60,13,ptr,0,void,0,0,3,3,0,0
00381338,281338,A,76,17,ptr,0,r0,0,0,2,3,0,0
00381388,281388,A,216,52,ptr,0,r0,0,0,4,9,0,0
00381468,281468,A,8,2,ptr,1,r0,0,0,0,1,0,0
00381470,281470,A,8,2,ptr,1,r0,0,0,0,1,0,0
00381478,281478,A,8,2,ptr,1,r0,0,0,0,1,0,0
00381480,281480,A,8,2,ptr,1,r0,0,0,0,1,0,0
00381488,281488,A,8,2,ptr,1,r0,0,0,0,1,0,0
00381490,281490,A,28,7,ptr,1,r0,0,0,0,1,1,0
003814b0,2814b0,A,108,27,ptr,1,r0,0,0,1,3,0,0
00381528,281528,A,12,3,ptr,1,r0,0,0,0,1,0,0
00381534,281534,A,12,3,ptr,1,r0,0,0,0,1,0,0
00381540,281540,A,184,43,ptr,4,r0,0,0,1,4,0,0
003815f8,2815f8,A,44,10,ptr,1,r0,0,0,1,1,0,0
00381624,281624,A,12,3,call,2,r0,0,1,0,1,0,0
00381630,281630,A,96,24,prologue,4,r0,0,1,1,6,0,0
00381690,281690,A,16,4,call,1,r0,0,1,0,1,0,0
003816a0,2816a0,A,12,3,call,1,r0,0,1,0,1,1,0
003816ac,2816ac,A,8,2,ptr,0,r0,0,0,0,1,0,0
003816b4,2816b4,A,44,10,prologue,2,r0:r1,0,1,0,1,0,0
00381700,281700,A,32,8,prologue,2,r0:r1,0,1,0,1,0,0
00381720,281720,A,44,10,prologue,1,r0,0,2,0,1,0,0
0038174c,28174c,A,12,3,call,1,r0,0,2,0,1,0,0
00381758,281758,A,8,2,ptr,0,r0,0,0,0,1,0,0
00381764,281764,A,20,5,ptr,4,r0,0,0,1,1,0,0
00381778,281778,A,8,2,ptr,0,r0,0,0,0,1,0,0
00381780,281780,A,256,60,ptr,1,r0,0,0,4,11,0,0
00381880,281880,A,8,2,ptr,0,r0,0,0,0,1,0,0
00381888,281888,A,8,2,ptr,0,r0,0,0,0,1,0,0
00381890,281890,A,8,2,ptr,1,r0,0,0,0,1,0,0
00381898,281898,A,8,2,ptr,1,r0,0,0,0,1,0,0
003818a0,2818a0,A,8,2,ptr,0,r0,0,0,0,1,0,0
003818a8,2818a8,A,56,13,ptr,1,r0,0,0,1,3,1,0
003818e0,2818e0,A,16,4,ptr,1,r0,0,0,0,1,0,0
003818f0,2818f0,A,20,5,call,1,r0,0,1,0,1,0,0
00381904,281904,A,268,65,prologue,1,void,0,1,10,7,0,0
00381a10,281a10,A,248,62,prologue,2,void,0,2,2,9,0,0
00381b08,281b08,A,16,4,call,1,r0:r1,0,1,0,1,0,0
00381b18,281b18,A,108,27,prologue,2,r0,0,1,1,5,0,0
00381b84,281b84,A,12,5,ptr,1,r0,0,0,0,2,0,0
00381b90,281b90,A,24,5,ptr,1,r0,0,0,0,1,0,0
00381ba8,281ba8,A,192,45,ptr,2,r0,0,0,1,3,2,0
00381c68,281c68,A,8,2,call,1,r0,0,1,0,1,1,0
00381c70,281c70,A,24,6,prologue,1,r0,0,0,0,1,0,0
00381c88,281c88,A,36,9,prologue,2,r0:r1,0,1,0,1,0,0
00381cac,281cac,A,12,2,ptr,0,r0,0,0,0,1,0,0
00381cb8,281cb8,A,36,9,prologue,1,r0,0,1,0,1,0,0
00381cdc,281cdc,A,36,8,ptr,1,void,0,0,0,1,0,0
00381d00,281d00,A,44,10,prologue,2,r0:r1,0,1,0,1,0,0
00381d2c,281d2c,A,108,26,prologue,1,r0:r1,0,1,0,5,0,0
00381d98,281d98,A,52,13,prologue,2,r0:r1,0,2,1,4,0,0
00381dcc,281dcc,A,32,7,call,1,r0,0,1,0,1,0,0
00381dec,281dec,A,104,25,prologue,1,r0,0,1,0,5,0,0
00381e54,281e54,A,36,9,prologue,2,r0:r1,0,1,0,1,0,0
00381e78,281e78,A,8,2,call,1,void,0,1,0,1,1,0
00381e80,281e80,A,16,4,prologue,1,void,0,0,1,1,0,0
00381e90,281e90,A,28,7,call,1,void,0,1,0,1,0,0
00381eac,281eac,A,16,4,call,1,r0,0,1,0,1,0,0
00381ebc,281ebc,A,16,4,call,1,void,0,2,0,1,0,0
00381ecc,281ecc,A,12,2,ptr,0,r0,0,0,0,1,0,0
00381ed8,281ed8,A,12,3,ptr,1,void,0,0,0,1,1,0
00381ee4,281ee4,A,8,2,ptr,0,r0,0,0,0,1,0,0
00381eec,281eec,A,8,2,ptr,0,r0,0,0,0,1,0,0
00381ef4,281ef4,A,152,38,prologue,1,void,0,2,2,4,0,0
00381f8c,281f8c,A,48,12,ptr,2,r0,0,0,3,1,0,0
00381fbc,281fbc,A,92,23,ptr,3,r0,0,0,3,1,0,0
00382018,282018,A,48,12,ptr,2,r0,0,0,3,1,0,0
00382048,282048,A,92,23,ptr,3,r0,0,0,3,1,0,0
003820a4,2820a4,A,48,12,ptr,2,r0,0,0,3,1,0,0
003820d4,2820d4,A,92,23,ptr,3,r0,0,0,3,1,0,0
00382130,282130,A,48,12,ptr,2,r0,0,0,3,1,0,0
00382160,282160,A,92,23,ptr,3,r0,0,0,3,1,0,0
003821bc,2821bc,A,36,9,ptr,3,r0,0,0,0,3,0,0
003821e0,2821e0,A,124,31,ptr,3,r0,0,0,0,9,0,0
0038225c,28225c,A,100,25,ptr,2,r0,0,0,1,5,2,0
003822c0,2822c0,A,12,3,ptr,1,void,0,0,0,1,1,0
003822cc,2822cc,A,20,5,ptr,2,r0,0,0,1,3,0,0
003822e0,2822e0,A,80,20,ptr,2,r0,0,0,1,4,0,0
00382334,282334,A,96,24,ptr,3,r0,0,0,2,7,0,0
00382394,282394,A,12,3,ptr,1,void,0,0,0,1,1,0
003823a0,2823a0,A,160,40,ptr,3,r0,0,0,1,11,1,0
00382440,282440,A,12,3,ptr,1,void,0,0,0,1,1,0
0038244c,28244c,A,12,3,ptr,1,void,0,0,0,1,1,0
00382458,282458,A,40,10,ptr,2,r0,0,0,0,1,0,0
00382480,282480,A,16,4,call,1,void,0,1,0,1,0,0
00382490,282490,A,16,4,call,1,void,0,1,0,1,0,0
003824a0,2824a0,A,24,6,call,2,void,0,1,0,1,0,0
003824b8,2824b8,A,24,6,call,4,r0,0,1,0,1,1,0
003824d0,2824d0,A,260,65,prologue,2,void,0,1,4,9,0,0
00382608,282608,A,12,3,call,0,void,0,1,0,1,1,0
00382614,282614,A,520,130,prologue,3,r0,0,0,2,24,0,0
0038287c,28287c,A,552,121,prologue,0,r0,0,1,3,16,0,0
00382ab0,282ab0,A,44,11,call,4,void,0,1,1,1,0,0
00382ae8,282ae8,A,48,12,call,4,void,0,1,1,1,0,0
00382b20,282b20,A,404,92,call,0,void,0,1,4,14,0,0
00382cd0,282cd0,A,4,1,call,0,void,0,2,0,1,0,0
00382cd4,282cd4,A,188,42,prologue,0,void,0,1,1,9,0,0
00385f68,285f68,A,2116,410,ptr,1,r0,542,0,3,79,1,0
003867ac,2867ac,A,472,99,prologue,0,r0,0,0,5,2,0,0
00386c04,286c04,A,84,19,prologue,0,r0,0,0,2,4,0,0
00386e88,286e88,A,104,20,prologue,1,r0,0,0,0,1,0,0
003873c0,2873c0,A,32,8,prologue,4,r0,0,0,1,1,0,0
00387a50,287a50,A,112,21,prologue,1,r0,0,0,0,1,0,0
00387ac0,287ac0,A,20,4,gapstart,0,r0,0,0,0,1,0,0
00387ad4,287ad4,A,20,4,gapstart,0,r0,0,0,0,1,0,0
00387af4,287af4,A,60,12,prologue,3,r0,0,0,2,1,0,0
00387b30,287b30,A,24,4,gapstart,0,r0,0,0,0,1,0,0
00387c70,287c70,A,96,20,prologue,1,r0,0,0,1,4,0,0
00388024,288024,A,96,20,prologue,1,r0,0,0,1,4,0,0
003882ec,2882ec,A,96,20,prologue,1,r0,0,0,1,4,0,0
0038834c,28834c,A,20,4,gapstart,0,r0,0,0,0,1,0,0
00388574,288574,A,96,20,prologue,1,r0,0,0,1,4,0,0
003885d8,2885d8,A,96,20,prologue,1,r0,0,0,1,4,0,0
00388844,288844,A,96,20,prologue,1,r0,0,0,1,4,0,0
00388a74,288a74,A,52,8,prologue,2,r0,0,0,2,1,0,0
00388e10,288e10,A,96,20,prologue,1,r0,0,0,1,4,0,0
00388e70,288e70,A,24,4,gapstart,0,r0,0,0,0,1,0,0
00388e88,288e88,A,24,4,gapstart,0,r0,0,0,0,1,0,0
00388ea0,288ea0,A,136,29,prologue,0,r0,0,0,1,1,0,0
003890e8,2890e8,A,96,20,prologue,1,r0,0,0,1,4,0,0
00389508,289508,A,84,15,prologue,2,r0,0,0,1,1,0,0
0038955c,28955c,A,24,4,gapstart,0,r0,0,0,0,1,0,0
00389574,289574,A,24,4,gapstart,0,r0,0,0,0,1,0,0
0038963c,28963c,A,856,138,prologue,0,r0,0,0,2,1,0,0
00389c88,289c88,A,236,40,prologue,4,void,0,0,2,1,0,0
00389d78,289d78,A,96,20,prologue,1,r0,0,0,1,4,0,0
00389e80,289e80,A,84,15,prologue,4,r0,0,0,1,1,0,0
00389ed4,289ed4,A,20,4,gapstart,0,r0,0,0,0,1,0,0
00389ee8,289ee8,A,20,4,gapstart,0,r0,0,0,0,1,0,0
00389efc,289efc,A,24,4,gapstart,0,r0,0,0,0,1,0,0
00389f14,289f14,A,24,4,gapstart,0,r0,0,0,0,1,0,0
00389f2c,289f2c,A,20,4,gapstart,0,r0,0,0,0,1,0,0
0038a3f0,28a3f0,A,840,134,prologue,0,r0,0,0,1,1,0,0
0038aa08,28aa08,A,212,46,prologue,0,r0,0,0,2,1,0,0
0038aadc,28aadc,A,28,4,gapstart,0,void,0,0,1,1,0,0
0038ab60,28ab60,A,96,20,prologue,1,r0,0,0,1,4,0,0
0038abc0,28abc0,A,24,4,gapstart,0,r0,0,0,0,1,0,0
0038abd8,28abd8,A,24,4,gapstart,0,r0,0,0,0,1,0,0
0038b070,28b070,A,924,180,prologue,0,r0,0,0,2,23,0,0
0038baf4,28baf4,A,64,15,prologue,0,void,0,1,1,4,0,0
0038bb34,28bb34,A,140,1,call,0,void,0,1,0,1,1,0
0038bb38,28bb38,A,140,33,prologue,1,r0,0,0,5,1,0,0
0038bbc4,28bbc4,A,8,2,call,2,r0:r1,0,1,0,1,0,0
0038bbcc,28bbcc,A,8,2,call,0,r0,0,2,0,1,0,0
0038bbd4,28bbd4,A,8,2,call,0,r0,0,2,0,1,0,0
0038bbdc,28bbdc,A,8,2,call,0,r0,0,1,0,1,0,0
0038bbe4,28bbe4,A,8,2,call,0,r0,0,1,0,1,0,0
0038bbec,28bbec,A,8,2,call,0,r0,0,1,0,1,0,0
0038bbf4,28bbf4,A,1268,308,prologue,4,void,0,1,2,50,0,0
0038c0e8,28c0e8,A,164,38,prologue,4,r0,0,1,3,8,0,0
0038c18c,28c18c,A,492,120,prologue,4,r0,2,1,10,22,0,0
0038c37c,28c37c,A,448,107,prologue,4,void,1,1,2,11,0,0
0038c53c,28c53c,A,472,115,prologue,4,void,0,1,1,32,1,0
0038c714,28c714,A,388,93,prologue,4,void,0,1,0,23,2,0
0038c898,28c898,A,1164,273,prologue,3,void,0,1,3,63,0,0
0038cd24,28cd24,A,544,132,call,3,void,0,2,0,35,0,0
0038cf44,28cf44,A,24,6,prologue,2,void,0,2,1,1,0,0
0038cf5c,28cf5c,A,820,200,call,3,void,0,1,0,56,0,0
0038d290,28d290,A,728,177,call,3,void,0,1,0,50,0,0
0038d568,28d568,A,56,14,call,1,void,0,1,1,1,0,0
0038d5a8,28d5a8,A,284,70,ptr,3,r0,0,0,1,12,3,0
0038d6c4,28d6c4,A,24,5,call,0,void,0,1,0,1,0,0
0038d6dc,28d6dc,A,40,10,ptr,3,r0,0,0,0,3,0,0
0038d704,28d704,A,44,9,prologue,2,void,0,1,0,1,0,0
0038d730,28d730,A,76,18,prologue,1,void,0,1,0,3,3,0
0038d77c,28d77c,A,268,65,ptr,3,r0,0,0,1,10,2,0
0038d888,28d888,A,80,19,prologue,1,r0,0,1,0,4,1,0
0038d8d8,28d8d8,A,24,5,call,0,void,0,1,0,1,0,0
0038d8f0,28d8f0,A,44,9,prologue,2,void,0,1,0,1,0,0
0038d91c,28d91c,A,104,25,ptr,3,r0,0,0,0,4,1,0
0038d984,28d984,A,32,7,prologue,0,void,0,1,0,1,0,0
0038d9a4,28d9a4,A,40,10,ptr,3,r0,0,0,0,3,0,0
0038d9cc,28d9cc,A,68,15,prologue,2,void,0,1,1,1,0,0
0038da10,28da10,A,64,15,prologue,1,void,0,1,0,3,2,0
0038da50,28da50,A,288,71,ptr,4,r0,0,0,2,12,2,0
0038db70,28db70,A,288,71,ptr,4,r0,0,0,1,12,6,0
0038dc90,28dc90,A,40,8,call,0,void,0,1,0,1,0,0
0038dcb8,28dcb8,A,232,57,ptr,2,r0,0,0,4,5,0,0
0038dda0,28dda0,A,64,15,ptr,2,r0,0,0,2,3,0,0
0038dde0,28dde0,A,20,5,ptr,1,r0,0,0,0,1,0,0
0038ddf4,28ddf4,A,56,11,prologue,2,void,0,1,1,1,0,0
0038de2c,28de2c,A,124,30,ptr,1,r0,0,0,2,5,0,0
0038dea8,28dea8,A,80,19,prologue,1,void,0,1,1,3,3,0
0038def8,28def8,A,192,47,ptr,2,r0,0,0,4,5,0,0
0038dfb8,28dfb8,A,520,123,prologue,3,void,0,1,3,37,8,0
0038e1c0,28e1c0,A,24,5,call,0,void,0,1,0,1,0,0
0038e1d8,28e1d8,A,12,3,call,1,void,0,1,0,3,1,0
0038e1e4,28e1e4,A,240,60,prologue,3,r0,0,0,1,12,0,0
0038e2d4,28e2d4,A,44,9,prologue,2,void,0,1,0,1,0,0
0038e300,28e300,A,4,1,call,1,r0,0,1,0,1,1,0
0038e304,28e304,A,228,54,prologue,1,r0,0,0,1,27,0,0
0038e3e8,28e3e8,A,12,3,call,1,r0,0,2,0,3,1,0
0038e3f4,28e3f4,A,56,14,prologue,1,r0,0,0,2,3,0,0
0038e42c,28e42c,A,4,7,call,2,void,0,1,0,3,0,0
0038e430,28e430,A,16,4,call,1,r0,0,1,0,1,0,0
0038e440,28e440,A,508,126,call,3,r0,0,2,1,42,0,0
0038e63c,28e63c,A,484,121,call,3,r0:r1,0,1,1,42,0,0
0038e820,28e820,A,672,167,call,3,r0,0,1,1,50,0,0
0038eac0,28eac0,A,12,3,call,3,r0,0,1,0,3,1,0
0038eacc,28eacc,A,568,141,prologue,4,r0,0,0,1,48,0,0
0038ed04,28ed04,A,536,131,call,3,r0,0,1,0,39,0,0
0038ef1c,28ef1c,A,344,85,call,2,r0:r1,0,1,0,26,0,0
0038f074,28f074,A,160,37,prologue,2,void,0,1,4,8,0,0
0038f114,28f114,A,96,22,prologue,2,void,0,1,3,5,0,0
0038f174,28f174,A,8,2,call,0,void,0,1,0,1,1,0
0038f17c,28f17c,A,16,4,prologue,4,r0,0,0,0,1,0,0
0038f18c,28f18c,A,80,21,call,1,void,0,1,0,4,1,0
0038f1dc,28f1dc,A,36,8,call,2,void,0,2,0,1,0,0
0038f200,28f200,A,452,2,call,1,void,0,2,0,1,1,0
0038f208,28f208,A,2176,90,prologue,3,r0,0,0,1,29,0,0
0038f3d8,28f3d8,A,4,1,call,1,r0,0,1,0,1,1,0
0038f3dc,28f3dc,A,68,17,prologue,1,r0,0,0,1,7,0,0
0038f4ac,28f4ac,A,168,38,call,4,void,0,1,0,4,0,0
0038f554,28f554,A,4,1,call,2,void,0,1,1,1,0,0
0038f558,28f558,A,1324,325,prologue,4,r0,3,1,7,69,0,0
0038fa88,28fa88,A,8,2,call,1,void,0,1,0,3,1,0
0038fa90,28fa90,A,112,27,prologue,2,r0,0,0,3,5,0,0
0038fb18,28fb18,A,16,4,call,1,r0,0,1,0,1,0,0
0038fb28,28fb28,A,36,9,call,1,void,0,1,0,3,0,0
0038fb4c,28fb4c,A,4,1,call,1,r0:r1,0,2,0,1,1,0
0038fb50,28fb50,A,76,18,prologue,0,r0,0,0,1,3,0,0
0038fb9c,28fb9c,A,400,96,prologue,2,r0,0,1,0,23,6,0
0038fd2c,28fd2c,A,216,33,call,3,void,0,2,0,14,0,0
0038fe04,28fe04,A,336,83,call,2,void,0,1,0,9,0,0
0038ff54,28ff54,A,192,47,call,1,r0:r1,0,1,0,14,0,0
00390014,290014,A,16,4,gapstart,2,r0,0,0,0,1,0,0
00390024,290024,A,16,4,gapstart,2,r0,0,0,0,1,0,0
00390034,290034,A,12,3,gapstart,2,void,0,0,0,1,1,0
00390044,290044,A,128,32,prologue,2,r0:r1,0,2,4,5,0,0
003900c4,2900c4,A,8,2,ptr,2,r0,0,0,1,1,0,0
003900cc,2900cc,A,220,55,prologue,4,r0:r1,0,2,1,10,0,0
003901a8,2901a8,A,212,53,prologue,4,r0:r1,0,1,1,10,0,0
0039027c,29027c,A,644,161,prologue,4,r0,0,1,4,33,0,0
00390500,290500,A,216,54,prologue,1,r0,0,1,1,10,0,0
003905d8,2905d8,A,720,180,prologue,4,r0,0,1,7,43,0,0
003908a8,2908a8,A,216,54,prologue,1,r0,0,1,1,10,0,0
00390980,290980,A,52,13,call,1,r0:r1,0,1,0,5,0,0
003909b4,2909b4,A,36,9,call,1,r0,0,1,0,1,0,0
003909d8,2909d8,A,36,9,call,1,r0:r1,0,1,0,1,0,0
003909fc,2909fc,A,92,23,prologue,1,r0,0,0,1,6,1,0
00390a58,290a58,A,92,23,prologue,1,r0,0,0,1,6,1,0
00390ab4,290ab4,A,92,23,prologue,1,r0,0,0,1,6,1,0
00390b10,290b10,A,92,23,prologue,1,r0,0,0,1,6,1,0
00390b6c,290b6c,A,92,23,prologue,1,r0,0,0,1,6,1,0
00390bc8,290bc8,A,92,23,prologue,1,r0,0,0,1,6,1,0
00390c24,290c24,A,92,23,prologue,1,r0,0,0,1,6,1,0
00390c80,290c80,A,92,23,prologue,1,r0,0,0,1,6,1,0
00390cdc,290cdc,A,92,23,prologue,1,r0,0,0,1,6,1,0
00390d38,290d38,A,92,23,prologue,1,r0,0,0,1,6,1,0
00390d94,290d94,A,92,23,prologue,1,r0,0,0,1,6,1,0
00390df0,290df0,A,92,23,prologue,1,r0,0,0,1,6,1,0
00390e4c,290e4c,A,92,23,prologue,1,r0,0,0,1,6,1,0
00390ea8,290ea8,A,92,23,prologue,1,r0,0,0,1,6,1,0
00390f04,290f04,A,24,6,gapstart,1,void,0,0,0,1,0,0
00390f1c,290f1c,A,24,6,gapstart,1,void,0,0,0,1,0,0
00390f34,290f34,A,24,6,gapstart,1,void,0,0,0,1,0,0
00390f4c,290f4c,A,24,6,gapstart,1,void,0,0,0,1,0,0
00390f64,290f64,A,24,6,gapstart,1,void,0,0,0,1,0,0
00390f7c,290f7c,A,24,6,gapstart,1,void,0,0,0,1,0,0
00390f94,290f94,A,612,148,prologue,2,void,0,1,2,29,2,0
003911f8,2911f8,A,180,45,prologue,2,r0:r1,0,1,2,11,2,0
003912ac,2912ac,A,356,88,prologue,3,void,0,1,2,20,5,0
00391410,291410,A,20,5,gapstart,1,void,0,0,0,1,0,0
00391424,291424,A,184,46,prologue,1,r0,0,0,1,11,4,0
003914dc,2914dc,A,356,88,prologue,3,r0:r1,0,1,2,20,5,0
00391640,291640,A,116,28,ptr,1,r0,0,0,0,5,1,0
003916b4,2916b4,A,312,78,prologue,4,void,6,1,3,7,0,0
003917ec,2917ec,A,132,33,ptr,3,r0,0,0,0,3,0,0
00391870,291870,A,4,1,call,1,void,0,1,0,1,1,0
00391874,291874,A,1992,488,prologue,3,r0,0,0,2,54,0,0
0039203c,29203c,A,100,25,ptr,1,r0,0,0,4,5,0,0
003920a0,2920a0,A,100,25,ptr,1,r0,0,0,4,5,0,0
00392104,292104,A,28,7,gapstart,1,void,0,0,0,1,0,0
00392124,292124,A,136,34,ptr,1,r0,0,0,0,8,0,0
003921ac,2921ac,A,136,34,ptr,1,r0,0,0,0,8,0,0
00392234,292234,A,176,44,ptr,1,r0,0,0,0,8,0,0
003922e4,2922e4,A,240,60,ptr,1,r0,0,0,1,8,0,0
003923d8,2923d8,A,176,44,ptr,1,r0,0,0,0,8,0,0
00392488,292488,A,52,13,ptr,1,r0,0,0,1,1,0,0
003924bc,2924bc,A,40,10,ptr,1,r0,0,0,1,1,0,0
003924e4,2924e4,A,16,4,ptr,1,r0,0,0,1,1,0,0
003924f4,2924f4,A,48,12,ptr,1,r0,0,0,1,1,0,0
00392524,292524,A,44,11,ptr,1,r0,0,0,1,1,0,0
00392550,292550,A,16,4,ptr,1,r0,0,0,1,1,0,0
00392560,292560,A,392,98,ptr,1,r0,0,0,1,10,0,0
003926f0,2926f0,A,248,62,ptr,1,r0,0,0,0,10,0,0
003927ec,2927ec,A,232,58,ptr,1,r0,0,0,1,4,0,0
003928d8,2928d8,A,208,52,ptr,1,r0,0,0,1,4,0,0
003929b0,2929b0,A,108,27,ptr,1,r0,0,0,1,3,0,0
00392a20,292a20,A,220,55,ptr,1,r0,0,0,1,4,0,0
00392b00,292b00,A,208,52,ptr,1,r0,0,0,1,4,0,0
00392bd4,292bd4,A,108,27,ptr,1,r0,0,0,1,3,0,0
00392c44,292c44,A,276,69,ptr,1,r0,0,0,2,3,0,0
00392d5c,292d5c,A,236,59,ptr,1,r0,0,0,2,3,0,0
00392e50,292e50,A,104,26,ptr,1,r0,0,0,2,3,0,0
00392eb8,292eb8,A,276,69,ptr,1,r0,0,0,2,3,0,0
00392fd0,292fd0,A,240,60,ptr,1,r0,0,0,2,3,0,0
003930c4,2930c4,A,100,25,ptr,1,r0,0,0,2,3,0,0
00393128,293128,A,456,112,prologue,4,void,1,1,5,19,0,0
003932f4,2932f4,A,120,30,prologue,3,void,0,1,2,1,0,0
00393370,293370,A,180,43,prologue,3,void,0,1,3,3,0,0
00393424,293424,A,1240,307,prologue,3,void,0,2,6,35,6,0
00393900,293900,A,204,51,ptr,3,r0,0,0,1,9,1,0
003939cc,2939cc,A,468,117,ptr,4,r0,0,1,2,9,1,0
00393ba8,293ba8,A,2928,731,prologue,4,void,0,2,1,180,0,0
00394718,294718,A,3048,761,prologue,4,void,0,2,1,180,0,0
00395300,295300,A,1880,470,prologue,4,void,0,1,2,90,0,0
00395f68,295f68,A,732,444,ptr,3,r0,10,0,1,93,0,0
00396244,296244,A,276,68,prologue,1,r0,0,2,0,10,4,0
00396358,296358,A,1640,410,prologue,3,void,0,2,1,80,0,0
003969c0,2969c0,A,420,105,prologue,4,void,0,2,2,18,2,0
00396b64,296b64,A,8,2,call,2,void,0,2,0,3,1,0
00396b6c,296b6c,A,152,38,prologue,2,r0,0,0,1,7,2,0
00396c04,296c04,A,804,201,prologue,4,void,1,1,1,34,0,0
00396f28,296f28,A,1832,458,prologue,4,void,0,1,1,91,0,0
00397650,297650,A,8,2,call,2,void,0,2,0,3,1,0
00397658,297658,A,52,13,prologue,2,r0,0,0,1,3,0,0
0039768c,29768c,A,1844,461,prologue,4,void,0,1,1,92,0,0
00397dc0,297dc0,A,8,2,call,2,void,0,2,0,3,1,0
00397dc8,297dc8,A,52,13,prologue,2,r0,0,0,1,3,0,0
00397dfc,297dfc,A,932,233,prologue,4,void,1,1,1,37,0,0
003981a0,2981a0,A,1832,458,prologue,4,void,0,1,1,91,0,0
003988c8,2988c8,A,8,2,call,2,void,0,2,0,3,1,0
003988d0,2988d0,A,52,13,prologue,2,r0,0,0,1,3,0,0
00398904,298904,A,932,233,prologue,4,void,1,1,1,37,0,0
00398ca8,298ca8,A,1844,461,prologue,4,void,0,1,1,92,0,0
003993dc,2993dc,A,8,2,call,2,void,0,2,0,3,1,0
003993e4,2993e4,A,52,13,prologue,2,r0,0,0,1,3,0,0
00399418,299418,A,916,229,prologue,4,void,1,1,1,37,0,0
003997ac,2997ac,A,1844,461,prologue,4,void,0,1,1,92,0,0
00399ee0,299ee0,A,8,2,call,2,void,0,2,0,3,1,0
00399ee8,299ee8,A,52,13,prologue,2,r0,0,0,1,3,0,0
00399f1c,299f1c,A,916,229,prologue,4,void,1,1,1,37,0,0
0039a2b0,29a2b0,A,1844,461,prologue,4,void,0,1,1,92,0,0
0039a9e4,29a9e4,A,8,2,call,2,void,0,2,0,3,1,0
0039a9ec,29a9ec,A,52,13,prologue,2,r0,0,0,1,3,0,0
0039aa20,29aa20,A,916,229,prologue,4,void,1,1,1,37,0,0
0039adb4,29adb4,A,704,174,prologue,1,r0,0,2,4,38,5,0
0039b074,29b074,A,40,9,prologue,1,r0,0,0,1,1,0,0
0039b09c,29b09c,A,36,9,gapstart,1,void,0,0,0,3,1,0
0039b0c0,29b0c0,A,16,4,gapstart,1,r0,0,0,1,3,0,0
0039b0d0,29b0d0,A,40,9,prologue,1,r0,0,0,1,1,0,0
0039b0f8,29b0f8,A,36,9,gapstart,1,void,0,0,0,3,1,0
0039b11c,29b11c,A,16,4,gapstart,1,r0,0,0,1,3,0,0
0039b12c,29b12c,A,40,9,prologue,1,r0,0,0,1,1,0,0
0039b154,29b154,A,36,9,gapstart,1,void,0,0,0,3,1,0
0039b178,29b178,A,16,4,gapstart,1,r0,0,0,1,3,0,0
0039b188,29b188,A,40,9,prologue,1,r0,0,0,1,1,0,0
0039b1b0,29b1b0,A,36,9,gapstart,1,void,0,0,0,3,1,0
0039b1d4,29b1d4,A,16,4,gapstart,1,r0,0,0,1,3,0,0
0039b1e4,29b1e4,A,40,9,prologue,1,r0,0,0,1,1,0,0
0039b20c,29b20c,A,36,9,gapstart,1,void,0,0,0,3,1,0
0039b230,29b230,A,16,4,gapstart,1,r0,0,0,1,3,0,0
0039b240,29b240,A,40,9,prologue,1,r0,0,0,1,1,0,0
0039b268,29b268,A,36,9,gapstart,1,void,0,0,0,3,1,0
0039b28c,29b28c,A,16,4,gapstart,1,r0,0,0,1,3,0,0
0039b29c,29b29c,A,40,9,prologue,1,r0,0,0,1,1,0,0
0039b2c4,29b2c4,A,36,9,gapstart,1,void,0,0,0,3,1,0
0039b2e8,29b2e8,A,16,4,gapstart,1,r0,0,0,1,3,0,0
0039b2f8,29b2f8,A,40,9,prologue,1,r0,0,0,1,1,0,0
0039b320,29b320,A,36,9,gapstart,1,void,0,0,0,3,1,0
0039b344,29b344,A,16,4,gapstart,1,r0,0,0,1,3,0,0
0039b354,29b354,A,40,9,prologue,1,r0,0,0,1,1,0,0
0039b37c,29b37c,A,36,9,gapstart,1,void,0,0,0,3,1,0
0039b3a0,29b3a0,A,16,4,gapstart,1,r0,0,0,1,3,0,0
0039b3b0,29b3b0,A,40,9,prologue,1,r0,0,0,1,1,0,0
0039b3d8,29b3d8,A,36,9,gapstart,1,void,0,0,0,3,1,0
0039b3fc,29b3fc,A,16,4,gapstart,1,r0,0,0,1,3,0,0
0039b40c,29b40c,A,40,9,prologue,1,r0,0,0,1,1,0,0
0039b434,29b434,A,36,9,gapstart,1,void,0,0,0,3,1,0
0039b458,29b458,A,16,4,gapstart,1,r0,0,0,1,3,0,0
0039b468,29b468,A,40,9,prologue,1,r0,0,0,1,1,0,0
0039b490,29b490,A,36,9,gapstart,1,void,0,0,0,3,1,0
0039b4b4,29b4b4,A,16,4,gapstart,1,r0,0,0,1,3,0,0
0039b4c4,29b4c4,A,40,9,prologue,1,r0,0,0,1,1,0,0
0039b4ec,29b4ec,A,36,9,gapstart,1,void,0,0,0,3,1,0
0039b510,29b510,A,16,4,gapstart,1,r0,0,0,1,3,0,0
0039b520,29b520,A,40,9,prologue,1,r0,0,0,1,1,0,0
0039b548,29b548,A,36,9,gapstart,1,void,0,0,0,3,1,0
0039b56c,29b56c,A,16,4,gapstart,1,r0,0,0,1,3,0,0
0039b57c,29b57c,A,40,9,prologue,1,r0,0,0,1,1,0,0
0039b5a4,29b5a4,A,36,9,gapstart,1,void,0,0,0,3,1,0
0039b5c8,29b5c8,A,16,4,gapstart,1,r0,0,0,1,3,0,0
0039b5d8,29b5d8,A,40,9,prologue,1,r0,0,0,1,1,0,0
0039b600,29b600,A,36,9,gapstart,1,void,0,0,0,3,1,0
0039b624,29b624,A,16,4,gapstart,1,r0,0,0,1,3,0,0
0039b634,29b634,A,40,9,prologue,1,r0,0,0,1,1,0,0
0039b65c,29b65c,A,36,9,gapstart,1,void,0,0,0,3,1,0
0039b680,29b680,A,16,4,gapstart,1,r0,0,0,1,3,0,0
0039b690,29b690,A,40,9,prologue,1,r0,0,0,1,1,0,0
0039b6b8,29b6b8,A,36,9,gapstart,1,void,0,0,0,3,1,0
0039b6dc,29b6dc,A,16,4,gapstart,1,r0,0,0,1,3,0,0
0039b6ec,29b6ec,A,40,9,prologue,1,r0,0,0,1,1,0,0
0039b714,29b714,A,36,9,gapstart,1,void,0,0,0,3,1,0
0039b738,29b738,A,16,4,gapstart,1,r0,0,0,1,3,0,0
0039b748,29b748,A,40,9,prologue,1,r0,0,0,1,1,0,0
0039b770,29b770,A,44,11,gapstart,1,void,0,0,0,3,1,0
0039b79c,29b79c,A,16,4,gapstart,1,r0,0,0,1,3,0,0
0039b7ac,29b7ac,A,40,9,prologue,1,r0,0,0,1,1,0,0
0039b7d4,29b7d4,A,36,9,gapstart,1,void,0,0,0,3,1,0
0039b7f8,29b7f8,A,16,4,gapstart,1,r0,0,0,1,3,0,0
0039b808,29b808,A,40,9,prologue,1,r0,0,0,1,1,0,0
0039b830,29b830,A,36,9,gapstart,1,void,0,0,0,3,1,0
0039b854,29b854,A,16,4,gapstart,1,r0,0,0,1,3,0,0
0039b864,29b864,A,40,9,prologue,1,r0,0,0,1,1,0,0
0039b88c,29b88c,A,44,11,gapstart,1,void,0,0,0,3,1,0
0039b8b8,29b8b8,A,16,4,gapstart,1,r0,0,0,1,3,0,0
0039b8c8,29b8c8,A,40,9,prologue,1,r0,0,0,1,1,0,0
0039b8f0,29b8f0,A,44,11,gapstart,1,void,0,0,0,3,1,0
0039b91c,29b91c,A,16,4,gapstart,1,r0,0,0,1,3,0,0
0039b92c,29b92c,A,40,9,prologue,1,r0,0,0,1,1,0,0
0039b954,29b954,A,36,9,gapstart,1,void,0,0,0,3,1,0
0039b978,29b978,A,16,4,gapstart,1,r0,0,0,1,3,0,0
0039b988,29b988,A,40,9,prologue,1,r0,0,0,1,1,0,0
0039b9b0,29b9b0,A,36,9,gapstart,1,void,0,0,0,3,1,0
0039b9d4,29b9d4,A,16,4,gapstart,1,r0,0,0,1,3,0,0
0039b9e4,29b9e4,A,40,9,prologue,1,r0,0,0,1,1,0,0
0039ba0c,29ba0c,A,36,9,gapstart,1,void,0,0,0,3,1,0
0039ba30,29ba30,A,16,4,gapstart,1,r0,0,0,1,3,0,0
0039ba40,29ba40,A,40,9,prologue,1,r0,0,0,1,1,0,0
0039ba68,29ba68,A,36,9,gapstart,1,void,0,0,0,3,1,0
0039ba8c,29ba8c,A,16,4,gapstart,1,r0,0,0,1,3,0,0
0039ba9c,29ba9c,A,40,9,prologue,1,r0,0,0,1,1,0,0
0039bac4,29bac4,A,36,9,gapstart,1,void,0,0,0,3,1,0
0039bae8,29bae8,A,16,4,gapstart,1,r0,0,0,1,3,0,0
0039baf8,29baf8,A,40,9,prologue,1,r0,0,0,1,1,0,0
0039bb20,29bb20,A,36,9,gapstart,1,void,0,0,0,3,1,0
0039bb44,29bb44,A,16,4,gapstart,1,r0,0,0,1,3,0,0
0039bb54,29bb54,A,40,9,prologue,1,r0,0,0,1,1,0,0
0039bb7c,29bb7c,A,36,9,gapstart,1,void,0,0,0,3,1,0
0039bba0,29bba0,A,16,4,gapstart,1,r0,0,0,1,3,0,0
0039bbb0,29bbb0,A,40,9,prologue,1,r0,0,0,1,1,0,0
0039bbd8,29bbd8,A,36,9,gapstart,1,void,0,0,0,3,1,0
0039bbfc,29bbfc,A,16,4,gapstart,1,r0,0,0,1,3,0,0
0039bc0c,29bc0c,A,40,9,prologue,1,r0,0,0,1,1,0,0
0039bc34,29bc34,A,36,9,gapstart,1,void,0,0,0,3,1,0
0039bc58,29bc58,A,16,4,gapstart,1,r0,0,0,1,3,0,0
0039bc68,29bc68,A,40,9,prologue,1,r0,0,0,1,1,0,0
0039bc90,29bc90,A,36,9,gapstart,1,void,0,0,0,3,1,0
0039bcb4,29bcb4,A,16,4,gapstart,1,r0,0,0,1,3,0,0
0039bcc4,29bcc4,A,40,9,prologue,1,r0,0,0,1,1,0,0
0039bcec,29bcec,A,36,9,gapstart,1,void,0,0,0,3,1,0
0039bd10,29bd10,A,16,4,gapstart,1,r0,0,0,1,3,0,0
0039bd20,29bd20,A,40,9,prologue,1,r0,0,0,1,1,0,0
0039bd48,29bd48,A,36,9,gapstart,1,void,0,0,0,3,1,0
0039bd6c,29bd6c,A,16,4,gapstart,1,r0,0,0,1,3,0,0
0039bd7c,29bd7c,A,40,9,prologue,1,r0,0,0,1,1,0,0
0039bda4,29bda4,A,36,9,gapstart,1,void,0,0,0,3,1,0
0039bdc8,29bdc8,A,16,4,gapstart,1,r0,0,0,1,3,0,0
0039bdd8,29bdd8,A,40,9,prologue,1,r0,0,0,1,1,0,0
0039be00,29be00,A,36,9,gapstart,1,void,0,0,0,3,1,0
0039be24,29be24,A,16,4,gapstart,1,r0,0,0,1,3,0,0
0039be34,29be34,A,40,9,prologue,1,r0,0,0,1,1,0,0
0039be5c,29be5c,A,36,9,gapstart,1,void,0,0,0,3,1,0
0039be80,29be80,A,16,4,gapstart,1,r0,0,0,1,3,0,0
0039be90,29be90,A,40,9,prologue,1,r0,0,0,1,1,0,0
0039beb8,29beb8,A,36,9,gapstart,1,void,0,0,0,3,1,0
0039bedc,29bedc,A,16,4,gapstart,1,r0,0,0,1,3,0,0
0039beec,29beec,A,40,9,prologue,1,r0,0,0,1,1,0,0
0039bf14,29bf14,A,36,9,gapstart,1,void,0,0,0,3,1,0
0039bf38,29bf38,A,16,4,gapstart,1,r0,0,0,1,3,0,0
0039bf48,29bf48,A,40,9,prologue,1,r0,0,0,1,1,0,0
0039bf70,29bf70,A,36,9,gapstart,1,void,0,0,0,3,1,0
0039bf94,29bf94,A,16,4,gapstart,1,r0,0,0,1,3,0,0
0039bfa4,29bfa4,A,40,9,prologue,1,r0,0,0,1,1,0,0
0039bfcc,29bfcc,A,36,9,gapstart,1,void,0,0,0,3,1,0
0039bff0,29bff0,A,16,4,gapstart,1,r0,0,0,1,3,0,0
0039c000,29c000,A,40,9,prologue,1,r0,0,0,1,1,0,0
0039c028,29c028,A,36,9,gapstart,1,void,0,0,0,3,1,0
0039c04c,29c04c,A,16,4,gapstart,1,r0,0,0,1,3,0,0
0039c05c,29c05c,A,40,9,prologue,1,r0,0,0,1,1,0,0
0039c084,29c084,A,36,9,gapstart,1,void,0,0,0,3,1,0
0039c0a8,29c0a8,A,16,4,gapstart,1,r0,0,0,1,3,0,0
0039c0b8,29c0b8,A,40,9,prologue,1,r0,0,0,1,1,0,0
0039c0e0,29c0e0,A,36,9,gapstart,1,void,0,0,0,3,1,0
0039c104,29c104,A,16,4,gapstart,1,r0,0,0,1,3,0,0
0039c114,29c114,A,40,9,prologue,1,r0,0,0,1,1,0,0
0039c13c,29c13c,A,36,9,gapstart,1,void,0,0,0,3,1,0
0039c160,29c160,A,16,4,gapstart,1,r0,0,0,1,3,0,0
0039c170,29c170,A,40,9,prologue,1,r0,0,0,1,1,0,0
0039c198,29c198,A,36,9,gapstart,1,void,0,0,0,3,1,0
0039c1bc,29c1bc,A,16,4,gapstart,1,r0,0,0,1,3,0,0
0039c1cc,29c1cc,A,40,9,prologue,1,r0,0,0,1,1,0,0
0039c1f4,29c1f4,A,36,9,gapstart,1,void,0,0,0,3,1,0
0039c218,29c218,A,16,4,gapstart,1,r0,0,0,1,3,0,0
0039c228,29c228,A,40,9,prologue,1,r0,0,0,1,1,0,0
0039c250,29c250,A,36,9,gapstart,1,void,0,0,0,3,1,0
0039c274,29c274,A,16,4,gapstart,1,r0,0,0,1,3,0,0
0039c284,29c284,A,40,9,prologue,1,r0,0,0,1,1,0,0
0039c2ac,29c2ac,A,36,9,gapstart,1,void,0,0,0,3,1,0
0039c2d0,29c2d0,A,16,4,gapstart,1,r0,0,0,1,3,0,0
0039c2e0,29c2e0,A,40,9,prologue,1,r0,0,0,1,1,0,0
0039c308,29c308,A,36,9,gapstart,1,void,0,0,0,3,1,0
0039c32c,29c32c,A,16,4,gapstart,1,r0,0,0,1,3,0,0
0039c33c,29c33c,A,40,9,prologue,1,r0,0,0,1,1,0,0
0039c364,29c364,A,36,9,gapstart,1,void,0,0,0,3,1,0
0039c388,29c388,A,16,4,gapstart,1,r0,0,0,1,3,0,0
0039c398,29c398,A,40,9,prologue,1,r0,0,0,1,1,0,0
0039c3c0,29c3c0,A,36,9,gapstart,1,void,0,0,0,3,1,0
0039c3e4,29c3e4,A,16,4,gapstart,1,r0,0,0,1,3,0,0
0039c3f4,29c3f4,A,40,9,prologue,1,r0,0,0,1,1,0,0
0039c41c,29c41c,A,36,9,gapstart,1,void,0,0,0,3,1,0
0039c440,29c440,A,16,4,gapstart,1,r0,0,0,1,3,0,0
0039c450,29c450,A,40,9,prologue,1,r0,0,0,1,1,0,0
0039c478,29c478,A,36,9,gapstart,1,void,0,0,0,3,1,0
0039c49c,29c49c,A,16,4,gapstart,1,r0,0,0,1,3,0,0
0039c4ac,29c4ac,A,40,9,prologue,1,r0,0,0,1,1,0,0
0039c4d4,29c4d4,A,36,9,gapstart,1,void,0,0,0,3,1,0
0039c4f8,29c4f8,A,16,4,gapstart,1,r0,0,0,1,3,0,0
0039c508,29c508,A,40,9,prologue,1,r0,0,0,1,1,0,0
0039c530,29c530,A,36,9,gapstart,1,void,0,0,0,3,1,0
0039c554,29c554,A,16,4,gapstart,1,r0,0,0,1,3,0,0
0039c564,29c564,A,40,9,prologue,1,r0,0,0,1,1,0,0
0039c58c,29c58c,A,36,9,gapstart,1,void,0,0,0,3,1,0
0039c5b0,29c5b0,A,16,4,gapstart,1,r0,0,0,1,3,0,0
0039c5c0,29c5c0,A,40,9,prologue,1,r0,0,0,1,1,0,0
0039c5e8,29c5e8,A,36,9,gapstart,1,void,0,0,0,3,1,0
0039c60c,29c60c,A,16,4,gapstart,1,r0,0,0,1,3,0,0
0039c61c,29c61c,A,40,9,prologue,1,r0,0,0,1,1,0,0
0039c644,29c644,A,36,9,gapstart,1,void,0,0,0,3,1,0
0039c668,29c668,A,16,4,gapstart,1,r0,0,0,1,3,0,0
0039c678,29c678,A,40,9,prologue,1,r0,0,0,1,1,0,0
0039c6a0,29c6a0,A,36,9,gapstart,1,void,0,0,0,3,1,0
0039c6c4,29c6c4,A,16,4,gapstart,1,r0,0,0,1,3,0,0
0039c6d4,29c6d4,A,40,9,prologue,1,r0,0,0,1,1,0,0
0039c6fc,29c6fc,A,36,9,gapstart,1,void,0,0,0,3,1,0
0039c720,29c720,A,16,4,gapstart,1,r0,0,0,1,3,0,0
0039c730,29c730,A,40,9,prologue,1,r0,0,0,1,1,0,0
0039c758,29c758,A,36,9,gapstart,1,void,0,0,0,3,1,0
0039c77c,29c77c,A,16,4,gapstart,1,r0,0,0,1,3,0,0
0039c78c,29c78c,A,40,9,prologue,1,r0,0,0,1,1,0,0
0039c7b4,29c7b4,A,36,9,gapstart,1,void,0,0,0,3,1,0
0039c7d8,29c7d8,A,16,4,gapstart,1,r0,0,0,1,3,0,0
0039c7e8,29c7e8,A,40,9,prologue,1,r0,0,0,1,1,0,0
0039c810,29c810,A,36,9,gapstart,1,void,0,0,0,3,1,0
0039c834,29c834,A,16,4,gapstart,1,r0,0,0,1,3,0,0
0039c844,29c844,A,40,9,prologue,1,r0,0,0,1,1,0,0
0039c86c,29c86c,A,36,9,gapstart,1,void,0,0,0,3,1,0
0039c890,29c890,A,16,4,gapstart,1,r0,0,0,1,3,0,0
0039c8a0,29c8a0,A,40,9,prologue,1,r0,0,0,1,1,0,0
0039c8c8,29c8c8,A,36,9,gapstart,1,void,0,0,0,3,1,0
0039c8ec,29c8ec,A,16,4,gapstart,1,r0,0,0,1,3,0,0
0039c8fc,29c8fc,A,40,9,prologue,1,r0,0,0,1,1,0,0
0039c924,29c924,A,36,9,gapstart,1,void,0,0,0,3,1,0
0039c948,29c948,A,16,4,gapstart,1,r0,0,0,1,3,0,0
0039c958,29c958,A,40,9,prologue,1,r0,0,0,1,1,0,0
0039c980,29c980,A,36,9,gapstart,1,void,0,0,0,3,1,0
0039c9a4,29c9a4,A,16,4,gapstart,1,r0,0,0,1,3,0,0
0039c9b4,29c9b4,A,40,9,prologue,1,r0,0,0,1,1,0,0
0039c9dc,29c9dc,A,36,9,gapstart,1,void,0,0,0,3,1,0
0039ca00,29ca00,A,16,4,gapstart,1,r0,0,0,1,3,0,0
0039ca10,29ca10,A,40,9,prologue,1,r0,0,0,1,1,0,0
0039ca38,29ca38,A,36,9,gapstart,1,void,0,0,0,3,1,0
0039ca5c,29ca5c,A,16,4,gapstart,1,r0,0,0,1,3,0,0
0039ca6c,29ca6c,A,40,9,prologue,1,r0,0,0,1,1,0,0
0039ca94,29ca94,A,36,9,gapstart,1,void,0,0,0,3,1,0
0039cab8,29cab8,A,16,4,gapstart,1,r0,0,0,1,3,0,0
0039cac8,29cac8,A,40,9,prologue,1,r0,0,0,1,1,0,0
0039caf0,29caf0,A,36,9,gapstart,1,void,0,0,0,3,1,0
0039cb14,29cb14,A,16,4,gapstart,1,r0,0,0,1,3,0,0
0039cb24,29cb24,A,40,9,prologue,1,r0,0,0,1,1,0,0
0039cb4c,29cb4c,A,36,9,gapstart,1,void,0,0,0,3,1,0
0039cb70,29cb70,A,16,4,gapstart,1,r0,0,0,1,3,0,0
0039cb80,29cb80,A,40,9,prologue,1,r0,0,0,1,1,0,0
0039cba8,29cba8,A,36,9,gapstart,1,void,0,0,0,3,1,0
0039cbcc,29cbcc,A,16,4,gapstart,1,r0,0,0,1,3,0,0
0039cbdc,29cbdc,A,40,9,prologue,1,r0,0,0,1,1,0,0
0039cc04,29cc04,A,36,9,gapstart,1,void,0,0,0,3,1,0
0039cc28,29cc28,A,16,4,gapstart,1,r0,0,0,1,3,0,0
0039cc38,29cc38,A,40,9,prologue,1,r0,0,0,1,1,0,0
0039cc60,29cc60,A,36,9,gapstart,1,void,0,0,0,3,1,0
0039cc84,29cc84,A,16,4,gapstart,1,r0,0,0,1,3,0,0
0039cc94,29cc94,A,40,9,prologue,1,r0,0,0,1,1,0,0
0039ccbc,29ccbc,A,36,9,gapstart,1,void,0,0,0,3,1,0
0039cce0,29cce0,A,16,4,gapstart,1,r0,0,0,1,3,0,0
0039ccf0,29ccf0,A,40,9,prologue,1,r0,0,0,1,1,0,0
0039cd18,29cd18,A,36,9,gapstart,1,void,0,0,0,3,1,0
0039cd3c,29cd3c,A,16,4,gapstart,1,r0,0,0,1,3,0,0
0039cd4c,29cd4c,A,40,9,prologue,1,r0,0,0,1,1,0,0
0039cd74,29cd74,A,36,9,gapstart,1,void,0,0,0,3,1,0
0039cd98,29cd98,A,16,4,gapstart,1,r0,0,0,1,3,0,0
0039cda8,29cda8,A,40,9,prologue,1,r0,0,0,1,1,0,0
0039cdd0,29cdd0,A,36,9,gapstart,1,void,0,0,0,3,1,0
0039cdf4,29cdf4,A,16,4,gapstart,1,r0,0,0,1,3,0,0
0039ce04,29ce04,A,40,9,prologue,1,r0,0,0,1,1,0,0
0039ce2c,29ce2c,A,36,9,gapstart,1,void,0,0,0,3,1,0
0039ce50,29ce50,A,16,4,gapstart,1,r0,0,0,1,3,0,0
0039ce60,29ce60,A,40,9,prologue,1,r0,0,0,1,1,0,0
0039ce88,29ce88,A,36,9,gapstart,1,void,0,0,0,3,1,0
0039ceac,29ceac,A,16,4,gapstart,1,r0,0,0,1,3,0,0
0039cebc,29cebc,A,40,9,prologue,1,r0,0,0,1,1,0,0
0039cee4,29cee4,A,36,9,gapstart,1,void,0,0,0,3,1,0
0039cf08,29cf08,A,16,4,gapstart,1,r0,0,0,1,3,0,0
0039cf18,29cf18,A,40,9,prologue,1,r0,0,0,1,1,0,0
0039cf40,29cf40,A,36,9,gapstart,1,void,0,0,0,3,1,0
0039cf64,29cf64,A,16,4,gapstart,1,r0,0,0,1,3,0,0
0039cf74,29cf74,A,40,9,prologue,1,r0,0,0,1,1,0,0
0039cf9c,29cf9c,A,36,9,gapstart,1,void,0,0,0,3,1,0
0039cfc0,29cfc0,A,16,4,gapstart,1,r0,0,0,1,3,0,0
0039cfd0,29cfd0,A,40,9,prologue,1,r0,0,0,1,1,0,0
0039cff8,29cff8,A,36,9,gapstart,1,void,0,0,0,3,1,0
0039d01c,29d01c,A,16,4,gapstart,1,r0,0,0,1,3,0,0
0039d02c,29d02c,A,40,9,prologue,1,r0,0,0,1,1,0,0
0039d054,29d054,A,36,9,gapstart,1,void,0,0,0,3,1,0
0039d078,29d078,A,16,4,gapstart,1,r0,0,0,1,3,0,0
0039d088,29d088,A,40,9,prologue,1,r0,0,0,1,1,0,0
0039d0b0,29d0b0,A,36,9,gapstart,1,void,0,0,0,3,1,0
0039d0d4,29d0d4,A,16,4,gapstart,1,r0,0,0,1,3,0,0
0039d0e4,29d0e4,A,40,9,prologue,1,r0,0,0,1,1,0,0
0039d10c,29d10c,A,36,9,gapstart,1,void,0,0,0,3,1,0
0039d130,29d130,A,16,4,gapstart,1,r0,0,0,1,3,0,0
0039d140,29d140,A,40,9,prologue,1,r0,0,0,1,1,0,0
0039d168,29d168,A,36,9,gapstart,1,void,0,0,0,3,1,0
0039d18c,29d18c,A,16,4,gapstart,1,r0,0,0,1,3,0,0
0039d19c,29d19c,A,40,9,prologue,1,r0,0,0,1,1,0,0
0039d1c4,29d1c4,A,36,9,gapstart,1,void,0,0,0,3,1,0
0039d1e8,29d1e8,A,16,4,gapstart,1,r0,0,0,1,3,0,0
0039d1f8,29d1f8,A,40,9,prologue,1,r0,0,0,1,1,0,0
0039d220,29d220,A,36,9,gapstart,1,void,0,0,0,3,1,0
0039d244,29d244,A,16,4,gapstart,1,r0,0,0,1,3,0,0
0039d254,29d254,A,40,9,prologue,1,r0,0,0,1,1,0,0
0039d27c,29d27c,A,36,9,gapstart,1,void,0,0,0,3,1,0
0039d2a0,29d2a0,A,16,4,gapstart,1,r0,0,0,1,3,0,0
0039d2b0,29d2b0,A,40,9,prologue,1,r0,0,0,1,1,0,0
0039d2d8,29d2d8,A,36,9,gapstart,1,void,0,0,0,3,1,0
0039d2fc,29d2fc,A,16,4,gapstart,1,r0,0,0,1,3,0,0
0039d30c,29d30c,A,40,9,prologue,1,r0,0,0,1,1,0,0
0039d334,29d334,A,36,9,gapstart,1,void,0,0,0,3,1,0
0039d358,29d358,A,16,4,gapstart,1,r0,0,0,1,3,0,0
0039d368,29d368,A,40,9,prologue,1,r0,0,0,1,1,0,0
0039d390,29d390,A,36,9,gapstart,1,void,0,0,0,3,1,0
0039d3b4,29d3b4,A,16,4,gapstart,1,r0,0,0,1,3,0,0
0039d3c4,29d3c4,A,40,9,prologue,1,r0,0,0,1,1,0,0
0039d3ec,29d3ec,A,36,9,gapstart,1,void,0,0,0,3,1,0
0039d410,29d410,A,16,4,gapstart,1,r0,0,0,1,3,0,0
0039d420,29d420,A,40,9,prologue,1,r0,0,0,1,1,0,0
0039d448,29d448,A,36,9,gapstart,1,void,0,0,0,3,1,0
0039d46c,29d46c,A,16,4,gapstart,1,r0,0,0,1,3,0,0
0039d47c,29d47c,A,40,9,prologue,1,r0,0,0,1,1,0,0
0039d4a4,29d4a4,A,36,9,gapstart,1,void,0,0,0,3,1,0
0039d4c8,29d4c8,A,16,4,gapstart,1,r0,0,0,1,3,0,0
0039d4d8,29d4d8,A,40,9,prologue,1,r0,0,0,1,1,0,0
0039d500,29d500,A,36,9,gapstart,1,void,0,0,0,3,1,0
0039d524,29d524,A,16,4,gapstart,1,r0,0,0,1,3,0,0
0039d534,29d534,A,40,9,prologue,1,r0,0,0,1,1,0,0
0039d55c,29d55c,A,36,9,gapstart,1,void,0,0,0,3,1,0
0039d580,29d580,A,16,4,gapstart,1,r0,0,0,1,3,0,0
0039d590,29d590,A,40,9,prologue,1,r0,0,0,1,1,0,0
0039d5b8,29d5b8,A,36,9,gapstart,1,void,0,0,0,3,1,0
0039d5dc,29d5dc,A,16,4,gapstart,1,r0,0,0,1,3,0,0
0039d5ec,29d5ec,A,40,9,prologue,1,r0,0,0,1,1,0,0
0039d614,29d614,A,36,9,gapstart,1,void,0,0,0,3,1,0
0039d638,29d638,A,16,4,gapstart,1,r0,0,0,1,3,0,0
0039d648,29d648,A,40,9,prologue,1,r0,0,0,1,1,0,0
0039d670,29d670,A,36,9,gapstart,1,void,0,0,0,3,1,0
0039d694,29d694,A,16,4,gapstart,1,r0,0,0,1,3,0,0
0039d6a4,29d6a4,A,40,9,prologue,1,r0,0,0,1,1,0,0
0039d6cc,29d6cc,A,36,9,gapstart,1,void,0,0,0,3,1,0
0039d6f0,29d6f0,A,16,4,gapstart,1,r0,0,0,1,3,0,0
0039d700,29d700,A,40,9,prologue,1,r0,0,0,1,1,0,0
0039d728,29d728,A,36,9,gapstart,1,void,0,0,0,3,1,0
0039d74c,29d74c,A,16,4,gapstart,1,r0,0,0,1,3,0,0
0039d75c,29d75c,A,40,9,prologue,1,r0,0,0,1,1,0,0
0039d784,29d784,A,36,9,gapstart,1,void,0,0,0,3,1,0
0039d7a8,29d7a8,A,16,4,gapstart,1,r0,0,0,1,3,0,0
0039d7b8,29d7b8,A,40,9,prologue,1,r0,0,0,1,1,0,0
0039d7e0,29d7e0,A,36,9,gapstart,1,void,0,0,0,3,1,0
0039d804,29d804,A,16,4,gapstart,1,r0,0,0,1,3,0,0
0039d814,29d814,A,40,9,prologue,1,r0,0,0,1,1,0,0
0039d83c,29d83c,A,36,9,gapstart,1,void,0,0,0,3,1,0
0039d860,29d860,A,16,4,gapstart,1,r0,0,0,1,3,0,0
0039d870,29d870,A,40,9,prologue,1,r0,0,0,1,1,0,0
0039d898,29d898,A,36,9,gapstart,1,void,0,0,0,3,1,0
0039d8bc,29d8bc,A,16,4,gapstart,1,r0,0,0,1,3,0,0
0039d8cc,29d8cc,A,40,9,prologue,1,r0,0,0,1,1,0,0
0039d8f4,29d8f4,A,36,9,gapstart,1,void,0,0,0,3,1,0
0039d918,29d918,A,16,4,gapstart,1,r0,0,0,1,3,0,0
0039d928,29d928,A,40,9,prologue,1,r0,0,0,1,1,0,0
0039d950,29d950,A,36,9,gapstart,1,void,0,0,0,3,1,0
0039d974,29d974,A,16,4,gapstart,1,r0,0,0,1,3,0,0
0039d984,29d984,A,40,9,prologue,1,r0,0,0,1,1,0,0
0039d9ac,29d9ac,A,36,9,gapstart,1,void,0,0,0,3,1,0
0039d9d0,29d9d0,A,16,4,gapstart,1,r0,0,0,1,3,0,0
0039d9e0,29d9e0,A,40,9,prologue,1,r0,0,0,1,1,0,0
0039da08,29da08,A,36,9,gapstart,1,void,0,0,0,3,1,0
0039da2c,29da2c,A,16,4,gapstart,1,r0,0,0,1,3,0,0
0039da3c,29da3c,A,40,9,prologue,1,r0,0,0,1,1,0,0
0039da64,29da64,A,36,9,gapstart,1,void,0,0,0,3,1,0
0039da88,29da88,A,16,4,gapstart,1,r0,0,0,1,3,0,0
0039da98,29da98,A,40,9,prologue,1,r0,0,0,1,1,0,0
0039dac0,29dac0,A,36,9,gapstart,1,void,0,0,0,3,1,0
0039dae4,29dae4,A,16,4,gapstart,1,r0,0,0,1,3,0,0
0039daf4,29daf4,A,40,9,prologue,1,r0,0,0,1,1,0,0
0039db1c,29db1c,A,36,9,gapstart,1,void,0,0,0,3,1,0
0039db40,29db40,A,16,4,gapstart,1,r0,0,0,1,3,0,0
0039db50,29db50,A,40,9,prologue,1,r0,0,0,1,1,0,0
0039db78,29db78,A,36,9,gapstart,1,void,0,0,0,3,1,0
0039db9c,29db9c,A,16,4,gapstart,1,r0,0,0,1,3,0,0
0039dbac,29dbac,A,40,9,prologue,1,r0,0,0,1,1,0,0
0039dbd4,29dbd4,A,36,9,gapstart,1,void,0,0,0,3,1,0
0039dbf8,29dbf8,A,16,4,gapstart,1,r0,0,0,1,3,0,0
0039dc08,29dc08,A,40,9,prologue,1,r0,0,0,1,1,0,0
0039dc30,29dc30,A,36,9,gapstart,1,void,0,0,0,3,1,0
0039dc54,29dc54,A,16,4,gapstart,1,r0,0,0,1,3,0,0
0039dc64,29dc64,A,40,9,prologue,1,r0,0,0,1,1,0,0
0039dc8c,29dc8c,A,36,9,gapstart,1,void,0,0,0,3,1,0
0039dcb0,29dcb0,A,16,4,gapstart,1,r0,0,0,1,3,0,0
0039dcc0,29dcc0,A,40,9,prologue,1,r0,0,0,1,1,0,0
0039dce8,29dce8,A,36,9,gapstart,1,void,0,0,0,3,1,0
0039dd0c,29dd0c,A,16,4,gapstart,1,r0,0,0,1,3,0,0
0039dd1c,29dd1c,A,40,9,prologue,1,r0,0,0,1,1,0,0
0039dd44,29dd44,A,36,9,gapstart,1,void,0,0,0,3,1,0
0039dd68,29dd68,A,16,4,gapstart,1,r0,0,0,1,3,0,0
0039dd78,29dd78,A,40,9,prologue,1,r0,0,0,1,1,0,0
0039dda0,29dda0,A,36,9,gapstart,1,void,0,0,0,3,1,0
0039ddc4,29ddc4,A,16,4,gapstart,1,r0,0,0,1,3,0,0
0039ddd4,29ddd4,A,40,9,prologue,1,r0,0,0,1,1,0,0
0039ddfc,29ddfc,A,36,9,gapstart,1,void,0,0,0,3,1,0
0039de20,29de20,A,16,4,gapstart,1,r0,0,0,1,3,0,0
0039de30,29de30,A,40,9,prologue,1,r0,0,0,1,1,0,0
0039de58,29de58,A,36,9,gapstart,1,void,0,0,0,3,1,0
0039de7c,29de7c,A,16,4,gapstart,1,r0,0,0,1,3,0,0
0039de8c,29de8c,A,40,9,prologue,1,r0,0,0,1,1,0,0
0039deb4,29deb4,A,36,9,gapstart,1,void,0,0,0,3,1,0
0039ded8,29ded8,A,16,4,gapstart,1,r0,0,0,1,3,0,0
0039dee8,29dee8,A,40,9,prologue,1,r0,0,0,1,1,0,0
0039df10,29df10,A,36,9,gapstart,1,void,0,0,0,3,1,0
0039df34,29df34,A,16,4,gapstart,1,r0,0,0,1,3,0,0
0039df44,29df44,A,40,9,prologue,1,r0,0,0,1,1,0,0
0039df6c,29df6c,A,36,9,gapstart,1,void,0,0,0,3,1,0
0039df90,29df90,A,16,4,gapstart,1,r0,0,0,1,3,0,0
0039dfa0,29dfa0,A,40,9,prologue,1,r0,0,0,1,1,0,0
0039dfc8,29dfc8,A,36,9,gapstart,1,void,0,0,0,3,1,0
0039dfec,29dfec,A,16,4,gapstart,1,r0,0,0,1,3,0,0
0039dffc,29dffc,A,40,9,prologue,1,r0,0,0,1,1,0,0
0039e024,29e024,A,36,9,gapstart,1,void,0,0,0,3,1,0
0039e048,29e048,A,16,4,gapstart,1,r0,0,0,1,3,0,0
0039e058,29e058,A,40,9,prologue,1,r0,0,0,1,1,0,0
0039e080,29e080,A,36,9,gapstart,1,void,0,0,0,3,1,0
0039e0a4,29e0a4,A,16,4,gapstart,1,r0,0,0,1,3,0,0
0039e0b4,29e0b4,A,40,9,prologue,1,r0,0,0,1,1,0,0
0039e0dc,29e0dc,A,36,9,gapstart,1,void,0,0,0,3,1,0
0039e100,29e100,A,16,4,gapstart,1,r0,0,0,1,3,0,0
0039e110,29e110,A,40,9,prologue,1,r0,0,0,1,1,0,0
0039e138,29e138,A,36,9,gapstart,1,void,0,0,0,3,1,0
0039e15c,29e15c,A,16,4,gapstart,1,r0,0,0,1,3,0,0
0039e16c,29e16c,A,40,9,prologue,1,r0,0,0,1,1,0,0
0039e194,29e194,A,36,9,gapstart,1,void,0,0,0,3,1,0
0039e1b8,29e1b8,A,16,4,gapstart,1,r0,0,0,1,3,0,0
0039e1c8,29e1c8,A,40,9,prologue,1,r0,0,0,1,1,0,0
0039e1f0,29e1f0,A,36,9,gapstart,1,void,0,0,0,3,1,0
0039e214,29e214,A,16,4,gapstart,1,r0,0,0,1,3,0,0
0039e224,29e224,A,40,9,prologue,1,r0,0,0,1,1,0,0
0039e24c,29e24c,A,36,9,gapstart,1,void,0,0,0,3,1,0
0039e270,29e270,A,16,4,gapstart,1,r0,0,0,1,3,0,0
0039e280,29e280,A,40,9,prologue,1,r0,0,0,1,1,0,0
0039e2a8,29e2a8,A,36,9,gapstart,1,void,0,0,0,3,1,0
0039e2cc,29e2cc,A,16,4,gapstart,1,r0,0,0,1,3,0,0
0039e2dc,29e2dc,A,40,9,prologue,1,r0,0,0,1,1,0,0
0039e304,29e304,A,36,9,gapstart,1,void,0,0,0,3,1,0
0039e328,29e328,A,16,4,gapstart,1,r0,0,0,1,3,0,0
0039e338,29e338,A,40,9,prologue,1,r0,0,0,1,1,0,0
0039e360,29e360,A,36,9,gapstart,1,void,0,0,0,3,1,0
0039e384,29e384,A,16,4,gapstart,1,r0,0,0,1,3,0,0
0039e394,29e394,A,40,9,prologue,1,r0,0,0,1,1,0,0
0039e3bc,29e3bc,A,36,9,gapstart,1,void,0,0,0,3,1,0
0039e3e0,29e3e0,A,16,4,gapstart,1,r0,0,0,1,3,0,0
0039e3f0,29e3f0,A,40,9,prologue,1,r0,0,0,1,1,0,0
0039e418,29e418,A,36,9,gapstart,1,void,0,0,0,3,1,0
0039e43c,29e43c,A,16,4,gapstart,1,r0,0,0,1,3,0,0
0039e44c,29e44c,A,40,9,prologue,1,r0,0,0,1,1,0,0
0039e474,29e474,A,36,9,gapstart,1,void,0,0,0,3,1,0
0039e498,29e498,A,16,4,gapstart,1,r0,0,0,1,3,0,0
0039e4a8,29e4a8,A,40,9,prologue,1,r0,0,0,1,1,0,0
0039e4d0,29e4d0,A,36,9,gapstart,1,void,0,0,0,3,1,0
0039e4f4,29e4f4,A,16,4,gapstart,1,r0,0,0,1,3,0,0
0039e504,29e504,A,40,9,prologue,1,r0,0,0,1,1,0,0
0039e52c,29e52c,A,36,9,gapstart,1,void,0,0,0,3,1,0
0039e550,29e550,A,16,4,gapstart,1,r0,0,0,1,3,0,0
0039e560,29e560,A,40,9,prologue,1,r0,0,0,1,1,0,0
0039e588,29e588,A,36,9,gapstart,1,void,0,0,0,3,1,0
0039e5ac,29e5ac,A,16,4,gapstart,1,r0,0,0,1,3,0,0
0039e5bc,29e5bc,A,40,9,prologue,1,r0,0,0,1,1,0,0
0039e5e4,29e5e4,A,36,9,gapstart,1,void,0,0,0,3,1,0
0039e608,29e608,A,16,4,gapstart,1,r0,0,0,1,3,0,0
0039e618,29e618,A,40,9,prologue,1,r0,0,0,1,1,0,0
0039e640,29e640,A,36,9,gapstart,1,void,0,0,0,3,1,0
0039e664,29e664,A,16,4,gapstart,1,r0,0,0,1,3,0,0
0039e674,29e674,A,40,9,prologue,1,r0,0,0,1,1,0,0
0039e69c,29e69c,A,36,9,gapstart,1,void,0,0,0,3,1,0
0039e6c0,29e6c0,A,16,4,gapstart,1,r0,0,0,1,3,0,0
0039e6d0,29e6d0,A,40,9,prologue,1,r0,0,0,1,1,0,0
0039e6f8,29e6f8,A,36,9,gapstart,1,void,0,0,0,3,1,0
0039e71c,29e71c,A,16,4,gapstart,1,r0,0,0,1,3,0,0
0039e72c,29e72c,A,40,9,prologue,1,r0,0,0,1,1,0,0
0039e754,29e754,A,36,9,gapstart,1,void,0,0,0,3,1,0
0039e778,29e778,A,16,4,gapstart,1,r0,0,0,1,3,0,0
0039e788,29e788,A,40,9,prologue,1,r0,0,0,1,1,0,0
0039e7b0,29e7b0,A,36,9,gapstart,1,void,0,0,0,3,1,0
0039e7d4,29e7d4,A,16,4,gapstart,1,r0,0,0,1,3,0,0
0039e7e4,29e7e4,A,40,9,prologue,1,r0,0,0,1,1,0,0
0039e80c,29e80c,A,36,9,gapstart,1,void,0,0,0,3,1,0
0039e830,29e830,A,16,4,gapstart,1,r0,0,0,1,3,0,0
0039e840,29e840,A,40,9,prologue,1,r0,0,0,1,1,0,0
0039e868,29e868,A,36,9,gapstart,1,void,0,0,0,3,1,0
0039e88c,29e88c,A,16,4,gapstart,1,r0,0,0,1,3,0,0
0039e89c,29e89c,A,40,9,prologue,1,r0,0,0,1,1,0,0
0039e8c4,29e8c4,A,36,9,gapstart,1,void,0,0,0,3,1,0
0039e8e8,29e8e8,A,16,4,gapstart,1,r0,0,0,1,3,0,0
0039e8f8,29e8f8,A,40,9,prologue,1,r0,0,0,1,1,0,0
0039e920,29e920,A,36,9,gapstart,1,void,0,0,0,3,1,0
0039e944,29e944,A,16,4,gapstart,1,r0,0,0,1,3,0,0
0039e954,29e954,A,40,9,prologue,1,r0,0,0,1,1,0,0
0039e97c,29e97c,A,36,9,gapstart,1,void,0,0,0,3,1,0
0039e9a0,29e9a0,A,16,4,gapstart,1,r0,0,0,1,3,0,0
0039e9b0,29e9b0,A,40,9,prologue,1,r0,0,0,1,1,0,0
0039e9d8,29e9d8,A,36,9,gapstart,1,void,0,0,0,3,1,0
0039e9fc,29e9fc,A,16,4,gapstart,1,r0,0,0,1,3,0,0
0039ea0c,29ea0c,A,40,9,prologue,1,r0,0,0,1,1,0,0
0039ea34,29ea34,A,36,9,gapstart,1,void,0,0,0,3,1,0
0039ea58,29ea58,A,16,4,gapstart,1,r0,0,0,1,3,0,0
0039ea68,29ea68,A,40,9,prologue,1,r0,0,0,1,1,0,0
0039ea90,29ea90,A,36,9,gapstart,1,void,0,0,0,3,1,0
0039eab4,29eab4,A,16,4,gapstart,1,r0,0,0,1,3,0,0
0039eac4,29eac4,A,40,9,prologue,1,r0,0,0,1,1,0,0
0039eaec,29eaec,A,36,9,gapstart,1,void,0,0,0,3,1,0
0039eb10,29eb10,A,16,4,gapstart,1,r0,0,0,1,3,0,0
0039eb20,29eb20,A,40,9,prologue,1,r0,0,0,1,1,0,0
0039eb48,29eb48,A,36,9,gapstart,1,void,0,0,0,3,1,0
0039eb6c,29eb6c,A,16,4,gapstart,1,r0,0,0,1,3,0,0
0039eb7c,29eb7c,A,40,9,prologue,1,r0,0,0,1,1,0,0
0039eba4,29eba4,A,36,9,gapstart,1,void,0,0,0,3,1,0
0039ebc8,29ebc8,A,16,4,gapstart,1,r0,0,0,1,3,0,0
0039ebd8,29ebd8,A,40,9,prologue,1,r0,0,0,1,1,0,0
0039ec00,29ec00,A,36,9,gapstart,1,void,0,0,0,3,1,0
0039ec24,29ec24,A,16,4,gapstart,1,r0,0,0,1,3,0,0
0039ec34,29ec34,A,40,9,prologue,1,r0,0,0,1,1,0,0
0039ec5c,29ec5c,A,36,9,gapstart,1,void,0,0,0,3,1,0
0039ec80,29ec80,A,16,4,gapstart,1,r0,0,0,1,3,0,0
0039ec90,29ec90,A,40,9,prologue,1,r0,0,0,1,1,0,0
0039ecb8,29ecb8,A,36,9,gapstart,1,void,0,0,0,3,1,0
0039ecdc,29ecdc,A,16,4,gapstart,1,r0,0,0,1,3,0,0
0039ecec,29ecec,A,40,9,prologue,1,r0,0,0,1,1,0,0
0039ed14,29ed14,A,36,9,gapstart,1,void,0,0,0,3,1,0
0039ed38,29ed38,A,16,4,gapstart,1,r0,0,0,1,3,0,0
0039ed48,29ed48,A,40,9,prologue,1,r0,0,0,1,1,0,0
0039ed70,29ed70,A,36,9,gapstart,1,void,0,0,0,3,1,0
0039ed94,29ed94,A,16,4,gapstart,1,r0,0,0,1,3,0,0
0039eda4,29eda4,A,40,9,prologue,1,r0,0,0,1,1,0,0
0039edcc,29edcc,A,36,9,gapstart,1,void,0,0,0,3,1,0
0039edf0,29edf0,A,16,4,gapstart,1,r0,0,0,1,3,0,0
0039ee00,29ee00,A,40,9,prologue,1,r0,0,0,1,1,0,0
0039ee28,29ee28,A,36,9,gapstart,1,void,0,0,0,3,1,0
0039ee4c,29ee4c,A,16,4,gapstart,1,r0,0,0,1,3,0,0
0039ee5c,29ee5c,A,40,9,prologue,1,r0,0,0,1,1,0,0
0039ee84,29ee84,A,36,9,gapstart,1,void,0,0,0,3,1,0
0039eea8,29eea8,A,16,4,gapstart,1,r0,0,0,1,3,0,0
0039eeb8,29eeb8,A,40,9,prologue,1,r0,0,0,1,1,0,0
0039eee0,29eee0,A,36,9,gapstart,1,void,0,0,0,3,1,0
0039ef04,29ef04,A,16,4,gapstart,1,r0,0,0,1,3,0,0
0039ef14,29ef14,A,40,9,prologue,1,r0,0,0,1,1,0,0
0039ef3c,29ef3c,A,36,9,gapstart,1,void,0,0,0,3,1,0
0039ef60,29ef60,A,16,4,gapstart,1,r0,0,0,1,3,0,0
0039ef70,29ef70,A,40,9,prologue,1,r0,0,0,1,1,0,0
0039ef98,29ef98,A,36,9,gapstart,1,void,0,0,0,3,1,0
0039efbc,29efbc,A,16,4,gapstart,1,r0,0,0,1,3,0,0
0039efcc,29efcc,A,40,9,prologue,1,r0,0,0,1,1,0,0
0039eff4,29eff4,A,36,9,gapstart,1,void,0,0,0,3,1,0
0039f018,29f018,A,16,4,gapstart,1,r0,0,0,1,3,0,0
0039f028,29f028,A,40,9,prologue,1,r0,0,0,1,1,0,0
0039f050,29f050,A,36,9,gapstart,1,void,0,0,0,3,1,0
0039f074,29f074,A,16,4,gapstart,1,r0,0,0,1,3,0,0
0039f084,29f084,A,40,9,prologue,1,r0,0,0,1,1,0,0
0039f0ac,29f0ac,A,36,9,gapstart,1,void,0,0,0,3,1,0
0039f0d0,29f0d0,A,16,4,gapstart,1,r0,0,0,1,3,0,0
0039f0e0,29f0e0,A,40,9,prologue,1,r0,0,0,1,1,0,0
0039f108,29f108,A,36,9,gapstart,1,void,0,0,0,3,1,0
0039f12c,29f12c,A,16,4,gapstart,1,r0,0,0,1,3,0,0
0039f13c,29f13c,A,40,9,prologue,1,r0,0,0,1,1,0,0
0039f164,29f164,A,36,9,gapstart,1,void,0,0,0,3,1,0
0039f188,29f188,A,16,4,gapstart,1,r0,0,0,1,3,0,0
0039f198,29f198,A,40,9,prologue,1,r0,0,0,1,1,0,0
0039f1c0,29f1c0,A,36,9,gapstart,1,void,0,0,0,3,1,0
0039f1e4,29f1e4,A,16,4,gapstart,1,r0,0,0,1,3,0,0
0039f1f4,29f1f4,A,40,9,prologue,1,r0,0,0,1,1,0,0
0039f21c,29f21c,A,36,9,gapstart,1,void,0,0,0,3,1,0
0039f240,29f240,A,16,4,gapstart,1,r0,0,0,1,3,0,0
0039f250,29f250,A,40,9,prologue,1,r0,0,0,1,1,0,0
0039f278,29f278,A,36,9,gapstart,1,void,0,0,0,3,1,0
0039f29c,29f29c,A,16,4,gapstart,1,r0,0,0,1,3,0,0
0039f2ac,29f2ac,A,40,9,prologue,1,r0,0,0,1,1,0,0
0039f2d4,29f2d4,A,36,9,gapstart,1,void,0,0,0,3,1,0
0039f2f8,29f2f8,A,16,4,gapstart,1,r0,0,0,1,3,0,0
0039f308,29f308,A,40,9,prologue,1,r0,0,0,1,1,0,0
0039f330,29f330,A,36,9,gapstart,1,void,0,0,0,3,1,0
0039f354,29f354,A,16,4,gapstart,1,r0,0,0,1,3,0,0
0039f364,29f364,A,40,9,prologue,1,r0,0,0,1,1,0,0
0039f38c,29f38c,A,36,9,gapstart,1,void,0,0,0,3,1,0
0039f3b0,29f3b0,A,16,4,gapstart,1,r0,0,0,1,3,0,0
0039f3c0,29f3c0,A,40,9,prologue,1,r0,0,0,1,1,0,0
0039f3e8,29f3e8,A,36,9,gapstart,1,void,0,0,0,3,1,0
0039f40c,29f40c,A,16,4,gapstart,1,r0,0,0,1,3,0,0
0039f41c,29f41c,A,40,9,prologue,1,r0,0,0,1,1,0,0
0039f444,29f444,A,36,9,gapstart,1,void,0,0,0,3,1,0
0039f468,29f468,A,16,4,gapstart,1,r0,0,0,1,3,0,0
0039f478,29f478,A,40,9,prologue,1,r0,0,0,1,1,0,0
0039f4a0,29f4a0,A,36,9,gapstart,1,void,0,0,0,3,1,0
0039f4c4,29f4c4,A,16,4,gapstart,1,r0,0,0,1,3,0,0
0039f4d4,29f4d4,A,40,9,prologue,1,r0,0,0,1,1,0,0
0039f4fc,29f4fc,A,36,9,gapstart,1,void,0,0,0,3,1,0
0039f520,29f520,A,16,4,gapstart,1,r0,0,0,1,3,0,0
0039f530,29f530,A,40,9,prologue,1,r0,0,0,1,1,0,0
0039f558,29f558,A,36,9,gapstart,1,void,0,0,0,3,1,0
0039f57c,29f57c,A,16,4,gapstart,1,r0,0,0,1,3,0,0
0039f58c,29f58c,A,40,9,prologue,1,r0,0,0,1,1,0,0
0039f5b4,29f5b4,A,36,9,gapstart,1,void,0,0,0,3,1,0
0039f5d8,29f5d8,A,16,4,gapstart,1,r0,0,0,1,3,0,0
0039f5e8,29f5e8,A,40,9,prologue,1,r0,0,0,1,1,0,0
0039f610,29f610,A,36,9,gapstart,1,void,0,0,0,3,1,0
0039f634,29f634,A,16,4,gapstart,1,r0,0,0,1,3,0,0
0039f644,29f644,A,40,9,prologue,1,r0,0,0,1,1,0,0
0039f66c,29f66c,A,36,9,gapstart,1,void,0,0,0,3,1,0
0039f690,29f690,A,16,4,gapstart,1,r0,0,0,1,3,0,0
0039f6a0,29f6a0,A,40,9,prologue,1,r0,0,0,1,1,0,0
0039f6c8,29f6c8,A,36,9,gapstart,1,void,0,0,0,3,1,0
0039f6ec,29f6ec,A,16,4,gapstart,1,r0,0,0,1,3,0,0
0039f6fc,29f6fc,A,40,9,prologue,1,r0,0,0,1,1,0,0
0039f724,29f724,A,36,9,gapstart,1,void,0,0,0,3,1,0
0039f748,29f748,A,16,4,gapstart,1,r0,0,0,1,3,0,0
0039f758,29f758,A,40,9,prologue,1,r0,0,0,1,1,0,0
0039f780,29f780,A,36,9,gapstart,1,void,0,0,0,3,1,0
0039f7a4,29f7a4,A,16,4,gapstart,1,r0,0,0,1,3,0,0
0039f7b4,29f7b4,A,40,9,prologue,1,r0,0,0,1,1,0,0
0039f7dc,29f7dc,A,36,9,gapstart,1,void,0,0,0,3,1,0
0039f800,29f800,A,16,4,gapstart,1,r0,0,0,1,3,0,0
0039f810,29f810,A,40,9,prologue,1,r0,0,0,1,1,0,0
0039f838,29f838,A,36,9,gapstart,1,void,0,0,0,3,1,0
0039f85c,29f85c,A,16,4,gapstart,1,r0,0,0,1,3,0,0
0039f86c,29f86c,A,40,9,prologue,1,r0,0,0,1,1,0,0
0039f894,29f894,A,36,9,gapstart,1,void,0,0,0,3,1,0
0039f8b8,29f8b8,A,16,4,gapstart,1,r0,0,0,1,3,0,0
0039f8c8,29f8c8,A,40,9,prologue,1,r0,0,0,1,1,0,0
0039f8f0,29f8f0,A,36,9,gapstart,1,void,0,0,0,3,1,0
0039f914,29f914,A,16,4,gapstart,1,r0,0,0,1,3,0,0
0039f924,29f924,A,40,9,prologue,1,r0,0,0,1,1,0,0
0039f94c,29f94c,A,36,9,gapstart,1,void,0,0,0,3,1,0
0039f970,29f970,A,16,4,gapstart,1,r0,0,0,1,3,0,0
0039f980,29f980,A,40,9,prologue,1,r0,0,0,1,1,0,0
0039f9a8,29f9a8,A,36,9,gapstart,1,void,0,0,0,3,1,0
0039f9cc,29f9cc,A,16,4,gapstart,1,r0,0,0,1,3,0,0
0039f9dc,29f9dc,A,40,9,prologue,1,r0,0,0,1,1,0,0
0039fa04,29fa04,A,36,9,gapstart,1,void,0,0,0,3,1,0
0039fa28,29fa28,A,16,4,gapstart,1,r0,0,0,1,3,0,0
0039fa38,29fa38,A,40,9,prologue,1,r0,0,0,1,1,0,0
0039fa60,29fa60,A,36,9,gapstart,1,void,0,0,0,3,1,0
0039fa84,29fa84,A,16,4,gapstart,1,r0,0,0,1,3,0,0
0039fa94,29fa94,A,40,9,prologue,1,r0,0,0,1,1,0,0
0039fabc,29fabc,A,36,9,gapstart,1,void,0,0,0,3,1,0
0039fae0,29fae0,A,16,4,gapstart,1,r0,0,0,1,3,0,0
0039faf0,29faf0,A,40,9,prologue,1,r0,0,0,1,1,0,0
0039fb18,29fb18,A,36,9,gapstart,1,void,0,0,0,3,1,0
0039fb3c,29fb3c,A,16,4,gapstart,1,r0,0,0,1,3,0,0
0039fb4c,29fb4c,A,40,9,prologue,1,r0,0,0,1,1,0,0
0039fb74,29fb74,A,36,9,gapstart,1,void,0,0,0,3,1,0
0039fb98,29fb98,A,16,4,gapstart,1,r0,0,0,1,3,0,0
0039fba8,29fba8,A,40,9,prologue,1,r0,0,0,1,1,0,0
0039fbd0,29fbd0,A,36,9,gapstart,1,void,0,0,0,3,1,0
0039fbf4,29fbf4,A,16,4,gapstart,1,r0,0,0,1,3,0,0
0039fc04,29fc04,A,40,9,prologue,1,r0,0,0,1,1,0,0
0039fc2c,29fc2c,A,44,11,gapstart,1,void,0,0,0,3,1,0
0039fc58,29fc58,A,16,4,gapstart,1,r0,0,0,1,3,0,0
0039fc68,29fc68,A,40,9,prologue,1,r0,0,0,1,1,0,0
0039fc90,29fc90,A,36,9,gapstart,1,void,0,0,0,3,1,0
0039fcb4,29fcb4,A,16,4,gapstart,1,r0,0,0,1,3,0,0
0039fcc4,29fcc4,A,40,9,prologue,1,r0,0,0,1,1,0,0
0039fcec,29fcec,A,36,9,gapstart,1,void,0,0,0,3,1,0
0039fd10,29fd10,A,16,4,gapstart,1,r0,0,0,1,3,0,0
0039fd20,29fd20,A,40,9,prologue,1,r0,0,0,1,1,0,0
0039fd48,29fd48,A,36,9,gapstart,1,void,0,0,0,3,1,0
0039fd6c,29fd6c,A,16,4,gapstart,1,r0,0,0,1,3,0,0
0039fd7c,29fd7c,A,40,9,prologue,1,r0,0,0,1,1,0,0
0039fda4,29fda4,A,36,9,gapstart,1,void,0,0,0,3,1,0
0039fdc8,29fdc8,A,16,4,gapstart,1,r0,0,0,1,3,0,0
0039fdd8,29fdd8,A,40,9,prologue,1,r0,0,0,1,1,0,0
0039fe00,29fe00,A,36,9,gapstart,1,void,0,0,0,3,1,0
0039fe24,29fe24,A,16,4,gapstart,1,r0,0,0,1,3,0,0
0039fe34,29fe34,A,40,9,prologue,1,r0,0,0,1,1,0,0
0039fe5c,29fe5c,A,36,9,gapstart,1,void,0,0,0,3,1,0
0039fe80,29fe80,A,16,4,gapstart,1,r0,0,0,1,3,0,0
0039fe90,29fe90,A,40,9,prologue,1,r0,0,0,1,1,0,0
0039feb8,29feb8,A,40,10,gapstart,1,void,0,0,0,3,1,0
0039fee0,29fee0,A,16,4,gapstart,1,r0,0,0,1,3,0,0
0039fef0,29fef0,A,40,9,prologue,1,r0,0,0,1,1,0,0
0039ff18,29ff18,A,60,15,prologue,1,r0,0,0,0,3,1,0
0039ff54,29ff54,A,16,4,gapstart,1,r0,0,0,1,3,0,0
0039ff64,29ff64,A,40,9,prologue,1,r0,0,0,1,1,0,0
0039ff8c,29ff8c,A,52,13,prologue,4,r0,0,0,0,3,1,0
0039ffc0,29ffc0,A,16,4,gapstart,1,r0,0,0,1,3,0,0
0039ffd0,29ffd0,A,40,9,prologue,1,r0,0,0,1,1,0,0
0039fff8,29fff8,A,36,9,gapstart,1,void,0,0,0,3,1,0
003a001c,2a001c,A,16,4,gapstart,1,r0,0,0,1,3,0,0
003a0048,2a0048,A,8,2,ptr,4,void,0,0,0,1,0,0
003a0064,2a0064,A,20,5,ptr,2,void,0,0,0,3,1,0
003a0078,2a0078,A,16,4,gapstart,1,r0,0,0,1,3,0,0
003a0088,2a0088,A,40,9,prologue,1,r0,0,0,1,1,0,0
003a00b0,2a00b0,A,36,9,gapstart,1,void,0,0,0,3,1,0
003a00d4,2a00d4,A,16,4,gapstart,1,r0,0,0,1,3,0,0
003a00e4,2a00e4,A,40,9,prologue,1,r0,0,0,1,1,0,0
003a010c,2a010c,A,36,9,gapstart,1,void,0,0,0,3,1,0
003a0130,2a0130,A,16,4,gapstart,1,r0,0,0,1,3,0,0
003a0140,2a0140,A,40,9,prologue,1,r0,0,0,1,1,0,0
003a0168,2a0168,A,36,9,gapstart,1,void,0,0,0,3,1,0
003a018c,2a018c,A,16,4,gapstart,1,r0,0,0,1,3,0,0
003a019c,2a019c,A,40,9,prologue,1,r0,0,0,1,1,0,0
003a01c4,2a01c4,A,36,9,gapstart,1,void,0,0,0,3,1,0
003a01e8,2a01e8,A,16,4,gapstart,1,r0,0,0,1,3,0,0
003a01f8,2a01f8,A,40,9,prologue,1,r0,0,0,1,1,0,0
003a0220,2a0220,A,36,9,gapstart,1,void,0,0,0,3,1,0
003a0244,2a0244,A,16,4,gapstart,1,r0,0,0,1,3,0,0
003a0254,2a0254,A,40,9,prologue,1,r0,0,0,1,1,0,0
003a027c,2a027c,A,36,9,gapstart,1,void,0,0,0,3,1,0
003a02a0,2a02a0,A,16,4,gapstart,1,r0,0,0,1,3,0,0
003a02b0,2a02b0,A,40,9,prologue,1,r0,0,0,1,1,0,0
003a02d8,2a02d8,A,36,9,gapstart,1,void,0,0,0,3,1,0
003a02fc,2a02fc,A,16,4,gapstart,1,r0,0,0,1,3,0,0
003a030c,2a030c,A,40,9,prologue,1,r0,0,0,1,1,0,0
003a0334,2a0334,A,36,9,gapstart,1,void,0,0,0,3,1,0
003a0358,2a0358,A,16,4,gapstart,1,r0,0,0,1,3,0,0
003a0368,2a0368,A,40,9,prologue,1,r0,0,0,1,1,0,0
003a0390,2a0390,A,36,9,gapstart,1,void,0,0,0,3,1,0
003a03b4,2a03b4,A,16,4,gapstart,1,r0,0,0,1,3,0,0
003a03c4,2a03c4,A,40,9,prologue,1,r0,0,0,1,1,0,0
003a03ec,2a03ec,A,36,9,gapstart,1,void,0,0,0,3,1,0
003a0410,2a0410,A,16,4,gapstart,1,r0,0,0,1,3,0,0
003a0420,2a0420,A,40,9,prologue,1,r0,0,0,1,1,0,0
003a0448,2a0448,A,36,9,gapstart,1,void,0,0,0,3,1,0
003a046c,2a046c,A,16,4,gapstart,1,r0,0,0,1,3,0,0
003a047c,2a047c,A,40,9,prologue,1,r0,0,0,1,1,0,0
003a04a4,2a04a4,A,36,9,gapstart,1,void,0,0,0,3,1,0
003a04c8,2a04c8,A,16,4,gapstart,1,r0,0,0,1,3,0,0
003a04d8,2a04d8,A,40,9,prologue,1,r0,0,0,1,1,0,0
003a0500,2a0500,A,36,9,gapstart,1,void,0,0,0,3,1,0
003a0524,2a0524,A,16,4,gapstart,1,r0,0,0,1,3,0,0
003a0534,2a0534,A,40,9,prologue,1,r0,0,0,1,1,0,0
003a055c,2a055c,A,36,9,gapstart,1,void,0,0,0,3,1,0
003a0580,2a0580,A,16,4,gapstart,1,r0,0,0,1,3,0,0
003a0590,2a0590,A,40,9,prologue,1,r0,0,0,1,1,0,0
003a05b8,2a05b8,A,36,9,gapstart,1,void,0,0,0,3,1,0
003a05dc,2a05dc,A,16,4,gapstart,1,r0,0,0,1,3,0,0
003a05ec,2a05ec,A,40,9,prologue,1,r0,0,0,1,1,0,0
003a0614,2a0614,A,36,9,gapstart,1,void,0,0,0,3,1,0
003a0638,2a0638,A,16,4,gapstart,1,r0,0,0,1,3,0,0
003a0648,2a0648,A,40,9,prologue,1,r0,0,0,1,1,0,0
003a0670,2a0670,A,36,9,gapstart,1,void,0,0,0,3,1,0
003a0694,2a0694,A,16,4,gapstart,1,r0,0,0,1,3,0,0
003a06a4,2a06a4,A,40,9,prologue,1,r0,0,0,1,1,0,0
003a06cc,2a06cc,A,36,9,gapstart,1,void,0,0,0,3,1,0
003a06f0,2a06f0,A,16,4,gapstart,1,r0,0,0,1,3,0,0
003a0700,2a0700,A,40,9,prologue,1,r0,0,0,1,1,0,0
003a0728,2a0728,A,36,9,gapstart,1,void,0,0,0,3,1,0
003a074c,2a074c,A,16,4,gapstart,1,r0,0,0,1,3,0,0
003a075c,2a075c,A,40,9,prologue,1,r0,0,0,1,1,0,0
003a0784,2a0784,A,36,9,gapstart,1,void,0,0,0,3,1,0
003a07a8,2a07a8,A,16,4,gapstart,1,r0,0,0,1,3,0,0
003a07b8,2a07b8,A,40,9,prologue,1,r0,0,0,1,1,0,0
003a07e0,2a07e0,A,36,9,gapstart,1,void,0,0,0,3,1,0
003a0804,2a0804,A,16,4,gapstart,1,r0,0,0,1,3,0,0
003a0814,2a0814,A,40,9,prologue,1,r0,0,0,1,1,0,0
003a083c,2a083c,A,36,9,gapstart,1,void,0,0,0,3,1,0
003a0860,2a0860,A,16,4,gapstart,1,r0,0,0,1,3,0,0
003a0870,2a0870,A,40,9,prologue,1,r0,0,0,1,1,0,0
003a0898,2a0898,A,36,9,gapstart,1,void,0,0,0,3,1,0
003a08bc,2a08bc,A,16,4,gapstart,1,r0,0,0,1,3,0,0
003a08cc,2a08cc,A,40,9,prologue,1,r0,0,0,1,1,0,0
003a08f4,2a08f4,A,36,9,gapstart,1,void,0,0,0,3,1,0
003a0918,2a0918,A,16,4,gapstart,1,r0,0,0,1,3,0,0
003a0928,2a0928,A,40,9,prologue,1,r0,0,0,1,1,0,0
003a0950,2a0950,A,36,9,gapstart,1,void,0,0,0,3,1,0
003a0974,2a0974,A,16,4,gapstart,1,r0,0,0,1,3,0,0
003a0984,2a0984,A,40,9,prologue,1,r0,0,0,1,1,0,0
003a09ac,2a09ac,A,36,9,gapstart,1,void,0,0,0,3,1,0
003a09d0,2a09d0,A,16,4,gapstart,1,r0,0,0,1,3,0,0
003a09e0,2a09e0,A,40,9,prologue,1,r0,0,0,1,1,0,0
003a0a08,2a0a08,A,36,9,gapstart,1,void,0,0,0,3,1,0
003a0a2c,2a0a2c,A,16,4,gapstart,1,r0,0,0,1,3,0,0
003a0a3c,2a0a3c,A,40,9,prologue,1,r0,0,0,1,1,0,0
003a0a64,2a0a64,A,36,9,gapstart,1,void,0,0,0,3,1,0
003a0a88,2a0a88,A,16,4,gapstart,1,r0,0,0,1,3,0,0
003a0a98,2a0a98,A,40,9,prologue,1,r0,0,0,1,1,0,0
003a0ac0,2a0ac0,A,36,9,gapstart,1,void,0,0,0,3,1,0
003a0ae4,2a0ae4,A,16,4,gapstart,1,r0,0,0,1,3,0,0
003a0af4,2a0af4,A,40,9,prologue,1,r0,0,0,1,1,0,0
003a0b1c,2a0b1c,A,36,9,gapstart,1,void,0,0,0,3,1,0
003a0b40,2a0b40,A,16,4,gapstart,1,r0,0,0,1,3,0,0
003a0b50,2a0b50,A,40,9,prologue,1,r0,0,0,1,1,0,0
003a0b78,2a0b78,A,36,9,gapstart,1,void,0,0,0,3,1,0
003a0b9c,2a0b9c,A,16,4,gapstart,1,r0,0,0,1,3,0,0
003a0bac,2a0bac,A,40,9,prologue,1,r0,0,0,1,1,0,0
003a0bd4,2a0bd4,A,36,9,gapstart,1,void,0,0,0,3,1,0
003a0bf8,2a0bf8,A,16,4,gapstart,1,r0,0,0,1,3,0,0
003a0c08,2a0c08,A,40,9,prologue,1,r0,0,0,1,1,0,0
003a0c30,2a0c30,A,36,9,gapstart,1,void,0,0,0,3,1,0
003a0c54,2a0c54,A,16,4,gapstart,1,r0,0,0,1,3,0,0
003a0c64,2a0c64,A,40,9,prologue,1,r0,0,0,1,1,0,0
003a0c8c,2a0c8c,A,36,9,gapstart,1,void,0,0,0,3,1,0
003a0cb0,2a0cb0,A,16,4,gapstart,1,r0,0,0,1,3,0,0
003a0cc0,2a0cc0,A,40,9,prologue,1,r0,0,0,1,1,0,0
003a0ce8,2a0ce8,A,36,9,gapstart,1,void,0,0,0,3,1,0
003a0d0c,2a0d0c,A,16,4,gapstart,1,r0,0,0,1,3,0,0
003a0d1c,2a0d1c,A,40,9,prologue,1,r0,0,0,1,1,0,0
003a0d44,2a0d44,A,36,9,gapstart,1,void,0,0,0,3,1,0
003a0d68,2a0d68,A,16,4,gapstart,1,r0,0,0,1,3,0,0
003a0d78,2a0d78,A,40,9,prologue,1,r0,0,0,1,1,0,0
003a0da0,2a0da0,A,36,9,gapstart,1,void,0,0,0,3,1,0
003a0dc4,2a0dc4,A,16,4,gapstart,1,r0,0,0,1,3,0,0
003a0dd4,2a0dd4,A,40,9,prologue,1,r0,0,0,1,1,0,0
003a0dfc,2a0dfc,A,36,9,gapstart,1,void,0,0,0,3,1,0
003a0e20,2a0e20,A,16,4,gapstart,1,r0,0,0,1,3,0,0
003a0e30,2a0e30,A,40,9,prologue,1,r0,0,0,1,1,0,0
003a0e58,2a0e58,A,36,9,gapstart,1,void,0,0,0,3,1,0
003a0e7c,2a0e7c,A,16,4,gapstart,1,r0,0,0,1,3,0,0
003a0e8c,2a0e8c,A,40,9,prologue,1,r0,0,0,1,1,0,0
003a0eb4,2a0eb4,A,36,9,gapstart,1,void,0,0,0,3,1,0
003a0ed8,2a0ed8,A,16,4,gapstart,1,r0,0,0,1,3,0,0
003a0ee8,2a0ee8,A,40,9,prologue,1,r0,0,0,1,1,0,0
003a0f10,2a0f10,A,36,9,gapstart,1,void,0,0,0,3,1,0
003a0f34,2a0f34,A,16,4,gapstart,1,r0,0,0,1,3,0,0
003a0f44,2a0f44,A,40,9,prologue,1,r0,0,0,1,1,0,0
003a0f6c,2a0f6c,A,36,9,gapstart,1,void,0,0,0,3,1,0
003a0f90,2a0f90,A,16,4,gapstart,1,r0,0,0,1,3,0,0
003a0fa0,2a0fa0,A,40,9,prologue,1,r0,0,0,1,1,0,0
003a0fc8,2a0fc8,A,36,9,gapstart,1,void,0,0,0,3,1,0
003a0fec,2a0fec,A,16,4,gapstart,1,r0,0,0,1,3,0,0
003a0ffc,2a0ffc,A,40,9,prologue,1,r0,0,0,1,1,0,0
003a1024,2a1024,A,36,9,gapstart,1,void,0,0,0,3,1,0
003a1048,2a1048,A,16,4,gapstart,1,r0,0,0,1,3,0,0
003a1058,2a1058,A,40,9,prologue,1,r0,0,0,1,1,0,0
003a1080,2a1080,A,36,9,gapstart,1,void,0,0,0,3,1,0
003a10a4,2a10a4,A,16,4,gapstart,1,r0,0,0,1,3,0,0
003a10b4,2a10b4,A,40,9,prologue,1,r0,0,0,1,1,0,0
003a10dc,2a10dc,A,36,9,gapstart,1,void,0,0,0,3,1,0
003a1100,2a1100,A,16,4,gapstart,1,r0,0,0,1,3,0,0
003a1110,2a1110,A,40,9,prologue,1,r0,0,0,1,1,0,0
003a1138,2a1138,A,36,9,gapstart,1,void,0,0,0,3,1,0
003a115c,2a115c,A,16,4,gapstart,1,r0,0,0,1,3,0,0
003a116c,2a116c,A,40,9,prologue,1,r0,0,0,1,1,0,0
003a1194,2a1194,A,36,9,gapstart,1,void,0,0,0,3,1,0
003a11b8,2a11b8,A,16,4,gapstart,1,r0,0,0,1,3,0,0
003a11c8,2a11c8,A,40,9,prologue,1,r0,0,0,1,1,0,0
003a11f0,2a11f0,A,36,9,gapstart,1,void,0,0,0,3,1,0
003a1214,2a1214,A,16,4,gapstart,1,r0,0,0,1,3,0,0
003a1224,2a1224,A,40,9,prologue,1,r0,0,0,1,1,0,0
003a124c,2a124c,A,36,9,gapstart,1,void,0,0,0,3,1,0
003a1270,2a1270,A,16,4,gapstart,1,r0,0,0,1,3,0,0
003a1280,2a1280,A,40,9,prologue,1,r0,0,0,1,1,0,0
003a12a8,2a12a8,A,36,9,gapstart,1,void,0,0,0,3,1,0
003a12cc,2a12cc,A,16,4,gapstart,1,r0,0,0,1,3,0,0
003a12dc,2a12dc,A,40,9,prologue,1,r0,0,0,1,1,0,0
003a1304,2a1304,A,36,9,gapstart,1,void,0,0,0,3,1,0
003a1328,2a1328,A,16,4,gapstart,1,r0,0,0,1,3,0,0
003a1338,2a1338,A,40,9,prologue,1,r0,0,0,1,1,0,0
003a1360,2a1360,A,36,9,gapstart,1,void,0,0,0,3,1,0
003a1384,2a1384,A,16,4,gapstart,1,r0,0,0,1,3,0,0
003a1394,2a1394,A,40,9,prologue,1,r0,0,0,1,1,0,0
003a13bc,2a13bc,A,36,9,gapstart,1,void,0,0,0,3,1,0
003a13e0,2a13e0,A,16,4,gapstart,1,r0,0,0,1,3,0,0
003a13f0,2a13f0,A,40,9,prologue,1,r0,0,0,1,1,0,0
003a1418,2a1418,A,36,9,gapstart,1,void,0,0,0,3,1,0
003a143c,2a143c,A,16,4,gapstart,1,r0,0,0,1,3,0,0
003a144c,2a144c,A,40,9,prologue,1,r0,0,0,1,1,0,0
003a1474,2a1474,A,40,10,gapstart,1,void,0,0,0,3,1,0
003a14a0,2a14a0,A,40,9,prologue,1,r0,0,0,1,1,0,0
003a14c8,2a14c8,A,40,10,gapstart,1,void,0,0,0,3,1,0
003a14f4,2a14f4,A,40,9,prologue,1,r0,0,0,1,1,0,0
003a151c,2a151c,A,40,10,gapstart,1,void,0,0,0,3,1,0
003a1548,2a1548,A,40,9,prologue,1,r0,0,0,1,1,0,0
003a1570,2a1570,A,40,10,gapstart,1,void,0,0,0,3,1,0
003a159c,2a159c,A,40,9,prologue,1,r0,0,0,1,1,0,0
003a15c4,2a15c4,A,40,10,gapstart,1,void,0,0,0,3,1,0
003a15f0,2a15f0,A,40,9,prologue,1,r0,0,0,1,1,0,0
003a1618,2a1618,A,40,10,gapstart,1,void,0,0,0,3,1,0
003a1644,2a1644,A,40,9,prologue,1,r0,0,0,1,1,0,0
003a166c,2a166c,A,40,10,gapstart,1,void,0,0,0,3,1,0
003a1698,2a1698,A,40,9,prologue,1,r0,0,0,1,1,0,0
003a16c0,2a16c0,A,40,10,gapstart,1,void,0,0,0,3,1,0
003a16ec,2a16ec,A,40,9,prologue,1,r0,0,0,1,1,0,0
003a1714,2a1714,A,40,10,gapstart,1,void,0,0,0,3,1,0
003a1740,2a1740,A,40,9,prologue,1,r0,0,0,1,1,0,0
003a1768,2a1768,A,40,10,gapstart,1,void,0,0,0,3,1,0
003a1794,2a1794,A,40,9,prologue,1,r0,0,0,1,1,0,0
003a17bc,2a17bc,A,40,10,gapstart,1,void,0,0,0,3,1,0
003a17e8,2a17e8,A,40,9,prologue,1,r0,0,0,1,1,0,0
003a1810,2a1810,A,40,10,gapstart,1,void,0,0,0,3,1,0
003a183c,2a183c,A,40,9,prologue,1,r0,0,0,1,1,0,0
003a1864,2a1864,A,40,10,gapstart,1,void,0,0,0,3,1,0
003a1890,2a1890,A,40,9,prologue,1,r0,0,0,1,1,0,0
003a18b8,2a18b8,A,40,10,gapstart,1,void,0,0,0,3,1,0
003a18e4,2a18e4,A,40,9,prologue,1,r0,0,0,1,1,0,0
003a190c,2a190c,A,40,10,gapstart,1,void,0,0,0,3,1,0
003a1938,2a1938,A,40,9,prologue,1,r0,0,0,1,1,0,0
003a1960,2a1960,A,40,10,gapstart,1,void,0,0,0,3,1,0
003a198c,2a198c,A,40,9,prologue,1,r0,0,0,1,1,0,0
003a19b4,2a19b4,A,40,10,gapstart,1,void,0,0,0,3,1,0
003a19e0,2a19e0,A,40,9,prologue,1,r0,0,0,1,1,0,0
003a1a08,2a1a08,A,40,10,gapstart,1,void,0,0,0,3,1,0
003a1a34,2a1a34,A,40,9,prologue,1,r0,0,0,1,1,0,0
003a1a5c,2a1a5c,A,40,10,gapstart,1,void,0,0,0,3,1,0
003a1a88,2a1a88,A,40,9,prologue,1,r0,0,0,1,1,0,0
003a1ab0,2a1ab0,A,40,10,gapstart,1,void,0,0,0,3,1,0
003a1adc,2a1adc,A,40,9,prologue,1,r0,0,0,1,1,0,0
003a1b04,2a1b04,A,16,4,gapstart,2,void,0,0,0,1,1,0
003a1b18,2a1b18,A,40,9,prologue,1,r0,0,0,1,1,0,0
003a1b40,2a1b40,A,52,13,gapstart,1,void,0,0,0,3,1,0
003a1b78,2a1b78,A,40,9,prologue,1,r0,0,0,1,1,0,0
003a1ba0,2a1ba0,A,48,12,gapstart,1,void,0,0,0,3,1,0
003a1bd4,2a1bd4,A,40,9,prologue,1,r0,0,0,1,1,0,0
003a1bfc,2a1bfc,A,48,12,gapstart,1,void,0,0,0,3,1,0
003a1c30,2a1c30,A,40,9,prologue,1,r0,0,0,1,1,0,0
003a1c58,2a1c58,A,52,13,gapstart,1,void,0,0,0,3,1,0
003a1c90,2a1c90,A,40,9,prologue,1,r0,0,0,1,1,0,0
003a1cb8,2a1cb8,A,48,12,gapstart,1,void,0,0,0,3,1,0
003a1cec,2a1cec,A,40,9,prologue,1,r0,0,0,1,1,0,0
003a1d14,2a1d14,A,48,12,gapstart,1,void,0,0,0,3,1,0
003a1d48,2a1d48,A,40,9,prologue,1,r0,0,0,1,1,0,0
003a1d70,2a1d70,A,52,13,gapstart,1,void,0,0,0,3,1,0
003a1da8,2a1da8,A,40,9,prologue,1,r0,0,0,1,1,0,0
003a1dd0,2a1dd0,A,48,12,gapstart,1,void,0,0,0,3,1,0
003a1e04,2a1e04,A,40,9,prologue,1,r0,0,0,1,1,0,0
003a1e2c,2a1e2c,A,52,13,gapstart,1,void,0,0,0,3,1,0
003a1e64,2a1e64,A,40,9,prologue,1,r0,0,0,1,1,0,0
003a1e8c,2a1e8c,A,52,13,gapstart,1,void,0,0,0,3,1,0
003a1ec4,2a1ec4,A,40,9,prologue,1,r0,0,0,1,1,0,0
003a1eec,2a1eec,A,52,13,gapstart,1,void,0,0,0,3,1,0
003a1f24,2a1f24,A,40,9,prologue,1,r0,0,0,1,1,0,0
003a1f4c,2a1f4c,A,52,13,gapstart,1,void,0,0,0,3,1,0
003a1f84,2a1f84,A,40,9,prologue,1,r0,0,0,1,1,0,0
003a1fac,2a1fac,A,52,13,gapstart,1,void,0,0,0,3,1,0
003a1fe4,2a1fe4,A,40,9,prologue,1,r0,0,0,1,1,0,0
003a200c,2a200c,A,48,12,gapstart,1,void,0,0,0,3,1,0
003a2040,2a2040,A,40,9,prologue,1,r0,0,0,1,1,0,0
003a2068,2a2068,A,52,13,gapstart,1,void,0,0,0,3,1,0
003a20a0,2a20a0,A,40,9,prologue,1,r0,0,0,1,1,0,0
003a20c8,2a20c8,A,52,13,gapstart,1,void,0,0,0,3,1,0
003a2100,2a2100,A,40,9,prologue,1,r0,0,0,1,1,0,0
003a2128,2a2128,A,48,12,gapstart,1,void,0,0,0,3,1,0
003a215c,2a215c,A,40,9,prologue,1,r0,0,0,1,1,0,0
003a2184,2a2184,A,52,13,gapstart,1,void,0,0,0,3,1,0
003a21bc,2a21bc,A,40,9,prologue,1,r0,0,0,1,1,0,0
003a21e4,2a21e4,A,48,12,gapstart,1,void,0,0,0,3,1,0
003a2218,2a2218,A,40,9,prologue,1,r0,0,0,1,1,0,0
003a2240,2a2240,A,52,13,gapstart,1,void,0,0,0,3,1,0
003a2278,2a2278,A,40,9,prologue,1,r0,0,0,1,1,0,0
003a22a0,2a22a0,A,48,12,gapstart,1,void,0,0,0,3,1,0
003a22d4,2a22d4,A,40,9,prologue,1,r0,0,0,1,1,0,0
003a22fc,2a22fc,A,48,12,gapstart,1,void,0,0,0,3,1,0
003a2330,2a2330,A,40,9,prologue,1,r0,0,0,1,1,0,0
003a2358,2a2358,A,52,13,gapstart,1,void,0,0,0,3,1,0
003a2390,2a2390,A,40,9,prologue,1,r0,0,0,1,1,0,0
003a23b8,2a23b8,A,52,13,gapstart,1,void,0,0,0,3,1,0
003a23f0,2a23f0,A,40,9,prologue,1,r0,0,0,1,1,0,0
003a2418,2a2418,A,48,12,gapstart,1,void,0,0,0,3,1,0
003a244c,2a244c,A,40,9,prologue,1,r0,0,0,1,1,0,0
003a2474,2a2474,A,52,13,gapstart,1,void,0,0,0,3,1,0
003a24ac,2a24ac,A,40,9,prologue,1,r0,0,0,1,1,0,0
003a24d4,2a24d4,A,52,13,gapstart,1,void,0,0,0,3,1,0
003a250c,2a250c,A,40,9,prologue,1,r0,0,0,1,1,0,0
003a2534,2a2534,A,52,13,gapstart,1,void,0,0,0,3,1,0
003a256c,2a256c,A,40,9,prologue,1,r0,0,0,1,1,0,0
003a2594,2a2594,A,52,13,gapstart,1,void,0,0,0,3,1,0
003a25cc,2a25cc,A,40,9,prologue,1,r0,0,0,1,1,0,0
003a25f4,2a25f4,A,52,13,gapstart,1,void,0,0,0,3,1,0
003a262c,2a262c,A,40,9,prologue,1,r0,0,0,1,1,0,0
003a2654,2a2654,A,48,12,gapstart,1,void,0,0,0,3,1,0
003a2688,2a2688,A,40,9,prologue,1,r0,0,0,1,1,0,0
003a26b0,2a26b0,A,52,13,gapstart,1,void,0,0,0,3,1,0
003a26e8,2a26e8,A,40,9,prologue,1,r0,0,0,1,1,0,0
003a2710,2a2710,A,52,13,gapstart,1,void,0,0,0,3,1,0
003a2748,2a2748,A,40,9,prologue,1,r0,0,0,1,1,0,0
003a2770,2a2770,A,48,12,gapstart,1,void,0,0,0,3,1,0
003a27a4,2a27a4,A,40,9,prologue,1,r0,0,0,1,1,0,0
003a27cc,2a27cc,A,52,13,gapstart,1,void,0,0,0,3,1,0
003a2804,2a2804,A,40,9,prologue,1,r0,0,0,1,1,0,0
003a282c,2a282c,A,52,13,gapstart,1,void,0,0,0,3,1,0
003a2864,2a2864,A,40,9,prologue,1,r0,0,0,1,1,0,0
003a288c,2a288c,A,52,13,gapstart,1,void,0,0,0,3,1,0
003a28c4,2a28c4,A,40,9,prologue,1,r0,0,0,1,1,0,0
003a28ec,2a28ec,A,48,12,gapstart,1,void,0,0,0,3,1,0
003a2920,2a2920,A,40,9,prologue,1,r0,0,0,1,1,0,0
003a2948,2a2948,A,52,13,gapstart,1,void,0,0,0,3,1,0
003a2980,2a2980,A,40,9,prologue,1,r0,0,0,1,1,0,0
003a29a8,2a29a8,A,52,13,gapstart,1,void,0,0,0,3,1,0
003a29e0,2a29e0,A,40,9,prologue,1,r0,0,0,1,1,0,0
003a2a08,2a2a08,A,52,13,gapstart,1,void,0,0,0,3,1,0
003a2a40,2a2a40,A,40,9,prologue,1,r0,0,0,1,1,0,0
003a2a68,2a2a68,A,52,13,gapstart,1,void,0,0,0,3,1,0
003a2aa0,2a2aa0,A,40,9,prologue,1,r0,0,0,1,1,0,0
003a2ac8,2a2ac8,A,48,12,gapstart,1,void,0,0,0,3,1,0
003a2afc,2a2afc,A,40,9,prologue,1,r0,0,0,1,1,0,0
003a2b24,2a2b24,A,52,13,gapstart,1,void,0,0,0,3,1,0
003a2b5c,2a2b5c,A,40,9,prologue,1,r0,0,0,1,1,0,0
003a2b84,2a2b84,A,48,12,gapstart,1,void,0,0,0,3,1,0
003a2bb8,2a2bb8,A,40,9,prologue,1,r0,0,0,1,1,0,0
003a2be0,2a2be0,A,52,13,gapstart,1,void,0,0,0,3,1,0
003a2c18,2a2c18,A,40,9,prologue,1,r0,0,0,1,1,0,0
003a2c40,2a2c40,A,52,13,gapstart,1,void,0,0,0,3,1,0
003a2c78,2a2c78,A,40,9,prologue,1,r0,0,0,1,1,0,0
003a2ca0,2a2ca0,A,52,13,gapstart,1,void,0,0,0,3,1,0
003a2cd8,2a2cd8,A,40,9,prologue,1,r0,0,0,1,1,0,0
003a2d00,2a2d00,A,52,13,gapstart,1,void,0,0,0,3,1,0
003a2d38,2a2d38,A,40,9,prologue,1,r0,0,0,1,1,0,0
003a2d60,2a2d60,A,52,13,gapstart,1,void,0,0,0,3,1,0
003a2d98,2a2d98,A,40,9,prologue,1,r0,0,0,1,1,0,0
003a2dc0,2a2dc0,A,48,12,gapstart,1,void,0,0,0,3,1,0
003a2df4,2a2df4,A,40,9,prologue,1,r0,0,0,1,1,0,0
003a2e1c,2a2e1c,A,52,13,gapstart,1,void,0,0,0,3,1,0
003a2e54,2a2e54,A,40,9,prologue,1,r0,0,0,1,1,0,0
003a2e7c,2a2e7c,A,52,13,gapstart,1,void,0,0,0,3,1,0
003a2eb4,2a2eb4,A,40,9,prologue,1,r0,0,0,1,1,0,0
003a2edc,2a2edc,A,52,13,gapstart,1,void,0,0,0,3,1,0
003a2f14,2a2f14,A,40,9,prologue,1,r0,0,0,1,1,0,0
003a2f3c,2a2f3c,A,48,12,gapstart,1,void,0,0,0,3,1,0
003a2f70,2a2f70,A,40,9,prologue,1,r0,0,0,1,1,0,0
003a2f98,2a2f98,A,52,13,gapstart,1,void,0,0,0,3,1,0
003a2fd0,2a2fd0,A,40,9,prologue,1,r0,0,0,1,1,0,0
003a2ff8,2a2ff8,A,48,12,gapstart,1,void,0,0,0,3,1,0
003a302c,2a302c,A,40,9,prologue,1,r0,0,0,1,1,0,0
003a3054,2a3054,A,52,13,gapstart,1,void,0,0,0,3,1,0
003a308c,2a308c,A,40,9,prologue,1,r0,0,0,1,1,0,0
003a30b4,2a30b4,A,52,13,gapstart,1,void,0,0,0,3,1,0
003a30ec,2a30ec,A,40,9,prologue,1,r0,0,0,1,1,0,0
003a3114,2a3114,A,52,13,gapstart,1,void,0,0,0,3,1,0
003a314c,2a314c,A,40,9,prologue,1,r0,0,0,1,1,0,0
003a3174,2a3174,A,52,13,gapstart,1,void,0,0,0,3,1,0
003a31ac,2a31ac,A,40,9,prologue,1,r0,0,0,1,1,0,0
003a31d4,2a31d4,A,48,12,gapstart,1,void,0,0,0,3,1,0
003a3208,2a3208,A,40,9,prologue,1,r0,0,0,1,1,0,0
003a3230,2a3230,A,80,20,gapstart,3,r0,0,0,0,3,1,0
003a3284,2a3284,A,40,9,prologue,1,r0,0,0,1,1,0,0
003a32ac,2a32ac,A,52,13,gapstart,1,void,0,0,0,3,1,0
003a32e4,2a32e4,A,40,9,prologue,1,r0,0,0,1,1,0,0
003a330c,2a330c,A,52,13,gapstart,1,void,0,0,0,3,1,0
003a3344,2a3344,A,40,9,prologue,1,r0,0,0,1,1,0,0
003a336c,2a336c,A,80,20,gapstart,3,r0,0,0,0,3,1,0
003a33c0,2a33c0,A,40,9,prologue,1,r0,0,0,1,1,0,0
003a33e8,2a33e8,A,48,12,gapstart,1,void,0,0,0,3,1,0
003a341c,2a341c,A,40,9,prologue,1,r0,0,0,1,1,0,0
003a3444,2a3444,A,52,13,gapstart,1,void,0,0,0,3,1,0
003a347c,2a347c,A,40,9,prologue,1,r0,0,0,1,1,0,0
003a34a4,2a34a4,A,48,12,gapstart,1,void,0,0,0,3,1,0
003a34d8,2a34d8,A,40,9,prologue,1,r0,0,0,1,1,0,0
003a3500,2a3500,A,52,13,gapstart,1,void,0,0,0,3,1,0
003a3538,2a3538,A,40,9,prologue,1,r0,0,0,1,1,0,0
003a3560,2a3560,A,52,13,gapstart,1,void,0,0,0,3,1,0
003a3598,2a3598,A,40,9,prologue,1,r0,0,0,1,1,0,0
003a35c0,2a35c0,A,80,20,gapstart,3,r0,0,0,0,3,1,0
003a3614,2a3614,A,40,9,prologue,1,r0,0,0,1,1,0,0
003a363c,2a363c,A,52,13,gapstart,1,void,0,0,0,3,1,0
003a3674,2a3674,A,40,9,prologue,1,r0,0,0,1,1,0,0
003a369c,2a369c,A,52,13,gapstart,1,void,0,0,0,3,1,0
003a36d4,2a36d4,A,40,9,prologue,1,r0,0,0,1,1,0,0
003a36fc,2a36fc,A,52,13,gapstart,1,void,0,0,0,3,1,0
003a3734,2a3734,A,40,9,prologue,1,r0,0,0,1,1,0,0
003a375c,2a375c,A,52,13,gapstart,1,void,0,0,0,3,1,0
003a3794,2a3794,A,40,9,prologue,1,r0,0,0,1,1,0,0
003a37bc,2a37bc,A,52,13,gapstart,1,void,0,0,0,3,1,0
003a37f4,2a37f4,A,40,9,prologue,1,r0,0,0,1,1,0,0
003a381c,2a381c,A,52,13,gapstart,1,void,0,0,0,3,1,0
003a3854,2a3854,A,40,9,prologue,1,r0,0,0,1,1,0,0
003a387c,2a387c,A,52,13,gapstart,1,void,0,0,0,3,1,0
003a38b4,2a38b4,A,40,9,prologue,1,r0,0,0,1,1,0,0
003a38dc,2a38dc,A,52,13,gapstart,1,void,0,0,0,3,1,0
003a3914,2a3914,A,40,9,prologue,1,r0,0,0,1,1,0,0
003a393c,2a393c,A,48,12,gapstart,1,void,0,0,0,3,1,0
003a3970,2a3970,A,40,9,prologue,1,r0,0,0,1,1,0,0
003a3998,2a3998,A,52,13,gapstart,1,void,0,0,0,3,1,0
003a39d0,2a39d0,A,40,9,prologue,1,r0,0,0,1,1,0,0
003a39f8,2a39f8,A,52,13,gapstart,1,void,0,0,0,3,1,0
003a3a30,2a3a30,A,40,9,prologue,1,r0,0,0,1,1,0,0
003a3a58,2a3a58,A,48,12,gapstart,1,void,0,0,0,3,1,0
003a3a8c,2a3a8c,A,40,9,prologue,1,r0,0,0,1,1,0,0
003a3ab4,2a3ab4,A,52,13,gapstart,1,void,0,0,0,3,1,0
003a3aec,2a3aec,A,40,9,prologue,1,r0,0,0,1,1,0,0
003a3b14,2a3b14,A,52,13,gapstart,1,void,0,0,0,3,1,0
003a3b4c,2a3b4c,A,40,9,prologue,1,r0,0,0,1,1,0,0
003a3b74,2a3b74,A,48,12,gapstart,1,void,0,0,0,3,1,0
003a3ba8,2a3ba8,A,40,9,prologue,1,r0,0,0,1,1,0,0
003a3bd0,2a3bd0,A,52,13,gapstart,1,void,0,0,0,3,1,0
003a3c08,2a3c08,A,40,9,prologue,1,r0,0,0,1,1,0,0
003a3c30,2a3c30,A,52,13,gapstart,1,void,0,0,0,3,1,0
003a3c68,2a3c68,A,40,9,prologue,1,r0,0,0,1,1,0,0
003a3c90,2a3c90,A,52,13,gapstart,1,void,0,0,0,3,1,0
003a3cc8,2a3cc8,A,40,9,prologue,1,r0,0,0,1,1,0,0
003a3cf0,2a3cf0,A,48,12,gapstart,1,void,0,0,0,3,1,0
003a3d24,2a3d24,A,40,9,prologue,1,r0,0,0,1,1,0,0
003a3d4c,2a3d4c,A,52,13,gapstart,1,void,0,0,0,3,1,0
003a3d84,2a3d84,A,40,9,prologue,1,r0,0,0,1,1,0,0
003a3dac,2a3dac,A,48,12,gapstart,1,void,0,0,0,3,1,0
003a3de0,2a3de0,A,40,9,prologue,1,r0,0,0,1,1,0,0
003a3e08,2a3e08,A,52,13,gapstart,1,void,0,0,0,3,1,0
003a3e40,2a3e40,A,40,9,prologue,1,r0,0,0,1,1,0,0
003a3e68,2a3e68,A,48,12,gapstart,1,void,0,0,0,3,1,0
003a3e9c,2a3e9c,A,40,9,prologue,1,r0,0,0,1,1,0,0
003a3ec4,2a3ec4,A,52,13,gapstart,1,void,0,0,0,3,1,0
003a3efc,2a3efc,A,40,9,prologue,1,r0,0,0,1,1,0,0
003a3f24,2a3f24,A,52,13,gapstart,1,void,0,0,0,3,1,0
003a3f5c,2a3f5c,A,40,9,prologue,1,r0,0,0,1,1,0,0
003a3f84,2a3f84,A,52,13,gapstart,1,void,0,0,0,3,1,0
003a3fbc,2a3fbc,A,40,9,prologue,1,r0,0,0,1,1,0,0
003a3fe4,2a3fe4,A,48,12,gapstart,1,void,0,0,0,3,1,0
003a4018,2a4018,A,40,9,prologue,1,r0,0,0,1,1,0,0
003a4040,2a4040,A,52,13,gapstart,1,void,0,0,0,3,1,0
003a4078,2a4078,A,40,9,prologue,1,r0,0,0,1,1,0,0
003a40a0,2a40a0,A,48,12,gapstart,1,void,0,0,0,3,1,0
003a40d4,2a40d4,A,40,9,prologue,1,r0,0,0,1,1,0,0
003a40fc,2a40fc,A,52,13,gapstart,1,void,0,0,0,3,1,0
003a4134,2a4134,A,40,9,prologue,1,r0,0,0,1,1,0,0
003a415c,2a415c,A,52,13,gapstart,1,void,0,0,0,3,1,0
003a4194,2a4194,A,40,9,prologue,1,r0,0,0,1,1,0,0
003a41bc,2a41bc,A,48,12,gapstart,1,void,0,0,0,3,1,0
003a41f0,2a41f0,A,40,9,prologue,1,r0,0,0,1,1,0,0
003a4218,2a4218,A,52,13,gapstart,1,void,0,0,0,3,1,0
003a4250,2a4250,A,40,9,prologue,1,r0,0,0,1,1,0,0
003a4278,2a4278,A,52,13,gapstart,1,void,0,0,0,3,1,0
003a42b0,2a42b0,A,40,9,prologue,1,r0,0,0,1,1,0,0
003a42d8,2a42d8,A,52,13,gapstart,1,void,0,0,0,3,1,0
003a4310,2a4310,A,40,9,prologue,1,r0,0,0,1,1,0,0
003a4338,2a4338,A,52,13,gapstart,1,void,0,0,0,3,1,0
003a4370,2a4370,A,40,9,prologue,1,r0,0,0,1,1,0,0
003a4398,2a4398,A,48,12,gapstart,1,void,0,0,0,3,1,0
003a43cc,2a43cc,A,40,9,prologue,1,r0,0,0,1,1,0,0
003a43f4,2a43f4,A,52,13,gapstart,1,void,0,0,0,3,1,0
003a442c,2a442c,A,40,9,prologue,1,r0,0,0,1,1,0,0
003a4454,2a4454,A,52,13,gapstart,1,void,0,0,0,3,1,0
003a448c,2a448c,A,40,9,prologue,1,r0,0,0,1,1,0,0
003a44b4,2a44b4,A,52,13,gapstart,1,void,0,0,0,3,1,0
003a44ec,2a44ec,A,40,9,prologue,1,r0,0,0,1,1,0,0
003a4514,2a4514,A,48,12,gapstart,1,void,0,0,0,3,1,0
003a4548,2a4548,A,40,9,prologue,1,r0,0,0,1,1,0,0
003a4570,2a4570,A,52,13,gapstart,1,void,0,0,0,3,1,0
003a45a8,2a45a8,A,40,9,prologue,1,r0,0,0,1,1,0,0
003a45d0,2a45d0,A,52,13,gapstart,1,void,0,0,0,3,1,0
003a4608,2a4608,A,40,9,prologue,1,r0,0,0,1,1,0,0
003a4630,2a4630,A,52,13,gapstart,1,void,0,0,0,3,1,0
003a4668,2a4668,A,40,9,prologue,1,r0,0,0,1,1,0,0
003a4690,2a4690,A,52,13,gapstart,1,void,0,0,0,3,1,0
003a46c8,2a46c8,A,40,9,prologue,1,r0,0,0,1,1,0,0
003a46f0,2a46f0,A,52,13,gapstart,1,void,0,0,0,3,1,0
003a4728,2a4728,A,40,9,prologue,1,r0,0,0,1,1,0,0
003a4750,2a4750,A,48,12,gapstart,1,void,0,0,0,3,1,0
003a4784,2a4784,A,40,9,prologue,1,r0,0,0,1,1,0,0
003a47ac,2a47ac,A,52,13,gapstart,1,void,0,0,0,3,1,0
003a47e4,2a47e4,A,40,9,prologue,1,r0,0,0,1,1,0,0
003a480c,2a480c,A,52,13,gapstart,1,void,0,0,0,3,1,0
003a4844,2a4844,A,40,9,prologue,1,r0,0,0,1,1,0,0
003a486c,2a486c,A,52,13,gapstart,1,void,0,0,0,3,1,0
003a48a4,2a48a4,A,40,9,prologue,1,r0,0,0,1,1,0,0
003a48cc,2a48cc,A,48,12,gapstart,1,void,0,0,0,3,1,0
003a4900,2a4900,A,40,9,prologue,1,r0,0,0,1,1,0,0
003a4928,2a4928,A,52,13,gapstart,1,void,0,0,0,3,1,0
003a4960,2a4960,A,40,9,prologue,1,r0,0,0,1,1,0,0
003a4988,2a4988,A,52,13,gapstart,1,void,0,0,0,3,1,0
003a49c0,2a49c0,A,40,9,prologue,1,r0,0,0,1,1,0,0
003a49e8,2a49e8,A,48,12,gapstart,1,void,0,0,0,3,1,0
003a4a1c,2a4a1c,A,40,9,prologue,1,r0,0,0,1,1,0,0
003a4a44,2a4a44,A,52,13,gapstart,1,void,0,0,0,3,1,0
003a4a7c,2a4a7c,A,40,9,prologue,1,r0,0,0,1,1,0,0
003a4aa4,2a4aa4,A,52,13,gapstart,1,void,0,0,0,3,1,0
003a4adc,2a4adc,A,40,9,prologue,1,r0,0,0,1,1,0,0
003a4b04,2a4b04,A,48,12,gapstart,1,void,0,0,0,3,1,0
003a4b38,2a4b38,A,40,9,prologue,1,r0,0,0,1,1,0,0
003a4b60,2a4b60,A,52,13,gapstart,1,void,0,0,0,3,1,0
003a4b98,2a4b98,A,40,9,prologue,1,r0,0,0,1,1,0,0
003a4bc0,2a4bc0,A,52,13,gapstart,1,void,0,0,0,3,1,0
003a4bf8,2a4bf8,A,40,9,prologue,1,r0,0,0,1,1,0,0
003a4c20,2a4c20,A,48,12,gapstart,1,void,0,0,0,3,1,0
003a4c54,2a4c54,A,40,9,prologue,1,r0,0,0,1,1,0,0
003a4c7c,2a4c7c,A,52,13,gapstart,1,void,0,0,0,3,1,0
003a4cb4,2a4cb4,A,40,9,prologue,1,r0,0,0,1,1,0,0
003a4cdc,2a4cdc,A,52,13,gapstart,1,void,0,0,0,3,1,0
003a4d14,2a4d14,A,40,9,prologue,1,r0,0,0,1,1,0,0
003a4d3c,2a4d3c,A,48,12,gapstart,1,void,0,0,0,3,1,0
003a4d70,2a4d70,A,40,9,prologue,1,r0,0,0,1,1,0,0
003a4d98,2a4d98,A,52,13,gapstart,1,void,0,0,0,3,1,0
003a4dd0,2a4dd0,A,40,9,prologue,1,r0,0,0,1,1,0,0
003a4df8,2a4df8,A,52,13,gapstart,1,void,0,0,0,3,1,0
003a4e30,2a4e30,A,40,9,prologue,1,r0,0,0,1,1,0,0
003a4e58,2a4e58,A,52,13,gapstart,1,void,0,0,0,3,1,0
003a4e90,2a4e90,A,40,9,prologue,1,r0,0,0,1,1,0,0
003a4eb8,2a4eb8,A,52,13,gapstart,1,void,0,0,0,3,1,0
003a4ef0,2a4ef0,A,40,9,prologue,1,r0,0,0,1,1,0,0
003a4f18,2a4f18,A,52,13,gapstart,1,void,0,0,0,3,1,0
003a4f50,2a4f50,A,40,9,prologue,1,r0,0,0,1,1,0,0
003a4f78,2a4f78,A,48,12,gapstart,1,void,0,0,0,3,1,0
003a4fac,2a4fac,A,40,9,prologue,1,r0,0,0,1,1,0,0
003a4fd4,2a4fd4,A,52,13,gapstart,1,void,0,0,0,3,1,0
003a500c,2a500c,A,40,9,prologue,1,r0,0,0,1,1,0,0
003a5034,2a5034,A,52,13,gapstart,1,void,0,0,0,3,1,0
003a506c,2a506c,A,40,9,prologue,1,r0,0,0,1,1,0,0
003a5094,2a5094,A,52,13,gapstart,1,void,0,0,0,3,1,0
003a50cc,2a50cc,A,40,9,prologue,1,r0,0,0,1,1,0,0
003a50f4,2a50f4,A,52,13,gapstart,1,void,0,0,0,3,1,0
003a512c,2a512c,A,40,9,prologue,1,r0,0,0,1,1,0,0
003a5154,2a5154,A,52,13,gapstart,1,void,0,0,0,3,1,0
003a518c,2a518c,A,40,9,prologue,1,r0,0,0,1,1,0,0
003a51b4,2a51b4,A,52,13,gapstart,1,void,0,0,0,3,1,0
003a51ec,2a51ec,A,40,9,prologue,1,r0,0,0,1,1,0,0
003a5214,2a5214,A,52,13,gapstart,1,void,0,0,0,3,1,0
003a524c,2a524c,A,40,9,prologue,1,r0,0,0,1,1,0,0
003a5274,2a5274,A,52,13,gapstart,1,void,0,0,0,3,1,0
003a52ac,2a52ac,A,40,9,prologue,1,r0,0,0,1,1,0,0
003a52d4,2a52d4,A,52,13,gapstart,1,void,0,0,0,3,1,0
003a530c,2a530c,A,40,9,prologue,1,r0,0,0,1,1,0,0
003a5334,2a5334,A,48,12,gapstart,1,void,0,0,0,3,1,0
003a5368,2a5368,A,40,9,prologue,1,r0,0,0,1,1,0,0
003a5390,2a5390,A,52,13,gapstart,1,void,0,0,0,3,1,0
003a53c8,2a53c8,A,40,9,prologue,1,r0,0,0,1,1,0,0
003a53f0,2a53f0,A,48,12,gapstart,1,void,0,0,0,3,1,0
003a5424,2a5424,A,40,9,prologue,1,r0,0,0,1,1,0,0
003a544c,2a544c,A,52,13,gapstart,1,void,0,0,0,3,1,0
003a5484,2a5484,A,40,9,prologue,1,r0,0,0,1,1,0,0
003a54ac,2a54ac,A,52,13,gapstart,1,void,0,0,0,3,1,0
003a54e4,2a54e4,A,40,9,prologue,1,r0,0,0,1,1,0,0
003a550c,2a550c,A,52,13,gapstart,1,void,0,0,0,3,1,0
003a5544,2a5544,A,40,9,prologue,1,r0,0,0,1,1,0,0
003a556c,2a556c,A,52,13,gapstart,1,void,0,0,0,3,1,0
003a55a4,2a55a4,A,40,9,prologue,1,r0,0,0,1,1,0,0
003a55cc,2a55cc,A,52,13,gapstart,1,void,0,0,0,3,1,0
003a5604,2a5604,A,40,9,prologue,1,r0,0,0,1,1,0,0
003a562c,2a562c,A,52,13,gapstart,1,void,0,0,0,3,1,0
003a5664,2a5664,A,40,9,prologue,1,r0,0,0,1,1,0,0
003a568c,2a568c,A,48,12,gapstart,1,void,0,0,0,3,1,0
003a56c0,2a56c0,A,40,9,prologue,1,r0,0,0,1,1,0,0
003a56e8,2a56e8,A,52,13,gapstart,1,void,0,0,0,3,1,0
003a5720,2a5720,A,40,9,prologue,1,r0,0,0,1,1,0,0
003a5748,2a5748,A,52,13,gapstart,1,void,0,0,0,3,1,0
003a5780,2a5780,A,40,9,prologue,1,r0,0,0,1,1,0,0
003a57a8,2a57a8,A,52,13,gapstart,1,void,0,0,0,3,1,0
003a57e0,2a57e0,A,40,9,prologue,1,r0,0,0,1,1,0,0
003a5808,2a5808,A,52,13,gapstart,1,void,0,0,0,3,1,0
003a5840,2a5840,A,40,9,prologue,1,r0,0,0,1,1,0,0
003a5868,2a5868,A,52,13,gapstart,1,void,0,0,0,3,1,0
003a58a0,2a58a0,A,40,9,prologue,1,r0,0,0,1,1,0,0
003a58c8,2a58c8,A,52,13,gapstart,1,void,0,0,0,3,1,0
003a5900,2a5900,A,40,9,prologue,1,r0,0,0,1,1,0,0
003a5928,2a5928,A,52,13,gapstart,1,void,0,0,0,3,1,0
003a5960,2a5960,A,40,9,prologue,1,r0,0,0,1,1,0,0
003a5988,2a5988,A,52,13,gapstart,1,void,0,0,0,3,1,0
003a59c0,2a59c0,A,40,9,prologue,1,r0,0,0,1,1,0,0
003a59e8,2a59e8,A,48,12,gapstart,1,void,0,0,0,3,1,0
003a5a1c,2a5a1c,A,40,9,prologue,1,r0,0,0,1,1,0,0
003a5a44,2a5a44,A,52,13,gapstart,1,void,0,0,0,3,1,0
003a5a7c,2a5a7c,A,40,9,prologue,1,r0,0,0,1,1,0,0
003a5aa4,2a5aa4,A,52,13,gapstart,1,void,0,0,0,3,1,0
003a5adc,2a5adc,A,40,9,prologue,1,r0,0,0,1,1,0,0
003a5b04,2a5b04,A,48,12,gapstart,1,void,0,0,0,3,1,0
003a5b38,2a5b38,A,40,9,prologue,1,r0,0,0,1,1,0,0
003a5b60,2a5b60,A,52,13,gapstart,1,void,0,0,0,3,1,0
003a5b98,2a5b98,A,40,9,prologue,1,r0,0,0,1,1,0,0
003a5bc0,2a5bc0,A,48,12,gapstart,1,void,0,0,0,3,1,0
003a5bf4,2a5bf4,A,40,9,prologue,1,r0,0,0,1,1,0,0
003a5c1c,2a5c1c,A,52,13,gapstart,1,void,0,0,0,3,1,0
003a5c54,2a5c54,A,40,9,prologue,1,r0,0,0,1,1,0,0
003a5c7c,2a5c7c,A,48,12,gapstart,1,void,0,0,0,3,1,0
003a5cb0,2a5cb0,A,40,9,prologue,1,r0,0,0,1,1,0,0
003a5cd8,2a5cd8,A,52,13,gapstart,1,void,0,0,0,3,1,0
003a5d10,2a5d10,A,40,9,prologue,1,r0,0,0,1,1,0,0
003a5d38,2a5d38,A,52,13,gapstart,1,void,0,0,0,3,1,0
003a5d70,2a5d70,A,40,9,prologue,1,r0,0,0,1,1,0,0
003a5d98,2a5d98,A,52,13,gapstart,1,void,0,0,0,3,1,0
003a5dd0,2a5dd0,A,40,9,prologue,1,r0,0,0,1,1,0,0
003a5df8,2a5df8,A,48,12,gapstart,1,void,0,0,0,3,1,0
003a5e2c,2a5e2c,A,40,9,prologue,1,r0,0,0,1,1,0,0
003a5e54,2a5e54,A,52,13,gapstart,1,void,0,0,0,3,1,0
003a5e8c,2a5e8c,A,40,9,prologue,1,r0,0,0,1,1,0,0
003a5eb4,2a5eb4,A,52,13,gapstart,1,void,0,0,0,3,1,0
003a5eec,2a5eec,A,40,9,prologue,1,r0,0,0,1,1,0,0
003a5f14,2a5f14,A,48,12,gapstart,1,void,0,0,0,3,1,0
003a5f48,2a5f48,A,40,9,prologue,1,r0,0,0,1,1,0,0
003a5f70,2a5f70,A,52,13,gapstart,1,void,0,0,0,3,1,0
003a5fa8,2a5fa8,A,40,9,prologue,1,r0,0,0,1,1,0,0
003a5fd0,2a5fd0,A,48,12,gapstart,1,void,0,0,0,3,1,0
003a6004,2a6004,A,40,9,prologue,1,r0,0,0,1,1,0,0
003a602c,2a602c,A,52,13,gapstart,1,void,0,0,0,3,1,0
003a6064,2a6064,A,40,9,prologue,1,r0,0,0,1,1,0,0
003a608c,2a608c,A,52,13,gapstart,1,void,0,0,0,3,1,0
003a60c4,2a60c4,A,40,9,prologue,1,r0,0,0,1,1,0,0
003a60ec,2a60ec,A,52,13,gapstart,1,void,0,0,0,3,1,0
003a6124,2a6124,A,40,9,prologue,1,r0,0,0,1,1,0,0
003a614c,2a614c,A,52,13,gapstart,1,void,0,0,0,3,1,0
003a6184,2a6184,A,40,9,prologue,1,r0,0,0,1,1,0,0
003a61ac,2a61ac,A,52,13,gapstart,1,void,0,0,0,3,1,0
003a61e4,2a61e4,A,40,9,prologue,1,r0,0,0,1,1,0,0
003a620c,2a620c,A,48,12,gapstart,1,void,0,0,0,3,1,0
003a6240,2a6240,A,40,9,prologue,1,r0,0,0,1,1,0,0
003a6268,2a6268,A,52,13,gapstart,1,void,0,0,0,3,1,0
003a62a0,2a62a0,A,40,9,prologue,1,r0,0,0,1,1,0,0
003a62c8,2a62c8,A,52,13,gapstart,1,void,0,0,0,3,1,0
003a6300,2a6300,A,40,9,prologue,1,r0,0,0,1,1,0,0
003a6328,2a6328,A,48,12,gapstart,1,void,0,0,0,3,1,0
003a635c,2a635c,A,40,9,prologue,1,r0,0,0,1,1,0,0
003a6384,2a6384,A,52,13,gapstart,1,void,0,0,0,3,1,0
003a63bc,2a63bc,A,40,9,prologue,1,r0,0,0,1,1,0,0
003a63e4,2a63e4,A,52,13,gapstart,1,void,0,0,0,3,1,0
003a641c,2a641c,A,40,9,prologue,1,r0,0,0,1,1,0,0
003a6444,2a6444,A,48,12,gapstart,1,void,0,0,0,3,1,0
003a6478,2a6478,A,40,9,prologue,1,r0,0,0,1,1,0,0
003a64a0,2a64a0,A,52,13,gapstart,1,void,0,0,0,3,1,0
003a64d8,2a64d8,A,40,9,prologue,1,r0,0,0,1,1,0,0
003a6500,2a6500,A,52,13,gapstart,1,void,0,0,0,3,1,0
003a6538,2a6538,A,40,9,prologue,1,r0,0,0,1,1,0,0
003a6560,2a6560,A,48,12,gapstart,1,void,0,0,0,3,1,0
003a6594,2a6594,A,40,9,prologue,1,r0,0,0,1,1,0,0
003a65bc,2a65bc,A,52,13,gapstart,1,void,0,0,0,3,1,0
003a65f4,2a65f4,A,40,9,prologue,1,r0,0,0,1,1,0,0
003a661c,2a661c,A,52,13,gapstart,1,void,0,0,0,3,1,0
003a6654,2a6654,A,40,9,prologue,1,r0,0,0,1,1,0,0
003a667c,2a667c,A,52,13,gapstart,1,void,0,0,0,3,1,0
003a66b4,2a66b4,A,40,9,prologue,1,r0,0,0,1,1,0,0
003a66dc,2a66dc,A,52,13,gapstart,1,void,0,0,0,3,1,0
003a6714,2a6714,A,40,9,prologue,1,r0,0,0,1,1,0,0
003a673c,2a673c,A,52,13,gapstart,1,void,0,0,0,3,1,0
003a6774,2a6774,A,40,9,prologue,1,r0,0,0,1,1,0,0
003a679c,2a679c,A,52,13,gapstart,1,void,0,0,0,3,1,0
003a67d4,2a67d4,A,40,9,prologue,1,r0,0,0,1,1,0,0
003a67fc,2a67fc,A,52,13,gapstart,1,void,0,0,0,3,1,0
003a6834,2a6834,A,40,9,prologue,1,r0,0,0,1,1,0,0
003a685c,2a685c,A,52,13,gapstart,1,void,0,0,0,3,1,0
003a6894,2a6894,A,40,9,prologue,1,r0,0,0,1,1,0,0
003a68bc,2a68bc,A,52,13,gapstart,1,void,0,0,0,3,1,0
003a68f4,2a68f4,A,40,9,prologue,1,r0,0,0,1,1,0,0
003a691c,2a691c,A,436,109,prologue,4,r0,0,0,1,15,1,0
003a6ad4,2a6ad4,A,40,9,prologue,1,r0,0,0,1,1,0,0
003a6afc,2a6afc,A,52,13,gapstart,1,void,0,0,0,3,1,0
003a6b34,2a6b34,A,40,9,prologue,1,r0,0,0,1,1,0,0
003a6b5c,2a6b5c,A,52,13,gapstart,1,void,0,0,0,3,1,0
003a6b94,2a6b94,A,40,9,prologue,1,r0,0,0,1,1,0,0
003a6bbc,2a6bbc,A,52,13,gapstart,1,void,0,0,0,3,1,0
003a6bf4,2a6bf4,A,40,9,prologue,1,r0,0,0,1,1,0,0
003a6c1c,2a6c1c,A,52,13,gapstart,1,void,0,0,0,3,1,0
003a6c54,2a6c54,A,40,9,prologue,1,r0,0,0,1,1,0,0
003a6c7c,2a6c7c,A,52,13,gapstart,1,void,0,0,0,3,1,0
003a6cb4,2a6cb4,A,40,9,prologue,1,r0,0,0,1,1,0,0
003a6cdc,2a6cdc,A,436,109,prologue,4,r0,0,0,1,15,1,0
003a6e94,2a6e94,A,40,9,prologue,1,r0,0,0,1,1,0,0
003a6ebc,2a6ebc,A,52,13,gapstart,1,void,0,0,0,3,1,0
003a6ef4,2a6ef4,A,40,9,prologue,1,r0,0,0,1,1,0,0
003a6f1c,2a6f1c,A,52,13,gapstart,1,void,0,0,0,3,1,0
003a6f54,2a6f54,A,40,9,prologue,1,r0,0,0,1,1,0,0
003a6f7c,2a6f7c,A,52,13,gapstart,1,void,0,0,0,3,1,0
003a6fb4,2a6fb4,A,40,9,prologue,1,r0,0,0,1,1,0,0
003a6fdc,2a6fdc,A,52,13,gapstart,1,void,0,0,0,3,1,0
003a7014,2a7014,A,40,9,prologue,1,r0,0,0,1,1,0,0
003a703c,2a703c,A,52,13,gapstart,1,void,0,0,0,3,1,0
003a7074,2a7074,A,40,9,prologue,1,r0,0,0,1,1,0,0
003a709c,2a709c,A,52,13,gapstart,1,void,0,0,0,3,1,0
003a70d4,2a70d4,A,40,9,prologue,1,r0,0,0,1,1,0,0
003a70fc,2a70fc,A,52,13,gapstart,1,void,0,0,0,3,1,0
003a7134,2a7134,A,40,9,prologue,1,r0,0,0,1,1,0,0
003a715c,2a715c,A,52,13,gapstart,1,void,0,0,0,3,1,0
003a7194,2a7194,A,40,9,prologue,1,r0,0,0,1,1,0,0
003a71bc,2a71bc,A,52,13,gapstart,1,void,0,0,0,3,1,0
003a71f4,2a71f4,A,40,9,prologue,1,r0,0,0,1,1,0,0
003a721c,2a721c,A,52,13,gapstart,1,void,0,0,0,3,1,0
003a7254,2a7254,A,40,9,prologue,1,r0,0,0,1,1,0,0
003a727c,2a727c,A,52,13,gapstart,1,void,0,0,0,3,1,0
003a72b4,2a72b4,A,40,9,prologue,1,r0,0,0,1,1,0,0
003a72dc,2a72dc,A,52,13,gapstart,1,void,0,0,0,3,1,0
003a7314,2a7314,A,40,9,prologue,1,r0,0,0,1,1,0,0
003a733c,2a733c,A,52,13,gapstart,1,void,0,0,0,3,1,0
003a7374,2a7374,A,40,9,prologue,1,r0,0,0,1,1,0,0
003a739c,2a739c,A,52,13,gapstart,1,void,0,0,0,3,1,0
003a73d4,2a73d4,A,40,9,prologue,1,r0,0,0,1,1,0,0
003a73fc,2a73fc,A,52,13,gapstart,1,void,0,0,0,3,1,0
003a7434,2a7434,A,40,9,prologue,1,r0,0,0,1,1,0,0
003a745c,2a745c,A,52,13,gapstart,1,void,0,0,0,3,1,0
003a7494,2a7494,A,40,9,prologue,1,r0,0,0,1,1,0,0
003a74bc,2a74bc,A,52,13,gapstart,1,void,0,0,0,3,1,0
003a74f4,2a74f4,A,40,9,prologue,1,r0,0,0,1,1,0,0
003a751c,2a751c,A,52,13,gapstart,1,void,0,0,0,3,1,0
003a7554,2a7554,A,40,9,prologue,1,r0,0,0,1,1,0,0
003a757c,2a757c,A,52,13,gapstart,1,void,0,0,0,3,1,0
003a75b4,2a75b4,A,40,9,prologue,1,r0,0,0,1,1,0,0
003a75dc,2a75dc,A,52,13,gapstart,1,void,0,0,0,3,1,0
003a7614,2a7614,A,40,9,prologue,1,r0,0,0,1,1,0,0
003a763c,2a763c,A,52,13,gapstart,1,void,0,0,0,3,1,0
003a7674,2a7674,A,40,9,prologue,1,r0,0,0,1,1,0,0
003a769c,2a769c,A,52,13,gapstart,1,void,0,0,0,3,1,0
003a76d4,2a76d4,A,40,9,prologue,1,r0,0,0,1,1,0,0
003a76fc,2a76fc,A,52,13,gapstart,1,void,0,0,0,3,1,0
003a7734,2a7734,A,40,9,prologue,1,r0,0,0,1,1,0,0
003a775c,2a775c,A,52,13,gapstart,1,void,0,0,0,3,1,0
003a7794,2a7794,A,40,9,prologue,1,r0,0,0,1,1,0,0
003a77bc,2a77bc,A,52,13,gapstart,1,void,0,0,0,3,1,0
003a77f4,2a77f4,A,40,9,prologue,1,r0,0,0,1,1,0,0
003a781c,2a781c,A,52,13,gapstart,1,void,0,0,0,3,1,0
003a7854,2a7854,A,40,9,prologue,1,r0,0,0,1,1,0,0
003a787c,2a787c,A,52,13,gapstart,1,void,0,0,0,3,1,0
003a78b4,2a78b4,A,40,9,prologue,1,r0,0,0,1,1,0,0
003a78dc,2a78dc,A,52,13,gapstart,1,void,0,0,0,3,1,0
003a7914,2a7914,A,40,9,prologue,1,r0,0,0,1,1,0,0
003a793c,2a793c,A,60,15,prologue,4,r0,1,0,0,3,1,0
003a797c,2a797c,A,40,9,prologue,1,r0,0,0,1,1,0,0
003a79a4,2a79a4,A,60,15,prologue,4,r0,1,0,0,3,1,0
003a79e4,2a79e4,A,40,9,prologue,1,r0,0,0,1,1,0,0
003a7a0c,2a7a0c,A,320,80,prologue,4,r0,1,0,2,3,1,0
003a7b50,2a7b50,A,40,9,prologue,1,r0,0,0,1,1,0,0
003a7b78,2a7b78,A,72,18,prologue,1,r0,0,0,0,3,1,0
003a7bc4,2a7bc4,A,40,9,prologue,1,r0,0,0,1,1,0,0
003a7bec,2a7bec,A,72,18,prologue,1,r0,0,0,0,3,1,0
003a7c38,2a7c38,A,592,146,prologue,2,r0:r1,0,2,5,35,0,0
003a7e88,2a7e88,A,16,4,gapstart,1,void,0,0,0,1,1,0
003a7e98,2a7e98,A,132,33,prologue,2,void,0,0,0,5,3,0
003a7f1c,2a7f1c,A,1384,345,prologue,3,r0,0,2,1,67,9,0
003a8484,2a8484,A,396,98,prologue,4,r0,0,1,1,20,6,0
003a8610,2a8610,A,8,2,call,3,void,0,2,0,3,1,0
003a8618,2a8618,A,316,79,prologue,3,r0,0,0,0,17,2,0
003a8754,2a8754,A,364,90,prologue,4,r0,0,2,3,15,0,0
003a88c0,2a88c0,A,192,48,prologue,4,r0,2,2,1,8,0,0
003a8980,2a8980,A,376,93,prologue,4,r0,0,2,3,15,0,0
003a8af8,2a8af8,A,960,239,prologue,4,r0,2,1,10,44,0,0
003a8eb8,2a8eb8,A,244,61,prologue,4,r0,0,0,1,8,0,0
003a8fe4,2a8fe4,A,208,52,prologue,3,void,0,2,1,5,1,0
003a90b4,2a90b4,A,56,14,prologue,1,void,0,1,0,3,1,0
003a90ec,2a90ec,A,72,18,prologue,4,r0:r1,0,2,2,1,0,0
003a9134,2a9134,A,156,37,prologue,4,void,0,1,3,3,0,0
003a91d0,2a91d0,A,376,89,prologue,4,r0,0,1,3,17,0,0
003a9348,2a9348,A,116,28,call,3,void,0,1,0,3,0,0
003a93bc,2a93bc,A,76,19,call,3,void,0,1,0,3,0,0
003a9408,2a9408,A,76,19,call,2,r0:r1,0,1,0,5,0,0
003a9454,2a9454,A,824,202,prologue,2,void,0,1,6,34,0,0
003a978c,2a978c,A,260,62,prologue,2,void,0,2,4,11,0,0
003a9890,2a9890,A,28,7,ptr,1,r0,0,0,0,1,0,0
003a98ac,2a98ac,A,312,78,prologue,3,void,0,2,1,17,0,0
003a99e4,2a99e4,A,312,78,prologue,3,void,0,1,1,17,0,0
003a9b1c,2a9b1c,A,340,85,prologue,3,void,0,1,1,17,0,0
003a9c70,2a9c70,A,340,85,prologue,3,void,0,1,1,17,0,0
003a9dc4,2a9dc4,A,340,85,prologue,3,void,0,1,1,17,0,0
003a9f18,2a9f18,A,232,58,prologue,4,void,0,1,1,7,0,0
003aa000,2aa000,A,208,52,prologue,1,r0,0,0,1,9,0,0
003aa0d0,2aa0d0,A,208,52,prologue,1,r0,0,0,1,9,0,0
003aa1a0,2aa1a0,A,212,53,prologue,1,r0,0,0,1,9,0,0
003aa304,2aa304,A,1360,339,prologue,4,r0:r1,0,1,1,49,0,0
003aa854,2aa854,A,1800,449,prologue,4,void,0,1,2,54,0,0
003aaf5c,2aaf5c,A,232,58,prologue,1,r0,0,0,2,8,0,0
003ab044,2ab044,A,308,76,prologue,1,r0,0,0,1,13,0,0
003ab178,2ab178,A,568,142,prologue,4,void,0,1,4,15,0,0
003ab3b0,2ab3b0,A,1432,357,prologue,4,void,0,2,6,24,0,0
003ab9d0,2ab9d0,A,1160,290,prologue,4,r0,0,1,1,47,0,0
003abe58,2abe58,A,1420,352,prologue,3,void,0,1,15,35,0,0
003ac3e4,2ac3e4,A,824,205,prologue,3,void,0,1,3,27,0,0
003ac71c,2ac71c,A,88,21,prologue,2,r0,0,0,2,3,0,0
003ac774,2ac774,A,144,35,prologue,1,r0,0,0,1,8,0,0
003ac804,2ac804,A,8,2,call,2,void,0,1,0,3,1,0
003ac80c,2ac80c,A,532,133,prologue,4,r0,0,0,5,19,0,0
003aca20,2aca20,A,344,86,prologue,3,void,0,1,2,9,0,0
003acb78,2acb78,A,384,96,prologue,2,void,0,1,2,11,0,0
003accf8,2accf8,A,384,96,prologue,2,void,0,1,2,11,0,0
003ace78,2ace78,A,344,86,prologue,3,r0,0,0,2,9,0,0
003acfd0,2acfd0,A,384,96,prologue,2,void,0,1,2,11,0,0
003ad150,2ad150,A,384,96,prologue,2,void,0,1,2,11,0,0
003ad2d0,2ad2d0,A,344,86,prologue,3,void,0,1,2,9,0,0
003ad428,2ad428,A,676,169,prologue,3,void,0,1,2,29,0,0
003ad6cc,2ad6cc,A,344,86,prologue,3,void,0,1,2,9,0,0
003ad824,2ad824,A,384,96,prologue,2,void,0,1,2,11,0,0
003ad9a4,2ad9a4,A,676,169,prologue,3,r0:r1,0,1,2,29,0,0
003adc48,2adc48,A,676,169,prologue,3,void,0,2,2,29,0,0
003adeec,2adeec,A,468,116,prologue,3,r0:r1,0,1,5,18,0,0
003ae0c0,2ae0c0,A,8,2,call,2,void,0,1,0,3,1,0
003ae0c8,2ae0c8,A,652,162,prologue,4,r0,0,0,4,27,0,0
003ae354,2ae354,A,672,168,prologue,3,void,0,1,2,32,0,0
003ae5f4,2ae5f4,A,672,168,prologue,3,void,0,2,2,32,0,0
003ae894,2ae894,A,36,9,prologue,1,r0,0,0,1,1,0,0
003ae8b8,2ae8b8,A,8,2,call,3,void,0,1,0,3,1,0
003ae8c0,2ae8c0,A,676,169,prologue,4,r0,0,0,2,32,0,0
003aeb64,2aeb64,A,8,2,call,2,void,0,2,0,3,1,0
003aeb6c,2aeb6c,A,516,129,prologue,2,r0,0,0,2,19,0,0
003aed70,2aed70,A,68,17,prologue,1,r0,0,0,1,4,0,0
003aedb4,2aedb4,A,40,10,prologue,1,r0,0,0,0,3,1,0
003aeddc,2aeddc,A,36,9,prologue,4,r0,0,0,2,3,0,0
003aee00,2aee00,A,36,9,prologue,4,r0,0,0,2,3,0,0
003aee24,2aee24,A,40,10,prologue,1,r0,0,0,0,3,1,0
003aee4c,2aee4c,A,36,9,prologue,4,r0,0,0,2,3,0,0
003aee70,2aee70,A,40,10,prologue,1,r0,0,0,0,3,1,0
003aee98,2aee98,A,40,10,prologue,1,r0,0,0,0,3,1,0
003aeec0,2aeec0,A,312,78,prologue,3,void,0,1,1,17,0,0
003aeff8,2aeff8,A,1176,293,prologue,3,void,0,1,8,26,0,0
003af490,2af490,A,280,70,call,2,void,0,1,0,15,0,0
003af5a8,2af5a8,A,316,79,call,2,void,0,1,0,15,0,0
003af6e4,2af6e4,A,1244,311,prologue,4,void,0,2,1,52,0,0
003afbc0,2afbc0,A,1120,280,prologue,4,void,0,2,1,51,0,0
003b0020,2b0020,A,1136,284,prologue,4,void,0,2,2,54,0,0
003b0490,2b0490,A,528,131,prologue,4,void,0,1,2,13,0,0
003b06a0,2b06a0,A,440,108,prologue,4,void,0,1,3,24,0,0
003b0858,2b0858,A,8,2,call,2,void,0,1,0,3,1,0
003b0860,2b0860,A,380,94,prologue,3,r0,0,0,1,10,0,0
003b09dc,2b09dc,A,1464,363,prologue,3,r0,0,1,5,42,0,0
003b0f94,2b0f94,A,4,1,call,4,void,0,1,0,1,1,0
003b0f98,2b0f98,A,1488,370,prologue,2,r0,7,0,9,58,2,0
003b1570,2b1570,A,4,1,call,4,void,0,1,0,1,1,0
003b1574,2b1574,A,1568,389,prologue,2,r0,7,0,8,62,3,0
003b1b94,2b1b94,A,4,1,call,4,void,0,1,0,1,1,0
003b1b98,2b1b98,A,1712,424,prologue,2,r0,7,0,10,64,2,0
003b2248,2b2248,A,108,27,call,2,r0:r1,0,1,1,9,0,0
003b22b4,2b22b4,A,72,18,prologue,4,r0,0,1,0,3,0,0
003b22fc,2b22fc,A,84,21,call,3,r0:r1,0,1,1,7,0,0
003b2350,2b2350,A,68,17,prologue,4,r0,0,1,0,3,0,0
003b2394,2b2394,A,16,4,call,1,r0,0,1,0,1,0,0
003b23a4,2b23a4,A,96,19,call,2,r0:r1,0,1,0,4,0,0
003b23ac,2b23ac,A,88,22,call,2,r0,0,1,0,5,0,0
003b2404,2b2404,A,112,28,call,3,r0:r1,0,1,0,10,2,0
003b2474,2b2474,A,48,7,gapstart,2,r0,0,0,0,2,0,0
003b24a4,2b24a4,A,296,70,call,2,r0,0,1,1,27,0,0
003b25a0,2b25a0,A,44,10,prologue,3,r0,0,1,1,3,0,0
003b25cc,2b25cc,A,72,18,call,2,r0:r1,0,1,1,7,0,0
