addr,segment,refs,literal_refs,pointer_refs,n_funcs,funcs(first5)
003b3030,RODATA,2,0,2,0,
003b3098,RODATA,2,0,2,0,
003b30f8,RODATA,2,0,2,0,
003b3158,RODATA,1,0,1,0,
003b31bc,RODATA,1,0,1,0,
003b3214,RODATA,1,0,1,0,
003b324c,RODATA,6,6,0,6,00145f58 00169b38 00169c4c 00285558 00285688
003b3268,RODATA,1,1,0,1,00145ce8
003b32a0,RODATA,1,1,0,1,0026cc20
003b32a8,RODATA,1,1,0,1,0026cc20
003b32b0,RODATA,1,1,0,1,0026cc20
003b32b8,RODATA,1,1,0,1,0026cc20
003b32c0,RODATA,1,1,0,1,0026cc20
003b32c8,RODATA,1,1,0,1,0026cc20
003b32d0,RODATA,1,1,0,1,0026cc20
003b32d8,RODATA,1,1,0,1,0026cc20
003b32e0,RODATA,1,1,0,1,0026cc20
003b32e8,RODATA,1,1,0,1,0026cc20
003b32f0,RODATA,1,1,0,1,0026cc20
003b32f8,RODATA,1,1,0,1,0026cc20
003b3300,RODATA,1,1,0,1,00230d18
003b3304,RODATA,1,1,0,1,0031948c
003b3314,RODATA,1,1,0,1,00319268
003b331c,RODATA,1,1,0,1,00314d68
003b3324,RODATA,1,1,0,1,00315024
003b3330,RODATA,1,1,0,1,00315024
003b333c,RODATA,4,4,0,4,003479d4 00347ba8 00347dc0 0034800c
003b334c,RODATA,1,1,0,1,00235184
003b335c,RODATA,1,1,0,1,003230b0
003b3364,RODATA,1,1,0,1,00322fa0
003b336c,RODATA,1,1,0,1,00323194
003b3374,RODATA,1,1,0,1,00234a08
003b337c,RODATA,3,3,0,3,00323278 00324ee0 003250cc
003b3384,RODATA,1,1,0,1,0023711c
003b339c,RODATA,1,1,0,1,00236e90
003b33a4,RODATA,1,1,0,1,00261ba8
003b346c,RODATA,1,1,0,1,0022ae24
003b392c,RODATA,1,1,0,1,003466a4
003b3934,RODATA,1,1,0,1,003468ec
003b3954,RODATA,5,5,0,5,00330528 00330e98 003312f8 00331754 00331ec0
003b3964,RODATA,1,1,0,1,00330928
003b3974,RODATA,1,1,0,1,003301a8
003b397c,RODATA,1,1,0,1,00330ad8
003b3a48,RODATA,2,2,0,2,002344d4 00326b4c
003b3a64,RODATA,1,0,1,0,
003b3a78,RODATA,1,0,1,0,
003b3a80,RODATA,3,3,0,2,00228c3c 00332ad8
003b3aa0,RODATA,1,1,0,1,00332ad8
003b3ae8,RODATA,1,1,0,1,00332ad8
003b3af4,RODATA,1,1,0,1,00332ad8
003b3b00,RODATA,1,1,0,1,00332ad8
003b3b0c,RODATA,1,1,0,1,00332ad8
003b3b1c,RODATA,3,3,0,3,0022897c 00334cf4 00334e84
003b3b24,RODATA,1,1,0,1,003336f8
003b3b2c,RODATA,1,1,0,1,00333f64
003b3b3c,RODATA,1,1,0,1,00334190
003b3b44,RODATA,1,1,0,1,00334768
003b3b9c,RODATA,2,2,0,2,0032c088 0032c348
003b3bb4,RODATA,1,1,0,1,0032bc44
003b3bbc,RODATA,1,1,0,1,0032fc00
003b3bc4,RODATA,2,2,0,2,00339924 00339c00
003b3bd4,RODATA,1,1,0,1,003354f8
003b3bdc,RODATA,1,1,0,1,0033592c
003b3be4,RODATA,1,1,0,1,00337550
003b3bec,RODATA,1,1,0,1,0026cff4
003b3bf4,RODATA,1,1,0,1,00337714
003b3bfc,RODATA,3,3,0,3,00264a9c 00327a4c 00327cd0
003b3c04,RODATA,1,1,0,1,00327cd0
003b3c0c,RODATA,1,1,0,1,00327cd0
003b3c14,RODATA,1,1,0,1,00327cd0
003b3c24,RODATA,1,1,0,1,00327cd0
003b3c2c,RODATA,1,1,0,1,00327cd0
003b3c34,RODATA,1,1,0,1,00327cd0
003b3c3c,RODATA,1,1,0,1,00327cd0
003b3c48,RODATA,1,1,0,1,00327cd0
003b3c54,RODATA,2,2,0,2,0032d7a4 0032dcac
003b3c64,RODATA,2,2,0,2,0032e418 0032e5e8
003b3c7c,RODATA,1,1,0,1,00229ae4
003b3cb0,RODATA,2,2,0,2,0032b108 0032b3a8
003b3cd0,RODATA,1,1,0,1,0032a9b4
003b3cd8,RODATA,1,1,0,1,0032a2f4
003b3ce4,RODATA,1,1,0,1,00339530
003b3cec,RODATA,1,1,0,1,00338f40
003b3cf4,RODATA,1,1,0,1,00338f40
003b3cfc,RODATA,1,1,0,1,002276cc
003b3d04,RODATA,1,1,0,1,0032f3dc
003b3d0c,RODATA,1,1,0,1,0032f0b4
003b3d14,RODATA,1,1,0,1,0032ec38
003b3d1c,RODATA,1,1,0,1,0032ec38
003b3d24,RODATA,1,1,0,1,0032d37c
003b3d2c,RODATA,1,1,0,1,0032cedc
003b3d34,RODATA,1,1,0,1,0032cedc
003b3d3c,RODATA,2,2,0,2,00227cec 00336300
003b3d54,RODATA,1,1,0,1,0022b1b4
003b3d5c,RODATA,3,3,0,3,00341ea0 00343230 0034332c
003b3d64,RODATA,1,1,0,1,00340b10
003b3d6c,RODATA,1,1,0,1,00342b04
003b3d9c,RODATA,1,1,0,1,0034332c
003b3dac,RODATA,1,1,0,1,0034332c
003b3db8,RODATA,1,1,0,1,0034332c
003b3dc4,RODATA,2,2,0,2,0030ca3c 0030d6f0
003b3dcc,RODATA,1,1,0,1,0030cd68
003b3dec,RODATA,1,1,0,1,0030d024
003b3df4,RODATA,1,1,0,1,0030d024
003b3dfc,RODATA,1,1,0,1,0030d024
003b3e04,RODATA,3,3,0,3,0033a578 0033a938 0033b068
003b3e24,RODATA,1,1,0,1,0033bec4
003b3e44,RODATA,3,3,0,3,00235ca0 0030f5c0 00310188
003b3e5c,RODATA,1,1,0,1,0030ef30
003b3e64,RODATA,1,1,0,1,0030f3a4
003b3e74,RODATA,1,1,0,1,0030f5c0
003b3e7c,RODATA,1,1,0,1,0030f5c0
003b3e84,RODATA,1,1,0,1,0030f5c0
003b3e8c,RODATA,2,2,0,2,003106e0 0037f694
003b3e90,RODATA,1,1,0,1,00311340
003b3e98,RODATA,1,1,0,1,00310600
003b3ea0,RODATA,1,1,0,1,003103a0
003b3ea8,RODATA,1,1,0,1,003120bc
003b3eb0,RODATA,1,1,0,1,0031c6f8
003b3eb8,RODATA,1,1,0,1,00316668
003b3ec0,RODATA,1,1,0,1,003164f8
003b3ec8,RODATA,1,1,0,1,00316310
003b3ed0,RODATA,4,4,0,4,00316c44 0031748c 00317bc8 003181c0
003b3ed8,RODATA,1,1,0,1,003169e4
003b3ee0,RODATA,1,1,0,1,0031722c
003b3ee8,RODATA,1,1,0,1,00317968
003b3f08,RODATA,1,1,0,1,00345da8
003b3f10,RODATA,2,2,0,2,0033e278 003404f0
003b3f28,RODATA,4,4,0,4,00346b90 00346da4 00346fe4 00347188
003b3f30,RODATA,2,2,0,2,0030dc24 0030e208
003b3f48,RODATA,1,1,0,1,0030e208
003b3f5c,RODATA,1,1,0,1,0030e208
003b3f68,RODATA,1,1,0,1,0030e208
003b3f74,RODATA,2,2,0,2,00314180 0031447c
003b3f7c,RODATA,1,1,0,1,003145e8
003b3f84,RODATA,1,1,0,1,00314ad4
003b3f94,RODATA,1,1,0,1,00315ee0
003b3fcc,RODATA,2,0,2,0,
003b3ffc,RODATA,2,2,0,2,0033c5dc 0033c8cc
003b4004,RODATA,1,1,0,1,0033ce50
003b4024,RODATA,3,3,0,2,0030ac68 0030bec8
003b402c,RODATA,1,1,0,1,0030c308
003b4034,RODATA,1,1,0,1,0030b8e0
003b403c,RODATA,1,1,0,1,0030bb14
003b404c,RODATA,1,1,0,1,0030ac68
003b4054,RODATA,1,1,0,1,0030ac68
003b4064,RODATA,1,1,0,1,0030ac68
003b4070,RODATA,3,3,0,3,00312cb8 00312f04 00313d58
003b4090,RODATA,1,1,0,1,0031311c
003b4098,RODATA,1,1,0,1,0031311c
003b40a0,RODATA,1,1,0,1,0031311c
003b40a8,RODATA,2,2,0,2,00344278 00344728
003b40b0,RODATA,1,1,0,1,00345640
003b40b8,RODATA,1,1,0,1,00345834
003b40c0,RODATA,1,1,0,1,0026b638
003b40d8,RODATA,3,3,0,3,00236b80 0031df08 0031e204
003b40f8,RODATA,1,1,0,1,0038b070
003b4110,RODATA,1,1,0,1,0038b070
003b4128,RODATA,1,1,0,1,0038b070
003b4140,RODATA,1,1,0,1,0038b070
003b4158,RODATA,1,1,0,1,0038b070
003b4170,RODATA,1,1,0,1,0038b070
003b4188,RODATA,1,1,0,1,0038b070
003b41a0,RODATA,1,1,0,1,0038b070
003b41b8,RODATA,1,1,0,1,0038b070
003b41d0,RODATA,1,1,0,1,0038b070
003b41e8,RODATA,1,1,0,1,0038b070
003b41f8,RODATA,1,1,0,1,002452d8
003b4208,RODATA,3,3,0,2,00231df0 00289f98
003b4210,RODATA,1,1,0,1,003186d8
003b4220,RODATA,1,1,0,1,00231df0
003b4230,RODATA,1,1,0,1,00231df0
003b4238,RODATA,1,1,0,1,00231df0
003b4240,RODATA,1,1,0,1,00318b38
003b4248,RODATA,2,2,0,2,00223c04 0031e57c
003b4250,RODATA,1,1,0,1,0031e4c8
003b4260,RODATA,1,1,0,1,0032285c
003b4268,RODATA,1,1,0,1,00309bb8
003b426c,RODATA,1,1,0,1,0030a5d8
003b4274,RODATA,1,1,0,1,003098e4
003b428c,RODATA,1,1,0,1,00348ce4
003b4294,RODATA,6,6,0,6,001b3838 001b3d60 001b3de8 001b3e70 001b3f10
003b429c,RODATA,1,1,0,1,001b3f94
003b42b4,RODATA,1,1,0,1,00293558
003b42bc,RODATA,1,1,0,1,00294bd8
003b42cc,RODATA,1,1,0,1,0027e220
003b4308,RODATA,2,2,0,2,00284530 00309838
003b431c,RODATA,1,1,0,1,00309838
003b446c,RODATA,1,1,0,1,00284314
003b44a4,RODATA,4,4,0,4,00151828 00151918 00151d58 0027bce0
003b44c4,RODATA,1,1,0,1,00151618
003b44cc,RODATA,2,2,0,2,00151c60 00151e30
003b44e4,RODATA,1,1,0,1,00151b40
003b44ec,RODATA,1,1,0,1,00294e40
003b450c,RODATA,1,1,0,1,001c55f0
003b4514,RODATA,1,1,0,1,001c56f0
003b451c,RODATA,1,1,0,1,001c53c4
003b4524,RODATA,1,1,0,1,001c54cc
003b452c,RODATA,1,1,0,1,0026941c
003b4534,RODATA,4,4,0,4,001c42a0 001c4418 001c48f8 002943f0
003b454c,RODATA,1,1,0,1,001c4208
003b4554,RODATA,1,1,0,1,001c4144
003b4564,RODATA,1,1,0,1,001c4d80
003b457c,RODATA,1,1,0,1,001c4c98
003b4584,RODATA,1,1,0,1,001c4b8c
003b458c,RODATA,1,1,0,1,001c49b4
003b4594,RODATA,1,1,0,1,001c4d80
003b45a4,RODATA,1,1,0,1,001c5cf8
003b45b4,RODATA,1,1,0,1,001c5aec
003b45bc,RODATA,1,1,0,1,001c5bec
003b45c4,RODATA,1,1,0,1,001c5800
003b45cc,RODATA,1,1,0,1,001c5904
003b45d4,RODATA,1,1,0,1,001c5a24
003b45dc,RODATA,3,3,0,3,00188bf8 00189710 00189870
003b45e8,RODATA,1,1,0,1,00188a30
003b4618,RODATA,2,2,0,2,0018957c 00189a54
003b4628,RODATA,1,1,0,1,00189ba8
003b4630,RODATA,1,1,0,1,00189b04
003b4638,RODATA,1,1,0,1,0018944c
003b4640,RODATA,1,1,0,1,0018962c
003b4648,RODATA,1,1,0,1,00189934
003b4650,RODATA,1,1,0,1,00189384
003b4658,RODATA,1,1,0,1,0027c3a8
003b4660,RODATA,1,1,0,1,00188bf8
003b4668,RODATA,1,1,0,1,001d3d28
003b4670,RODATA,4,4,0,3,001d5630 001d57b8 00265c98
003b4698,RODATA,1,1,0,1,001d551c
003b46a0,RODATA,1,1,0,1,001d5380
003b46a8,RODATA,1,1,0,1,001d515c
003b46b0,RODATA,1,1,0,1,001d57b8
003b46e4,RODATA,1,1,0,1,001d57b8
003b4718,RODATA,1,1,0,1,001d41f8
003b4728,RODATA,1,1,0,1,00222458
003b4740,RODATA,1,1,0,1,001ae41c
003b4748,RODATA,1,1,0,1,001ae304
003b4750,RODATA,1,1,0,1,001ae058
003b477c,RODATA,1,1,0,1,001a6328
003b478c,RODATA,1,1,0,1,001a6250
003b4794,RODATA,1,1,0,1,001a612c
003b479c,RODATA,1,1,0,1,001a6048
003b47a4,RODATA,2,2,0,2,00161100 0027c978
003b47c4,RODATA,1,1,0,1,00295900
003b47cc,RODATA,2,2,0,1,00295900
003b47d4,RODATA,2,2,0,1,00295900
003b47dc,RODATA,1,1,0,1,00161234
003b47e4,RODATA,3,3,0,2,0028dec8 00362310
003b47e8,RODATA,1,1,0,1,00362400
003b47ec,RODATA,1,1,0,1,00362000
003b4808,RODATA,2,2,0,2,00362278 00362400
003b4820,RODATA,1,1,0,1,00362148
003b4828,RODATA,1,1,0,1,003621c8
003b4830,RODATA,2,2,0,2,00361f74 003624d0
003b4838,RODATA,1,1,0,1,00362000
003b4840,RODATA,1,1,0,1,0028dec8
003b4848,RODATA,1,1,0,1,0028dec8
003b4850,RODATA,1,1,0,1,0028dec8
003b4858,RODATA,1,1,0,1,0028dec8
003b4860,RODATA,1,1,0,1,0028dec8
003b4868,RODATA,1,1,0,1,00362000
003b4870,RODATA,1,1,0,1,00362000
003b4878,RODATA,1,1,0,1,00362000
003b48b0,RODATA,1,1,0,1,00280000
003b48b8,RODATA,1,1,0,1,00280000
003b48c0,RODATA,1,1,0,1,00280000
003b48c8,RODATA,1,1,0,1,003080c8
003b48d0,RODATA,1,1,0,1,00308170
003b48d8,RODATA,2,2,0,2,00238f18 0030820c
003b48e0,RODATA,1,1,0,1,00307ff8
003b48e8,RODATA,1,1,0,1,00308170
003b48f0,RODATA,2,2,0,1,0016a730
003b48f8,RODATA,1,1,0,1,0016a730
003b4908,RODATA,1,1,0,1,0016ae90
003b4938,RODATA,1,1,0,1,0027b8f0
003b4948,RODATA,5,5,0,5,001d8484 001d8728 001d8970 001d8cac 001d9078
003b4958,RODATA,3,3,0,3,001d8aac 001d8e6c 001d8f38
003b4970,RODATA,1,1,0,1,001d9000
003b4978,RODATA,1,1,0,1,001d83e8
003b4990,RODATA,1,1,0,1,001d8578
003b4998,RODATA,1,1,0,1,001d8654
003b49b0,RODATA,1,1,0,1,001d8c28
003b49b8,RODATA,1,1,0,1,001d8db8
003b49c0,RODATA,1,1,0,1,001d8b74
003b49c8,RODATA,1,1,0,1,00265268
003b49e0,RODATA,1,1,0,1,001da0c0
003b49e8,RODATA,1,1,0,1,001da0c0
003b49f0,RODATA,1,1,0,1,001da0c0
003b49f8,RODATA,1,1,0,1,001da0c0
003b4a00,RODATA,1,1,0,1,001d9e08
003b4a08,RODATA,1,1,0,1,001d9efc
003b4a10,RODATA,2,2,0,2,001d9d04 001d9fdc
003b4a18,RODATA,1,1,0,1,001d9b10
003b4a20,RODATA,1,1,0,1,00264fb0
003b4a2c,RODATA,2,2,0,2,00239be8 0028f1d0
003b4a44,RODATA,2,2,0,2,00301fec 003020e8
003b4a4c,RODATA,1,1,0,1,00301ea0
003b4a54,RODATA,1,1,0,1,00301d98
003b4a5c,RODATA,1,1,0,1,0028e64c
003b4a64,RODATA,1,1,0,1,0028e64c
003b4a6c,RODATA,1,1,0,1,00239be8
003b4a78,RODATA,1,1,0,1,001baaf0
003b4a80,RODATA,4,4,0,4,001daba0 001dba70 001dbb78 001dbe70
003b4a88,RODATA,1,1,0,1,002648c0
003b4a90,RODATA,1,1,0,1,001dbc98
003b4ab0,RODATA,1,1,0,1,001daba0
003b4ac8,RODATA,1,1,0,1,001daba0
003b4ad0,RODATA,1,1,0,1,001dbf9c
003b4ad8,RODATA,1,1,0,1,00264d60
003b4ae0,RODATA,1,1,0,1,001db86c
003b4ae8,RODATA,2,2,0,2,001db5b4 001dbd48
003b4af0,RODATA,2,2,0,2,00270298 0028f344
003b4b18,RODATA,1,1,0,1,001a1858
003b4b20,RODATA,1,1,0,1,001a16b4
003b4b38,RODATA,1,1,0,1,00291910
003b4b40,RODATA,1,1,0,1,001acca8
003b4b48,RODATA,1,1,0,1,001acb60
003b4b74,RODATA,3,3,0,3,00353c28 00353fe0 003540b8
003b4b7c,RODATA,1,1,0,1,003540b8
003b4b84,RODATA,1,1,0,1,00353ea0
003b4bac,RODATA,1,1,0,1,00353b94
003b4bb4,RODATA,3,3,0,3,001de498 00262970 002788d8
003b4bbc,RODATA,1,1,0,1,00262970
003b4bc4,RODATA,1,1,0,1,00262970
003b4bcc,RODATA,1,1,0,1,00262970
003b4bec,RODATA,1,1,0,1,001de3bc
003b4c04,RODATA,1,1,0,1,001af150
003b4c0c,RODATA,1,1,0,1,001c87e0
003b4c14,RODATA,1,1,0,1,001c87e0
003b4c28,RODATA,1,1,0,1,002f4f70
003b4c30,RODATA,2,2,0,1,001c66a0
003b4c38,RODATA,1,1,0,1,001c66a0
003b4c40,RODATA,1,1,0,1,001a7390
003b4c48,RODATA,4,4,0,4,0028a9d0 00294768 00355c44 00355d08
003b4c50,RODATA,4,4,0,4,0027b680 00355e54 00355ee4 00356014
003b4c58,RODATA,1,1,0,1,00355f84
003b4c68,RODATA,1,1,0,1,00355de0
003b4c80,RODATA,1,1,0,1,00355a7c
003b4c88,RODATA,1,1,0,1,00355ba4
003b4c90,RODATA,1,1,0,1,00355ba4
003b4ca0,RODATA,1,1,0,1,00294768
003b4df0,RODATA,3,3,0,3,001a4318 00221768 0026f520
003b4df4,RODATA,1,1,0,1,001a46a4
003b4e1c,RODATA,1,1,0,1,001a4434
003b4e24,RODATA,1,1,0,1,001a419c
003b4e2c,RODATA,2,2,0,1,001a57b0
003b4e34,RODATA,1,1,0,1,001a57b0
003b4e4c,RODATA,1,1,0,1,001a5168
003b4e54,RODATA,1,1,0,1,001a5054
003b4e5c,RODATA,1,1,0,1,0026f424
003b4e64,RODATA,1,1,0,1,001a57b0
003b4e6c,RODATA,1,1,0,1,001a57b0
003b4e74,RODATA,4,4,0,2,00198e7c 001990c8
003b4e7c,RODATA,2,2,0,1,001990c8
003b4e94,RODATA,2,2,0,2,00198ca0 00198fb8
003b4e9c,RODATA,1,1,0,1,00198b38
003b4ea4,RODATA,1,1,0,1,00276028
003b4eac,RODATA,1,1,0,1,001989ac
003b4ebc,RODATA,1,1,0,1,001990c8
003b4ec8,RODATA,1,1,0,1,0016b3d8
003b4ed0,RODATA,1,1,0,1,0016b3d8
003b4ed8,RODATA,3,3,0,3,001ae698 001ae828 002716f0
003b4ef0,RODATA,1,1,0,1,0027e890
003b4ef8,RODATA,1,1,0,1,00274d20
003b4f00,RODATA,4,4,0,2,0019a370 00275a58
003b4f20,RODATA,1,1,0,1,0019a258
003b4f28,RODATA,1,1,0,1,0019a144
003b4f38,RODATA,3,3,0,2,00168620 00287858
003b4f58,RODATA,1,1,0,1,001684f8
003b4f60,RODATA,1,1,0,1,001683cc
003b4f70,RODATA,1,1,0,1,001b1240
003b4f78,RODATA,1,1,0,1,001b1240
003b4f80,RODATA,1,1,0,1,001b1240
003b4f88,RODATA,1,1,0,1,00370ab4
003b4f90,RODATA,1,1,0,1,001b1444
003b4fa0,RODATA,1,1,0,1,001b13dc
003b4fb0,RODATA,1,1,0,1,001c7890
003b4fb8,RODATA,1,1,0,1,001c7c00
003b4fc0,RODATA,1,1,0,1,0028d200
003b4fc8,RODATA,1,1,0,1,00161828
003b4fd0,RODATA,1,1,0,1,0016ba08
003b4fe8,RODATA,1,1,0,1,0016b648
003b4ff0,RODATA,2,2,0,2,0016b8bc 0016c4d0
003b4ff8,RODATA,1,1,0,1,0016c3c0
003b5000,RODATA,1,1,0,1,0028354c
003b5008,RODATA,1,1,0,1,0016b648
003b5014,RODATA,1,1,0,1,001df3a8
003b507c,RODATA,5,5,0,5,00354f38 00355120 00355340 003554e0 00355670
003b5094,RODATA,2,2,0,2,00355078 0035529c
003b509c,RODATA,3,3,0,1,0035463c
003b50a4,RODATA,3,3,0,1,0035463c
003b50ac,RODATA,1,1,0,1,0035463c
003b50b4,RODATA,1,1,0,1,00355214
003b50cc,RODATA,1,1,0,1,0035453c
003b5108,RODATA,3,3,0,3,0019bfec 0019c12c 002219c8
003b5120,RODATA,1,1,0,1,0019c12c
003b5128,RODATA,2,2,0,2,0019be8c 0019c12c
003b5130,RODATA,1,1,0,1,001de8f0
003b5138,RODATA,1,1,0,1,001de8f0
003b5140,RODATA,4,4,0,3,003066e0 003077ac 003078a8
003b5148,RODATA,1,1,0,1,003066e0
003b5160,RODATA,1,1,0,1,00307590
003b5170,RODATA,1,1,0,1,003065a8
003b5178,RODATA,1,1,0,1,003079a0
003b5180,RODATA,1,1,0,1,003066e0
003b5198,RODATA,1,1,0,1,00306408
003b51a8,RODATA,1,1,0,1,00306408
003b51b7,RODATA,1,1,0,1,00307220
003b51c4,RODATA,2,2,0,2,001bbb78 0026a130
003b51cc,RODATA,2,2,0,2,001bba50 001bbe9c
003b51ec,RODATA,1,1,0,1,001727a0
003b51f4,RODATA,1,1,0,1,001729d8
003b51fc,RODATA,1,1,0,1,00172b74
003b5204,RODATA,1,1,0,1,0028d7b0
003b521c,RODATA,1,1,0,1,001a80f0
003b5224,RODATA,1,1,0,1,001a7fec
003b522c,RODATA,1,1,0,1,001a7e10
003b5234,RODATA,1,1,0,1,0028d7b0
003b524c,RODATA,1,1,0,1,00309524
003b5254,RODATA,4,4,0,4,00352cac 00353188 00353780 00353890
003b528c,RODATA,2,2,0,2,00352fd4 003536c0
003b5294,RODATA,1,1,0,1,003535f4
003b529c,RODATA,1,1,0,1,00352f18
003b52a4,RODATA,1,1,0,1,0035309c
003b52ac,RODATA,1,1,0,1,00352bb0
003b52bc,RODATA,1,1,0,1,00353188
003b52c4,RODATA,6,6,0,4,001b9394 001b9af0 001b9c18 001b9d10
003b52cc,RODATA,1,1,0,1,001b9d10
003b52ec,RODATA,1,1,0,1,001b99e4
003b52fc,RODATA,1,1,0,1,001b9d10
003b5314,RODATA,1,1,0,1,001b94f4
003b5324,RODATA,1,1,0,1,001b94f4
003b5333,RODATA,1,1,0,1,001b9690
003b5340,RODATA,3,3,0,2,001b44d0 001b45f0
003b5348,RODATA,1,1,0,1,001b45f0
003b5360,RODATA,1,1,0,1,001b43a8
003b5368,RODATA,1,1,0,1,001b429c
003b5378,RODATA,2,2,0,2,001b4fc8 001b5810
003b5390,RODATA,1,1,0,1,001b555c
003b5398,RODATA,1,1,0,1,001b59e8
003b53b8,RODATA,1,1,0,1,001b5934
003b53c0,RODATA,1,1,0,1,001b54a8
003b53c8,RODATA,3,3,0,3,001b5418 001b56f8 001b5794
003b53d0,RODATA,1,1,0,1,001b51b0
003b53d8,RODATA,1,1,0,1,001b566c
003b53e0,RODATA,2,2,0,2,001b538c 001b55f0
003b53e8,RODATA,1,1,0,1,001b5934
003b53f0,RODATA,2,2,0,2,001b7948 001b7b90
003b53f8,RODATA,3,3,0,3,001b5f48 001b65a8 001b6808
003b5410,RODATA,1,1,0,1,001b6460
003b5420,RODATA,1,1,0,1,001b66d0
003b5428,RODATA,1,1,0,1,001b6760
003b5448,RODATA,1,1,0,1,001b63a4
003b5450,RODATA,2,2,0,2,001b61e8 001b6504
003b5458,RODATA,1,1,0,1,0026a48c
003b5460,RODATA,1,1,0,1,001b6298
003b5468,RODATA,3,3,0,2,001b83f4 001b8c40
003b5470,RODATA,1,1,0,1,001b8c40
003b5488,RODATA,1,1,0,1,001b82d8
003b5490,RODATA,1,1,0,1,001b81c4
003b54a0,RODATA,4,4,0,4,001b6b3c 001b6f58 001b7758 0026b028
003b54c0,RODATA,3,3,0,3,001b6ea0 001b7190 001b72c8
003b54c8,RODATA,1,1,0,1,001b7248
003b54d0,RODATA,1,1,0,1,001b76b0
003b5500,RODATA,2,2,0,2,001b7050 001b70dc
003b5508,RODATA,1,1,0,1,001b6de4
003b5510,RODATA,2,2,0,2,001b6c68 001b787c
003b5518,RODATA,1,1,0,1,001b6d08
003b5520,RODATA,1,1,0,1,001b6964
003b5528,RODATA,12,12,0,12,001b1540 001b18b8 001b1c14 001b2058 001b2274
003b5578,RODATA,1,1,0,1,001b2ea0
003b5588,RODATA,1,1,0,1,001b24e4
003b55a8,RODATA,1,1,0,1,001b23a0
003b55b0,RODATA,1,1,0,1,001b24e4
003b55b8,RODATA,1,1,0,1,001b24e4
003b55c0,RODATA,2,2,0,2,001b1b84 001b2c10
003b55c8,RODATA,2,2,0,2,001bfce8 001c0038
003b55d0,RODATA,1,1,0,1,001bfe40
003b55e8,RODATA,1,1,0,1,001bfc1c
003b55f0,RODATA,1,1,0,1,001bff2c
003b55f8,RODATA,2,2,0,2,001c04b0 001c07e8
003b5608,RODATA,1,1,0,1,001c06c8
003b5610,RODATA,1,1,0,1,001c05c0
003b5620,RODATA,1,1,0,1,001c07e8
003b5628,RODATA,2,2,0,2,001bd4f0 001bd770
003b5648,RODATA,1,1,0,1,001bd658
003b5650,RODATA,1,1,0,1,001bd2c4
003b5658,RODATA,1,1,0,1,001bd3c8
003b5660,RODATA,1,1,0,1,001bd1fc
003b5668,RODATA,3,3,0,2,001be858 001bf478
003b566b,RODATA,1,1,0,1,001bf5f0
003b566f,RODATA,1,1,0,1,001be858
003b5688,RODATA,3,3,0,3,001bec8c 001bee90 001bef90
003b5690,RODATA,1,1,0,1,001bef14
003b5698,RODATA,1,1,0,1,001bf3d0
003b56b0,RODATA,1,1,0,1,001bed10
003b56b8,RODATA,1,1,0,1,001bedf4
003b56c0,RODATA,1,1,0,1,001beadc
003b56c8,RODATA,1,1,0,1,001bf554
003b56e0,RODATA,1,1,0,1,001bf5f0
003b56e8,RODATA,1,1,0,1,001bf5f0
003b56f8,RODATA,1,1,0,1,001bcc50
003b5710,RODATA,1,1,0,1,001bca94
003b5718,RODATA,2,2,0,2,001bc8bc 001bcb6c
003b5720,RODATA,1,1,0,1,001bc988
003b5728,RODATA,3,3,0,3,001bde78 001be108 001be220
003b5740,RODATA,1,1,0,1,001bdcb8
003b5750,RODATA,1,1,0,1,001bdfd8
003b5758,RODATA,1,1,0,1,001be058
003b5770,RODATA,1,1,0,1,001bdbfc
003b5778,RODATA,1,1,0,1,001bdd50
003b5780,RODATA,1,1,0,1,001bda98
003b5788,RODATA,1,1,0,1,001bdb2c
003b5790,RODATA,2,2,0,2,001d66c0 002712c0
003b5798,RODATA,1,1,0,1,001d69ec
003b57b0,RODATA,1,1,0,1,001d6564
003b57b8,RODATA,5,5,0,5,001d6d90 001d6f0c 001d7310 001d7818 00271bf0
003b57e0,RODATA,1,1,0,1,001d7284
003b57e8,RODATA,1,1,0,1,001d7720
003b57f0,RODATA,1,1,0,1,001d71c8
003b57f8,RODATA,1,1,0,1,001d76b8
003b5800,RODATA,1,1,0,1,001d7058
003b5808,RODATA,1,1,0,1,001d6e94
003b5828,RODATA,1,1,0,1,001d6fd4
003b5830,RODATA,1,1,0,1,001d7310
003b5838,RODATA,2,2,0,2,001d7058 001d7818
003b5844,RODATA,1,1,0,1,001d7058
003b5858,RODATA,3,3,0,3,001ad388 001adaf4 001adc00
003b5898,RODATA,1,1,0,1,001ad1a0
003b58a0,RODATA,1,1,0,1,001ad9f4
003b58a8,RODATA,1,1,0,1,001ad0e4
003b58b0,RODATA,1,1,0,1,001ad294
003b58b8,RODATA,1,1,0,1,001ad93c
003b58c0,RODATA,1,1,0,1,001acd7c
003b58c8,RODATA,4,4,0,3,00369e80 0036a8d8 0036aeb8
003b58d0,RODATA,2,2,0,2,00369e80 0036aeb8
003b58f0,RODATA,1,1,0,1,0036a850
003b58f8,RODATA,1,1,0,1,0036a73c
003b5900,RODATA,2,2,0,2,0036a468 0036a52c
003b5908,RODATA,1,1,0,1,00282530
003b5910,RODATA,1,1,0,1,002864f0
003b5918,RODATA,2,2,0,2,00350900 00350a58
003b5920,RODATA,1,1,0,1,0035078c
003b5928,RODATA,1,1,0,1,003505e8
003b5930,RODATA,1,1,0,1,001a2ff4
003b5938,RODATA,1,1,0,1,001a2ff4
003b5940,RODATA,3,3,0,2,001a1d48 001a23b8
003b5948,RODATA,1,1,0,1,001a23b8
003b5968,RODATA,1,1,0,1,001a205c
003b5978,RODATA,1,1,0,1,001a1f10
003b5980,RODATA,1,1,0,1,001a2164
003b5988,RODATA,1,1,0,1,001a23b8
003b59a4,RODATA,1,1,0,1,0036c9b0
003b59c8,RODATA,1,1,0,1,0036c650
003b59f8,RODATA,1,1,0,1,0036c650
003b5a74,RODATA,1,1,0,1,0036c650
003b5a90,RODATA,2,2,0,2,001c0cb0 001c0f20
003b5aa8,RODATA,1,1,0,1,001c0df8
003b5ab0,RODATA,1,1,0,1,001c0b54
003b5ab8,RODATA,4,4,0,4,00171410 00171d28 00171e08 001720a8
003b5ae8,RODATA,1,1,0,1,00171b84
003b5af0,RODATA,1,1,0,1,00171ac8
003b5af8,RODATA,1,1,0,1,00171c1c
003b5b00,RODATA,1,1,0,1,001717a0
003b5b08,RODATA,1,1,0,1,003512b8
003b5b20,RODATA,1,1,0,1,003511d8
003b5b28,RODATA,1,1,0,1,003510d4
003b5b30,RODATA,1,1,0,1,00350edc
003b5b38,RODATA,1,1,0,1,00286d64
003b5b40,RODATA,1,1,0,1,0027a2e0
003b5b48,RODATA,1,1,0,1,0027a2e0
003b5b50,RODATA,1,1,0,1,0027a2e0
003b5b58,RODATA,1,1,0,1,0016b050
003b5b60,RODATA,1,1,0,1,0016b050
003b5b68,RODATA,1,1,0,1,0016b050
003b5b70,RODATA,1,1,0,1,00286ad0
003b5b80,RODATA,1,1,0,1,001a4c18
003b5b90,RODATA,1,1,0,1,00287330
003b5b98,RODATA,1,1,0,1,001a5df8
003b5ba0,RODATA,1,1,0,1,001a5f64
003b5ba8,RODATA,1,1,0,1,0026efb0
003b5bb0,RODATA,5,5,0,5,002903a0 00290578 003616cc 003618e0 00361a2c
003b5bb8,RODATA,1,1,0,1,00361798
003b5bc8,RODATA,2,2,0,2,00361798 003618e0
003b5be8,RODATA,1,1,0,1,00368e78
003b5c08,RODATA,2,2,0,2,00368cfc 00369518
003b5c10,RODATA,1,1,0,1,0036963c
003b5c18,RODATA,1,1,0,1,00368e78
003b5c28,RODATA,2,2,0,2,001a11bc 001a14a4
003b5c30,RODATA,1,1,0,1,001a10b0
003b5c38,RODATA,1,1,0,1,001a13a0
003b5c40,RODATA,1,1,0,1,001a0d68
003b5c50,RODATA,1,1,0,1,001742c4
003b5c58,RODATA,1,1,0,1,00292050
003b5c68,RODATA,4,4,0,4,00293460 00369b90 00369ca0 00369e24
003b5c70,RODATA,1,1,0,1,00286f54
003b5c78,RODATA,1,1,0,1,002870b0
003b5c80,RODATA,1,1,0,1,00292d1c
003b5c88,RODATA,1,1,0,1,00292050
003b5c90,RODATA,2,2,0,2,0036ba10 0036bcc8
003b5c98,RODATA,1,1,0,1,0036b830
003b5ca0,RODATA,1,1,0,1,00282298
003b5cb0,RODATA,1,1,0,1,00301830
003b5cb8,RODATA,1,1,0,1,00301b60
003b5cd0,RODATA,1,1,0,1,001c82e0
003b5cd8,RODATA,1,1,0,1,002e5b28
003b5ce0,RODATA,1,1,0,1,002e5df0
003b5ce8,RODATA,1,1,0,1,00161bf0
003b5cf0,RODATA,1,1,0,1,00161e78
003b5cf8,RODATA,1,1,0,1,0028f798
003b5d00,RODATA,1,1,0,1,0028fa90
003b5d08,RODATA,4,4,0,2,0021d830 0036dfe0
003b5d2c,RODATA,1,1,0,1,0036e558
003b5d38,RODATA,1,1,0,1,0036e558
003b5dde,RODATA,1,1,0,1,0036e9d8
003b5e2c,RODATA,1,1,0,1,0023837c
003b5e34,RODATA,1,1,0,1,0023837c
003b5e74,RODATA,5,5,0,1,00241a04
003b5e94,RODATA,1,1,0,1,00241a04
003b5e9c,RODATA,1,1,0,1,00241a04
003b5edc,RODATA,1,1,0,1,00241a04
003b5ee4,RODATA,1,1,0,1,00241a04
003b5eec,RODATA,1,1,0,1,00241a04
003b5ef4,RODATA,1,1,0,1,00241a04
003b5efc,RODATA,1,1,0,1,00241a04
003b5f04,RODATA,1,1,0,1,00241a04
003b5f0c,RODATA,1,1,0,1,00204688
003b5f44,RODATA,3,3,0,2,00164ff8 00165378
003b5f5c,RODATA,1,1,0,1,00164ff8
003b5f64,RODATA,1,1,0,1,00164ff8
003b5fc4,RODATA,1,1,0,1,002044e8
003b6004,RODATA,1,1,0,1,00206864
003b600c,RODATA,1,1,0,1,0020497c
003b6014,RODATA,1,1,0,1,00371380
003b6044,RODATA,1,1,0,1,002053e8
003b604c,RODATA,1,1,0,1,002053e8
003b6054,RODATA,1,1,0,1,002053e8
003b6070,RODATA,10,10,0,10,001d13c8 001d18a8 001d1b48 001d1e10 001d1f40
003b6078,RODATA,1,1,0,1,001d15d8
003b6090,RODATA,3,3,0,3,001d19c8 001d23d0 001d24a4
003b6098,RODATA,1,1,0,1,001d1c94
003b60b8,RODATA,2,2,0,2,001d182c 001d20c8
003b60d0,RODATA,1,1,0,1,001d2044
003b60e8,RODATA,1,1,0,1,001d1a94
003b60f0,RODATA,1,1,0,1,001d1688
003b60f8,RODATA,1,1,0,1,001d1704
003b6100,RODATA,1,1,0,1,001d17b0
003b6120,RODATA,1,1,0,1,001d2228
003b6138,RODATA,1,1,0,1,001d1d2c
003b6140,RODATA,1,1,0,1,001c38a8
003b6148,RODATA,2,2,0,1,002665c8
003b6150,RODATA,1,1,0,1,002665c8
003b6168,RODATA,1,1,0,1,002665c8
003b6170,RODATA,2,2,0,2,001c3e14 001c3fe8
003b6178,RODATA,1,1,0,1,001c3ea4
003b6180,RODATA,3,3,0,3,001c3bc0 001c3f50 001c4080
003b6198,RODATA,1,1,0,1,001c3d44
003b61a0,RODATA,28,28,0,28,0021f980 00362754 003629c4 00362b0c 00362c30
003b61a8,RODATA,1,1,0,1,00367544
003b61b8,RODATA,1,1,0,1,003671e8
003b61d0,RODATA,1,1,0,1,00362dc4
003b61d8,RODATA,1,1,0,1,00366858
003b61e8,RODATA,1,1,0,1,00364ec4
003b61f0,RODATA,1,1,0,1,003666b8
003b6208,RODATA,1,1,0,1,003646a4
003b6258,RODATA,1,1,0,1,00362680
003b6270,RODATA,1,1,0,1,00366fe4
003b6290,RODATA,1,1,0,1,00366db0
003b6298,RODATA,1,1,0,1,00365894
003b62a0,RODATA,2,2,0,2,0021f370 00364364
003b62a8,RODATA,1,1,0,1,0021f370
003b62b0,RODATA,1,1,0,1,00363974
003b62b8,RODATA,1,1,0,1,00363974
003b62c0,RODATA,5,5,0,5,00362d3c 00362e54 003634d8 00363974 00363d84
003b62c8,RODATA,2,2,0,2,003634d8 003661b8
003b62d0,RODATA,3,3,0,3,00362e54 003634d8 00363d84
003b62d8,RODATA,1,1,0,1,00363c80
003b62e0,RODATA,1,1,0,1,00363ed4
003b62e8,RODATA,1,1,0,1,00366e38
003b62f0,RODATA,1,1,0,1,00362e54
003b62f8,RODATA,1,1,0,1,00363384
003b6300,RODATA,1,1,0,1,00365600
003b6308,RODATA,1,1,0,1,00366bb0
003b6310,RODATA,1,1,0,1,0036718c
003b6318,RODATA,1,1,0,1,00365598
003b6320,RODATA,1,1,0,1,00365328
003b6328,RODATA,1,1,0,1,00362754
003b6330,RODATA,1,1,0,1,00365010
003b6338,RODATA,1,1,0,1,00364718
003b6340,RODATA,2,2,0,2,003625f8 00364718
003b6348,RODATA,1,1,0,1,00362bb8
003b6350,RODATA,1,1,0,1,00363218
003b6358,RODATA,2,2,0,2,00363218 00363cf4
003b6360,RODATA,3,3,0,2,00366758 003669ac
003b6368,RODATA,1,1,0,1,003669ac
003b6370,RODATA,1,1,0,1,00366758
003b6378,RODATA,2,2,0,1,00365ac0
003b6380,RODATA,1,1,0,1,003663c4
003b6388,RODATA,2,2,0,2,00363130 00365390
003b6390,RODATA,1,1,0,1,00364f4c
003b6398,RODATA,1,1,0,1,00362564
003b63a8,RODATA,1,1,0,1,00367270
003b63b0,RODATA,1,1,0,1,0021fd08
003b63b8,RODATA,5,5,0,5,002e1258 002e13c0 002e15c8 002e1780 002e19a8
003b63c0,RODATA,1,1,0,1,002e1014
003b63e0,RODATA,1,1,0,1,002e14c8
003b63f8,RODATA,1,1,0,1,002e16b8
003b6408,RODATA,1,1,0,1,002e1874
003b6410,RODATA,2,2,0,2,002e10f8 002e11d8
003b6418,RODATA,1,1,0,1,002e3a50
003b6428,RODATA,1,1,0,1,002e3988
003b6430,RODATA,1,1,0,1,002e389c
003b6438,RODATA,1,1,0,1,002e3758
003b6440,RODATA,3,3,0,3,002e27a8 002e28f8 002e2d20
003b6458,RODATA,2,2,0,2,002e2bd8 002e2c64
003b6460,RODATA,1,1,0,1,002e2b1c
003b6480,RODATA,1,1,0,1,002e2d20
003b6488,RODATA,1,1,0,1,002e2d20
003b64b0,RODATA,3,3,0,3,00220000 002e4d18 00360638
003b64c8,RODATA,1,1,0,1,002e4e90
003b64d0,RODATA,1,1,0,1,002e4fa4
003b64d8,RODATA,1,1,0,1,002e5088
003b64e0,RODATA,1,1,0,1,002e4c50
003b64e8,RODATA,1,1,0,1,00360638
003b64f0,RODATA,1,1,0,1,00220000
003b6518,RODATA,2,2,0,2,002e4d18 00360638
003b6568,RODATA,2,2,0,1,002e2050
003b6580,RODATA,1,1,0,1,002e1f68
003b6588,RODATA,1,1,0,1,002e1c9c
003b6590,RODATA,1,1,0,1,002e1e5c
003b6598,RODATA,1,1,0,1,002e4700
003b65a8,RODATA,1,1,0,1,0021fc48
003b65b0,RODATA,1,1,0,1,002e4464
003b65b8,RODATA,1,1,0,1,002e45d0
003b65c0,RODATA,1,1,0,1,002e436c
003b65c8,RODATA,1,1,0,1,002e5688
003b65e0,RODATA,1,1,0,1,002e5470
003b65e8,RODATA,1,1,0,1,002e5570
003b65f0,RODATA,1,1,0,1,002e5248
003b65f8,RODATA,1,1,0,1,002e534c
003b6600,RODATA,1,1,0,1,002e5180
003b6608,RODATA,12,12,0,12,0034d878 0034ddc4 0034e0e4 0034e41c 0034e55c
003b6610,RODATA,1,1,0,1,0034d78c
003b6650,RODATA,1,1,0,1,0034ed98
003b6658,RODATA,1,1,0,1,0034ecd0
003b6660,RODATA,1,1,0,1,0034f408
003b6668,RODATA,1,1,0,1,0034f94c
003b6698,RODATA,1,1,0,1,0034dcf8
003b66a0,RODATA,1,1,0,1,0034e02c
003b66b8,RODATA,1,1,0,1,0034e768
003b66c0,RODATA,1,1,0,1,0034e230
003b66d8,RODATA,1,1,0,1,0034e330
003b66e0,RODATA,1,1,0,1,0034e6c4
003b66f8,RODATA,1,1,0,1,0034f630
003b6700,RODATA,1,1,0,1,0034f94c
003b6708,RODATA,1,1,0,1,0034fa28
003b6710,RODATA,3,3,0,2,0034ea50 0034ee5c
003b6718,RODATA,1,1,0,1,0034ee5c
003b6720,RODATA,1,1,0,1,0034ee5c
003b6728,RODATA,1,1,0,1,0034ee5c
003b6730,RODATA,1,1,0,1,0034e900
003b6738,RODATA,1,1,0,1,0034e9c8
003b6740,RODATA,9,9,0,9,001afb3c 001afd64 001b0144 001b0220 001b0470
003b6758,RODATA,1,1,0,1,001b09d0
003b6768,RODATA,1,1,0,1,001b0924
003b6780,RODATA,1,1,0,1,001afc88
003b6788,RODATA,1,1,0,1,001afee8
003b6790,RODATA,1,1,0,1,001affa0
003b67a8,RODATA,1,1,0,1,001b0084
003b67b0,RODATA,1,1,0,1,001b05c0
003b67c8,RODATA,1,1,0,1,001b0ba0
003b67d8,RODATA,1,1,0,1,001b0d3c
003b67f0,RODATA,1,1,0,1,0026c9a4
003b67f8,RODATA,1,1,0,1,00155e38
003b6800,RODATA,1,1,0,1,00155e38
003b6814,RODATA,2,2,0,2,0015fda0 0015ffe0
003b681c,RODATA,1,1,0,1,0015fbc8
003b6834,RODATA,2,2,0,2,00154a38 00154c60
003b683c,RODATA,1,1,0,1,00154868
003b6854,RODATA,1,1,0,1,001520f8
003b685c,RODATA,1,1,0,1,0015b5c8
003b6864,RODATA,1,1,0,1,0015b5c8
003b6898,RODATA,1,1,0,1,0015b5c8
003b68cc,RODATA,5,5,0,5,0015c53c 0015c61c 0015cf60 0015d188 0015d340
003b68d4,RODATA,1,1,0,1,0015c8c0
003b691c,RODATA,1,1,0,1,0015cab0
003b6924,RODATA,1,1,0,1,0015cbd0
003b692c,RODATA,1,1,0,1,0015cdbc
003b6934,RODATA,1,1,0,1,0015cea8
003b6944,RODATA,1,1,0,1,0015c810
003b694c,RODATA,1,1,0,1,0019c758
003b6954,RODATA,1,1,0,1,0019cb40
003b695c,RODATA,1,1,0,1,0015ded8
003b6964,RODATA,1,1,0,1,0015db28
003b69ac,RODATA,3,3,0,2,00159d24 00159e88
003b69c4,RODATA,1,1,0,1,00159e88
003b69cc,RODATA,1,1,0,1,00159a70
003b69d4,RODATA,2,2,0,2,0015982c 001599a0
003b69e4,RODATA,2,2,0,2,001598c4 00159e1c
003b69ec,RODATA,1,1,0,1,00159c0c
003b69f4,RODATA,3,3,0,3,00157440 00157c50 00158588
003b69fc,RODATA,1,1,0,1,00158588
003b6a2c,RODATA,1,1,0,1,00157778
003b6a34,RODATA,1,1,0,1,00158588
003b6a3c,RODATA,1,1,0,1,00158224
003b6a44,RODATA,3,3,0,1,0015a7a8
003b6a4c,RODATA,1,1,0,1,00153b30
003b6a54,RODATA,1,1,0,1,00153b30
003b6a5c,RODATA,1,1,0,1,00155810
003b6a64,RODATA,1,1,0,1,0015efe0
003b6a6c,RODATA,1,1,0,1,0015e9a4
003b6a74,RODATA,1,1,0,1,0015eec8
003b6a7c,RODATA,1,1,0,1,0015edfc
003b6a84,RODATA,1,1,0,1,0015ec68
003b6a8c,RODATA,3,3,0,3,001a81e0 001a8714 001a89a8
003b6a94,RODATA,1,1,0,1,001a8498
003b6a9c,RODATA,1,1,0,1,001a85c0
003b6aac,RODATA,1,1,0,1,0018b470
003b6ab4,RODATA,2,2,0,2,0018aa90 00280ed0
003b6acc,RODATA,1,1,0,1,0018aa90
003b6adc,RODATA,1,1,0,1,00280ed0
003b6aec,RODATA,1,1,0,1,00280ed0
003b6afc,RODATA,1,1,0,1,0018a920
003b6b3c,RODATA,1,1,0,1,0018a920
003b6b4c,RODATA,1,1,0,1,0018a920
003b6b5c,RODATA,1,1,0,1,0018ae00
003b6bb0,RODATA,1,1,0,1,0018b200
003b6bb8,RODATA,1,1,0,1,00280de8
003b6bf8,RODATA,3,3,0,3,00189ea8 0018a160 0026ea88
003b6c00,RODATA,1,1,0,1,0018a04c
003b6c10,RODATA,1,1,0,1,00189c6c
003b6c18,RODATA,1,1,0,1,00189ce8
003b6c20,RODATA,1,1,0,1,00189d50
003b6c28,RODATA,1,1,0,1,00189e28
003b6c38,RODATA,4,4,0,4,0018b584 0018b78c 0018b9d0 0018bf8c
003b6c3c,RODATA,1,1,0,1,0018b584
003b6c40,RODATA,1,1,0,1,0018c2b0
003b6c58,RODATA,1,1,0,1,0018c0b4
003b6c60,RODATA,1,1,0,1,0018b724
003b6c70,RODATA,1,1,0,1,0018b584
003b6c80,RODATA,1,1,0,1,0018c134
003b6c88,RODATA,1,1,0,1,0018c1e4
003b6c90,RODATA,1,1,0,1,0018b8f4
003b6ca0,RODATA,1,1,0,1,0018b9d0
003b6ca8,RODATA,1,1,0,1,0018b584
003b6cb8,RODATA,1,1,0,1,0018b584
003b6cc8,RODATA,1,0,1,0,
003b6ccd,RODATA,1,0,1,0,
003b6cd3,RODATA,1,0,1,0,
003b6cd6,RODATA,1,0,1,0,
003b6cd9,RODATA,1,0,1,0,
003b6cdc,RODATA,1,0,1,0,
003b6ce1,RODATA,1,0,1,0,
003b6ce4,RODATA,1,0,1,0,
003b6ce8,RODATA,5,5,0,5,001a8ca8 001a9844 001a9b10 001a9c74 001aab8c
003b6cf0,RODATA,7,7,0,7,001a8b6c 001a994c 001a9e50 001a9f44 001aa684
003b6d28,RODATA,1,1,0,1,001aa034
003b6d68,RODATA,1,1,0,1,001aaa50
003b6d70,RODATA,1,1,0,1,001aa8a8
003b6d78,RODATA,1,1,0,1,0026e3f8
003b6d80,RODATA,1,1,0,1,001aa034
003b6d88,RODATA,1,1,0,1,001aa034
003b6d90,RODATA,1,1,0,1,001aa034
003b6d98,RODATA,1,1,0,1,001aa034
003b6da0,RODATA,2,2,0,1,0018f628
003b6db0,RODATA,1,1,0,1,0018f3f4
003b6db8,RODATA,1,1,0,1,0018f288
003b6dc0,RODATA,1,1,0,1,0018f4ec
003b6dc8,RODATA,1,1,0,1,0018f628
003b6dd0,RODATA,1,1,0,1,0018f628
003b6dd8,RODATA,3,3,0,2,0018c89c 0018cc38
003b6e00,RODATA,1,1,0,1,0018cc38
003b6e10,RODATA,1,1,0,1,0018cb14
003b6e18,RODATA,1,1,0,1,0018c76c
003b6e20,RODATA,1,1,0,1,0018c9cc
003b6e28,RODATA,1,1,0,1,0018ca50
003b6e30,RODATA,1,1,0,1,00194188
003b6e38,RODATA,4,4,0,3,0018fc4c 0018ffd0 00190ac0
003b6e48,RODATA,1,1,0,1,0018fbc0
003b6e58,RODATA,1,1,0,1,0018ffd0
003b6e88,RODATA,1,1,0,1,00190884
003b6e90,RODATA,1,1,0,1,0019093c
003b6e98,RODATA,1,1,0,1,00190744
003b6ea0,RODATA,1,1,0,1,001909cc
003b6ea8,RODATA,1,1,0,1,0018ffd0
003b6eb0,RODATA,1,1,0,1,0018e588
003b6eb8,RODATA,1,1,0,1,001914f0
003b6ebc,RODATA,1,1,0,1,00191368
003b6ec4,RODATA,1,1,0,1,001914f0
003b6ecc,RODATA,1,1,0,1,001914f0
003b6ee0,RODATA,1,1,0,1,001914f0
003b6ef4,RODATA,1,1,0,1,001914f0
003b6f00,RODATA,2,2,0,1,00193180
003b6f18,RODATA,2,2,0,2,00193d10 0036ff6c
003b6f3c,RODATA,1,1,0,1,00193d10
003b6f60,RODATA,1,1,0,1,00193d10
003b6f84,RODATA,1,1,0,1,00193d10
003b6fa8,RODATA,1,1,0,1,0018db18
003b6fb0,RODATA,1,1,0,1,0018db18
003b6fe4,RODATA,1,1,0,1,00190f60
003b6fec,RODATA,2,2,0,2,00194828 00194e78
003b6ffc,RODATA,1,1,0,1,001946f4
003b7004,RODATA,1,1,0,1,001945e8
003b700c,RODATA,3,3,0,3,001ab188 001ab7b0 001abba4
003b7014,RODATA,1,1,0,1,001ab3c0
003b7034,RODATA,1,1,0,1,001ab360
003b703c,RODATA,1,1,0,1,001ab91c
003b7044,RODATA,2,2,0,2,001ab2e4 001ab718
003b704c,RODATA,1,1,0,1,0026dc5c
003b7054,RODATA,1,1,0,1,00197e50
003b7064,RODATA,1,1,0,1,00197e50
003b706c,RODATA,1,1,0,1,00197e50
003b7084,RODATA,5,5,0,2,00195b3c 00195d18
003b7094,RODATA,2,2,0,1,00195d18
003b709c,RODATA,1,1,0,1,00195d18
003b70c4,RODATA,1,1,0,1,00195d18
003b70cc,RODATA,2,2,0,2,001958f0 00195c40
003b70dc,RODATA,1,1,0,1,00195804
003b70e4,RODATA,1,1,0,1,00195994
003b70ec,RODATA,1,1,0,1,00195a40
003b70f4,RODATA,3,3,0,3,00195580 00195ac0 002763b0
003b70fc,RODATA,1,1,0,1,00195454
003b7104,RODATA,1,1,0,1,00195500
003b710c,RODATA,1,1,0,1,001952dc
003b7114,RODATA,1,1,0,1,0019573c
003b711c,RODATA,4,4,0,4,00162310 00162b7c 00162ee4 00163364
003b7124,RODATA,1,1,0,1,00162218
003b7144,RODATA,1,1,0,1,00163154
003b715c,RODATA,2,2,0,2,00162a54 0016323c
003b7174,RODATA,1,1,0,1,0016304c
003b717c,RODATA,1,1,0,1,001625d0
003b7184,RODATA,1,1,0,1,001625d0
003b718c,RODATA,2,2,0,2,001624e0 001629bc
003b7194,RODATA,1,1,0,1,0035b1c0
003b71a4,RODATA,1,1,0,1,0035b950
003b71ac,RODATA,1,1,0,1,0035ba50
003b71b4,RODATA,3,3,0,3,003596d0 003598a8 0035a0c0
003b71c4,RODATA,2,2,0,2,00359f44 00359fc0
003b71ec,RODATA,3,3,0,3,0035bfe4 0035c3c8 0035c6b4
003b71f4,RODATA,1,1,0,1,0035c62c
003b7204,RODATA,2,2,0,2,002216c4 0035c7c0
003b720c,RODATA,1,1,0,1,0035c344
003b721c,RODATA,1,1,0,1,0035bd10
003b7224,RODATA,2,2,0,2,0035c168 0035c250
003b722c,RODATA,1,1,0,1,0035be8c
003b7234,RODATA,4,4,0,4,0028b058 00356fc0 00357308 00357750
003b7264,RODATA,1,1,0,1,00221188
003b726c,RODATA,3,3,0,3,0035686c 003575fc 00358ee4
003b7274,RODATA,1,1,0,1,00357b8c
003b7284,RODATA,1,1,0,1,00358818
003b728c,RODATA,1,1,0,1,00358c60
003b7294,RODATA,1,1,0,1,00358ba8
003b729c,RODATA,1,1,0,1,0035660c
003b72a4,RODATA,1,1,0,1,00357978
003b72ac,RODATA,1,1,0,1,00356a2c
003b72b4,RODATA,1,1,0,1,00356a2c
003b72cc,RODATA,3,3,0,3,0035a5f0 0035ad78 0035ae50
003b72fc,RODATA,1,1,0,1,0035ac30
003b7304,RODATA,1,1,0,1,0035ab68
003b730c,RODATA,1,1,0,1,0035acc8
003b7314,RODATA,1,1,0,1,0035aa04
003b731c,RODATA,3,3,0,2,0035cd30 0035d9b4
003b7330,RODATA,2,2,0,2,0035cc14 0035cf24
003b7338,RODATA,1,1,0,1,0035ca8c
003b7340,RODATA,1,1,0,1,0035d9b4
003b7348,RODATA,1,1,0,1,0035d9b4
003b7350,RODATA,1,1,0,1,0035d9b4
003b7358,RODATA,1,1,0,1,0035d9b4
003b738c,RODATA,1,1,0,1,0035d9b4
003b73a0,RODATA,1,1,0,1,0035d9b4
003b73b0,RODATA,1,1,0,1,0035d9b4
003b73bc,RODATA,1,1,0,1,001c17b4
003b73c4,RODATA,2,2,0,2,0019d038 0019d2c4
003b73cc,RODATA,1,1,0,1,0019cf14
003b73d4,RODATA,1,1,0,1,0019cdf8
003b73ec,RODATA,1,1,0,1,0019d1d0
003b73f4,RODATA,1,1,0,1,0019cf98
003b73fc,RODATA,3,3,0,3,001bc1b4 001bc36c 001bc67c
003b7414,RODATA,1,1,0,1,001bc0b0
003b741c,RODATA,1,1,0,1,001bc500
003b742c,RODATA,1,1,0,1,001bc574
003b7434,RODATA,1,1,0,1,001bc020
003b743c,RODATA,4,4,0,4,00163c5c 00163db0 00164174 00164498
003b744c,RODATA,1,1,0,1,00164088
003b747c,RODATA,1,1,0,1,0016439c
003b7484,RODATA,1,1,0,1,003606b0
003b74b8,RODATA,1,1,0,1,003606b0
003b74ec,RODATA,7,7,0,7,0022096c 0035e9c4 0035eccc 0035ef84 0035f32c
003b751c,RODATA,1,1,0,1,0035f294
003b752c,RODATA,1,1,0,1,0035f490
003b7534,RODATA,1,1,0,1,0035f558
003b7544,RODATA,1,1,0,1,0035e8d0
003b754c,RODATA,3,3,0,3,0035ee90 0035f788 0035fa84
003b7554,RODATA,1,1,0,1,0035f91c
003b756c,RODATA,1,1,0,1,0035f9d8
003b7574,RODATA,1,1,0,1,0035ebe8
003b757c,RODATA,2,2,0,2,0035e7b0 0035f1ec
003b7584,RODATA,1,1,0,1,00220cc4
003b759c,RODATA,2,2,0,2,002208bc 00220b5c
003b75a4,RODATA,1,1,0,1,0036860c
003b75ac,RODATA,1,1,0,1,00368434
003b75b4,RODATA,3,3,0,2,0034bf28 0034c4d0
003b75c4,RODATA,1,1,0,1,0034c4d0
003b75cc,RODATA,1,1,0,1,0034c4d0
003b75d4,RODATA,2,2,0,2,0034c2c4 0034c3dc
003b75dc,RODATA,1,1,0,1,0034c1e8
003b75e4,RODATA,1,1,0,1,0034c358
003b75ec,RODATA,1,1,0,1,0034be78
003b75fc,RODATA,1,1,0,1,0034b6b0
003b7614,RODATA,1,1,0,1,0034a700
003b7624,RODATA,2,2,0,2,001c1ce8 001c2c94
003b762c,RODATA,2,2,0,1,001c1ce8
003b7644,RODATA,1,1,0,1,001c2b8c
003b764c,RODATA,1,1,0,1,001c2a34
003b7654,RODATA,1,1,0,1,001c1b00
003b7670,RODATA,2,2,0,2,0019d3cc 0019d6a8
003b7688,RODATA,1,1,0,1,0016ed70
003b7690,RODATA,1,1,0,1,0016ed70
003b76a4,RODATA,6,6,0,3,0016f2ac 0016f698 00170368
003b76b4,RODATA,1,1,0,1,0016f224
003b76f4,RODATA,1,1,0,1,00170290
003b76fc,RODATA,1,1,0,1,001701d0
003b7704,RODATA,1,1,0,1,002818cc
003b770c,RODATA,3,3,0,3,0016c7e8 0016c928 0016cc10
003b7714,RODATA,1,1,0,1,0016cacc
003b7724,RODATA,1,1,0,1,0016e498
003b772c,RODATA,1,1,0,1,00170b28
003b7734,RODATA,4,4,0,3,0016cdf8 0016d218 0016ddc0
003b7744,RODATA,1,1,0,1,0016cd70
003b7764,RODATA,1,1,0,1,0016d218
003b777c,RODATA,1,1,0,1,0016dc40
003b7784,RODATA,1,1,0,1,0016db7c
003b778c,RODATA,1,1,0,1,0016dd0c
003b7794,RODATA,3,3,0,3,001d7b24 001d7e64 001d8094
003b779c,RODATA,1,1,0,1,001d79e4
003b77a4,RODATA,1,1,0,1,001d7d14
003b77b4,RODATA,2,2,0,2,001c9890 001c9ee8
003b77c4,RODATA,2,2,0,2,001c9bcc 001c9ce8
003b77cc,RODATA,1,1,0,1,001c9a98
003b77d4,RODATA,1,1,0,1,002687ec
003b77ec,RODATA,2,2,0,2,001cabfc 001cad98
003b7804,RODATA,1,1,0,1,001caad8
003b780c,RODATA,1,1,0,1,001ca9a8
003b7814,RODATA,1,1,0,1,002685d0
003b7824,RODATA,1,1,0,1,001cddf0
003b783c,RODATA,1,1,0,1,001cdbb0
003b7844,RODATA,1,1,0,1,001cd954
003b784c,RODATA,1,1,0,1,001cdc88
003b7854,RODATA,1,1,0,1,001cddf0
003b787c,RODATA,1,1,0,1,001ca610
003b788c,RODATA,1,1,0,1,001ca484
003b7894,RODATA,1,1,0,1,001ca33c
003b789c,RODATA,1,1,0,1,001ca558
003b78a4,RODATA,1,1,0,1,001ce5f0
003b78b4,RODATA,1,1,0,1,001ce464
003b78bc,RODATA,1,1,0,1,001ce31c
003b78c4,RODATA,1,1,0,1,001ce538
003b78cc,RODATA,1,1,0,1,001cebe0
003b78dc,RODATA,1,1,0,1,001cea54
003b78e4,RODATA,1,1,0,1,001ce924
003b78ec,RODATA,1,1,0,1,001ceb28
003b78f4,RODATA,1,1,0,1,002655b0
003b78fc,RODATA,1,1,0,1,001cb1b0
003b7904,RODATA,1,1,0,1,001cef60
003b790c,RODATA,1,1,0,1,001cffd0
003b791c,RODATA,1,1,0,1,001cfebc
003b7924,RODATA,1,1,0,1,001cfd8c
003b792c,RODATA,1,1,0,1,001d0208
003b7934,RODATA,5,5,0,3,001cb8a0 001cc538 001cc670
003b794c,RODATA,1,1,0,1,001cb8a0
003b7954,RODATA,1,1,0,1,001cb8a0
003b7984,RODATA,1,1,0,1,001cb680
003b798c,RODATA,1,1,0,1,001cb5a8
003b7994,RODATA,1,1,0,1,001cb72c
003b799c,RODATA,1,1,0,1,001cc3f8
003b79a4,RODATA,2,2,0,2,001cc478 00267f84
003b79ac,RODATA,1,1,0,1,001cb7d8
003b79b4,RODATA,1,1,0,1,001c9528
003b79cc,RODATA,1,1,0,1,001c943c
003b79d4,RODATA,1,1,0,1,001c9320
003b79dc,RODATA,1,1,0,1,001c91cc
003b79e4,RODATA,1,1,0,1,001cd448
003b79ec,RODATA,1,1,0,1,001cd0f4
003b79f4,RODATA,1,1,0,1,001cd24c
003b79fc,RODATA,1,1,0,1,001cd360
003b7a04,RODATA,1,1,0,1,001d11b8
003b7a0c,RODATA,1,1,0,1,001d11b8
003b7a14,RODATA,1,1,0,1,001d11b8
003b7a1c,RODATA,1,1,0,1,001d11b8
003b7a30,RODATA,2,2,0,2,001d0608 001d0c08
003b7a48,RODATA,1,1,0,1,001d08cc
003b7a50,RODATA,1,1,0,1,001d09cc
003b7a58,RODATA,1,1,0,1,001d0ad4
003b7a60,RODATA,1,1,0,1,001d0758
003b7a68,RODATA,3,3,0,3,00173bb0 00173df8 001740a0
003b7a70,RODATA,1,1,0,1,00173ad0
003b7a98,RODATA,2,2,0,2,00173d58 00173f38
003b7aa0,RODATA,5,5,0,5,00165674 00165780 001658f8 00165a04 00166750
003b7aa8,RODATA,1,1,0,1,00165bf4
003b7ab0,RODATA,2,2,0,1,00165bf4
003b7ac8,RODATA,3,3,0,2,00166d58 00288338
003b7ad0,RODATA,1,1,0,1,00288338
003b7af8,RODATA,2,2,0,2,00167814 00167980
003b7b00,RODATA,1,1,0,1,001676dc
003b7b08,RODATA,1,1,0,1,002875e4
003b7b18,RODATA,1,1,0,1,00288338
003b7b34,RODATA,5,5,0,5,0019d80c 0019fb0c 0019ffec 001a04f8 001a083c
003b7b3c,RODATA,1,1,0,1,0019eb54
003b7b44,RODATA,1,1,0,1,0019eb54
003b7b4c,RODATA,1,1,0,1,0019eb54
003b7b54,RODATA,1,1,0,1,0019eb54
003b7b5c,RODATA,1,1,0,1,0019eb54
003b7b64,RODATA,15,15,0,15,0019de78 0019df8c 0019e0a0 0019e258 0019e3a8
003b7b6c,RODATA,1,1,0,1,0019eb54
003b7b74,RODATA,1,1,0,1,0019eb54
003b7b7c,RODATA,1,1,0,1,0019eb54
003b7b84,RODATA,1,1,0,1,0019eb54
003b7b8c,RODATA,1,1,0,1,0019eb54
003b7b94,RODATA,1,1,0,1,0019eb54
003b7b9c,RODATA,1,1,0,1,0019eb54
003b7ba4,RODATA,1,1,0,1,0019eb54
003b7bac,RODATA,1,1,0,1,0019eb54
003b7bb4,RODATA,1,1,0,1,0019eb54
003b7bbc,RODATA,1,1,0,1,0019eb54
003b7bc4,RODATA,1,1,0,1,0019eb54
003b7bdc,RODATA,1,1,0,1,001a030c
003b7be4,RODATA,3,3,0,3,00174644 001749b0 00174d10
003b7bf4,RODATA,1,1,0,1,00174be0
003b7bfc,RODATA,1,1,0,1,0017471c
003b7c0c,RODATA,1,1,0,1,00174e8c
003b7c14,RODATA,1,1,0,1,00174f48
003b7c1c,RODATA,1,1,0,1,001748d8
003b7c24,RODATA,1,1,0,1,00280938
003b7c34,RODATA,2,2,0,1,00180620
003b7c5c,RODATA,1,1,0,1,0018052c
003b7c64,RODATA,1,1,0,1,0018008c
003b7c6c,RODATA,1,1,0,1,00180448
003b7c74,RODATA,1,1,0,1,0017e8d8
003b7c7c,RODATA,6,6,0,1,0017f330
003b7c84,RODATA,1,1,0,1,0017f330
003b7cb4,RODATA,1,1,0,1,0017f248
003b7cbc,RODATA,1,1,0,1,0017ee30
003b7cc4,RODATA,2,2,0,2,0017f074 0027b4f0
003b7ccc,RODATA,1,1,0,1,0017f160
003b7cd4,RODATA,1,1,0,1,0017e5f8
003b7cdc,RODATA,4,4,0,4,001752b8 00175530 0017580c 00273918
003b7ce4,RODATA,1,1,0,1,00175110
003b7d04,RODATA,1,1,0,1,00175678
003b7d0c,RODATA,2,2,0,2,001751ec 00175454
003b7d14,RODATA,1,1,0,1,00280300
003b7d1c,RODATA,2,2,0,2,0017b418 0017b838
003b7d34,RODATA,1,1,0,1,0017b51c
003b7d3c,RODATA,1,1,0,1,0017b6e4
003b7d44,RODATA,1,1,0,1,0017b788
003b7d4c,RODATA,1,1,0,1,0017b674
003b7d54,RODATA,1,1,0,1,0017b5cc
003b7d5c,RODATA,3,3,0,3,00180e28 00181148 00181fe0
003b7d64,RODATA,1,1,0,1,00182380
003b7d8c,RODATA,1,1,0,1,001813b8
003b7d94,RODATA,1,1,0,1,00181e98
003b7d9c,RODATA,1,1,0,1,00181d3c
003b7da4,RODATA,1,1,0,1,00181dbc
003b7dac,RODATA,2,2,0,2,001814c4 00181f30
003b7db4,RODATA,1,1,0,1,00181760
003b7dbc,RODATA,1,1,0,1,00181a3c
003b7dc4,RODATA,1,1,0,1,00181560
003b7dcc,RODATA,1,1,0,1,00182138
003b7dd4,RODATA,3,3,0,3,00188278 0018850c 00188708
003b7ddc,RODATA,1,1,0,1,00188134
003b7df4,RODATA,3,3,0,3,0017a768 0017acf0 0017adf8
003b7e0c,RODATA,1,1,0,1,0017a9f0
003b7e14,RODATA,1,1,0,1,0017ab34
003b7e1c,RODATA,1,1,0,1,0017abb8
003b7e34,RODATA,1,1,0,1,0017a934
003b7e3c,RODATA,1,1,0,1,0017aaa4
003b7e54,RODATA,1,1,0,1,0017adf8
003b7e5c,RODATA,1,1,0,1,00177f20
003b7e6c,RODATA,1,1,0,1,00177dd8
003b7e74,RODATA,2,2,0,1,00178668
003b7e9c,RODATA,1,1,0,1,00178498
003b7ea4,RODATA,1,1,0,1,00178384
003b7eac,RODATA,1,1,0,1,00178588
003b7eb4,RODATA,4,4,0,3,0017952c 001796e4 001798d8
003b7edc,RODATA,3,3,0,3,001792f8 001793a0 001797e8
003b7ef4,RODATA,1,1,0,1,0017946c
003b7f0c,RODATA,1,1,0,1,00179234
003b7f14,RODATA,1,1,0,1,0027dba4
003b7f1c,RODATA,1,1,0,1,00178fe4
003b7f24,RODATA,10,10,0,10,0017c158 0017c6d0 0017c7d8 0017ca30 0017cb14
003b7f2c,RODATA,1,1,0,1,0017c504
003b7f34,RODATA,4,4,0,4,0017bae4 0017c044 0017c8b0 0027d480
003b7f5c,RODATA,1,1,0,1,0017c484
003b7f8c,RODATA,1,1,0,1,0017bbb4
003b7f94,RODATA,1,1,0,1,0017bc88
003b7f9c,RODATA,1,1,0,1,0017be7c
003b7fb4,RODATA,1,1,0,1,0017bf78
003b7fbc,RODATA,1,1,0,1,0017c2bc
003b7fd4,RODATA,1,1,0,1,0017cee0
003b7fec,RODATA,1,1,0,1,0017d128
003b7ff4,RODATA,1,1,0,1,0017c39c
003b7ffc,RODATA,1,1,0,1,0017c5c8
003b8014,RODATA,1,1,0,1,0017bd78
003b801c,RODATA,6,6,0,4,00185cf4 00186344 00186a68 0027ccb0
003b803c,RODATA,3,3,0,3,00186170 00186620 00186824
003b8044,RODATA,1,1,0,1,00185eec
003b804c,RODATA,1,1,0,1,001867a4
003b8054,RODATA,1,1,0,1,001869b0
003b806c,RODATA,1,1,0,1,00186248
003b8074,RODATA,1,1,0,1,0018657c
003b807c,RODATA,1,1,0,1,001860b4
003b8084,RODATA,1,1,0,1,0027a644
003b809c,RODATA,1,1,0,1,00187c8c
003b80ac,RODATA,2,2,0,2,00187d64 00187eb8
003b80b4,RODATA,1,1,0,1,00187930
003b80bc,RODATA,1,1,0,1,00187b78
003b80c4,RODATA,1,1,0,1,00279248
003b80cc,RODATA,1,1,0,1,00175a18
003b80d4,RODATA,6,6,0,1,00176738
003b8104,RODATA,1,1,0,1,00176738
003b810c,RODATA,1,1,0,1,00176480
003b8114,RODATA,1,1,0,1,00176560
003b811c,RODATA,2,2,0,2,00176654 0027eb68
003b8124,RODATA,1,1,0,1,00176368
003b8154,RODATA,1,1,0,1,00186ed8
003b815c,RODATA,1,1,0,1,00186dcc
003b8164,RODATA,1,1,0,1,00186fe4
003b819c,RODATA,1,1,0,1,00279a58
003b81a4,RODATA,2,2,0,2,00177698 001778e0
003b81ac,RODATA,1,1,0,1,00177388
003b81c4,RODATA,1,1,0,1,00177798
003b81cc,RODATA,1,1,0,1,00177814
003b81d4,RODATA,1,1,0,1,0017758c
003b81dc,RODATA,1,1,0,1,00182ec0
003b81e4,RODATA,4,4,0,4,00183260 00183550 00183938 00183ca8
003b8204,RODATA,1,1,0,1,00183434
003b820c,RODATA,7,7,0,2,001847b8 00184980
003b8224,RODATA,1,1,0,1,00184980
003b823c,RODATA,1,1,0,1,00184980
003b824c,RODATA,3,3,0,3,00184140 00184544 00184894
003b8264,RODATA,1,1,0,1,00184474
003b826c,RODATA,1,1,0,1,001845ec
003b8274,RODATA,1,1,0,1,00184694
003b827c,RODATA,2,2,0,2,00184710 0027aab8
003b8284,RODATA,1,1,0,1,00184238
003b828c,RODATA,1,1,0,1,00183f98
003b8294,RODATA,2,2,0,1,001829e8
003b82a4,RODATA,1,1,0,1,001828c8
003b82ac,RODATA,1,1,0,1,001827b8
003b82b4,RODATA,1,1,0,1,001826b4
003b82bc,RODATA,1,1,0,1,001829e8
003b82c4,RODATA,1,1,0,1,001829e8
003b82cc,RODATA,1,1,0,1,001829e8
003b82d4,RODATA,1,1,0,1,001829e8
003b82e8,RODATA,5,5,0,5,0017d940 0017da6c 0017dfd8 0017e220 0017e3f8
003b8300,RODATA,1,1,0,1,0017dc60
003b8328,RODATA,1,1,0,1,0017dd24
003b8330,RODATA,1,1,0,1,0017de0c
003b8338,RODATA,2,2,0,2,0017df00 0017e320
003b8348,RODATA,2,2,0,2,001873d0 00187700
003b8350,RODATA,1,1,0,1,001870d8
003b8360,RODATA,1,1,0,1,00187558
003b8368,RODATA,1,1,0,1,001872c0
003b8370,RODATA,1,1,0,1,00279568
003b8378,RODATA,3,3,0,3,001647d0 001649bc 00164d2c
003b8380,RODATA,1,1,0,1,0016468c
003b8398,RODATA,1,1,0,1,00164b78
003b83b0,RODATA,1,1,0,1,00164c14
003b83b8,RODATA,1,1,0,1,0016468c
003b83d8,RODATA,2,2,0,2,002f791c 002f7d08
003b83f0,RODATA,1,1,0,1,00300850
003b83f8,RODATA,2,2,0,2,00300850 00300efc
003b8410,RODATA,1,1,0,1,002fd1c8
003b8420,RODATA,1,1,0,1,002fd0f0
003b8428,RODATA,1,1,0,1,002fcfec
003b8430,RODATA,1,1,0,1,002fcf24
003b8438,RODATA,7,7,0,5,0023b1c8 002fd47c 002fd948 002fdb30 002fe5b0
003b8458,RODATA,8,8,0,8,002f870c 002f87b4 002f8970 002f8b70 002f8ff0
003b8460,RODATA,1,1,0,1,002f8e94
003b84b0,RODATA,1,1,0,1,002f85b8
003b84b8,RODATA,2,2,0,2,002f84e0 002f8f64
003b84c0,RODATA,4,4,0,2,002fa33c 002fa478
003b84c4,RODATA,2,2,0,1,002fa478
003b84ec,RODATA,1,1,0,1,002fa220
003b84f4,RODATA,1,1,0,1,002fa0ac
003b8504,RODATA,1,1,0,1,002fa478
003b850c,RODATA,3,3,0,1,002fa478
003b851c,RODATA,1,0,1,0,
003b8520,RODATA,1,0,1,0,
003b8524,RODATA,1,0,1,0,
003b8530,RODATA,1,1,0,1,0023c4f0
003b8538,RODATA,7,7,0,7,002fe8e0 002fea10 002febc4 002fed44 002fee58
003b8560,RODATA,1,1,0,1,002ff1d0
003b8568,RODATA,2,2,0,1,002ff1d0
003b8580,RODATA,2,2,0,2,002feb24 002ffc78
003b8588,RODATA,3,3,0,1,0023a3a8
003b85b4,RODATA,1,1,0,1,002f68a8
003b85bc,RODATA,1,1,0,1,002f6774
003b85c4,RODATA,1,1,0,1,0023e950
003b85cc,RODATA,1,1,0,1,0023a3a8
003b85dc,RODATA,1,1,0,1,0023b308
003b85e0,RODATA,1,1,0,1,0023b308
003b85ec,RODATA,2,2,0,2,0023eb28 002f8328
003b8604,RODATA,1,1,0,1,002f57f0
003b860c,RODATA,1,1,0,1,002f57f0
003b8618,RODATA,1,1,0,1,002f57f0
003b864c,RODATA,1,1,0,1,00300490
003b8654,RODATA,5,5,0,3,0023ccc0 002fccdc 002fcdb0
003b8664,RODATA,1,1,0,1,0023ccc0
003b869c,RODATA,1,1,0,1,002fcc44
003b86b4,RODATA,1,1,0,1,002fcac0
003b86bc,RODATA,1,1,0,1,0023c3b8
003b86c4,RODATA,1,1,0,1,0023ccc0
003b86d8,RODATA,1,1,0,1,0023ccc0
003b86f4,RODATA,3,3,0,3,00173438 00173648 0017372c
003b86f8,RODATA,1,1,0,1,00173438
003b86fc,RODATA,1,1,0,1,00173928
003b8704,RODATA,1,1,0,1,00172cf8
003b870c,RODATA,1,1,0,1,001735e4
003b871c,RODATA,1,1,0,1,00173438
003b872c,RODATA,1,1,0,1,001737e0
003b8734,RODATA,1,1,0,1,0017385c
003b873c,RODATA,1,1,0,1,00173438
003b874c,RODATA,1,1,0,1,00173438
003b875c,RODATA,1,0,1,0,
003b8761,RODATA,1,0,1,0,
003b8767,RODATA,1,0,1,0,
003b876a,RODATA,1,0,1,0,
003b876d,RODATA,1,0,1,0,
003b8770,RODATA,1,0,1,0,
003b8775,RODATA,1,0,1,0,
003b8778,RODATA,1,0,1,0,
003b877c,RODATA,1,1,0,1,0036f3cc
003b8784,RODATA,1,1,0,1,001c35c0
003b8794,RODATA,1,1,0,1,00147568
003b8798,RODATA,1,1,0,1,00147568
003b879c,RODATA,1,1,0,1,00147568
003b87a0,RODATA,1,1,0,1,00147568
003b87a4,RODATA,1,1,0,1,00147568
003b87a8,RODATA,1,1,0,1,00147568
003b87ac,RODATA,2,2,0,2,00145f10 0026cfc0
003b87d4,RODATA,3,3,0,3,0026ce44 0026ce70 0028d0ac
003b87e8,RODATA,1,1,0,1,002937e0
003b8818,RODATA,2,2,0,2,00145f10 0026cfc0
003b886c,RODATA,1,1,0,1,0029a7cc
003b891c,RODATA,2,2,0,2,0029a7a4 00309634
003b8940,RODATA,1,1,0,1,001e6ab8
003b8974,RODATA,1,1,0,1,00387a50
003b8978,RODATA,1,1,0,1,00274c3c
003b899c,RODATA,4,4,0,4,00104254 001e73a4 001e7494 001e7a68
003b89a4,RODATA,3,3,0,3,001e7e6c 001e7ffc 00260b6c
003b89b8,RODATA,1,1,0,1,0029f758
003b89e0,RODATA,1,1,0,1,00386ab8
003b89e4,RODATA,2,2,0,2,002843d0 002a69e8
003b8a00,RODATA,12,12,0,8,001f9044 001f9158 001f92e0 001f943c 001f9614
003b8a80,RODATA,8,8,0,8,001f80bc 001f8210 001f83ec 001f85b4 001f87ec
003b8ac0,RODATA,1,1,0,1,0025ec50
003ba880,RODATA,1,1,0,1,0025ec50
003ba910,RODATA,1,1,0,1,0025ec50
003ba9a0,RODATA,1,1,0,1,0025ec50
003baa30,RODATA,1,1,0,1,0025ec50
003baae0,RODATA,1,1,0,1,0038759c
003baae8,RODATA,3,3,0,3,00104320 001e9e58 001e9eac
003bab14,RODATA,5,5,0,5,001ee358 001ee410 001ee4c8 001ee5bc 001ee690
003bab18,RODATA,4,4,0,4,00258c9c 00259260 0025b0ac 0025b54c
003bab28,RODATA,1,1,0,1,00255ff0
003bab38,RODATA,1,1,0,1,00256114
003babbc,RODATA,1,1,0,1,002ca56c
003babd0,RODATA,2,2,0,2,002f3840 002f3938
003babd8,RODATA,1,1,0,1,0027d908
003babe0,RODATA,1,1,0,1,0027d908
003babe8,RODATA,1,1,0,1,0027d908
003babf4,RODATA,1,1,0,1,0027d908
003bac00,RODATA,1,1,0,1,002ebaa8
003bac08,RODATA,1,1,0,1,002ebb90
003bac10,RODATA,1,1,0,1,002eb938
003bac18,RODATA,1,1,0,1,002f115c
003bac1c,RODATA,1,1,0,1,0023ffe8
003bac24,RODATA,1,1,0,1,00296618
003bac2c,RODATA,1,1,0,1,00286650
003bac34,RODATA,1,1,0,1,0028ce4c
003baca4,RODATA,1,1,0,1,002e9b94
003bacb4,RODATA,1,1,0,1,002eeb30
003bacbc,RODATA,1,1,0,1,00104b78
003bacc4,RODATA,2,2,0,2,00104b78 002ee1e4
003bad04,RODATA,1,1,0,1,00104668
003bad0c,RODATA,1,1,0,1,0028a35c
003bad14,RODATA,5,5,0,5,002408b0 002ef570 002ef718 002ef7cc 002ef8e4
003bad1c,RODATA,1,1,0,1,002ef6f8
003bad34,RODATA,2,2,0,2,002f1b20 002f1c78
003bad3c,RODATA,1,1,0,1,002f1ee0
003bad44,RODATA,1,1,0,1,002f1d4c
003bad4c,RODATA,1,1,0,1,002ea780
003bad54,RODATA,1,1,0,1,002ea584
003bad5c,RODATA,1,1,0,1,002f4564
003bad64,RODATA,1,1,0,1,002ed590
003bad6c,RODATA,1,1,0,1,002ed3d0
003bad74,RODATA,2,2,0,2,002eac84 002eaf18
003bad84,RODATA,1,1,0,1,002eac84
003bad94,RODATA,4,4,0,4,0023fbe8 002ec6f0 002ec7a0 002ec898
003bad9c,RODATA,1,1,0,1,002ec5d0
003badb4,RODATA,4,4,0,4,00290a88 002f02e0 002f0b14 002f0d54
003badbc,RODATA,1,1,0,1,0023f4ec
003badc4,RODATA,1,1,0,1,002f04c8
003badcc,RODATA,2,2,0,2,002f0980 002f0a18
003badd4,RODATA,1,1,0,1,002f0710
003baddc,RODATA,1,1,0,1,001e1e9c
003badec,RODATA,2,2,0,2,00112308 00382d90
003badfc,RODATA,1,1,0,1,0010bba8
003bc09c,RODATA,1,1,0,1,0010bba8
003bc68c,RODATA,2,2,0,1,00116994
003bc6ac,RODATA,1,1,0,1,00382d90
003bc6c4,RODATA,2,2,0,1,00382d90
003bc6dc,RODATA,1,1,0,1,00112308
003bc6f4,RODATA,2,2,0,1,00112308
003bc70c,RODATA,1,1,0,1,0011222c
003bc78c,RODATA,1,1,0,1,002096a4
003bc7b0,RODATA,2,2,0,2,0010a05c 002a6c00
003bc7bc,RODATA,4,4,0,4,0010f064 0010f190 001e75e8 00260d78
003bc7c4,RODATA,1,1,0,1,002906d0
003bc7c8,RODATA,1,1,0,1,0029989c
003bc7cc,RODATA,3,3,0,3,00110020 00208d9c 00388ea0
003bc7d4,RODATA,2,2,0,2,001206cc 00120830
003bc7d8,RODATA,1,1,0,1,0011013c
003bc7dc,RODATA,1,1,0,1,00104308
003bc7f8,RODATA,1,1,0,1,00388418
003bc7fc,RODATA,1,1,0,1,001f23ac
003bc800,RODATA,1,1,0,1,001f23ac
003bc804,RODATA,1,1,0,1,001f23ac
003bc808,RODATA,1,1,0,1,001f1d30
003bc82c,RODATA,1,1,0,1,0025ea90
003bc838,RODATA,1,1,0,1,001f1d30
003bc84c,RODATA,1,1,0,1,001f1d30
003bc858,RODATA,1,1,0,1,001f1d30
003bc874,RODATA,1,1,0,1,001f1d30
003bc8f0,RODATA,1,1,0,1,001f23ac
003bc904,RODATA,1,1,0,1,001f23ac
003bc9bc,RODATA,10,10,0,10,001f9d6c 001f9df0 0024eb60 0024f02c 00252658
003bd9d4,RODATA,2,2,0,2,001e60bc 00387bc0
003bd9e4,RODATA,1,1,0,1,00104110
003bd9f0,RODATA,1,1,0,1,001202dc
003bda08,RODATA,1,1,0,1,001202dc
003bda50,RODATA,6,6,0,3,001fdf50 001fe0d0 001fe4f4
003bdb08,RODATA,1,1,0,1,00202c88
003bdb81,RODATA,1,0,1,0,
003bdc84,RODATA,4,4,0,4,00256bd0 00258e24 0025b9bc 0038ed04
003bdc89,RODATA,1,0,1,0,
003bdd8c,RODATA,1,1,0,1,00203c94
003bdd90,RODATA,1,1,0,1,0037d198
003bddb0,RODATA,2,2,0,1,001113c8
003bddb8,RODATA,1,1,0,1,001113c8
003bddc8,RODATA,4,4,0,3,002dde0c 002dde50 002de640
003bddd8,RODATA,1,1,0,1,002dde50
003bde38,RODATA,1,1,0,1,002dde50
003bde48,RODATA,1,1,0,1,002dde50
003bde58,RODATA,1,1,0,1,002dde50
003bde88,RODATA,1,1,0,1,002dde50
003bdeb8,RODATA,1,1,0,1,001113c8
003bdf48,RODATA,1,1,0,1,001113c8
003bdf70,RODATA,2,2,0,2,00247194 0037cdec
003bdfb0,RODATA,2,2,0,2,0010729c 001113c8
003bdfc8,RODATA,1,1,0,1,001113c8
003be140,RODATA,1,1,0,1,001113c8
003be158,RODATA,1,1,0,1,001113c8
003be1a0,RODATA,2,2,0,1,001113c8
003be1b0,RODATA,2,2,0,1,001113c8
003be250,RODATA,8,8,0,6,0020d2e0 0021378c 002b27bc 002b2858 00372270
003be254,RODATA,1,1,0,1,00212e9c
003be25c,RODATA,1,1,0,1,002b9454
003be2cc,RODATA,1,1,0,1,002b9454
003be358,RODATA,1,1,0,1,0010ae4c
003be364,RODATA,1,1,0,1,0010ae4c
003be41c,RODATA,3,3,0,3,0021ca54 002c76c4 002c7a28
003be42c,RODATA,1,1,0,1,0024cabc
003be43c,RODATA,1,1,0,1,002c7a28
003be568,RODATA,1,1,0,1,002c76c4
003be5bc,RODATA,1,1,0,1,0021ca54
003be5dc,RODATA,1,1,0,1,0024d130
003be5f0,RODATA,1,1,0,1,002c4f04
003be708,RODATA,1,1,0,1,003777f8
003beb68,RODATA,1,1,0,1,003777a4
003bef32,RODATA,1,1,0,1,0037887c
003bf3f6,RODATA,1,1,0,1,00378a20
003bf798,RODATA,1,1,0,1,00378a84
003bfb64,RODATA,12,12,0,12,002da974 002da98c 002daa10 002daa3c 002daa58
003bfbc4,RODATA,1,1,0,1,002d4c8c
003bfbe4,RODATA,1,1,0,1,002cc42c
003bfbe8,RODATA,3,3,0,2,0024b0f8 002cc1c8
003bfbec,RODATA,4,4,0,2,0024b0f8 002ccaa4
003bfc14,RODATA,1,1,0,1,002d2f4c
003bfc44,RODATA,1,1,0,1,002d2fe4
003bfc74,RODATA,1,1,0,1,002d2fe4
003c0002,RODATA,1,1,0,1,001e9abc
003c0037,RODATA,1,0,1,0,
003c0074,RODATA,1,1,0,1,002d3110
003c0f88,RODATA,1,0,1,0,
003c138c,RODATA,1,0,1,0,
003c1790,RODATA,1,0,1,0,
003c1b94,RODATA,1,0,1,0,
003c1f98,RODATA,1,0,1,0,
003c239c,RODATA,1,0,1,0,
003c2798,RODATA,1,1,0,1,00151150
003c296e,RODATA,1,1,0,1,00142fe8
003c2a30,RODATA,1,1,0,1,00146c48
003c6f48,RODATA,5,5,0,1,001475f8
003c6ffc,RODATA,1,1,0,1,001475f8
003c700c,RODATA,1,1,0,1,001475f8
003c701c,RODATA,1,1,0,1,001475f8
003c702c,RODATA,1,1,0,1,001475f8
003c703c,RODATA,1,1,0,1,001475f8
003c7064,RODATA,2,2,0,2,001e7420 001e753c
003c706c,RODATA,1,0,1,0,
003c708c,RODATA,1,1,0,1,00105874
003c7090,RODATA,1,1,0,1,001ff130
003c71ec,RODATA,1,1,0,1,00247828
003c71f8,RODATA,1,1,0,1,00247828
003c7204,RODATA,1,1,0,1,002c39e8
003c7210,RODATA,1,1,0,1,002b6cc8
003c7214,RODATA,1,1,0,1,002b6cc8
003c7218,RODATA,1,1,0,1,002b6cc8
003c721c,RODATA,1,1,0,1,002b6cc8
003c7220,RODATA,1,1,0,1,00373d50
003c7298,RODATA,3,3,0,3,002cf0ac 002dbd78 002dc36c
003c729c,RODATA,1,1,0,1,002cef9c
003c739c,RODATA,2,2,0,2,00248548 002cef38
003c759c,RODATA,1,1,0,1,002d33ac
003c75af,RODATA,6,6,0,4,0014a140 0014ab58 0014d0f4 0014e7c0
003c76c7,RODATA,1,1,0,1,00298458
003c77bc,RODATA,1,1,0,1,0014ab58
003c77c8,RODATA,1,1,0,1,0029b004
003c78c8,RODATA,1,1,0,1,0029b004
003c7908,RODATA,3,3,0,1,00143ae4
003c7e08,RODATA,6,6,0,2,00143ae4 00144694
003c8a08,RODATA,1,1,0,1,00146694
003c8a88,RODATA,1,1,0,1,00146694
003c8b50,RODATA,1,1,0,1,001ff504
003c8b70,RODATA,1,1,0,1,001ff3fc
003c8c0c,RODATA,2,2,0,2,001fc9c4 001fcab8
003c8c2c,RODATA,5,5,0,4,001fcdb8 001fe8ec 0020237c 002571a0
003c8cac,RODATA,5,5,0,4,001fcdb8 001fe8ec 0020237c 002571a0
003c8dac,RODATA,5,5,0,4,001fcdb8 001fe8ec 0020237c 002571a0
003c908c,RODATA,4,4,0,4,001fcdb8 001fe8ec 0020237c 002571a0
003c910c,RODATA,4,4,0,4,001fcdb8 001fe8ec 0020237c 002571a0
003c920c,RODATA,4,4,0,4,001fcdb8 001fe8ec 0020237c 002571a0
003c950c,RODATA,2,2,0,2,001fecc8 0025b150
003c95ac,RODATA,6,6,0,6,001fadc8 001fb318 001fc1cc 00259b34 00259e74
003c95cc,RODATA,1,1,0,1,002c2ca4
003c95e4,RODATA,1,1,0,1,002c37e8
003c95fc,RODATA,2,2,0,2,003733d8 003737e0
003c960c,RODATA,1,1,0,1,003733d8
003c962c,RODATA,1,1,0,1,003733d8
003c96a4,RODATA,6,6,0,6,001fbdcc 001fbfd4 001fc428 001fc754 001fcbf4
003c9704,RODATA,1,1,0,1,002b0cf0
003c974e,RODATA,3,3,0,3,0010332c 001033f4 002a7518
003c99a8,RODATA,1,1,0,1,001000a0
003c9a04,RODATA,2547,2547,0,1627,00103b48 00104508 001045b8 00104668 00104798
003c9c6c,RODATA,42,42,0,42,0016ddc0 00170368 00171e08 001720a8 00176738
003c9c88,RODATA,2,2,0,2,00163364 00163a34
003c9c98,RODATA,2,2,0,2,00164498 001645fc
003c9ca8,RODATA,2,2,0,2,00164d2c 00164e0c
003c9cb8,RODATA,2,2,0,2,0023ef88 002861f0
003c9cdc,RODATA,2,2,0,2,0029028c 002902b8
003c9d04,RODATA,2,2,0,2,00173928 00173a10
003c9d14,RODATA,2,2,0,2,001740a0 001741d4
003c9d24,RODATA,2,2,0,2,00198938 00388084
003c9d34,RODATA,3,3,0,3,0017e838 00199cc4 0027e890
003c9d50,RODATA,2,2,0,2,0019cc18 0019cd3c
003c9d6c,RODATA,2,2,0,2,0019d2c4 0019d34c
003c9d7c,RODATA,2,2,0,2,0019d6a8 0019d7a8
003c9d8c,RODATA,2,2,0,2,001a083c 001a09c0
003c9d9c,RODATA,2,2,0,2,0028ec40 0028ef04
003c9dac,RODATA,2,2,0,2,001a89a8 001a8ae0
003c9dbc,RODATA,2,2,0,2,001aab8c 001aaf0c
003c9dcc,RODATA,2,2,0,2,001abba4 001ac05c
003c9ddc,RODATA,1,1,0,1,001ac808
003c9e7c,RODATA,3,3,0,3,001aecb4 001aecf0 003888a4
003c9f1c,RODATA,2,2,0,2,001b0e48 001b1030
003c9f2c,RODATA,1,1,0,1,0038dfb8
003c9f68,RODATA,2,2,0,2,001baaf0 001bb808
003c9f78,RODATA,3,3,0,3,001bc67c 001bc714 001bc7ec
003c9f88,RODATA,2,2,0,2,001c17b4 001c188c
003c9f98,RODATA,2,2,0,2,001c2c94 001c301c
003c9fa8,RODATA,1,1,0,1,001c37a0
003c9fd0,RODATA,2,2,0,2,001c7510 001c7548
003ca070,RODATA,2,2,0,2,001c7f68 001c7fb8
003ca090,RODATA,2,2,0,2,001d28c0 001d2a8c
003ca0a0,RODATA,2,2,0,2,001d8094 001d8258
003ca0b0,RODATA,1,1,0,1,0019882c
003ca150,RODATA,2,2,0,2,001dc090 0026df48
003ca160,RODATA,1,1,0,1,0038dfb8
003ca174,RODATA,2,2,0,2,001dd99c 001dd9ec
003ca214,RODATA,3,3,0,3,001decb8 001ded04 00268fc0
003ca248,RODATA,2,2,0,2,001cdd40 002e7208
003ca25c,RODATA,2,2,0,2,002e90dc 002e926c
003ca2dc,RODATA,2,2,0,2,002f4d14 002f4d80
003ca300,RODATA,7,7,0,7,001ac870 001aecf0 001c7548 001da95c 001dd9ec
003ca3a0,RODATA,149,149,0,149,0015b5c8 0015c390 001620b0 00163364 00163a34
003ca3b4,RODATA,2,2,0,2,00283654 0028383c
003ca3d0,RODATA,11,11,0,11,001adc00 001b5a90 001b5cf8 001b9d10 0026b028
003ca3ec,RODATA,1,1,0,1,003502f8
003ca3fc,RODATA,1,1,0,1,00355a2c
003ca47c,RODATA,2,2,0,2,00367544 00368010
003ca48c,RODATA,2,2,0,2,0036860c 00368708
003ca49c,RODATA,1,1,0,1,0036f358
003ca51c,RODATA,1,1,0,1,0036f3cc
003ca52c,RODATA,2,2,0,2,0015278c 00152c90
003ca574,RODATA,2,2,0,2,00153b30 001545c8
003ca5bc,RODATA,2,2,0,2,00154c60 0015541c
003ca604,RODATA,2,2,0,2,00155810 00155c68
003ca64c,RODATA,2,2,0,2,00155e38 00156da0
003ca694,RODATA,2,2,0,2,00158588 001592c0
003ca6dc,RODATA,2,2,0,2,00159608 00159808
003ca724,RODATA,2,2,0,2,0015a7a8 0015afa8
003ca76c,RODATA,2,2,0,2,00293518 002938a8
003ca7b4,RODATA,2,2,0,2,0015b148 0015b33c
003ca7fc,RODATA,3,3,0,3,0015b450 00293920 00293ae8
003ca844,RODATA,2,2,0,2,0015b5c8 0015c390
003ca88c,RODATA,2,2,0,2,0015d340 0015d840
003ca8d4,RODATA,2,2,0,2,0015e0e0 0015e380
003ca91c,RODATA,2,2,0,2,0015e72c 0015e924
003ca964,RODATA,2,2,0,2,0015efe0 0015f728
003ca9ac,RODATA,2,2,0,2,0015f8d8 0015fa58
003ca9f4,RODATA,2,2,0,2,0015ffe0 001607ec
003caa3c,RODATA,2,2,0,2,0016a730 0016adb0
003caa58,RODATA,3,3,0,3,0016ba08 0016c6a0 002832e4
003caa88,RODATA,2,2,0,2,00175a18 00175eb8
003caaa4,RODATA,2,2,0,2,0017d7dc 00273c00
003caab4,RODATA,2,2,0,2,0017e5f8 0017e838
003caad0,RODATA,2,2,0,2,0017e8d8 0017ecb0
003caaec,RODATA,2,2,0,2,00180e28 001810e8
003cab04,RODATA,5,5,0,5,00180e28 001810e8 00181e3c 00182114 0027af18
003cab1c,RODATA,1,1,0,1,0027af18
003cab34,RODATA,2,2,0,2,00182ec0 0018318c
003cab50,RODATA,2,2,0,2,0018db18 0018dfbc
003cab88,RODATA,1,1,0,1,0018e1c4
003cab98,RODATA,2,2,0,2,001914f0 00191a30
003cabc8,RODATA,3,3,0,3,0018e1c4 00192044 00194470
003cabd8,RODATA,2,2,0,2,00193d10 00194064
003cac08,RODATA,1,1,0,1,00194470
003cac18,RODATA,2,2,0,2,00197e50 001986c0
003cac34,RODATA,2,2,0,2,001a3140 001a31a8
003cac50,RODATA,3,3,0,3,001b7948 001b7b90 001b7ecc
003cac6c,RODATA,2,2,0,2,001c9ee8 001ca294
003cac80,RODATA,2,2,0,2,001ca610 001ca8d8
003cac94,RODATA,2,2,0,2,001cddf0 001ce260
003caca8,RODATA,2,2,0,2,001ce5f0 001ce890
003cacbc,RODATA,2,2,0,2,001cebe0 001cee80
003cacd0,RODATA,2,2,0,2,002685a8 002685d0
003cace4,RODATA,2,2,0,2,001cef60 001cf21c
003cad00,RODATA,1,1,0,1,002663a0
003cad18,RODATA,2,2,0,2,001d2bc8 001d3c20
003cad30,RODATA,2,2,0,2,001d3d28 001d4150
003cad48,RODATA,2,2,0,2,001d41f8 001d47d0
003cad60,RODATA,2,2,0,2,001d4850 001d4fb0
003cad78,RODATA,2,2,0,2,001e1480 00283024
003cada8,RODATA,2,2,0,2,001e14c8 001e1dd4
003cadcc,RODATA,2,2,0,2,001e158c 001e1df8
003cae00,RODATA,2,2,0,2,001e14c8 001e1e1c
003cae24,RODATA,1,1,0,1,001e251c
003cae2c,RODATA,2,2,0,2,00246be8 002e0e70
003cae84,RODATA,2,0,2,0,
003caefc,RODATA,1,0,1,0,
003caf34,RODATA,14,14,0,14,001050a0 0010af18 00147228 0016a13c 002838c0
003caf74,RODATA,2,0,2,0,
003cafa4,RODATA,3,3,0,3,00245b40 00283c20 0029a5c8
003cafe4,RODATA,2,0,2,0,
003cb02c,RODATA,1,1,0,1,001e3f5c
003cb070,RODATA,1,1,0,1,001e4e30
003cb0c0,RODATA,5,5,0,5,00105498 001e43ac 001e44cc 001e4b44 001e4d90
003cb104,RODATA,5,5,0,5,00105648 001e3a60 001e4688 001e4c04 001e4c5c
003cb148,RODATA,1,1,0,1,0010ed78
003cb198,RODATA,2,2,0,2,0011ffd4 001e4e30
003cb1bc,RODATA,1,1,0,1,00104db0
003cb1e0,RODATA,3,3,0,3,0010ec90 0010ed78 00389148
003cb204,RODATA,1,1,0,1,0029c144
003cb228,RODATA,1,1,0,1,00386f58
003cb238,RODATA,1,1,0,1,00386ab8
003cb244,RODATA,1,1,0,1,001eef54
003cb258,RODATA,1,1,0,1,001eefb4
003cb268,RODATA,1,1,0,1,001ef018
003cb278,RODATA,1,1,0,1,001ef078
003cb288,RODATA,1,1,0,1,001eef54
003cb298,RODATA,1,1,0,1,001ef5bc
003cb2b0,RODATA,1,1,0,1,00285bd4
003cb2c0,RODATA,1,1,0,1,001ef8ac
003cb2d0,RODATA,1,1,0,1,001ef8f0
003cb2e0,RODATA,1,1,0,1,001f0b44
003cb2f0,RODATA,2,2,0,2,0023075c 002307e8
003cb300,RODATA,1,1,0,1,001f16c8
003cb310,RODATA,1,1,0,1,001f1820
003cb320,RODATA,2,2,0,2,00258e0c 00259114
003cb334,RODATA,4,4,0,4,00236880 0023725c 00258de8 00259150
003cb354,RODATA,8,8,0,8,001fac3c 001fac6c 001fe4f4 001fe7bc 001fe850
003cb3b0,RODATA,1,1,0,1,001fbdcc
003cb3dc,RODATA,1,1,0,1,001fbfd4
003cb408,RODATA,2,2,0,2,002592b4 00259454
003cb434,RODATA,2,2,0,2,001fc428 001fc51c
003cb460,RODATA,2,2,0,2,001fc848 001fc968
003cb48c,RODATA,2,2,0,2,001fbfd4 001fc628
003cb4b8,RODATA,2,2,0,2,001fcbf4 001fcd74
003cb4e4,RODATA,3,3,0,3,001fe4f4 001fe7bc 001fe850
003cb540,RODATA,1,1,0,1,001ff244
003cb56c,RODATA,1,1,0,1,002022dc
003cb580,RODATA,3,3,0,3,00202c88 00202f94 00203008
003cb5dc,RODATA,1,1,0,1,00208b98
003cb5f4,RODATA,1,1,0,1,0020c2c4
003cb620,RODATA,1,1,0,1,0020d250
003cb630,RODATA,2,2,0,2,0020d8b8 002c45fc
003cb640,RODATA,2,2,0,2,0020e828 0020e920
003cb670,RODATA,2,2,0,2,0020f214 0020f42c
003cb6ac,RODATA,2,2,0,2,0020f9f0 0020fbf8
003cb6e8,RODATA,1,1,0,1,00106544
003cb6f8,RODATA,2,2,0,2,002112e0 0021297c
003cb708,RODATA,2,2,0,2,00212c58 00213054
003cb734,RODATA,2,2,0,2,002139f0 00213ae0
003cb770,RODATA,2,2,0,2,0021403c 00214104
003cb7ac,RODATA,2,2,0,2,002153ac 002155d0
003cb7e0,RODATA,2,2,0,2,002163cc 00216588
003cb7f4,RODATA,2,2,0,2,001065c4 002a9e44
003cb804,RODATA,1,1,0,1,0010a9f8
003cb814,RODATA,2,2,0,2,002aa5c0 002aaca0
003cb848,RODATA,13,13,0,13,0020f42c 0020fbf8 00214104 002155d0 00252658
003cb87c,RODATA,2,2,0,2,0010aa7c 002abe74
003cb898,RODATA,1,1,0,1,002aca70
003cb8e8,RODATA,2,2,0,2,002ace48 002ad050
003cb924,RODATA,2,2,0,2,002ad6b4 002adb64
003cb958,RODATA,1,1,0,1,002ade68
003cb968,RODATA,2,2,0,2,002f2608 00391640
003cb97c,RODATA,1,1,0,1,002adea4
003cb98c,RODATA,2,2,0,2,002ae2cc 002ae31c
003cb9dc,RODATA,2,2,0,2,002ae44c 002aebb4
003cba18,RODATA,5,5,0,5,002139f0 00213ae0 002af1f4 002b2a44 002b30ac
003cba54,RODATA,1,1,0,1,002af27c
003cba6c,RODATA,2,2,0,2,002b0028 002b086c
003cba90,RODATA,2,2,0,2,002b0cf0 002b18c0
003cbaa4,RODATA,1,1,0,1,002b192c
003cbab4,RODATA,2,2,0,2,002b20b4 002b23e8
003cbad8,RODATA,1,1,0,1,002b2428
003cbafc,RODATA,2,2,0,2,002b2440 002b26c4
003cbb20,RODATA,2,2,0,2,002b2a44 002b30ac
003cbb5c,RODATA,3,3,0,3,002b319c 002b3270 002b3480
003cbb80,RODATA,2,2,0,2,002b4698 002b4754
003cbb94,RODATA,1,1,0,1,002b48a0
003cbbac,RODATA,2,2,0,2,002b566c 002b58f4
003cbbf4,RODATA,1,1,0,1,0010ae14
003cbc0c,RODATA,2,2,0,2,002b62d4 002b6c9c
003cbc28,RODATA,3,3,0,3,002b6cc8 002b6dc4 002b7000
003cbc94,RODATA,1,1,0,1,001053b4
003cbcd0,RODATA,2,2,0,2,002b7830 002b7b7c
003cbd04,RODATA,5,5,0,5,0020f42c 0020fbf8 00214104 002ad050 002bc60c
003cbd40,RODATA,6,6,0,6,002153ac 002155d0 002aa5c0 002aaca0 002be11c
003cbd74,RODATA,2,2,0,2,002bffd0 002c00a4
003cbda8,RODATA,2,2,0,2,002c0460 002c0650
003cbdbc,RODATA,2,2,0,2,002c1abc 002c1b80
003cbdd0,RODATA,2,2,0,2,002ae44c 002c1e9c
003cbe0c,RODATA,2,2,0,2,002507e0 002c3f00
003cbe1c,RODATA,17,17,0,17,0020e828 0020e920 0020f42c 0020fbf8 00214104
003cbe4c,RODATA,1,1,0,1,002c5884
003cbe70,RODATA,2,2,0,2,002c6384 002c63bc
003cbe98,RODATA,2,2,0,2,00289a3c 002c6590
003cbebc,RODATA,3,3,0,3,0024c238 0024c994 002c7190
003cbf34,RODATA,2,2,0,2,002c7470 002c7560
003cbf44,RODATA,1,1,0,1,002c7de0
003cbf68,RODATA,2,2,0,2,002c83f4 002c8440
003cbfb4,RODATA,1,1,0,1,002c88c4
003cc03c,RODATA,2,2,0,2,002c89a4 002c8ae8
003cc0bc,RODATA,2,2,0,2,002c8e84 002c9034
003cc144,RODATA,1,1,0,1,002c90dc
003cc1bc,RODATA,1,1,0,1,002c90f4
003cc1cc,RODATA,2,2,0,2,0024c314 002c9684
003cc200,RODATA,2,2,0,2,002c9a70 002c9ad0
003cc220,RODATA,2,2,0,2,002ca7d0 002ca830
003cc258,RODATA,2,2,0,2,001112d4 002ca9f0
003cc278,RODATA,1,1,0,1,002caccc
003cc294,RODATA,1,1,0,1,002cad0c
003cc2b4,RODATA,2,2,0,2,001a3dd4 002cae68
003cc2ec,RODATA,1,1,0,1,0010709c
003cc30c,RODATA,1,1,0,1,001070b8
003cc348,RODATA,1,1,0,1,001070f8
003cc35c,RODATA,2,2,0,2,001070f8 002cd854
003cc374,RODATA,1,1,0,1,00386bc0
003cc390,RODATA,2,2,0,2,002ce2e0 002ce444
003cc3b0,RODATA,4,4,0,4,00249d08 002cfa90 002d0e0c 002dccd0
003cc3ec,RODATA,1,1,0,1,002cf340
003cc400,RODATA,2,2,0,2,002cfa18 002cfa90
003cc43c,RODATA,2,2,0,2,002cfec0 002d0048
003cc49c,RODATA,2,2,0,2,001070f8 002cd854
003cc4b4,RODATA,2,2,0,2,001070f8 002cd854
003cc4cc,RODATA,2,2,0,2,002d0dd4 002d0e0c
003cc508,RODATA,1,1,0,1,00389c88
003cc51c,RODATA,1,1,0,1,00389c88
003cc530,RODATA,1,1,0,1,002d11f0
003cc590,RODATA,1,1,0,1,00389c88
003cc5a4,RODATA,2,2,0,2,0010af18 002d1570
003cc5c4,RODATA,2,2,0,2,0010afa8 002d2378
003cc5e0,RODATA,1,1,0,1,00389c88
003cc5f4,RODATA,1,1,0,1,00389c88
003cc608,RODATA,2,2,0,2,00248224 002d2924
003cc644,RODATA,2,2,0,2,0024a1ec 0024a7e8
003cc658,RODATA,2,2,0,2,002d51f0 002d5294
003cc66c,RODATA,2,2,0,2,001070b8 002d2920
003cc680,RODATA,1,1,0,1,002cbbc4
003cc694,RODATA,2,2,0,2,002d67c0 002d6854
003cc6f4,RODATA,4,4,0,4,00248060 002d6854 002da2e4 002db80c
003cc718,RODATA,1,1,0,1,002d68ac
003cc72c,RODATA,2,2,0,2,002d7300 002d7644
003cc740,RODATA,1,1,0,1,002d84ec
003cc754,RODATA,2,2,0,2,002da28c 002da2e4
003cc7a0,RODATA,1,1,0,1,002cbf9c
003cc7b4,RODATA,2,2,0,2,002db718 002db80c
003cc818,RODATA,1,1,0,1,001070f8
003cc834,RODATA,1,1,0,1,002dc4a4
003cc848,RODATA,1,1,0,1,001070f8
003cc860,RODATA,2,2,0,2,002dcc98 002dccd0
003cc89c,RODATA,2,2,0,2,0010725c 002dceb0
003cc8b0,RODATA,1,1,0,1,0020d2e0
003cc998,RODATA,9,9,0,9,002139f0 00213ae0 002153ac 002155d0 002ad6b4
003cc9cc,RODATA,4,4,0,4,002139f0 002153ac 002ad6b4 002b2a44
003cc9dc,RODATA,2,2,0,2,002de708 002de798
003cca00,RODATA,1,1,0,1,002de924
003ccaa4,RODATA,1,1,0,1,002deaa8
003ccb14,RODATA,2,2,0,2,0024d698 002deb00
003ccb88,RODATA,2,2,0,2,002e9954 002e99cc
003ccb94,RODATA,1,1,0,1,001045b8
003ccbf4,RODATA,2,2,0,2,00289a3c 0028a2b8
003ccc18,RODATA,2,2,0,2,002ea360 002ea37c
003ccc2c,RODATA,2,2,0,2,00291810 00295f80
003ccc48,RODATA,2,2,0,2,00285bf8 00285cd0
003ccc64,RODATA,2,2,0,2,0010791c 001c37a0
003ccc98,RODATA,2,2,0,2,00295f10 002ec574
003cccac,RODATA,1,1,0,1,002ec9c8
003cccc0,RODATA,2,2,0,2,002890b0 00289100
003cccd4,RODATA,1,1,0,1,00104b14
003cccfc,RODATA,3,3,0,3,00157778 00157c50 001592c0
003ccd0c,RODATA,64,64,0,64,00171410 00178668 001798d8 0017f330 00180620
003ccd1c,RODATA,26,26,0,26,0016d218 0016f698 00176738 00184980 00185a5c
003ccd2c,RODATA,2,2,0,2,0016b324 001ad388
003ccd3c,RODATA,5,5,0,5,0027a24c 0027ccb0 00294e40 002e2d20 00353188
003ccd4c,RODATA,2,2,0,2,001951ec 001a8ca8
003ccd5c,RODATA,8,8,0,8,00176738 0017e5f8 0017e838 0017f330 00184980
003ccd6c,RODATA,4,4,0,4,00157778 00157c50 001592c0 00159e88
003ccd7c,RODATA,20,20,0,20,00176738 00178668 001798d8 0017adf8 0017f330
003ccd8c,RODATA,2,2,0,2,00182138 00271fc4
003ccd9c,RODATA,3,3,0,3,00223608 0034a5dc 0034c4d0
003ccdac,RODATA,58,58,0,58,001545c8 00157778 00157c50 001592c0 00159e88
003ccdbc,RODATA,2,2,0,2,001a4c18 00271fc4
003ccdcc,RODATA,54,54,0,54,00153b30 001545c8 00185a5c 00193180 00193ba8
003ccddc,RODATA,3,3,0,3,00360000 00368e78 0036bf00
003ccdec,RODATA,2,2,0,2,001810e8 00181560
003ccdfc,RODATA,4,4,0,4,00157c50 00291f60 00292050 00368e78
003cce0c,RODATA,2,2,0,2,00199e7c 0019a370
003cce1c,RODATA,2,2,0,2,001b1508 00287858
003cce2c,RODATA,2,2,0,2,001bb808 001daba0
003cce3c,RODATA,1,1,0,1,00261df8
003cce4c,RODATA,4,4,0,4,001520f8 00155c68 0028b058 00293518
003cce5c,RODATA,1,1,0,1,0016adb0
003cce6c,RODATA,2,2,0,2,0016f698 002827f0
003cce7c,RODATA,2,2,0,2,0016d218 00273e24
003cce8c,RODATA,2,2,0,2,00175eb8 00176738
003cce9c,RODATA,2,2,0,2,0017ecb0 0017f330
003cceac,RODATA,2,2,0,2,0018318c 00184980
003ccebc,RODATA,1,1,0,1,002799b0
003ccecc,RODATA,2,2,0,2,0018ed14 0018ffd0
003ccedc,RODATA,2,2,0,2,00191a30 00193180
003cceec,RODATA,2,2,0,2,00193ba8 001a8ca8
003ccefc,RODATA,2,2,0,2,0018cc38 0026e4c0
003ccf0c,RODATA,2,2,0,2,00195d18 001986c0
003ccf1c,RODATA,3,3,0,3,001b45f0 001b7ecc 001b8c40
003ccf2c,RODATA,2,2,0,2,002663dc 002665c8
003ccf3c,RODATA,2,2,0,2,001cb8a0 001cf21c
003ccf4c,RODATA,5,5,0,5,0018aa90 0018b200 00277390 002eee04 002eee44
003ccf5c,RODATA,3,3,0,3,00153b30 0023ccc0 0023eac4
003ccf6c,RODATA,2,2,0,2,002fa478 0030078c
003ccf7c,RODATA,132,132,0,132,00154c60 00155810 00158588 00159e88 0015a7a8
003ccf8c,RODATA,4,4,0,4,001af150 001c8974 00262970 00263a00
003ccf9c,RODATA,3,3,0,3,001c66a0 001decb8 001ded04
003ccfac,RODATA,4,4,0,4,00285bf8 0028b058 00293558 00360000
003ccfbc,RODATA,2,2,0,2,002ec9c8 002ed3d0
003ccfcc,RODATA,6,6,0,6,001a0d68 001b9d10 001cddf0 00270a58 003066e0
003ccfdc,RODATA,4,4,0,4,001a7390 00262970 00263d00 0026f258
003ccfec,RODATA,3,3,0,3,002ea584 002eac84 002efa60
003ccffc,RODATA,3,3,0,3,0016b050 001d7310 002f4950
003cd00c,RODATA,3,3,0,3,0031d4d4 0031d9f4 0031e57c
003cd01c,RODATA,1403,1403,0,1379,00104508 00104668 00104798 00104b78 00104ed0
003cd02c,RODATA,2,2,0,2,00270a58 00270b0c
003cd040,RODATA,1,1,0,1,002ed9d8
003cd060,RODATA,1,1,0,1,002ed9ec
003cd06c,RODATA,1,1,0,1,00104db0
003cd0cc,RODATA,3,3,0,3,002eeb30 002eee04 002eee44
003cd0e0,RODATA,3,3,0,3,00289a04 0028a35c 002ef24c
003cd0f0,RODATA,2,2,0,2,002efa14 002efa60
003cd10c,RODATA,220,220,0,220,00153b30 00154c60 00155810 00155e38 00158588
003cd120,RODATA,2,2,0,2,002f2f54 002f2f84
003cd134,RODATA,2,2,0,2,00157c50 00159e88
003cd144,RODATA,46,46,0,46,00171410 00171e08 001720a8 00178668 001798d8
003cd154,RODATA,16,16,0,16,0016d218 0016ddc0 0016f698 00170368 00176738
003cd164,RODATA,2,2,0,2,001ad388 001adc00
003cd174,RODATA,5,5,0,5,0027ccb0 00294e40 002e2d20 00353188 00353890
003cd184,RODATA,2,2,0,2,00194e78 001a8ca8
003cd194,RODATA,7,7,0,7,00176738 0017e5f8 0017f330 00184980 00195d18
003cd1a4,RODATA,1,1,0,1,00159e88
003cd1b4,RODATA,21,21,0,21,00176738 00178668 001798d8 0017adf8 0017f330
003cd1c4,RODATA,2,2,0,2,00182138 00182380
003cd1d4,RODATA,4,4,0,4,0034ad38 0034b2e8 0034bb48 0034c4d0
003cd1e4,RODATA,7,7,0,7,00159e88 00182380 001a8ca8 001aab8c 00292050
003cd1f4,RODATA,2,2,0,2,00182380 001a4c18
003cd204,RODATA,6,6,0,6,00153b30 00193180 0023ccc0 00282298 00286ad0
003cd214,RODATA,3,3,0,3,00360000 00368e78 0036bebc
003cd224,RODATA,2,2,0,2,00180e28 00181560
003cd234,RODATA,4,4,0,4,00157c50 0029093c 00292050 00368e78
003cd244,RODATA,2,2,0,2,0019a370 00274d20
003cd254,RODATA,1,1,0,1,00287858
003cd264,RODATA,2,2,0,2,001baaf0 001daba0
003cd274,RODATA,1,1,0,1,00262564
003cd284,RODATA,4,4,0,4,001520f8 00155810 002210b0 002938a8
003cd294,RODATA,1,1,0,1,0016a730
003cd2a4,RODATA,2,2,0,2,0016ed70 0016f698
003cd2b4,RODATA,2,2,0,2,0016d218 00170b28
003cd2c4,RODATA,2,2,0,2,00175a18 00176738
003cd2d4,RODATA,2,2,0,2,0017e8d8 0017f330
003cd2e4,RODATA,2,2,0,2,00182ec0 00184980
003cd2f4,RODATA,1,1,0,1,00279a58
003cd304,RODATA,2,2,0,2,0018e588 0018ffd0
003cd314,RODATA,2,2,0,2,001914f0 00193180
003cd324,RODATA,2,2,0,2,00193b0c 001a8ca8
003cd334,RODATA,2,2,0,2,0018cc38 00194188
003cd344,RODATA,2,2,0,2,00195d18 00197e50
003cd354,RODATA,4,4,0,4,001b45f0 001b7948 001b7b90 001b8c40
003cd364,RODATA,2,2,0,2,001c38a8 002665c8
003cd374,RODATA,2,2,0,2,001cb8a0 001cef60
003cd384,RODATA,4,4,0,4,0018aa90 0018b200 00277ca4 002eeb30
003cd394,RODATA,3,3,0,3,00153b30 0023ccc0 0023eb28
003cd3a4,RODATA,2,2,0,2,0023c4f0 002fa478
003cd3b4,RODATA,143,143,0,143,00154c60 00155810 00158588 00159e88 0015a7a8
003cd3c4,RODATA,2,2,0,2,001af150 00262970
003cd3d4,RODATA,2,2,0,2,001c66a0 00268fc0
003cd3e4,RODATA,4,4,0,4,00285cd0 0028b058 00293558 00360000
003cd3f4,RODATA,2,2,0,2,00270b0c 002ed3d0
003cd404,RODATA,6,6,0,6,001a0d68 001b9d10 001cddf0 00270b0c 003066e0
003cd414,RODATA,3,3,0,3,001a7390 001c66a0 00262970
003cd424,RODATA,3,3,0,3,002ea584 002eac84 002efa14
003cd434,RODATA,4,4,0,4,0016b050 001adc00 001d7310 00271bf0
003cd444,RODATA,3,3,0,3,0031d690 0031dc34 0031e57c
003cd454,RODATA,617,617,0,617,00104508 00104668 00104798 00104b78 00104ed0
003cd464,RODATA,2,2,0,2,002f57f0 002f5e3c
003cd49c,RODATA,2,2,0,2,002f6088 002f6118
003cd4d4,RODATA,2,2,0,2,0023b308 002f6acc
003cd50c,RODATA,2,2,0,2,002f6bd8 002f6fa8
003cd544,RODATA,2,2,0,2,002f7780 002f7818
003cd57c,RODATA,2,2,0,2,0023eac4 0023eb28
003cd5b4,RODATA,2,2,0,2,002fa478 002fb388
003cd5cc,RODATA,2,2,0,2,00300490 00300520
003cd604,RODATA,1,1,0,1,00302cb4
003cd628,RODATA,1,1,0,1,00302da0
003cd64c,RODATA,1,1,0,1,00302f2c
003cd670,RODATA,1,1,0,1,003030b8
003cd694,RODATA,1,1,0,1,0023944c
003cd6b8,RODATA,8,8,0,8,002380d8 00308aa8 00308ae4 00308b2c 00308c10
003cd6cc,RODATA,3,3,0,3,002380d8 00308b2c 00308c10
003cd6e0,RODATA,1,1,0,1,002380d8
003cd6f4,RODATA,1,1,0,1,00263b88
003cd704,RODATA,2,2,0,2,0030c6a4 0030c748
003cd74c,RODATA,2,2,0,2,00280454 0030db28
003cd780,RODATA,1,1,0,1,00278240
003cd794,RODATA,5,5,0,5,00278240 0030c748 003102ec 00323c60 00325290
003cd7a8,RODATA,5,5,0,5,00278240 0030c748 003102ec 00323c60 00325290
003cd7bc,RODATA,3,3,0,3,00235b64 00278240 0030c748
003cd7d0,RODATA,5,5,0,5,00278240 0030c748 003102ec 00323c60 00325290
003cd7f8,RODATA,2,2,0,2,00311550 0031161c
003cd844,RODATA,2,2,0,2,0022635c 00311fa8
003cd854,RODATA,2,2,0,2,00312754 003127b4
003cd87c,RODATA,2,2,0,2,0030a774 00312974
003cd898,RODATA,2,2,0,2,00312b80 00312ba8
003cd8a8,RODATA,2,2,0,2,00313f94 00314008
003cd8b8,RODATA,2,2,0,2,0026590c 00314c50
003cd8e8,RODATA,2,2,0,2,003157c8 00315804
003cd910,RODATA,2,2,0,2,00316128 00316164
003cd94c,RODATA,2,2,0,2,0027e4bc 00316918
003cd974,RODATA,1,1,0,1,003181c0
003cd988,RODATA,1,1,0,1,003181c0
003cd99c,RODATA,1,1,0,1,003181c0
003cd9b0,RODATA,2,2,0,2,00233ed4 003181c0
003cd9c4,RODATA,2,2,0,2,00318438 00318464
003cd9e4,RODATA,1,1,0,1,00289f98
003cd9f4,RODATA,1,1,0,1,0027d61c
003cda04,RODATA,1,1,0,1,00298394
003cda14,RODATA,2,2,0,2,0030abb0 0031c998
003cda38,RODATA,7,7,0,7,002290c8 0022a0d8 0022e11c 002319c4 00235374
003cda7c,RODATA,5,5,0,5,0022a0d8 00235374 002695e8 00269868 0031d230
003cdac4,RODATA,1,1,0,1,002319c4
003cdb08,RODATA,1,1,0,1,0031dc34
003cdb18,RODATA,2,2,0,2,0022d760 00236b80
003cdb94,RODATA,1,1,0,1,002451bc
003cdba4,RODATA,3,3,0,3,00322c9c 00322ed0 00322f30
003cdbe8,RODATA,2,2,0,2,0022b48c 00261d48
003cdbf8,RODATA,1,1,0,1,0030ac14
003cdc0c,RODATA,2,2,0,2,00264d10 00329398
003cdc1c,RODATA,1,1,0,1,0029427c
003cdc2c,RODATA,2,2,0,2,0032acf8 0032ad3c
003cdc4c,RODATA,1,1,0,1,00263810
003cdc5c,RODATA,2,2,0,2,0032bac0 0032bb30
003cdc6c,RODATA,2,2,0,2,0030a90c 0032c94c
003cdc94,RODATA,2,2,0,2,0032d680 0032d6bc
003cdcc0,RODATA,2,2,0,2,0032e25c 0032e2bc
003cdcd0,RODATA,2,2,0,2,00263d44 0032eb04
003cdce0,RODATA,2,2,0,2,0032f5dc 0032f618
003cdd10,RODATA,3,3,0,3,00330038 00330078 00330110
003cdd40,RODATA,1,1,0,1,00332824
003cdd84,RODATA,2,2,0,2,0023560c 0033353c
003cdd94,RODATA,2,2,0,2,003352b8 00335414
003cdda4,RODATA,2,2,0,2,003352b8 00335414
003cddb4,RODATA,2,2,0,2,003352b8 00335414
003cddc4,RODATA,2,2,0,2,003352b8 00335414
003cddd4,RODATA,2,2,0,2,003352b8 00335414
003cdde4,RODATA,2,2,0,2,003352b8 00335414
003cde28,RODATA,2,2,0,2,002285bc 00235c50
003cde38,RODATA,2,2,0,2,003367f0 003368c8
003cde48,RODATA,2,2,0,2,0026d20c 003380e8
003cde58,RODATA,2,2,0,2,0033983c 00339858
003cde78,RODATA,2,2,0,2,0033a428 0033a464
003cde88,RODATA,2,2,0,2,0033c3c4 0033c4c8
003cdeac,RODATA,2,2,0,2,00223954 0033d0c0
003cdee0,RODATA,2,2,0,2,0028151c 0033d3b8
003cdf10,RODATA,1,1,0,1,00273918
003cdf40,RODATA,1,1,0,1,00349018
003cdf58,RODATA,2,2,0,2,0034082c 003408e8
003cdf84,RODATA,2,2,0,2,00343f54 00344000
003cdfc8,RODATA,2,2,0,2,00344238 00349170
003cdffc,RODATA,3,3,0,3,0026a978 00345b38 00345c2c
003ce00c,RODATA,2,2,0,2,003461c8 00346204
003ce040,RODATA,1,1,0,1,00349374
003ce05c,RODATA,1,1,0,1,00294b84
003ce094,RODATA,2,2,0,2,00347870 003478bc
003ce0c0,RODATA,2,2,0,2,0034873c 00348770
003ce0e8,RODATA,2,2,0,2,00348ed8 00348ff0
003ce11c,RODATA,5,5,0,5,00223608 0034a5dc 0034ad38 0034b2e8 0034bb48
003ce13c,RODATA,2,2,0,2,0034ad38 0034afd8
003ce15c,RODATA,2,2,0,2,0034b2e8 0034b578
003ce17c,RODATA,3,3,0,3,0034bb48 0034bce4 0034bd08
003ce19c,RODATA,2,2,0,2,0028b058 00359114
003ce1c8,RODATA,2,2,0,2,0035a40c 0035a4b8
003ce1d8,RODATA,2,2,0,2,0035bbb4 0035bc58
003ce1e8,RODATA,2,2,0,2,0035c868 0035c97c
003ce214,RODATA,1,1,0,1,001001fc
003ce228,RODATA,1,1,0,1,001033f4
003ce25c,RODATA,2,2,0,2,00100128 00103540
003ce270,RODATA,5,5,0,5,001488e8 00254a58 00298b74 00298f28 0030f5c0
003ce2b0,RODATA,5,5,0,5,001488e8 00254a58 00298b74 00298f28 0030f5c0
003ce2e8,RODATA,11,11,0,5,001488e8 0022db2c 00254a50 00298f28 0030f5c0
003ce304,RODATA,1,0,1,0,
003ce318,RODATA,1,0,1,0,
003ce328,RODATA,2,2,0,2,001036bc 002a7518
003ce35c,RODATA,5,5,0,5,00103798 001488e8 00254a58 00298f28 0030f5c0
003ce36c,RODATA,1,1,0,1,001001fc
003ce38c,RODATA,3,3,0,3,001488e8 00298f28 0030f5c0
003ce39c,RODATA,1,1,0,1,0010036c
003ce3a8,RODATA,1,1,0,1,002b99d8
003ce3b4,RODATA,1,1,0,1,002bb2dc
003ce3cc,RODATA,1,1,0,1,002bb2dc
003ce3e4,RODATA,1,1,0,1,002b5938
003ce438,RODATA,1,0,1,0,
003ce6c4,RODATA,1,0,1,0,
003ce6c8,RODATA,1,0,1,0,
003ce6cc,RODATA,1,0,1,0,
003ce6d0,RODATA,1,0,1,0,
003ce6d4,RODATA,1,0,1,0,
003ce6d8,RODATA,1,0,1,0,
003ce6dc,RODATA,1,0,1,0,
003ce6e0,RODATA,1,0,1,0,
003ce6e4,RODATA,1,0,1,0,
003ce6f0,RODATA,1,0,1,0,
003ce7a0,RODATA,1,0,1,0,
003ceb38,RODATA,1,1,0,1,0038b070
003cecf8,RODATA,1,1,0,1,0038b070
003d001f,RODATA,1,0,1,0,
003d0020,RODATA,1,0,1,0,
003d0040,RODATA,1,1,0,1,0011d224
003d0085,RODATA,1,0,1,0,
003d00f0,RODATA,2,0,2,0,
003d0100,RODATA,1,1,0,1,001e9998
003d0a84,RODATA,1,1,0,1,0038b070
003d0ce4,RODATA,1,1,0,1,0038b070
003d0f58,RODATA,2,2,0,1,0038b070
003d1128,RODATA,1,1,0,1,0038b070
003d274c,RODATA,19,0,19,0,
003d499c,RODATA,1,1,0,1,00389e80
003d4c60,RODATA,1,0,1,0,
003d5390,RODATA,2,0,2,0,
003d539c,RODATA,4,0,4,0,
003d53b4,RODATA,2,0,2,0,
003d53c4,RODATA,2,0,2,0,
003d53d0,RODATA,2,0,2,0,
003d53dc,RODATA,2,0,2,0,
003d53f4,RODATA,2,0,2,0,
003d5533,RODATA,2,0,2,0,
003d5536,RODATA,1,0,1,0,
003d553a,RODATA,1,0,1,0,
003d553e,RODATA,1,0,1,0,
003d5542,RODATA,1,0,1,0,
003d5546,RODATA,1,0,1,0,
003d554a,RODATA,1,0,1,0,
003d554e,RODATA,1,0,1,0,
003d88fc,RODATA,1,0,1,0,
003d8a20,RODATA,1,0,1,0,
003d8a3c,RODATA,1,0,1,0,
003d8a44,RODATA,1,0,1,0,
003d8a54,RODATA,1,0,1,0,
003d8a68,RODATA,1,0,1,0,
003d8a70,RODATA,1,0,1,0,
003d8a78,RODATA,1,0,1,0,
003d8a84,RODATA,1,0,1,0,
003d8a8c,RODATA,1,0,1,0,
003d8a94,RODATA,1,0,1,0,
003d8a9c,RODATA,2,0,2,0,
003db000,DATA,4,4,0,2,0010a114 001102ec
003dc000,DATA,1,1,0,1,001e7174
003de000,DATA,1,1,0,1,001e7174
003df6c0,DATA,1,1,0,1,00389148
003df7c0,DATA,1,1,0,1,00389148
003df8c0,DATA,1,1,0,1,00389148
003df940,DATA,1,1,0,1,0010ec90
003e0042,DATA,1,1,0,1,001e2a1c
003e0080,DATA,1,1,0,1,00120d14
003e0c40,DATA,1,1,0,1,00110020
003e1cb8,DATA,14,14,0,14,00245b40 00245e58 00246528 00246be8 00246e0c
003e1cd8,DATA,1,1,0,1,0038750c
003e1cdc,DATA,1,1,0,1,0038750c
003e1ce0,DATA,1,1,0,1,0019c12c
003e1ce4,DATA,46,46,0,30,00145fbc 0014a8e0 0015fda0 00165bf4 001666c0
003e1ce8,DATA,5,5,0,5,00197778 00241a04 002fc3ac 0035d9b4 00387af4
003e1cec,DATA,1,1,0,1,00387af4
003e1cf0,DATA,3,3,0,3,00298b18 002a7030 002a8eac
003e1cf4,DATA,4,4,0,4,00226234 0022b56c 003233a8 00323940
003e1cf8,DATA,2,2,0,2,003465a0 00346a70
003e1d08,DATA,4,4,0,4,0023724c 003369f4 00336b78 0033d308
003e1d18,DATA,1,1,0,1,00326024
003e1d1c,DATA,11,11,0,5,0022bc88 0022dd30 00230884 00319b10 0031cc34
003e1d24,DATA,2,2,0,2,00315954 00315f94
003e1d2c,DATA,6,6,0,6,00315a7c 00315e10 00315f94 0037fa24 0037fc18
003e1d30,DATA,6,6,0,6,00315a7c 00315e10 00315f94 0037fc18 0037fcac
003e1d34,DATA,3,3,0,2,0037fa24 0038abf8
003e1d38,DATA,3,3,0,2,0037fcac 0038abf8
003e1d3c,DATA,1,1,0,1,00315b28
003e1d58,DATA,4,4,0,4,00274238 0033c5b4 0033c5dc 0033ce50
003e1d5c,DATA,5,5,0,5,0033c5d0 0033c5dc 0033ce50 00380cdc 00388ffc
003e1d60,DATA,3,3,0,3,0028d3b0 00380cb8 00388ffc
003e1d64,DATA,1,1,0,1,00389e08
003e1d68,DATA,2,2,0,2,003223fc 0038b070
003e1d6c,DATA,2,2,0,2,00322224 0038b070
003e1d70,DATA,2,2,0,2,0032248c 0038b070
003e1d74,DATA,2,2,0,2,00322444 0038b070
003e1d78,DATA,2,2,0,2,003224d4 0038b070
003e1d7c,DATA,2,2,0,2,0032226c 0038b070
003e1d80,DATA,2,2,0,2,0032236c 0038b070
003e1d84,DATA,2,2,0,2,003223b4 0038b070
003e1d88,DATA,2,2,0,2,003222fc 0038b070
003e1d8c,DATA,2,2,0,2,003222b4 0038b070
003e1d90,DATA,2,2,0,2,003221dc 0038b070
003e1d94,DATA,2,2,0,2,0022ce98 00262164
003e1d98,DATA,1,1,0,1,0022cff0
003e1da4,DATA,23,23,0,22,00227c54 002352c4 0031f0bc 0031f374 0031f58c
003e1da8,DATA,57,57,0,57,00223dc8 00227aac 00262274 00262310 0031edfc
003e1dac,DATA,3,3,0,2,00320a2c 00321e08
003e1db0,DATA,5,5,0,3,0031ed98 0031f03c 00321e08
003e1dc8,DATA,2,2,0,2,0022be94 0031ebac
003e1dd0,DATA,3,3,0,3,0031d4d4 0031d9f4 003229cc
003e1dd4,DATA,12,12,0,12,001a6328 001c7890 001c7c00 001d4850 00294768
003e1dd8,DATA,4,4,0,4,001df170 00349018 003490a8 00388a48
003e1ddc,DATA,333,333,0,333,001676dc 001677d8 00167814 001683cc 001684a8
003e1de0,DATA,5,5,0,5,00169b38 00169c08 00275dc4 00285688 002859e0
003e1de1,DATA,1,1,0,1,00222458
003e1de4,DATA,6,6,0,6,001de090 001de498 00262970 0026393c 00277fdc
003e1df8,DATA,6,6,0,6,00223ff8 0027b680 0028a9d0 00294768 00355a7c
003e1dfc,DATA,3,3,0,2,001a4e38 001a57b0
003e1e04,DATA,6,6,0,6,0026e6dc 0026ef18 0026ff90 0028a7b4 0028a994
003e1e0c,DATA,1,1,0,1,0019a370
003e1e10,DATA,1,1,0,1,00287858
003e1e13,DATA,2,2,0,2,00161640 0028d4cc
003e1e18,DATA,12,12,0,12,0016bf50 0016bf98 0016bfac 001df3a8 001df5b4
003e1e2c,DATA,5,5,0,5,001e00f0 001e070c 002618b4 00283024 00283198
003e1e30,DATA,4,4,0,3,001e1d84 00261548 00261554
003e1e34,DATA,15,15,0,8,0017abb8 001ae9c8 001d6d90 001d77ac 001d7818
003e1e36,DATA,2,2,0,2,003063ac 003076b4
003e1e3c,DATA,9,9,0,9,001bb888 001bb8f8 001bba28 001bba3c 001bbb78
003e1e44,DATA,1,1,0,1,001b45f0
003e1e47,DATA,2,2,0,2,001b2cd0 001b32fc
003e1e48,DATA,1,1,0,1,001c07e8
003e1e4a,DATA,1,1,0,1,001bf5f0
003e1e4c,DATA,1,1,0,1,001a23b8
003e1e4e,DATA,1,1,0,1,0027a2e0
003e1e50,DATA,1,1,0,1,00368e78
003e1e54,DATA,3,3,0,3,0036d074 0036dfd0 0036e9d8
003e1e58,DATA,2,2,0,1,0036d074
003e1e5c,DATA,3,3,0,3,00160f50 00160f68 0036f530
003e1e60,DATA,6,6,0,6,001d19c8 001d1c94 001d1e10 001d23d0 001d24a4
003e1e64,DATA,1,1,0,1,002665c8
003e1e67,DATA,3,3,0,3,00362bb8 00366bb0 00366ca0
003e1e6c,DATA,10,10,0,10,002213f8 0028a734 0034d6c0 0034e3fc 0034e768
003e1e78,DATA,3,3,0,3,0034e3f4 003502f8 00387118
003e1e7c,DATA,2,2,0,2,003502f8 00387118
003e1e80,DATA,2,2,0,2,001afb3c 001b06a4
003e1e88,DATA,5,5,0,4,0015708c 00157c50 00158370 0038aadc
003e1e90,DATA,2,2,0,2,00153b30 00292a90
003e1e94,DATA,6,6,0,6,001a81d0 001a81e0 001a8498 001a85b0 001a85c0
003e1e98,DATA,7,7,0,7,001a8ca8 001a9844 001a9a40 001aa034 001aa608
003e1ea4,DATA,4,4,0,3,001a8ca8 001aa8a8 001aa994
003e1eac,DATA,1,1,0,1,0018cc38
003e1eaf,DATA,1,1,0,1,00193180
003e1eb1,DATA,1,0,1,0,
003e1eb4,DATA,1,1,0,1,00193d10
003e1eb8,DATA,1,1,0,1,00193d10
003e1ec8,DATA,4,4,0,3,001946f4 00194828 00194e78
003e1ecc,DATA,6,6,0,6,001ab188 001ab3c0 001ab9a8 001abba4 0026dc5c
003e1ed8,DATA,6,6,0,4,001625b8 00163364 00163a34 003878bc
003e1edc,DATA,1,1,0,1,0028b058
003e1ee0,DATA,1,1,0,1,0019cdf8
003e1ee4,DATA,2,2,0,2,0019cdf8 0019d34c
003e1ef0,DATA,7,7,0,7,001bbfd4 001bc0b0 001bc1b4 001bc64c 001bc714
003e1ef4,DATA,3,3,0,3,001bc0b0 001bc714 001bc7ec
003e1ef8,DATA,2,2,0,2,001bc0b0 00388a74
003e1efc,DATA,2,2,0,2,00368434 003685fc
003e1f00,DATA,3,3,0,3,001c1a14 001c2c94 001c301c
003e1f08,DATA,2,2,0,2,0019d3cc 0019d5b4
003e1f0c,DATA,3,3,0,3,0016f4a4 0016f540 0016f698
003e1f14,DATA,4,4,0,4,0016c7e8 0016c928 0016cacc 0016cc10
003e1f18,DATA,2,2,0,2,0016cff0 0016d218
003e1f20,DATA,1,1,0,1,001cf2ec
003e1f21,DATA,1,1,0,1,00288338
003e1f24,DATA,9,9,0,9,0019d80c 0019e0a0 0019e258 0019e5a8 0019fb0c
003e1f28,DATA,2,2,0,2,001a083c 00278634
003e1f2c,DATA,5,5,0,5,0017471c 001749b0 00174be0 00174fdc 00280938
003e1f34,DATA,9,9,0,9,00175110 001751ec 001752b8 00175454 00175530
003e1f40,DATA,1,1,0,1,0017adf8
003e1f48,DATA,5,5,0,5,00187930 00187d64 00187eb8 00187fec 00279248
003e1f5c,DATA,2,2,0,2,00177388 001778e0
003e1f64,DATA,5,5,0,5,001871c4 001873d0 00187558 00187700 00279568
003e1f6c,DATA,7,7,0,5,002fd948 002fdb30 002fe0a8 002fe0f0 002fe5b0
003e1f70,DATA,1,1,0,1,002fa478
003e1f7c,DATA,2,2,0,1,002fa478
003e1f80,DATA,1,1,0,1,002fa478
003e1f8c,DATA,3,3,0,1,002fa478
003e1f90,DATA,3,3,0,1,002fa478
003e1fa0,DATA,7,7,0,7,002fe8e0 002fea10 002febc4 002fed44 002fefd8
003e1fa4,DATA,1,1,0,1,0023a3a8
003e1fa8,DATA,2,2,0,2,0023c42c 002fb8e8
003e1fb0,DATA,1,1,0,1,002fc3ac
003e1fb8,DATA,1,1,0,1,002fc3ac
003e1fc4,DATA,3,3,0,3,00173008 00173438 00173648
003e1fe0,DATA,1,1,0,1,0038a03c
003e1fe4,DATA,1,1,0,1,0038a03c
003e1ff0,DATA,1,1,0,1,00389e80
003e203c,DATA,2,2,0,1,0038963c
003e2040,DATA,1,1,0,1,0038963c
003e2044,DATA,2,2,0,2,0014264c 0038963c
003e204c,DATA,1,1,0,1,0038963c
003e2084,DATA,2,2,0,1,0038963c
003e2088,DATA,1,1,0,1,0038963c
003e2090,DATA,2,2,0,1,0038963c
003e2138,DATA,2,2,0,1,0038a3f0
003e213c,DATA,1,1,0,1,0038a3f0
003e2140,DATA,2,2,0,2,00142668 0038a3f0
003e2148,DATA,1,1,0,1,0038a3f0
003e2168,DATA,2,2,0,1,0038a3f0
003e216c,DATA,1,1,0,1,0038a3f0
003e2178,DATA,2,2,0,1,0038a3f0
003e21fc,DATA,22,22,0,22,002838b0 00351cdc 00351d88 00351da0 00351dc0
003e2228,DATA,71,71,0,71,00145cc0 00145cd0 00145ce8 00145d08 00145d18
003e222c,DATA,1,1,0,1,00145d18
003e222d,DATA,1,1,0,1,00145d18
003e2237,DATA,1,1,0,1,00145d18
003e223c,DATA,1,1,0,1,00145d18
003e223d,DATA,1,1,0,1,00145d18
003e2244,DATA,1,1,0,1,00145d18
003e2258,DATA,3,3,0,2,00150790 0026a220
003e225c,DATA,3,3,0,3,00145d18 001507f8 00387e6c
003e2260,DATA,2,2,0,2,001474d8 0029a7cc
003e2264,DATA,4,4,0,4,00146c04 001488e8 0026275c 00387e6c
003e2268,DATA,3,3,0,3,00147178 0028d3a0 00387e6c
003e226c,DATA,4,4,0,3,001484b4 00149b58 00387e6c
003e2280,DATA,1,1,0,1,00387e6c
003e2288,DATA,1,1,0,1,00235100
003e2290,DATA,10,10,0,10,00148f2c 0014e1b8 00221754 002639f0 0026a8f4
003e229c,DATA,3,3,0,3,0010cab0 002a1384 0038bb38
003e22a0,DATA,60,60,0,37,001080e0 001081cc 0010835c 0010c888 0010d5c8
003e22a4,DATA,35,35,0,24,0010c888 0010ca3c 001165d8 001167f0 0011d400
003e22b4,DATA,1,1,0,1,0010835c
003e22b8,DATA,7,7,0,7,001e252c 001e2644 001e2698 001e26c8 001e2848
003e22c0,DATA,13,13,0,13,001e6460 001e64e4 001e6668 001e66f0 001e6700
003e22c8,DATA,14,14,0,14,00103e90 00106148 0010a0ec 0010a578 001102cc
003e22d4,DATA,15,15,0,15,00103b48 001d1c1c 001e6bf4 001fa120 002092d8
003e22d8,DATA,1,1,0,1,00106148
003e22e0,DATA,19,19,0,17,00104458 0010a578 001102ec 001e6bf4 001fa120
003e22e8,DATA,7,7,0,4,0010a578 0020a7f0 0029ccb4 00387a50
003e22f0,DATA,1,1,0,1,001102dc
003e22f8,DATA,41,41,0,41,00106138 00109e40 00109e60 00109eb0 00109f54
003e2314,DATA,5,5,0,5,001062e4 00106490 001064b0 001064c0 0020a774
003e2320,DATA,17,17,0,17,00109e70 00109ec0 00109f64 001102ec 00209d90
003e23ac,DATA,1,1,0,1,00104370
003e23b0,DATA,22,22,0,22,0011d1e8 0011d224 0011d260 0019b068 0020bdb0
003e23b4,DATA,4,4,0,4,00104254 001e73a4 001e7494 001e7a68
003e23bc,DATA,1,1,0,1,0029a5a4
003e23ec,DATA,1,1,0,1,001e71f4
003e2408,DATA,3,3,0,3,002a67b8 002a6dd8 0038f18c
003e240c,DATA,22,22,0,22,00105928 00105a04 001093dc 0010f214 0010f240
003e240d,DATA,3,3,0,3,00105a04 0011c520 001e7d2c
003e2420,DATA,3,3,0,3,00105928 001e7ffc 00386e88
003e242c,DATA,3,3,0,2,0029f758 00386ef4
003e2430,DATA,11,11,0,4,001e9fec 00299498 0030f5c0 0037d570
003e2438,DATA,1,1,0,1,0038839c
003e2440,DATA,9,9,0,9,0020c810 0020c98c 0020c9c8 0020ca34 0020ca90
003e244c,DATA,2,2,0,2,00103f00 002a6b44
003e244d,DATA,1,1,0,1,00103f00
003e2450,DATA,4,4,0,3,00103f00 002a6b44 00386ab8
003e2458,DATA,22,22,0,22,00105498 0010561c 00105648 001091b8 0010ec90
003e2468,DATA,1,1,0,1,00389148
003e2478,DATA,2,2,0,2,00105738 00245e24
003e247c,DATA,2,2,0,2,0026146c 002a709c
003e2480,DATA,2,2,0,2,001e948c 0022bc20
003e2484,DATA,35,35,0,35,001e94c8 001e950c 001e95f4 001e9640 001e9674
003e2488,DATA,1,1,0,1,001e6118
003e248c,DATA,1,1,0,1,001e6118
003e2490,DATA,2,2,0,2,00104244 002a50d0
003e2491,DATA,4,4,0,4,00105834 00109034 001e5a30 001e620c
003e2494,DATA,4,4,0,4,00105868 00105914 0010efc8 0011c254
003e249c,DATA,1,1,0,1,0038759c
003e24a8,DATA,1,1,0,1,0038aa08
003e24b0,DATA,1,1,0,1,0038aa08
003e24b8,DATA,2,2,0,1,0038aa08
003e24c0,DATA,9,9,0,9,00105de0 00109b60 00109ba0 00109be8 001ebc28
003e24c8,DATA,5,5,0,3,001ebc28 001ebdbc 00386fb4
003e24d0,DATA,2,2,0,2,001ee580 001ee748
003e24d4,DATA,26,26,0,26,0019b068 001e1d7c 001e1dc8 001ee9d0 001eea0c
003e24d8,DATA,11,11,0,5,00258c9c 00259260 0025b0ac 0025b54c 0025b614
003e24dc,DATA,1,1,0,1,001fac98
003e24e0,DATA,5,5,0,5,002c6870 002efebc 002f37a0 00376720 00387fe0
003e24e4,DATA,1,1,0,1,00249f54
003e24e8,DATA,4,4,0,4,00376f60 00388a34 00388cc8 00389458
003e24ec,DATA,2,2,0,2,002d545c 00389c88
003e24f0,DATA,1,1,0,1,00389c88
003e24f4,DATA,1,1,0,1,00389c88
003e24f8,DATA,1,1,0,1,00389c88
003e24fc,DATA,1,1,0,1,00389c88
003e2500,DATA,3,3,0,3,0026ff00 0037704c 00389458
003e2504,DATA,3,3,0,1,002c9ef4
003e2508,DATA,11,11,0,11,0016bf50 0016bf98 0016bfac 001df3a8 001dfb44
003e2510,DATA,3,3,0,2,002ca16c 00388ca0
003e2518,DATA,6,6,0,3,00261b50 00261b54 002d461c
003e251c,DATA,2,2,0,2,00376fbc 00388cc8
003e2520,DATA,12,12,0,12,002a6e74 002a6e8c 002a6ea4 002a6fe8 002a7000
003e2534,DATA,6,6,0,5,002edda8 002ede4c 002edf2c 002ef290 003867ac
003e253c,DATA,4,4,0,4,002f382c 002f3840 002f3938 002f3a30
003e2540,DATA,4,4,0,3,002f31f0 002f3200 002f3210
003e2548,DATA,3,3,0,3,001425e0 0027d908 002f2fc4
003e2550,DATA,4,4,0,4,002eba78 002ebaa8 002ebce0 002ebd0c
003e2554,DATA,5,5,0,5,001050a0 0010bae8 00296618 002efeac 002eff88
003e256c,DATA,3,3,0,3,00289cec 002e9eb0 002ea0e0
003e2570,DATA,3,3,0,3,00289cec 002ea0e0 003877e0
003e2574,DATA,2,2,0,2,002923f8 002f36fc
003e2578,DATA,4,4,0,4,001053b4 002f20e8 002f24b0 002f2608
003e2580,DATA,10,10,0,9,00104798 00107938 00107c3c 00107c54 002a54d8
003e2584,DATA,13,13,0,6,0023f75c 00291294 002ec2d8 002ec52c 002ec574
003e2598,DATA,1,1,0,1,00103b48
003e25a0,DATA,38,38,0,34,00104798 00104db0 001050a0 001053b4 00107bdc
003e25a4,DATA,8,8,0,8,00173008 0017385c 0018b3a4 002ef570 00361798
003e25a8,DATA,27,27,0,27,0015982c 00159c0c 001cda5c 00290d34 00290d78
003e25ac,DATA,44,44,0,44,0010791c 0015708c 00157440 00157778 00169828
003e25b0,DATA,2,2,0,2,001050a0 003880bc
003e25b4,DATA,33,33,0,28,001045b8 001050a0 00105358 0010b874 0016ba08
003e25b8,DATA,1,1,0,1,00280ed0
003e25bc,DATA,10,10,0,9,00104ed0 00107d18 0010b8c8 0026ef18 0026ff90
003e25cc,DATA,2,2,0,2,00111ba0 002ed9ec
003e25d0,DATA,20,20,0,6,0010b8ec 00293fa4 00295d80 002a6030 002a6ec8
003e25e0,DATA,1,1,0,1,00104eb4
003e25e4,DATA,12,12,0,12,00104508 00107370 0023fd74 00240574 00291f20
003e25f4,DATA,3,3,0,3,002e9730 002e980c 00387638
003e2604,DATA,5,5,0,5,0038d5a8 0038d6c4 0038d704 0038d730 0038d77c
003e260c,DATA,5,5,0,5,00261508 002616c4 0038d888 0038d8d8 0038d8f0
003e2614,DATA,5,5,0,5,0038d91c 0038d984 0038d9cc 0038da10 0038da50
003e261c,DATA,6,6,0,6,00298b5c 002994f8 0038db70 0038dc90 0038ddf4
003e2624,DATA,6,6,0,6,001dcb14 001dcb34 00283280 0038dfb8 0038e1c0
003e262c,DATA,6,6,0,6,001e1e40 001e1e9c 001e24f0 002991f0 0029b1f8
003e262e,DATA,40,40,0,32,001426bc 0014317c 00143864 00143958 00143ae4
003e262f,DATA,39,39,0,32,001426b8 00143178 00143864 00143958 00143ae4
003e2640,DATA,1,1,0,1,001443e4
003e2644,DATA,1,1,0,1,00144cf4
003e2648,DATA,1,1,0,1,00144cf4
003e264c,DATA,1,1,0,1,001e1e9c
003e28cc,DATA,209,209,0,64,0010835c 0010caf0 0010d5c8 0010dab4 00111d64
003e28d0,DATA,100,100,0,27,0010835c 0010caf0 0010d5c8 0010dab4 00111d64
003e28d4,DATA,1,1,0,1,0029fc38
003e28d8,DATA,15,15,0,15,0010bb64 00111d64 00116168 001163a0 001165d8
003e28dc,DATA,38,38,0,18,0010bba8 0010d090 00112308 001167f0 00116994
003e28ec,DATA,4,4,0,3,0010bba8 00112308 00382d90
003e294c,DATA,4,4,0,3,0010bba8 00112308 00382d90
003e2964,DATA,4,4,0,3,0010bba8 00112308 00382d90
003e297c,DATA,4,4,0,3,0010bba8 00112308 00382d90
003e2bf0,DATA,45,45,0,43,0010c3f0 0010caf0 0010cf0c 0010d090 0010dab4
003e2bf4,DATA,3,3,0,3,0010caf0 0011222c 0011bbd4
003e2bf8,DATA,3,3,0,3,0010caf0 0011222c 0011bbd4
003e2bfc,DATA,3,3,0,3,0010caf0 0011222c 0011bbd4
003e2c00,DATA,2,2,0,2,0011222c 0011bbd4
003e2c04,DATA,2,2,0,2,0011222c 0011bbd4
003e2c08,DATA,2,2,0,2,0011222c 0011bbd4
003e2c0c,DATA,2,2,0,2,0011222c 0011bbd4
003e2c10,DATA,2,2,0,2,0011222c 0011bbd4
003e2c14,DATA,2,2,0,2,0011222c 0011bbd4
003e2c18,DATA,15,15,0,13,0010c888 0010cf0c 00115d6c 0024d7cc 0029c748
003e2c20,DATA,6,6,0,6,0010ca3c 00115ed8 00116038 0011e434 0029d864
003e2c28,DATA,10,10,0,10,0020952c 002096c8 002097a0 002097f0 00209898
003e2c29,DATA,1,1,0,1,0020998c
003e2c38,DATA,5,5,0,4,0020952c 00209898 00253488 002535e0
003e2c44,DATA,7,7,0,5,00209898 0020998c 00209b6c 002535e0 003879dc
003e2c4c,DATA,17,17,0,17,001e252c 001e29d4 001e2a1c 001e2a68 001e2ac0
003e2c50,DATA,1,1,0,1,001e280c
003e2c54,DATA,9,9,0,9,001e64e4 001e68bc 001e690c 001e6950 001e6980
003e2c58,DATA,1,1,0,1,002612f4
003e2c5c,DATA,2,2,0,2,001e2f28 0038a130
003e2c60,DATA,1,1,0,1,0038a144
003e2c68,DATA,14,14,0,14,001e2f28 001e2fb0 001e2ffc 001e3050 001e30a0
003e2c6c,DATA,4,4,0,4,0010a114 001107a4 00110c30 00120b34
003e2c78,DATA,4,4,0,2,00120b34 00389a5c
003e2c80,DATA,8,8,0,6,0010a114 001107a4 0011cf68 0011cf74 0029eddc
003e2c88,DATA,2,2,0,2,0010a444 001102dc
003e2c94,DATA,4,4,0,4,0010a0dc 002a6c00 002a6c70 00388990
003e2c98,DATA,45,45,0,42,001064d0 0010650c 0010a05c 0010a2cc 0010a31c
003e2c9c,DATA,8,8,0,8,001eff28 001f00fc 001f016c 001f01e8 001f0440
003e2ca0,DATA,2,2,0,2,00110c78 0029ee98
003e2ca1,DATA,2,2,0,2,0020b9f4 0020bad0
003e2ca4,DATA,3,3,0,3,0010f064 0010f190 001e75e8
003e2ca8,DATA,1,1,0,1,002a6924
003e2cb0,DATA,4,4,0,3,001e7420 001e753c 00387e40
003e2cb4,DATA,16,16,0,14,00104254 001e73a4 001e7420 001e7494 001e753c
003e2cb8,DATA,14,14,0,14,00104254 0010f064 0010f140 0010f190 001e73a4
003e2cc0,DATA,1,1,0,1,00387de4
003e2cf0,DATA,1,1,0,1,00105a04
003e5e19,DATA,1,0,1,0,
003e87e1,DATA,1,0,1,0,
003e87e5,DATA,1,0,1,0,
003eef4c,DATA,1,1,0,1,00252f60
003eef50,DATA,10,10,0,10,0020c810 0020cbf8 0020cc48 0020cc90 0020ccd4
003eef54,DATA,12,12,0,12,0010610c 00109e2c 00110020 00110128 00110254
003eef64,DATA,3,3,0,3,00110020 00208d9c 00388ea0
003eef68,DATA,4,4,0,4,0010610c 00110020 00208d9c 0029cf24
003eef74,DATA,1,1,0,1,00105aec
003eef76,DATA,1,1,0,1,00105c20
003eef78,DATA,8,8,0,8,0010f358 0010f394 001e9054 001e9094 001e90d8
003eef7c,DATA,3,3,0,3,0029bfc0 0029bfd0 0029bfe0
003eef84,DATA,5,5,0,5,00104078 00104164 001057e8 002a6010 002a6020
003eef90,DATA,4,4,0,4,0011c368 001e5c2c 001e5cb4 001e5d3c
003eef94,DATA,8,8,0,8,001057f8 0011c2c0 001213dc 001e5acc 0021a240
003eef98,DATA,4,4,0,4,0012150c 00121524 001e63a4 001e63f4
003eef9c,DATA,1,1,0,1,001e63a4
003eefa0,DATA,5,5,0,4,00104320 001e9e58 001e9eac 00387bf4
003eefa4,DATA,6,6,0,6,001e9e58 001e9eac 001e9f14 001e9f6c 001e9fac
003eefa8,DATA,1,1,0,1,003893f8
003eefac,DATA,1,1,0,1,00389f2c
003eefb0,DATA,1,1,0,1,0038940c
003eefb4,DATA,1,1,0,1,001ea84c
003eefc0,DATA,3,3,0,2,00260130 00260134
003eefc4,DATA,2,2,0,2,002a6b78 002a6cb4
003eefcc,DATA,6,6,0,6,00105ff0 00109d4c 0010ff50 0010ffac 001ee304
003eefd0,DATA,2,2,0,2,002092d8 00209468
003eefd4,DATA,1,1,0,1,00106038
003eefdc,DATA,2,2,0,2,0021a2b8 0021a330
003eefe8,DATA,9,9,0,3,0025b67c 0038f074 0038f114
003ef000,DATA,2,2,0,2,0010729c 001113c8
003ef004,DATA,1,1,0,1,00389300
003ef008,DATA,3,3,0,3,00389300 0038a158 0038abd8
003ef00c,DATA,3,3,0,3,002f3b30 00374f90 00387b30
003ef010,DATA,2,2,0,2,00374ee0 00386f40
003ef014,DATA,3,3,0,3,002af2b4 002b48d8 002b5938
003ef015,DATA,3,3,0,3,002af2b4 002b48d8 002b5938
003ef016,DATA,5,5,0,3,002af2b4 002b48d8 002b5938
003ef017,DATA,9,9,0,3,002af2b4 002b48d8 002b5938
003ef018,DATA,3,3,0,3,002af2b4 002b48d8 002b5938
003ef019,DATA,9,9,0,3,002af2b4 002b48d8 002b5938
003ef01a,DATA,6,6,0,3,002af2b4 002b48d8 002b5938
003ef01b,DATA,6,6,0,3,002af2b4 002b48d8 002b5938
003ef01c,DATA,6,6,0,3,002af2b4 002b48d8 002b5938
003ef020,DATA,1,1,0,1,00216b5c
003ef024,DATA,1,1,0,1,00216b5c
003ef028,DATA,4,4,0,4,00216b5c 002af2b4 002b48d8 002b5938
003ef02c,DATA,7,7,0,4,002af2b4 002b48d8 002b5938 00389508
003ef054,DATA,3,3,0,2,002a90a8 002c3338
003ef058,DATA,2,2,0,2,002a90a8 002c3338
003ef05c,DATA,2,2,0,2,002a90a8 002c3338
003ef060,DATA,4,4,0,4,00216b5c 002af2b4 002b48d8 002b5938
003ef064,DATA,4,4,0,4,002af2b4 002b48d8 002b5938 002f2b74
003ef068,DATA,4,4,0,4,00216b5c 002af2b4 002b48d8 002b5938
003ef06c,DATA,4,4,0,4,00216b5c 002af2b4 002b48d8 002b5938
003ef070,DATA,9,9,0,3,002af2b4 002b48d8 002b5938
003ef074,DATA,7,7,0,4,002a90a8 002a9b90 002af2b4 002b48d8
003ef078,DATA,1,1,0,1,002a9b90
003ef07c,DATA,5,5,0,2,002a90a8 002a9b90
003ef080,DATA,7,7,0,2,002a90a8 002a9b90
003ef084,DATA,2,2,0,2,00389330 0038955c
003ef08c,DATA,6,6,0,6,00277750 00277b00 00374f84 00387584 0038936c
003ef094,DATA,1,1,0,1,00389efc
003ef098,DATA,1,1,0,1,00389574
003ef09c,DATA,1,1,0,1,00388e88
003ef0a0,DATA,10,10,0,10,002104f4 002773f8 002eeb30 002eee7c 00372564
003ef0a8,DATA,1,1,0,1,0038abd8
003ef0ac,DATA,7,7,0,7,002ebe08 00372570 00386f40 0038756c 00387584
003ef0b0,DATA,1,1,0,1,002b7fdc
003ef0c4,DATA,1,1,0,1,0024dec0
003ef0d8,DATA,1,1,0,1,002b9954
003ef0e0,DATA,1,1,0,1,002b99a4
003ef0e8,DATA,1,1,0,1,002b98b4
003ef0f0,DATA,1,1,0,1,002b9914
003ef0f8,DATA,3,3,0,3,0021ca54 002c77d0 002c78e4
003ef108,DATA,1,1,0,1,0021ca54
003ef110,DATA,2,2,0,1,0021ca54
003ef158,DATA,2,2,0,1,0024cabc
003ef1b8,DATA,2,2,0,1,002c77d0
003ef1f8,DATA,1,1,0,1,002c78e4
003ef210,DATA,1,1,0,1,002c78e4
003ef2a4,DATA,1,1,0,1,00106eec
003ef2bc,DATA,1,1,0,1,00106be0
003ef3f8,DATA,12,12,0,11,00106bb0 0010aed4 0010aee4 0024c1bc 002a19d8
003ef400,DATA,2,2,0,2,002c4f04 002c5418
003ef401,DATA,2,2,0,2,0024c994 002c7190
003ef404,DATA,5,5,0,5,003752a4 00387ba8 00387fc8 00387fe0 00388450
003ef408,DATA,3,3,0,3,002ebd6c 003762a0 00387fc8
003ef40c,DATA,3,3,0,2,0024aec4 0024aec8
003ef410,DATA,4,4,0,3,0024b044 0024b0a0 0024b0a4
003ef414,DATA,2,2,0,1,0024b048
003ef418,DATA,1,1,0,1,00379cc0
003ef41c,DATA,3,3,0,2,0024af2c 0024af30
003ef420,DATA,1,1,0,1,002db528
003ef424,DATA,4,4,0,4,002cd87c 002cd8a0 002d706c 002d80c8
003ef428,DATA,1,1,0,1,002da10c
003ef42c,DATA,3,3,0,2,0024af94 0024af98
003ef430,DATA,3,3,0,2,002cf400 002cf404
003ef434,DATA,1,1,0,1,00248da4
003ef438,DATA,2,2,0,2,00248b30 00248bb8
003ef444,DATA,1,1,0,1,00248bb8
003ef450,DATA,1,1,0,1,0037b67c
003ef454,DATA,3,3,0,3,001053a0 001434bc 00143578
003ef45c,DATA,10,10,0,10,00142704 00142758 00142a4c 00142ac0 00142b1c
003ef464,DATA,1,1,0,1,001e1e9c
003ef468,DATA,2,2,0,2,00143958 001475f8
003ef46c,DATA,1,1,0,1,00387dd0
003ef470,DATA,1,1,0,1,0038834c
003ef474,DATA,2,2,0,2,001e7420 001e753c
003ef478,DATA,1,1,0,1,00389ee8
003ef47c,DATA,5,5,0,5,00120578 00120658 001206fc 001207cc 00120a68
003ef488,DATA,1,1,0,1,00387b4c
003ef490,DATA,2,2,0,2,00105aec 001099f4
003ef494,DATA,3,3,0,3,00105874 001214c0 0029bff8
003ef4a0,DATA,1,1,0,1,00388f34
003ef4a4,DATA,7,7,0,6,001ffa4c 001ffa50 001ffab0 001ffb1c 001ffb88
003ef4a8,DATA,2,2,0,1,001ffb20
003ef4ac,DATA,2,2,0,1,001ffb8c
003ef4b0,DATA,2,2,0,1,001ffbf8
003ef4b4,DATA,2,2,0,1,001ffab4
003ef4b8,DATA,1,1,0,1,002475c4
003ef518,DATA,2,2,0,2,002dcffc 002dd03c
003ef524,DATA,1,1,0,1,002c397c
003ef694,DATA,2,2,0,2,002c39ac 002c39b4
003ef7d0,DATA,2,2,0,2,0037214c 00388e70
003ef860,DATA,2,2,0,2,00388a20 0038a158
003ef864,DATA,1,1,0,1,0038abc0
003ef870,DATA,2,2,0,2,0038a170 0038a1e4
003ef874,DATA,2,2,0,2,00372408 00389318
003ef87c,DATA,1,1,0,1,003725f8
003ef880,DATA,2,2,0,2,00388e88 00389344
003ef884,DATA,3,3,0,3,00389358 00389574 00389efc
003ef888,DATA,2,2,0,2,00374fd4 003883e8
003ef88c,DATA,1,1,0,1,0038a1c8
003ef894,DATA,1,1,0,1,0038955c
003ef898,DATA,1,1,0,1,0038abc0
003ef89c,DATA,1,1,0,1,00372604
003ef8a4,DATA,5,5,0,5,00372414 0038936c 003b0f98 003b1574 003b1b98
003ef8a8,DATA,2,2,0,2,00372420 00389384
003ef8ac,DATA,1,1,0,1,0038a1e4
003ef8b0,DATA,2,2,0,2,002eccd8 00374ec4
003ef8b4,DATA,4,4,0,4,002517c8 002eccd8 00374fec 003893e0
003ef8bc,DATA,2,2,0,2,00373d44 00389f14
003ef8c0,DATA,1,1,0,1,00372140
003ef8c4,DATA,2,2,0,2,0024df60 002b9ce0
003ef8cc,DATA,1,1,0,1,0024df2c
003ef8d4,DATA,1,1,0,1,002bc568
003ef8dc,DATA,1,1,0,1,002bc4ec
003ef8ec,DATA,2,2,0,2,003767d0 00388450
003ef8f0,DATA,2,2,0,2,00375430 00387ba8
003ef8f4,DATA,4,4,0,4,0021bcdc 0021be1c 0021bf5c 0021c0a0
003ef930,DATA,2,2,0,2,0037b184 00388468
003ef938,DATA,8,8,0,3,002498e0 002498e4 002db84c
003ef93c,DATA,3,3,0,3,0037725c 003773a0 00389470
003ef948,DATA,1,1,0,1,00387fb4
003ef94c,DATA,1,1,0,1,001490c8
003ef950,DATA,4,4,0,1,00144cf4
003ef954,DATA,17,17,0,13,0014a140 0014ab58 0014d0f4 0014e7c0 0014faf0
003ef95c,DATA,1,1,0,1,00142c04
003ef960,DATA,1,1,0,1,00148f4c
003ef970,DATA,1,1,0,1,0010f26c
003ef971,DATA,1,1,0,1,0010ee5c
003ef978,DATA,2,2,0,2,0038a1c8 0038a2fc
003ef97c,DATA,4,4,0,4,00374f78 0038756c 00388e70 00389318
003ef980,DATA,1,1,0,1,003883d4
003ef984,DATA,1,1,0,1,00372134
003ef988,DATA,4,4,0,4,003883e8 00388400 00389384 0038a310
003ef98c,DATA,3,3,0,3,00374fe0 00388400 00389f14
003ef990,DATA,3,3,0,3,0020cfd4 0020d0d0 0020d0fc
003ef99c,DATA,7,7,0,4,00146218 0014a80c 0014c6bc 0014f990
003ef9b4,DATA,6,6,0,2,001fbfd4 001fc628
003ef9b8,DATA,1,1,0,1,0038a310
003ef9bc,DATA,4,4,0,4,001039a4 001488e8 00298f28 0030f5c0
003ef9c4,DATA,7,7,0,3,001036ec 00103734 002a8d70
003ef9d4,DATA,6,6,0,4,00100428 001488e8 00298f28 0030f5c0
003ef9e0,DATA,2,2,0,1,001001fc
003ef9f8,DATA,1,1,0,1,00102cd0
003ef9fc,DATA,1,1,0,1,00102cd0
003efa00,DATA,1,1,0,1,00102cd0
003efa04,DATA,1,1,0,1,002a9020
003efa08,DATA,3,3,0,3,00102ffc 00103168 0010382e
003efa1c,DATA,2,2,0,2,00393370 003a9134
003efa20,DATA,2,2,0,2,00393370 003a9134
003efa28,DATA,1,1,0,1,002a1994
003efa40,DATA,3,3,0,2,00386bf4 00386c04
003efa64,DATA,20,20,0,10,00387c70 00388024 003882ec 00388574 003885d8
003efa68,DATA,3,3,0,1,00216ed0
003efa6c,DATA,53,53,0,16,00106be0 002153ac 0021d3a4 0024f504 0024f508
003efa70,DATA,6,6,0,3,0024dce4 0024dce8 002c1fec
003efa74,DATA,9,9,0,3,002af2b4 002b48d8 002b5938
003efa78,DATA,15,15,0,5,0021d3a4 002ab4e0 002ae44c 00375024 003750b4
003efa7c,DATA,1,1,0,1,001030d8
003efa80,DATA,3,3,0,1,001030d8
003efa84,DATA,3,3,0,1,001030d8
003efa88,DATA,3,3,0,1,00278240
003efa8a,DATA,3,3,0,1,003181c0
003efbd8,DATA,14,14,0,14,00163364 001aab8c 00241a04 002e7748 003103a0
003efbdc,DATA,4,4,0,4,0017b418 0017b5cc 0017b838 00340cf8
003efbe0,DATA,22,22,0,21,0014a7b0 001ded48 001df1a4 001df2d4 00224038
003efbe4,DATA,37,37,0,37,001df1a4 001df2d4 0022b48c 00230d18 0030ac68
003efbe8,DATA,21,21,0,20,002219c8 00273918 0027bce0 00294768 002e5ff0
003efbec,DATA,11,11,0,7,001ddcfc 00323c60 0033de50 0033ea64 003404f0
003efbf0,DATA,7,7,0,7,0021f2e0 00223ac4 002e5ff0 00345d1c 003460f8
003efbf4,DATA,25,25,0,22,001ddcfc 0022ad74 00241a04 002442a4 002452d8
003efbf8,DATA,4,4,0,1,003352b8
003efbfc,DATA,1,1,0,1,0037e4a4
003efbfe,DATA,1,1,0,1,00381ecc
003efc00,DATA,1,1,0,1,003a91d0
003efc01,DATA,2,2,0,1,002544ec
003efc02,DATA,1,1,0,1,0019c12c
003efc03,DATA,1,1,0,1,00223f68
003efc04,DATA,1,1,0,1,00103268
003efc08,DATA,6,6,0,6,00145fbc 0014a8e0 00155e38 00229568 00229630
003efc09,DATA,1,1,0,1,003a9454
003efc0a,DATA,9,9,0,6,00155e38 0021e47c 00299f50 002a0650 002df174
003efc0b,DATA,8,8,0,8,00155e38 001798d8 001bef90 0021db78 0023f240
003efc0c,DATA,80,80,0,37,00149b58 00155e38 001798d8 00194828 001a694c
003efc0d,DATA,1,1,0,1,003a91d0
003efc0e,DATA,1,1,0,1,0033e278
003efc0f,DATA,1,1,0,1,0022bdd0
003efc10,DATA,1,1,0,1,002177e0
003efc11,DATA,10,10,0,6,001b9d10 00234dc8 002405a8 002a7f88 002df6d4
003efc12,DATA,9,9,0,8,001b9d10 002177e0 0022a39c 00234aec 0023ffe8
003efc13,DATA,184,184,0,86,001488e8 00155e38 00158588 0015b5c8 00163364
003efc14,DATA,2,2,0,2,0019c12c 0021eff8
003efc15,DATA,1,1,0,1,003615b8
003efc16,DATA,1,1,0,1,001a7390
003efc17,DATA,4,4,0,2,0032dcac 0032dff8
003efc18,DATA,2,2,0,1,0021d830
003efc19,DATA,1,1,0,1,001001fc
003efc1c,DATA,3,3,0,2,002a77c4 002a77c6
003efc20,DATA,2,2,0,1,002a77c6
003efc28,DATA,1,1,0,1,00122344
003efd28,DATA,1,1,0,1,0020c46c
003efd68,BSS,2,2,0,2,00100024 0022b56c
003efffe,BSS,1,0,1,0,
003f0040,BSS,1,1,0,1,00120d58
003f00cd,BSS,1,0,1,0,
003f7365,BSS,1,0,1,0,
003fed04,BSS,1,0,1,0,
003fffff,BSS,1,1,0,1,00260408
00400000,BSS,3,0,3,0,
0040001c,BSS,1,1,0,1,0010835c
00400020,BSS,1,0,1,0,
0040002c,BSS,1,1,0,1,0010835c
00400042,BSS,2,2,0,2,001e2c24 0020b808
00400050,BSS,1,1,0,1,0010835c
00400054,BSS,1,1,0,1,0010835c
00400058,BSS,1,1,0,1,0038f208
00400400,BSS,1,1,0,1,0010835c
00400404,BSS,1,1,0,1,0010835c
00400408,BSS,1,1,0,1,0010835c
0040040c,BSS,1,1,0,1,0010835c
00400410,BSS,1,1,0,1,0010835c
00400414,BSS,1,1,0,1,0010835c
00400418,BSS,1,1,0,1,0010835c
0040041c,BSS,1,1,0,1,0010835c
00400420,BSS,1,1,0,1,0010835c
00400424,BSS,1,1,0,1,0010835c
00400428,BSS,1,1,0,1,0010835c
0040042c,BSS,1,1,0,1,0010835c
00400430,BSS,1,1,0,1,0010835c
00400434,BSS,1,1,0,1,0010835c
00400438,BSS,1,1,0,1,0010835c
0040043c,BSS,1,1,0,1,0010835c
00400440,BSS,1,1,0,1,0010835c
00400444,BSS,1,1,0,1,0010835c
00400448,BSS,1,1,0,1,0010835c
0040045c,BSS,1,1,0,1,0010835c
00400460,BSS,1,1,0,1,0010835c
00400464,BSS,1,1,0,1,0010835c
00400468,BSS,1,1,0,1,0010835c
0040046c,BSS,1,1,0,1,0010835c
00400470,BSS,1,1,0,1,0010835c
00400474,BSS,1,1,0,1,0010835c
00400478,BSS,1,1,0,1,0010835c
00400494,BSS,1,1,0,1,0010835c
00400498,BSS,1,1,0,1,0010835c
0040049c,BSS,1,1,0,1,0010835c
00400500,BSS,1,1,0,1,0010835c
00400504,BSS,1,1,0,1,0010835c
00400508,BSS,1,1,0,1,0010835c
0040050c,BSS,1,1,0,1,0010835c
00400510,BSS,1,1,0,1,0010835c
00400514,BSS,1,1,0,1,0010835c
00400518,BSS,1,1,0,1,0010835c
0040051c,BSS,1,1,0,1,0010835c
00400520,BSS,1,1,0,1,0010835c
00400524,BSS,1,1,0,1,0010835c
00400528,BSS,1,1,0,1,0010835c
0040052c,BSS,1,1,0,1,0010835c
00400530,BSS,1,1,0,1,0010835c
00400534,BSS,1,1,0,1,0010835c
00400538,BSS,1,1,0,1,0010835c
0040053c,BSS,1,1,0,1,0010835c
00400540,BSS,1,1,0,1,0010835c
00400544,BSS,1,1,0,1,0010835c
00400548,BSS,1,1,0,1,0010835c
0040055c,BSS,1,1,0,1,0010835c
00400560,BSS,1,1,0,1,0010835c
00400564,BSS,1,1,0,1,0010835c
00400568,BSS,1,1,0,1,0010835c
0040056c,BSS,1,1,0,1,0010835c
00400570,BSS,1,1,0,1,0010835c
00400574,BSS,1,1,0,1,0010835c
00400578,BSS,1,1,0,1,0010835c
0040059c,BSS,1,1,0,1,0010835c
00400c18,BSS,1,1,0,1,0010835c
00401000,BSS,1,1,0,1,0010835c
00401080,BSS,1,1,0,1,0010835c
004010c0,BSS,1,1,0,1,0010835c
004010d0,BSS,1,1,0,1,0010835c
004082c0,BSS,1,0,1,0,
0040fd68,BSS,1,1,0,1,00323854
0041003a,BSS,1,0,1,0,
00410041,BSS,3,0,3,0,
00410046,BSS,1,0,1,0,
00410064,BSS,2,0,2,0,
00410065,BSS,1,0,1,0,
00410082,BSS,1,0,1,0,
00414472,BSS,2,0,2,0,
00417265,BSS,1,0,1,0,
0041c99f,BSS,1,0,1,0,
00420042,BSS,3,0,3,0,
00420080,BSS,1,1,0,1,0011cfc8
00420162,BSS,2,0,2,0,
00420240,BSS,1,1,0,1,001e9b64
00425265,BSS,1,0,1,0,
00425472,BSS,1,0,1,0,
004287e0,BSS,2,0,2,0,
004287e4,BSS,1,0,1,0,
004287f2,BSS,1,0,1,0,
0042fd68,BSS,1,1,0,1,00325cd0
00430020,BSS,4,0,4,0,
0043003a,BSS,1,0,1,0,
00430040,BSS,1,1,0,1,00110c40
0043005f,BSS,1,0,1,0,
00430061,BSS,1,0,1,0,
00430065,BSS,3,0,3,0,
0043006e,BSS,1,0,1,0,
00430074,BSS,1,0,1,0,
0043009f,BSS,1,0,1,0,
00433a70,BSS,1,0,1,0,
00433d68,BSS,1,1,0,1,0022ae24
004387e4,BSS,1,0,1,0,
0043bd68,BSS,2,2,0,1,00326984
0043bd7c,BSS,7,7,0,2,0022dd30 00389dd8
0043bd88,BSS,2,2,0,2,00321f84 0038b070
0043bdb4,BSS,2,2,0,1,002452d8
0043bdc8,BSS,3,3,0,3,0028cd1c 003491d8 003492bc
0043bde4,BSS,4,4,0,4,0028cd1c 003491e4 003492bc 00388d0c
0043be00,BSS,3,3,0,3,003491e4 003492bc 00388d0c
0043be1c,BSS,4,4,0,4,0028cd1c 003491e4 003492bc 00388d0c
0043be38,BSS,4,4,0,4,0028cd1c 003491e4 003492bc 00388d0c
0043be54,BSS,4,4,0,4,0028cd1c 003491e4 003492bc 00388d0c
0043be70,BSS,1,1,0,1,00387c70
0043be7c,BSS,6,6,0,6,002380d8 002700f0 0028a760 0028a7b4 002919d4
0043be90,BSS,19,19,0,9,0016bf50 0016bf98 0016bfac 001df5b4 001df8b8
0043bea0,BSS,4,4,0,4,001df7bc 001df8b8 001dfad4 001dff58
0043c1a0,BSS,23,23,0,21,0015d188 00169c4c 0017cb14 0017d258 001afb3c
0043c1c0,BSS,1,1,0,1,00309628
0043c1e8,BSS,1,1,0,1,0038b5a0
0043c204,BSS,1,1,0,1,0036d074
0043c264,BSS,7,7,0,4,00308604 0034800c 0034a2a0 00388084
0043c278,BSS,4,4,0,3,001a9b10 002f8970 003888a4
0043c340,BSS,3,3,0,2,001a9b10 003888a4
0043c408,BSS,2,2,0,2,002f8970 00389610
0043c414,BSS,13,13,0,6,00229dc4 00254ecc 0030ea4c 00323c60 00325290
0043c430,BSS,39,39,0,25,0017d128 00195b3c 00195d18 001a23b8 001ab188
0043c458,BSS,17,17,0,13,00289258 00289280 0028936c 00289dd0 0028a6d4
0043c828,BSS,48,48,0,30,0018a160 0019c12c 001a8ca8 001c4418 00229dc4
0043c844,BSS,8,8,0,8,001829e8 001cf2ec 001d0bac 0021f370 0032cedc
0043c870,BSS,121,121,0,96,00157440 00163364 00164d2c 00166750 0016ddc0
0043c8c0,BSS,2,2,0,2,00367544 003895e4
0043c8cc,BSS,17,17,0,17,00165a04 00165bf4 001666c0 001ac22c 001ac610
0043c8d8,BSS,11,11,0,8,00165a04 00165bf4 00241a04 002fefd8 002ff1d0
0043c8f0,BSS,1,1,0,1,0037d730
0043c908,BSS,6,6,0,4,0019a370 002f93e0 0031748c 00367544
0043c918,BSS,19,19,0,18,0015fda0 00165bf4 001666c0 001ac22c 001ac610
0043c940,BSS,4,4,0,3,00241a04 00367544 00388544
0043c94c,BSS,18,18,0,18,0015fda0 00165a04 00165bf4 001666c0 001ac22c
0043c958,BSS,11,11,0,8,00165a04 00165bf4 00241a04 002fefd8 002ff1d0
0043c970,BSS,8,8,0,6,002053e8 00241a04 0028fc40 002e5ff0 002f4d14
0043c98c,BSS,7,7,0,4,001c8b6c 00305d1c 00367544 00387cd0
0043c9a8,BSS,5,5,0,5,001a8ca8 00254d30 003124ec 0034a1f4 00387808
0043c9c4,BSS,8,8,0,6,0018cc38 00193d10 0033bec4 00366bb0 00368434
0043c9d0,BSS,20,20,0,8,001a8ca8 0033a938 0033af98 00364718 00365ac0
0043c9ec,BSS,1,1,0,1,00386cdc
0043ca10,BSS,3,3,0,1,00194470
0043ca2c,BSS,5,5,0,3,0018e1c4 00190f60 0033a578
0043ca40,BSS,28,28,0,11,0016d218 0016ddc0 0016e3c0 0016e498 0016f698
0043ca7c,BSS,1,1,0,1,00388024
0043ca88,BSS,1,1,0,1,00389d78
0043ca94,BSS,1,1,0,1,00388574
0043caa0,BSS,1,1,0,1,003885d8
0043caac,BSS,1,1,0,1,0038ab60
0043cab8,BSS,3,3,0,3,001946f4 00194828 0038a2b0
0043cac4,BSS,1,1,0,1,00388844
0043cb68,BSS,1,1,0,1,0038a03c
0043cb74,BSS,1,1,0,1,0038a0e4
0043cbb8,BSS,2,2,0,2,001a3808 003882ec
0043cbc4,BSS,1,1,0,1,003890e8
0043cbd0,BSS,1,1,0,1,00388e10
0043cbdc,BSS,4,4,0,4,001467c4 001467f0 0026ce70 00387e6c
0043cbf4,BSS,4,4,0,4,0014e0b8 0014e1c8 00278690 0038baa0
0043cc00,BSS,2,2,0,1,002e5ff0
0043cc28,BSS,62,62,0,35,00169828 0016b3d8 00171868 001742c4 00181148
0043cd94,BSS,29,29,0,26,00154c60 00155810 0015ffe0 0016b050 00182ec0
0043cf00,BSS,33,33,0,20,0018cc38 0018f628 0018ffd0 00190ac0 001a40b8
0043d070,BSS,64,64,0,60,00157c38 00160adc 00161640 00161828 00162218
0043d0d8,BSS,22,22,0,17,00145fbc 0014a8e0 0016d218 0018ffd0 00193d10
0043d0fc,BSS,11,11,0,4,0029a7cc 0036bf60 0036c0c4 0036c650
0043d120,BSS,106,106,0,49,00159e88 0015cab0 0015db28 0015ded8 00161354
0043d238,BSS,2,2,0,2,002e6c98 002e6d04
0043d3b8,BSS,43,43,0,39,00108070 001080bc 001080e0 001081cc 00108304
0043d538,BSS,7,7,0,6,001e252c 001e2644 001e280c 001e2e3c 00261244
0043d544,BSS,14,14,0,12,001e6460 001e64e4 001e6668 001e6700 001e6f20
0043d550,BSS,1,1,0,1,001e6700
0043d55c,BSS,3,3,0,2,001e64e4 001e6f20
0043d580,BSS,4,4,0,1,001e6ab8
0043e3c8,BSS,1,1,0,1,00386a7c
0043e3d4,BSS,1,1,0,1,00103e90
0043e3e4,BSS,2,2,0,2,001064a4 0020a774
0043f3e4,BSS,9,9,0,2,0020a268 0020b21c
0043f404,BSS,4,4,0,4,00109f64 001102ec 0020a15c 003889c4
0043f410,BSS,4,4,0,2,001e7174 00386e4c
0043f41c,BSS,10,10,0,10,00105928 00105a04 0011c520 001e7d2c 001e7de0
0043f428,BSS,6,6,0,6,00109424 001e7de0 001e7ea8 001e7ef8 001e7ffc
0043f448,BSS,3,3,0,3,00109424 0011c520 001e7ea8
0043f468,BSS,2,2,0,2,00105928 001093dc
0043f488,BSS,3,3,0,3,00105928 001e7ffc 00386e88
0043f4a0,BSS,3,3,0,3,0011c64c 002a6bac 002a6e2c
0043f520,BSS,2,2,0,2,0029f758 00386ef4
0043f52c,BSS,2,2,0,2,0020c810 0020cdf8
0043f538,BSS,2,2,0,2,0020c810 00387f3c
0043f544,BSS,13,13,0,11,0020c810 0020c98c 0020c9c8 0020ca34 0020ca90
0043f550,BSS,1,1,0,1,00386ab8
0043f564,BSS,1,1,0,1,00386ab8
0043f578,BSS,1,1,0,1,00386ab8
0043f58c,BSS,3,3,0,3,001e37bc 001e37c0 00386ab8
0043f5a0,BSS,1,1,0,1,00386ab8
0043f5b0,BSS,1,1,0,1,0010ec90
0043f5ec,BSS,4,4,0,4,00105648 001e4688 001e4828 001e4c5c
0043f628,BSS,6,6,0,6,00105498 001e43ac 001e44cc 001e4998 001e4b44
0043f664,BSS,1,1,0,1,00389148
0043f6a0,BSS,2,2,0,2,0010ec90 00389148
0043f6b0,BSS,5,5,0,5,002843d0 0029f874 002a69e8 00389148 0038ff54
0043f8b0,BSS,13,13,0,13,001f0aa4 001f0ae8 001f0d30 001f1720 001f1780
0043f8e0,BSS,3,3,0,3,0026146c 002a709c 00388c68
0043f8ec,BSS,7,7,0,7,00105834 00109034 001e5a30 001e5a98 001e5fc0
0043f904,BSS,3,3,0,3,001a3808 002ce2e0 00388494
0043f910,BSS,20,20,0,12,00248bb8 002ca16c 002ca4a0 002d0210 002d31d8
0043fc08,BSS,1,1,0,1,002cae68
0043fc1c,BSS,2,2,0,1,002c9ef4
00440045,BSS,1,0,1,0,
0044005f,BSS,2,0,2,0,
00440072,BSS,1,0,1,0,
00440073,BSS,1,0,1,0,
00440074,BSS,2,0,2,0,
00440220,BSS,5,5,0,2,00261b54 002d461c
00440428,BSS,3,3,0,3,002cd87c 002cd8a0 00386bc0
00440438,BSS,3,3,0,3,0023fb0c 002ef290 003867ac
00440444,BSS,2,2,0,2,002ede4c 002edf2c
00440450,BSS,2,2,0,2,0026a8b8 002ef404
00440464,BSS,3,3,0,3,002edf2c 002ef434 003867ac
00440478,BSS,3,3,0,3,002edf2c 002ef44c 003867ac
0044048c,BSS,3,3,0,3,002edf2c 002ef41c 003867ac
004404a0,BSS,5,5,0,5,002ede4c 002edf2c 002ef464 002ef494 003867ac
004404b4,BSS,3,3,0,3,002edda8 002ef47c 003867ac
004404c8,BSS,1,1,0,1,003867ac
00440538,BSS,7,7,0,3,002edf2c 002ef50c 003867ac
00440578,BSS,1,1,0,1,003867ac
004405a0,BSS,17,17,0,6,001050a0 0010bae8 002efac0 002efad0 002efdac
004405e4,BSS,1,1,0,1,002eff88
0044062c,BSS,7,7,0,5,001050a0 0023f7ec 002eff88 002f0294 00386988
00440cd0,BSS,7,7,0,3,001050a0 002eff88 00386988
00440d34,BSS,4,4,0,2,00105358 002f10b8
00440d44,BSS,7,7,0,3,00104798 00107938 00107c54
00440d58,BSS,10,10,0,7,00107938 0023f75c 00291294 002ec2d8 002ec52c
00440d70,BSS,2,2,0,2,00104798 00107938
00440dac,BSS,2,2,0,1,00104db0
00440dc0,BSS,3,3,0,3,00103b48 002ec220 003880bc
00440dd4,BSS,5,5,0,5,001050a0 00107c18 00107cf4 002696f8 002e9c88
00440e24,BSS,4,4,0,2,00107d18 0038b9a4
00440e44,BSS,7,7,0,6,00104ed0 00107d18 0023822c 0028cb3c 002ef108
00440e60,BSS,8,8,0,7,00104ed0 00107d18 0023f9ac 0026ef18 0028a994
00440e7c,BSS,18,18,0,11,00107d18 0023822c 0023f94c 0028a6f0 0028a744
00440ea8,BSS,12,12,0,6,0010b8ec 00293fa4 00295d80 002a6030 002a6ec8
00440ec0,BSS,9,9,0,6,00107370 0023fd74 002e9528 002e980c 002e99cc
00440ed8,BSS,15,15,0,6,0038dc90 0038dcb8 0038dda0 0038ddf4 0038de2c
00440ee4,BSS,9,9,0,1,001e1e9c
00440ef4,BSS,7,7,0,7,00142a24 001e1e40 001e1e9c 001e24f0 00299208
00443ef4,BSS,2,2,0,1,00116994
00443f18,BSS,3,3,0,3,0010bba8 002a1b78 002a4d4c
00444552,BSS,1,0,1,0,
00444d04,BSS,4,4,0,4,0010bba8 00112308 0011d400 00382d90
00444ef4,BSS,1,1,0,1,0010bba8
00444ff8,BSS,1,1,0,1,00382d90
00445010,BSS,2,2,0,2,0010bba8 00382d90
00445028,BSS,2,2,0,2,0010bba8 00382d90
00445040,BSS,5,5,0,5,00209694 002096a4 00209790 00253488 00253548
00445054,BSS,19,19,0,9,0020952c 002097a0 002097f0 00209898 0020998c
00445060,BSS,1,1,0,1,00388360
00445080,BSS,6,6,0,4,0010a114 001107a4 00120b34 00142684
0044508c,BSS,1,1,0,1,002a6924
00445098,BSS,8,8,0,5,00110020 0011ce1c 0011ce2c 00208d9c 00388ea0
004450b0,BSS,3,3,0,3,00104308 00105c14 00386f58
004450b8,BSS,1,1,0,1,001095a4
004450fc,BSS,1,1,0,1,00388418
00445110,BSS,2,2,0,2,00105868 00387bc0
00445320,BSS,3,3,0,3,0011c368 001e5c2c 001e5cb8
00445360,BSS,1,1,0,1,002a5230
0044536c,BSS,26,26,0,23,00105de0 00109be8 001ea644 001eb900 001ebc10
004453bc,BSS,77,77,0,33,00105de0 00109ba0 00109be8 0010f404 0010f5b4
004453c4,BSS,4,4,0,4,0010f924 0010fdc0 001ec858 002601d8
004463bc,BSS,1,1,0,1,001eacf4
004466bc,BSS,6,6,0,6,001ea2a8 001ea380 001ea40c 001ea654 001ea6f4
0044696c,BSS,2,2,0,2,001eb630 001eb81c
00446970,BSS,2,2,0,1,00260134
004469c0,BSS,9,9,0,9,00105de0 0010f924 001ec738 001ec858 001ed370
00448000,BSS,5,5,0,4,00105e98 00105f60 00109c50 002a6cb4
00448228,BSS,4,4,0,2,002092d8 003875fc
00448248,BSS,3,3,0,2,00106038 00208130
00448268,BSS,3,3,0,3,0025b67c 0038f074 0038f114
004483a8,BSS,3,3,0,3,0014a120 0021a2b8 0021a330
004483b4,BSS,4,4,0,2,0010729c 001113c8
00448d74,BSS,4,4,0,4,00251574 002abce4 002abd18 00389508
00448dd4,BSS,1,1,0,1,0038939c
00448de4,BSS,1,1,0,1,00106eec
004495e4,BSS,2,2,0,1,0024aec8
00449604,BSS,3,3,0,3,002479cc 002dc594 002dc59c
00449804,BSS,2,2,0,1,0024b0a4
00449994,BSS,2,2,0,1,0024b048
00449b24,BSS,2,2,0,1,0024af30
00449b48,BSS,4,4,0,4,0021b994 002dab1c 002dad7c 002dadb4
00449b80,BSS,3,3,0,2,002d6d4c 002d78ec
0044db80,BSS,2,2,0,1,0024af98
0044dc6c,BSS,2,2,0,1,002cf404
0044dd38,BSS,3,3,0,3,00142704 001431c4 001455ec
0044dd44,BSS,2,2,0,2,00142704 001455ec
0044dd50,BSS,22,22,0,20,00142758 00142a4c 00142ac0 00142b1c 00142b8c
0044dda4,BSS,2,2,0,2,001455ec 0014ab58
0044ddd0,BSS,4,4,0,2,001475f8 00299254
0044dde0,BSS,9,9,0,6,00104370 001f0440 001f04ec 0025ff60 00260080
0044de28,BSS,5,5,0,5,00105900 0010ee6c 001e5b84 001e622c 001e6258
0044de40,BSS,1,1,0,1,00105898
0044de58,BSS,1,1,0,1,0029f74c
0044dee8,BSS,1,1,0,1,003884b0
0044def4,BSS,21,21,0,17,00109a84 0010f924 001eb218 001eb470 001eb4b0
0044df34,BSS,2,2,0,1,001ffa50
0044df40,BSS,2,2,0,1,001ffb20
0044df4c,BSS,2,2,0,1,001ffb8c
0044df58,BSS,2,2,0,1,001ffbf8
0044df64,BSS,2,2,0,1,001ffab4
0044df80,BSS,2,2,0,2,002b319c 0038a170
0044df8c,BSS,2,2,0,2,002b319c 0038a170
0044dfa4,BSS,5,5,0,2,002498e4 002db84c
0044dfa8,BSS,3,3,0,1,002db84c
0044dfbc,BSS,1,1,0,1,002d2b08
0044dfc0,BSS,1,1,0,1,002d2b08
0044dfe0,BSS,2,2,0,1,0014bf74
0044dff8,BSS,19,19,0,5,00147078 001490c8 00149f8c 0014bf74 0014ed98
0044e7fc,BSS,4,4,0,3,00143588 001490c8 00297a0c
0044e808,BSS,2,2,0,1,00143588
0044e818,BSS,4,4,0,2,00148f4c 0014faf0
0044e888,BSS,3,3,0,2,0014ab58 0014faf0
0044e8f8,BSS,2,2,0,2,0014ab58 0014faf0
0044e910,BSS,1,1,0,1,0014faf0
0044e940,BSS,1,1,0,1,0014faf0
0044e968,BSS,5,5,0,5,0014a140 00297c78 00297d54 00298458 002989d8
0044e978,BSS,1,1,0,1,002988a0
0044e9a8,BSS,1,1,0,1,00143864
0044ea08,BSS,2,2,0,1,0010f26c
0044ea14,BSS,3,3,0,3,0020cfd4 0020d140 00388000
0044ea20,BSS,2,2,0,2,00146218 00151400
0044ea50,BSS,4,4,0,2,001fbfd4 001fc628
0044ea70,BSS,1,1,0,1,002a8984
0044ea84,BSS,1,1,0,1,002a8990
0044eb04,BSS,1,1,0,1,00100064
0044eb64,BSS,1,1,0,1,00102394
00450020,BSS,1,0,1,0,
00450041,BSS,2,0,2,0,
0045004c,BSS,1,0,1,0,
0045004e,BSS,1,0,1,0,
0045005e,BSS,2,0,2,0,
0045005f,BSS,3,0,3,0,
00450880,BSS,1,1,0,1,002a73a0
004508a0,BSS,3,3,0,1,001001fc
004508b8,BSS,6,6,0,3,00102cd0 00102daa 002a7b40
0045090c,BSS,5,5,0,2,00102cd0 00102daa
00450960,BSS,7,7,0,3,00102cd0 00102daa 00103040
004509e0,BSS,1,1,0,1,00120040
004509e4,BSS,8,8,0,4,0016ddc0 0016e498 00170368 002f6bd8
004509f0,BSS,10,10,0,4,001778e0 00184980 001cc670 001d0208
004509fc,BSS,5,5,0,3,002221f4 002e5ff0 00350a58
00450a08,BSS,5,5,0,3,0021e7dc 002e5ff0 0036c388
00450a14,BSS,4,4,0,2,00166750 00288338
00450a20,BSS,1,1,0,1,00386c04
00450a2c,BSS,6,6,0,3,00178668 001798d8 0017adf8
00450a38,BSS,4,4,0,2,00195d18 001abba4
00450a44,BSS,6,6,0,3,001b8c40 0026bb40 0039adb4
00450a50,BSS,9,9,0,5,001bcc50 001be220 001beadc 001bf5f0 001c0038
00450a68,BSS,2,2,0,1,001cad98
00450a74,BSS,2,2,0,1,001cd448
00450a80,BSS,4,4,0,2,0023a3a8 002ffd58
00450a8c,BSS,245,245,0,195,00149b58 0015278c 00152c90 00155e38 00156da0
00450a98,BSS,135,135,0,135,0015278c 00152c90 00155e38 00156da0 00162ee4
00450a9c,BSS,325,325,0,205,00101d64 001467f0 001488e8 00152c90 00155e38
00450aa8,BSS,380,380,0,378,001022bc 001425d0 00147178 001488e8 00153b30
00450aac,BSS,20,20,0,10,00387c70 00388024 003882ec 00388574 003885d8
00450ab8,BSS,2,2,0,1,00216ed0
00450ac8,BSS,44,44,0,15,00106be0 002153ac 0021d3a4 0024f508 002a97c8
00450af8,BSS,4,4,0,2,0024dce8 002c1fec
00450b38,BSS,8,8,0,3,002af2b4 002b48d8 002b5938
00450b50,BSS,11,11,0,5,0021d3a4 002ab4e0 002ae44c 00375024 003750b4
00450b90,BSS,1,1,0,1,001030d8
00451b98,BSS,1,1,0,1,00100024
