addr,segment,file_offset,encoding,length,text
0010034c,TEXT,34c,ascii,8,RWSTDERR
00102280,TEXT,2280,ascii,8,INFINITY
0010307c,TEXT,307c,ascii,15,Exception: %s.\n
00103090,TEXT,3090,ascii,17,unknown exception
001030a4,TEXT,30a4,ascii,20,unexpected exception
001030bc,TEXT,30bc,ascii,24,bad_alloc: out of memory
00103283,TEXT,3283,ascii,6,`(` h1
00106e94,TEXT,6e94,ascii,9,aPosition
00106ea0,TEXT,6ea0,ascii,12,aVertexIndex
00106eb0,TEXT,6eb0,ascii,22,dmp_FragOperation.mode
00106ecc,TEXT,6ecc,ascii,28,dmp_FragmentLighting.enabled
00109508,TEXT,9508,ascii,6,HPXERF
0010b40c,TEXT,b40c,ascii,9,aPosition
0010b418,TEXT,b418,ascii,10,aPositionZ
0010b424,TEXT,b424,ascii,6,aColor
0010b42c,TEXT,b42c,ascii,9,aTexCoord
0010b438,TEXT,b438,ascii,11,uProjection
0010b444,TEXT,b444,ascii,10,uModelView
0010b450,TEXT,b450,ascii,28,dmp_FragmentLighting.enabled
0010b470,TEXT,b470,ascii,26,dmp_Texture[0].samplerType
0010b48c,TEXT,b48c,ascii,12,dmp_Fog.mode
0010b49c,TEXT,b49c,ascii,33,dmp_FragOperation.enableAlphaTest
0010b4c0,TEXT,b4c0,ascii,31,dmp_FragOperation.alphaRefValue
0010b4e0,TEXT,b4e0,ascii,31,dmp_FragOperation.alphaTestFunc
0010b500,TEXT,b500,ascii,20,dmp_TexEnv[3].srcRgb
0010b518,TEXT,b518,ascii,22,dmp_TexEnv[3].srcAlpha
0010b530,TEXT,b530,ascii,24,dmp_TexEnv[3].operandRgb
0010b54c,TEXT,b54c,ascii,26,dmp_TexEnv[3].operandAlpha
0010b568,TEXT,b568,ascii,24,dmp_TexEnv[3].combineRgb
0010b584,TEXT,b584,ascii,26,dmp_TexEnv[3].combineAlpha
0010b5a0,TEXT,b5a0,ascii,22,dmp_TexEnv[3].scaleRgb
0010b5b8,TEXT,b5b8,ascii,24,dmp_TexEnv[3].scaleAlpha
0010b5d4,TEXT,b5d4,ascii,23,dmp_TexEnv[3].constRgba
0010b5ec,TEXT,b5ec,ascii,20,dmp_TexEnv[4].srcRgb
0010b604,TEXT,b604,ascii,22,dmp_TexEnv[4].srcAlpha
0010b61c,TEXT,b61c,ascii,24,dmp_TexEnv[4].operandRgb
0010b638,TEXT,b638,ascii,26,dmp_TexEnv[4].operandAlpha
0010b654,TEXT,b654,ascii,24,dmp_TexEnv[4].combineRgb
0010b670,TEXT,b670,ascii,26,dmp_TexEnv[4].combineAlpha
0010b68c,TEXT,b68c,ascii,22,dmp_TexEnv[4].scaleRgb
0010b6a4,TEXT,b6a4,ascii,24,dmp_TexEnv[4].scaleAlpha
0010b6c0,TEXT,b6c0,ascii,23,dmp_TexEnv[4].constRgba
0010b6d8,TEXT,b6d8,ascii,20,dmp_TexEnv[5].srcRgb
0010b6f0,TEXT,b6f0,ascii,22,dmp_TexEnv[5].srcAlpha
0010b708,TEXT,b708,ascii,24,dmp_TexEnv[5].operandRgb
0010b724,TEXT,b724,ascii,26,dmp_TexEnv[5].operandAlpha
0010b740,TEXT,b740,ascii,24,dmp_TexEnv[5].combineRgb
0010b75c,TEXT,b75c,ascii,26,dmp_TexEnv[5].combineAlpha
0010b778,TEXT,b778,ascii,22,dmp_TexEnv[5].scaleRgb
0010b790,TEXT,b790,ascii,24,dmp_TexEnv[5].scaleAlpha
0010b7ac,TEXT,b7ac,ascii,23,dmp_TexEnv[5].constRgba
00133c14,TEXT,33c14,ascii,64,"$"""". .""++""$ : $""""++"""". . . .""++""""++"" : $ : ++""""++ . . ""++"" : ++ "
0013a214,TEXT,3a214,ascii,64,"$"""". .""++""$ : $""""++"""". . . .""++""""++"" : $ : ++""""++ . . ""++"" : ++ "
00140814,TEXT,40814,ascii,64,"$"""". .""++""$ : $""""++"""". . . .""++""""++"" : $ : ++""""++ . . ""++"" : ++ "
0014336c,TEXT,4336c,ascii,8,MsgStdBn
00146198,TEXT,46198,ascii,18,Search_result01_04
001461b8,TEXT,461b8,ascii,18,Search_result01_06
001461cc,TEXT,461cc,ascii,18,Search_result01_05
0014801f,TEXT,4801f,ascii,8,QgfffHo<
001488e8,TEXT,488e8,ascii,10,JSESSIONID
0014aabc,TEXT,4aabc,ascii,18,Search_result01_04
0014aadc,TEXT,4aadc,ascii,18,Search_result01_06
0014aaf0,TEXT,4aaf0,ascii,18,Search_result01_05
00152360,TEXT,52360,ascii,22,TitleInfo_DTheading_08
00152c1c,TEXT,52c1c,ascii,22,TitleInfo_DTheading_04
00152c34,TEXT,52c34,ascii,22,TitleInfo_DTheading_05
00152c4c,TEXT,52c4c,ascii,22,TitleInfo_DTheading_06
00152c70,TEXT,52c70,ascii,22,TitleInfo_DTheading_07
001531cf,TEXT,531cf,ascii,13,BN_popUp_D_00
001531e0,TEXT,531e0,ascii,12,N_tchArea_00
0015360c,TEXT,5360c,ascii,10,T_title_00
0015361b,TEXT,5361b,ascii,10,BW_ftbk_00
00153fa3,TEXT,53fa3,ascii,14,=position_D_03
00153fb7,TEXT,53fb7,ascii,12,?N_center_00
00153fc4,TEXT,53fc4,ascii,10,N_right_00
00153fd0,TEXT,53fd0,ascii,10,N_right_01
00153fe7,TEXT,53fe7,ascii,14,?position_D_06
00153ff8,TEXT,53ff8,ascii,10,title_D_01
00154004,TEXT,54004,ascii,10,T_title_00
00154010,TEXT,54010,ascii,12,N_nextPos_00
00154020,TEXT,54020,ascii,10,popUp_D_00
0015402c,TEXT,5402c,ascii,12,N_popUp_D_00
0015403c,TEXT,5403c,ascii,8,inOut_00
00154478,TEXT,54478,ascii,13,position_D_05
0015514f,TEXT,5514f,ascii,11,?title_D_00
0015515c,TEXT,5515c,ascii,10,T_title_00
00155168,TEXT,55168,ascii,22,TitleInfo_DTheading_11
00155180,TEXT,55180,ascii,12,listPos_D_01
00155190,TEXT,55190,ascii,12,listBtn_D_00
001551a0,TEXT,551a0,ascii,12,listBtn_D_01
001553d0,TEXT,553d0,ascii,9,N_root_00
001553dc,TEXT,553dc,ascii,12,T_listBtn_00
001553ec,TEXT,553ec,ascii,12,T_listBtn_01
0015540c,TEXT,5540c,ascii,10,listBtn_00
001556b7,TEXT,556b7,ascii,11,?title_D_00
001556c4,TEXT,556c4,ascii,10,T_title_00
001557cc,TEXT,557cc,ascii,14,T_noticeBtn_00
001557dc,TEXT,557dc,ascii,14,T_noticeBtn_01
001557ec,TEXT,557ec,ascii,12,T_listBtn_00
001557fc,TEXT,557fc,ascii,12,T_listBtn_01
00155bd7,TEXT,55bd7,ascii,13,?listPos_D_01
00155bf8,TEXT,55bf8,ascii,12,listBtn_D_00
00155c0c,TEXT,55c0c,ascii,9,N_root_00
00155c28,TEXT,55c28,ascii,10,listBtn_00
00155c34,TEXT,55c34,ascii,12,listBtn_D_02
00155c44,TEXT,55c44,ascii,14,noticeBtn_D_00
00155c54,TEXT,55c54,ascii,12,noticeBtn_00
00155d58,TEXT,55d58,ascii,9,T_text_00
0015629f,TEXT,5629f,ascii,12,?detail_D_01
001562ac,TEXT,562ac,ascii,10,T_title_00
001562b8,TEXT,562b8,ascii,22,TitleInfo_DTheading_09
001568a4,TEXT,568a4,ascii,9,T_text_00
00156d70,TEXT,56d70,ascii,14,N_message_D_00
00156d80,TEXT,56d80,ascii,12,N_nextPos_00
00158057,TEXT,58057,ascii,8,?BG_D_00
0015907c,TEXT,5907c,ascii,11,scShot_D_00
00159098,TEXT,59098,ascii,9,scShot_00
001590a4,TEXT,590a4,ascii,7,zoom_00
001590b4,TEXT,590b4,ascii,11,B_scShot_00
00159288,TEXT,59288,ascii,12,N_nextPos_00
00159564,TEXT,59564,ascii,18,TitleInfo_txt01_18
00159578,TEXT,59578,ascii,18,TitleInfo_txt01_19
0015958c,TEXT,5958c,ascii,18,TitleInfo_txt01_20
001595a0,TEXT,595a0,ascii,18,TitleInfo_txt01_21
001595b4,TEXT,595b4,ascii,18,TitleInfo_txt01_22
001595c8,TEXT,595c8,ascii,18,TitleInfo_txt01_23
001595dc,TEXT,595dc,ascii,18,TitleInfo_txt01_24
001595f0,TEXT,595f0,ascii,18,TitleInfo_txt01_25
001597b7,TEXT,597b7,ascii,16,?euLangText_D_00
001597ec,TEXT,597ec,ascii,11,T_euLang_00
001597f8,TEXT,597f8,ascii,12,N_nextPos_00
0015a2f7,TEXT,5a2f7,ascii,14,?closeBtn_D_00
0015a308,TEXT,5a308,ascii,13,arrowPos_D_00
0015a318,TEXT,5a318,ascii,12,N_tchArea_00
0015a334,TEXT,5a334,ascii,8,inOut_00
0015a35c,TEXT,5a35c,ascii,11,closeBtn_00
0015a59b,TEXT,5a59b,ascii,12,BN_button_00
0015a5a8,TEXT,5a5a8,ascii,11,N_button_01
0015a5b4,TEXT,5a5b4,ascii,16,N_discountBtn_00
0015acff,TEXT,5acff,ascii,14,?upperEnd_D_00
0015ad20,TEXT,5ad20,ascii,16,discountBtn_D_01
0015ad34,TEXT,5ad34,ascii,13,T_dscntBtn_00
0015ad44,TEXT,5ad44,ascii,18,TitleInfo_btn01_22
0015ad58,TEXT,5ad58,ascii,13,T_dscntBtn_01
0015ad7c,TEXT,5ad7c,ascii,11,dscntBtn_00
0015ad88,TEXT,5ad88,ascii,11,N_button_00
0015ad94,TEXT,5ad94,ascii,12,N_nextPos_01
0015ada4,TEXT,5ada4,ascii,10,DLBtn_D_00
0015adb0,TEXT,5adb0,ascii,8,DLBtn_00
0015adbc,TEXT,5adbc,ascii,10,T_DLBtn_00
0015adc8,TEXT,5adc8,ascii,22,TitleInfo_heading01_03
0015ade0,TEXT,5ade0,ascii,10,T_DLBtn_01
0015adec,TEXT,5adec,ascii,11,P_dlplay_00
0015adf8,TEXT,5adf8,ascii,12,N_nextPos_02
0015af70,TEXT,5af70,ascii,12,N_nextPos_00
0015af80,TEXT,5af80,ascii,16,discountBtn_D_00
0015af94,TEXT,5af94,ascii,16,N_discountBtn_00
0015b2ff,TEXT,5b2ff,ascii,12,?detail_D_00
0015b30c,TEXT,5b30c,ascii,10,T_title_00
0015b318,TEXT,5b318,ascii,10,P_title_00
0015b32b,TEXT,5b32b,ascii,13,?N_nextPos_00
0015b400,TEXT,5b400,ascii,9,T_text_00
0015ba6f,TEXT,5ba6f,ascii,16,?detailESRB_D_01
0015ba88,TEXT,5ba88,ascii,12,N_nextPos_00
0015c200,TEXT,5c200,ascii,14,T_message_%02d
0015c210,TEXT,5c210,ascii,9,P_cd_%02d
0015c348,TEXT,5c348,ascii,16,N_loadingIcon_00
0015c9eb,TEXT,5c9eb,ascii,19,?CommonWin_dlg01_02
0015ca00,TEXT,5ca00,ascii,18,CommonWin_dlg02_03
0015ca14,TEXT,5ca14,ascii,18,TitleInfo_dlg06_01
0015cb8c,TEXT,5cb8c,ascii,18,CommonWin_dlg01_02
0015cba0,TEXT,5cba0,ascii,18,TitleInfo_dlg06_05
0015cbb4,TEXT,5cbb4,ascii,18,TitleInfo_dlg06_04
0015cc88,TEXT,5cc88,ascii,18,TitleInfo_dlg06_04
0015cc9c,TEXT,5cc9c,ascii,18,CommonWin_dlg01_02
0015ccb0,TEXT,5ccb0,ascii,18,CommonWin_dlg02_03
0015ccc4,TEXT,5ccc4,ascii,18,TitleInfo_dlg06_06
0015d2e8,TEXT,5d2e8,ascii,15,CommonBtn_01_07
0015d2f8,TEXT,5d2f8,ascii,18,TitleInfo_dlg06_03
0015d30c,TEXT,5d30c,ascii,9,SE_CANCEL
0015d318,TEXT,5d318,ascii,15,CommonBtn_01_02
0015d328,TEXT,5d328,ascii,14,error_txt01_56
0015d797,TEXT,5d797,ascii,11,?title_D_00
0015d7a4,TEXT,5d7a4,ascii,10,T_title_00
0015d7b0,TEXT,5d7b0,ascii,22,TitleInfo_DTheading_12
0015d7c8,TEXT,5d7c8,ascii,13,homePage_D_00
0015d7d8,TEXT,5d7d8,ascii,11,T_button_00
0015d7e4,TEXT,5d7e4,ascii,18,TitleInfo_DTbtn_01
0015d7f8,TEXT,5d7f8,ascii,11,T_button_01
0015d824,TEXT,5d824,ascii,9,button_00
0015d830,TEXT,5d830,ascii,12,N_nextPos_01
0015dcef,TEXT,5dcef,ascii,15,?recommend_D_00
0015dd04,TEXT,5dd04,ascii,13,T_countAll_00
0015dd14,TEXT,5dd14,ascii,20,TitleInfo_PRtxt01_02
0015dd30,TEXT,5dd30,ascii,8,graph_00
0015dd3c,TEXT,5dd3c,ascii,20,TitleInfo_PRtxt01_03
0015dd54,TEXT,5dd54,ascii,12,N_nextPos_00
0015de1f,TEXT,5de1f,ascii,11,?title_D_00
0015de2c,TEXT,5de2c,ascii,10,T_title_00
0015de38,TEXT,5de38,ascii,22,TitleInfo_heading01_04
0015e087,TEXT,5e087,ascii,15,?recommend_D_02
0015e09c,TEXT,5e09c,ascii,6,bar_00
0015e0a8,TEXT,5e0a8,ascii,12,N_nextPos_00
0015e4eb,TEXT,5e4eb,ascii,10,BT_text_00
0015e5f8,TEXT,5e5f8,ascii,9,T_text_00
0015e608,TEXT,5e608,ascii,12,N_nextPos_00
0015e6f4,TEXT,5e6f4,ascii,9,T_text_00
0015e907,TEXT,5e907,ascii,15,?detailTop_D_00
0015e918,TEXT,5e918,ascii,9,T_text_00
0015f694,TEXT,5f694,ascii,13,homePage_D_00
0015f6a4,TEXT,5f6a4,ascii,10,T_title_00
0015f6b4,TEXT,5f6b4,ascii,11,T_button_00
0015f6c0,TEXT,5f6c0,ascii,11,T_button_01
0015f6dc,TEXT,5f6dc,ascii,9,button_00
0015f6e8,TEXT,5f6e8,ascii,11,N_button_01
0015f6f4,TEXT,5f6f4,ascii,11,N_button_00
0015f700,TEXT,5f700,ascii,12,N_nextPos_00
0015f710,TEXT,5f710,ascii,22,TitleInfo_DTheading_03
0015f8bc,TEXT,5f8bc,ascii,14,T_copyright_00
0015fa27,TEXT,5fa27,ascii,15,?copyright_D_00
0015fa38,TEXT,5fa38,ascii,14,T_copyright_00
0015fa48,TEXT,5fa48,ascii,12,N_nextPos_00
001604f7,TEXT,604f7,ascii,11,?title_D_00
00160504,TEXT,60504,ascii,10,T_title_00
00160510,TEXT,60510,ascii,22,TitleInfo_DTheading_02
00160528,TEXT,60528,ascii,12,listPos_D_01
00160538,TEXT,60538,ascii,12,listBtn_D_00
00160548,TEXT,60548,ascii,12,listBtn_D_01
001607a0,TEXT,607a0,ascii,9,N_root_00
001607ac,TEXT,607ac,ascii,12,T_listBtn_00
001607bc,TEXT,607bc,ascii,12,T_listBtn_01
001607dc,TEXT,607dc,ascii,10,listBtn_00
001611e7,TEXT,611e7,ascii,15,?error_txt01_57
00161be4,TEXT,61be4,ascii,10,loading_00
00161e38,TEXT,61e38,ascii,14,loadingIcon_00
0016220c,TEXT,6220c,ascii,11,P_rating_00
001622e8,TEXT,622e8,ascii,18,TitleInfo_title_01
001630db,TEXT,630db,ascii,17,?AgeGate_txt02_02
001630f0,TEXT,630f0,ascii,16,AgeGate_txt02_01
001638be,TEXT,638be,utf16,21,Ccad/TitleInfo.arc.lz
00164423,TEXT,64423,ascii,17,?AgeGate_txt02_02
00164438,TEXT,64438,ascii,16,AgeGate_txt02_01
001645ce,TEXT,645ce,utf16,21,<cad/TitleInfo.arc.lz
0016495b,TEXT,6495b,ascii,21,?OwnedCoupon_dlg01_01
00164dde,TEXT,64dde,utf16,17,Ccad/Shelf.arc.lz
0016531f,TEXT,6531f,ascii,11,?P_movie_00
0016532c,TEXT,6532c,ascii,10,movie_U_00
00165340,TEXT,65340,ascii,8,inOut_00
001663f0,TEXT,663f0,ascii,15,Search_btn04_02
00166400,TEXT,66400,ascii,15,Search_txt04_02
00166690,TEXT,66690,ascii,15,Search_btn04_03
001666a0,TEXT,666a0,ascii,15,Search_txt04_03
00166d24,TEXT,66d24,ascii,13,T_genreBtn_00
00166d34,TEXT,66d34,ascii,13,T_genreBtn_01
00166d44,TEXT,66d44,ascii,18,Search_result02_02
0016716c,TEXT,6716c,ascii,16,Search_swkb01_01
00167190,TEXT,67190,ascii,16,Search_swkb01_02
0016757c,TEXT,6757c,ascii,12,T_hardBtn_00
0016758c,TEXT,6758c,ascii,12,T_hardBtn_01
0016759c,TEXT,6759c,ascii,18,Search_result02_06
001676a8,TEXT,676a8,ascii,13,T_makerBtn_00
001676b8,TEXT,676b8,ascii,13,T_makerBtn_01
001676c8,TEXT,676c8,ascii,18,Search_result02_03
00167c10,TEXT,67c10,ascii,12,T_content_00
00167c20,TEXT,67c20,ascii,18,Search_result01_07
00167cc8,TEXT,67cc8,ascii,12,T_content_02
00167cd8,TEXT,67cd8,ascii,18,Search_result01_03
00167f8f,TEXT,67f8f,ascii,12,?search_U_00
00167f9c,TEXT,67f9c,ascii,9,T_item_00
00167fa8,TEXT,67fa8,ascii,15,Search_txt02_07
00167fd0,TEXT,67fd0,ascii,15,Search_title_02
00168080,TEXT,68080,ascii,12,T_content_01
00168090,TEXT,68090,ascii,18,Search_result01_02
00168887,TEXT,68887,ascii,14,?infoMess_U_00
00168898,TEXT,68898,ascii,12,T_message_00
001688a8,TEXT,688a8,ascii,9,N_root_00
00168a50,TEXT,68a50,ascii,17,NewTitle_txt03_01
00168a6f,TEXT,68a6f,ascii,13,?infoNew_U_00
00168a80,TEXT,68a80,ascii,9,N_root_00
00168a9c,TEXT,68a9c,ascii,13,infoMess_U_00
00168aac,TEXT,68aac,ascii,12,T_message_00
00168abc,TEXT,68abc,ascii,17,NewTitle_txt03_02
00168b0c,TEXT,68b0c,ascii,12,T_message_00
00168b88,TEXT,68b88,ascii,12,T_message_01
00168b98,TEXT,68b98,ascii,12,T_message_02
00168be8,TEXT,68be8,ascii,12,T_message_00
001699d7,TEXT,699d7,ascii,17,?accordionBG_D_00
001699f0,TEXT,699f0,ascii,7,W_BG_00
0016a0e4,TEXT,6a0e4,ascii,21,BOSS BGM FILE FOUND!\n
0016a0fc,TEXT,6a0fc,ascii,15,exsv:/boss_bgm1
0016a10c,TEXT,6a10c,ascii,15,exsv:/boss_xml1
0016a11c,TEXT,6a11c,ascii,15,exsv:/boss_bgm2
0016a12c,TEXT,6a12c,ascii,15,exsv:/boss_xml2
0016a480,TEXT,6a480,ascii,15,exsv:/boss_bgm1
0016a490,TEXT,6a490,ascii,15,exsv:/boss_bgm2
0016a4a4,TEXT,6a4a4,ascii,15,exsv:/boss_xml1
0016a4b4,TEXT,6a4b4,ascii,15,exsv:/boss_xml2
0016a4c4,TEXT,6a4c4,ascii,9,boss_bgm1
0016a4d0,TEXT,6a4d0,ascii,9,boss_bgm2
0016ab9c,TEXT,6ab9c,ascii,12,udtList_D_00
0016abac,TEXT,6abac,ascii,9,N_root_00
0016abb8,TEXT,6abb8,ascii,8,N_new_00
0016abc4,TEXT,6abc4,ascii,13,T_softlist_00
0016abd4,TEXT,6abd4,ascii,11,T_rating_00
0016abe0,TEXT,6abe0,ascii,11,T_update_00
0016abf0,TEXT,6abf0,ascii,11,T_update_01
0016abfc,TEXT,6abfc,ascii,9,P_icon_00
0016ac08,TEXT,6ac08,ascii,8,color_00
0016ac30,TEXT,6ac30,ascii,12,titleInfo_00
0016ac40,TEXT,6ac40,ascii,9,update_00
0016ac4c,TEXT,6ac4c,ascii,14,N_titleInfo_00
0016ac5c,TEXT,6ac5c,ascii,15,Update_btn01_07
0016ada4,TEXT,6ada4,ascii,11,N_update_00
0016af8f,TEXT,6af8f,ascii,13,?udtInfo_U_00
0016afa4,TEXT,6afa4,ascii,12,T_message_00
0016afb4,TEXT,6afb4,ascii,10,T_title_00
0016afc4,TEXT,6afc4,ascii,10,T_count_00
0016b2f4,TEXT,6b2f4,ascii,11,T_cancel_00
0016b300,TEXT,6b300,ascii,11,T_cancel_01
0016b30c,TEXT,6b30c,ascii,11,T_decide_00
0016b318,TEXT,6b318,ascii,11,T_decide_01
0016b5a7,TEXT,6b5a7,ascii,12,?dialog_U_01
0016b5b8,TEXT,6b5b8,ascii,10,T_title_00
0016b5c4,TEXT,6b5c4,ascii,21,BootLanguage_dlg02_01
0016b5dc,TEXT,6b5dc,ascii,12,T_message_00
0016b5f0,TEXT,6b5f0,ascii,13,T_language_00
0016b600,TEXT,6b600,ascii,8,inOut_00
0016b60f,TEXT,6b60f,ascii,19,?CommonWin_dlg01_03
0016b7f7,TEXT,6b7f7,ascii,11,?P_movie_00
0016b804,TEXT,6b804,ascii,8,inOut_00
0016bd28,TEXT,6bd28,ascii,8,inOut_04
0016c4a8,TEXT,6c4a8,ascii,14,loadingIcon_01
0016d54c,TEXT,6d54c,ascii,16,Ranking_btn01_04
0016d577,TEXT,6d577,ascii,14,?position_D_02
0016d597,TEXT,6d597,ascii,13,?listPos_D_02
0016d5a8,TEXT,6d5a8,ascii,13,movieBtn_D_00
0016d5b8,TEXT,6d5b8,ascii,13,movieBtn_D_01
0016d5eb,TEXT,6d5eb,ascii,17,?Ranking_dlg01_01
0016db08,TEXT,6db08,ascii,12,N_tchArea_00
0016db5f,TEXT,6db5f,ascii,17,?Ranking_title_01
0016ebe8,TEXT,6ebe8,ascii,16,Ranking_txt05_02
0016f16f,TEXT,6f16f,ascii,13,?rankBtn_D_00
0016f180,TEXT,6f180,ascii,9,N_root_00
0016f18c,TEXT,6f18c,ascii,13,T_softlist_00
0016f19c,TEXT,6f19c,ascii,13,T_softlist_01
0016f1b4,TEXT,6f1b4,ascii,9,T_rank_00
0016f1c0,TEXT,6f1c0,ascii,9,T_rank_01
0016f1cc,TEXT,6f1cc,ascii,11,T_rating_00
0016f1d8,TEXT,6f1d8,ascii,11,T_rating_01
0016f1e4,TEXT,6f1e4,ascii,9,P_icon_00
0016f210,TEXT,6f210,ascii,10,rankBtn_00
0016fac7,TEXT,6fac7,ascii,14,?position_D_02
0016fae7,TEXT,6fae7,ascii,13,?listPos_D_02
0016faf8,TEXT,6faf8,ascii,13,movieBtn_D_00
0016fb08,TEXT,6fb08,ascii,13,movieBtn_D_01
0016fb37,TEXT,6fb37,ascii,16,?chgDispBtn_D_00
0016fb48,TEXT,6fb48,ascii,15,T_chgDispBtn_00
0016fb58,TEXT,6fb58,ascii,14,Shelf_btn01_02
0016fb68,TEXT,6fb68,ascii,15,T_chgDispBtn_01
0016fb78,TEXT,6fb78,ascii,13,chgDispBtn_00
0016ffab,TEXT,6ffab,ascii,17,?Ranking_dlg01_01
0016ffc0,TEXT,6ffc0,ascii,12,N_tchArea_00
001701b4,TEXT,701b4,ascii,16,Ranking_title_01
00170f5f,TEXT,70f5f,ascii,14,?movieBtn_D_00
00170f70,TEXT,70f70,ascii,9,N_root_00
00170f7c,TEXT,70f7c,ascii,13,T_softlist_00
00170f8c,TEXT,70f8c,ascii,13,T_softlist_01
00170f9c,TEXT,70f9c,ascii,11,T_rating_00
00170fa8,TEXT,70fa8,ascii,11,T_rating_01
00170fbc,TEXT,70fbc,ascii,9,T_rank_00
00170fc8,TEXT,70fc8,ascii,9,T_rank_01
00170fdc,TEXT,70fdc,ascii,9,T_time_00
00170fe8,TEXT,70fe8,ascii,16,Ranking_txt06_01
00170ffc,TEXT,70ffc,ascii,9,T_time_01
00171008,TEXT,71008,ascii,9,P_icon_00
00171030,TEXT,71030,ascii,11,movieBtn_00
00171066,TEXT,71066,utf16,7,;rating
00171078,TEXT,71078,utf16,13,ratingContent
00171708,TEXT,71708,ascii,12,T_message_00
00171718,TEXT,71718,ascii,15,Common_txt02_01
00171728,TEXT,71728,ascii,10,T_title_00
00171757,TEXT,71757,ascii,13,?N_nextPos_00
00171987,TEXT,71987,ascii,13,?message_U_00
001719a7,TEXT,719a7,ascii,14,?position_D_00
001719b8,TEXT,719b8,ascii,12,receipt_D_00
001719c8,TEXT,719c8,ascii,12,T_message_00
00172f40,TEXT,72f40,ascii,17,Download_title_01
00172f54,TEXT,72f54,utf16,19,cad/Download.arc.lz
00172f87,TEXT,72f87,ascii,9,?xxx_U_00
00172f94,TEXT,72f94,ascii,10,T_title_00
00172fc4,TEXT,72fc4,utf16,21,cad/DownLoad.bcmdl.lz
00173358,TEXT,73358,utf16,15,Progress: %.2f\n
0017337c,TEXT,7337c,utf16,10,Speed: %d\n
00173394,TEXT,73394,utf16,10,Shape: %d\n
001733ac,TEXT,733ac,utf16,10,Crane: %d\n
001733c8,TEXT,733c8,utf16,14,Crane: Normal\n
001733e8,TEXT,733e8,utf16,10,Tiger: %d\n
00173418,TEXT,73418,utf16,14,Tiger: Normal\n
001741a6,TEXT,741a6,utf16,18,<cad/Search.arc.lz
00174508,TEXT,74508,ascii,9,N_root_00
00174514,TEXT,74514,ascii,8,inOut_00
00174520,TEXT,74520,ascii,9,change_00
0017452c,TEXT,7452c,ascii,11,W_anchor_00
00174f27,TEXT,74f27,ascii,20,?AutoCharge_dlg01_01
00175e07,TEXT,75e07,ascii,16,?recordList_D_00
00175e18,TEXT,75e18,ascii,9,N_root_00
00175e28,TEXT,75e28,ascii,10,T_count_00
00175e34,TEXT,75e34,ascii,16,Records_txt04_02
00175e48,TEXT,75e48,ascii,9,T_date_00
00175e54,TEXT,75e54,ascii,13,T_softlist_00
00175e68,TEXT,75e68,ascii,9,change_00
00175e90,TEXT,75e90,ascii,9,rewind_00
00175e9c,TEXT,75e9c,ascii,12,titleInfo_00
00175eac,TEXT,75eac,ascii,10,receipt_00
001762c8,TEXT,762c8,ascii,9,T_date_00
001762d8,TEXT,762d8,ascii,13,T_categori_01
001762e8,TEXT,762e8,ascii,10,T_title_00
001762f4,TEXT,762f4,ascii,10,T_point_01
00176300,TEXT,76300,ascii,10,T_point_03
00176623,TEXT,76623,ascii,17,?Records_dlg05_01
00176c5f,TEXT,76c5f,ascii,12,?record_U_00
00176c77,TEXT,76c77,ascii,10,?mask_D_00
00176c84,TEXT,76c84,ascii,12,udtList_D_00
00176c94,TEXT,76c94,ascii,14,udtList_D_00_D
00176ce0,TEXT,76ce0,ascii,7,next_00
00176ce8,TEXT,76ce8,ascii,15,recordList_D_01
00176cf8,TEXT,76cf8,ascii,9,T_next_00
00176d04,TEXT,76d04,ascii,16,Records_btn04_02
00176d18,TEXT,76d18,ascii,9,T_next_01
0017731c,TEXT,7731c,ascii,16,Records_btn04_03
00177354,TEXT,77354,ascii,18,Records_title01_01
00177d90,TEXT,77d90,utf16,20,cad/Recommend.arc.lz
00177ea4,TEXT,77ea4,ascii,12,balloonIn_00
00177f14,TEXT,77f14,ascii,7,wait_00
0017813f,TEXT,7813f,ascii,18,?deleteFinish_U_00
0017815c,TEXT,7815c,ascii,17,deleteFinish_D_00
00178170,TEXT,78170,ascii,15,Remove_title_01
00178de7,TEXT,78de7,ascii,14,?position_D_01
00178df8,TEXT,78df8,ascii,10,N_start_00
00178e0f,TEXT,78e0f,ascii,15,?deleteTop_D_00
00178e20,TEXT,78e20,ascii,9,N_root_00
00178e2c,TEXT,78e2c,ascii,9,T_text_00
00178e38,TEXT,78e38,ascii,15,Remove_txt01_03
00178e48,TEXT,78e48,ascii,12,message_D_01
00178e68,TEXT,78e68,ascii,9,delete_00
001796cb,TEXT,796cb,ascii,19,?Remove_ERRdlg01_01
0017a0df,TEXT,7a0df,ascii,14,?position_D_01
0017a0f0,TEXT,7a0f0,ascii,11,T_delete_00
0017a0fc,TEXT,7a0fc,ascii,15,Remove_btn02_01
0017a10c,TEXT,7a10c,ascii,11,T_delete_01
0017a118,TEXT,7a118,ascii,10,N_start_00
0017a12f,TEXT,7a12f,ascii,15,?deleteTop_D_01
0017a140,TEXT,7a140,ascii,9,N_root_00
0017a14c,TEXT,7a14c,ascii,9,T_text_01
0017a158,TEXT,7a158,ascii,15,Remove_txt02_02
0017a168,TEXT,7a168,ascii,14,deleteTop_D_02
0017a178,TEXT,7a178,ascii,9,change_00
0017a194,TEXT,7a194,ascii,9,delete_00
0017a1a0,TEXT,7a1a0,ascii,9,T_text_00
0017a728,TEXT,7a728,ascii,15,Remove_txt02_04
0017a738,TEXT,7a738,ascii,15,Remove_txt02_03
0017a748,TEXT,7a748,ascii,9,T_text_00
0017a754,TEXT,7a754,ascii,15,Remove_txt02_05
0017b3c7,TEXT,7b3c7,ascii,18,?deleteSelect_D_00
0017b5af,TEXT,7b5af,ascii,13,?DTL_dlg01_01
0017b9ac,TEXT,7b9ac,ascii,14,DTL_title01_01
0017c7c7,TEXT,7c7c7,ascii,15,?error_txt01_72
0017ce1c,TEXT,7ce1c,ascii,17,Exchange_dlg01_02
0017ce30,TEXT,7ce30,ascii,17,Exchange_dlg01_05
0017ce44,TEXT,7ce44,ascii,17,Exchange_dlg01_03
0017ce58,TEXT,7ce58,ascii,17,Exchange_dlg01_01
0017ce6c,TEXT,7ce6c,ascii,17,Exchange_dlg01_04
0017d5d0,TEXT,7d5d0,ascii,17,Exchange_dlg01_02
0017d5e4,TEXT,7d5e4,ascii,17,Exchange_dlg01_05
0017d5f8,TEXT,7d5f8,ascii,17,Exchange_dlg01_03
0017d60c,TEXT,7d60c,ascii,17,Exchange_dlg01_01
0017d620,TEXT,7d620,ascii,17,Exchange_dlg01_04
0017e5b2,TEXT,7e5b2,utf16,18,<cad/Credit.arc.lz
0017e7ec,TEXT,7e7ec,ascii,10,listBtn_00
0017e7f8,TEXT,7e7f8,ascii,12,listBtn_D_00
0017e816,TEXT,7e816,ascii,14,L=listPos_D_03
0017e828,TEXT,7e828,ascii,12,listBtn_D_01
0017ebf7,TEXT,7ebf7,ascii,13,?listPos_D_03
0017ec08,TEXT,7ec08,ascii,12,listBtn_D_01
0017ec18,TEXT,7ec18,ascii,12,listBtn_D_00
0017ec28,TEXT,7ec28,ascii,12,listBtn_D_02
0017ec38,TEXT,7ec38,ascii,9,N_root_00
0017ec44,TEXT,7ec44,ascii,12,T_listBtn_00
0017ec58,TEXT,7ec58,ascii,12,T_listBtn_01
0017ec68,TEXT,7ec68,ascii,12,T_listBtn_02
0017ec78,TEXT,7ec78,ascii,12,T_listBtn_03
0017eca4,TEXT,7eca4,ascii,10,listBtn_00
0017eefb,TEXT,7eefb,ascii,20,?AutoCharge_dlg01_02
0017f827,TEXT,7f827,ascii,13,?message_U_01
0017f83f,TEXT,7f83f,ascii,14,?position_D_00
0017f87c,TEXT,7f87c,ascii,10,N_start_00
0017f8a4,TEXT,7f8a4,ascii,12,T_listBtn_00
0017f8b4,TEXT,7f8b4,ascii,19,AutoCharge_btn01_02
0017f8c8,TEXT,7f8c8,ascii,12,T_listBtn_01
0017fee0,TEXT,7fee0,ascii,19,AutoCharge_btn01_03
0017fefc,TEXT,7fefc,ascii,9,N_stop_00
0017ff24,TEXT,7ff24,ascii,12,T_message_00
0017ff34,TEXT,7ff34,ascii,19,AutoCharge_txt01_01
0017ff48,TEXT,7ff48,ascii,10,T_title_00
0017ff54,TEXT,7ff54,ascii,19,AutoCharge_txt01_02
0017ff68,TEXT,7ff68,ascii,10,T_count_00
0017ff74,TEXT,7ff74,ascii,19,AutoCharge_txt01_03
0017ff88,TEXT,7ff88,ascii,19,AutoCharge_title_01
001801ff,TEXT,801ff,ascii,10,BT_text_00
00180af7,TEXT,80af7,ascii,13,?message_U_00
00180b08,TEXT,80b08,ascii,12,T_message_00
00180b18,TEXT,80b18,ascii,19,AutoCharge_txt01_04
00180b37,TEXT,80b37,ascii,14,?position_D_01
00180b48,TEXT,80b48,ascii,10,N_start_00
00180b54,TEXT,80b54,ascii,11,T_delete_00
00180b60,TEXT,80b60,ascii,19,AutoCharge_btn01_01
00180b74,TEXT,80b74,ascii,11,T_delete_01
00180b80,TEXT,80b80,ascii,12,message_D_02
00180b90,TEXT,80b90,ascii,10,T_title_00
00180b9c,TEXT,80b9c,ascii,9,T_item_00
00180ba8,TEXT,80ba8,ascii,9,P_line_00
00180bb4,TEXT,80bb4,ascii,9,T_text_00
00180bd4,TEXT,80bd4,ascii,9,delete_00
00181077,TEXT,81077,ascii,10,?info_D_02
001810a0,TEXT,810a0,ascii,7,next_00
001810a8,TEXT,810a8,ascii,9,T_next_00
001810b4,TEXT,810b4,ascii,17,WishList_btn01_04
001810c8,TEXT,810c8,ascii,9,T_next_01
001810d4,TEXT,810d4,ascii,17,WishList_btn01_03
0018131f,TEXT,8131f,ascii,13,?message_U_00
00181334,TEXT,81334,ascii,12,T_message_00
00181344,TEXT,81344,ascii,15,Common_txt02_01
0018135f,TEXT,8135f,ascii,14,?position_D_03
00181397,TEXT,81397,ascii,19,?Support_title01_01
00181738,TEXT,81738,ascii,9,N_next_01
00181744,TEXT,81744,ascii,9,N_root_00
00181750,TEXT,81750,ascii,12,N_nextPos_00
001819fc,TEXT,819fc,ascii,9,info_D_01
00181a08,TEXT,81a08,ascii,7,W_BG_00
00181a10,TEXT,81a10,ascii,12,T_message_00
00181a20,TEXT,81a20,ascii,12,N_nextPos_00
00181a30,TEXT,81a30,ascii,9,N_root_00
00181cf0,TEXT,81cf0,ascii,9,info_D_00
00181cfc,TEXT,81cfc,ascii,10,T_title_01
00181d08,TEXT,81d08,ascii,12,T_message_02
00181d18,TEXT,81d18,ascii,7,W_BG_00
00181d20,TEXT,81d20,ascii,12,N_nextPos_00
00181d30,TEXT,81d30,ascii,9,N_root_00
0018233f,TEXT,8233f,ascii,17,?Support_txt01_01
00182354,TEXT,82354,ascii,16,Support_txt01_02
00182368,TEXT,82368,ascii,16,Support_txt01_03
00182dbf,TEXT,82dbf,ascii,12,?dialog_D_00
00182dcc,TEXT,82dcc,ascii,8,inOut_00
00182ddc,TEXT,82ddc,ascii,13,T_softList_00
00182dec,TEXT,82dec,ascii,11,T_result_00
00182e00,TEXT,82e00,ascii,11,T_result_01
00182e0c,TEXT,82e0c,ascii,18,Recommend_dlg04_03
00182e2c,TEXT,82e2c,ascii,11,T_result_03
00182e3c,TEXT,82e3c,ascii,11,T_result_04
00182e68,TEXT,82e68,ascii,7,back_00
00182e70,TEXT,82e70,ascii,12,titleInfo_00
00183117,TEXT,83117,ascii,14,?softList_D_00
0018312c,TEXT,8312c,ascii,9,N_root_00
00183138,TEXT,83138,ascii,13,T_softlist_00
00183148,TEXT,83148,ascii,13,T_softlist_01
00183158,TEXT,83158,ascii,9,P_icon_00
00183180,TEXT,83180,ascii,11,softlist_00
001842ff,TEXT,842ff,ascii,19,?Recommend_dlg05_03
00184314,TEXT,84314,ascii,18,Recommend_dlg05_02
00184328,TEXT,84328,ascii,18,Recommend_dlg05_01
00184677,TEXT,84677,ascii,19,?Recommend_txt03_04
001851ff,TEXT,851ff,ascii,14,?position_D_01
00185217,TEXT,85217,ascii,13,?listPos_D_00
0018523f,TEXT,8523f,ascii,14,?softList_D_00
00185250,TEXT,85250,ascii,13,softList_D_01
00185260,TEXT,85260,ascii,9,delete_00
00185270,TEXT,85270,ascii,12,N_tchArea_00
00185298,TEXT,85298,ascii,7,next_00
001852a4,TEXT,852a4,ascii,9,T_next_00
001852b0,TEXT,852b0,ascii,18,Recommend_btn01_02
001852c4,TEXT,852c4,ascii,9,T_next_01
001859c8,TEXT,859c8,ascii,18,Recommend_btn01_03
001859e4,TEXT,859e4,ascii,10,N_start_00
001859f0,TEXT,859f0,ascii,11,P_button_00
00185ed0,TEXT,85ed0,ascii,18,Exchange_swkb01_01
00186798,TEXT,86798,ascii,10,T_input_00
001869a0,TEXT,869a0,ascii,10,T_input_00
001878d4,TEXT,878d4,utf16,19,cad/Register.arc.lz
00188fcf,TEXT,88fcf,ascii,13,?message_U_01
00188fe7,TEXT,88fe7,ascii,13,?T_message_00
00188ff8,TEXT,88ff8,ascii,13,Regi_txt01_02
00189008,TEXT,89008,ascii,9,mask_D_01
00189014,TEXT,89014,ascii,11,T_decide_00
00189020,TEXT,89020,ascii,13,Regi_btn01_05
00189030,TEXT,89030,ascii,11,T_decide_01
0018903c,TEXT,8903c,ascii,9,mask_D_00
00189048,TEXT,89048,ascii,13,Regi_btn01_06
00189318,TEXT,89318,ascii,19,Exchange_title01_01
0018932c,TEXT,8932c,ascii,15,Regi_title01_03
0018933c,TEXT,8933c,ascii,17,Update_title01_02
00189350,TEXT,89350,ascii,15,Regi_title01_01
00189370,TEXT,89370,ascii,17,Update_title01_01
00189837,TEXT,89837,ascii,19,?CommonWin_dlg02_10
0018984c,TEXT,8984c,ascii,18,CommonWin_dlg02_08
00189860,TEXT,89860,ascii,13,Regi_dlg03_01
0018a50a,TEXT,8a50a,utf16,6,<title
0018a820,TEXT,8a820,ascii,8,candy_00
0018a82c,TEXT,8a82c,ascii,9,PAnime_00
0018a83c,TEXT,8a83c,ascii,7,drop_00
0018ad04,TEXT,8ad04,ascii,6,bar_00
0018ad28,TEXT,8ad28,ascii,6,P00_00
0018ad38,TEXT,8ad38,ascii,8,crane_00
0018ad70,TEXT,8ad70,ascii,9,M_Icon_01
0018adeb,TEXT,8adeb,ascii,9,?Anime_00
0018b0a4,TEXT,8b0a4,ascii,8,Anime_00
0018b0b0,TEXT,8b0b0,ascii,7,Icon_00
0018b0bc,TEXT,8b0bc,ascii,9,shadow_00
0018b0c8,TEXT,8b0c8,ascii,8,frame_00
0018b1e8,TEXT,8b1e8,ascii,6,P08_00
0018b358,TEXT,8b358,ascii,8,Tiger_00
0018b390,TEXT,8b390,ascii,10,TShadow_00
0018bdc7,TEXT,8bdc7,ascii,9,?xxx_U_00
0018bdd4,TEXT,8bdd4,ascii,10,T_title_00
0018bde7,TEXT,8bde7,ascii,10,?info_D_00
0018bdf8,TEXT,8bdf8,ascii,12,T_message_01
0018be08,TEXT,8be08,ascii,7,loop_00
0018be18,TEXT,8be18,ascii,16,downloadBtn_D_00
0018be44,TEXT,8be44,ascii,9,button_00
0018be50,TEXT,8be50,utf16,21,cad/DownLoad.bcmdl.lz
0018bf70,TEXT,8bf70,ascii,17,Download_title_01
0018c59c,TEXT,8c59c,ascii,12,N_dlgArea_00
0018ca37,TEXT,8ca37,ascii,14,?News_dlg01_01
0018d07f,TEXT,8d07f,ascii,14,?position_D_01
0018d090,TEXT,8d090,ascii,12,listPos_D_00
0018d0a0,TEXT,8d0a0,ascii,12,listBtn_D_00
0018d0b0,TEXT,8d0b0,ascii,12,listBtn_D_01
0018d0cf,TEXT,8d0cf,ascii,13,?dialogB_D_00
0018d0e4,TEXT,8d0e4,ascii,8,inOut_00
0018d0f7,TEXT,8d0f7,ascii,13,?dialogB_D_01
0018d108,TEXT,8d108,ascii,12,N_tchArea_00
0018d6ac,TEXT,8d6ac,ascii,9,button_00
0018d6b8,TEXT,8d6b8,ascii,9,SE_CANCEL
0018d878,TEXT,8d878,ascii,8,N_new_00
0018d884,TEXT,8d884,ascii,13,T_preorder_00
0018d894,TEXT,8d894,ascii,15,Shelf_icon01_10
0018d8a4,TEXT,8d8a4,ascii,13,N_preorder_00
0018d8b4,TEXT,8d8b4,ascii,9,T_sale_00
0018d8c0,TEXT,8d8c0,ascii,15,Shelf_icon01_08
0018d8d0,TEXT,8d8d0,ascii,9,N_sale_00
0018d8dc,TEXT,8d8dc,ascii,13,T_discount_00
0018d8ec,TEXT,8d8ec,ascii,15,Shelf_icon01_09
0018d8fc,TEXT,8d8fc,ascii,13,N_discount_00
0018dadc,TEXT,8dadc,ascii,8,N_new_00
0018dae8,TEXT,8dae8,ascii,13,T_preorder_00
0018daf8,TEXT,8daf8,ascii,15,Shelf_icon01_10
0018db08,TEXT,8db08,ascii,13,N_preorder_00
0018df5f,TEXT,8df5f,ascii,12,?P_banner_00
0018df6c,TEXT,8df6c,ascii,10,N_title_00
0018df78,TEXT,8df78,ascii,10,T_title_00
0018df84,TEXT,8df84,ascii,9,P_icon_00
0018e9cf,TEXT,8e9cf,ascii,16,?dlglistPos_D_00
0018e9e4,TEXT,8e9e4,ascii,10,T_label_00
0018e9f0,TEXT,8e9f0,ascii,8,inOut_00
0018e9fc,TEXT,8e9fc,ascii,12,listBtn_D_00
0018ea0c,TEXT,8ea0c,ascii,12,listBtn_D_01
0018ea1c,TEXT,8ea1c,ascii,9,N_next_00
0018eca4,TEXT,8eca4,ascii,15,dlglistBtn_D_00
0018ecb8,TEXT,8ecb8,ascii,9,N_root_00
0018ecc4,TEXT,8ecc4,ascii,12,T_listBtn_00
0018ecd4,TEXT,8ecd4,ascii,12,T_listBtn_01
0018ecf4,TEXT,8ecf4,ascii,10,listBtn_00
0018ed04,TEXT,8ed04,ascii,12,B_listBtn_00
0018ee90,TEXT,8ee90,ascii,9,N_root_00
0018eeff,TEXT,8eeff,ascii,14,?position_U_00
0018ef10,TEXT,8ef10,ascii,8,inOut_00
0018f15f,TEXT,8f15f,ascii,10,?N_root_00
0018f16c,TEXT,8f16c,ascii,11,N_center_00
0018f178,TEXT,8f178,ascii,9,LBmove_00
0018f184,TEXT,8f184,ascii,10,N_right_00
0018f197,TEXT,8f197,ascii,10,?RBmove_00
0018f1a4,TEXT,8f1a4,ascii,9,N_left_00
0018fa68,TEXT,8fa68,ascii,17,NewTitle_txt01_03
0018fa7c,TEXT,8fa7c,ascii,17,NewTitle_txt01_01
0018fa97,TEXT,8fa97,ascii,13,?dialogA_D_01
0018faac,TEXT,8faac,ascii,8,inOut_00
0018fabf,TEXT,8fabf,ascii,13,?menuPos_D_00
0018fae4,TEXT,8fae4,ascii,12,menuBtn_D_00
0018faf8,TEXT,8faf8,ascii,11,T_button_00
0018fb04,TEXT,8fb04,ascii,11,T_button_01
0018fb24,TEXT,8fb24,ascii,9,button_00
0018fb30,TEXT,8fb30,ascii,9,SE_CANCEL
0018fbb0,TEXT,8fbb0,ascii,12,N_dlgArea_00
0019039c,TEXT,9039c,ascii,16,Ranking_txt01_02
001903b0,TEXT,903b0,ascii,16,Ranking_txt01_01
001903cf,TEXT,903cf,ascii,13,?dialogB_D_00
001903e4,TEXT,903e4,ascii,8,inOut_00
001903f7,TEXT,903f7,ascii,13,?dialogB_D_01
0019040f,TEXT,9040f,ascii,14,?position_D_03
00190420,TEXT,90420,ascii,12,N_tchArea_00
00190438,TEXT,90438,ascii,16,Ranking_btn01_04
0019072c,TEXT,9072c,ascii,9,button_00
00190738,TEXT,90738,ascii,9,SE_CANCEL
001909af,TEXT,909af,ascii,17,?Ranking_dlg01_01
00190e3f,TEXT,90e3f,ascii,13,?dialogB_D_00
00190e54,TEXT,90e54,ascii,8,inOut_00
0019134f,TEXT,9134f,ascii,6,?SE_OK
00191467,TEXT,91467,ascii,6,?SE_OK
0019194f,TEXT,9194f,ascii,10,?N_sale_00
0019195c,TEXT,9195c,ascii,13,N_discount_00
0019196c,TEXT,9196c,ascii,13,N_preorder_00
0019197c,TEXT,9197c,ascii,8,T_new_00
00191988,TEXT,91988,ascii,15,Shelf_icon01_01
00191998,TEXT,91998,ascii,8,N_new_00
001919ac,TEXT,919ac,ascii,9,N_root_00
001919b8,TEXT,919b8,ascii,10,T_title_00
001919e4,TEXT,919e4,ascii,9,banner_00
00191a00,TEXT,91a00,ascii,13,SE_DECIDE_SUB
00191a10,TEXT,91a10,ascii,8,onOff_00
00191a1c,TEXT,91a1c,ascii,7,loop_00
00191a24,TEXT,91a24,ascii,9,fadeIn_00
00191e50,TEXT,91e50,ascii,10,telop_U_00
00191e67,TEXT,91e67,ascii,11,?T_telop_00
00191e74,TEXT,91e74,ascii,10,telop_U_01
00191e80,TEXT,91e80,ascii,9,N_root_00
001926d0,TEXT,926d0,ascii,10,T_title_00
001926e3,TEXT,926e3,ascii,10,BW_ftbk_00
001930d8,TEXT,930d8,ascii,10,N_right_00
001930e4,TEXT,930e4,ascii,9,N_left_00
00193538,TEXT,93538,ascii,11,banner_D_00
00193a3f,TEXT,93a3f,ascii,12,?popUpB_D_00
00193a4c,TEXT,93a4c,ascii,10,popUp_D_00
00193a58,TEXT,93a58,ascii,8,inOut_00
00193a8e,TEXT,93a8e,ascii,13,0@popUpA_D_00
00193fd8,TEXT,93fd8,ascii,12,bannerA_D_03
00193fff,TEXT,93fff,ascii,12,?P_banner_00
0019400c,TEXT,9400c,ascii,11,banner_U_00
00194018,TEXT,94018,ascii,9,N_root_01
00194024,TEXT,94024,ascii,10,N_title_00
00194030,TEXT,94030,ascii,9,N_lump_00
00194048,TEXT,94048,ascii,9,P_icon_00
00194058,TEXT,94058,ascii,10,Receive_00
001943f7,TEXT,943f7,ascii,13,?listBtn_D_00
00194408,TEXT,94408,ascii,9,N_root_00
00194414,TEXT,94414,ascii,12,T_listBtn_00
00194424,TEXT,94424,ascii,8,inOut_00
00194430,TEXT,94430,ascii,10,Receive_00
0019443c,TEXT,9443c,ascii,9,N_lump_00
00194464,TEXT,94464,ascii,10,listBtn_00
001947f8,TEXT,947f8,ascii,18,Entrance_swkb01_01
00194e64,TEXT,94e64,ascii,15,T_keywordBtn_00
0019516f,TEXT,9516f,ascii,15,?searchTop_D_00
00195188,TEXT,95188,ascii,15,T_keywordBtn_00
001951b8,TEXT,951b8,ascii,13,keywordBtn_00
0019540f,TEXT,9540f,ascii,18,?WishList_dlg02_03
00195424,TEXT,95424,ascii,17,WishList_dlg02_02
00195438,TEXT,95438,ascii,17,WishList_dlg02_01
001954e3,TEXT,954e3,ascii,18,?WishList_dlg03_01
00195a23,TEXT,95a23,ascii,18,?WishList_dlg01_01
001965ff,TEXT,965ff,ascii,14,?position_D_00
00196610,TEXT,96610,ascii,9,list_D_00
0019661c,TEXT,9661c,ascii,11,list_D_00_D
00196647,TEXT,96647,ascii,17,?wishlistBar_D_00
0019665c,TEXT,9665c,ascii,16,N_WishlistBar_00
00196670,TEXT,96670,ascii,16,wishlistBtn_D_00
00196684,TEXT,96684,ascii,14,WishListBtn_00
00196694,TEXT,96694,ascii,13,SE_DECIDE_SUB
001966a4,TEXT,966a4,ascii,16,N_WishListBtn_00
001966b8,TEXT,966b8,ascii,8,T_All_00
001966c4,TEXT,966c4,ascii,17,WishList_btn01_05
001966d8,TEXT,966d8,ascii,8,T_All_01
001966e4,TEXT,966e4,ascii,6,change
00196afc,TEXT,96afc,ascii,16,N_WishListBtn_01
00196b30,TEXT,96b30,ascii,7,next_00
00196b38,TEXT,96b38,ascii,9,list_D_01
00196b44,TEXT,96b44,ascii,9,T_next_00
00196b50,TEXT,96b50,ascii,17,WishList_btn01_03
00196b64,TEXT,96b64,ascii,9,T_next_01
00197118,TEXT,97118,ascii,17,WishList_btn01_04
00197134,TEXT,97134,ascii,10,N_start_00
00197140,TEXT,97140,ascii,7,W_bg_00
00197627,TEXT,97627,ascii,14,?wishlist_U_00
00197638,TEXT,97638,ascii,17,WishList_title_02
0019764c,TEXT,9764c,ascii,9,T_text_00
00197658,TEXT,97658,ascii,17,WishList_txt01_17
0019766c,TEXT,9766c,ascii,17,WishList_title_01
00197b58,TEXT,97b58,ascii,10,T_point_02
00197b64,TEXT,97b64,ascii,10,T_point_03
00197b70,TEXT,97b70,ascii,11,P_strike_01
00197b7c,TEXT,97b7c,ascii,10,T_point_00
00197b88,TEXT,97b88,ascii,10,T_point_01
00197b94,TEXT,97b94,ascii,11,P_strike_00
00197ba8,TEXT,97ba8,ascii,17,WishList_txt01_12
00197bc4,TEXT,97bc4,ascii,17,WishList_txt01_14
00197bdc,TEXT,97bdc,ascii,10,T_legal_00
00197be8,TEXT,97be8,ascii,17,WishList_txt01_24
00197bfc,TEXT,97bfc,ascii,17,WishList_txt01_15
00197c10,TEXT,97c10,ascii,17,WishList_txt01_29
00197c24,TEXT,97c24,ascii,17,WishList_txt01_02
00197e0f,TEXT,97e0f,ascii,18,?WishList_txt01_30
00197e24,TEXT,97e24,ascii,17,WishList_txt01_16
00197e38,TEXT,97e38,ascii,17,WishList_txt01_28
0019831f,TEXT,9831f,ascii,10,?list_D_00
0019832c,TEXT,9832c,ascii,9,N_root_00
00198338,TEXT,98338,ascii,9,P_icon_00
00198344,TEXT,98344,ascii,12,P_loading_00
00198354,TEXT,98354,ascii,11,P_shadow_00
00198360,TEXT,98360,ascii,13,T_softlist_00
00198374,TEXT,98374,ascii,11,T_rating_00
00198380,TEXT,98380,ascii,10,T_point_00
0019838c,TEXT,9838c,ascii,10,T_point_01
00198398,TEXT,98398,ascii,11,P_strike_00
001983a4,TEXT,983a4,ascii,10,T_point_02
001983b0,TEXT,983b0,ascii,10,T_point_03
001983bc,TEXT,983bc,ascii,11,P_strike_01
001983c8,TEXT,983c8,ascii,10,T_legal_00
001983d4,TEXT,983d4,ascii,8,price_00
001983e4,TEXT,983e4,ascii,9,T_date_00
0019865c,TEXT,9865c,ascii,11,N_delete_00
00198668,TEXT,98668,ascii,14,N_titleInfo_00
001986a4,TEXT,986a4,ascii,9,delete_00
001986b0,TEXT,986b0,ascii,12,titleInfo_00
00198adf,TEXT,98adf,ascii,18,?Language_btn01_02
00198af4,TEXT,98af4,ascii,18,CommonWin_dlg02_03
00198b08,TEXT,98b08,ascii,17,Language_dlg01_01
00198e5c,TEXT,98e5c,ascii,11,N_dialog_00
00198e6e,TEXT,98e6e,ascii,11,pCN_root_00
001994bf,TEXT,994bf,ascii,22,?BootLanguage_dlg01_02
001994d8,TEXT,994d8,ascii,21,BootLanguage_dlg01_01
001994f0,TEXT,994f0,ascii,13,language_D_00
00199504,TEXT,99504,ascii,17,Language_txt01_01
00199518,TEXT,99518,ascii,19,Language_title01_01
0019952c,TEXT,9952c,ascii,13,language_D_01
0019953c,TEXT,9953c,ascii,8,inOut_00
001999d0,TEXT,999d0,ascii,14,toggleBtn_D_00
001999e4,TEXT,999e4,ascii,9,N_root_00
001999f0,TEXT,999f0,ascii,11,T_button_00
001999fc,TEXT,999fc,ascii,11,T_button_01
00199a18,TEXT,99a18,ascii,9,button_00
00199a28,TEXT,99a28,ascii,9,decide_00
00199a34,TEXT,99a34,ascii,9,cancel_00
00199a40,TEXT,99a40,ascii,11,T_decide_00
00199a4c,TEXT,99a4c,ascii,21,BootLanguage_btn01_01
00199a64,TEXT,99a64,ascii,11,T_decide_01
00199a70,TEXT,99a70,ascii,11,T_cancel_00
00199c60,TEXT,99c60,ascii,18,CommonWin_dlg01_01
00199c74,TEXT,99c74,ascii,11,T_cancel_01
0019a827,TEXT,9a827,ascii,14,?position_D_02
0019ba00,TEXT,9ba00,ascii,15,ESHOP://%14llu.
0019ba10,TEXT,9ba10,ascii,8,ESHOP://
0019ba1c,TEXT,9ba1c,utf16,17,Decode Result:%s\n
0019ba40,TEXT,9ba40,ascii,21,ESHOP://%14llu.%2047s
0019c53f,TEXT,9c53f,ascii,15,?error_txt01_97
0019c56c,TEXT,9c56c,ascii,14,%014llu%016llX
0019c57c,TEXT,9c57c,utf16,11,catId = %s\n
0019c5a0,TEXT,9c5a0,utf16,13,hmacHex = %s\n
0019c8af,TEXT,9c8af,ascii,11,?check_U_00
0019c8bc,TEXT,9c8bc,ascii,12,T_message_00
0019c8cc,TEXT,9c8cc,ascii,18,TitleInfo_dlg06_02
0019c8e0,TEXT,9c8e0,ascii,8,inOut_00
0019ca9f,TEXT,9ca9f,ascii,11,?progbar_00
0019cab0,TEXT,9cab0,ascii,9,ProgStart
0019cabc,TEXT,9cabc,ascii,12,P_ProgBar_00
0019cacc,TEXT,9cacc,ascii,9,N_root_00
0019cadf,TEXT,9cadf,ascii,17,?N_loadingIcon_01
0019d782,TEXT,9d782,utf16,17,<cad/Shelf.arc.lz
001a098a,TEXT,a098a,utf16,18,<cad/Config.arc.lz
001a1070,TEXT,a1070,ascii,6,out_00
001a1088,TEXT,a1088,ascii,8,arrow_00
001a1a40,TEXT,a1a40,ascii,12,T_message_00
001a1a53,TEXT,a1a53,ascii,13,BN_dlgArea_00
001a237c,TEXT,a237c,ascii,11,topBtn_D_00
001a2388,TEXT,a2388,ascii,9,N_root_00
001a239a,TEXT,a239a,ascii,13, CN_dialog_00
001a23a8,TEXT,a23a8,ascii,12,N_dlgArea_00
001a2927,TEXT,a2927,ascii,13,?sysMenu_U_00
001a293c,TEXT,a293c,ascii,11,T_points_01
001a2948,TEXT,a2948,ascii,14,SMenu_dlg01_04
001a2960,TEXT,a2960,ascii,9,T_wish_01
001a296c,TEXT,a296c,ascii,14,SMenu_dlg01_05
001a297c,TEXT,a297c,ascii,8,inOut_00
001a2988,TEXT,a2988,ascii,12,sysMenu_D_00
001a299f,TEXT,a299f,ascii,13,?sysMenu_D_01
001a29b0,TEXT,a29b0,ascii,11,topBtn_D_00
001a29bc,TEXT,a29bc,ascii,12,menuBtn_D_00
001a29cc,TEXT,a29cc,ascii,12,menuBtn_D_01
001a29dc,TEXT,a29dc,ascii,12,menuBtn_D_02
001a29ec,TEXT,a29ec,ascii,12,menuBtn_D_03
001a2a1c,TEXT,a2a1c,ascii,8,close_00
001a2a2f,TEXT,a2a2f,ascii,13,?sysMenu_D_02
001a2fc7,TEXT,a2fc7,ascii,13,?infoBtn_D_01
001a30fc,TEXT,a30fc,ascii,9,N_info_00
001a3108,TEXT,a3108,ascii,9,N_info_01
001a3dcc,TEXT,a3dcc,ascii,6,exsv:/
001a4167,TEXT,a4167,ascii,17,?ErrorDialog_D_03
001a4180,TEXT,a4180,ascii,12,T_message_00
001a4190,TEXT,a4190,ascii,8,inOut_00
001a45f4,TEXT,a45f4,ascii,12,T_message_00
001a4607,TEXT,a4607,ascii,13,BN_dlgArea_00
001a5727,TEXT,a5727,ascii,13,?message_U_00
001a5738,TEXT,a5738,ascii,12,T_message_00
001a5757,TEXT,a5757,ascii,18,?positionList_D_00
001a576c,TEXT,a576c,ascii,12,listPos_D_02
001a577c,TEXT,a577c,ascii,12,listBtn_D_00
001a578c,TEXT,a578c,ascii,12,listBtn_D_01
001a5d3c,TEXT,a5d3c,ascii,9,N_root_00
001a5d48,TEXT,a5d48,ascii,12,T_listBtn_00
001a5d58,TEXT,a5d58,ascii,12,T_listBtn_01
001a5d6c,TEXT,a5d6c,ascii,10,listBtn_00
001a5d78,TEXT,a5d78,ascii,12,B_listBtn_00
001a665f,TEXT,a665f,ascii,12,?dialog_U_00
001a6674,TEXT,a6674,ascii,15,T_yourPoints_01
001a6684,TEXT,a6684,ascii,18,TitleInfo_dlg02_03
001a6698,TEXT,a6698,ascii,15,T_needPoints_01
001a66a8,TEXT,a66a8,ascii,18,TitleInfo_dlg02_05
001a66bc,TEXT,a66bc,ascii,8,inOut_00
001a66c8,TEXT,a66c8,ascii,11,dialog_D_00
001a66f0,TEXT,a66f0,ascii,9,button_00
001a66fc,TEXT,a66fc,ascii,8,point_00
001a726c,TEXT,a726c,ascii,9,N_root_00
001a7a08,TEXT,a7a08,ascii,17,Download_txt02_20
001a7a1c,TEXT,a7a1c,ascii,17,Download_txt02_17
001a7a37,TEXT,a7a37,ascii,12,?finish_D_03
001a7a44,TEXT,a7a44,ascii,12,T_message_00
001a7a54,TEXT,a7a54,ascii,9,N_root_00
001a8ab6,TEXT,a8ab6,utf16,20,<cad/Download.arc.lz
001a904f,TEXT,a904f,ascii,10,?mask_U_00
001a9067,TEXT,a9067,ascii,15,?positionA_D_00
001a9078,TEXT,a9078,ascii,14,positionB_D_00
001a9687,TEXT,a9687,ascii,15,?searchBtn_D_00
001a96ac,TEXT,a96ac,ascii,9,search_00
001aa45b,TEXT,aa45b,ascii,17,?InfoSet_dlg01_05
001aa470,TEXT,aa470,ascii,16,InfoSet_dlg01_04
001aaec2,TEXT,aaec2,utf16,20,<cad/Entrance.arc.lz
001ac01a,TEXT,ac01a,utf16,20,Ccad/WishList.arc.lz
001aced3,TEXT,aced3,ascii,17,?InfoSet_dlg01_02
001acee8,TEXT,acee8,ascii,16,InfoSet_dlg01_01
001ad77f,TEXT,ad77f,ascii,10,?text_U_00
001ad78c,TEXT,ad78c,ascii,12,T_message_00
001ad79c,TEXT,ad79c,ascii,16,InfoSet_txt01_01
001ad7b7,TEXT,ad7b7,ascii,13,?eulaPos_D_02
001ad7cf,TEXT,ad7cf,ascii,13,?eulaTop_D_00
001ad7e0,TEXT,ad7e0,ascii,9,T_text_00
001ad82c,TEXT,ad82c,ascii,16,InfoSet_btn01_02
001ad840,TEXT,ad840,ascii,16,InfoSet_btn01_01
001ad874,TEXT,ad874,ascii,16,InfoSet_btn01_03
001ad888,TEXT,ad888,ascii,18,InfoSet_title01_01
001adf26,TEXT,adf26,utf16,16,Ccad/EULA.arc.lz
001ae03b,TEXT,ae03b,ascii,11,BT_title_00
001ae048,TEXT,ae048,ascii,12,T_message_00
001af080,TEXT,af080,ascii,9,N_root_00
001af08c,TEXT,af08c,ascii,11,N_button_00
001af098,TEXT,af098,ascii,11,N_button_01
001af527,TEXT,af527,ascii,12,?finish_D_01
001af534,TEXT,af534,ascii,9,N_root_00
001af540,TEXT,af540,ascii,11,N_button_00
001af54c,TEXT,af54c,ascii,11,N_button_01
001b0453,TEXT,b0453,ascii,19,?TitleInfo_dlg05_05
001b0913,TEXT,b0913,ascii,15,?error_txt01_72
001b0fc2,TEXT,b0fc2,utf16,20,<cad/Register.arc.lz
001b0fec,TEXT,b0fec,utf16,20,cad/TitleInfo.arc.lz
001b2f2b,TEXT,b2f2b,ascii,19,?TitleInfo_dlg04_04
001b2f40,TEXT,b2f40,ascii,18,CommonWin_dlg02_03
001b2f54,TEXT,b2f54,ascii,18,TitleInfo_dlg04_03
001b2f68,TEXT,b2f68,ascii,18,TitleInfo_dlg04_02
001b2f7c,TEXT,b2f7c,ascii,18,TitleInfo_dlg04_01
001b4a67,TEXT,b4a67,ascii,13,?message_U_00
001b4a78,TEXT,b4a78,ascii,12,T_message_00
001b4a88,TEXT,b4a88,ascii,19,AddressSet_txt02_02
001b4a9c,TEXT,b4a9c,ascii,13,position_D_02
001b4aac,TEXT,b4aac,ascii,12,listPos_D_02
001b4abc,TEXT,b4abc,ascii,12,listBtn_D_00
001b4acc,TEXT,b4acc,ascii,12,listBtn_D_01
001b4fa4,TEXT,b4fa4,ascii,21,AddressSet_title02_01
001b5177,TEXT,b5177,ascii,12,?adrsOk_D_00
001b59cb,TEXT,b59cb,ascii,19,?CommonWin_dlg01_02
001b5ce0,TEXT,b5ce0,ascii,21,AddressSet_title01_01
001b5f30,TEXT,b5f30,ascii,21,AddressSet_title01_01
001b618f,TEXT,b618f,ascii,15,?adrsCheck_D_00
001b61bc,TEXT,b61bc,ascii,9,button_00
001b61c8,TEXT,b61c8,ascii,9,button_01
001b6387,TEXT,b6387,ascii,20,?AddressSet_dlg06_01
001b6c53,TEXT,b6c53,ascii,20,?AddressSet_dlg05_01
001b6dc4,TEXT,b6dc4,ascii,20,AddressSet_swkb01_01
001b703b,TEXT,b703b,ascii,20,?AddressSet_dlg05_01
001b76a4,TEXT,b76a4,ascii,10,T_input_00
001b7b27,TEXT,b7b27,ascii,13,?listBtn_D_00
001b7b3c,TEXT,b7b3c,ascii,9,N_root_00
001b7b48,TEXT,b7b48,ascii,12,T_listBtn_00
001b7b58,TEXT,b7b58,ascii,12,T_listBtn_01
001b7b84,TEXT,b7b84,ascii,10,listBtn_00
001b7e27,TEXT,b7e27,ascii,13,?listBtn_D_01
001b7e38,TEXT,b7e38,ascii,9,N_root_00
001b7e44,TEXT,b7e44,ascii,12,T_listBtn_00
001b7e54,TEXT,b7e54,ascii,12,T_listBtn_01
001b7e64,TEXT,b7e64,ascii,12,T_listBtn_02
001b7e74,TEXT,b7e74,ascii,12,T_listBtn_03
001b7e84,TEXT,b7e84,ascii,12,T_listBtn_04
001b7e94,TEXT,b7e94,ascii,12,T_listBtn_05
001b7ec0,TEXT,b7ec0,ascii,10,listBtn_00
001b7fa8,TEXT,b7fa8,ascii,12,T_message_09
001b7fb8,TEXT,b7fb8,ascii,12,T_message_10
001b7fc8,TEXT,b7fc8,ascii,12,T_message_12
001b8bd0,TEXT,b8bd0,ascii,21,AddressSet_title02_01
001b8bef,TEXT,b8bef,ascii,14,?position_D_02
001b8c00,TEXT,b8c00,ascii,12,listPos_D_01
001b8c10,TEXT,b8c10,ascii,12,listBtn_D_00
001b8c20,TEXT,b8c20,ascii,12,listBtn_D_01
001b94bf,TEXT,b94bf,ascii,21,?BootAreaSet_dlg01_01
001ba223,TEXT,ba223,ascii,21,?BootAreaSet_dlg01_01
001ba24c,TEXT,ba24c,ascii,12,message_U_00
001ba25c,TEXT,ba25c,ascii,12,T_message_00
001ba26c,TEXT,ba26c,ascii,20,BootAreaSet_txt02_01
001ba284,TEXT,ba284,ascii,13,birthday_D_00
001ba294,TEXT,ba294,ascii,10,T_month_00
001ba2a0,TEXT,ba2a0,ascii,20,BootAreaSet_txt02_05
001ba2b8,TEXT,ba2b8,ascii,8,T_day_00
001ba2c4,TEXT,ba2c4,ascii,20,BootAreaSet_txt02_04
001ba30f,TEXT,ba30f,ascii,23,?BootAreaSet_title02_01
001ba328,TEXT,ba328,ascii,6,Number
001ba9a8,TEXT,ba9a8,ascii,6,.bclim
001bafaf,TEXT,bafaf,ascii,21,?discountListBtn_D_00
001bafcc,TEXT,bafcc,ascii,9,N_root_00
001bafd8,TEXT,bafd8,ascii,10,T_title_00
001bafe8,TEXT,bafe8,ascii,10,T_title_01
001baff7,TEXT,baff7,ascii,10,?T_news_00
001bb004,TEXT,bb004,ascii,17,Entrance_dlg03_04
001bb018,TEXT,bb018,ascii,10,W_label_00
001bb024,TEXT,bb024,ascii,10,T_price_04
001bb030,TEXT,bb030,ascii,10,T_price_01
001bb03c,TEXT,bb03c,ascii,19,TitleInfo_dlg_09_02
001bb050,TEXT,bb050,ascii,19,TitleInfo_dlg_09_04
001bb064,TEXT,bb064,ascii,19,TitleInfo_dlg_09_03
001bb07c,TEXT,bb07c,ascii,10,T_price_02
001bb088,TEXT,bb088,ascii,19,TitleInfo_dlg_09_01
001bb09c,TEXT,bb09c,ascii,10,T_price_03
001bb4fc,TEXT,bb4fc,ascii,11,P_strike_00
001bb508,TEXT,bb508,ascii,10,T_price_00
001bb514,TEXT,bb514,ascii,10,T_price_05
001bb520,TEXT,bb520,ascii,9,T_date_00
001bb52c,TEXT,bb52c,ascii,17,Entrance_dlg03_07
001bb540,TEXT,bb540,ascii,9,T_date_01
001bb54c,TEXT,bb54c,ascii,17,Entrance_dlg03_05
001bb564,TEXT,bb564,ascii,10,T_price_04
001bb570,TEXT,bb570,ascii,10,T_price_01
001bb7b4,TEXT,bb7b4,ascii,10,T_price_03
001bb7c0,TEXT,bb7c0,ascii,17,Entrance_dlg03_06
001bb7d4,TEXT,bb7d4,ascii,8,inOut_00
001bb7fc,TEXT,bb7fc,ascii,11,dscntBtn_00
001bb9ec,TEXT,bb9ec,ascii,17,Parental_txt01_01
001bba00,TEXT,bba00,ascii,17,Parental_txt01_04
001bba14,TEXT,bba14,ascii,17,Parental_txt01_03
001bbe6f,TEXT,bbe6f,ascii,15,?error_txt01_47
001bbe84,TEXT,bbe84,ascii,21,CommonWin_ERRdlg01_08
001bc35c,TEXT,bc35c,ascii,14,error_txt01_76
001bd128,TEXT,bd128,ascii,19,Membership_txt02_04
001bd13c,TEXT,bd13c,ascii,19,Membership_txt02_01
001bd150,TEXT,bd150,ascii,19,Membership_txt02_02
001bd184,TEXT,bd184,ascii,15,Common_txt02_01
001bd194,TEXT,bd194,ascii,21,Membership_title01_01
001bd1af,TEXT,bd1af,ascii,20,?Membership_dlg01_02
001bd1cc,TEXT,bd1cc,ascii,12,IDsetOk_D_00
001bd1f0,TEXT,bd1f0,ascii,9,decide_00
001bd3a4,TEXT,bd3a4,ascii,6,out_00
001bd48c,TEXT,bd48c,ascii,6,out_01
001bd618,TEXT,bd618,ascii,12,balloonIn_00
001bd768,TEXT,bd768,ascii,7,wait_00
001bd9c7,TEXT,bd9c7,ascii,17,?IDsetFinish_U_00
001bd9e4,TEXT,bd9e4,ascii,12,IDsetOk_D_00
001bd9f4,TEXT,bd9f4,ascii,12,T_message_00
001bda04,TEXT,bda04,ascii,19,Membership_txt03_01
001bda34,TEXT,bda34,ascii,9,decide_00
001be7c8,TEXT,be7c8,ascii,19,Membership_txt02_04
001be7dc,TEXT,be7dc,ascii,19,Membership_txt02_01
001be7f0,TEXT,be7f0,ascii,19,Membership_txt02_02
001be80f,TEXT,be80f,ascii,14,?IDsetTop_D_01
001be820,TEXT,be820,ascii,7,T_ID_01
001be838,TEXT,be838,ascii,8,clear_00
001beaa8,TEXT,beaa8,ascii,20,Membership_swkb01_01
001beac0,TEXT,beac0,ascii,20,Membership_swkb01_02
001bf3a4,TEXT,bf3a4,ascii,10,T_input_00
001bf3c4,TEXT,bf3c4,ascii,10,T_input_01
001bfb10,TEXT,bfb10,ascii,19,Membership_txt01_06
001bfb24,TEXT,bfb24,ascii,21,Membership_title01_01
001bfb3c,TEXT,bfb3c,ascii,19,Membership_txt01_01
001bfb57,TEXT,bfb57,ascii,14,?IDsetTop_D_00
001bfb68,TEXT,bfb68,ascii,11,T_cancel_00
001bfb78,TEXT,bfb78,ascii,11,T_cancel_01
001bfc0c,TEXT,bfc0c,ascii,12,T_message_00
001c0a27,TEXT,c0a27,ascii,17,?IDsetDialog_D_00
001c0a3c,TEXT,c0a3c,ascii,7,T_ID_00
001c0a44,TEXT,c0a44,ascii,8,inOut_00
001c19eb,TEXT,c19eb,ascii,13,BlistBtn_D_00
001c19fc,TEXT,c19fc,ascii,10,T_title_00
001c1a08,TEXT,c1a08,ascii,9,T_text_00
001c20b7,TEXT,c20b7,ascii,18,?discountText_D_00
001c20d7,TEXT,c20d7,ascii,14,?position_D_00
001c210f,TEXT,c210f,ascii,13,?listBtn_D_00
001c2120,TEXT,c2120,ascii,12,T_listBtn_00
001c2130,TEXT,c2130,ascii,20,OwnedCoupon_btn01_01
001c2148,TEXT,c2148,ascii,12,T_listBtn_01
001c2158,TEXT,c2158,ascii,10,listBtn_00
001c216f,TEXT,c216f,ascii,20,?discountBanner_U_00
001c2190,TEXT,c2190,ascii,12,T_message_00
001c21a0,TEXT,c21a0,ascii,15,Common_txt02_01
001c21b0,TEXT,c21b0,ascii,11,N_banner_00
001c21bc,TEXT,c21bc,ascii,9,T_news_00
001c21c8,TEXT,c21c8,ascii,20,OwnedCoupon_txt01_01
001c2514,TEXT,c2514,ascii,9,P_icon_00
001c2520,TEXT,c2520,ascii,10,W_label_00
001c252c,TEXT,c252c,ascii,10,T_title_00
001c2540,TEXT,c2540,ascii,10,T_price_00
001c254c,TEXT,c254c,ascii,20,OwnedCoupon_txt01_02
001c2564,TEXT,c2564,ascii,9,T_date_00
001c2570,TEXT,c2570,ascii,8,T_use_00
001c257c,TEXT,c257c,ascii,20,OwnedCoupon_txt01_06
001c2594,TEXT,c2594,ascii,20,OwnedCoupon_txt01_03
001c25ac,TEXT,c25ac,ascii,20,OwnedCoupon_txt01_04
001c2978,TEXT,c2978,ascii,20,OwnedCoupon_txt01_05
001c2994,TEXT,c2994,ascii,9,T_text_00
001c29a0,TEXT,c29a0,ascii,11,N_endpos_00
001c29d7,TEXT,c29d7,ascii,21,?OwnedCoupon_title_01
001c2fbe,TEXT,c2fbe,utf16,23,>cad/OwnedCoupon.arc.lz
001c3724,TEXT,c3724,ascii,27,rom:/sound/TigerSound.bcsar
001c3b1f,TEXT,c3b1f,ascii,17,?contentsBtn_D_01
001c3b34,TEXT,c3b34,ascii,9,N_root_00
001c3b40,TEXT,c3b40,ascii,13,T_softlist_00
001c3b50,TEXT,c3b50,ascii,13,T_softlist_01
001c3b64,TEXT,c3b64,ascii,10,T_price_00
001c3b70,TEXT,c3b70,ascii,21,TitleInfo_CTtext01_05
001c3b88,TEXT,c3b88,ascii,10,T_price_01
001c3bb0,TEXT,c3bb0,ascii,14,contentsBtn_00
001c3f33,TEXT,c3f33,ascii,19,?TitleInfo_dlg05_06
001c47d6,TEXT,c47d6,utf16,6,<title
001c523f,TEXT,c523f,ascii,13,?message_U_00
001c5254,TEXT,c5254,ascii,12,T_message_00
001c5264,TEXT,c5264,ascii,15,Common_txt02_01
001c5274,TEXT,c5274,ascii,18,BGDLdetailPos_D_00
001c529c,TEXT,c529c,ascii,15,BGDLdetail_D_00
001c52ac,TEXT,c52ac,ascii,9,T_text_00
001c52b8,TEXT,c52b8,ascii,10,T_title_00
001c52c4,TEXT,c52c4,ascii,12,N_nextPos_00
001c52d4,TEXT,c52d4,ascii,9,N_root_00
001c54a0,TEXT,c54a0,ascii,6,out_00
001c5590,TEXT,c5590,ascii,6,out_01
001c56bc,TEXT,c56bc,ascii,12,balloonIn_00
001c57f8,TEXT,c57f8,ascii,7,wait_00
001c58d8,TEXT,c58d8,ascii,6,out_00
001c59c8,TEXT,c59c8,ascii,6,out_01
001c5bb8,TEXT,c5bb8,ascii,12,balloonIn_00
001c5cf0,TEXT,c5cf0,ascii,7,wait_00
001c5ff7,TEXT,c5ff7,ascii,12,?finish_U_00
001c600c,TEXT,c600c,ascii,11,finish_D_00
001c6018,TEXT,c6018,ascii,15,Regi_title01_02
001c6028,TEXT,c6028,ascii,13,T_thankyou_00
001c6038,TEXT,c6038,ascii,18,Regi_thankyou01_01
001c604c,TEXT,c604c,ascii,12,T_message_00
001c605c,TEXT,c605c,ascii,18,Regi_thankyou01_02
001c6070,TEXT,c6070,ascii,15,Regi_title01_03
001c6080,TEXT,c6080,ascii,18,Regi_thankyou01_03
001c6094,TEXT,c6094,ascii,18,Regi_thankyou01_04
001c61e4,TEXT,c61e4,ascii,9,N_root_00
001c61f0,TEXT,c61f0,ascii,12,N_nextPos_00
001c6af7,TEXT,c6af7,ascii,14,?download_D_03
001c6b08,TEXT,c6b08,ascii,10,T_title_00
001c6b14,TEXT,c6b14,ascii,17,Download_txt02_19
001c6b28,TEXT,c6b28,ascii,8,N_Btn_00
001c6b34,TEXT,c6b34,ascii,12,N_nextPos_00
001c6b44,TEXT,c6b44,ascii,9,N_root_00
001c6e10,TEXT,c6e10,ascii,6,Btn_00
001c6f2c,TEXT,c6f2c,ascii,9,P_cd_%02d
001c7bbc,TEXT,c7bbc,utf16,6,%%.%df
001c7f38,TEXT,c7f38,utf16,6,%%.%df
001c84fc,TEXT,c84fc,ascii,11,P_icon_%02d
001c8564,TEXT,c8564,ascii,9,N_root_00
001c88df,TEXT,c88df,ascii,17,?relationBtn_D_00
001c88f4,TEXT,c88f4,ascii,9,N_root_00
001c8900,TEXT,c8900,ascii,13,T_softlist_00
001c8910,TEXT,c8910,ascii,13,T_softlist_01
001c8920,TEXT,c8920,ascii,10,T_price_00
001c892c,TEXT,c892c,ascii,10,T_price_01
001c8938,TEXT,c8938,ascii,9,P_icon_00
001c8964,TEXT,c8964,ascii,14,relationBtn_00
001c8c36,TEXT,c8c36,utf16,22,CRATING id:NOT FOUND!!
001c97ef,TEXT,c97ef,ascii,10,?reco_D_07
001c9818,TEXT,c9818,ascii,11,againBtn_00
001c9824,TEXT,c9824,ascii,10,voteBtn_00
001c9a6b,TEXT,c9a6b,ascii,19,?Recommend_dlg02_01
001c9a84,TEXT,c9a84,ascii,19,Recommend_swkb01_01
001c9ebc,TEXT,c9ebc,ascii,11,T_ageBtn_00
001c9ec8,TEXT,c9ec8,ascii,19,Recommend_reco02_04
001c9edc,TEXT,c9edc,ascii,11,T_ageBtn_01
001ca20f,TEXT,ca20f,ascii,10,?reco_D_02
001ca240,TEXT,ca240,ascii,9,ageBtn_00
001ca250,TEXT,ca250,ascii,11,T_ageBtn_00
001ca25c,TEXT,ca25c,ascii,19,Recommend_reco02_04
001ca270,TEXT,ca270,ascii,11,T_ageBtn_01
001ca87f,TEXT,ca87f,ascii,10,?reco_D_01
001ca8a8,TEXT,ca8a8,ascii,9,manBtn_00
001ca8b4,TEXT,ca8b4,ascii,11,womanBtn_00
001cb7bb,TEXT,cb7bb,ascii,19,?Recommend_txt01_02
001cbc6f,TEXT,cbc6f,ascii,14,?position_D_00
001cbc88,TEXT,cbc88,ascii,12,listPos_D_00
001cbc98,TEXT,cbc98,ascii,13,softList_D_00
001cbca8,TEXT,cbca8,ascii,13,softList_D_01
001cbcfc,TEXT,cbcfc,ascii,7,next_00
001cbd08,TEXT,cbd08,ascii,9,T_next_00
001cbd14,TEXT,cbd14,ascii,18,Recommend_btn01_02
001cbd28,TEXT,cbd28,ascii,9,T_next_01
001cc340,TEXT,cc340,ascii,18,Recommend_btn01_03
001cc374,TEXT,cc374,ascii,10,N_start_00
001cc380,TEXT,cc380,ascii,11,P_button_00
001ce1e7,TEXT,ce1e7,ascii,10,?reco_D_03
001ce22c,TEXT,ce22c,ascii,9,arrowL_00
001ce238,TEXT,ce238,ascii,9,arrowR_00
001ce837,TEXT,ce837,ascii,10,?reco_D_05
001ce860,TEXT,ce860,ascii,9,button_00
001ce86c,TEXT,ce86c,ascii,9,button_01
001cee27,TEXT,cee27,ascii,10,?reco_D_04
001cee50,TEXT,cee50,ascii,9,button_00
001cee5c,TEXT,cee5c,ascii,9,button_01
001cf1a7,TEXT,cf1a7,ascii,14,?softList_D_00
001cf1bc,TEXT,cf1bc,ascii,9,N_root_00
001cf1c8,TEXT,cf1c8,ascii,13,T_softlist_00
001cf1d8,TEXT,cf1d8,ascii,13,T_softlist_01
001cf1e8,TEXT,cf1e8,ascii,9,P_icon_00
001cf210,TEXT,cf210,ascii,11,softlist_00
001d09a4,TEXT,d09a4,ascii,7,vote_00
001d0aa8,TEXT,d0aa8,ascii,7,jump_00
001d0e67,TEXT,d0e67,ascii,10,?reco_D_08
001d10bf,TEXT,d10bf,ascii,10,?reco_U_01
001d10cc,TEXT,d10cc,ascii,10,T_title_00
001d10d8,TEXT,d10d8,ascii,10,T_maker_01
001d10e4,TEXT,d10e4,ascii,9,T_hard_01
001d10f0,TEXT,d10f0,ascii,11,T_rating_00
001d10fc,TEXT,d10fc,ascii,12,T_release_00
001d110c,TEXT,d110c,ascii,18,Recommend_txt02_02
001d1124,TEXT,d1124,ascii,12,T_release_01
001d1134,TEXT,d1134,ascii,18,Recommend_txt02_03
001d1148,TEXT,d1148,ascii,9,P_icon_00
001d1154,TEXT,d1154,ascii,18,Recommend_txt02_05
001d12ff,TEXT,d12ff,ascii,10,?reco_U_04
001d130c,TEXT,d130c,ascii,11,T_result_00
001d1320,TEXT,d1320,ascii,11,T_result_01
001d132c,TEXT,d132c,ascii,21,Recommend_result02_01
001d1348,TEXT,d1348,ascii,11,T_result_03
001d1358,TEXT,d1358,ascii,11,T_result_04
001d1580,TEXT,d1580,utf16,28,AppJumpError_in_checkApp_1()
001d15bf,TEXT,d15bf,ascii,22,?TitleInfo_CTtext01_03
001d178f,TEXT,d178f,ascii,22,?TitleInfo_CTtext01_07
001d1b1f,TEXT,d1b1f,ascii,22,?TitleInfo_CTtext01_08
001d237a,TEXT,d237a,utf16,27,<AppJumpError_in_checkApp()
001d23b7,TEXT,d23b7,ascii,22,?TitleInfo_CTtext01_03
001d281a,TEXT,d281a,utf16,28,<AppJumpError_in_checkUlcd()
001d2854,TEXT,d2854,ascii,21,TitleInfo_CTtext01_03
001d2870,TEXT,d2870,ascii,20,TitleInfo_CTbtn01_01
001d2888,TEXT,d2888,ascii,20,TitleInfo_CTbtn01_02
001d28a0,TEXT,d28a0,ascii,21,TitleInfo_CTtext01_06
001d2a44,TEXT,d2a44,utf16,20,cad/TitleInfo.arc.lz
001d2f5f,TEXT,d2f5f,ascii,15,?checkList_D_04
001d2f70,TEXT,d2f70,ascii,10,T_block_02
001d2f7c,TEXT,d2f7c,ascii,13,Regi_txt03_09
001d2f90,TEXT,d2f90,ascii,12,T_message_02
001d2fa0,TEXT,d2fa0,ascii,13,Regi_txt03_10
001d2fb0,TEXT,d2fb0,ascii,12,T_message_03
001d2fc0,TEXT,d2fc0,ascii,13,Regi_txt03_11
001d2fd0,TEXT,d2fd0,ascii,14,checkList_D_00
001d2fe0,TEXT,d2fe0,ascii,12,T_message_01
001d2ff0,TEXT,d2ff0,ascii,9,N_regi_00
001d2ffc,TEXT,d2ffc,ascii,10,T_legal_00
001d3008,TEXT,d3008,ascii,9,P_icon_00
001d3014,TEXT,d3014,ascii,10,T_title_00
001d3020,TEXT,d3020,ascii,12,T_message_00
001d3030,TEXT,d3030,ascii,13,Regi_txt02_02
001d3040,TEXT,d3040,ascii,13,Regi_txt02_05
001d33e4,TEXT,d33e4,ascii,13,Regi_txt03_14
001d33f4,TEXT,d33f4,ascii,9,P_line_01
001d3400,TEXT,d3400,ascii,10,N_block_00
001d340c,TEXT,d340c,ascii,13,N_preorder_00
001d341c,TEXT,d341c,ascii,13,T_discount_00
001d3778,TEXT,d3778,ascii,13,Regi_txt03_12
001d3788,TEXT,d3788,ascii,13,Regi_txt03_13
001d3798,TEXT,d3798,ascii,10,N_block_01
001d37a4,TEXT,d37a4,ascii,14,checkList_D_01
001d37b8,TEXT,d37b8,ascii,13,Regi_txt03_17
001d37c8,TEXT,d37c8,ascii,10,T_point_01
001d37d4,TEXT,d37d4,ascii,13,Regi_txt03_02
001d37e4,TEXT,d37e4,ascii,10,T_point_00
001d37f0,TEXT,d37f0,ascii,13,Regi_txt03_05
001d3800,TEXT,d3800,ascii,10,T_point_02
001d3810,TEXT,d3810,ascii,10,T_point_03
001d3b68,TEXT,d3b68,ascii,13,Regi_txt03_04
001d3b78,TEXT,d3b78,ascii,10,T_point_05
001d3b84,TEXT,d3b84,ascii,13,Regi_txt03_06
001d3b94,TEXT,d3b94,ascii,13,Regi_txt03_07
001d3ba4,TEXT,d3ba4,ascii,10,T_point_04
001d3bb0,TEXT,d3bb0,ascii,13,Regi_txt03_08
001d3bc4,TEXT,d3bc4,ascii,13,Regi_txt02_04
001d3bd4,TEXT,d3bd4,ascii,13,Regi_txt02_03
001d3be4,TEXT,d3be4,ascii,9,T_hard_00
001d3bf0,TEXT,d3bf0,ascii,10,T_block_01
001d3bfc,TEXT,d3bfc,ascii,13,Regi_txt04_02
001d3c10,TEXT,d3c10,ascii,9,N_root_00
001d40a7,TEXT,d40a7,ascii,15,?checkList_D_02
001d40bc,TEXT,d40bc,ascii,10,T_block_02
001d40c8,TEXT,d40c8,ascii,13,Regi_txt08_05
001d40d8,TEXT,d40d8,ascii,10,T_block_04
001d40e4,TEXT,d40e4,ascii,13,Regi_txt08_07
001d40f4,TEXT,d40f4,ascii,10,T_block_07
001d4100,TEXT,d4100,ascii,13,Regi_txt08_09
001d4110,TEXT,d4110,ascii,10,T_block_01
001d4120,TEXT,d4120,ascii,10,T_block_06
001d412c,TEXT,d412c,ascii,10,T_block_08
001d4138,TEXT,d4138,ascii,9,P_line_05
001d4144,TEXT,d4144,ascii,9,N_root_00
001d464f,TEXT,d464f,ascii,15,?checkList_D_05
001d4660,TEXT,d4660,ascii,10,T_block_00
001d466c,TEXT,d466c,ascii,13,Regi_txt03_18
001d4687,TEXT,d4687,ascii,14,CRegi_txt03_15
001d4698,TEXT,d4698,ascii,13,Regi_txt03_16
001d46a8,TEXT,d46a8,ascii,10,T_block_01
001d46b4,TEXT,d46b4,ascii,11,T_button_00
001d46c0,TEXT,d46c0,ascii,18,TitleInfo_btn01_15
001d46d4,TEXT,d46d4,ascii,11,T_button_01
001d46fc,TEXT,d46fc,ascii,8,legal_00
001d4708,TEXT,d4708,ascii,9,N_last_00
001d4714,TEXT,d4714,ascii,9,N_root_00
001d4caf,TEXT,d4caf,ascii,15,?checkList_D_03
001d4cc0,TEXT,d4cc0,ascii,10,T_point_00
001d4ccc,TEXT,d4ccc,ascii,13,Regi_txt02_05
001d4cdc,TEXT,d4cdc,ascii,14,checkList_D_02
001d4cec,TEXT,d4cec,ascii,9,N_root_00
001d4cf8,TEXT,d4cf8,ascii,14,checkList_D_01
001d4d10,TEXT,d4d10,ascii,10,T_point_01
001d4d1c,TEXT,d4d1c,ascii,13,Regi_txt06_03
001d4d2c,TEXT,d4d2c,ascii,10,T_point_07
001d4d38,TEXT,d4d38,ascii,13,Regi_txt03_02
001d4d48,TEXT,d4d48,ascii,10,T_point_02
001d4d54,TEXT,d4d54,ascii,13,Regi_txt03_05
001d4d64,TEXT,d4d64,ascii,10,T_point_03
001d4d74,TEXT,d4d74,ascii,10,T_point_04
001d4d80,TEXT,d4d80,ascii,10,T_point_08
001d4d8c,TEXT,d4d8c,ascii,13,Regi_txt03_01
001d4d9c,TEXT,d4d9c,ascii,13,Regi_txt03_03
001d4dac,TEXT,d4dac,ascii,13,Regi_txt03_04
001d4dbc,TEXT,d4dbc,ascii,10,T_point_09
001d4dc8,TEXT,d4dc8,ascii,13,Regi_txt03_06
001d4f54,TEXT,d4f54,ascii,13,Regi_txt03_07
001d4f64,TEXT,d4f64,ascii,10,T_point_06
001d4f70,TEXT,d4f70,ascii,13,Regi_txt06_08
001d4f80,TEXT,d4f80,ascii,13,Regi_txt03_08
001d4f90,TEXT,d4f90,ascii,13,Regi_txt07_03
001d4fa0,TEXT,d4fa0,ascii,13,Regi_txt07_02
001d5080,TEXT,d5080,ascii,12,N_dlgArea_00
001d5090,TEXT,d5090,ascii,9,N_root_00
001d514b,TEXT,d514b,ascii,13,BT_message_03
001d578f,TEXT,d578f,ascii,9,*inOut_00
001d5d20,TEXT,d5d20,utf16,7,Rating\n
001d62ac,TEXT,d62ac,ascii,14,T_message_%02d
001d62bc,TEXT,d62bc,ascii,9,P_cd_%02d
001d64ba,TEXT,d64ba,utf16,15,;characteristic
001d6e7b,TEXT,d6e7b,ascii,22,?Notification_dlg01_02
001d715f,TEXT,d715f,ascii,19,?CommonWin_dlg01_03
001d75ff,TEXT,d75ff,ascii,13,?message_U_00
001d7610,TEXT,d7610,ascii,12,T_message_00
001d7620,TEXT,d7620,ascii,21,Notification_txt01_01
001d7638,TEXT,d7638,ascii,9,news_D_00
001d7684,TEXT,d7684,ascii,16,InfoSet_btn01_03
001d7698,TEXT,d7698,ascii,23,Notification_title01_01
001d79b4,TEXT,d79b4,ascii,18,CommonWin_dlg01_03
001d79c8,TEXT,d79c8,ascii,21,Notification_dlg01_04
001d7af4,TEXT,d7af4,ascii,18,Recommend_title_01
001d821a,TEXT,d821a,utf16,21,<cad/Recommend.arc.lz
001d8623,TEXT,d8623,ascii,19,?CommonWin_dlg01_02
001d8638,TEXT,d8638,ascii,18,CreditSet_dlg12_01
001d88f8,TEXT,d88f8,ascii,18,CreditSet_dlg11_04
001d890c,TEXT,d890c,ascii,18,CreditSet_dlg11_01
001d8920,TEXT,d8920,ascii,18,CreditSet_dlg11_02
001d8934,TEXT,d8934,ascii,18,CommonWin_dlg02_03
001d8948,TEXT,d8948,ascii,18,CommonWin_dlg02_07
001d895c,TEXT,d895c,ascii,18,CreditSet_dlg11_03
001d95ff,TEXT,d95ff,ascii,14,?cardInfo_D_04
001d9618,TEXT,d9618,ascii,12,listBtn_D_01
001d9628,TEXT,d9628,ascii,12,listBtn_D_02
001d9638,TEXT,d9638,ascii,12,T_listBtn_00
001d9648,TEXT,d9648,ascii,18,CreditSet_btn10_01
001d965c,TEXT,d965c,ascii,12,T_listBtn_01
001d9678,TEXT,d9678,ascii,10,listBtn_00
001d9684,TEXT,d9684,ascii,12,listBtn_D_00
001d9694,TEXT,d9694,ascii,18,CreditSet_btn10_03
001d99d8,TEXT,d99d8,ascii,18,CreditSet_btn10_02
001d99ec,TEXT,d99ec,ascii,12,T_message_00
001d99fc,TEXT,d99fc,ascii,18,CreditSet_txt10_02
001d9a20,TEXT,d9a20,ascii,20,CreditSet_title01_01
001d9acc,TEXT,d9acc,ascii,13,T_cardName_00
001d9adc,TEXT,d9adc,ascii,15,Credit_txt02_04
001d9aec,TEXT,d9aec,ascii,15,T_cardNumber_00
001d9afc,TEXT,d9afc,ascii,13,T_limitDay_00
001da50f,TEXT,da50f,ascii,14,?cardInfo_D_01
001da520,TEXT,da520,ascii,13,position_D_00
001da530,TEXT,da530,ascii,12,T_message_00
001da540,TEXT,da540,ascii,18,CreditSet_txt09_01
001da554,TEXT,da554,ascii,12,T_message_01
001da564,TEXT,da564,ascii,18,CreditSet_txt09_02
001da5a7,TEXT,da5a7,ascii,10,?N_stop_00
001da5e0,TEXT,da5e0,ascii,20,CreditSet_title01_01
001da693,TEXT,da693,ascii,19,?CreditSet_dlg12_02
001daf1f,TEXT,daf1f,ascii,12,?dialog_U_02
001daf30,TEXT,daf30,ascii,10,T_title_00
001daf3c,TEXT,daf3c,ascii,17,Entrance_dlg03_01
001daf50,TEXT,daf50,ascii,13,T_discount_00
001daf60,TEXT,daf60,ascii,17,Entrance_dlg03_02
001daf78,TEXT,daf78,ascii,13,T_discount_01
001daf88,TEXT,daf88,ascii,17,Entrance_dlg03_03
001daf9c,TEXT,daf9c,ascii,9,T_info_00
001dafa8,TEXT,dafa8,ascii,8,inOut_00
001dafc7,TEXT,dafc7,ascii,21,?discountListPos_D_00
001dafe4,TEXT,dafe4,ascii,16,N_dscntListBtn00
001daff8,TEXT,daff8,ascii,16,N_dscntListBtn01
001db00c,TEXT,db00c,ascii,12,N_tchArea_00
001db3c0,TEXT,db3c0,ascii,17,Entrance_dlg03_08
001db3d4,TEXT,db3d4,ascii,12,N_dlgArea_00
001db597,TEXT,db597,ascii,21,?OwnedCoupon_dlg01_02
001de2e8,TEXT,de2e8,ascii,12,N_nextPos_00
001de2f8,TEXT,de2f8,ascii,15,N_MsgOnlyPos_00
001de30c,TEXT,de30c,ascii,14,N_naMailPos_00
001de31c,TEXT,de31c,ascii,9,N_root_00
001de328,TEXT,de328,ascii,13,T_homeMenu_00
001dea54,TEXT,dea54,ascii,9,N_root_00
001dea60,TEXT,dea60,ascii,9,T_text_00
001deb08,TEXT,deb08,ascii,9,T_text_00
001debdc,TEXT,debdc,ascii,9,T_text_00
001df0d8,TEXT,df0d8,ascii,6,Cookie
001e3991,TEXT,e3991,ascii,6,gE#X$>
001ea633,TEXT,ea633,ascii,9,C33s?33s?
001eac2f,TEXT,eac2f,ascii,9,C33s?33s?
001ed90f,TEXT,ed90f,ascii,9,C33s?33s?
001fa088,TEXT,fa088,utf16,12,"X,,.  XX . X"
001fa0a4,TEXT,fa0a4,utf16,10,%03d%lc%ls
001fa0bc,TEXT,fa0bc,utf16,8,%d%lc%ls
001fa0d0,TEXT,fa0d0,utf16,12,"XX.,.,.,XXXX"
001fa0ec,TEXT,fa0ec,utf16,10,%ls%lc%02d
001fad88,TEXT,fad88,ascii,59,d:\\cibuild\\nlib\\exi\\sources\\nn\\nlib\\exi\\core\\ExiDecoder.cpp
001fb024,TEXT,fb024,ascii,59,d:\\cibuild\\nlib\\exi\\sources\\nn\\nlib\\exi\\core\\ExiDecoder.cpp
001fb20c,TEXT,fb20c,ascii,59,d:\\cibuild\\nlib\\exi\\sources\\nn\\nlib\\exi\\core\\ExiDecoder.cpp
001fb2dc,TEXT,fb2dc,ascii,59,d:\\cibuild\\nlib\\exi\\sources\\nn\\nlib\\exi\\core\\ExiDecoder.cpp
001fb718,TEXT,fb718,ascii,59,d:\\cibuild\\nlib\\exi\\sources\\nn\\nlib\\exi\\core\\ExiDecoder.cpp
001fb83c,TEXT,fb83c,ascii,59,d:\\cibuild\\nlib\\exi\\sources\\nn\\nlib\\exi\\core\\ExiDecoder.cpp
001fbce0,TEXT,fbce0,ascii,59,d:\\cibuild\\nlib\\exi\\sources\\nn\\nlib\\exi\\core\\ExiDecoder.cpp
001fdf0c,TEXT,fdf0c,ascii,63,d:\\cibuild\\nlib\\exi\\sources\\nn/nlib/exi/XmlStreamReaderInline.h
001fe778,TEXT,fe778,ascii,63,d:\\cibuild\\nlib\\exi\\sources\\nn/nlib/exi/XmlStreamReaderInline.h
001ff87c,TEXT,ff87c,ascii,36,http://www.w3.org/XML/1998/namespace
001ff8c4,TEXT,ff8c4,ascii,41,http://www.w3.org/2001/XMLSchema-instance
001ff964,TEXT,ff964,ascii,57,d:\\cibuild\\nlib\\exi\\sources\\nn\\nlib\\exi\\core\\ExiCoder.cpp
0020014c,TEXT,10014c,ascii,60,d:\\cibuild\\nlib\\exi\\sources\\nn\\nlib\\exi\\text\\TextDecoder.cpp
00200420,TEXT,100420,ascii,60,d:\\cibuild\\nlib\\exi\\sources\\nn\\nlib\\exi\\text\\TextDecoder.cpp
0020086c,TEXT,10086c,ascii,6,PUBLIC
00200874,TEXT,100874,ascii,6,SYSTEM
00200ea8,TEXT,100ea8,ascii,7,version
00200eb0,TEXT,100eb0,ascii,8,encoding
00200ebc,TEXT,100ebc,ascii,10,standalone
00200fd0,TEXT,100fd0,ascii,60,d:\\cibuild\\nlib\\exi\\sources\\nn\\nlib\\exi\\text\\TextDecoder.cpp
00201474,TEXT,101474,ascii,60,d:\\cibuild\\nlib\\exi\\sources\\nn\\nlib\\exi\\text\\TextDecoder.cpp
00201d7c,TEXT,101d7c,ascii,60,d:\\cibuild\\nlib\\exi\\sources\\nn\\nlib\\exi\\text\\TextDecoder.cpp
00201f84,TEXT,101f84,ascii,55,d:\\cibuild\\nlib\\exi\\sources\\nn/nlib/exi/core/ExiCoder.h
00201fbc,TEXT,101fbc,ascii,60,d:\\cibuild\\nlib\\exi\\sources\\nn\\nlib\\exi\\text\\TextDecoder.cpp
002021e0,TEXT,1021e0,ascii,60,d:\\cibuild\\nlib\\exi\\sources\\nn\\nlib\\exi\\text\\TextDecoder.cpp
00202b34,TEXT,102b34,ascii,63,d:\\cibuild\\nlib\\exi\\sources\\nn/nlib/exi/XmlStreamReaderInline.h
00202f54,TEXT,102f54,ascii,63,d:\\cibuild\\nlib\\exi\\sources\\nn/nlib/exi/XmlStreamReaderInline.h
00204944,TEXT,104944,ascii,21,privilege_description
0020518c,TEXT,10518c,ascii,15,search_category
00205718,TEXT,105718,utf16,7,id:%llu
00205728,TEXT,105728,utf16,20,movie_ID:NOT FOUND!!
0020575c,TEXT,10575c,utf16,15,movie_name:%lls
0020577c,TEXT,10577c,utf16,22,movie_name:NOT FOUND!!
002057b4,TEXT,1057b4,ascii,6,format
002057bc,TEXT,1057bc,ascii,6,moflex
002057c4,TEXT,1057c4,ascii,9,dimension
00205bd8,TEXT,105bd8,utf16,14,DIMENSION%d:%s
00205bfc,TEXT,105bfc,ascii,6,height
00205c0c,TEXT,105c0c,utf16,19,"MOVIE%dSIZE:(%u,%u)"
00205c34,TEXT,105c34,ascii,9,movie_url
00205f94,TEXT,105f94,ascii,13,play_time_sec
00205fa4,TEXT,105fa4,utf16,15,MOVIE%d TIME:%u
00205fc4,TEXT,105fc4,utf16,27,movie_file list:NOT FOUND!!
00205ffc,TEXT,105ffc,ascii,13,thumbnail_url
0020600c,TEXT,10600c,ascii,10,banner_url
00206018,TEXT,106018,ascii,11,rating_info
00206024,TEXT,106024,ascii,7,display
002067e7,TEXT,1067e7,ascii,27,*alternate_rating_image_url
00206806,TEXT,106806,utf16,30,;movie_BaseTitleID:NOT FOUND!!
00207184,TEXT,107184,utf16,11,DemoID:%llu
0020719c,TEXT,10719c,utf16,18,DemoID:NOT FOUND!!
002071cc,TEXT,1071cc,utf16,14,demo_name:%lls
002071ec,TEXT,1071ec,utf16,21,demo_name:NOT FOUND!!
0020721c,TEXT,10721c,ascii,10,banner_url
00207228,TEXT,107228,utf16,26,DemoBanner_url:NOT FOUND!!
00207260,TEXT,107260,ascii,8,icon_url
0020726c,TEXT,10726c,utf16,24,Demoicon_url:NOT FOUND!!
00207654,TEXT,107654,ascii,40,https://%c-npns.app.nintendo.net/api/v1/
002076b8,TEXT,1076b8,ascii,28,%splatforms/3ds/devices.json
00207a20,TEXT,107a20,ascii,10,User-Agent
00207a2c,TEXT,107a2c,ascii,12,Content-Type
00207a3c,TEXT,107a3c,ascii,33,application/x-www-form-urlencoded
00207a60,TEXT,107a60,ascii,13,service_token
00207a70,TEXT,107a70,ascii,9,device_id
00207a7c,TEXT,107a7c,ascii,6,serial
00207ac4,TEXT,107ac4,ascii,31,%splatforms/3ds/devices/%s.json
00207ce8,TEXT,107ce8,ascii,10,User-Agent
00207e44,TEXT,107e44,ascii,12,device_token
0020809f,TEXT,10809f,ascii,7,Qerrors
0020c4b4,TEXT,10c4b4,ascii,8,"8 `2x `"""
0021e7d4,TEXT,11e7d4,ascii,7,P_BG_01
0021f290,TEXT,11f290,utf16,16,freestring = %s\n
0021f2be,TEXT,11f2be,utf16,15,>referrer = %s\n
0022027f,TEXT,12027f,ascii,13,?opening_U_00
00220290,TEXT,120290,ascii,9,region_00
0022029c,TEXT,12029c,ascii,9,loopIn_00
002202a8,TEXT,1202a8,ascii,9,change_00
002202b4,TEXT,1202b4,ascii,10,welcome_00
002202c4,TEXT,1202c4,ascii,12,opening_D_00
002202dc,TEXT,1202dc,ascii,10,opening_00
002212b8,TEXT,1212b8,ascii,9,buyBtn_00
002212c4,TEXT,1212c4,ascii,9,buyBtn_01
002228b7,TEXT,1228b7,ascii,23,?checkDiscountList_D_00
002228d7,TEXT,1228d7,ascii,10,?mask_D_00
00222904,TEXT,122904,ascii,9,decide_00
00222910,TEXT,122910,ascii,9,cancel_00
0022291c,TEXT,12291c,ascii,11,T_decide_00
00222928,TEXT,122928,ascii,13,Regi_btn01_07
00222938,TEXT,122938,ascii,11,T_decide_01
0022294f,TEXT,12294f,ascii,13,?message_U_00
00222964,TEXT,122964,ascii,12,T_message_00
00222974,TEXT,122974,ascii,15,Common_txt02_01
00222984,TEXT,122984,ascii,9,T_news_00
00222990,TEXT,122990,ascii,20,OwnedCoupon_txt01_01
002229a8,TEXT,1229a8,ascii,10,W_label_00
002229b4,TEXT,1229b4,ascii,10,T_title_00
002229c0,TEXT,1229c0,ascii,10,T_price_02
002229cc,TEXT,1229cc,ascii,10,T_price_01
002229d8,TEXT,1229d8,ascii,13,Regi_txt11_04
002229e8,TEXT,1229e8,ascii,13,Regi_txt11_06
002229f8,TEXT,1229f8,ascii,13,Regi_txt11_05
00222e00,TEXT,122e00,ascii,13,Regi_txt11_03
00222e10,TEXT,122e10,ascii,11,P_strike_00
00222e1f,TEXT,122e1f,ascii,10,?T_date_00
00222e2c,TEXT,122e2c,ascii,13,Regi_txt11_07
00222e3c,TEXT,122e3c,ascii,8,T_use_00
00222e48,TEXT,122e48,ascii,9,P_line_04
00222e54,TEXT,122e54,ascii,13,N_use_size_00
00222e68,TEXT,122e68,ascii,9,P_line_03
002230ff,TEXT,1230ff,ascii,21,?OwnedCoupon_title_01
00223118,TEXT,123118,ascii,15,Regi_title01_04
0022314c,TEXT,12314c,ascii,13,Regi_txt11_09
0022315c,TEXT,12315c,ascii,13,Regi_txt11_08
00223e4c,TEXT,123e4c,ascii,57,%s/ninja/ws/%s/tax_locations?lang=%s&shop_id=1&_type=json
00223e88,TEXT,123e88,ascii,17,%s&postal_code=%s
00227b0c,TEXT,127b0c,ascii,60,%s/ninja/ws/my/transaction/%llu/receipt?shop_id=1&_type=json
00227cb4,TEXT,127cb4,ascii,52,%s/samurai/ws/%s/titles?lang=%s&shop_id=1&_type=json
0022825c,TEXT,12825c,ascii,17,&genre%%5B%%5D=%u
00228274,TEXT,128274,ascii,21,&publisher%%5B%%5D=%u
00228290,TEXT,128290,ascii,13,&price_min=%d
002282a0,TEXT,1282a0,ascii,13,&price_max=%d
002282b0,TEXT,1282b0,ascii,20,&video_format=moflex
002282cc,TEXT,1282cc,ascii,12,&freeword=%s
002282dc,TEXT,1282dc,ascii,9,&limit=%u
002282e8,TEXT,1282e8,ascii,10,&offset=%u
002282f4,TEXT,1282f4,ascii,9,&sort=new
0022855c,TEXT,12855c,ascii,13,&sort=popular
0022856c,TEXT,12856c,ascii,11,&sort=score
00228580,TEXT,128580,ascii,6,&%s=%s
00228588,TEXT,128588,ascii,27,&release_date_before=%%2B%u
002285a4,TEXT,1285a4,ascii,23,&release_date_after=-%u
002288b0,TEXT,1288b0,ascii,8,"%016llX,"
00228b7c,TEXT,128b7c,ascii,18,transaction_result
00228b90,TEXT,128b90,ascii,14,transaction_id
00228f38,TEXT,128f38,ascii,6,ns_uid
0022b14e,TEXT,12b14e,utf16,21,;Shop::ListTitles();\n
0022b180,TEXT,12b180,ascii,15,MaxUserFileSize
0022b194,TEXT,12b194,ascii,7,Version
0022b78c,TEXT,12b78c,utf16,12,Nim::Connect
0022b7a8,TEXT,12b7a8,utf16,10,%ls=%lldms
0022b918,TEXT,12b918,utf16,19,Need System Update\n
0022b948,TEXT,12b948,utf16,29,Server is under Maintainance\n
0022b98c,TEXT,12b98c,utf16,16,Need re-connect\n
0022b9b8,TEXT,12b9b8,utf16,24,Other Active API exists\n
0022ba0c,TEXT,12ba0c,utf16,21,Http Timeout Occured\n
0022bae8,TEXT,12bae8,utf16,14,Infra is Busy\n
0022bb0c,TEXT,12bb0c,utf16,13,Need Get IVS\n
0022bb30,TEXT,12bb30,utf16,15,Cannot Set IVS\n
0022bb58,TEXT,12bb58,utf16,17,Invalid Language\n
0022bb84,TEXT,12bb84,utf16,16,Invalid Country\n
0022bbac,TEXT,12bbac,utf16,28,-> UnHandled Failure (%08x)\n
0022e0e8,TEXT,12e0e8,utf16,10,AC_CONNECT
0022e100,TEXT,12e100,utf16,10,%ls=%lldms
0023005c,TEXT,13005c,utf16,21,RESULT FAILURE [%x]: 
00230144,TEXT,130144,utf16,21,RESULT FAILURE [%x]: 
00230174,TEXT,130174,utf16,19,Need System Update\n
002301a4,TEXT,1301a4,utf16,29,Server is under Maintainance\n
002301e8,TEXT,1301e8,utf16,16,Need re-connect\n
00230214,TEXT,130214,utf16,24,Other Active API exists\n
002303cc,TEXT,1303cc,utf16,21,Http Timeout Occured\n
002303fc,TEXT,1303fc,utf16,14,Infra is Busy\n
00230424,TEXT,130424,utf16,25,Title Already Downloaded\n
00230460,TEXT,130460,utf16,20,Task Already Exists\n
00230494,TEXT,130494,utf16,18,Over Nim Task Max\n
002305f8,TEXT,1305f8,utf16,18,NIM Invalid Title\n
0023065c,TEXT,13065c,utf16,13,Need Get IVS\n
00230680,TEXT,130680,utf16,15,Cannot Set IVS\n
002306a8,TEXT,1306a8,utf16,17,Invalid Language\n
002306d4,TEXT,1306d4,utf16,16,Invalid Country\n
00230720,TEXT,130720,utf16,28,-> UnHandled Failure (%08x)\n
00230ba2,TEXT,130ba2,utf16,28,=FlushConfig failed (%08lx)\n
00230bdc,TEXT,130bdc,utf16,29,DTL downloaded successfully.\n
00231194,TEXT,131194,ascii,32,24755a2fe31f4d32ab9aa24ce5a2bdac
002311ba,TEXT,1311ba,utf16,28,=Register device to NPNS...\n
0023158c,TEXT,13158c,utf16,29,Write device token to cfg...\n
002315c8,TEXT,1315c8,utf16,27,FlushConfig failed (%08lx)\n
0023160c,TEXT,13160c,ascii,9,device_id
00231628,TEXT,131628,utf16,23,  request failed: %07d\n
0023165c,TEXT,13165c,utf16,22,done (Register NPNS).\n
00232228,TEXT,132228,ascii,18,eshop_sales_status
0023223c,TEXT,13223c,ascii,10,unreleased
00232248,TEXT,132248,ascii,6,onsale
00232250,TEXT,132250,ascii,17,sales_termination
0023226c,TEXT,13226c,ascii,9,pre_order
00232278,TEXT,132278,ascii,13,regular_price
0023228c,TEXT,13228c,ascii,9,raw_value
0023229b,TEXT,13229b,ascii,15,*discount_price
002322b0,TEXT,1322b0,ascii,11,description
002322bc,TEXT,1322bc,ascii,14,start_datetime
00232610,TEXT,132610,ascii,12,end_datetime
002329d8,TEXT,1329d8,ascii,9,raw_value
00233070,TEXT,133070,ascii,12,coupon_price
00233080,TEXT,133080,ascii,9,raw_value
002360f8,TEXT,1360f8,utf16,29,ExternalSeed already exists.\n
00236134,TEXT,136134,utf16,26,This title is NOT locked.\n
0023616e,TEXT,13616e,utf16,30,=SetTitleTag() done. %u/%u/%u\n
002361ac,TEXT,1361ac,utf16,25,TitleTag already exists.\n
002361e0,TEXT,1361e0,utf16,27,TitleTag country mismatch.\n
00236416,TEXT,136416,utf16,25,>SetExternalSeed() done.\n
00237848,TEXT,137848,ascii,24,%02X%02X%02X%02X%02X%02X
002387e4,TEXT,1387e4,utf16,7,ID:%llu
002387fc,TEXT,1387fc,ascii,11,description
0023880c,TEXT,13880c,ascii,8,icon_url
00238818,TEXT,138818,ascii,10,icon_width
00238824,TEXT,138824,ascii,11,icon_height
00238830,TEXT,138830,ascii,10,banner_url
00238840,TEXT,138840,ascii,8,standard
00238b58,TEXT,138b58,ascii,6,normal
00238b60,TEXT,138b60,ascii,6,search
00238b68,TEXT,138b68,ascii,7,ranking
00238b70,TEXT,138b70,ascii,9,recommend
00238b7c,TEXT,138b7c,ascii,6,single
00238b84,TEXT,138b84,ascii,9,component
0023940c,TEXT,13940c,ascii,62,MoLive::Allocator: not enough memory to allocate %d bytes !!!\n
0023a028,TEXT,13a028,ascii,12,T_message_00
0023a038,TEXT,13a038,ascii,11,T_button_00
0023a044,TEXT,13a044,ascii,11,T_button_01
0023a050,TEXT,13a050,ascii,11,T_cancel_00
0023a05c,TEXT,13a05c,ascii,11,T_cancel_01
0023a068,TEXT,13a068,ascii,11,T_decide_00
0023a074,TEXT,13a074,ascii,11,T_decide_01
0023a080,TEXT,13a080,ascii,8,inOut_00
0023a0a8,TEXT,13a0a8,ascii,9,button_00
0023a0b4,TEXT,13a0b4,ascii,9,SE_CANCEL
0023a0c0,TEXT,13a0c0,ascii,9,cancel_00
0023a0cc,TEXT,13a0cc,ascii,9,decide_00
0023ab57,TEXT,13ab57,ascii,14,?position_D_01
0023ab6f,TEXT,13ab6f,ascii,12,?search_D_01
0023aba8,TEXT,13aba8,ascii,12,searchBtn_00
0023abb8,TEXT,13abb8,ascii,12,N_tchArea_00
0023aee7,TEXT,13aee7,ascii,14,?B_clearBtn_00
0023b6a7,TEXT,13b6a7,ascii,12,?P_banner_00
0023b6b4,TEXT,13b6b4,ascii,11,banner_U_00
0023b6c4,TEXT,13b6c4,ascii,10,N_title_00
0023b6d0,TEXT,13b6d0,ascii,7,BG_U_00
0023b6d8,TEXT,13b6d8,ascii,10,Sinfo_U_00
0023b6e4,TEXT,13b6e4,ascii,9,N_root_00
0023b6f7,TEXT,13b6f7,ascii,13,?T_message_00
0023bbac,TEXT,13bbac,ascii,10,T_price_01
0023bbb8,TEXT,13bbb8,ascii,11,P_strike_00
0023bbc4,TEXT,13bbc4,ascii,10,T_legal_00
0023bbdb,TEXT,13bbdb,ascii,11,?T_title_00
0023bbec,TEXT,13bbec,ascii,14,Shelf_txt01_10
0023bbfc,TEXT,13bbfc,ascii,14,Shelf_txt01_11
0023bc0c,TEXT,13bc0c,ascii,10,T_movie_00
0023bc1c,TEXT,13bc1c,ascii,9,T_hard_00
0023bc28,TEXT,13bc28,ascii,14,Shelf_txt01_04
0023bc38,TEXT,13bc38,ascii,9,T_star_00
0023bc44,TEXT,13bc44,ascii,10,N_tiger_00
0023bc50,TEXT,13bc50,ascii,9,P_line_00
0023be7c,TEXT,13be7c,ascii,14,Shelf_txt01_09
0023c367,TEXT,13c367,ascii,12,?N_center_00
0023c374,TEXT,13c374,ascii,9,LBmove_00
0023c380,TEXT,13c380,ascii,10,N_right_00
0023c38c,TEXT,13c38c,ascii,9,RBmove_00
0023c398,TEXT,13c398,ascii,9,N_left_00
0023c947,TEXT,13c947,ascii,16,?dlglistPos_D_00
0023c95c,TEXT,13c95c,ascii,10,T_label_00
0023c968,TEXT,13c968,ascii,8,inOut_00
0023c974,TEXT,13c974,ascii,12,listBtn_D_00
0023c984,TEXT,13c984,ascii,12,listBtn_D_01
0023c994,TEXT,13c994,ascii,9,N_next_00
0023cc08,TEXT,13cc08,ascii,15,dlglistBtn_D_00
0023cc1c,TEXT,13cc1c,ascii,9,N_root_00
0023cc28,TEXT,13cc28,ascii,12,T_listBtn_00
0023cc38,TEXT,13cc38,ascii,12,T_listBtn_01
0023cc58,TEXT,13cc58,ascii,10,listBtn_00
0023cc64,TEXT,13cc64,ascii,12,B_listBtn_00
0023d307,TEXT,13d307,ascii,14,?position_U_00
0023d318,TEXT,13d318,ascii,13,position_D_00
0023d328,TEXT,13d328,ascii,11,N_center_00
0023d334,TEXT,13d334,ascii,10,N_right_00
0023d340,TEXT,13d340,ascii,10,N_right_01
0023d357,TEXT,13d357,ascii,10,?mask_U_00
0023d364,TEXT,13d364,ascii,8,inOut_00
0023d377,TEXT,13d377,ascii,11,?popUp_D_01
0023d384,TEXT,13d384,ascii,10,T_title_00
0023d3a7,TEXT,13d3a7,ascii,11,?popUp_D_00
0023d3b4,TEXT,13d3b4,ascii,10,T_price_00
0023d3c0,TEXT,13d3c0,ascii,10,T_price_01
0023d3cc,TEXT,13d3cc,ascii,8,price_00
0023d3d8,TEXT,13d3d8,ascii,8,color_02
0023d710,TEXT,13d710,ascii,9,buyTag_00
0023d734,TEXT,13d734,ascii,15,chgDispBtn_D_00
0023d744,TEXT,13d744,ascii,13,chgDispBtn_00
0023d754,TEXT,13d754,ascii,15,T_chgDispBtn_00
0023d764,TEXT,13d764,ascii,14,Shelf_btn01_03
0023d774,TEXT,13d774,ascii,15,T_chgDispBtn_01
0023e2ff,TEXT,13e2ff,ascii,10,?N_root_00
0023e418,TEXT,13e418,ascii,18,CommonWin_dlg02_06
0023e42c,TEXT,13e42c,ascii,18,CommonWin_dlg02_03
0023e440,TEXT,13e440,ascii,14,Shelf_dlg01_01
0023e450,TEXT,13e450,ascii,18,Recommend_dlg02_02
0023eed7,TEXT,13eed7,ascii,10,?N_root_00
0023eee4,TEXT,13eee4,ascii,11,T_banner_00
0023eef0,TEXT,13eef0,ascii,15,Shelf_icon01_07
0023ef00,TEXT,13ef00,ascii,11,T_banner_01
0023ef28,TEXT,13ef28,ascii,9,banner_00
0023ef40,TEXT,13ef40,ascii,13,SE_DECIDE_SUB
0023ef50,TEXT,13ef50,ascii,8,onOff_00
0023ef5c,TEXT,13ef5c,ascii,7,loop_00
0024053c,TEXT,14053c,ascii,6,.bclan
00240dac,TEXT,140dac,ascii,11,formal_name
00240dbc,TEXT,140dbc,ascii,8,title_id
00240dc8,TEXT,140dc8,ascii,13,title_version
00240de0,TEXT,140de0,ascii,8,icon_url
00240dec,TEXT,140dec,ascii,10,banner_url
00240df8,TEXT,140df8,ascii,11,description
00240e04,TEXT,140e04,ascii,10,disclaimer
00240e10,TEXT,140e10,ascii,13,display_genre
00240e20,TEXT,140e20,ascii,17,number_of_players
00240e34,TEXT,140e34,ascii,13,aoc_available
0024167c,TEXT,14167c,ascii,11,eshop_sales
00241688,TEXT,141688,ascii,12,retail_sales
002419d8,TEXT,1419d8,ascii,12,downloadable
002419e8,TEXT,1419e8,ascii,22,price_on_retail_detail
00241a04,TEXT,141a04,ascii,9,raw_value
00242544,TEXT,142544,ascii,8,iso_code
00242ad4,TEXT,142ad4,utf16,13,platformID:%u
00242af2,TEXT,142af2,utf16,16,CplatDevice:%lls
00242b14,TEXT,142b14,ascii,10,preference
00242b22,TEXT,142b22,utf16,15,;publisherID:%u
00242b4c,TEXT,142b4c,ascii,11,rating_info
002433db,TEXT,1433db,ascii,27,*alternate_rating_image_url
002433fc,TEXT,1433fc,ascii,9,image_url
002438dc,TEXT,1438dc,ascii,16,star_rating_info
0024390b,TEXT,14390b,ascii,6,?star1
00243940,TEXT,143940,utf16,14,WEBSITE%d:%lls
002441f4,TEXT,1441f4,ascii,21,release_date_on_eshop
00244210,TEXT,144210,ascii,22,release_date_on_retail
00244228,TEXT,144228,ascii,15,in_app_purchase
002549d2,TEXT,1549d2,utf16,15,Cid:NOT FOUND!!
00254dfa,TEXT,154dfa,utf16,15,Cid:NOT FOUND!!
00254fbe,TEXT,154fbe,utf16,15,Cid:NOT FOUND!!
00255dd4,TEXT,155dd4,ascii,6,&nbsp;
00255e04,TEXT,155e04,ascii,6,&quot;
00257be4,TEXT,157be4,ascii,7,[CDATA[
00257bec,TEXT,157bec,ascii,7,DOCTYPE
0025821c,TEXT,15821c,ascii,55,d:\\cibuild\\nlib\\exi\\sources\\nn/nlib/exi/core/ExiCoder.h
002584b8,TEXT,1584b8,ascii,58,d:\\cibuild\\nlib\\exi\\sources\\nn\\nlib\\exi\\core\\ExiString.cpp
00258c60,TEXT,158c60,ascii,58,d:\\cibuild\\nlib\\exi\\sources\\nn\\nlib\\exi\\core\\ExiString.cpp
00259e00,TEXT,159e00,ascii,59,d:\\cibuild\\nlib\\exi\\sources\\nn\\nlib\\exi\\core\\ExiDecoder.cpp
00259e3c,TEXT,159e3c,ascii,55,d:\\cibuild\\nlib\\exi\\sources\\nn/nlib/exi/core/ExiCoder.h
0025a9e8,TEXT,15a9e8,ascii,62,d:\\cibuild\\nlib\\exi\\sources\\nn\\nlib\\exi\\core\\StringDecoder.cpp
002622d4,TEXT,1622d4,ascii,57,%s/ninja/ws/my/wishlist/%llu/!delete?shop_id=1&_type=json
00262360,TEXT,162360,ascii,49,%s/ninja/ws/my/wishlist/!put?shop_id=1&_type=json
002628b8,TEXT,1628b8,ascii,9,T_text_00
002628c4,TEXT,1628c4,ascii,9,N_root_00
002628d0,TEXT,1628d0,ascii,12,N_nextPos_00
00262964,TEXT,162964,ascii,9,N_root_00
00262d18,TEXT,162d18,utf16,19,cad/Download.arc.lz
00262d47,TEXT,162d47,ascii,12,?finish_D_00
00262d54,TEXT,162d54,ascii,11,finish_D_02
00262d67,TEXT,162d67,ascii,10,?mask_D_00
00262d74,TEXT,162d74,ascii,12,N_nextPos_00
00262d84,TEXT,162d84,ascii,15,N_MsgOnlyPos_00
00262d94,TEXT,162d94,ascii,12,N_tchArea_00
002634a8,TEXT,1634a8,ascii,9,naMail_00
002634b4,TEXT,1634b4,ascii,14,N_naMailPos_00
002634c4,TEXT,1634c4,ascii,9,N_root_00
002634d4,TEXT,1634d4,ascii,9,decide_00
002634e0,TEXT,1634e0,ascii,10,invalid_00
002634ec,TEXT,1634ec,ascii,13,T_homeMenu_00
002635c8,TEXT,1635c8,ascii,9,cancel_00
00263acc,TEXT,163acc,ascii,12,N_nextPos_00
00263cf0,TEXT,163cf0,ascii,12,N_nextPos_00
00264a2f,TEXT,164a2f,ascii,13,?dialogB_D_00
00264a44,TEXT,164a44,ascii,8,inOut_00
00264a57,TEXT,164a57,ascii,13,?dialogB_D_01
00264a84,TEXT,164a84,ascii,9,button_00
00264a90,TEXT,164a90,ascii,9,SE_CANCEL
002651a7,TEXT,1651a7,ascii,14,?cardInfo_U_01
002651c8,TEXT,1651c8,ascii,13,T_cardName_00
002651e0,TEXT,1651e0,ascii,15,T_cardNumber_00
002651f0,TEXT,1651f0,ascii,15,Credit_txt02_08
00265200,TEXT,165200,ascii,13,T_limitDay_00
00265210,TEXT,165210,ascii,15,Credit_txt02_09
00266067,TEXT,166067,ascii,15,?buyDialog_D_00
00266078,TEXT,166078,ascii,8,inOut_00
0026608f,TEXT,16608f,ascii,15,?buyDialog_D_01
002660af,TEXT,1660af,ascii,15,?ratingTxt_D_00
002660c0,TEXT,1660c0,ascii,12,T_message_00
002660d0,TEXT,1660d0,ascii,12,T_message_02
002660e0,TEXT,1660e0,ascii,12,T_message_03
002660f0,TEXT,1660f0,ascii,9,P_line_00
002660fc,TEXT,1660fc,ascii,9,P_line_01
00266108,TEXT,166108,ascii,9,P_line_02
00266114,TEXT,166114,ascii,9,P_line_03
00266120,TEXT,166120,ascii,14,ratingTxt_D_01
00266130,TEXT,166130,ascii,9,N_stop_00
00266158,TEXT,166158,ascii,9,cancel_00
00266164,TEXT,166164,ascii,9,decide_00
00266a77,TEXT,166a77,ascii,13,?message_U_00
00266a88,TEXT,166a88,ascii,12,T_message_00
00266a98,TEXT,166a98,ascii,21,TitleInfo_CTtext01_04
00266ab7,TEXT,166ab7,ascii,18,?positionList_D_00
00266acc,TEXT,166acc,ascii,16,contentsPos_D_00
00266ae0,TEXT,166ae0,ascii,12,listBtn_D_00
00266af0,TEXT,166af0,ascii,12,listBtn_D_01
00266f64,TEXT,166f64,ascii,12,N_tchArea_00
00266fbb,TEXT,166fbb,ascii,25,BTitleInfo_CTheading01_01
00267540,TEXT,167540,ascii,9,star_D_00
00267550,TEXT,167550,ascii,6,off_00
0026755f,TEXT,16755f,ascii,10,?N_root_00
0026756c,TEXT,16756c,ascii,9,N_root_01
0026879f,TEXT,16879f,ascii,16,?backBtnPos_D_00
00269207,TEXT,169207,ascii,10,?text_D_00
00269214,TEXT,169214,ascii,9,N_root_00
00269220,TEXT,169220,ascii,9,T_text_00
002693b0,TEXT,1693b0,ascii,12,N_nextPos_00
00269f9f,TEXT,169f9f,ascii,13,?message_U_00
00269fb0,TEXT,169fb0,ascii,12,T_message_00
0026a77f,TEXT,16a77f,ascii,15,?adrsCheck_U_00
0026a790,TEXT,16a790,ascii,12,T_message_00
0026a7a0,TEXT,16a7a0,ascii,19,AddressSet_txt01_01
0026a7b4,TEXT,16a7b4,ascii,8,N_USA_00
0026a7c0,TEXT,16a7c0,ascii,12,T_message_13
0026a7d0,TEXT,16a7d0,ascii,19,AddressSet_txt01_06
0026a7e4,TEXT,16a7e4,ascii,12,T_message_15
0026a7f4,TEXT,16a7f4,ascii,11,N_Canada_00
0026a800,TEXT,16a800,ascii,12,T_message_09
0026a814,TEXT,16a814,ascii,12,T_message_10
0026a824,TEXT,16a824,ascii,12,T_message_11
0026a834,TEXT,16a834,ascii,12,T_message_12
0026b587,TEXT,16b587,ascii,13,?message_U_00
0026b598,TEXT,16b598,ascii,12,T_message_00
0026b5a8,TEXT,16b5a8,ascii,19,AddressSet_txt02_01
0026b5bc,TEXT,16b5bc,ascii,12,adrsZip_D_00
0026b5cc,TEXT,16b5cc,ascii,19,AddressSet_txt02_05
0026b5e0,TEXT,16b5e0,ascii,10,T_input_00
0026b604,TEXT,16b604,ascii,8,input_00
0026b617,TEXT,16b617,ascii,22,?AddressSet_title02_01
0026c298,TEXT,16c298,ascii,21,AddressSet_title01_01
0026e75c,TEXT,16e75c,ascii,10,point_U_00
0026e76c,TEXT,16e76c,ascii,10,T_point_00
0026e778,TEXT,16e778,ascii,15,Common_txt01_01
0026edef,TEXT,16edef,ascii,13,?finishB_U_00
0026ee04,TEXT,16ee04,ascii,12,finishA_U_00
0026ee14,TEXT,16ee14,ascii,15,Regi_title01_02
0026ee24,TEXT,16ee24,ascii,17,Download_title_02
0026f1f8,TEXT,16f1f8,ascii,10,OKBtn_D_00
0026f208,TEXT,16f208,ascii,7,T_OK_00
0026f210,TEXT,16f210,ascii,7,T_OK_01
0026f36c,TEXT,16f36c,ascii,12,N_nextPos_00
0026f8ef,TEXT,16f8ef,ascii,17,?ErrorDialog_D_00
0026f908,TEXT,16f908,ascii,8,inOut_00
0026f91f,TEXT,16f91f,ascii,17,?ErrorDialog_D_01
0026f938,TEXT,16f938,utf16,9,%03d-%04d
0026f94c,TEXT,16f94c,ascii,12,T_message_01
0026f95c,TEXT,16f95c,ascii,10,T_close_00
0026f968,TEXT,16f968,ascii,10,T_close_01
0026f990,TEXT,16f990,ascii,8,close_00
0026f99c,TEXT,16f99c,ascii,12,T_message_00
002706df,TEXT,1706df,ascii,12,?dialog_D_04
002706f0,TEXT,1706f0,ascii,8,inOut_00
00270707,TEXT,170707,ascii,12,?dialog_D_05
00270714,TEXT,170714,ascii,11,dialog_D_06
00270727,TEXT,170727,ascii,12,?dialog_D_07
00270734,TEXT,170734,ascii,12,T_message_00
00270754,TEXT,170754,ascii,11,T_button_00
00270760,TEXT,170760,ascii,11,T_button_01
00270778,TEXT,170778,ascii,9,button_00
00270784,TEXT,170784,ascii,11,T_cancel_00
00270790,TEXT,170790,ascii,11,T_cancel_01
0027079c,TEXT,17079c,ascii,9,cancel_00
002707a8,TEXT,1707a8,ascii,11,T_decide_00
002707b4,TEXT,1707b4,ascii,11,T_decide_01
002707c0,TEXT,1707c0,ascii,9,decide_00
00270a00,TEXT,170a00,ascii,9,N_stop_00
00272c87,TEXT,172c87,ascii,9,?con_U_00
00272c9f,TEXT,172c9f,ascii,14,?position_D_00
00272cd4,TEXT,172cd4,ascii,14,Setup_txt01_05
00272ce8,TEXT,172ce8,ascii,14,Setup_txt01_01
00272cf8,TEXT,172cf8,ascii,14,Setup_btn01_07
00272d08,TEXT,172d08,ascii,14,Setup_btn01_08
00272d18,TEXT,172d18,ascii,14,Setup_btn01_18
00272d28,TEXT,172d28,ascii,14,Setup_btn01_14
00272d38,TEXT,172d38,ascii,14,Setup_btn01_11
00272d48,TEXT,172d48,ascii,14,Setup_btn01_10
00273138,TEXT,173138,ascii,14,Setup_btn01_21
00273148,TEXT,173148,ascii,14,Setup_txt01_02
00273158,TEXT,173158,ascii,14,Setup_btn01_13
00273168,TEXT,173168,ascii,14,Setup_btn01_12
00273178,TEXT,173178,ascii,14,Setup_btn01_16
00273188,TEXT,173188,ascii,14,Setup_txt01_03
00273198,TEXT,173198,ascii,10,N_start_00
002734d4,TEXT,1734d4,ascii,16,Setup_title01_01
00273b4a,TEXT,173b4a,utf16,20,<cad/Register.arc.lz
00273de6,TEXT,173de6,utf16,20,<cad/Register.arc.lz
0027517f,TEXT,17517f,ascii,13,?listPos_D_01
00275190,TEXT,175190,ascii,8,chage_00
0027519c,TEXT,17519c,ascii,10,T_label_00
002751a8,TEXT,1751a8,ascii,12,listBtn_D_00
002751b8,TEXT,1751b8,ascii,12,listBtn_D_01
002751c8,TEXT,1751c8,ascii,15,Search_btn04_04
0027584c,TEXT,17584c,ascii,9,button_00
00275860,TEXT,175860,ascii,9,N_root_00
0027586c,TEXT,17586c,ascii,12,N_picture_00
0027587c,TEXT,17587c,ascii,11,T_button_00
00275888,TEXT,175888,ascii,15,Search_txt03_07
00275898,TEXT,175898,ascii,11,T_button_01
0027594c,TEXT,17594c,ascii,9,P_line_00
00275958,TEXT,175958,ascii,11,B_button_00
00275caf,TEXT,175caf,ascii,13,?listBtn_D_01
00275cc4,TEXT,175cc4,ascii,9,N_root_00
00275cd4,TEXT,175cd4,ascii,11,T_button_00
00275ce0,TEXT,175ce0,ascii,15,Search_btn04_04
00275cf0,TEXT,175cf0,ascii,11,T_button_01
00276804,TEXT,176804,ascii,13,SE_DECIDE_SUB
00276d17,TEXT,176d17,ascii,12,?dialog_U_01
00276d28,TEXT,176d28,ascii,10,T_title_00
00276d34,TEXT,176d34,ascii,12,T_message_00
00276d44,TEXT,176d44,ascii,8,inOut_00
00276e30,TEXT,176e30,ascii,8,inOut_00
00279eb7,TEXT,179eb7,ascii,11,?title_D_00
00279ec4,TEXT,179ec4,ascii,10,T_title_00
00279ed0,TEXT,179ed0,ascii,12,listPos_D_00
00279ee0,TEXT,179ee0,ascii,13,softlist_D_00
00279ef0,TEXT,179ef0,ascii,13,softlist_D_01
00279f00,TEXT,179f00,ascii,12,N_nextPos_00
0027a19c,TEXT,17a19c,ascii,12,listBtn_D_00
0027a1ac,TEXT,17a1ac,ascii,9,N_root_00
0027a1b8,TEXT,17a1b8,ascii,12,T_listBtn_00
0027a1c8,TEXT,17a1c8,ascii,12,T_listBtn_01
0027a1e8,TEXT,17a1e8,ascii,10,listBtn_00
0027a1f4,TEXT,17a1f4,ascii,12,B_listBtn_00
0027a5c0,TEXT,17a5c0,ascii,11,T_cancel_00
0027a5cc,TEXT,17a5cc,ascii,11,T_cancel_01
0027a5d8,TEXT,17a5d8,ascii,11,T_decide_00
0027a5e4,TEXT,17a5e4,ascii,11,T_decide_01
0027ad24,TEXT,17ad24,ascii,12,message_D_00
0027ad34,TEXT,17ad34,ascii,12,T_message_00
0027ad44,TEXT,17ad44,ascii,12,N_nextPos_00
0027ad54,TEXT,17ad54,ascii,9,N_root_00
0027d236,TEXT,17d236,utf16,18,<cad/Config.arc.lz
0027d26f,TEXT,17d26f,ascii,13,?message_U_00
0027d284,TEXT,17d284,ascii,12,T_message_00
0027d294,TEXT,17d294,ascii,17,Exchange_txt01_01
0027d2a8,TEXT,17d2a8,ascii,13,position_D_04
0027d2b8,TEXT,17d2b8,ascii,10,input_D_00
0027d2e0,TEXT,17d2e0,ascii,8,input_00
0027d2ec,TEXT,17d2ec,ascii,10,T_input_00
0027d2f8,TEXT,17d2f8,ascii,10,QRBtn_D_00
0027d308,TEXT,17d308,ascii,12,N_QRBtn_D_00
0027d318,TEXT,17d318,ascii,9,button_00
0027d330,TEXT,17d330,ascii,15,CommonBtn_01_04
0027d340,TEXT,17d340,ascii,15,CommonBtn_01_03
0027d357,TEXT,17d357,ascii,20,?Exchange_title01_01
0027dd27,TEXT,17dd27,ascii,15,?deleteTop_U_00
0027dd38,TEXT,17dd38,ascii,12,T_message_02
0027dd48,TEXT,17dd48,ascii,12,T_message_01
0027dd58,TEXT,17dd58,ascii,15,Remove_title_01
0027e417,TEXT,17e417,ascii,16,?saveDialog_D_00
0027e42c,TEXT,17e42c,ascii,8,inOut_00
0027e438,TEXT,17e438,ascii,14,loadingIcon_00
0027ea44,TEXT,17ea44,ascii,9,N_root_00
0027f757,TEXT,17f757,ascii,13,?udtMask_D_00
0027f768,TEXT,17f768,ascii,12,udtList_D_00
0027f778,TEXT,17f778,ascii,14,udtList_D_00_D
0027f79f,TEXT,17f79f,ascii,12,?udtBtn_D_00
0027f7ac,TEXT,17f7ac,ascii,16,N_WishListBtn_00
0027f7c4,TEXT,17f7c4,ascii,12,noticeBtn_00
0027f7d4,TEXT,17f7d4,ascii,14,T_noticeBtn_00
0027f7e4,TEXT,17f7e4,ascii,15,Update_btn01_09
0027f7f4,TEXT,17f7f4,ascii,14,T_noticeBtn_01
0027f80f,TEXT,17f80f,ascii,12,?udtBar_D_00
0027f81c,TEXT,17f81c,ascii,16,N_WishlistBar_00
0027fc44,TEXT,17fc44,ascii,7,next_00
0027fc4c,TEXT,17fc4c,ascii,12,udtList_D_01
0027fc5c,TEXT,17fc5c,ascii,9,T_next_00
0027fc68,TEXT,17fc68,ascii,15,Update_btn01_05
0027fc78,TEXT,17fc78,ascii,9,T_next_01
0027fca0,TEXT,17fca0,ascii,15,Update_btn01_08
002800f0,TEXT,1800f0,ascii,15,Update_btn01_06
00280108,TEXT,180108,ascii,10,N_start_00
00280114,TEXT,180114,ascii,7,W_bg_00
00280284,TEXT,180284,ascii,11,finish_D_00
00280290,TEXT,180290,ascii,10,N_empty_00
0028029c,TEXT,18029c,ascii,12,T_message_00
002802ac,TEXT,1802ac,ascii,15,Update_txt05_02
002802bc,TEXT,1802bc,ascii,9,N_stop_00
0028112c,TEXT,18112c,ascii,8,CAPos_00
002817d8,TEXT,1817d8,ascii,13,scrollBG_D_00
002817ec,TEXT,1817ec,ascii,7,W_BG_00
002817f4,TEXT,1817f4,ascii,7,W_BG_01
002817fc,TEXT,1817fc,ascii,9,N_stop_00
0028180b,TEXT,18180b,ascii,10,AN_root_00
00282657,TEXT,182657,ascii,14,?infoRank_U_00
00282668,TEXT,182668,ascii,9,N_root_00
00283778,TEXT,183778,ascii,10,loading_00
002849c0,TEXT,1849c0,ascii,7,version
002849d0,TEXT,1849d0,ascii,8,priority
002849dc,TEXT,1849dc,ascii,9,beginYear
002849e8,TEXT,1849e8,ascii,10,beginMonth
002849f4,TEXT,1849f4,ascii,8,beginDay
00284a00,TEXT,184a00,ascii,9,beginHour
00284a0c,TEXT,184a0c,ascii,11,beginMinute
00284a18,TEXT,184a18,ascii,11,beginSecond
00284a24,TEXT,184a24,ascii,7,endYear
00284a2c,TEXT,184a2c,ascii,8,endMonth
00284a38,TEXT,184a38,ascii,6,endDay
00284a40,TEXT,184a40,ascii,7,endHour
00284a48,TEXT,184a48,ascii,9,endMinute
00284d5c,TEXT,184d5c,ascii,9,endSecond
00284d68,TEXT,184d68,ascii,10,indefinite
00284d74,TEXT,184d74,ascii,8,dataSize
00284d80,TEXT,184d80,ascii,14,loopStartFrame
00284d90,TEXT,184d90,ascii,12,loopEndFrame
00286607,TEXT,186607,ascii,14,?position_U_01
0028661c,TEXT,18661c,ascii,14,infoTitle_U_00
0028662c,TEXT,18662c,ascii,10,T_title_00
00286638,TEXT,186638,ascii,9,N_root_00
00286868,TEXT,186868,ascii,13,scrollBG_D_00
0028687c,TEXT,18687c,ascii,7,W_BG_00
00286884,TEXT,186884,ascii,7,W_BG_01
0028688f,TEXT,18688f,ascii,10,AN_root_00
00286d50,TEXT,186d50,ascii,9,N_stop_00
00286ef8,TEXT,186ef8,ascii,12,backBtn_D_00
00286f28,TEXT,186f28,ascii,7,back_00
00287220,TEXT,187220,ascii,12,T_highBtn_00
00287230,TEXT,187230,ascii,18,Search_result02_05
00287308,TEXT,187308,ascii,11,T_lowBtn_00
00287314,TEXT,187314,ascii,18,Search_result02_04
0028780c,TEXT,18780c,ascii,12,T_content_03
00287dcf,TEXT,187dcf,ascii,14,?position_D_00
00287de4,TEXT,187de4,ascii,12,listPos_D_00
00287df4,TEXT,187df4,ascii,10,T_label_00
00287e00,TEXT,187e00,ascii,12,listBtn_D_00
00287e10,TEXT,187e10,ascii,12,listBtn_D_01
00288af7,TEXT,188af7,ascii,14,?position_D_01
00288b0f,TEXT,188b0f,ascii,12,?search_D_00
00288b48,TEXT,188b48,ascii,12,searchBtn_00
00288b58,TEXT,188b58,ascii,12,N_tchArea_00
00288e97,TEXT,188e97,ascii,14,?B_clearBtn_00
0028ab4c,TEXT,18ab4c,ascii,14,error_txt01_53
0028b05f,TEXT,18b05f,ascii,14,?position_D_00
0028b070,TEXT,18b070,ascii,10,slideIn_00
0028b620,TEXT,18b620,ascii,12,N_tchArea_00
0028be5c,TEXT,18be5c,ascii,22,TitleInfo_PRheading_03
0028be74,TEXT,18be74,ascii,22,TitleInfo_heading01_06
0028c240,TEXT,18c240,ascii,18,TitleInfo_btn01_16
0028c704,TEXT,18c704,ascii,12,wishBtn_D_00
0028c714,TEXT,18c714,ascii,10,T_whish_00
0028c720,TEXT,18c720,ascii,18,TitleInfo_txt01_17
0028c734,TEXT,18c734,ascii,8,inOut_00
0028c754,TEXT,18c754,ascii,7,wish_00
0028c75c,TEXT,18c75c,ascii,14,N_wishBtn_D_00
0028c76c,TEXT,18c76c,ascii,9,N_root_00
0028cc30,TEXT,18cc30,ascii,9,T_info_00
0028cc3c,TEXT,18cc3c,ascii,9,T_info_01
0028cc48,TEXT,18cc48,ascii,9,N_info_00
0028d0a0,TEXT,18d0a0,ascii,9,N_info_00
0028d450,TEXT,18d450,ascii,7,%d.%02d
0028d65c,TEXT,18d65c,utf16,8,Age: %d\n
0028dc8f,TEXT,18dc8f,ascii,13,?message_U_00
0028dca4,TEXT,18dca4,ascii,12,T_message_00
0028dcb4,TEXT,18dcb4,ascii,15,Common_txt02_01
0028dccf,TEXT,18dccf,ascii,14,?position_D_01
0028dcf4,TEXT,18dcf4,ascii,12,message_D_00
0028dd04,TEXT,18dd04,ascii,12,N_nextPos_00
0028dd14,TEXT,18dd14,ascii,9,N_root_00
0028e3d7,TEXT,18e3d7,ascii,14,?register_U_00
0028e3e8,TEXT,18e3e8,ascii,9,T_hard_00
0028e3f4,TEXT,18e3f4,ascii,10,T_title_00
0028e400,TEXT,18e400,ascii,11,T_rating_00
0028e410,TEXT,18e410,ascii,10,T_block_01
0028e41c,TEXT,18e41c,ascii,20,MemoryCheck_txt01_03
0028e438,TEXT,18e438,ascii,12,T_message_00
0028e448,TEXT,18e448,ascii,9,P_icon_00
0028e454,TEXT,18e454,ascii,9,save_D_00
0028e468,TEXT,18e468,ascii,12,T_message_01
0028e47c,TEXT,18e47c,ascii,11,T_button_00
0028e48c,TEXT,18e48c,ascii,11,T_button_01
0028e498,TEXT,18e498,ascii,12,T_message_02
0028e5f8,TEXT,18e5f8,ascii,9,button_00
0028e60f,TEXT,18e60f,ascii,23,?MemoryCheck_title01_01
0028eb1f,TEXT,18eb1f,ascii,8,?BG_U_01
0028eb2c,TEXT,18eb2c,ascii,8,inOut_00
0028eb38,TEXT,18eb38,ascii,7,BG_D_01
0028f11f,TEXT,18f11f,ascii,12,?dialog_U_00
0028f130,TEXT,18f130,ascii,12,T_message_00
0028f140,TEXT,18f140,ascii,8,inOut_00
0028fdb0,TEXT,18fdb0,ascii,11,P_rating_00
0028fdbc,TEXT,18fdbc,ascii,7,W_BG_00
002901a8,TEXT,1901a8,ascii,14,T_message_%02d
002901c8,TEXT,1901c8,ascii,9,P_cd_%02d
002901d4,TEXT,1901d4,ascii,7,W_BG_00
00290e08,TEXT,190e08,ascii,9,T_page_00
00290e14,TEXT,190e14,ascii,20,TitleInfo_SSbtn01_02
00291278,TEXT,191278,ascii,11,P_icon_%02d
00291e57,TEXT,191e57,ascii,12,?dialog_D_03
00291e68,TEXT,191e68,ascii,12,T_message_00
00291e7c,TEXT,191e7c,ascii,12,T_message_01
00291e90,TEXT,191e90,ascii,12,T_message_02
00291ea0,TEXT,191ea0,ascii,11,T_decide_00
00291eb0,TEXT,191eb0,ascii,11,T_decide_01
00291ebc,TEXT,191ebc,ascii,8,inOut_00
00291ee4,TEXT,191ee4,ascii,9,cancel_00
00291ef0,TEXT,191ef0,ascii,9,decide_00
00292394,TEXT,192394,ascii,12,N_tchArea_00
00293380,TEXT,193380,ascii,13,SE_DECIDE_SUB
002936df,TEXT,1936df,ascii,13,?lookBtn_D_00
002936f4,TEXT,1936f4,ascii,9,P_line_00
0029371c,TEXT,19371c,ascii,7,look_00
00293724,TEXT,193724,ascii,12,N_nextPos_00
00293a8f,TEXT,193a8f,ascii,11,?other_D_00
00293a9c,TEXT,193a9c,ascii,10,T_title_00
00293aa8,TEXT,193aa8,ascii,9,T_text_00
00293ab4,TEXT,193ab4,ascii,12,N_nextPos_00
00293c6f,TEXT,193c6f,ascii,11,?other_D_00
00293c7c,TEXT,193c7c,ascii,10,T_title_00
00293c88,TEXT,193c88,ascii,9,T_text_00
00293c94,TEXT,193c94,ascii,12,N_nextPos_00
002943dc,TEXT,1943dc,ascii,6,out_00
002946a2,TEXT,1946a2,utf16,20,<cad/Download.arc.lz
002946d7,TEXT,1946d7,ascii,13,?finishB_U_00
00294ae8,TEXT,194ae8,ascii,15,error_txt01_107
00294b14,TEXT,194b14,ascii,14,error_txt01_53
00294d98,TEXT,194d98,ascii,14,loadingIcon_00
00294db4,TEXT,194db4,ascii,9,N_root_00
00295137,TEXT,195137,ascii,12,?finish_U_00
0029514c,TEXT,19514c,ascii,12,BGDLPos_D_00
0029515c,TEXT,19515c,ascii,15,Regi_title01_02
00295180,TEXT,195180,ascii,18,Regi_thankyou02_04
00295194,TEXT,195194,ascii,18,Regi_thankyou02_03
002951af,TEXT,1951af,ascii,6,?SE_OK
002951cc,TEXT,1951cc,ascii,12,noticeBtn_00
002951dc,TEXT,1951dc,ascii,13,T_thankyou_00
002951ec,TEXT,1951ec,ascii,18,Regi_thankyou01_01
00295200,TEXT,195200,ascii,12,T_message_00
00295210,TEXT,195210,ascii,18,Regi_thankyou02_01
0029539c,TEXT,19539c,ascii,15,Regi_title01_03
002953ac,TEXT,1953ac,ascii,18,Regi_thankyou01_03
002953c0,TEXT,1953c0,ascii,18,Regi_thankyou02_06
00295c6f,TEXT,195c6f,ascii,15,?error_txt01_64
002969ec,TEXT,1969ec,ascii,6,.bclyt
0029a9f6,TEXT,19a9f6,utf16,6,;tiger
002a7410,TEXT,1a7410,ascii,53,"std::ios::badbit, std::ios::failbit, std::ios::eofbit"
002a7448,TEXT,1a7448,ascii,12,user-defined
002a7460,TEXT,1a7460,ascii,15,"badbit, failbit"
002a7470,TEXT,1a7470,ascii,14,"badbit, eofbit"
002a7480,TEXT,1a7480,ascii,15,"failbit, eofbit"
002a7532,TEXT,1a7532,ascii,6,EIaa v
002a7b32,TEXT,1a7b32,ascii,7,0m8C0e0
002a7b71,TEXT,1a7b71,ascii,6,C eT!8
002a8e39,TEXT,1a8e39,ascii,6,0 `)h2
002ce02b,TEXT,1ce02b,ascii,9,C33s?33s?
002d2e70,TEXT,1d2e70,ascii,12,CSTPINFOPDAT
002e1974,TEXT,1e1974,utf16,17,cad/Config.arc.lz
002e253f,TEXT,1e253f,ascii,10,?nnid_D_00
002e2550,TEXT,1e2550,ascii,10,T_label_00
002e255c,TEXT,1e255c,ascii,12,T_message_00
002e256c,TEXT,1e256c,ascii,12,T_message_01
002e257c,TEXT,1e257c,ascii,12,T_message_02
002e258c,TEXT,1e258c,ascii,12,T_message_03
002e259c,TEXT,1e259c,ascii,9,P_line_00
002e25a8,TEXT,1e25a8,ascii,10,OKBtn_D_00
002e25b4,TEXT,1e25b4,ascii,20,BootAccount_txt01_01
002e25cc,TEXT,1e25cc,ascii,20,BootAccount_txt01_02
002e25e4,TEXT,1e25e4,ascii,20,BootAccount_txt01_03
002e25fc,TEXT,1e25fc,ascii,20,BootAccount_txt01_04
002e2614,TEXT,1e2614,ascii,20,BootAccount_txt01_05
002e2a1b,TEXT,1e2a1b,ascii,24,?BootCountryChg_dlg05_02
002e2a34,TEXT,1e2a34,ascii,23,BootCountryChg_dlg05_01
002e317f,TEXT,1e317f,ascii,13,?message_U_00
002e3190,TEXT,1e3190,ascii,12,T_message_00
002e31a0,TEXT,1e31a0,ascii,23,BootCountryChg_txt01_01
002e31bf,TEXT,1e31bf,ascii,14,?position_D_00
002e31d7,TEXT,1e31d7,ascii,13,?message_D_00
002e31e8,TEXT,1e31e8,ascii,9,T_text_00
002e31f4,TEXT,1e31f4,ascii,12,N_nextPos_00
002e3204,TEXT,1e3204,ascii,23,BootCountryChg_txt01_02
002e36cc,TEXT,1e36cc,ascii,23,BootCountryChg_dlg02_05
002e36e4,TEXT,1e36e4,ascii,23,BootCountryChg_dlg02_04
002e3eef,TEXT,1e3eef,ascii,12,?dialog_U_00
002e3efc,TEXT,1e3efc,ascii,10,T_title_00
002e3f08,TEXT,1e3f08,ascii,25,BootCountryChg_title02_01
002e3f24,TEXT,1e3f24,ascii,8,N_yes_00
002e3f30,TEXT,1e3f30,ascii,7,N_no_00
002e3f38,TEXT,1e3f38,ascii,12,T_country_00
002e3f48,TEXT,1e3f48,ascii,12,T_country_01
002e3f58,TEXT,1e3f58,ascii,10,T_money_00
002e3f64,TEXT,1e3f64,ascii,10,T_money_01
002e3f70,TEXT,1e3f70,ascii,25,BootCountryChg_title01_01
002e3f8c,TEXT,1e3f8c,ascii,12,T_country_02
002e3f9c,TEXT,1e3f9c,ascii,12,T_country_03
002e3fac,TEXT,1e3fac,ascii,8,inOut_00
002e3fb8,TEXT,1e3fb8,ascii,11,dialog_D_00
002e3fe0,TEXT,1e3fe0,ascii,9,cancel_00
002e3fec,TEXT,1e3fec,ascii,9,decide_00
002e42e7,TEXT,1e42e7,ascii,13,?message_D_01
002e42f8,TEXT,1e42f8,ascii,9,T_text_01
002e4304,TEXT,1e4304,ascii,12,N_nextPos_00
002e4314,TEXT,1e4314,ascii,9,T_text_00
002e4320,TEXT,1e4320,ascii,9,N_root_00
002e4438,TEXT,1e4438,ascii,6,bow_00
002e4560,TEXT,1e4560,ascii,6,out_00
002e45c8,TEXT,1e45c8,ascii,7,wait_00
002e46ac,TEXT,1e46ac,ascii,6,out_01
002e4a5f,TEXT,1e4a5f,ascii,12,?splash_U_00
002e4a6c,TEXT,1e4a6c,ascii,9,region_00
002e4a80,TEXT,1e4a80,ascii,14,loadingIcon_00
002e4a90,TEXT,1e4a90,ascii,11,splash_D_00
002e5320,TEXT,1e5320,ascii,6,out_00
002e5410,TEXT,1e5410,ascii,6,out_01
002e553c,TEXT,1e553c,ascii,12,balloonIn_00
002e5680,TEXT,1e5680,ascii,7,wait_00
002e5997,TEXT,1e5997,ascii,13,?welcome_U_00
002e59b0,TEXT,1e59b0,ascii,12,welcome_D_00
002e5b1c,TEXT,1e5b1c,ascii,10,loading_00
002e5d90,TEXT,1e5d90,ascii,14,loadingIcon_00
002e648c,TEXT,1e648c,ascii,13,cbf_std.bcfnt
002e649c,TEXT,1e649c,utf16,17,cad/Common.arc.lz
002e64c2,TEXT,1e64c2,utf16,21,Ccad/CommonBtn.arc.lz
002e64f2,TEXT,1e64f2,utf16,21,Ccad/CommonWin.arc.lz
002e6550,TEXT,1e6550,ascii,19,CommonSWKB_btn01_01
002e6564,TEXT,1e6564,ascii,19,CommonSWKB_btn01_02
002e657f,TEXT,1e657f,ascii,8,?BG_U_00
002e658c,TEXT,1e658c,ascii,7,BG_D_00
002e73e7,TEXT,1e73e7,ascii,8,?BG_U_00
002e73f4,TEXT,1e73f4,ascii,8,inOut_00
002e7400,TEXT,1e7400,ascii,7,BG_D_00
002ea738,TEXT,1ea738,ascii,11,touchOff_00
002ea744,TEXT,1ea744,ascii,10,touchOn_00
002ea750,TEXT,1ea750,ascii,10,invalid_00
002ebcb8,TEXT,1ebcb8,ascii,32,71a6f5d6430ea0183e3917787d717c46
002ed550,TEXT,1ed550,ascii,10,touchOn_00
002ed55c,TEXT,1ed55c,ascii,10,invalid_00
002edc6c,TEXT,1edc6c,utf16,6,sdmc:/
002edd88,TEXT,1edd88,utf16,6,sdmc:/
002ef3af,TEXT,1ef3af,ascii,15,@HomeNixSign_00
002f1632,TEXT,1f1632,utf16,6,>.msbt
002f1640,TEXT,1f1640,utf16,8,/RI.mstl
002f1654,TEXT,1f1654,utf16,8,.msbt.lz
002f1668,TEXT,1f1668,utf16,11,/RI.mstl.lz
002f1c48,TEXT,1f1c48,ascii,10,touchOn_00
002f4ee0,TEXT,1f4ee0,ascii,9,N_root_00
002f4eec,TEXT,1f4eec,ascii,11,N_button_00
002f5217,TEXT,1f5217,ascii,14,?download_D_02
002f5228,TEXT,1f5228,ascii,12,listBtn_D_01
002f523c,TEXT,1f523c,ascii,11,T_button_00
002f5248,TEXT,1f5248,ascii,17,Download_txt02_12
002f525c,TEXT,1f525c,ascii,11,T_button_01
002f5268,TEXT,1f5268,ascii,9,N_root_00
002f5274,TEXT,1f5274,ascii,11,N_button_00
002f5294,TEXT,1f5294,ascii,9,button_00
002f5528,TEXT,1f5528,ascii,8,N_new_00
002f5534,TEXT,1f5534,ascii,13,T_preorder_00
002f5544,TEXT,1f5544,ascii,15,Shelf_icon01_10
002f5554,TEXT,1f5554,ascii,13,N_preorder_00
002f5564,TEXT,1f5564,ascii,9,T_sale_00
002f5570,TEXT,1f5570,ascii,15,Shelf_icon01_08
002f5580,TEXT,1f5580,ascii,9,N_sale_00
002f558c,TEXT,1f558c,ascii,13,T_discount_00
002f559c,TEXT,1f559c,ascii,15,Shelf_icon01_09
002f55ac,TEXT,1f55ac,ascii,13,N_discount_00
002f57b4,TEXT,1f57b4,ascii,8,N_new_00
002f57c0,TEXT,1f57c0,ascii,13,T_preorder_00
002f57d0,TEXT,1f57d0,ascii,15,Shelf_icon01_10
002f57e0,TEXT,1f57e0,ascii,13,N_preorder_00
002f5d4c,TEXT,1f5d4c,ascii,11,P_banner_00
002f5d5c,TEXT,1f5d5c,ascii,10,T_title_00
002f5d68,TEXT,1f5d68,ascii,10,N_title_00
002f5d74,TEXT,1f5d74,ascii,9,N_sale_00
002f5d80,TEXT,1f5d80,ascii,13,N_discount_00
002f5d90,TEXT,1f5d90,ascii,13,N_preorder_00
002f5da0,TEXT,1f5da0,ascii,8,T_new_00
002f5dac,TEXT,1f5dac,ascii,15,Shelf_icon01_01
002f5dbc,TEXT,1f5dbc,ascii,8,N_new_00
002f5dc8,TEXT,1f5dc8,ascii,9,P_icon_00
002f6100,TEXT,1f6100,ascii,10,Sinfo_D_00
002f6274,TEXT,1f6274,ascii,13,T_genreBtn_00
002f6284,TEXT,1f6284,ascii,13,T_genreBtn_01
002f6294,TEXT,1f6294,ascii,18,Search_result02_02
002f6614,TEXT,1f6614,ascii,12,T_hardBtn_00
002f6624,TEXT,1f6624,ascii,12,T_hardBtn_01
002f6634,TEXT,1f6634,ascii,18,Search_result02_06
002f6740,TEXT,1f6740,ascii,13,T_makerBtn_00
002f6750,TEXT,1f6750,ascii,13,T_makerBtn_01
002f6760,TEXT,1f6760,ascii,18,Search_result02_03
002f6f24,TEXT,1f6f24,ascii,10,Sinfo_D_00
002f6f3c,TEXT,1f6f3c,ascii,17,NewTitle_txt03_03
002f6f80,TEXT,1f6f80,ascii,17,NewTitle_txt02_02
002f6f94,TEXT,1f6f94,ascii,17,NewTitle_txt02_01
002f7104,TEXT,1f7104,ascii,12,T_content_01
002f7114,TEXT,1f7114,ascii,18,Search_result01_07
002f71bc,TEXT,1f71bc,ascii,12,T_content_03
002f71cc,TEXT,1f71cc,ascii,18,Search_result01_03
002f74ff,TEXT,1f74ff,ascii,12,?search_U_00
002f750c,TEXT,1f750c,ascii,9,T_item_00
002f7518,TEXT,1f7518,ascii,15,Search_txt02_06
002f7528,TEXT,1f7528,ascii,12,T_content_00
002f753c,TEXT,1f753c,ascii,9,T_item_01
002f7548,TEXT,1f7548,ascii,15,Search_txt02_07
002f7558,TEXT,1f7558,ascii,9,T_item_02
002f7564,TEXT,1f7564,ascii,15,Search_txt02_03
002f7574,TEXT,1f7574,ascii,9,T_item_03
002f7580,TEXT,1f7580,ascii,15,Search_txt02_04
002f759c,TEXT,1f759c,ascii,11,search_U_01
002f7684,TEXT,1f7684,ascii,12,T_content_02
002f7694,TEXT,1f7694,ascii,18,Search_result01_02
002f7800,TEXT,1f7800,ascii,10,Sinfo_D_00
002f7c8c,TEXT,1f7c8c,ascii,19,MbP?changeDisp_U_02
002f7ca4,TEXT,1f7ca4,ascii,10,T_title_00
002f7cb0,TEXT,1f7cb0,ascii,15,Shelf_result_01
002f7cc4,TEXT,1f7cc4,ascii,12,T_content_00
002f7cd4,TEXT,1f7cd4,ascii,12,T_content_01
002f7ce4,TEXT,1f7ce4,ascii,12,T_content_02
002f7cf8,TEXT,1f7cf8,ascii,14,T_condition_01
002f7d4c,TEXT,1f7d4c,ascii,14,T_condition_01
002f7fef,TEXT,1f7fef,ascii,6,?SE_OK
002f82ff,TEXT,1f82ff,ascii,10,?N_root_00
002f8477,TEXT,1f8477,ascii,6,?SE_OK
002f8e80,TEXT,1f8e80,ascii,17,NewTitle_dlg03_01
002f9744,TEXT,1f9744,ascii,16,Ranking_btn02_01
002f999c,TEXT,1f999c,ascii,17,NewTitle_dlg03_01
002f9e38,TEXT,1f9e38,ascii,12,N_dlgArea_00
002fa8f7,TEXT,1fa8f7,ascii,13,?dialogB_D_00
002fa90c,TEXT,1fa90c,ascii,8,inOut_00
002fa91f,TEXT,1fa91f,ascii,13,?dialogB_D_01
002fa937,TEXT,1fa937,ascii,14,?position_D_03
002fa948,TEXT,1fa948,ascii,9,N_root_00
002fa954,TEXT,1fa954,ascii,11,N_dialog_00
002fa984,TEXT,1fa984,ascii,12,N_tchArea_00
002fb344,TEXT,1fb344,ascii,9,button_00
002fb350,TEXT,1fb350,ascii,9,SE_CANCEL
002fc364,TEXT,1fc364,ascii,10,T_legal_00
002fc378,TEXT,1fc378,ascii,10,T_price_00
002fc388,TEXT,1fc388,ascii,14,Shelf_txt01_08
002fc398,TEXT,1fc398,ascii,14,Shelf_txt01_15
002fc3ac,TEXT,1fc3ac,ascii,14,Shelf_txt01_19
002fc3bc,TEXT,1fc3bc,ascii,14,Shelf_txt01_16
002fc3cc,TEXT,1fc3cc,ascii,14,Shelf_txt01_21
002fc6d8,TEXT,1fc6d8,ascii,14,Shelf_txt01_22
002fc6e8,TEXT,1fc6e8,ascii,14,Shelf_txt01_17
002fc6f8,TEXT,1fc6f8,ascii,14,Shelf_txt01_20
002fc708,TEXT,1fc708,ascii,14,Shelf_txt01_01
002fc718,TEXT,1fc718,ascii,10,T_price_01
002fc724,TEXT,1fc724,ascii,11,P_strike_00
002fc733,TEXT,1fc733,ascii,11,?N_right_00
002fc740,TEXT,1fc740,ascii,9,N_left_00
002fca7c,TEXT,1fca7c,ascii,10,T_tiger_00
002fca88,TEXT,1fca88,ascii,14,Shelf_txt01_18
002fca98,TEXT,1fca98,ascii,9,T_shop_00
002fcaa4,TEXT,1fcaa4,ascii,14,Shelf_txt01_14
002fcbe8,TEXT,1fcbe8,ascii,9,N_root_00
002fd407,TEXT,1fd407,ascii,13,?message_D_00
002fd8bc,TEXT,1fd8bc,ascii,14,Shelf_title_04
002fdea0,TEXT,1fdea0,ascii,14,Shelf_title_04
002ff9d8,TEXT,1ff9d8,ascii,15,Search_btn04_02
002ff9e8,TEXT,1ff9e8,ascii,15,Search_txt04_02
002ffc44,TEXT,1ffc44,ascii,15,Search_btn04_03
002ffc54,TEXT,1ffc54,ascii,15,Search_txt04_03
003003c2,TEXT,2003c2,utf16,18,Ccad/Search.arc.lz
00300be0,TEXT,200be0,ascii,10,T_title_00
00300bec,TEXT,200bec,ascii,15,Shelf_result_01
00300c08,TEXT,200c08,ascii,9,T_item_00
00300c14,TEXT,200c14,ascii,15,Shelf_result_16
00300c24,TEXT,200c24,ascii,9,T_item_01
00300c30,TEXT,200c30,ascii,15,Shelf_result_15
00300c40,TEXT,200c40,ascii,9,T_item_02
00300c4c,TEXT,200c4c,ascii,15,Shelf_result_05
00300c5c,TEXT,200c5c,ascii,9,T_item_03
00300c68,TEXT,200c68,ascii,15,Shelf_result_06
00300c78,TEXT,200c78,ascii,12,T_content_00
00300c88,TEXT,200c88,ascii,12,T_content_01
00300c98,TEXT,200c98,ascii,12,T_content_02
00300ca8,TEXT,200ca8,ascii,12,T_content_03
00300cb8,TEXT,200cb8,ascii,12,T_keyword_01
00300ee4,TEXT,200ee4,ascii,15,Shelf_result_07
00300f40,TEXT,200f40,ascii,14,T_condition_01
003011a0,TEXT,2011a0,ascii,7,P_BG_00
003011af,TEXT,2011af,ascii,10,?sale_U_00
0030152f,TEXT,20152f,ascii,10,?sale_U_00
00301544,TEXT,201544,ascii,13,T_discount_00
00301554,TEXT,201554,ascii,17,Shelf_banner01_07
00301568,TEXT,201568,ascii,13,T_discount_01
00301578,TEXT,201578,ascii,17,Shelf_banner01_08
0030158c,TEXT,20158c,ascii,10,N_price_00
00301598,TEXT,201598,ascii,7,N_TW_00
003015a0,TEXT,2015a0,ascii,11,P_strike_00
003015ac,TEXT,2015ac,ascii,17,Shelf_banner01_01
003015c0,TEXT,2015c0,ascii,17,Shelf_banner01_02
003015d8,TEXT,2015d8,ascii,13,N_discount_00
003015e8,TEXT,2015e8,ascii,9,change_00
003015f4,TEXT,2015f4,ascii,9,T_sale_00
00301600,TEXT,201600,ascii,17,Shelf_banner01_06
003017a8,TEXT,2017a8,ascii,17,Shelf_banner01_03
003017bc,TEXT,2017bc,ascii,17,Shelf_banner01_04
003017d0,TEXT,2017d0,ascii,17,Shelf_banner01_05
00301b20,TEXT,201b20,ascii,14,loadingIcon_00
00301d38,TEXT,201d38,ascii,10,N_title_00
00301d44,TEXT,201d44,ascii,9,change_00
0030387c,TEXT,20387c,ascii,47,error: reader could not change its packet size\n
00304420,TEXT,204420,ascii,62,MoLive::Allocator: not enough memory to allocate %d bytes !!!\n
00305714,TEXT,205714,ascii,30,ReadEp: cannot find stream %d\n
00305738,TEXT,205738,ascii,29,Ep goes beyond end of packet\n
00305758,TEXT,205758,ascii,35,ReadEp: stream %d already disabled\n
003060dc,TEXT,2060dc,ascii,13,rating_system
003060ec,TEXT,2060ec,ascii,6,rating
003060fa,TEXT,2060fa,utf16,22,CRATING id:NOT FOUND!!
0030667c,TEXT,20667c,ascii,16,AgeGate_txt02_01
00306690,TEXT,206690,ascii,18,AgeGate_title01_01
003066a7,TEXT,2066a7,ascii,17,?AgeGate_txt02_02
00306acc,TEXT,206acc,ascii,16,AgeGate_txt01_01
00306ae0,TEXT,206ae0,ascii,18,AgeGate_title01_01
00306aff,TEXT,206aff,ascii,14,?birthday_D_00
00306b14,TEXT,206b14,ascii,13,birthday_D_01
00306b24,TEXT,206b24,ascii,10,T_month_00
00306b30,TEXT,206b30,ascii,16,AgeGate_txt01_03
00306b44,TEXT,206b44,ascii,8,T_day_00
00306b50,TEXT,206b50,ascii,16,AgeGate_txt01_04
00306b64,TEXT,206b64,ascii,8,inOut_00
00306b8c,TEXT,206b8c,ascii,9,button_00
00306bbc,TEXT,206bbc,ascii,6,Number
003071b4,TEXT,2071b4,ascii,6,.bclim
003087bc,TEXT,2087bc,ascii,6,normal
003087c4,TEXT,2087c4,utf16,14,id:NOT FOUND!!
003087e4,TEXT,2087e4,ascii,6,search
003087ec,TEXT,2087ec,ascii,7,ranking
003087f4,TEXT,2087f4,ascii,9,recommend
00308800,TEXT,208800,ascii,6,single
00308e5c,TEXT,208e5c,ascii,7,loop_00
003097b2,TEXT,2097b2,utf16,21,;strg:/characteristic
003097e0,TEXT,2097e0,utf16,12,strg:/rating
003097fc,TEXT,2097fc,utf16,19,strg:/ratingContent
0030a11c,TEXT,20a11c,utf16,12,TicketListUp
0030a138,TEXT,20a138,utf16,10,%ls=%lldms
0030a15a,TEXT,20a15a,utf16,14,CProgramListUp
0030c67c,TEXT,20c67c,ascii,11,card_number
0030e0d4,TEXT,20e0d4,ascii,7,IOZioz-
0030e0e8,TEXT,20e0e8,ascii,11,card_number
0030e0f4,TEXT,20e0f4,ascii,7,%016llX
0030e0fc,TEXT,20e0fc,ascii,7,titleId
0030e5dc,TEXT,20e5dc,ascii,9,raw_value
0030fd68,TEXT,20fd68,ascii,14,seed_published
0030fd7c,TEXT,20fd7c,ascii,13,external_seed
0030fd8c,TEXT,20fd8c,ascii,13,playable_date
0030fff0,TEXT,20fff0,utf16,28,PARSE PLAYABLE DATE FAILED!\n
0031002e,TEXT,21002e,utf16,27,>GET PLAYABLE DATE FAILED!\n
00311c84,TEXT,211c84,utf16,30,MessageText::processDataCore()
00311cc4,TEXT,211cc4,utf16,10,%ls=%lldms
00312b64,TEXT,212b64,ascii,24,%04d%02d%02d%02d%02d%02d
003134dc,TEXT,2134dc,ascii,11,description
00313858,TEXT,213858,ascii,9,traceable
00313864,TEXT,213864,ascii,7,receipt
00314a8c,TEXT,214a8c,ascii,18,loyalty_account_id
00314aa0,TEXT,214aa0,ascii,24,loyalty_account_password
003157ae,TEXT,2157ae,utf16,11,=%ls=%lldms
003164e4,TEXT,2164e4,ascii,7,%016llX
003164ec,TEXT,2164ec,ascii,11,friend_code
003168d8,TEXT,2168d8,ascii,7,%014llu
003168f4,TEXT,2168f4,ascii,6,gender
00318a88,TEXT,218a88,ascii,7,%014llu
00318ebc,TEXT,218ebc,ascii,8,title_id
00318ed6,TEXT,218ed6,utf16,11,=%ls=%lldms
003198d4,TEXT,2198d4,utf16,31,Unregister device from NPNS...\n
00319932,TEXT,219932,utf16,30,=Write device token to cfg...\n
00319970,TEXT,219970,utf16,27,FlushConfig failed (%08lx)\n
00319a28,TEXT,219a28,utf16,24,done (Unregister NPNS).\n
0031a36f,TEXT,21a36f,ascii,15,;Content-Length
0031a380,TEXT,21a380,ascii,13,Content-Range
0031b6d3,TEXT,21b6d3,ascii,15,;Content-Length
0031b6e4,TEXT,21b6e4,ascii,13,Content-Range
0031bce0,TEXT,21bce0,ascii,7,message
0031bce8,TEXT,21bce8,ascii,9,errorCode
0031c010,TEXT,21c010,ascii,11,Unknown(%d)
0031c023,TEXT,21c023,ascii,46,@\nW @TIGER-%.2f/%s-%s-%s_%s/%016llX-%016llX-%s
0031c564,TEXT,21c564,ascii,10,Connection
0031c570,TEXT,21c570,ascii,10,Keep-Alive
0031c57c,TEXT,21c57c,ascii,11,bytes=%u-%u
0031c588,TEXT,21c588,ascii,9,bytes=%u-
0031c59c,TEXT,21c59c,ascii,10,User-Agent
0031c5ac,TEXT,21c5ac,ascii,7,Referer
0031de0c,TEXT,21de0c,ascii,6,Accept
0031de14,TEXT,21de14,ascii,15,application/xml
0031de24,TEXT,21de24,ascii,16,application/json
0031e448,TEXT,21e448,ascii,6,Cookie
0031edec,TEXT,21edec,ascii,8,https://
0031eed8,TEXT,21eed8,ascii,62,%s/ninja/ws/%s/title/%llu/ec_info?shop_id=1&lang=%s&_type=json
0031ef68,TEXT,21ef68,ascii,51,%s/ninja/ws/my/wishlist/notice?shop_id=1&_type=json
0031f000,TEXT,21f000,ascii,57,%s/ninja/ws/%s/title/%014llu/!redeem?shop_id=1&_type=json
0031f09c,TEXT,21f09c,ascii,28,%s/eou/referer/%s/%s/eoufile
0031f11c,TEXT,21f11c,ascii,50,%s/samurai/ws/%s/news?lang=%s&shop_id=1&_type=json
0031f1a0,TEXT,21f1a0,ascii,51,%s/ninja/ws/my/balance/current?shop_id=1&_type=json
0031f234,TEXT,21f234,ascii,51,%s/ninja/ws/country/%s?lang=%s&shop_id=1&_type=json
0031f334,TEXT,21f334,ascii,62,%s/ninja/ws/%s/title/%llu/ec_info?lang=%s&shop_id=1&_type=json
0031f3d4,TEXT,21f3d4,ascii,42,%s/samurai/layout/rating_info/%d_%s.layout
0031f464,TEXT,21f464,ascii,56,%s/ninja/ws/%s/title/%llu/!purchase?shop_id=1&_type=json
0031f510,TEXT,21f510,ascii,60,%s/ninja/ws/my/wishlist?sort=registered&shop_id=1&_type=json
0031f550,TEXT,21f550,ascii,57,%s/ninja/ws/my/wishlist?sort=release&shop_id=1&_type=json
0031f5ec,TEXT,21f5ec,ascii,52,%s/samurai/ws/%s/telops?lang=%s&shop_id=1&_type=json
0031f674,TEXT,21f674,ascii,56,%s/ninja/ws/my/wishlist/notice/!ack?shop_id=1&_type=json
0031f790,TEXT,21f790,ascii,10,&filter=%u
0031f7ec,TEXT,21f7ec,ascii,48,%s/ninja/ws/my/credit_card/?shop_id=1&_type=json
0031f870,TEXT,21f870,ascii,47,%s/ninja/ws/my/npns_status?shop_id=1&_type=json
0031f8f0,TEXT,21f8f0,ascii,44,%s/ninja/ws/my/language?shop_id=1&_type=json
0031f978,TEXT,21f978,ascii,49,%s/ninja/ws/%s/coupon/!check?shop_id=1&_type=json
0031fa10,TEXT,21fa10,ascii,41,%s/ninja/ws/%s/movie/%llu/!play?shop_id=1
0031fadc,TEXT,21fadc,ascii,63,%s/ninja/ws/%s/title/%llu/prepurchase_info?shop_id=1&_type=json
0031fb7c,TEXT,21fb7c,ascii,60,%s/ninja/ws/my/votes?shop_id=1&limit=%u&offset=%u&_type=json
0031fc0c,TEXT,21fc0c,ascii,39,%s/ninja/ws/my/session/!open?_type=json
0031fc84,TEXT,21fc84,ascii,48,%s/ninja/ws/my/tax_location?shop_id=1&_type=json
0031fd78,TEXT,21fd78,ascii,59,%s/samurai/ws/%s/directory/~%s?lang=%s&shop_id=1&_type=json
0031fdb4,TEXT,21fdb4,ascii,60,%s/samurai/ws/%s/directory/%llu?lang=%s&shop_id=1&_type=json
0031fe54,TEXT,21fe54,ascii,55,%s/samurai/ws/%s/languages?lang=%s&shop_id=1&_type=json
0031ff88,TEXT,21ff88,ascii,61,%s/ninja/ws/my/owned_coupons?ns_uid=%llu&shop_id=1&_type=json
003200a0,TEXT,2200a0,ascii,63,%s/ninja/ws/%s/title/public_status?lang=%s&shop_id=1&_type=json
003200e0,TEXT,2200e0,ascii,17,&title_id=%016llx
003200f4,TEXT,2200f4,ascii,12,&ns_uid=%llu
00320168,TEXT,220168,ascii,55,%s/ninja/ws/%s/demo/%llu/!purchase?shop_id=1&_type=json
003201f0,TEXT,2201f0,ascii,46,%s/ninja/ws/my/votes/!put?shop_id=1&_type=json
003202e8,TEXT,2202e8,ascii,40,%s/ninja/ws/my/session/!close?_type=json
003203d8,TEXT,2203d8,ascii,54,%s/ninja/ws/titles/id_pair?lang=%s&title_id%%5B%%5D=%s
00320520,TEXT,220520,ascii,54,https://tagaya-ctr.cdn.nintendo.net/tagaya/versionlist
0032055c,TEXT,22055c,ascii,58,https://tagaya-dev-ctr.cdn.nintendo.net/tagaya/versionlist
003205e8,TEXT,2205e8,ascii,59,%s/ninja/ws/my/balance/current/!cc_add?shop_id=1&_type=json
003206d8,TEXT,2206d8,ascii,51,%s/ninja/ws/my/wishlist/!merge?shop_id=1&_type=json
00320804,TEXT,220804,ascii,56,%s/samurai/ws/%s/title/%llu?lang=%s&shop_id=1&_type=json
003208b8,TEXT,2208b8,ascii,56,%s/samurai/ws/%s/movie/%llu?shop_id=1&lang=%s&_type=json
00320954,TEXT,220954,ascii,63,%s/samurai/ws/%s/rankings?shop_id=1&device=4&lang=%s&_type=json
003209f4,TEXT,2209f4,ascii,52,%s/samurai/ws/%s/genres?lang=%s&shop_id=1&_type=json
00320a7c,TEXT,220a7c,ascii,35,%s/CCIF/services/credit_card/!input
00320af0,TEXT,220af0,ascii,52,%s/ninja/ws/my/shared_title_ids?shop_id=1&_type=json
00320b78,TEXT,220b78,ascii,53,%s/ninja/ws/my/tax_location/!put?shop_id=1&_type=json
00320c00,TEXT,220c00,ascii,49,%s/ninja/ws/my/owned_coupons?shop_id=1&_type=json
00320c84,TEXT,220c84,ascii,49,%s/ninja/ws/my/votes/!delete?shop_id=1&_type=json
00320d08,TEXT,220d08,ascii,55,%s/ninja/ws/redeemable_card/!check?shop_id=1&_type=json
00320e1c,TEXT,220e1c,ascii,54,%s/samurai/ws/%s/contents?lang=%s&shop_id=1&_type=json
00320f80,TEXT,220f80,ascii,57,%s/ninja/ws/my/loyalty_account/!link?shop_id=1&_type=json
0032100c,TEXT,22100c,ascii,55,%s/ninja/ws/my/credit_card/!delete?shop_id=1&_type=json
00321094,TEXT,221094,ascii,54,%s/ninja/ws/my/votes/!migrate_ctr?shop_id=1&_type=json
00321190,TEXT,221190,ascii,60,%s/samurai/ws/%s/searchcategory?lang=%s&shop_id=1&_type=json
00321300,TEXT,221300,ascii,56,%s/ninja/ws/my/tax_location/!delete?shop_id=1&_type=json
00321400,TEXT,221400,ascii,52,%s/samurai/ws/%s/movies?lang=%s&shop_id=1&_type=json
00321834,TEXT,221834,ascii,59,%s/samurai/ws/%s/directory/~%s?lang=%s&shop_id=1&_type=json
00321870,TEXT,221870,ascii,19,&limit=%u&offset=%u
00321884,TEXT,221884,ascii,60,%s/samurai/ws/%s/directory/%llu?lang=%s&shop_id=1&_type=json
003218c4,TEXT,2218c4,ascii,9,&sort=new
003218d0,TEXT,2218d0,ascii,13,&sort=popular
003218e0,TEXT,2218e0,ascii,11,&sort=score
003218f4,TEXT,2218f4,ascii,6,&%s=%s
00321900,TEXT,221900,ascii,17,&genre%%5B%%5D=%u
00321918,TEXT,221918,ascii,21,&publisher%%5B%%5D=%u
00321930,TEXT,221930,ascii,16,&component=movie
003219bc,TEXT,2219bc,ascii,16,&component=title
00321a30,TEXT,221a30,ascii,56,%s/samurai/ws/%s/publishers?lang=%s&shop_id=1&_type=json
00321abc,TEXT,221abc,ascii,59,%s/ninja/ws/my/loyalty_account/!unlink?shop_id=1&_type=json
00321b48,TEXT,221b48,ascii,57,%s/ninja/ws/my/parental_control/!put?shop_id=1&_type=json
00321bd4,TEXT,221bd4,ascii,51,%s/ninja/ws/my/loyalty_account?shop_id=1&_type=json
00321c58,TEXT,221c58,ascii,55,%s/ninja/ws/my/votable_titles/!put?shop_id=1&_type=json
00321ddc,TEXT,221ddc,ascii,40,%s/ninja/ws/my/session/!open_without_nna
00321f48,TEXT,221f48,ascii,11,SAMURAI_CTR
00321f68,TEXT,221f68,ascii,10,CP3S_MOVIE
003235ec,TEXT,2235ec,utf16,21,InitializeForShop();\n
00323622,TEXT,223622,utf16,27,>Shop::SetApplicationId();\n
0032365c,TEXT,22365c,utf16,16,Shop::SetTin();\n
00323688,TEXT,223688,utf16,27,Shop::NeedsSystemUpdate();\n
003236cc,TEXT,2236cc,utf16,22,Nim::NeedsSystemUpdate
003236fc,TEXT,2236fc,utf16,10,%ls=%lldms
00323800,TEXT,223800,utf16,23, NeedsSystemUpdate->%s\n
00323c34,TEXT,223c34,utf16,20,Shop::Unregister();\n
00324026,TEXT,224026,utf16,28,<Shop::NeedsSystemUpdate();\n
00324070,TEXT,224070,utf16,23, NeedsSystemUpdate->%s\n
00324800,TEXT,224800,utf16,18,***RegisterTask()\n
00324836,TEXT,224836,utf16,24,=Shop::StartDownload();\n
00324a8e,TEXT,224a8e,utf16,32,=Download Content -> Failure %x\n
00324ad0,TEXT,224ad0,utf16,29,Download Content -> SD Error\n
00324b1c,TEXT,224b1c,utf16,27,Download Content -> Cancel\n
00324b58,TEXT,224b58,utf16,31,Download Content -> Http Error\n
00324d62,TEXT,224d62,utf16,27,=Download Content -> Error\n
00324da0,TEXT,224da0,utf16,21,[DL]%8lld/%8lld (%d)\n
00324ea4,TEXT,224ea4,utf16,29,nim::shop::DownloadTickets()\n
00325260,TEXT,225260,utf16,22,Shop::SetCountry(%s);\n
00325dc4,TEXT,225dc4,utf16,20,Shop::GetBalance();\n
00325df0,TEXT,225df0,utf16,22,Shop::ListBalances();\n
00325f20,TEXT,225f20,utf16,31,Shop::DeleteSavedCreditCard();\n
003263f4,TEXT,2263f4,ascii,9,":%d,%d,%d"
0032640c,TEXT,22640c,ascii,8,",%lld,%d"
00326418,TEXT,226418,ascii,12,",%d,%d,%d,%d"
00326428,TEXT,226428,ascii,6,",%d,%d"
003267a0,TEXT,2267a0,ascii,15,",%d,%d,%d,%d,%d"
003267b0,TEXT,2267b0,ascii,14,",%lld,%d,%d,%d"
003267c0,TEXT,2267c0,ascii,23,",%x,%x,%016llx,%d,%s,%d"
003267d8,TEXT,2267d8,ascii,20,",%x,%x,%lld,%d,%s,%d"
003267f4,TEXT,2267f4,ascii,9,",%d,%d,%d"
00326970,TEXT,226970,ascii,17,",%lld,%d,%d,%d,%d"
00326f70,TEXT,226f70,ascii,14,country_detail
00326f88,TEXT,226f88,ascii,24,loyalty_system_available
00326fa4,TEXT,226fa4,ascii,30,legal_payment_message_required
00326fc4,TEXT,226fc4,ascii,31,legal_business_message_required
00326fe4,TEXT,226fe4,ascii,22,prepaid_card_available
00326ffc,TEXT,226ffc,ascii,21,credit_card_available
00327014,TEXT,227014,ascii,27,jcb_security_code_available
00327030,TEXT,227030,ascii,13,nfc_available
00327040,TEXT,227040,ascii,16,coupon_available
00327054,TEXT,227054,ascii,19,my_coupon_available
00327068,TEXT,227068,ascii,12,price_format
00327078,TEXT,227078,ascii,15,positive_prefix
00327088,TEXT,227088,ascii,15,positive_suffix
003270a0,TEXT,2270a0,ascii,8,max_cash
003270ac,TEXT,2270ac,ascii,9,raw_value
003270b8,TEXT,2270b8,ascii,8,currency
003274e8,TEXT,2274e8,ascii,16,default_timezone
00328188,TEXT,228188,ascii,11,description
00328194,TEXT,228194,ascii,11,target_type
003281a0,TEXT,2281a0,ascii,8,AllTitle
00328a6c,TEXT,228a6c,ascii,12,?w=280&h=158
00328a7c,TEXT,228a7c,ascii,16,use_at_once_flag
00328a90,TEXT,228a90,ascii,13,instance_code
003299a4,TEXT,2299a4,ascii,12,owned_titles
003299bc,TEXT,2299bc,ascii,11,owned_title
003299d4,TEXT,2299d4,ascii,8,title_id
00329df8,TEXT,229df8,ascii,12,owned_titles
00329e10,TEXT,229e10,ascii,11,owned_title
00329e28,TEXT,229e28,ascii,8,title_id
0032b73c,TEXT,22b73c,ascii,6,PUBLIC
0032b744,TEXT,22b744,ascii,9,NONPUBLIC
0032b750,TEXT,22b750,ascii,12,UNSEARCHABLE
0032c044,TEXT,22c044,ascii,12,phone_number
0032c074,TEXT,22c074,utf16,8,E-mail:\n
0032dbb4,TEXT,22dbb4,ascii,7,%014llu
0032dfe7,TEXT,22dfe7,ascii,9,*title_id
0032f3c0,TEXT,22f3c0,ascii,7,%016llX
0032f3cc,TEXT,22f3cc,ascii,10,titleIds[]
00331258,TEXT,231258,ascii,20,coupon_instance_code
00331718,TEXT,231718,ascii,8,price_id
00331724,TEXT,231724,ascii,11,discount_id
00331730,TEXT,231730,ascii,11,coupon_code
0033173c,TEXT,23173c,ascii,20,coupon_instance_code
00332644,TEXT,232644,ascii,9,raw_value
00332650,TEXT,232650,ascii,11,description
00332a6c,TEXT,232a6c,ascii,11,coupon_code
00332ac0,TEXT,232ac0,ascii,20,coupon_instance_code
0033347c,TEXT,23347c,ascii,8,AllTitle
00333cf4,TEXT,233cf4,ascii,11,credit_card
00333d08,TEXT,233d08,ascii,13,masked_number
00333d18,TEXT,233d18,ascii,9,type_name
00333d28,TEXT,233d28,ascii,6,Master
00333d38,TEXT,233d38,ascii,8,exp_year
00333d44,TEXT,233d44,ascii,9,exp_month
00333d50,TEXT,233d50,ascii,12,auto_billing
00334380,TEXT,234380,ascii,27,ninja.ctr.shop.nintendo.net
0033439c,TEXT,23439c,ascii,6,Origin
003343a4,TEXT,2343a4,ascii,10,request_id
003343b0,TEXT,2343b0,ascii,14,application_id
003343c0,TEXT,2343c0,ascii,9,cc_number
003343cc,TEXT,2343cc,ascii,9,exp_month
003343d8,TEXT,2343d8,ascii,8,exp_year
003343e4,TEXT,2343e4,ascii,8,sec_code
00334570,TEXT,234570,ascii,9,requestId
00334738,TEXT,234738,ascii,16,ccif_transaction
0033474c,TEXT,23474c,ascii,10,request_id
00334758,TEXT,234758,ascii,14,application_id
00334938,TEXT,234938,ascii,10,request_id
00334944,TEXT,234944,ascii,11,postal_code
00334950,TEXT,234950,ascii,14,application_id
00334960,TEXT,234960,ascii,8,password
0033526c,TEXT,23526c,ascii,9,raw_value
00335cd4,TEXT,235cd4,ascii,8,title_id
00335ce0,TEXT,235ce0,ascii,6,ns_uid
00336210,TEXT,236210,ascii,13,&title%5B%5D=
00336f08,TEXT,236f08,ascii,7,receipt
00336f10,TEXT,236f10,ascii,14,transaction_id
00336f20,TEXT,236f20,ascii,6,header
003372e4,TEXT,2372e4,ascii,9,statement
003372f0,TEXT,2372f0,ascii,7,content
00337bf8,TEXT,237bf8,ascii,8,iso_code
00338b9c,TEXT,238b9c,ascii,8,gfffname
00338f20,TEXT,238f20,ascii,16,Ranking_btn02_01
0033a0b0,TEXT,23a0b0,ascii,8,cdn_fqdn
0033a0bc,TEXT,23a0bc,ascii,11,origin_fqdn
0033a78a,TEXT,23a78a,utf16,14,Etelop(w_str):
0033b948,TEXT,23b948,ascii,8,headline
0033b958,TEXT,23b958,ascii,11,description
0033e62c,TEXT,23e62c,ascii,13,&title%5B%5D=
00340cc4,TEXT,240cc4,ascii,14,device_account
00341748,TEXT,241748,ascii,7,%016llX
00341750,TEXT,241750,ascii,23,X-Nintendo-ServiceToken
00341768,TEXT,241768,ascii,11,friend_code
00341778,TEXT,241778,ascii,11,mac_address
00341784,TEXT,241784,ascii,13,serial_number
00341794,TEXT,241794,ascii,7,country
003417a8,TEXT,2417a8,ascii,7,shop_id
003417b8,TEXT,2417b8,ascii,12,device_token
003417c8,TEXT,2417c8,ascii,14,device_account
003417d8,TEXT,2417d8,ascii,9,device_id
00341e5e,TEXT,241e5e,utf16,32,>AutoTitleDelivery error = %07d\n
003426dc,TEXT,2426dc,ascii,7,title[]
003431e4,TEXT,2431e4,ascii,16,game_rating_lock
003431fc,TEXT,2431fc,ascii,15,game_rating_age
0034320c,TEXT,24320c,ascii,8,shopping
003437c8,TEXT,2437c8,ascii,25,initial_device_account_id
003437e8,TEXT,2437e8,ascii,10,npns_ready
00343c04,TEXT,243c04,ascii,6,device
00343c14,TEXT,243c14,ascii,16,game_rating_lock
00343c30,TEXT,243c30,ascii,15,game_rating_age
00343f28,TEXT,243f28,ascii,8,shopping
0034464c,TEXT,24464c,ascii,12,tax_location
00344acc,TEXT,244acc,ascii,11,postal_code
00344ae0,TEXT,244ae0,ascii,6,county
00345088,TEXT,245088,ascii,10,state_code
00345824,TEXT,245824,ascii,15,tax_location_id
00345b04,TEXT,245b04,ascii,11,postal_code
00345b18,TEXT,245b18,ascii,6,county
00345b2c,TEXT,245b2c,ascii,10,state_code
00346fc4,TEXT,246fc4,ascii,7,title[]
0034752c,TEXT,24752c,ascii,8,wishlist
00347538,TEXT,247538,ascii,12,wished_title
00348678,TEXT,248678,ascii,6,normal
00348680,TEXT,248680,ascii,6,search
00348688,TEXT,248688,ascii,7,ranking
00348690,TEXT,248690,ascii,9,recommend
0034869c,TEXT,24869c,ascii,6,single
003486a8,TEXT,2486a8,ascii,9,directory
00349240,TEXT,249240,ascii,13,fail_02.bclim
00349258,TEXT,249258,ascii,13,fail_01.bclim
0034926c,TEXT,24926c,ascii,13,fail_00.bclim
00349280,TEXT,249280,ascii,13,fail_04.bclim
00349294,TEXT,249294,ascii,13,fail_03.bclim
003492a8,TEXT,2492a8,ascii,13,fail_05.bclim
0034aba8,TEXT,24aba8,ascii,12,bannerA_D_00
0034abc4,TEXT,24abc4,ascii,9,banner_00
0034abd0,TEXT,24abd0,ascii,15,newsBanner_D_00
0034abe0,TEXT,24abe0,ascii,15,N_icon_title_00
0034abf0,TEXT,24abf0,ascii,12,bannerA_D_01
0034ac00,TEXT,24ac00,ascii,13,P_playMark_00
0034ac10,TEXT,24ac10,ascii,15,N_icon_movie_00
0034ac20,TEXT,24ac20,ascii,12,bannerA_D_02
0034ac30,TEXT,24ac30,ascii,15,N_icon_shelf_00
0034ac58,TEXT,24ac58,ascii,8,N_new_00
0034ac64,TEXT,24ac64,ascii,9,N_sale_00
0034ac70,TEXT,24ac70,ascii,13,N_discount_00
0034ac80,TEXT,24ac80,ascii,13,N_preorder_00
0034ac90,TEXT,24ac90,ascii,10,T_title_00
0034ac9c,TEXT,24ac9c,ascii,9,P_icon_00
0034b2b7,TEXT,24b2b7,ascii,16,?newsBanner_D_01
0034b2c8,TEXT,24b2c8,ascii,11,N_banner_00
0034b2d4,TEXT,24b2d4,ascii,9,P_icon_00
0034bab0,TEXT,24bab0,ascii,11,N_button_00
0034bac7,TEXT,24bac7,ascii,13,?listBtn_D_01
0034baf4,TEXT,24baf4,ascii,12,T_listBtn_00
0034bb04,TEXT,24bb04,ascii,13,News_btn01_01
0034bb14,TEXT,24bb14,ascii,12,T_listBtn_01
0034bb2c,TEXT,24bb2c,ascii,10,listBtn_00
0034bb38,TEXT,24bb38,ascii,13,News_btn01_02
0034be6b,TEXT,24be6b,ascii,10,*T_text_00
0034c9f7,TEXT,24c9f7,ascii,12,?banner_U_00
0034ca08,TEXT,24ca08,ascii,9,N_root_01
0034ca14,TEXT,24ca14,ascii,10,N_title_00
0034ca20,TEXT,24ca20,ascii,16,news_UL_00.bclim
0034ca34,TEXT,24ca34,ascii,11,P_banner_00
0034ca40,TEXT,24ca40,ascii,8,inOut_00
0034ca57,TEXT,24ca57,ascii,14,?position_D_02
0034ca6f,TEXT,24ca6f,ascii,14,?newsText_D_00
0034ca80,TEXT,24ca80,ascii,15,N_icon_title_00
0034ca90,TEXT,24ca90,ascii,15,N_icon_movie_00
0034caa0,TEXT,24caa0,ascii,15,N_icon_shelf_00
0034cab0,TEXT,24cab0,ascii,11,N_banner_00
0034cabc,TEXT,24cabc,ascii,11,N_button_00
0034cac8,TEXT,24cac8,ascii,10,T_title_00
0034cad4,TEXT,24cad4,ascii,9,T_text_00
0034cee7,TEXT,24cee7,ascii,14,?News_title_01
0034eca6,TEXT,24eca6,utf16,18,<cad/Config.arc.lz
0034f3f7,TEXT,24f3f7,ascii,15,?error_txt01_72
00350256,TEXT,250256,utf16,20,<cad/Register.arc.lz
00350ecb,TEXT,250ecb,ascii,13,BT_message_00
003516cf,TEXT,2516cf,ascii,13,?message_U_00
003516e4,TEXT,2516e4,ascii,12,T_message_00
003516f4,TEXT,2516f4,ascii,15,Common_txt02_01
0035170f,TEXT,25170f,ascii,14,?position_D_00
00351720,TEXT,251720,ascii,12,message_D_00
0035174f,TEXT,25174f,ascii,13,?N_nextPos_00
003520d4,TEXT,2520d4,ascii,23,rom:/sound/dspaudio.cdc
00352e2f,TEXT,252e2f,ascii,15,?About_dlg01_02
00352e40,TEXT,252e40,ascii,14,About_dlg01_01
003534f7,TEXT,2534f7,ascii,10,?text_U_00
00353504,TEXT,253504,ascii,12,T_message_00
00353514,TEXT,253514,ascii,16,InfoSet_txt01_01
0035353f,TEXT,25353f,ascii,13,?eulaTop_D_00
00353550,TEXT,253550,ascii,9,T_text_00
003535a4,TEXT,2535a4,ascii,15,CommonBtn_01_04
003535b4,TEXT,2535b4,ascii,14,About_btn01_01
003535d8,TEXT,2535d8,ascii,16,About_title01_01
00353b52,TEXT,253b52,utf16,16,Ccad/EULA.arc.lz
00354463,TEXT,254463,ascii,15,?error_txt01_72
00354987,TEXT,254987,ascii,13,?QR_text01_04
00354e57,TEXT,254e57,ascii,19,|CommonWin_dlg02_07
00354e6c,TEXT,254e6c,ascii,18,CommonWin_dlg02_03
00354e80,TEXT,254e80,ascii,12,QR_text01_05
00354e98,TEXT,254e98,ascii,12,QR_text01_03
00354ea8,TEXT,254ea8,ascii,12,QR_text01_02
0035505f,TEXT,25505f,ascii,13,?QR_text01_01
00355323,TEXT,255323,ascii,13,?QR_text01_01
0035561b,TEXT,25561b,ascii,13,?QR_text01_01
0035597f,TEXT,25597f,ascii,8,?QR_U_00
00355997,TEXT,255997,ascii,8,?QR_U_01
003559a0,TEXT,2559a0,ascii,8,inOut_00
003559ac,TEXT,2559ac,ascii,10,QR_Line_00
003559b8,TEXT,2559b8,ascii,7,P_QR_00
00356767,TEXT,256767,ascii,19,?TitleInfo_dlg01_02
0035677c,TEXT,25677c,ascii,18,TitleInfo_dlg01_03
00356790,TEXT,256790,ascii,18,TitleInfo_dlg01_01
00357568,TEXT,257568,ascii,10,T_whish_00
00357574,TEXT,257574,ascii,18,TitleInfo_txt01_17
0035758c,TEXT,25758c,ascii,18,TitleInfo_txt01_26
00357d9c,TEXT,257d9c,ascii,11,T_buyBtn_04
00357da8,TEXT,257da8,ascii,18,TitleInfo_btn01_08
00357dbc,TEXT,257dbc,ascii,11,T_buyBtn_05
00357e8c,TEXT,257e8c,ascii,18,TitleInfo_btn01_20
00357ea0,TEXT,257ea0,ascii,18,TitleInfo_btn01_13
00358247,TEXT,258247,ascii,12,?buyBtn_D_00
00358254,TEXT,258254,ascii,9,N_root_00
00358260,TEXT,258260,ascii,11,T_buyBtn_02
00358270,TEXT,258270,ascii,11,T_buyBtn_03
0035827c,TEXT,25827c,ascii,11,T_buyBtn_06
00358288,TEXT,258288,ascii,11,T_buyBtn_07
00358294,TEXT,258294,ascii,10,invalid_00
003582a0,TEXT,2582a0,ascii,9,updata_00
003586a8,TEXT,2586a8,ascii,18,TitleInfo_btn01_12
00358754,TEXT,258754,ascii,18,TitleInfo_btn01_17
00358800,TEXT,258800,ascii,18,TitleInfo_btn01_01
003589d4,TEXT,2589d4,ascii,18,TitleInfo_btn01_19
003589e8,TEXT,2589e8,ascii,18,TitleInfo_btn01_11
00358aac,TEXT,258aac,ascii,11,T_buyBtn_00
00358ab8,TEXT,258ab8,ascii,18,TitleInfo_btn01_05
00358acc,TEXT,258acc,ascii,11,T_buyBtn_01
00358b90,TEXT,258b90,ascii,18,TitleInfo_btn01_07
00358dac,TEXT,258dac,ascii,18,TitleInfo_btn01_21
00358dc0,TEXT,258dc0,ascii,18,TitleInfo_btn01_14
00358ec8,TEXT,258ec8,ascii,18,TitleInfo_btn01_18
003590e4,TEXT,2590e4,ascii,12,N_slideIn_00
00359890,TEXT,259890,ascii,19,TitleInfo_dlg_08_03
00359c8f,TEXT,259c8f,ascii,12,?dialog_D_00
00359c9c,TEXT,259c9c,ascii,12,T_message_00
00359cac,TEXT,259cac,ascii,19,TitleInfo_dlg_08_01
00359cc0,TEXT,259cc0,ascii,10,T_input_00
00359ccc,TEXT,259ccc,ascii,19,TitleInfo_dlg_08_02
00359ce0,TEXT,259ce0,ascii,11,T_decide_00
00359cec,TEXT,259cec,ascii,18,CommonWin_dlg01_02
00359d00,TEXT,259d00,ascii,11,T_decide_01
00359d0c,TEXT,259d0c,ascii,11,T_cancel_00
00359d18,TEXT,259d18,ascii,18,CommonWin_dlg01_01
00359d2c,TEXT,259d2c,ascii,11,T_cancel_01
00359d38,TEXT,259d38,ascii,8,inOut_00
00359d44,TEXT,259d44,ascii,10,invalid_00
00359d6c,TEXT,259d6c,ascii,9,decide_00
00359d78,TEXT,259d78,ascii,9,cancel_00
00359d84,TEXT,259d84,ascii,9,SE_CANCEL
00359d90,TEXT,259d90,ascii,8,input_00
0035a3e4,TEXT,25a3e4,ascii,10,T_input_00
0035a3f7,TEXT,25a3f7,ascii,20,?TitleInfo_dlg_08_04
0035a92f,TEXT,25a92f,ascii,13,?message_U_00
0035a944,TEXT,25a944,ascii,12,T_message_00
0035a954,TEXT,25a954,ascii,15,Common_txt02_01
0035a96f,TEXT,25a96f,ascii,18,?positionList_D_00
0035a98f,TEXT,25a98f,ascii,18,?ratingInformation
0035a9a4,TEXT,25a9a4,ascii,9,N_stop_00
0035b510,TEXT,25b510,ascii,19,TitleInfo_dlg_09_05
0035b52f,TEXT,25b52f,ascii,20,?dialogMyCoupon_D_00
0035b544,TEXT,25b544,ascii,13,T_dscntBtn_00
0035b554,TEXT,25b554,ascii,19,TitleInfo_dlg_09_06
0035b568,TEXT,25b568,ascii,13,T_dscntBtn_01
0035b57c,TEXT,25b57c,ascii,10,T_price_02
0035b588,TEXT,25b588,ascii,19,TitleInfo_dlg_09_10
0035b59c,TEXT,25b59c,ascii,10,T_price_03
0035b5a8,TEXT,25b5a8,ascii,19,TitleInfo_dlg_09_11
0035b5bc,TEXT,25b5bc,ascii,19,TitleInfo_dlg_09_07
0035b5d0,TEXT,25b5d0,ascii,11,T_button_00
0035b5dc,TEXT,25b5dc,ascii,19,TitleInfo_dlg_09_08
0035b5f0,TEXT,25b5f0,ascii,11,T_button_01
0035b5fc,TEXT,25b5fc,ascii,10,T_price_00
0035b608,TEXT,25b608,ascii,19,TitleInfo_dlg_09_12
0035b61c,TEXT,25b61c,ascii,10,T_price_01
0035b8c8,TEXT,25b8c8,ascii,19,TitleInfo_dlg_09_13
0035b8dc,TEXT,25b8dc,ascii,19,TitleInfo_dlg_09_09
0035b8f0,TEXT,25b8f0,ascii,8,inOut_00
0035b918,TEXT,25b918,ascii,11,dscntBtn_00
0035b924,TEXT,25b924,ascii,9,button_00
0035c208,TEXT,25c208,ascii,23,MemoryCheck_dlgbtn01_01
0035c220,TEXT,25c220,ascii,18,CommonWin_dlg01_01
0035c234,TEXT,25c234,ascii,18,TitleInfo_dlg07_01
0035c2f0,TEXT,25c2f0,ascii,23,MemoryCheck_dlgbtn01_01
0035c308,TEXT,25c308,ascii,18,CommonWin_dlg01_01
0035c31c,TEXT,25c31c,ascii,18,TitleInfo_dlg07_02
0035d054,TEXT,25d054,ascii,7,fade_00
0035d52c,TEXT,25d52c,ascii,10,T_legal_00
0035d538,TEXT,25d538,ascii,10,T_legal_01
0035d544,TEXT,25d544,ascii,9,info_U_01
0035d550,TEXT,25d550,ascii,14,T_softTitle_02
0035d560,TEXT,25d560,ascii,14,T_softTitle_03
0035d570,TEXT,25d570,ascii,10,N_title_00
0035d587,TEXT,25d587,ascii,9,?label_00
0035d598,TEXT,25d598,ascii,10,N_label_00
0035d5a4,TEXT,25d5a4,ascii,9,change_00
0035d5b0,TEXT,25d5b0,ascii,10,T_label_00
0035d5bc,TEXT,25d5bc,ascii,15,Shelf_icon01_10
0035d928,TEXT,25d928,ascii,15,Shelf_icon01_08
0035d938,TEXT,25d938,ascii,15,Shelf_icon01_09
0035d948,TEXT,25d948,ascii,15,Shelf_icon01_01
0035d958,TEXT,25d958,ascii,14,T_softTitle_00
0035d968,TEXT,25d968,ascii,14,T_softTitle_01
0035d978,TEXT,25d978,ascii,10,N_title_01
0035d984,TEXT,25d984,ascii,10,T_price_00
0035d99c,TEXT,25d99c,ascii,18,TitleInfo_txt01_08
0035d9b4,TEXT,25d9b4,ascii,18,TitleInfo_txt01_14
0035dd6c,TEXT,25dd6c,ascii,10,T_legal_00
0035dd78,TEXT,25dd78,ascii,18,TitleInfo_txt01_27
0035dd8c,TEXT,25dd8c,ascii,10,T_legal_01
0035dd9c,TEXT,25dd9c,ascii,18,TitleInfo_txt01_15
0035ddb0,TEXT,25ddb0,ascii,18,TitleInfo_txt01_29
0035ddc4,TEXT,25ddc4,ascii,8,price_00
0035ddd4,TEXT,25ddd4,ascii,18,TitleInfo_txt01_30
0035dde8,TEXT,25dde8,ascii,18,TitleInfo_txt01_16
0035ddfc,TEXT,25ddfc,ascii,18,TitleInfo_txt01_28
0035de10,TEXT,25de10,ascii,18,TitleInfo_txt01_01
0035de24,TEXT,25de24,ascii,11,P_strike_00
0035e298,TEXT,25e298,ascii,10,T_price_00
0035e2a4,TEXT,25e2a4,ascii,8,T_day_00
0035e2b4,TEXT,25e2b4,ascii,8,T_day_01
0035e2c4,TEXT,25e2c4,ascii,9,T_hard_00
0035e2d4,TEXT,25e2d4,ascii,9,T_star_00
0035e2e0,TEXT,25e2e0,ascii,18,TitleInfo_txt01_13
0035e2f4,TEXT,25e2f4,ascii,12,T_message_00
0035e304,TEXT,25e304,ascii,10,P_image_00
0035e310,TEXT,25e310,ascii,10,P_image_01
0035e6fc,TEXT,25e6fc,ascii,12,P_loading_00
0035e714,TEXT,25e714,ascii,14,loadingIcon_00
0035e72f,TEXT,25e72f,ascii,11,?loading_00
0035f770,TEXT,25f770,ascii,8,inOut_01
0035f77c,TEXT,25f77c,ascii,8,inOut_02
0035f9c0,TEXT,25f9c0,ascii,8,inOut_03
00360127,TEXT,260127,ascii,12,?player_D_00
00360134,TEXT,260134,ascii,10,T_title_00
00360140,TEXT,260140,ascii,10,P_gauge_00
0036014c,TEXT,26014c,ascii,9,T_time_00
0036015f,TEXT,26015f,ascii,11,?movie_U_00
00360508,TEXT,260508,ascii,8,inOut_00
00360514,TEXT,260514,ascii,16,loadingIcon_D_00
00360540,TEXT,260540,ascii,12,B_moveBtn_00
00360550,TEXT,260550,ascii,11,slideBtn_00
0036055c,TEXT,26055c,ascii,8,B_bar_00
00360584,TEXT,260584,ascii,10,playBtn_00
0036059c,TEXT,26059c,ascii,14,N_titleInfo_00
00360628,TEXT,260628,ascii,12,titleInfo_00
003606a3,TEXT,2606a3,ascii,9,*inOut_00
00360abf,TEXT,260abf,ascii,13,?ratESRB_U_02
003611c0,TEXT,2611c0,ascii,14,T_message_%02d
003611d0,TEXT,2611d0,ascii,9,P_cd_%02d
003615b0,TEXT,2615b0,ascii,7,yxxx\\`;
003620ff,TEXT,2620ff,ascii,24,?MemoryCheck_dlgbtn01_01
00362118,TEXT,262118,ascii,18,CommonWin_dlg02_04
00362b9f,TEXT,262b9f,ascii,15,?error_txt01_73
00363352,TEXT,263352,utf16,18,<cad/Config.arc.lz
003636fe,TEXT,2636fe,utf16,18,;cad/Config.arc.lz
0036395b,TEXT,26395b,ascii,15,?error_txt01_73
00363ea6,TEXT,263ea6,utf16,18,;cad/Config.arc.lz
00364b60,TEXT,264b60,ascii,14,error_txt01_68
00364e58,TEXT,264e58,ascii,21,CommonWin_ERRdlg01_09
00364e70,TEXT,264e70,ascii,18,CommonWin_dlg02_03
00364e84,TEXT,264e84,ascii,14,error_txt01_67
00364e98,TEXT,264e98,ascii,14,error_txt01_63
00364eac,TEXT,264eac,ascii,14,error_txt01_88
00364fcb,TEXT,264fcb,ascii,24,?MemoryCheck_dlgbtn01_01
00364fe4,TEXT,264fe4,ascii,18,CommonWin_dlg02_03
00364ff8,TEXT,264ff8,ascii,13,Boot_txt01_05
0036599e,TEXT,26599e,utf16,18,Ccad/Config.arc.lz
00365a9b,TEXT,265a9b,ascii,14,?Boot_txt01_04
00365aac,TEXT,265aac,ascii,18,CommonWin_dlg03_01
00365f92,TEXT,265f92,utf16,14,;NsUid = %llx\n
00365fb0,TEXT,265fb0,utf16,14,Prepaid = %ls\n
00365fd0,TEXT,265fd0,utf16,13,Redeem = %ls\n
00366170,TEXT,266170,utf16,16,maskedID = %llx\n
00366194,TEXT,266194,utf16,16,DummyApp = %llx\n
003662ac,TEXT,2662ac,utf16,17,cad/Config.arc.lz
003663ab,TEXT,2663ab,ascii,15,?error_txt01_73
00366620,TEXT,266620,utf16,21,***ApplicationJump***
00366654,TEXT,266654,utf16,7,->DEMO\n
00366666,TEXT,266666,utf16,10,C->REPAIR\n
0036667c,TEXT,26667c,utf16,7,->ELSE\n
0036668c,TEXT,26668c,utf16,11,->BUY_DONE\n
003666a4,TEXT,2666a4,utf16,8,->GOODS\n
00366ae8,TEXT,266ae8,ascii,18,CommonWin_dlg03_01
00366afc,TEXT,266afc,ascii,19,BootNotice_dlg01_01
00366b13,TEXT,266b13,ascii,20,?BootNotice_dlg01_04
00366b28,TEXT,266b28,ascii,19,BootNotice_dlg01_03
00366b3c,TEXT,266b3c,ascii,19,BootNotice_dlg01_02
0036745b,TEXT,26745b,ascii,16,?error_txt01_108
00367f12,TEXT,267f12,utf16,18,ESearch Str = %ls\n
00367f40,TEXT,267f40,utf16,17,ProgramID = %llx\n
00367f64,TEXT,267f64,utf16,15,jumpParam = %d\n
00367f84,TEXT,267f84,utf16,13,Ticket = %ls\n
00367fba,TEXT,267fba,utf16,16,<cad/Boot.arc.lz
003686c2,TEXT,2686c2,utf16,20,<cad/Entrance.arc.lz
00369310,TEXT,269310,ascii,13,slideBtn_D_00
0036932b,TEXT,26932b,ascii,9,?W_bar_00
00369338,TEXT,269338,ascii,8,B_bar_00
00369344,TEXT,269344,ascii,9,N_down_00
00369350,TEXT,269350,ascii,10,N_slide_00
0036939f,TEXT,26939f,ascii,9,Cslide_00
003693c8,TEXT,2693c8,ascii,12,N_tchArea_00
0036a260,TEXT,26a260,ascii,12,listBtn_D_00
0036a270,TEXT,26a270,ascii,12,listBtn_D_01
0036a280,TEXT,26a280,ascii,12,N_tchArea_00
0036a290,TEXT,26a290,ascii,9,N_root_00
0036a2bc,TEXT,26a2bc,ascii,15,dlglistBtn_D_00
0036a2d0,TEXT,26a2d0,ascii,12,T_listBtn_00
0036a2e0,TEXT,26a2e0,ascii,12,T_listBtn_01
0036a2f0,TEXT,26a2f0,ascii,11,N_dialog_00
0036a30c,TEXT,26a30c,ascii,10,listBtn_00
0036a318,TEXT,26a318,ascii,12,B_listBtn_00
0036a458,TEXT,26a458,ascii,12,N_dlgArea_00
0036ad9f,TEXT,26ad9f,ascii,13,?dialogB_D_00
0036adb4,TEXT,26adb4,ascii,8,inOut_00
0036adc7,TEXT,26adc7,ascii,13,?dialogB_D_01
0036adf4,TEXT,26adf4,ascii,9,button_00
0036ae00,TEXT,26ae00,ascii,9,SE_CANCEL
0036ae17,TEXT,26ae17,ascii,14,?position_D_03
0036ae2f,TEXT,26ae2f,ascii,13,?listPos_D_03
0036ae40,TEXT,26ae40,ascii,12,T_message_00
0036ae50,TEXT,26ae50,ascii,9,N_root_00
0036ae5c,TEXT,26ae5c,ascii,11,N_dialog_00
0036b3a7,TEXT,26b3a7,ascii,13,?dialogB_D_00
0036b3bc,TEXT,26b3bc,ascii,8,inOut_00
0036b3cf,TEXT,26b3cf,ascii,13,?dialogB_D_01
0036b3fc,TEXT,26b3fc,ascii,9,button_00
0036b408,TEXT,26b408,ascii,9,SE_CANCEL
0036b41f,TEXT,26b41f,ascii,14,?position_D_03
0036b437,TEXT,26b437,ascii,13,?listPos_D_03
0036b448,TEXT,26b448,ascii,12,T_message_00
0036b458,TEXT,26b458,ascii,9,N_root_00
0036b464,TEXT,26b464,ascii,11,N_dialog_00
0036b477,TEXT,26b477,ascii,13,?listBtn_D_00
0036b488,TEXT,26b488,ascii,12,listBtn_D_01
0036b498,TEXT,26b498,ascii,12,N_tchArea_00
0036b4a8,TEXT,26b4a8,ascii,15,dlglistBtn_D_00
0036b4bc,TEXT,26b4bc,ascii,12,T_listBtn_00
0036b4cc,TEXT,26b4cc,ascii,12,T_listBtn_01
0036b7f4,TEXT,26b7f4,ascii,10,listBtn_00
0036b800,TEXT,26b800,ascii,12,B_listBtn_00
0036c090,TEXT,26c090,ascii,12,lau_connect3
0036c0a4,TEXT,26c0a4,ascii,12,lau_connect0
0036c0b4,TEXT,26c0b4,ascii,12,lau_connect4
0036c4bc,TEXT,26c4bc,ascii,7,P_bg_01
0036c55c,TEXT,26c55c,ascii,7,P_bg_01
0036c628,TEXT,26c628,ascii,9,T_info_00
0036c638,TEXT,26c638,ascii,9,T_info_01
0036c644,TEXT,26c644,ascii,9,N_info_00
0036c918,TEXT,26c918,ascii,8,lau_date
0036c9a4,TEXT,26c9a4,ascii,9,N_info_00
0036ceba,TEXT,26ceba,utf16,15,;cad/Hud.arc.lz
0036cedc,TEXT,26cedc,ascii,9,Hud.bcfnt
0036ceef,TEXT,26ceef,ascii,11,?HudMenu_00
0036cefc,TEXT,26cefc,ascii,11,P_NetAtn_00
0036cf08,TEXT,26cf08,ascii,10,T_TimeC_00
0036cf14,TEXT,26cf14,ascii,8,P_Bat_00
0036cf20,TEXT,26cf20,ascii,6,NetAtn
0036cf28,TEXT,26cf28,ascii,7,NetMode
0036cf30,TEXT,26cf30,ascii,13,P_NetModeL_00
0036cf44,TEXT,26cf44,ascii,12,T_NetMode_00
0036cf54,TEXT,26cf54,ascii,9,T_Date_00
0036cf60,TEXT,26cf60,ascii,10,T_TimeL_00
0036cf6c,TEXT,26cf6c,ascii,10,T_TimeR_00
0036cf7f,TEXT,26cf7f,ascii,10,?info_U_00
0036cf90,TEXT,26cf90,ascii,9,T_info_00
0036cf9c,TEXT,26cf9c,ascii,9,T_info_01
0036cfa8,TEXT,26cfa8,ascii,9,N_info_00
0036d49a,TEXT,26d49a,utf16,9,>(banner:
0036d4b0,TEXT,26d4b0,utf16,12,(title_icon:
0036d4cc,TEXT,26d4cc,utf16,12,(movie_icon:
0036d4e8,TEXT,26d4e8,utf16,12,(shelf_icon:
0036d504,TEXT,26d504,utf16,7,(title:
0036d514,TEXT,26d514,utf16,7,(movie:
0036d524,TEXT,26d524,utf16,13,(shelf_alias:
0036d540,TEXT,26d540,utf16,6,(nbsp)
0036f800,TEXT,26f800,ascii,9,N_root_00
0036f960,TEXT,26f960,ascii,12,B_rankBtn_00
0036f9c0,TEXT,26f9c0,ascii,13,B_movieBtn_00
00370678,TEXT,270678,ascii,18,Search_result01_02
0037078c,TEXT,27078c,ascii,18,Search_result01_07
003707ec,TEXT,2707ec,ascii,18,Search_result01_03
00370bf4,TEXT,270bf4,ascii,12,B_listBtn_00
00370dd8,TEXT,270dd8,ascii,16,B_contentsBtn_00
00370f70,TEXT,270f70,ascii,18,Search_result01_02
003710f0,TEXT,2710f0,ascii,18,Search_result01_07
00371158,TEXT,271158,ascii,18,Search_result01_03
003712a0,TEXT,2712a0,ascii,12,N_nextPos_00
0037d524,TEXT,27d524,utf16,31,nn::fs::IsTitleLocked() FALED!\n
0037e374,TEXT,27e374,ascii,9,N_root_00
0037e460,TEXT,27e460,ascii,9,N_root_00
003803d0,TEXT,2803d0,ascii,10,Set-Cookie
003898ec,TEXT,2898ec,ascii,7,1.9Mbps
0038992c,TEXT,28992c,ascii,6,moflex
0038993c,TEXT,28993c,ascii,11,trial_demo1
0038a690,TEXT,28a690,ascii,7,1.9Mbps
0038a6d0,TEXT,28a6d0,ascii,6,moflex
0038a6e0,TEXT,28a6e0,ascii,11,trial_demo1
0038aefc,TEXT,28aefc,ascii,37,https://samurai.ctr.shop.nintendo.net
0038af30,TEXT,28af30,ascii,35,https://ninja.ctr.shop.nintendo.net
0038af58,TEXT,28af58,ascii,34,https://ccif.ctr.shop.nintendo.net
0038af80,TEXT,28af80,ascii,35,https://eou.c.shop.nintendowifi.net
0038b38c,TEXT,28b38c,ascii,62,"{     ""error"": ""0"",     ""request_id"": ""27369827261836871765"" }"
003b3290,RODATA,2b3290,ascii,4,B0wS
003b3354,RODATA,2b3354,ascii,5,nim:s
003b33ac,RODATA,2b33ac,ascii,7,Version
003b33ec,RODATA,2b33ec,ascii,6,Prices
003b342c,RODATA,2b342c,ascii,15,MaxUserFileSize
003b34ac,RODATA,2b34ac,ascii,6,string
003b34ec,RODATA,2b34ec,ascii,16,PricingSelection
003b352c,RODATA,2b352c,ascii,8,RELEASED
003b3c8c,RODATA,2b3c8c,utf16,16,owned_titles.bin
003b427c,RODATA,2b427c,ascii,12,000000000000
003b42d4,RODATA,2b42d4,ascii,4,BGM1
003b42d9,RODATA,2b42d9,ascii,4,BGM2
003b42de,RODATA,2b42de,ascii,5,exsv:
003b42e4,RODATA,2b42e4,ascii,6,TIGER1
003b42ec,RODATA,2b42ec,utf16,13,icon/icon.icn
003b5074,RODATA,2b5074,ascii,5,y2r:u
003b50d4,RODATA,2b50d4,ascii,5,cam:u
003b50da,RODATA,2b50da,ascii,5,y2r:u
003b5e02,RODATA,2b5e02,utf16,7,[black]
003b5e12,RODATA,2b5e12,utf16,5,[red]
003b5e1e,RODATA,2b5e1e,utf16,6,[blue]
003b5e3a,RODATA,2b5e3a,utf16,14,=favorites.bin
003b5e58,RODATA,2b5e58,utf16,12,wishlist.bin
003b5f22,RODATA,2b5f22,utf16,16,<recommended.bin
003b5f72,RODATA,2b5f72,utf16,14,=character.mst
003b5f90,RODATA,2b5f90,utf16,9,genre.mst
003b5fa4,RODATA,2b5fa4,utf16,14,plCategory.mst
003b5fca,RODATA,2b5fca,utf16,13,=platform.mst
003b5fe6,RODATA,2b5fe6,utf16,13,publisher.mst
003b602e,RODATA,2b602e,utf16,10,rating.mst
003b605a,RODATA,2b605a,utf16,9,<news.bin
003b87b3,RODATA,2b87b3,ascii,7,Unknown
003b87bc,RODATA,2b87bc,utf16,11,setting.bin
003b8908,RODATA,2b8908,ascii,5,strg:
003b890c,RODATA,2b890c,utf16,7,:strg:/
003b8938,RODATA,2b8938,ascii,4,ac:u
003b8944,RODATA,2b8944,ascii,6,am:sys
003b89ac,RODATA,2b89ac,ascii,8,dsp::DSP
003b89c8,RODATA,2b89c8,ascii,6,fs:LDR
003b89cf,RODATA,2b89cf,ascii,7,fs:USER
003b89e8,RODATA,2b89e8,ascii,6,http:C
003b89f1,RODATA,2b89f1,ascii,6,http:C
003b8a20,RODATA,2b8a20,ascii,32," !$%0145""#&'2367(),-89<=*+./:;>?"
003ba2f2,RODATA,2ba2f2,ascii,14,'(59=0/#+78?3;
003ba895,RODATA,2ba895,ascii,7,@bhAmbh
003ba8ca,RODATA,2ba8ca,ascii,4,A-!;
003baac0,RODATA,2baac0,ascii,5,ndm:u
003baac6,RODATA,2baac6,ascii,4,PREP
003baacc,RODATA,2baacc,ascii,16,CTR/%c/1.0.0/r%u
003bab00,RODATA,2bab00,ascii,7,http://
003bab08,RODATA,2bab08,ascii,8,https://
003bab68,RODATA,2bab68,ascii,10,0000000000
003bc7b4,RODATA,2bc7b4,ascii,7,FGONLYT
003bc810,RODATA,2bc810,ascii,4,Exif
003bc81e,RODATA,2bc81e,ascii,4,Exif
003bda44,RODATA,2bda44,ascii,4,srv:
003bda49,RODATA,2bda49,ascii,6,srv:pm
003bda80,RODATA,2bda80,ascii,66,d:\\cibuild\\nlib\\exi\\sources\\nn/nlib/exi/core/BitByteStreamReader.h
003bdac4,RODATA,2bdac4,ascii,67,d:\\cibuild\\nlib\\exi\\sources\\nn\\nlib\\exi\\core\\XmlExiStreamReader.cpp
003bdb38,RODATA,2bdb38,ascii,68,d:\\cibuild\\nlib\\exi\\sources\\nn\\nlib\\exi\\text\\XmlTextStreamReader.cpp
003bf7e4,RODATA,2bf7e4,ascii,6,1\nv5(:
003bf872,RODATA,2bf872,ascii,4,"B',3"
003bf886,RODATA,2bf886,ascii,4,o%D2
003bfbf0,RODATA,2bfbf0,ascii,5,bxstm
003bfbf6,RODATA,2bfbf6,ascii,5,bxwsd
003bfbfc,RODATA,2bfbfc,ascii,5,bxseq
003bfc02,RODATA,2bfc02,ascii,5,bxbnk
003bfc08,RODATA,2bfc08,ascii,5,bxwar
003bfc0e,RODATA,2bfc0e,ascii,5,bxstp
003c27a0,RODATA,2c27a0,ascii,4,CWAT
003c27c1,RODATA,2c27c1,ascii,8, &)05>DN
003c6db0,RODATA,2c6db0,ascii,62,MoLive::Allocator: not enough memory to allocate %d bytes !!!\n
003c6df0,RODATA,2c6df0,ascii,73,Found stream index %d but this stream is already present (duplicate?)...\n
003c6e3c,RODATA,2c6e3c,ascii,97,error: synchronized fixe packet size reader returned a packet with an unexpected size (%d != %d)\n
003c6ea0,RODATA,2c6ea0,ascii,100,error: synchronized variable packet size reader returned a packet with an unexpected size (%d > %d)\n
003c6f08,RODATA,2c6f08,ascii,62,MoLive::Allocator: not enough memory to allocate %d bytes !!!\n
003c704c,RODATA,2c704c,ascii,6,boss:U
003c7053,RODATA,2c7053,ascii,6,boss:P
003c705a,RODATA,2c705a,ascii,6,boss:M
003c70a0,RODATA,2c70a0,ascii,66,d:\\cibuild\\nlib\\exi\\sources\\nn/nlib/exi/core/BitByteStreamReader.h
003c70e4,RODATA,2c70e4,ascii,68,d:\\cibuild\\nlib\\exi\\sources\\nn\\nlib\\exi\\core\\BitByteStreamReader.cpp
003c712c,RODATA,2c712c,ascii,66,d:\\cibuild\\nlib\\exi\\sources\\nn/nlib/exi/core/BitByteStreamReader.h
003c7170,RODATA,2c7170,ascii,59,d:\\cibuild\\nlib\\exi\\sources\\nn\\nlib\\exi\\core\\ExiDecoder.cpp
003c71ac,RODATA,2c71ac,ascii,60,d:\\cibuild\\nlib\\exi\\sources\\nn\\nlib\\exi\\text\\TextDecoder.cpp
003c7658,RODATA,2c7658,ascii,4, :Tn
003c7666,RODATA,2c7666,ascii,4,""">Zv"
003c766e,RODATA,2c766e,ascii,4,2Jbz
003c7675,RODATA,2c7675,ascii,4,6Nf~
003c8b8c,RODATA,2c8b8c,ascii,57,d:\\cibuild\\nlib\\exi\\sources\\nn\\nlib\\exi\\core\\ExiCoder.cpp
003c8bc8,RODATA,2c8bc8,ascii,66,d:\\cibuild\\nlib\\exi\\sources\\nn/nlib/exi/core/BitByteStreamReader.h
003c9713,RODATA,2c9713,ascii,20,?0123456789ABCDEF@0X
003c9728,RODATA,2c9728,ascii,19,0123456789abcdef@0x
003c994e,RODATA,2c994e,ascii,8,std::cin
003c9959,RODATA,2c9959,ascii,9,std::cout
003c9964,RODATA,2c9964,ascii,9,std::cerr
003c996f,RODATA,2c996f,ascii,9,std::clog
003c997a,RODATA,2c997a,ascii,9,std::wcin
003c9985,RODATA,2c9985,ascii,10,std::wcout
003c9990,RODATA,2c9990,ascii,10,std::wcerr
003c999b,RODATA,2c999b,ascii,10,std::wclog
003c9c3c,RODATA,2c9c3c,ascii,18,0123456789abcdefxp
003c9c4f,RODATA,2c9c4f,ascii,18,0123456789ABCDEFXP
003cba78,RODATA,2cba78,utf16,4,t+ +
003ce3ec,RODATA,2ce3ec,ascii,4,pld:
003ce3f4,RODATA,2ce3f4,ascii,64,xsIR1K0CymJEQ3MlpeS2fYJY10d954q8kZn38q5gsmZ4GFHGPvyF0iz5c40v1f1q
003ce43c,RODATA,2ce43c,ascii,13,regular_price
003ce44c,RODATA,2ce44c,ascii,5,price
003ce454,RODATA,2ce454,ascii,5,title
003ce45c,RODATA,2ce45c,ascii,4,aocs
003ce464,RODATA,2ce464,ascii,4,type
003ce46c,RODATA,2ce46c,ascii,9,directory
003ce478,RODATA,2ce478,ascii,12,tax_excluded
003ce488,RODATA,2ce488,ascii,8,title_id
003ce494,RODATA,2ce494,ascii,14,transaction_id
003ce4a4,RODATA,2ce4a4,ascii,9,ticket_id
003ce4b0,RODATA,2ce4b0,ascii,17,conditional_price
003ce4c4,RODATA,2ce4c4,ascii,12,coupon_price
003ce4d4,RODATA,2ce4d4,ascii,14,discount_price
003ce4e4,RODATA,2ce4e4,ascii,15,current_balance
003ce4f4,RODATA,2ce4f4,ascii,12,post_balance
003ce504,RODATA,2ce504,ascii,9,raw_value
003ce510,RODATA,2ce510,ascii,13,title_ec_info
003ce520,RODATA,2ce520,ascii,14,privilege_info
003ce530,RODATA,2ce530,ascii,16,prepurchase_info
003ce544,RODATA,2ce544,ascii,9,pre_order
003ce550,RODATA,2ce550,ascii,18,conditional_prices
003ce564,RODATA,2ce564,ascii,15,privilege_infos
003ce574,RODATA,2ce574,ascii,18,transaction_result
003ce588,RODATA,2ce588,ascii,18,purchasing_content
003ce59c,RODATA,2ce59c,ascii,18,integrated_account
003ce5b0,RODATA,2ce5b0,ascii,12,total_amount
003ce5c0,RODATA,2ce5c0,ascii,14,payment_amount
003ce5d0,RODATA,2ce5d0,ascii,10,tax_amount
003ce5dc,RODATA,2ce5dc,ascii,10,pattern_id
003ce5e8,RODATA,2ce5e8,ascii,7,formats
003ce5f0,RODATA,2ce5f0,ascii,10,epoch_msec
003ce5fc,RODATA,2ce5fc,ascii,14,original_price
003ce60c,RODATA,2ce60c,ascii,11,after_price
003ce618,RODATA,2ce618,ascii,13,instance_code
003ce628,RODATA,2ce628,ascii,4,name
003ce630,RODATA,2ce630,ascii,12,end_datetime
003ce640,RODATA,2ce640,ascii,14,start_datetime
003ce650,RODATA,2ce650,ascii,13,localdatetime
003ce660,RODATA,2ce660,ascii,8,datetime
003ce66c,RODATA,2ce66c,ascii,11,target_type
003ce678,RODATA,2ce678,ascii,16,use_at_once_flag
003ce68c,RODATA,2ce68c,ascii,11,description
003ce698,RODATA,2ce698,ascii,6,coupon
003ce6a0,RODATA,2ce6a0,ascii,13,discount_info
003ce6b0,RODATA,2ce6b0,ascii,6,titles
003ce6b8,RODATA,2ce6b8,ascii,11,target_list
003ce6e8,RODATA,2ce6e8,ascii,4,3528
003ce6f4,RODATA,2ce6f4,ascii,4,3529
003ce6fc,RODATA,2ce6fc,ascii,17,replenish_amounts
003ce710,RODATA,2ce710,ascii,16,replenish_amount
003ce724,RODATA,2ce724,ascii,9,publisher
003ce730,RODATA,2ce730,ascii,8,contacts
003ce73c,RODATA,2ce73c,ascii,15,primary_contact
003ce74c,RODATA,2ce74c,ascii,7,service
003ce754,RODATA,2ce754,ascii,8,services
003ce760,RODATA,2ce760,ascii,13,title_id_pair
003ce770,RODATA,2ce770,ascii,14,title_id_pairs
003ce780,RODATA,2ce780,ascii,8,language
003ce78c,RODATA,2ce78c,ascii,9,languages
003ce798,RODATA,2ce798,ascii,5,image
003ce7a4,RODATA,2ce7a4,ascii,7,coupons
003ce7ac,RODATA,2ce7ac,ascii,12,online_price
003ce7bc,RODATA,2ce7bc,ascii,13,online_prices
003ce7cc,RODATA,2ce7cc,ascii,5,total
003ce7d4,RODATA,2ce7d4,ascii,6,ns_uid
003ce7dc,RODATA,2ce7dc,ascii,19,title_public_status
003ce7f0,RODATA,2ce7f0,ascii,13,public_status
003ce800,RODATA,2ce800,ascii,7,ranking
003ce808,RODATA,2ce808,ascii,6,filter
003ce810,RODATA,2ce810,ascii,8,rankings
003ce81c,RODATA,2ce81c,ascii,7,filters
003ce824,RODATA,2ce824,ascii,4,vote
003ce82c,RODATA,2ce82c,ascii,5,votes
003ce834,RODATA,2ce834,ascii,21,owned_titles_modified
003ce84c,RODATA,2ce84c,ascii,22,wishlist_last_modified
003ce864,RODATA,2ce864,ascii,23,auto_billing_contracted
003ce87c,RODATA,2ce87c,ascii,15,wished_title_id
003ce88c,RODATA,2ce88c,ascii,15,wishlist_notice
003ce89c,RODATA,2ce89c,ascii,6,device
003ce8a4,RODATA,2ce8a4,ascii,11,server_time
003ce8b0,RODATA,2ce8b0,ascii,14,session_config
003ce8c0,RODATA,2ce8c0,ascii,10,saved_lang
003ce8cc,RODATA,2ce8cc,ascii,16,parental_control
003ce8e0,RODATA,2ce8e0,ascii,7,devices
003ce8e8,RODATA,2ce8e8,ascii,17,parental_controls
003ce8fc,RODATA,2ce8fc,ascii,7,country
003ce904,RODATA,2ce904,ascii,15,title_contracts
003ce914,RODATA,2ce914,ascii,14,title_contract
003ce924,RODATA,2ce924,ascii,8,contract
003ce930,RODATA,2ce930,ascii,6,offset
003ce938,RODATA,2ce938,ascii,10,catalog_id
003ce944,RODATA,2ce944,ascii,5,telop
003ce94c,RODATA,2ce94c,ascii,6,images
003ce954,RODATA,2ce954,ascii,11,directories
003ce960,RODATA,2ce960,ascii,6,telops
003ce968,RODATA,2ce968,ascii,4,news
003ce970,RODATA,2ce970,ascii,10,news_entry
003ce97c,RODATA,2ce97c,ascii,12,content_size
003ce98c,RODATA,2ce98c,ascii,12,content_lock
003ce99c,RODATA,2ce99c,ascii,13,title_version
003ce9ac,RODATA,2ce9ac,ascii,5,genre
003ce9b4,RODATA,2ce9b4,ascii,21,search_category_group
003ce9cc,RODATA,2ce9cc,ascii,17,search_categories
003ce9e0,RODATA,2ce9e0,ascii,6,genres
003ce9e8,RODATA,2ce9e8,ascii,10,publishers
003ce9f4,RODATA,2ce9f4,ascii,15,redeemable_card
003cea04,RODATA,2cea04,ascii,9,type_code
003cea10,RODATA,2cea10,ascii,4,cash
003cea18,RODATA,2cea18,ascii,18,loyalty_account_id
003cea2c,RODATA,2cea2c,ascii,15,loyalty_account
003cea3c,RODATA,2cea3c,ascii,23,area:/CN/country_LZ.bin
003cea54,RODATA,2cea54,ascii,23,area:/JP/country_LZ.bin
003cea6c,RODATA,2cea6c,ascii,23,area:/KR/country_LZ.bin
003cea84,RODATA,2cea84,ascii,23,area:/US/country_LZ.bin
003cea9c,RODATA,2cea9c,ascii,23,area:/EU/country_LZ.bin
003ceab4,RODATA,2ceab4,ascii,23,area:/TW/country_LZ.bin
003ceacc,RODATA,2ceacc,ascii,7,balance
003cead4,RODATA,2cead4,ascii,17,prereplenish_info
003ceae8,RODATA,2ceae8,ascii,11,transaction
003ceaf4,RODATA,2ceaf4,ascii,12,transactions
003ceb04,RODATA,2ceb04,ascii,18,transaction_amount
003ceb18,RODATA,2ceb18,ascii,12,tax_location
003ceb28,RODATA,2ceb28,ascii,13,tax_locations
003cec59,RODATA,2cec59,ascii,157,"3"",       ""itemCode"": ""CTRMISD100000003"",       ""itemId"": ""262596"",       ""titleId"": ""0004008C0FEEE000""     }   ],   ""minorVersion"": 2,   ""majorVersion"": 1 }"
003d094c,RODATA,2d094c,ascii,309,""",                     ""id"":50010000006321                 },                 ""q1"":true,                 ""q2"":0,                 ""q3"":3,                 ""q4"":true,                 ""q5"":true,                 ""index"":1             }         ],         ""length"":20,         ""offset"":0,         ""total"":21     } }"
003d0c4d,RODATA,2d0c4d,ascii,147,""",                 ""phone_number"":""0570-012-789"",                 ""url"":""http://www.d3p.co.jp""             }         ],         ""length"":93     } }"
003d0eec,RODATA,2d0eec,ascii,105,""",                 ""currency"": ""JPY"",                 ""raw_value"": ""5000""             }         ]     } }"
003d0fd3,RODATA,2d0fd3,ascii,82,""",             ""currency"": ""JPY"",             ""raw_value"": ""500""         }     } }"
003d1028,RODATA,2d1028,ascii,121,"{ ""credit_card"": { ""masked_number"": ""**** **** **** 4444"", ""type_name"": ""Master"", ""exp_year"": ""13"", ""exp_month"": ""12"" } }"
003d10a4,RODATA,2d10a4,ascii,129,"{""ccif_transaction"":{""request_id"":""a201be9550a3efb90aafe343eeeb9dfde95fa85fd45318b7f83e45dda99d6b48"",""application_id"":""7581726""}}"
003d13ce,RODATA,2d13ce,ascii,30,""",""content"":""0570-020-210""}]}}"
003d13f0,RODATA,2d13f0,ascii,15,tentative_price
003d1400,RODATA,2d1400,ascii,18,end_datetime_local
003d1414,RODATA,2d1414,ascii,20,conditional_contents
003d142c,RODATA,2d142c,ascii,19,conditional_content
003d1440,RODATA,2d1440,ascii,13,https://ninja
003d1450,RODATA,2d1450,ascii,71,https://tagaya.wup.shop.nintendo.net/tagaya_ctr/dev/tiger/versionlist%d
003d1498,RODATA,2d1498,ascii,90,%s/samurai/ws/%s/title/%014llu/law_message?lang=%s&shop_id=1&_type=json&content_type=title
003d14f4,RODATA,2d14f4,ascii,12,https://ccif
003d1504,RODATA,2d1504,ascii,15,https://samurai
003d1514,RODATA,2d1514,ascii,89,%s/ninja/ws/my/recommend_title?directory_id=%llu&friend_code=%016llX&shop_id=1&_type=json
003d1570,RODATA,2d1570,ascii,101,%s/ninja/ws/%s/titles/online_prices?title%%5B%%5D=%s&lang=%s&include_coupon=true&shop_id=1&_type=json
003d15d8,RODATA,2d15d8,ascii,65,%s/ninja/ws/service_hosts?country=%s&lang=%s&shop_id=1&_type=json
003d161c,RODATA,2d161c,ascii,79,%s/samurai/ws/%s/eshop_message/agreement_send_info?lang=%s&shop_id=1&_type=json
003d166c,RODATA,2d166c,ascii,64,%s/samurai/ws/%s/title/%014llu/aocs?lang=%s&shop_id=1&_type=json
003d16b0,RODATA,2d16b0,ascii,69,%s/ninja/ws/country/%s/replenish_amounts?lang=%s&shop_id=1&_type=json
003d16f8,RODATA,2d16f8,ascii,71,%s/samurai/ws/%s/eshop_message/law_payment?lang=%s&shop_id=1&_type=json
003d1740,RODATA,2d1740,ascii,65,%s/samurai/ws/%s/eshop_message/about?lang=%s&shop_id=1&_type=json
003d1784,RODATA,2d1784,ascii,68,%s/samurai/ws/%s/directories?lang=%s&pattern=%s&shop_id=1&_type=json
003d17cc,RODATA,2d17cc,ascii,69,%s/ninja/ws/%s/title/%llu/prepurchase_info?%s=%s&shop_id=1&_type=json
003d1814,RODATA,2d1814,ascii,83,%s/samurai/ws/%s/coupon/%llu/titles?lang=%s&limit=%u&offset=%u&shop_id=1&_type=json
003d1868,RODATA,2d1868,ascii,105,%s/ninja/ws/my/abandoned_transactions?tracing_transaction_id=%llu&limit=%u&offset=%u&shop_id=1&_type=json
003d18d4,RODATA,2d18d4,ascii,68,%s/ninja/ws/my/shared_titles?limit=%u&offset=%u&shop_id=1&_type=json
003d191c,RODATA,2d191c,ascii,73,%s/ninja/ws/my/auto_billing/plans?limit=%u&offset=%u&shop_id=1&_type=json
003d1968,RODATA,2d1968,ascii,67,%s/ninja/ws/my/transactions?limit=%u&offset=%u&shop_id=1&_type=json
003d19ac,RODATA,2d19ac,ascii,98,%s/ninja/ws/my/abandoned_transaction/%llu/receipt?tracing_transaction_id=%llu&shop_id=1&_type=json
003d1a10,RODATA,2d1a10,ascii,116,%s/ninja/ws/%s/titles/online_prices?title%%5B%%5D=%s&lang=%s&include_coupon=true&coupon_id=%llu&shop_id=1&_type=json
003d1a88,RODATA,2d1a88,ascii,68,%s/ninja/ws/my/account/ctr/!migrate_without_nna?shop_id=1&_type=json
003d1ad0,RODATA,2d1ad0,ascii,64,%s/ninja/ws/my/auto_billing/%014llu/!cancel?shop_id=1&_type=json
003d1b14,RODATA,2d1b14,ascii,65,%s/samurai/ws/%s/publishers/contacts?shop_id=1&lang=%s&_type=json
003d1b58,RODATA,2d1b58,ascii,75,%s/samurai/ws/%s/ranking/%u?shop_id=1&limit=%u&offset=%u&lang=%s&_type=json
003d1ba4,RODATA,2d1ba4,ascii,69,%s/ninja/ws/my/votable_titles?shop_id=1&limit=%u&offset=%u&_type=json
003d1bec,RODATA,2d1bec,ascii,108,https://a248.e.akamai.net/f/248/103046/10m/npdl.c.app.nintendowifi.net/p01/nsa/7RW9z5Cb71Fpt1OE/BGM1/JP_BGM1
003d1c5c,RODATA,2d1c5c,ascii,108,https://a248.e.akamai.net/f/248/103046/10m/npdl.c.app.nintendowifi.net/p01/nsa/vD1TyxppgptrZdfK/BGM1/KR_BGM1
003d1ccc,RODATA,2d1ccc,ascii,108,https://a248.e.akamai.net/f/248/103046/10m/npdl.c.app.nintendowifi.net/p01/nsa/CtfKXACbUPl8s7lk/BGM1/US_BGM1
003d1d3c,RODATA,2d1d3c,ascii,108,https://a248.e.akamai.net/f/248/103046/10m/npdl.c.app.nintendowifi.net/p01/nsa/AH3oZwrEbne6qHCO/BGM1/EU_BGM1
003d1dac,RODATA,2d1dac,ascii,108,https://a248.e.akamai.net/f/248/103046/10m/npdl.c.app.nintendowifi.net/p01/nsa/kRlrRG3XMEZShz9a/BGM1/TW_BGM1
003d1e1c,RODATA,2d1e1c,ascii,108,https://a248.e.akamai.net/f/248/103046/10m/npdl.c.app.nintendowifi.net/p01/nsa/7RW9z5Cb71Fpt1OE/BGM2/JP_BGM2
003d1e8c,RODATA,2d1e8c,ascii,108,https://a248.e.akamai.net/f/248/103046/10m/npdl.c.app.nintendowifi.net/p01/nsa/vD1TyxppgptrZdfK/BGM2/KR_BGM2
003d1efc,RODATA,2d1efc,ascii,108,https://a248.e.akamai.net/f/248/103046/10m/npdl.c.app.nintendowifi.net/p01/nsa/CtfKXACbUPl8s7lk/BGM2/US_BGM2
003d1f6c,RODATA,2d1f6c,ascii,108,https://a248.e.akamai.net/f/248/103046/10m/npdl.c.app.nintendowifi.net/p01/nsa/AH3oZwrEbne6qHCO/BGM2/EU_BGM2
003d1fdc,RODATA,2d1fdc,ascii,108,https://a248.e.akamai.net/f/248/103046/10m/npdl.c.app.nintendowifi.net/p01/nsa/kRlrRG3XMEZShz9a/BGM2/TW_BGM2
003d204c,RODATA,2d204c,ascii,108,https://a248.e.akamai.net/f/248/103046/10m/npdl.c.app.nintendowifi.net/p01/nsa/7RW9z5Cb71Fpt1OE/TIGER1/JP_ja
003d20bc,RODATA,2d20bc,ascii,108,https://a248.e.akamai.net/f/248/103046/10m/npdl.c.app.nintendowifi.net/p01/nsa/kRlrRG3XMEZShz9a/TIGER1/TW_tc
003d212c,RODATA,2d212c,ascii,108,https://a248.e.akamai.net/f/248/103046/10m/npdl.c.app.nintendowifi.net/p01/nsa/AH3oZwrEbne6qHCO/TIGER1/EU_de
003d219c,RODATA,2d219c,ascii,108,https://a248.e.akamai.net/f/248/103046/10m/npdl.c.app.nintendowifi.net/p01/nsa/AH3oZwrEbne6qHCO/TIGER1/EU_nl
003d220c,RODATA,2d220c,ascii,108,https://a248.e.akamai.net/f/248/103046/10m/npdl.c.app.nintendowifi.net/p01/nsa/CtfKXACbUPl8s7lk/TIGER1/US_en
003d227c,RODATA,2d227c,ascii,108,https://a248.e.akamai.net/f/248/103046/10m/npdl.c.app.nintendowifi.net/p01/nsa/AH3oZwrEbne6qHCO/TIGER1/EU_en
003d22ec,RODATA,2d22ec,ascii,109,https://a248.e.akamai.net/f/248/103046/10m/npdl.c.app.nintendowifi.net/p01/nsa/AH3oZwrEbne6qHCO/TIGER1/AEU_en
003d235c,RODATA,2d235c,ascii,108,https://a248.e.akamai.net/f/248/103046/10m/npdl.c.app.nintendowifi.net/p01/nsa/vD1TyxppgptrZdfK/TIGER1/KR_ko
003d23cc,RODATA,2d23cc,ascii,108,https://a248.e.akamai.net/f/248/103046/10m/npdl.c.app.nintendowifi.net/p01/nsa/CtfKXACbUPl8s7lk/TIGER1/US_fr
003d243c,RODATA,2d243c,ascii,108,https://a248.e.akamai.net/f/248/103046/10m/npdl.c.app.nintendowifi.net/p01/nsa/AH3oZwrEbne6qHCO/TIGER1/EU_fr
003d24ac,RODATA,2d24ac,ascii,108,https://a248.e.akamai.net/f/248/103046/10m/npdl.c.app.nintendowifi.net/p01/nsa/CtfKXACbUPl8s7lk/TIGER1/US_es
003d251c,RODATA,2d251c,ascii,108,https://a248.e.akamai.net/f/248/103046/10m/npdl.c.app.nintendowifi.net/p01/nsa/AH3oZwrEbne6qHCO/TIGER1/EU_es
003d258c,RODATA,2d258c,ascii,108,https://a248.e.akamai.net/f/248/103046/10m/npdl.c.app.nintendowifi.net/p01/nsa/AH3oZwrEbne6qHCO/TIGER1/EU_it
003d25fc,RODATA,2d25fc,ascii,108,https://a248.e.akamai.net/f/248/103046/10m/npdl.c.app.nintendowifi.net/p01/nsa/CtfKXACbUPl8s7lk/TIGER1/US_pt
003d266c,RODATA,2d266c,ascii,108,https://a248.e.akamai.net/f/248/103046/10m/npdl.c.app.nintendowifi.net/p01/nsa/AH3oZwrEbne6qHCO/TIGER1/EU_pt
003d26dc,RODATA,2d26dc,ascii,108,https://a248.e.akamai.net/f/248/103046/10m/npdl.c.app.nintendowifi.net/p01/nsa/AH3oZwrEbne6qHCO/TIGER1/EU_ru
003d2750,RODATA,2d2750,ascii,13,Regi_txt09_01
003d2760,RODATA,2d2760,ascii,13,Regi_txt09_02
003d2770,RODATA,2d2770,ascii,13,Regi_txt09_03
003d2780,RODATA,2d2780,ascii,13,Regi_txt09_04
003d2790,RODATA,2d2790,ascii,9,decide_00
003d279c,RODATA,2d279c,ascii,9,cancel_00
003d27a8,RODATA,2d27a8,ascii,13,Regi_txt08_03
003d27b8,RODATA,2d27b8,ascii,13,Regi_txt08_04
003d27c8,RODATA,2d27c8,ascii,11,ratCOB_U_00
003d27d4,RODATA,2d27d4,ascii,11,ratGRB_U_00
003d27e0,RODATA,2d27e0,ascii,12,ratESRB_U_00
003d27f0,RODATA,2d27f0,ascii,12,ratBBFC_U_00
003d2800,RODATA,2d2800,ascii,12,ratOFLC_U_00
003d2810,RODATA,2d2810,ascii,16,ratCLASSIND_U_00
003d2824,RODATA,2d2824,ascii,12,ratPEGI_U_00
003d2834,RODATA,2d2834,ascii,11,ratUSK_U_00
003d2840,RODATA,2d2840,ascii,12,ratCERO_U_00
003d2850,RODATA,2d2850,ascii,11,ratRAR_U_00
003d285c,RODATA,2d285c,ascii,13,ratCGSRR_U_00
003d286c,RODATA,2d286c,ascii,12,ratPEGI_U_02
003d287c,RODATA,2d287c,ascii,11,P_strike_00
003d2888,RODATA,2d2888,ascii,9,P_line_00
003d2894,RODATA,2d2894,ascii,8,T_use_00
003d28a0,RODATA,2d28a0,ascii,9,T_date_00
003d28ac,RODATA,2d28ac,ascii,10,T_price_01
003d28b8,RODATA,2d28b8,ascii,9,P_line_01
003d28c4,RODATA,2d28c4,ascii,10,T_price_02
003d28d0,RODATA,2d28d0,ascii,9,P_line_02
003d28dc,RODATA,2d28dc,ascii,9,P_line_04
003d28e8,RODATA,2d28e8,ascii,11,P_SDicon_00
003d28f4,RODATA,2d28f4,ascii,12,P_CTRicon_00
003d2904,RODATA,2d2904,ascii,25,MemoryCheck_dlgtitle01_01
003d2920,RODATA,2d2920,ascii,20,MemoryCheck_btn01_01
003d2938,RODATA,2d2938,ascii,23,MemoryCheck_dlgtxt01_01
003d2950,RODATA,2d2950,ascii,20,MemoryCheck_txt02_01
003d2968,RODATA,2d2968,ascii,23,MemoryCheck_dlgtxt02_01
003d2980,RODATA,2d2980,ascii,25,MemoryCheck_dlgtitle01_02
003d299c,RODATA,2d299c,ascii,20,MemoryCheck_btn01_02
003d29b4,RODATA,2d29b4,ascii,23,MemoryCheck_dlgtxt01_02
003d29cc,RODATA,2d29cc,ascii,20,MemoryCheck_txt02_02
003d29e4,RODATA,2d29e4,ascii,23,MemoryCheck_dlgtxt02_02
003d29fc,RODATA,2d29fc,ascii,20,MemoryCheck_txt03_02
003d2a14,RODATA,2d2a14,ascii,23,MemoryCheck_dlgtxt01_03
003d2a2c,RODATA,2d2a2c,ascii,20,MemoryCheck_txt03_03
003d2a44,RODATA,2d2a44,ascii,20,MemoryCheck_txt01_04
003d2a5c,RODATA,2d2a5c,ascii,23,MemoryCheck_dlgtxt01_04
003d2a74,RODATA,2d2a74,ascii,20,MemoryCheck_txt01_05
003d2a8c,RODATA,2d2a8c,ascii,15,Update_dlg01_01
003d2a9c,RODATA,2d2a9c,ascii,15,Update_dlg01_02
003d2aac,RODATA,2d2aac,ascii,15,Update_btn01_02
003d2abc,RODATA,2d2abc,ascii,15,Update_btn01_03
003d2acc,RODATA,2d2acc,ascii,17,Update_title01_01
003d2ae0,RODATA,2d2ae0,ascii,15,Update_txt01_01
003d2af0,RODATA,2d2af0,ascii,15,Update_txt03_01
003d2b00,RODATA,2d2b00,ascii,15,Update_txt05_01
003d2b10,RODATA,2d2b10,ascii,17,Update_title01_02
003d2b24,RODATA,2d2b24,ascii,15,Update_txt01_02
003d2b34,RODATA,2d2b34,ascii,15,Update_txt02_02
003d2b44,RODATA,2d2b44,ascii,15,Update_txt03_02
003d2b54,RODATA,2d2b54,ascii,17,Update_title01_03
003d2b68,RODATA,2d2b68,ascii,15,Update_txt02_03
003d2b78,RODATA,2d2b78,ascii,15,Credit_txt02_05
003d2b88,RODATA,2d2b88,ascii,15,Credit_txt02_06
003d2b98,RODATA,2d2b98,ascii,15,Credit_txt02_07
003d2ba8,RODATA,2d2ba8,ascii,11,dialog_D_00
003d2bb4,RODATA,2d2bb4,ascii,18,CommonWin_dlg01_01
003d2bc8,RODATA,2d2bc8,ascii,18,CommonWin_dlg02_01
003d2bdc,RODATA,2d2bdc,ascii,11,dialog_D_01
003d2be8,RODATA,2d2be8,ascii,18,CommonWin_dlg01_02
003d2bfc,RODATA,2d2bfc,ascii,18,CommonWin_dlg02_02
003d2c10,RODATA,2d2c10,ascii,11,dialog_D_02
003d2c1c,RODATA,2d2c1c,ascii,20,TitleInfo_PRdlg01_01
003d2c34,RODATA,2d2c34,ascii,17,Entrance_dlg02_01
003d2c48,RODATA,2d2c48,ascii,20,TitleInfo_PRdlg01_02
003d2c60,RODATA,2d2c60,ascii,17,Entrance_dlg02_02
003d2c74,RODATA,2d2c74,ascii,20,TitleInfo_PRdlg01_03
003d2c8c,RODATA,2d2c8c,ascii,17,Entrance_dlg02_03
003d2ca0,RODATA,2d2ca0,ascii,17,Entrance_dlg02_05
003d2cb4,RODATA,2d2cb4,ascii,17,Entrance_dlg02_06
003d2cc8,RODATA,2d2cc8,ascii,9,star_D_00
003d2cd4,RODATA,2d2cd4,ascii,9,star_D_01
003d2ce0,RODATA,2d2ce0,ascii,9,star_D_02
003d2cec,RODATA,2d2cec,ascii,9,star_D_03
003d2cf8,RODATA,2d2cf8,ascii,9,star_D_04
003d2d04,RODATA,2d2d04,ascii,15,error_txt01_100
003d2d14,RODATA,2d2d14,ascii,15,error_txt01_110
003d2d24,RODATA,2d2d24,ascii,14,error_txt01_10
003d2d34,RODATA,2d2d34,ascii,14,error_txt01_70
003d2d44,RODATA,2d2d44,ascii,15,Credit_dlg04_01
003d2d54,RODATA,2d2d54,ascii,15,error_txt01_111
003d2d64,RODATA,2d2d64,ascii,14,error_txt01_11
003d2d74,RODATA,2d2d74,ascii,14,error_txt01_71
003d2d84,RODATA,2d2d84,ascii,15,error_txt01_102
003d2d94,RODATA,2d2d94,ascii,15,error_txt01_112
003d2da4,RODATA,2d2da4,ascii,14,error_txt01_32
003d2db4,RODATA,2d2db4,ascii,14,error_txt01_92
003d2dc4,RODATA,2d2dc4,ascii,15,error_txt01_103
003d2dd4,RODATA,2d2dd4,ascii,15,error_txt01_113
003d2de4,RODATA,2d2de4,ascii,14,error_txt01_13
003d2df4,RODATA,2d2df4,ascii,14,error_txt01_33
003d2e04,RODATA,2d2e04,ascii,14,error_txt01_53
003d2e14,RODATA,2d2e14,ascii,14,error_txt01_73
003d2e24,RODATA,2d2e24,ascii,15,error_txt01_114
003d2e34,RODATA,2d2e34,ascii,14,error_txt01_14
003d2e44,RODATA,2d2e44,ascii,14,error_txt01_74
003d2e54,RODATA,2d2e54,ascii,14,error_txt01_94
003d2e64,RODATA,2d2e64,ascii,15,error_txt01_105
003d2e74,RODATA,2d2e74,ascii,14,error_txt01_15
003d2e84,RODATA,2d2e84,ascii,14,error_txt01_55
003d2e94,RODATA,2d2e94,ascii,14,error_txt01_75
003d2ea4,RODATA,2d2ea4,ascii,14,error_txt01_95
003d2eb4,RODATA,2d2eb4,ascii,15,error_txt01_106
003d2ec4,RODATA,2d2ec4,ascii,14,error_txt01_16
003d2ed4,RODATA,2d2ed4,ascii,14,error_txt01_56
003d2ee4,RODATA,2d2ee4,ascii,14,error_txt01_96
003d2ef4,RODATA,2d2ef4,ascii,15,error_txt01_107
003d2f04,RODATA,2d2f04,ascii,14,error_txt01_17
003d2f14,RODATA,2d2f14,ascii,14,error_txt01_48
003d2f24,RODATA,2d2f24,ascii,14,error_txt01_88
003d2f34,RODATA,2d2f34,ascii,15,error_txt01_109
003d2f44,RODATA,2d2f44,ascii,14,error_txt01_09
003d2f54,RODATA,2d2f54,ascii,14,error_txt01_59
003d2f64,RODATA,2d2f64,ascii,21,CommonWin_ERRdlg01_03
003d2f7c,RODATA,2d2f7c,ascii,20,TitleInfo_TRtxt01_01
003d2f94,RODATA,2d2f94,ascii,20,TitleInfo_MVtxt02_01
003d2fac,RODATA,2d2fac,ascii,20,TitleInfo_TRtxt01_02
003d2fc4,RODATA,2d2fc4,ascii,20,TitleInfo_MVtxt02_02
003d2fdc,RODATA,2d2fdc,ascii,14,toggleBtn_D_02
003d2fec,RODATA,2d2fec,ascii,14,toggleBtn_D_03
003d2ffc,RODATA,2d2ffc,ascii,14,toggleBtn_D_04
003d300c,RODATA,2d300c,ascii,21,BootLanguage_dlg03_01
003d3024,RODATA,2d3024,ascii,21,BootLanguage_dlg02_02
003d303c,RODATA,2d303c,ascii,12,listBtn_D_00
003d304c,RODATA,2d304c,ascii,11,B_button_00
003d3058,RODATA,2d3058,ascii,11,T_button_00
003d3064,RODATA,2d3064,ascii,9,button_00
003d3070,RODATA,2d3070,ascii,12,B_listBtn_00
003d3080,RODATA,2d3080,ascii,12,T_listBtn_00
003d3090,RODATA,2d3090,ascii,10,listBtn_00
003d309c,RODATA,2d309c,ascii,12,listBtn_D_01
003d30ac,RODATA,2d30ac,ascii,11,T_button_01
003d30b8,RODATA,2d30b8,ascii,12,T_listBtn_01
003d30c8,RODATA,2d30c8,ascii,19,Recommend_reco01_02
003d30dc,RODATA,2d30dc,ascii,19,Recommend_reco01_03
003d30f0,RODATA,2d30f0,ascii,10,movie_U_00
003d30fc,RODATA,2d30fc,ascii,10,movie_U_01
003d3108,RODATA,2d3108,ascii,10,movie_U_02
003d3114,RODATA,2d3114,ascii,9,reco_U_00
003d3120,RODATA,2d3120,ascii,20,Recommend_title03_01
003d3138,RODATA,2d3138,ascii,18,Recommend_title_01
003d314c,RODATA,2d314c,ascii,9,reco_U_03
003d3158,RODATA,2d3158,ascii,7,down_00
003d3160,RODATA,2d3160,ascii,5,up_00
003d3168,RODATA,2d3168,ascii,10,P_count_00
003d3174,RODATA,2d3174,ascii,7,down_01
003d317c,RODATA,2d317c,ascii,5,up_01
003d3184,RODATA,2d3184,ascii,10,P_count_01
003d3190,RODATA,2d3190,ascii,7,down_02
003d3198,RODATA,2d3198,ascii,5,up_02
003d31a0,RODATA,2d31a0,ascii,10,P_count_02
003d31ac,RODATA,2d31ac,ascii,10,P_count_03
003d31b8,RODATA,2d31b8,ascii,10,P_count_04
003d31c4,RODATA,2d31c4,ascii,10,P_count_05
003d31d0,RODATA,2d31d0,ascii,10,P_count_06
003d31dc,RODATA,2d31dc,ascii,10,P_count_07
003d31e8,RODATA,2d31e8,ascii,11,SD_txt01_01
003d31f4,RODATA,2d31f4,ascii,11,SD_txt01_02
003d3200,RODATA,2d3200,ascii,11,SD_txt01_03
003d320c,RODATA,2d320c,ascii,11,SD_txt01_04
003d3218,RODATA,2d3218,ascii,12,eulaPos_D_00
003d3228,RODATA,2d3228,ascii,12,eulaPos_D_01
003d3238,RODATA,2d3238,ascii,19,AddressSet_dlg04_01
003d324c,RODATA,2d324c,ascii,19,AddressSet_dlg04_02
003d3260,RODATA,2d3260,ascii,8,input_00
003d326c,RODATA,2d326c,ascii,19,Membership_btn01_01
003d3280,RODATA,2d3280,ascii,8,input_01
003d328c,RODATA,2d328c,ascii,19,Membership_btn01_03
003d32a0,RODATA,2d32a0,ascii,5,no_00
003d32a8,RODATA,2d32a8,ascii,6,yes_00
003d32b0,RODATA,2d32b0,ascii,21,Notification_dlg01_10
003d32c8,RODATA,2d32c8,ascii,21,Notification_dlg01_01
003d32e0,RODATA,2d32e0,ascii,18,CommonWin_dlg01_03
003d32f4,RODATA,2d32f4,ascii,21,Notification_dlg01_04
003d330c,RODATA,2d330c,ascii,21,Notification_dlg01_05
003d3324,RODATA,2d3324,ascii,21,Notification_dlg01_06
003d333c,RODATA,2d333c,ascii,21,Notification_dlg01_07
003d3354,RODATA,2d3354,ascii,11,P_bgIcon_00
003d3360,RODATA,2d3360,ascii,16,Ranking_txt02_01
003d3374,RODATA,2d3374,ascii,16,Ranking_txt03_01
003d3388,RODATA,2d3388,ascii,11,P_bgIcon_01
003d3394,RODATA,2d3394,ascii,7,info_00
003d339c,RODATA,2d339c,ascii,7,info_01
003d33a4,RODATA,2d33a4,ascii,9,button_01
003d33b0,RODATA,2d33b0,ascii,9,button_02
003d33bc,RODATA,2d33bc,ascii,9,button_03
003d33c8,RODATA,2d33c8,ascii,9,button_04
003d33d4,RODATA,2d33d4,ascii,9,button_05
003d33e0,RODATA,2d33e0,ascii,9,button_06
003d33ec,RODATA,2d33ec,ascii,8,month_10
003d33f8,RODATA,2d33f8,ascii,6,day_10
003d3400,RODATA,2d3400,ascii,6,day_20
003d3408,RODATA,2d3408,ascii,6,day_30
003d3410,RODATA,2d3410,ascii,8,month_11
003d341c,RODATA,2d341c,ascii,6,day_11
003d3424,RODATA,2d3424,ascii,6,day_21
003d342c,RODATA,2d342c,ascii,6,day_31
003d3434,RODATA,2d3434,ascii,7,month_1
003d343c,RODATA,2d343c,ascii,5,day_1
003d3444,RODATA,2d3444,ascii,8,month_12
003d3450,RODATA,2d3450,ascii,6,day_12
003d3458,RODATA,2d3458,ascii,6,day_22
003d3460,RODATA,2d3460,ascii,7,month_2
003d3468,RODATA,2d3468,ascii,5,day_2
003d3470,RODATA,2d3470,ascii,6,day_13
003d3478,RODATA,2d3478,ascii,6,day_23
003d3480,RODATA,2d3480,ascii,7,month_3
003d3488,RODATA,2d3488,ascii,5,day_3
003d3490,RODATA,2d3490,ascii,6,day_14
003d3498,RODATA,2d3498,ascii,6,day_24
003d34a0,RODATA,2d34a0,ascii,7,month_4
003d34a8,RODATA,2d34a8,ascii,5,day_4
003d34b0,RODATA,2d34b0,ascii,6,day_15
003d34b8,RODATA,2d34b8,ascii,6,day_25
003d34c0,RODATA,2d34c0,ascii,7,month_5
003d34c8,RODATA,2d34c8,ascii,5,day_5
003d34d0,RODATA,2d34d0,ascii,6,day_16
003d34d8,RODATA,2d34d8,ascii,6,day_26
003d34e0,RODATA,2d34e0,ascii,7,month_6
003d34e8,RODATA,2d34e8,ascii,5,day_6
003d34f0,RODATA,2d34f0,ascii,6,day_17
003d34f8,RODATA,2d34f8,ascii,6,day_27
003d3500,RODATA,2d3500,ascii,7,month_7
003d3508,RODATA,2d3508,ascii,5,day_7
003d3510,RODATA,2d3510,ascii,6,day_18
003d3518,RODATA,2d3518,ascii,6,day_28
003d3520,RODATA,2d3520,ascii,7,month_8
003d3528,RODATA,2d3528,ascii,5,day_8
003d3530,RODATA,2d3530,ascii,6,day_19
003d3538,RODATA,2d3538,ascii,6,day_29
003d3540,RODATA,2d3540,ascii,7,month_9
003d3548,RODATA,2d3548,ascii,5,day_9
003d3550,RODATA,2d3550,ascii,8,week_wed
003d355c,RODATA,2d355c,ascii,8,week_tue
003d3568,RODATA,2d3568,ascii,8,week_fri
003d3574,RODATA,2d3574,ascii,8,week_mon
003d3580,RODATA,2d3580,ascii,8,week_sun
003d358c,RODATA,2d358c,ascii,8,week_sat
003d3598,RODATA,2d3598,ascii,8,week_thu
003d35a4,RODATA,2d35a4,ascii,14,selectBtn_D_00
003d35b4,RODATA,2d35b4,ascii,14,selectBtn_D_03
003d35c4,RODATA,2d35c4,ascii,14,selectBtn_D_01
003d35d4,RODATA,2d35d4,ascii,14,selectBtn_D_02
003d35e4,RODATA,2d35e4,ascii,10,arrow_D_00
003d35f0,RODATA,2d35f0,ascii,10,arrow_L_00
003d35fc,RODATA,2d35fc,ascii,10,arrow_R_00
003d3608,RODATA,2d3608,ascii,10,arrow_U_00
003d3614,RODATA,2d3614,ascii,10,slide_D_00
003d3620,RODATA,2d3620,ascii,10,slide_D_01
003d362c,RODATA,2d362c,ascii,10,T_price_00
003d3638,RODATA,2d3638,ascii,10,T_price_03
003d3644,RODATA,2d3644,ascii,7,keyword
003d364c,RODATA,2d364c,ascii,5,movie
003d3654,RODATA,2d3654,ascii,10,demo_title
003d3660,RODATA,2d3660,ascii,10,play_style
003d366c,RODATA,2d366c,ascii,8,everyone
003d3678,RODATA,2d3678,ascii,7,feature
003d3680,RODATA,2d3680,ascii,8,web_site
003d368c,RODATA,2d368c,ascii,6,casual
003d3694,RODATA,2d3694,ascii,9,thumbnail
003d36a0,RODATA,2d36a0,ascii,8,platform
003d36ac,RODATA,2d36ac,ascii,4,icon
003d36b4,RODATA,2d36b4,ascii,13,target_player
003d36c4,RODATA,2d36c4,ascii,10,descriptor
003d36d0,RODATA,2d36d0,ascii,8,keywords
003d36dc,RODATA,2d36dc,ascii,6,movies
003d36e4,RODATA,2d36e4,ascii,11,demo_titles
003d36f0,RODATA,2d36f0,ascii,8,features
003d36fc,RODATA,2d36fc,ascii,9,web_sites
003d3708,RODATA,2d3708,ascii,10,thumbnails
003d3714,RODATA,2d3714,ascii,5,icons
003d371c,RODATA,2d371c,ascii,11,descriptors
003d3728,RODATA,2d3728,ascii,11,screenshots
003d3734,RODATA,2d3734,ascii,9,copyright
003d3740,RODATA,2d3740,ascii,10,screenshot
003d374c,RODATA,2d374c,ascii,4,text
003d3754,RODATA,2d3754,ascii,14,privilege_code
003d3764,RODATA,2d3764,ascii,13,P_scShot_D_00
003d3774,RODATA,2d3774,ascii,13,P_scShot_U_00
003d3784,RODATA,2d3784,ascii,14,loadingIcon_01
003d3794,RODATA,2d3794,ascii,9,N_root_01
003d37a0,RODATA,2d37a0,ascii,14,loadingIcon_02
003d37b0,RODATA,2d37b0,ascii,9,N_root_02
003d37bc,RODATA,2d37bc,ascii,5,param
003d37c4,RODATA,2d37c4,ascii,6,params
003d37cc,RODATA,2d37cc,ascii,4,file
003d37d4,RODATA,2d37d4,ascii,5,files
003d37dc,RODATA,2d37dc,ascii,23,BootCountryChg_txt01_10
003d37f4,RODATA,2d37f4,ascii,25,BootCountryChg_title01_01
003d3810,RODATA,2d3810,ascii,25,BootCountryChg_title02_01
003d382c,RODATA,2d382c,ascii,23,BootCountryChg_txt01_11
003d3844,RODATA,2d3844,ascii,23,BootCountryChg_txt01_03
003d385c,RODATA,2d385c,ascii,23,BootCountryChg_txt04_03
003d3874,RODATA,2d3874,ascii,23,BootCountryChg_txt01_04
003d388c,RODATA,2d388c,ascii,23,BootCountryChg_txt01_05
003d38a4,RODATA,2d38a4,ascii,23,BootCountryChg_txt01_06
003d38bc,RODATA,2d38bc,ascii,23,BootCountryChg_txt01_07
003d38d4,RODATA,2d38d4,ascii,23,BootCountryChg_txt01_08
003d38ec,RODATA,2d38ec,ascii,23,BootCountryChg_txt01_09
003d3904,RODATA,2d3904,ascii,6,P_A_00
003d390c,RODATA,2d390c,ascii,6,P_B_00
003d3914,RODATA,2d3914,ascii,9,change_00
003d3920,RODATA,2d3920,ascii,8,P_Aef_00
003d392c,RODATA,2d392c,ascii,8,P_Bef_00
003d3938,RODATA,2d3938,ascii,6,P_A_01
003d3940,RODATA,2d3940,ascii,6,P_B_01
003d3948,RODATA,2d3948,ascii,9,change_01
003d3954,RODATA,2d3954,ascii,8,P_Aef_01
003d3960,RODATA,2d3960,ascii,8,P_Bef_01
003d396c,RODATA,2d396c,ascii,6,P_A_02
003d3974,RODATA,2d3974,ascii,6,P_B_02
003d397c,RODATA,2d397c,ascii,8,P_Aef_02
003d3988,RODATA,2d3988,ascii,8,P_Bef_02
003d3994,RODATA,2d3994,ascii,6,P_A_03
003d399c,RODATA,2d399c,ascii,6,P_B_03
003d39a4,RODATA,2d39a4,ascii,8,P_Aef_03
003d39b0,RODATA,2d39b0,ascii,8,P_Bef_03
003d39bc,RODATA,2d39bc,ascii,6,P_A_04
003d39c4,RODATA,2d39c4,ascii,6,P_B_04
003d39cc,RODATA,2d39cc,ascii,8,P_Aef_04
003d39d8,RODATA,2d39d8,ascii,8,P_Bef_04
003d39e4,RODATA,2d39e4,ascii,20,E_bagOrange_00.bclim
003d39fc,RODATA,2d39fc,ascii,18,bagOrange_00.bclim
003d3a10,RODATA,2d3a10,ascii,18,E_bagBlue_00.bclim
003d3a24,RODATA,2d3a24,ascii,16,bagBlue_00.bclim
003d3a38,RODATA,2d3a38,ascii,18,E_bagPink_00.bclim
003d3a4c,RODATA,2d3a4c,ascii,16,bagPink_00.bclim
003d3a60,RODATA,2d3a60,ascii,19,E_bagGreen_00.bclim
003d3a74,RODATA,2d3a74,ascii,17,bagGreen_00.bclim
003d3a88,RODATA,2d3a88,ascii,20,E_bagYellow_00.bclim
003d3aa0,RODATA,2d3aa0,ascii,18,bagYellow_00.bclim
003d3ab4,RODATA,2d3ab4,ascii,9,P_icon_00
003d3ac0,RODATA,2d3ac0,ascii,9,P_icon_01
003d3acc,RODATA,2d3acc,ascii,9,P_icon_02
003d3ad8,RODATA,2d3ad8,ascii,9,P_icon_03
003d3ae4,RODATA,2d3ae4,ascii,9,P_icon_04
003d3af0,RODATA,2d3af0,ascii,14,detailCOB_D_00
003d3b00,RODATA,2d3b00,ascii,14,detailGRB_D_00
003d3b10,RODATA,2d3b10,ascii,15,detailESRB_D_00
003d3b20,RODATA,2d3b20,ascii,15,detailBBFC_D_00
003d3b30,RODATA,2d3b30,ascii,15,detailOFLC_D_00
003d3b40,RODATA,2d3b40,ascii,19,detailCLASSIND_D_00
003d3b54,RODATA,2d3b54,ascii,15,detailPEGI_D_00
003d3b64,RODATA,2d3b64,ascii,14,detailUSK_D_00
003d3b74,RODATA,2d3b74,ascii,15,detailCERO_D_00
003d3b84,RODATA,2d3b84,ascii,14,detailRAR_D_00
003d3b94,RODATA,2d3b94,ascii,16,detailCGSRR_D_00
003d3ba8,RODATA,2d3ba8,ascii,15,detailPEGI_D_01
003d3bb8,RODATA,2d3bb8,ascii,13,T_percentL_00
003d3bc8,RODATA,2d3bc8,ascii,13,T_percentR_00
003d3bd8,RODATA,2d3bd8,ascii,10,P_gauge_00
003d3be4,RODATA,2d3be4,ascii,8,N_bar_00
003d3bf0,RODATA,2d3bf0,ascii,10,T_count_00
003d3bfc,RODATA,2d3bfc,ascii,20,TitleInfo_PRtxt03_10
003d3c14,RODATA,2d3c14,ascii,13,T_percentL_01
003d3c24,RODATA,2d3c24,ascii,13,T_percentR_01
003d3c34,RODATA,2d3c34,ascii,10,P_gauge_01
003d3c40,RODATA,2d3c40,ascii,10,T_count_01
003d3c4c,RODATA,2d3c4c,ascii,20,TitleInfo_PRtxt03_11
003d3c64,RODATA,2d3c64,ascii,10,P_gauge_02
003d3c70,RODATA,2d3c70,ascii,8,N_bar_02
003d3c7c,RODATA,2d3c7c,ascii,10,T_count_02
003d3c88,RODATA,2d3c88,ascii,20,TitleInfo_PRtxt03_12
003d3ca0,RODATA,2d3ca0,ascii,10,P_gauge_03
003d3cac,RODATA,2d3cac,ascii,10,T_count_03
003d3cb8,RODATA,2d3cb8,ascii,20,TitleInfo_PRtxt03_13
003d3cd0,RODATA,2d3cd0,ascii,10,P_gauge_04
003d3cdc,RODATA,2d3cdc,ascii,10,T_count_04
003d3ce8,RODATA,2d3ce8,ascii,6,P00_00
003d3cf0,RODATA,2d3cf0,ascii,6,P01_00
003d3cf8,RODATA,2d3cf8,ascii,6,P02_00
003d3d00,RODATA,2d3d00,ascii,6,P03_00
003d3d08,RODATA,2d3d08,ascii,8,CRPos_00
003d3d14,RODATA,2d3d14,ascii,6,P00_01
003d3d1c,RODATA,2d3d1c,ascii,6,P01_01
003d3d24,RODATA,2d3d24,ascii,6,P02_01
003d3d2c,RODATA,2d3d2c,ascii,6,P03_01
003d3d34,RODATA,2d3d34,ascii,8,CRPos_01
003d3d40,RODATA,2d3d40,ascii,6,P00_02
003d3d48,RODATA,2d3d48,ascii,6,P01_02
003d3d50,RODATA,2d3d50,ascii,6,P02_02
003d3d58,RODATA,2d3d58,ascii,6,P03_02
003d3d60,RODATA,2d3d60,ascii,8,CRPos_02
003d3d6c,RODATA,2d3d6c,ascii,6,P00_03
003d3d74,RODATA,2d3d74,ascii,6,P01_03
003d3d7c,RODATA,2d3d7c,ascii,6,P02_03
003d3d84,RODATA,2d3d84,ascii,6,P03_03
003d3d8c,RODATA,2d3d8c,ascii,8,CRPos_03
003d3d98,RODATA,2d3d98,ascii,6,P00_04
003d3da0,RODATA,2d3da0,ascii,6,P01_04
003d3da8,RODATA,2d3da8,ascii,6,P02_04
003d3db0,RODATA,2d3db0,ascii,6,P03_04
003d3db8,RODATA,2d3db8,ascii,5,DL_00
003d3dc0,RODATA,2d3dc0,ascii,5,DL_10
003d3dc8,RODATA,2d3dc8,ascii,5,DL_20
003d3dd0,RODATA,2d3dd0,ascii,5,DL_01
003d3dd8,RODATA,2d3dd8,ascii,5,DL_11
003d3de0,RODATA,2d3de0,ascii,5,DL_02
003d3de8,RODATA,2d3de8,ascii,5,DL_12
003d3df0,RODATA,2d3df0,ascii,5,DL_03
003d3df8,RODATA,2d3df8,ascii,5,DL_13
003d3e00,RODATA,2d3e00,ascii,5,DL_04
003d3e08,RODATA,2d3e08,ascii,5,DL_14
003d3e10,RODATA,2d3e10,ascii,5,DL_05
003d3e18,RODATA,2d3e18,ascii,5,DL_15
003d3e20,RODATA,2d3e20,ascii,5,DL_06
003d3e28,RODATA,2d3e28,ascii,5,DL_16
003d3e30,RODATA,2d3e30,ascii,5,DL_07
003d3e38,RODATA,2d3e38,ascii,5,DL_17
003d3e40,RODATA,2d3e40,ascii,5,DL_08
003d3e48,RODATA,2d3e48,ascii,5,DL_18
003d3e50,RODATA,2d3e50,ascii,5,DL_09
003d3e58,RODATA,2d3e58,ascii,5,DL_19
003d3e60,RODATA,2d3e60,ascii,6,P04_00
003d3e68,RODATA,2d3e68,ascii,6,P05_00
003d3e70,RODATA,2d3e70,ascii,6,P06_00
003d3e78,RODATA,2d3e78,ascii,6,P07_00
003d3e80,RODATA,2d3e80,ascii,17,Download_txt01_05
003d3e94,RODATA,2d3e94,ascii,17,Download_txt01_06
003d3ea8,RODATA,2d3ea8,ascii,12,menuBtn_D_00
003d3eb8,RODATA,2d3eb8,ascii,17,NewTitle_btn01_01
003d3ecc,RODATA,2d3ecc,ascii,12,menuBtn_D_01
003d3edc,RODATA,2d3edc,ascii,17,NewTitle_btn01_02
003d3ef0,RODATA,2d3ef0,ascii,16,Ranking_btn01_01
003d3f04,RODATA,2d3f04,ascii,16,Ranking_btn01_02
003d3f18,RODATA,2d3f18,ascii,12,bannerA_D_00
003d3f28,RODATA,2d3f28,ascii,12,bannerB_D_00
003d3f38,RODATA,2d3f38,ascii,12,bannerA_D_01
003d3f48,RODATA,2d3f48,ascii,12,bannerB_D_01
003d3f58,RODATA,2d3f58,ascii,12,bannerA_D_02
003d3f68,RODATA,2d3f68,ascii,12,bannerB_D_02
003d3f78,RODATA,2d3f78,ascii,18,Entrance_icon01_01
003d3f8c,RODATA,2d3f8c,ascii,18,Entrance_icon01_02
003d3fa0,RODATA,2d3fa0,ascii,18,Entrance_icon01_03
003d3fb4,RODATA,2d3fb4,ascii,18,Entrance_icon01_04
003d3fc8,RODATA,2d3fc8,ascii,18,Entrance_icon01_05
003d3fdc,RODATA,2d3fdc,ascii,18,Entrance_icon01_06
003d3ff0,RODATA,2d3ff0,ascii,18,Entrance_icon01_07
003d4004,RODATA,2d4004,ascii,18,Entrance_icon01_08
003d4018,RODATA,2d4018,ascii,18,Entrance_icon01_09
003d402c,RODATA,2d402c,ascii,20,recommend_D_00.bclim
003d4044,RODATA,2d4044,ascii,18,setting_D_00.bclim
003d4058,RODATA,2d4058,ascii,17,search_D_00.bclim
003d406c,RODATA,2d406c,ascii,15,wish_D_00.bclim
003d407c,RODATA,2d407c,ascii,15,rank_D_00.bclim
003d408c,RODATA,2d408c,ascii,21,newArrival_D_00.bclim
003d40a4,RODATA,2d40a4,ascii,15,news_D_00.bclim
003d40b4,RODATA,2d40b4,ascii,16,point_D_00.bclim
003d40c8,RODATA,2d40c8,ascii,19,discount_D_00.bclim
003d40dc,RODATA,2d40dc,ascii,21,recommend_UL_00.bclim
003d40f4,RODATA,2d40f4,ascii,19,setting_UL_00.bclim
003d4108,RODATA,2d4108,ascii,18,search_UL_00.bclim
003d411c,RODATA,2d411c,ascii,16,wish_UL_00.bclim
003d4130,RODATA,2d4130,ascii,16,rank_UL_00.bclim
003d4144,RODATA,2d4144,ascii,22,newArrival_UL_00.bclim
003d415c,RODATA,2d415c,ascii,16,news_UL_00.bclim
003d4170,RODATA,2d4170,ascii,17,point_UL_00.bclim
003d4184,RODATA,2d4184,ascii,20,discount_UL_00.bclim
003d419c,RODATA,2d419c,ascii,21,recommend_UR_00.bclim
003d41b4,RODATA,2d41b4,ascii,19,setting_UR_00.bclim
003d41c8,RODATA,2d41c8,ascii,18,search_UR_00.bclim
003d41dc,RODATA,2d41dc,ascii,16,wish_UR_00.bclim
003d41f0,RODATA,2d41f0,ascii,16,rank_UR_00.bclim
003d4204,RODATA,2d4204,ascii,22,newArrival_UR_00.bclim
003d421c,RODATA,2d421c,ascii,16,news_UR_00.bclim
003d4230,RODATA,2d4230,ascii,17,point_UR_00.bclim
003d4244,RODATA,2d4244,ascii,20,discount_UR_00.bclim
003d425c,RODATA,2d425c,ascii,14,bannerCOB_U_00
003d426c,RODATA,2d426c,ascii,14,bannerGRB_U_00
003d427c,RODATA,2d427c,ascii,15,bannerBBFC_U_00
003d428c,RODATA,2d428c,ascii,15,bannerOFLC_U_00
003d429c,RODATA,2d429c,ascii,15,bannerPEGI_U_00
003d42ac,RODATA,2d42ac,ascii,14,bannerUSK_U_00
003d42bc,RODATA,2d42bc,ascii,15,bannerCERO_U_00
003d42cc,RODATA,2d42cc,ascii,14,bannerRAR_U_00
003d42dc,RODATA,2d42dc,ascii,16,bannerCGSRR_U_00
003d42f0,RODATA,2d42f0,ascii,11,banner_U_00
003d42fc,RODATA,2d42fc,ascii,17,WishList_txt01_10
003d4310,RODATA,2d4310,ascii,17,WishList_txt01_20
003d4324,RODATA,2d4324,ascii,17,WishList_txt01_11
003d4338,RODATA,2d4338,ascii,17,WishList_txt01_21
003d434c,RODATA,2d434c,ascii,17,WishList_txt01_22
003d4360,RODATA,2d4360,ascii,17,WishList_txt01_23
003d4374,RODATA,2d4374,ascii,17,WishList_txt01_18
003d4388,RODATA,2d4388,ascii,17,WishList_txt01_19
003d439c,RODATA,2d439c,ascii,12,infoCOB_U_00
003d43ac,RODATA,2d43ac,ascii,12,infoGRB_U_00
003d43bc,RODATA,2d43bc,ascii,13,infoESRB_U_00
003d43cc,RODATA,2d43cc,ascii,13,infoBBFC_U_00
003d43dc,RODATA,2d43dc,ascii,13,infoOFLC_U_00
003d43ec,RODATA,2d43ec,ascii,17,infoCLASSIND_U_00
003d4400,RODATA,2d4400,ascii,13,infoPEGI_U_00
003d4410,RODATA,2d4410,ascii,12,infoUSK_U_00
003d4420,RODATA,2d4420,ascii,13,infoCERO_U_00
003d4430,RODATA,2d4430,ascii,12,infoRAR_U_00
003d4440,RODATA,2d4440,ascii,14,infoCGSRR_U_00
003d4450,RODATA,2d4450,ascii,9,info_U_00
003d445c,RODATA,2d445c,ascii,18,TitleInfo_txt01_10
003d4470,RODATA,2d4470,ascii,18,TitleInfo_txt01_11
003d4484,RODATA,2d4484,ascii,18,TitleInfo_txt01_02
003d4498,RODATA,2d4498,ascii,18,TitleInfo_txt01_12
003d44ac,RODATA,2d44ac,ascii,18,TitleInfo_txt01_03
003d44c0,RODATA,2d44c0,ascii,18,TitleInfo_txt01_04
003d44d4,RODATA,2d44d4,ascii,18,TitleInfo_txt01_05
003d44e8,RODATA,2d44e8,ascii,18,TitleInfo_txt01_06
003d44fc,RODATA,2d44fc,ascii,18,TitleInfo_txt01_07
003d4510,RODATA,2d4510,ascii,11,ratCOB_U_01
003d451c,RODATA,2d451c,ascii,11,ratGRB_U_01
003d4528,RODATA,2d4528,ascii,12,ratESRB_U_01
003d4538,RODATA,2d4538,ascii,12,ratBBFC_U_01
003d4548,RODATA,2d4548,ascii,12,ratOFLC_U_01
003d4558,RODATA,2d4558,ascii,16,ratCLASSIND_U_01
003d456c,RODATA,2d456c,ascii,12,ratPEGI_U_01
003d457c,RODATA,2d457c,ascii,11,ratUSK_U_01
003d4588,RODATA,2d4588,ascii,12,ratCERO_U_01
003d4598,RODATA,2d4598,ascii,11,ratRAR_U_01
003d45a4,RODATA,2d45a4,ascii,13,ratCGSRR_U_01
003d45b4,RODATA,2d45b4,ascii,20,TitleInfo_MVtxt01_01
003d45cc,RODATA,2d45cc,ascii,20,TitleInfo_MVtxt01_02
003d45e4,RODATA,2d45e4,ascii,9,B_star_00
003d45f0,RODATA,2d45f0,ascii,9,B_star_01
003d45fc,RODATA,2d45fc,ascii,9,B_star_02
003d4608,RODATA,2d4608,ascii,9,B_star_03
003d4614,RODATA,2d4614,ascii,9,B_star_04
003d4620,RODATA,2d4620,ascii,21,Recommend_result01_01
003d4638,RODATA,2d4638,ascii,21,Recommend_result04_01
003d4650,RODATA,2d4650,ascii,21,Recommend_result05_01
003d4668,RODATA,2d4668,ascii,21,Recommend_result01_02
003d4680,RODATA,2d4680,ascii,21,Recommend_result04_02
003d4698,RODATA,2d4698,ascii,21,Recommend_result05_02
003d46b0,RODATA,2d46b0,ascii,10,hardBtn_00
003d46bc,RODATA,2d46bc,ascii,11,genreBtn_00
003d46c8,RODATA,2d46c8,ascii,10,highBtn_00
003d46d4,RODATA,2d46d4,ascii,11,clearBtn_00
003d46e0,RODATA,2d46e0,ascii,11,makerBtn_00
003d46ec,RODATA,2d46ec,ascii,9,lowBtn_00
003d46f8,RODATA,2d46f8,ascii,11,clearBtn_01
003d4704,RODATA,2d4704,ascii,9,delete_00
003d4710,RODATA,2d4710,ascii,14,Setup_btn01_01
003d4720,RODATA,2d4720,ascii,14,Setup_btn01_03
003d4730,RODATA,2d4730,ascii,14,Setup_btn01_05
003d4740,RODATA,2d4740,ascii,14,Setup_btn01_06
003d4750,RODATA,2d4750,ascii,14,Setup_btn01_17
003d4760,RODATA,2d4760,ascii,14,Setup_btn01_19
003d4770,RODATA,2d4770,ascii,18,Recommend_dlg04_01
003d4784,RODATA,2d4784,ascii,18,Recommend_dlg04_02
003d4798,RODATA,2d4798,ascii,18,Recommend_dlg04_05
003d47ac,RODATA,2d47ac,ascii,18,Recommend_dlg04_06
003d47c0,RODATA,2d47c0,ascii,18,Recommend_dlg04_07
003d47d4,RODATA,2d47d4,ascii,18,Recommend_dlg04_08
003d47e8,RODATA,2d47e8,ascii,14,Shelf_title_02
003d47f8,RODATA,2d47f8,ascii,14,Shelf_title_03
003d4808,RODATA,2d4808,ascii,15,Shelf_result_10
003d4818,RODATA,2d4818,ascii,15,Shelf_result_11
003d4828,RODATA,2d4828,ascii,15,Shelf_result_12
003d4838,RODATA,2d4838,ascii,15,Shelf_result_13
003d4848,RODATA,2d4848,ascii,15,Shelf_result_14
003d4858,RODATA,2d4858,ascii,15,Shelf_result_09
003d4868,RODATA,2d4868,ascii,15,changeDisp_U_00
003d4878,RODATA,2d4878,ascii,15,changeDisp_U_01
003d4888,RODATA,2d4888,ascii,14,Shelf_btn02_10
003d4898,RODATA,2d4898,ascii,14,Shelf_btn02_02
003d48a8,RODATA,2d48a8,ascii,14,Shelf_btn02_03
003d48b8,RODATA,2d48b8,ascii,14,Shelf_btn02_04
003d48c8,RODATA,2d48c8,ascii,14,Shelf_btn02_08
003d48d8,RODATA,2d48d8,ascii,14,Shelf_btn02_09
003d48e8,RODATA,2d48e8,ascii,14,Shelf_btn02_11
003d48f8,RODATA,2d48f8,ascii,14,Shelf_btn02_05
003d4908,RODATA,2d4908,ascii,14,Shelf_btn02_06
003d4918,RODATA,2d4918,ascii,15,forwardBtn_D_00
003d4928,RODATA,2d4928,ascii,12,nextBtn_D_00
003d4938,RODATA,2d4938,ascii,10,Sinfo_D_00
003d4944,RODATA,2d4944,ascii,11,banner_D_00
003d4950,RODATA,2d4950,ascii,11,banner_D_01
003d495c,RODATA,2d495c,ascii,14,Shelf_txt01_12
003d496c,RODATA,2d496c,ascii,14,Shelf_txt01_13
003d497c,RODATA,2d497c,ascii,14,Shelf_txt01_14
003d498c,RODATA,2d498c,ascii,14,Shelf_txt01_07
003d4a02,RODATA,2d4a02,ascii,39,</strong>&nbsp;&nbsp;</div>aaa&amp;<bbb
003d4a2c,RODATA,2d4a2c,ascii,10,2011-09-19
003d4a38,RODATA,2d4a38,ascii,86,https://samurai.wup.shop.nintendo.net/samurai/image/rating_system/201/ja/rating/1/icon
003d4a90,RODATA,2d4a90,ascii,86,https://samurai.wup.shop.nintendo.net/samurai/image/rating_system/201/ja/rating/6/icon
003d4ae8,RODATA,2d4ae8,ascii,83,https://samurai.wup.shop.nintendo.net/samurai/image/JP/ja/movie/50040000000026/icon
003d4b3c,RODATA,2d4b3c,ascii,85,https://samurai.wup.shop.nintendo.net/samurai/image/JP/ja/movie/50040000000026/banner
003d4b94,RODATA,2d4b94,ascii,203,"{""online_prices"":{""online_price"":[{""title_id"": 50010000030421,""eshop_sales_status"": ""onsale"",""price"": {""regular_price"": {""amount"": ""$100.90"",""currency"": ""USD"",""raw_value"": ""100.90"",""id"": 2000000095}}}]}}"
003d5225,RODATA,2d5225,ascii,362,""",""id"":190},""rating_info"":{""rating_system"":{""name"":""CERO"",""id"":201},""rating"":{""icon_url"":""https://samurai.wup.shop.nintendo.net/samurai/image/rating_system/201/ja/rating/1/icon"",""name"":""A"",""age"":0,""id"":1}},""release_date_on_eshop"":""2011-09-19"",""retail_sales"":false,""eshop_sales"":true,""movie_available"":true,""demo_available"":true,""aoc_available"":true,""new"":false}}"
003d5404,RODATA,2d5404,ascii,20,TitleInfo_DTtxt01_10
003d541c,RODATA,2d541c,ascii,20,TitleInfo_DTtxt01_01
003d5434,RODATA,2d5434,ascii,20,TitleInfo_DTtxt01_11
003d544c,RODATA,2d544c,ascii,20,TitleInfo_DTtxt01_02
003d5464,RODATA,2d5464,ascii,20,TitleInfo_DTtxt01_12
003d547c,RODATA,2d547c,ascii,20,TitleInfo_DTtxt01_03
003d5494,RODATA,2d5494,ascii,20,TitleInfo_DTtxt01_04
003d54ac,RODATA,2d54ac,ascii,20,TitleInfo_DTtxt01_05
003d54c4,RODATA,2d54c4,ascii,20,TitleInfo_DTtxt01_06
003d54dc,RODATA,2d54dc,ascii,20,TitleInfo_DTtxt01_07
003d54f4,RODATA,2d54f4,ascii,20,TitleInfo_DTtxt01_08
003d550c,RODATA,2d550c,ascii,20,TitleInfo_DTtxt01_09
003d5521,RODATA,2d5521,ascii,5,APT:S
003d5527,RODATA,2d5527,ascii,5,APT:U
003d552d,RODATA,2d552d,ascii,5,cfg:s
003d5552,RODATA,2d5552,ascii,5,err:f
003d5558,RODATA,2d5558,ascii,8,ptm:sysm
003d5561,RODATA,2d5561,ascii,5,ptm:s
003d5567,RODATA,2d5567,ascii,8,ptm:gets
003d5570,RODATA,2d5570,ascii,5,ptm:u
003d5576,RODATA,2d5576,ascii,8,ptm:play
003d5580,RODATA,2d5580,ascii,12,toggleOff_00
003d5590,RODATA,2d5590,ascii,11,toggleOn_00
003d559c,RODATA,2d559c,ascii,12,toggleOff_01
003d55ac,RODATA,2d55ac,ascii,11,toggleOn_01
003d55b8,RODATA,2d55b8,ascii,25,dmp_LightEnv.lutEnabledD0
003d55d2,RODATA,2d55d2,ascii,23,dmp_LightEnv.lutScaleD0
003d55ea,RODATA,2d55ea,ascii,30,dmp_FragmentMaterial.samplerD0
003d5609,RODATA,2d5609,ascii,26,dmp_LightEnv.absLutInputD0
003d5624,RODATA,2d5624,ascii,23,dmp_LightEnv.lutInputD0
003d563c,RODATA,2d563c,ascii,36,dmp_FragmentLightSource[0].specular0
003d5661,RODATA,2d5661,ascii,36,dmp_FragmentLightSource[1].specular0
003d5686,RODATA,2d5686,ascii,36,dmp_FragmentLightSource[2].specular0
003d56ab,RODATA,2d56ab,ascii,36,dmp_FragmentLightSource[3].specular0
003d56d0,RODATA,2d56d0,ascii,36,dmp_FragmentLightSource[4].specular0
003d56f5,RODATA,2d56f5,ascii,36,dmp_FragmentLightSource[5].specular0
003d571a,RODATA,2d571a,ascii,36,dmp_FragmentLightSource[6].specular0
003d573f,RODATA,2d573f,ascii,36,dmp_FragmentLightSource[7].specular0
003d5764,RODATA,2d5764,ascii,30,dmp_FragmentMaterial.specular0
003d5783,RODATA,2d5783,ascii,38,dmp_FragmentLightSource[0].geomFactor0
003d57aa,RODATA,2d57aa,ascii,38,dmp_FragmentLightSource[1].geomFactor0
003d57d1,RODATA,2d57d1,ascii,38,dmp_FragmentLightSource[2].geomFactor0
003d57f8,RODATA,2d57f8,ascii,38,dmp_FragmentLightSource[3].geomFactor0
003d581f,RODATA,2d581f,ascii,38,dmp_FragmentLightSource[4].geomFactor0
003d5846,RODATA,2d5846,ascii,38,dmp_FragmentLightSource[5].geomFactor0
003d586d,RODATA,2d586d,ascii,38,dmp_FragmentLightSource[6].geomFactor0
003d5894,RODATA,2d5894,ascii,38,dmp_FragmentLightSource[7].geomFactor0
003d58bb,RODATA,2d58bb,ascii,25,dmp_LightEnv.lutEnabledD1
003d58d5,RODATA,2d58d5,ascii,23,dmp_LightEnv.lutScaleD1
003d58ed,RODATA,2d58ed,ascii,30,dmp_FragmentMaterial.samplerD1
003d590c,RODATA,2d590c,ascii,26,dmp_LightEnv.absLutInputD1
003d5927,RODATA,2d5927,ascii,23,dmp_LightEnv.lutInputD1
003d593f,RODATA,2d593f,ascii,36,dmp_FragmentLightSource[0].specular1
003d5964,RODATA,2d5964,ascii,36,dmp_FragmentLightSource[1].specular1
003d5989,RODATA,2d5989,ascii,36,dmp_FragmentLightSource[2].specular1
003d59ae,RODATA,2d59ae,ascii,36,dmp_FragmentLightSource[3].specular1
003d59d3,RODATA,2d59d3,ascii,36,dmp_FragmentLightSource[4].specular1
003d59f8,RODATA,2d59f8,ascii,36,dmp_FragmentLightSource[5].specular1
003d5a1d,RODATA,2d5a1d,ascii,36,dmp_FragmentLightSource[6].specular1
003d5a42,RODATA,2d5a42,ascii,36,dmp_FragmentLightSource[7].specular1
003d5a67,RODATA,2d5a67,ascii,30,dmp_FragmentMaterial.specular1
003d5a86,RODATA,2d5a86,ascii,38,dmp_FragmentLightSource[0].geomFactor1
003d5aad,RODATA,2d5aad,ascii,38,dmp_FragmentLightSource[1].geomFactor1
003d5ad4,RODATA,2d5ad4,ascii,38,dmp_FragmentLightSource[2].geomFactor1
003d5afb,RODATA,2d5afb,ascii,38,dmp_FragmentLightSource[3].geomFactor1
003d5b22,RODATA,2d5b22,ascii,38,dmp_FragmentLightSource[4].geomFactor1
003d5b49,RODATA,2d5b49,ascii,38,dmp_FragmentLightSource[5].geomFactor1
003d5b70,RODATA,2d5b70,ascii,38,dmp_FragmentLightSource[6].geomFactor1
003d5b97,RODATA,2d5b97,ascii,38,dmp_FragmentLightSource[7].geomFactor1
003d5bbe,RODATA,2d5bbe,ascii,36,dmp_FragmentLightSource[0].samplerDA
003d5be3,RODATA,2d5be3,ascii,36,dmp_FragmentLightSource[1].samplerDA
003d5c08,RODATA,2d5c08,ascii,36,dmp_FragmentLightSource[2].samplerDA
003d5c2d,RODATA,2d5c2d,ascii,36,dmp_FragmentLightSource[3].samplerDA
003d5c52,RODATA,2d5c52,ascii,36,dmp_FragmentLightSource[4].samplerDA
003d5c77,RODATA,2d5c77,ascii,36,dmp_FragmentLightSource[5].samplerDA
003d5c9c,RODATA,2d5c9c,ascii,36,dmp_FragmentLightSource[6].samplerDA
003d5cc1,RODATA,2d5cc1,ascii,36,dmp_FragmentLightSource[7].samplerDA
003d5ce6,RODATA,2d5ce6,ascii,25,dmp_Texture[3].ptSamplerA
003d5d00,RODATA,2d5d00,ascii,23,dmp_LightEnv.lutScaleRB
003d5d18,RODATA,2d5d18,ascii,30,dmp_FragmentMaterial.samplerRB
003d5d37,RODATA,2d5d37,ascii,26,dmp_LightEnv.absLutInputRB
003d5d52,RODATA,2d5d52,ascii,23,dmp_LightEnv.lutInputRB
003d5d6a,RODATA,2d5d6a,ascii,17,dmp_Gas.samplerTB
003d5d7c,RODATA,2d5d7c,ascii,25,dmp_Texture[3].ptSamplerB
003d5d96,RODATA,2d5d96,ascii,23,dmp_LightEnv.lutScaleRG
003d5dae,RODATA,2d5dae,ascii,30,dmp_FragmentMaterial.samplerRG
003d5dcd,RODATA,2d5dcd,ascii,26,dmp_LightEnv.absLutInputRG
003d5de8,RODATA,2d5de8,ascii,23,dmp_LightEnv.lutInputRG
003d5e00,RODATA,2d5e00,ascii,17,dmp_Gas.samplerTG
003d5e12,RODATA,2d5e12,ascii,25,dmp_Texture[3].ptSamplerG
003d5e2c,RODATA,2d5e2c,ascii,23,dmp_LightEnv.lutScaleSP
003d5e44,RODATA,2d5e44,ascii,36,dmp_FragmentLightSource[0].samplerSP
003d5e69,RODATA,2d5e69,ascii,36,dmp_FragmentLightSource[1].samplerSP
003d5e8e,RODATA,2d5e8e,ascii,36,dmp_FragmentLightSource[2].samplerSP
003d5eb3,RODATA,2d5eb3,ascii,36,dmp_FragmentLightSource[3].samplerSP
003d5ed8,RODATA,2d5ed8,ascii,36,dmp_FragmentLightSource[4].samplerSP
003d5efd,RODATA,2d5efd,ascii,36,dmp_FragmentLightSource[5].samplerSP
003d5f22,RODATA,2d5f22,ascii,36,dmp_FragmentLightSource[6].samplerSP
003d5f47,RODATA,2d5f47,ascii,36,dmp_FragmentLightSource[7].samplerSP
003d5f6c,RODATA,2d5f6c,ascii,26,dmp_LightEnv.absLutInputSP
003d5f87,RODATA,2d5f87,ascii,23,dmp_LightEnv.lutInputSP
003d5f9f,RODATA,2d5f9f,ascii,23,dmp_LightEnv.lutScaleFR
003d5fb7,RODATA,2d5fb7,ascii,30,dmp_FragmentMaterial.samplerFR
003d5fd6,RODATA,2d5fd6,ascii,26,dmp_LightEnv.absLutInputFR
003d5ff1,RODATA,2d5ff1,ascii,23,dmp_LightEnv.lutInputFR
003d6009,RODATA,2d6009,ascii,23,dmp_LightEnv.lutScaleRR
003d6021,RODATA,2d6021,ascii,30,dmp_FragmentMaterial.samplerRR
003d6040,RODATA,2d6040,ascii,26,dmp_LightEnv.absLutInputRR
003d605b,RODATA,2d605b,ascii,23,dmp_LightEnv.lutInputRR
003d6073,RODATA,2d6073,ascii,17,dmp_Gas.samplerTR
003d6085,RODATA,2d6085,ascii,25,dmp_Texture[3].ptSamplerR
003d609f,RODATA,2d609f,ascii,23,dmp_Texture[3].ptNoiseU
003d60b7,RODATA,2d60b7,ascii,23,dmp_Texture[3].ptClampU
003d60cf,RODATA,2d60cf,ascii,23,dmp_Texture[3].ptShiftU
003d60e7,RODATA,2d60e7,ascii,23,dmp_Texture[3].ptNoiseV
003d60ff,RODATA,2d60ff,ascii,23,dmp_Texture[3].ptClampV
003d6117,RODATA,2d6117,ascii,23,dmp_Texture[3].ptShiftV
003d612f,RODATA,2d612f,ascii,15,dmp_Gas.lightXY
003d613f,RODATA,2d613f,ascii,14,dmp_Gas.deltaZ
003d614e,RODATA,2d614e,ascii,14,dmp_Gas.lightZ
003d615d,RODATA,2d615d,ascii,24,dmp_LightEnv.shadowAlpha
003d6176,RODATA,2d6176,ascii,15,dmp_Gas.autoAcc
003d6186,RODATA,2d6186,ascii,25,dmp_Gas.shadingDensitySrc
003d61a0,RODATA,2d61a0,ascii,53,dmp_FragmentLightSource[0].distanceAttenuationEnabled
003d61d6,RODATA,2d61d6,ascii,53,dmp_FragmentLightSource[1].distanceAttenuationEnabled
003d620c,RODATA,2d620c,ascii,53,dmp_FragmentLightSource[2].distanceAttenuationEnabled
003d6242,RODATA,2d6242,ascii,53,dmp_FragmentLightSource[3].distanceAttenuationEnabled
003d6278,RODATA,2d6278,ascii,53,dmp_FragmentLightSource[4].distanceAttenuationEnabled
003d62ae,RODATA,2d62ae,ascii,53,dmp_FragmentLightSource[5].distanceAttenuationEnabled
003d62e4,RODATA,2d62e4,ascii,53,dmp_FragmentLightSource[6].distanceAttenuationEnabled
003d631a,RODATA,2d631a,ascii,53,dmp_FragmentLightSource[7].distanceAttenuationEnabled
003d6350,RODATA,2d6350,ascii,38,dmp_FragmentLightSource[0].spotEnabled
003d6377,RODATA,2d6377,ascii,38,dmp_FragmentLightSource[1].spotEnabled
003d639e,RODATA,2d639e,ascii,38,dmp_FragmentLightSource[2].spotEnabled
003d63c5,RODATA,2d63c5,ascii,38,dmp_FragmentLightSource[3].spotEnabled
003d63ec,RODATA,2d63ec,ascii,38,dmp_FragmentLightSource[4].spotEnabled
003d6413,RODATA,2d6413,ascii,38,dmp_FragmentLightSource[5].spotEnabled
003d643a,RODATA,2d643a,ascii,38,dmp_FragmentLightSource[6].spotEnabled
003d6461,RODATA,2d6461,ascii,38,dmp_FragmentLightSource[7].spotEnabled
003d6488,RODATA,2d6488,ascii,34,dmp_FragmentLightSource[0].enabled
003d64ab,RODATA,2d64ab,ascii,34,dmp_FragmentLightSource[1].enabled
003d64ce,RODATA,2d64ce,ascii,34,dmp_FragmentLightSource[2].enabled
003d64f1,RODATA,2d64f1,ascii,34,dmp_FragmentLightSource[3].enabled
003d6514,RODATA,2d6514,ascii,34,dmp_FragmentLightSource[4].enabled
003d6537,RODATA,2d6537,ascii,34,dmp_FragmentLightSource[5].enabled
003d655a,RODATA,2d655a,ascii,34,dmp_FragmentLightSource[6].enabled
003d657d,RODATA,2d657d,ascii,34,dmp_FragmentLightSource[7].enabled
003d65a0,RODATA,2d65a0,ascii,28,dmp_FragmentLighting.enabled
003d65bd,RODATA,2d65bd,ascii,35,dmp_FragmentLightSource[0].shadowed
003d65e1,RODATA,2d65e1,ascii,35,dmp_FragmentLightSource[1].shadowed
003d6605,RODATA,2d6605,ascii,35,dmp_FragmentLightSource[2].shadowed
003d6629,RODATA,2d6629,ascii,35,dmp_FragmentLightSource[3].shadowed
003d664d,RODATA,2d664d,ascii,35,dmp_FragmentLightSource[4].shadowed
003d6671,RODATA,2d6671,ascii,35,dmp_FragmentLightSource[5].shadowed
003d6695,RODATA,2d6695,ascii,35,dmp_FragmentLightSource[6].shadowed
003d66b9,RODATA,2d66b9,ascii,35,dmp_FragmentLightSource[7].shadowed
003d66dd,RODATA,2d66dd,ascii,23,dmp_Texture[2].texcoord
003d66f5,RODATA,2d66f5,ascii,23,dmp_Texture[3].texcoord
003d670d,RODATA,2d670d,ascii,21,dmp_LightEnv.bumpMode
003d6723,RODATA,2d6723,ascii,12,dmp_Fog.mode
003d6730,RODATA,2d6730,ascii,22,dmp_FragOperation.mode
003d6747,RODATA,2d6747,ascii,27,dmp_Texture[0].shadowZScale
003d6763,RODATA,2d6763,ascii,31,dmp_FragOperation.penumbraScale
003d6783,RODATA,2d6783,ascii,51,dmp_FragmentLightSource[0].distanceAttenuationScale
003d67b7,RODATA,2d67b7,ascii,51,dmp_FragmentLightSource[1].distanceAttenuationScale
003d67eb,RODATA,2d67eb,ascii,51,dmp_FragmentLightSource[2].distanceAttenuationScale
003d681f,RODATA,2d681f,ascii,51,dmp_FragmentLightSource[3].distanceAttenuationScale
003d6853,RODATA,2d6853,ascii,51,dmp_FragmentLightSource[4].distanceAttenuationScale
003d6887,RODATA,2d6887,ascii,51,dmp_FragmentLightSource[5].distanceAttenuationScale
003d68bb,RODATA,2d68bb,ascii,51,dmp_FragmentLightSource[6].distanceAttenuationScale
003d68ef,RODATA,2d68ef,ascii,51,dmp_FragmentLightSource[7].distanceAttenuationScale
003d6923,RODATA,2d6923,ascii,24,dmp_FragOperation.wScale
003d693c,RODATA,2d693c,ascii,28,dmp_Texture[3].ptNoiseEnable
003d6959,RODATA,2d6959,ascii,37,dmp_FragOperation.enableClippingPlane
003d697f,RODATA,2d697f,ascii,31,dmp_FragOperation.clippingPlane
003d699f,RODATA,2d699f,ascii,41,dmp_FragmentLightSource[0].twoSideDiffuse
003d69c9,RODATA,2d69c9,ascii,41,dmp_FragmentLightSource[1].twoSideDiffuse
003d69f3,RODATA,2d69f3,ascii,41,dmp_FragmentLightSource[2].twoSideDiffuse
003d6a1d,RODATA,2d6a1d,ascii,41,dmp_FragmentLightSource[3].twoSideDiffuse
003d6a47,RODATA,2d6a47,ascii,41,dmp_FragmentLightSource[4].twoSideDiffuse
003d6a71,RODATA,2d6a71,ascii,41,dmp_FragmentLightSource[5].twoSideDiffuse
003d6a9b,RODATA,2d6a9b,ascii,41,dmp_FragmentLightSource[6].twoSideDiffuse
003d6ac5,RODATA,2d6ac5,ascii,41,dmp_FragmentLightSource[7].twoSideDiffuse
003d6aef,RODATA,2d6aef,ascii,34,dmp_FragmentLightSource[0].diffuse
003d6b12,RODATA,2d6b12,ascii,34,dmp_FragmentLightSource[1].diffuse
003d6b35,RODATA,2d6b35,ascii,34,dmp_FragmentLightSource[2].diffuse
003d6b58,RODATA,2d6b58,ascii,34,dmp_FragmentLightSource[3].diffuse
003d6b7b,RODATA,2d6b7b,ascii,34,dmp_FragmentLightSource[4].diffuse
003d6b9e,RODATA,2d6b9e,ascii,34,dmp_FragmentLightSource[5].diffuse
003d6bc1,RODATA,2d6bc1,ascii,34,dmp_FragmentLightSource[6].diffuse
003d6be4,RODATA,2d6be4,ascii,34,dmp_FragmentLightSource[7].diffuse
003d6c07,RODATA,2d6c07,ascii,28,dmp_FragmentMaterial.diffuse
003d6c24,RODATA,2d6c24,ascii,30,dmp_Texture[3].ptAlphaSeparate
003d6c43,RODATA,2d6c43,ascii,19,dmp_LightEnv.config
003d6c57,RODATA,2d6c57,ascii,25,dmp_Texture[3].ptTexWidth
003d6c71,RODATA,2d6c71,ascii,27,dmp_LightEnv.lutEnabledRefl
003d6c8d,RODATA,2d6c8d,ascii,23,dmp_LightEnv.bumpRenorm
003d6ca5,RODATA,2d6ca5,ascii,29,dmp_FragmentMaterial.emission
003d6cc3,RODATA,2d6cc3,ascii,19,dmp_Gas.attenuation
003d6cd7,RODATA,2d6cd7,ascii,40,dmp_FragmentLightSource[0].spotDirection
003d6d00,RODATA,2d6d00,ascii,40,dmp_FragmentLightSource[1].spotDirection
003d6d29,RODATA,2d6d29,ascii,40,dmp_FragmentLightSource[2].spotDirection
003d6d52,RODATA,2d6d52,ascii,40,dmp_FragmentLightSource[3].spotDirection
003d6d7b,RODATA,2d6d7b,ascii,40,dmp_FragmentLightSource[4].spotDirection
003d6da4,RODATA,2d6da4,ascii,40,dmp_FragmentLightSource[5].spotDirection
003d6dcd,RODATA,2d6dcd,ascii,40,dmp_FragmentLightSource[6].spotDirection
003d6df6,RODATA,2d6df6,ascii,40,dmp_FragmentLightSource[7].spotDirection
003d6e1f,RODATA,2d6e1f,ascii,35,dmp_FragmentLightSource[0].position
003d6e43,RODATA,2d6e43,ascii,35,dmp_FragmentLightSource[1].position
003d6e67,RODATA,2d6e67,ascii,35,dmp_FragmentLightSource[2].position
003d6e8b,RODATA,2d6e8b,ascii,35,dmp_FragmentLightSource[3].position
003d6eaf,RODATA,2d6eaf,ascii,35,dmp_FragmentLightSource[4].position
003d6ed3,RODATA,2d6ed3,ascii,35,dmp_FragmentLightSource[5].position
003d6ef7,RODATA,2d6ef7,ascii,35,dmp_FragmentLightSource[6].position
003d6f1b,RODATA,2d6f1b,ascii,35,dmp_FragmentLightSource[7].position
003d6f3f,RODATA,2d6f3f,ascii,32,dmp_Texture[3].ptSamplerAlphaMap
003d6f60,RODATA,2d6f60,ascii,25,dmp_Texture[3].ptAlphaMap
003d6f7a,RODATA,2d6f7a,ascii,30,dmp_Texture[3].ptSamplerRgbMap
003d6f99,RODATA,2d6f99,ascii,23,dmp_Texture[3].ptRgbMap
003d6fb1,RODATA,2d6fb1,ascii,32,dmp_Texture[3].ptSamplerNoiseMap
003d6fd2,RODATA,2d6fd2,ascii,13,dmp_Fog.zFlip
003d6fe0,RODATA,2d6fe0,ascii,15,dmp_Fog.sampler
003d6ff0,RODATA,2d6ff0,ascii,26,dmp_Texture[3].ptMinFilter
003d700b,RODATA,2d700b,ascii,13,dmp_Fog.color
003d7019,RODATA,2d7019,ascii,28,dmp_LightEnv.fresnelSelector
003d7036,RODATA,2d7036,ascii,25,dmp_LightEnv.bumpSelector
003d7050,RODATA,2d7050,ascii,27,dmp_LightEnv.shadowSelector
003d706c,RODATA,2d706c,ascii,26,dmp_Texture[0].shadowZBias
003d7087,RODATA,2d7087,ascii,30,dmp_FragOperation.penumbraBias
003d70a6,RODATA,2d70a6,ascii,50,dmp_FragmentLightSource[0].distanceAttenuationBias
003d70d9,RODATA,2d70d9,ascii,50,dmp_FragmentLightSource[1].distanceAttenuationBias
003d710c,RODATA,2d710c,ascii,50,dmp_FragmentLightSource[2].distanceAttenuationBias
003d713f,RODATA,2d713f,ascii,50,dmp_FragmentLightSource[3].distanceAttenuationBias
003d7172,RODATA,2d7172,ascii,50,dmp_FragmentLightSource[4].distanceAttenuationBias
003d71a5,RODATA,2d71a5,ascii,50,dmp_FragmentLightSource[5].distanceAttenuationBias
003d71d8,RODATA,2d71d8,ascii,50,dmp_FragmentLightSource[6].distanceAttenuationBias
003d720b,RODATA,2d720b,ascii,50,dmp_FragmentLightSource[7].distanceAttenuationBias
003d723e,RODATA,2d723e,ascii,24,dmp_Texture[3].ptTexBias
003d7257,RODATA,2d7257,ascii,28,dmp_LightEnv.clampHighlights
003d7274,RODATA,2d7274,ascii,26,dmp_Texture[3].ptTexOffset
003d728f,RODATA,2d728f,ascii,34,dmp_FragmentLightSource[0].ambient
003d72b2,RODATA,2d72b2,ascii,34,dmp_FragmentLightSource[1].ambient
003d72d5,RODATA,2d72d5,ascii,34,dmp_FragmentLightSource[2].ambient
003d72f8,RODATA,2d72f8,ascii,34,dmp_FragmentLightSource[3].ambient
003d731b,RODATA,2d731b,ascii,34,dmp_FragmentLightSource[4].ambient
003d733e,RODATA,2d733e,ascii,34,dmp_FragmentLightSource[5].ambient
003d7361,RODATA,2d7361,ascii,34,dmp_FragmentLightSource[6].ambient
003d7384,RODATA,2d7384,ascii,34,dmp_FragmentLightSource[7].ambient
003d73a7,RODATA,2d73a7,ascii,28,dmp_FragmentLighting.ambient
003d73c4,RODATA,2d73c4,ascii,28,dmp_FragmentMaterial.ambient
003d73e1,RODATA,2d73e1,ascii,21,dmp_Gas.colorLutInput
003d73f7,RODATA,2d73f7,ascii,32,dmp_Texture[0].perspectiveShadow
003d7418,RODATA,2d7418,ascii,25,dmp_LightEnv.invertShadow
003d7432,RODATA,2d7432,ascii,14,dmp_Gas.accMax
003d7441,RODATA,2d7441,ascii,28,dmp_LightEnv.shadowSecondary
003d745e,RODATA,2d745e,ascii,26,dmp_LightEnv.shadowPrimary
003d7479,RODATA,2d7479,ascii,5,APT:A
003d747f,RODATA,2d747f,ascii,5,cfg:u
003d7485,RODATA,2d7485,ascii,8,gsp::Lcd
003d748e,RODATA,2d748e,ascii,8,gsp::Gpu
003d7497,RODATA,2d7497,ascii,7,hid:NFC
003d749f,RODATA,2d749f,ascii,7,hid:QTM
003d74a7,RODATA,2d74a7,ascii,8,hid:USER
003d74b0,RODATA,2d74b0,ascii,8,hid:SPVR
003d74bc,RODATA,2d74bc,ascii,16,uVertexTexCoord0
003d74d0,RODATA,2d74d0,ascii,12,uRcpTexSize0
003d74e0,RODATA,2d74e0,ascii,8,uTexMtx0
003d74ec,RODATA,2d74ec,ascii,16,uVertexTexCoord1
003d7500,RODATA,2d7500,ascii,8,uTexMtx1
003d750c,RODATA,2d750c,ascii,16,uVertexTexCoord2
003d7520,RODATA,2d7520,ascii,8,uTexMtx2
003d752c,RODATA,2d752c,ascii,23,dmp_TexEnv[0].constRgba
003d7544,RODATA,2d7544,ascii,23,dmp_TexEnv[1].constRgba
003d755c,RODATA,2d755c,ascii,23,dmp_TexEnv[2].constRgba
003d7574,RODATA,2d7574,ascii,23,dmp_TexEnv[3].constRgba
003d758c,RODATA,2d758c,ascii,23,dmp_TexEnv[4].constRgba
003d75a4,RODATA,2d75a4,ascii,23,dmp_TexEnv[5].constRgba
003d75bc,RODATA,2d75bc,ascii,22,dmp_TexEnv[0].srcAlpha
003d75d4,RODATA,2d75d4,ascii,22,dmp_TexEnv[1].srcAlpha
003d75ec,RODATA,2d75ec,ascii,22,dmp_TexEnv[2].srcAlpha
003d7604,RODATA,2d7604,ascii,22,dmp_TexEnv[3].srcAlpha
003d761c,RODATA,2d761c,ascii,22,dmp_TexEnv[4].srcAlpha
003d7634,RODATA,2d7634,ascii,22,dmp_TexEnv[5].srcAlpha
003d764c,RODATA,2d764c,ascii,26,dmp_TexEnv[0].operandAlpha
003d7668,RODATA,2d7668,ascii,26,dmp_TexEnv[1].operandAlpha
003d7684,RODATA,2d7684,ascii,26,dmp_TexEnv[2].operandAlpha
003d76a0,RODATA,2d76a0,ascii,26,dmp_TexEnv[3].operandAlpha
003d76bc,RODATA,2d76bc,ascii,26,dmp_TexEnv[4].operandAlpha
003d76d8,RODATA,2d76d8,ascii,26,dmp_TexEnv[5].operandAlpha
003d76f4,RODATA,2d76f4,ascii,24,dmp_TexEnv[0].scaleAlpha
003d7710,RODATA,2d7710,ascii,24,dmp_TexEnv[1].scaleAlpha
003d772c,RODATA,2d772c,ascii,24,dmp_TexEnv[2].scaleAlpha
003d7748,RODATA,2d7748,ascii,24,dmp_TexEnv[3].scaleAlpha
003d7764,RODATA,2d7764,ascii,24,dmp_TexEnv[4].scaleAlpha
003d7780,RODATA,2d7780,ascii,24,dmp_TexEnv[5].scaleAlpha
003d779c,RODATA,2d779c,ascii,26,dmp_TexEnv[0].combineAlpha
003d77b8,RODATA,2d77b8,ascii,26,dmp_TexEnv[1].combineAlpha
003d77d4,RODATA,2d77d4,ascii,26,dmp_TexEnv[2].combineAlpha
003d77f0,RODATA,2d77f0,ascii,26,dmp_TexEnv[3].combineAlpha
003d780c,RODATA,2d780c,ascii,26,dmp_TexEnv[4].combineAlpha
003d7828,RODATA,2d7828,ascii,26,dmp_TexEnv[5].combineAlpha
003d7844,RODATA,2d7844,ascii,20,dmp_TexEnv[0].srcRgb
003d785c,RODATA,2d785c,ascii,20,dmp_TexEnv[1].srcRgb
003d7874,RODATA,2d7874,ascii,20,dmp_TexEnv[2].srcRgb
003d788c,RODATA,2d788c,ascii,20,dmp_TexEnv[3].srcRgb
003d78a4,RODATA,2d78a4,ascii,20,dmp_TexEnv[4].srcRgb
003d78bc,RODATA,2d78bc,ascii,20,dmp_TexEnv[5].srcRgb
003d78d4,RODATA,2d78d4,ascii,24,dmp_TexEnv[0].operandRgb
003d78f0,RODATA,2d78f0,ascii,24,dmp_TexEnv[1].operandRgb
003d790c,RODATA,2d790c,ascii,24,dmp_TexEnv[2].operandRgb
003d7928,RODATA,2d7928,ascii,24,dmp_TexEnv[3].operandRgb
003d7944,RODATA,2d7944,ascii,24,dmp_TexEnv[4].operandRgb
003d7960,RODATA,2d7960,ascii,24,dmp_TexEnv[5].operandRgb
003d797c,RODATA,2d797c,ascii,22,dmp_TexEnv[0].scaleRgb
003d7994,RODATA,2d7994,ascii,22,dmp_TexEnv[1].scaleRgb
003d79ac,RODATA,2d79ac,ascii,22,dmp_TexEnv[2].scaleRgb
003d79c4,RODATA,2d79c4,ascii,22,dmp_TexEnv[3].scaleRgb
003d79dc,RODATA,2d79dc,ascii,22,dmp_TexEnv[4].scaleRgb
003d79f4,RODATA,2d79f4,ascii,22,dmp_TexEnv[5].scaleRgb
003d7a0c,RODATA,2d7a0c,ascii,24,dmp_TexEnv[0].combineRgb
003d7a28,RODATA,2d7a28,ascii,24,dmp_TexEnv[1].combineRgb
003d7a44,RODATA,2d7a44,ascii,24,dmp_TexEnv[2].combineRgb
003d7a60,RODATA,2d7a60,ascii,24,dmp_TexEnv[3].combineRgb
003d7a7c,RODATA,2d7a7c,ascii,24,dmp_TexEnv[4].combineRgb
003d7a98,RODATA,2d7a98,ascii,24,dmp_TexEnv[5].combineRgb
003d7ab4,RODATA,2d7ab4,ascii,10,uFrameSpec
003d7ac0,RODATA,2d7ac0,ascii,31,dmp_FragOperation.alphaTestFunc
003d7ae0,RODATA,2d7ae0,ascii,26,dmp_Texture[0].samplerType
003d7afc,RODATA,2d7afc,ascii,26,dmp_Texture[1].samplerType
003d7b18,RODATA,2d7b18,ascii,26,dmp_Texture[2].samplerType
003d7b34,RODATA,2d7b34,ascii,26,dmp_Texture[3].samplerType
003d7b50,RODATA,2d7b50,ascii,31,dmp_FragOperation.alphaRefValue
003d7b70,RODATA,2d7b70,ascii,10,uTransform
003d7b7c,RODATA,2d7b7c,ascii,11,uProjection
003d7b88,RODATA,2d7b88,ascii,25,dmp_TexEnv[0].bufferColor
003d7ba4,RODATA,2d7ba4,ascii,6,uColor
003d7bac,RODATA,2d7bac,ascii,12,uVertexColor
003d7bbc,RODATA,2d7bbc,ascii,33,dmp_FragOperation.enableAlphaTest
003d7be0,RODATA,2d7be0,ascii,25,dmp_TexEnv[1].bufferInput
003d7bfc,RODATA,2d7bfc,ascii,25,dmp_TexEnv[2].bufferInput
003d7c18,RODATA,2d7c18,ascii,25,dmp_TexEnv[3].bufferInput
003d7c34,RODATA,2d7c34,ascii,25,dmp_TexEnv[4].bufferInput
003d7c50,RODATA,2d7c50,ascii,10,uModelView
003d7c5b,RODATA,2d7c5b,ascii,5,cfg:i
003d7c64,RODATA,2d7c64,ascii,25,"%s: bad locale name: ""%s"""
003d7c80,RODATA,2d7c80,ascii,39,"%s: range error: invalid range [%d, %d)"
003d7ca8,RODATA,2d7ca8,ascii,42,"%s: argument value %u out of range [0, %u)"
003d7cd4,RODATA,2d7cd4,ascii,21,%s: conversion failed
003d7cec,RODATA,2d7cec,ascii,37,"%s: facet %u not found in ""%s"" locale"
003d7d14,RODATA,2d7d14,ascii,35,%s: failed to construct locale name
003d7d38,RODATA,2d7d38,ascii,13,%s: exception
003d7d48,RODATA,2d7d48,ascii,24,%s: unexpected exception
003d7d64,RODATA,2d7d64,ascii,22,%s: invalid pointer %p
003d7d7c,RODATA,2d7d7c,ascii,15,%s: logic error
003d7d8c,RODATA,2d7d8c,ascii,21,%s: unspecified error
003d7da4,RODATA,2d7da4,ascii,17,%s: runtime error
003d7db8,RODATA,2d7db8,ascii,19,%s: underflow error
003d7dcc,RODATA,2d7dcc,ascii,18,%s: overflow error
003d7de0,RODATA,2d7de0,ascii,28,%s: stream object has set %s
003d7e00,RODATA,2d7e00,ascii,37,%s: stream object has set ios::badbit
003d7e28,RODATA,2d7e28,ascii,37,%s: stream object has set ios::eofbit
003d7e50,RODATA,2d7e50,ascii,38,%s: stream object has set ios::failbit
003d7e78,RODATA,2d7e78,ascii,12,%s: bad cast
003d7e88,RODATA,2d7e88,ascii,25,%s: length error: %u > %u
003d7ea4,RODATA,2d7ea4,ascii,28,%s: bad_alloc: out of memory
003d7ec4,RODATA,2d7ec4,ascii,17,%s: out of memory
003d7ed8,RODATA,2d7ed8,utf16,12,pld:/pld.dat
003d7ef4,RODATA,2d7ef4,utf16,60,nn::npns::ParseRegisterDeviceResponse failed: %07d (0x%08X)\n
003d7f70,RODATA,2d7f70,utf16,59,nn::npns::ParseCreateChannelResponse failed: %07d (0x%08X)\n
003d7fe8,RODATA,2d7fe8,utf16,70,nn::npns::RegisterDeviceRequest::SendAndReceive failed: %07d (0x%08X)\n
003d8078,RODATA,2d8078,utf16,72,nn::npns::UnregisterDeviceRequest::SendAndReceive failed: %07d (0x%08X)\n
003d810c,RODATA,2d810c,utf16,66,nn::npns::RegisterDeviceRequest::Initialize failed: %07d (0x%08X)\n
003d8194,RODATA,2d8194,utf16,68,nn::npns::UnregisterDeviceRequest::Initialize failed: %07d (0x%08X)\n
003d8220,RODATA,2d8220,utf16,62,nn::act::AcquireIndependentServiceToken failed: %07d (0x%08X)\n
003d82a0,RODATA,2d82a0,utf16,71,nn::nim::CTR::Shop::DeleteTaskRegisterStatusList failed: %07d (0x%08X)\n
003d8330,RODATA,2d8330,utf16,44,GetMoveAccountParameter failed %07d (%08lx)\n
003d838c,RODATA,2d838c,utf16,52,DTL download failure: %08x (%07d; internal = %08x).\n
003d83f8,RODATA,2d83f8,utf16,34,Acquire service token for NPNS...\n
003d8440,RODATA,2d8440,utf16,37,Notify registered status to ninja...\n
003d848c,RODATA,2d848c,utf16,32,AddOnContents::processDataCore()
003d84d0,RODATA,2d84d0,utf16,34,[Warning]Version Info Not Exists!\n
003d8518,RODATA,2d8518,utf16,32,[Warning!]TitleInfo Not Exists!\n
003d855c,RODATA,2d855c,utf16,36,[Warning!]DemoTitleInfo Not Exists!\n
003d85a8,RODATA,2d85a8,utf16,42,Shop::DeleteCreditCardOnSystemSaveData();\n
003d8600,RODATA,2d8600,utf16,37,"Download Content -> Failure %x, %07d\n"
003d864c,RODATA,2d864c,utf16,37,Download Content -> ac not connected\n
003d8698,RODATA,2d8698,utf16,36,Shop::StartDownload(): by Overwrite\n
003d86e4,RODATA,2d86e4,utf16,32,Download Content -> Nim is busy\n
003d8728,RODATA,2d8728,utf16,36,OWNED TITLE %d GET TITLE ID FAILED!\n
003d8774,RODATA,2d8774,utf16,40,[WAERN] : ExternalSeed is not imported!\n
003d87c8,RODATA,2d87c8,utf16,35,[WAERN] : Title tag is not setted!\n
003d8810,RODATA,2d8810,utf16,41,"Infra response Invalid, Support Code: %d\n"
003d8864,RODATA,2d8864,utf16,34,"Request Failure, Support Code: %d\n"
003d88ac,RODATA,2d88ac,utf16,39,"Infra reported Error, Support Code: %d\n"
003d8900,RODATA,2d8900,utf16,35,OnlinePriceCache::processDataCore()
003d8948,RODATA,2d8948,utf16,37,ERROR : External Key Seed NOT FOUND!\n
003d8994,RODATA,2d8994,utf16,17,font/Hud_CN.bcfnt
003d89b8,RODATA,2d89b8,utf16,17,font/Hud_KR.bcfnt
003d89dc,RODATA,2d89dc,utf16,17,font/Hud_TW.bcfnt
003d8a00,RODATA,2d8a00,utf16,14,font/Hud.bcfnt
003d8a23,RODATA,2d8a23,ascii,6,0c0h0D
003d8a45,RODATA,2d8a45,ascii,11,0K0c0_0g0Y0
003d8a5c,RODATA,2d8a5c,utf16,4,male
003d8aa8,RODATA,2d8aa8,utf16,7,america
003d8ab8,RODATA,2d8ab8,utf16,5,korea
003d8ac4,RODATA,2d8ac4,utf16,5,china
003d8ad0,RODATA,2d8ad0,utf16,6,europe
003d8ae0,RODATA,2d8ae0,utf16,11,JP_Japanese
003d8af8,RODATA,2d8af8,utf16,15,TW_Trad_Chinese
003d8b18,RODATA,2d8b18,utf16,15,CN_Simp_Chinese
003d8b38,RODATA,2d8b38,utf16,13,US_Portuguese
003d8b54,RODATA,2d8b54,utf16,13,EU_Portuguese
003d8b70,RODATA,2d8b70,utf16,9,US_French
003d8b84,RODATA,2d8b84,utf16,9,EU_French
003d8b98,RODATA,2d8b98,utf16,8,EU_Dutch
003d8bac,RODATA,2d8bac,utf16,10,US_English
003d8bc4,RODATA,2d8bc4,utf16,10,EU_English
003d8bdc,RODATA,2d8bdc,utf16,10,TW_English
003d8bf4,RODATA,2d8bf4,utf16,10,US_Spanish
003d8c0c,RODATA,2d8c0c,utf16,10,EU_Spanish
003d8c24,RODATA,2d8c24,utf16,10,KR_Hangeul
003d8c3c,RODATA,2d8c3c,utf16,10,EU_Italian
003d8c54,RODATA,2d8c54,utf16,10,EU_Russian
003d8c6c,RODATA,2d8c6c,utf16,9,EU_German
003d8c80,RODATA,2d8c80,utf16,5,japan
003d8c8c,RODATA,2d8c8c,utf16,6,taiwan
003d8c9c,RODATA,2d8c9c,utf16,8,message/
003d8cb0,RODATA,2d8cb0,utf16,32,shader/nwgfx_DefaultShader.shbin
003d8cf4,RODATA,2d8cf4,utf16,4,rom:
003d8d00,RODATA,2d8d00,utf16,30,/shader/nwlyt_PaneShader.shbin
003d8d40,RODATA,2d8d40,utf16,37,/shader/nwfont_TextWriterShader.shbin
003d8d8c,RODATA,2d8d8c,utf16,37,/shader/nwfont_RectDrawerShader.shbin
003d8dd8,RODATA,2d8dd8,utf16,36,/shader/nwlyt_ConstColorShader.shbin
003e2e3c,DATA,2e2e3c,ascii,6,JYB=\\!
003e3308,DATA,2e3308,ascii,5,3333 
003e3310,DATA,2e3310,ascii,5,3333`
003e331c,DATA,2e331c,ascii,4,3333
003e4921,DATA,2e4921,ascii,5,E@^D^
003e4b44,DATA,2e4b44,ascii,4,G^@^
003e4bab,DATA,2e4bab,ascii,7,^`^g^H_
003e4eab,DATA,2e4eab,ascii,6,AaI@_\n
003e4fbd,DATA,2e4fbd,ascii,5,AtM&[
003e5146,DATA,2e5146,ascii,16,G^@^A^B^C^D^E^F^
003e5163,DATA,2e5163,ascii,5,A-b ^
003e528a,DATA,2e528a,ascii,6, _UU ^
003e5971,DATA,2e5971,ascii,9,"/ _,- ^,("
003e5d34,DATA,2e5d34,ascii,10,G^@^A^D^E^
003e5fbf,DATA,2e5fbf,ascii,13,EG^@^A^B^D^E^
003e6045,DATA,2e6045,ascii,11,^e^d^b^a^`^
003e6129,DATA,2e6129,ascii,5,E@^F^
003e6545,DATA,2e6545,ascii,15,EG^@^A^B^C^D^E^
003e659f,DATA,2e659f,ascii,13,^e^d^c^b^a^`^
003e65b1,DATA,2e65b1,ascii,15,EG^@^A^B^C^D^E^
003e6675,DATA,2e6675,ascii,13,^e^d^c^b^a^`^
003e6933,DATA,2e6933,ascii,15,EG^@^A^B^C^D^E^
003e6e21,DATA,2e6e21,ascii,13,^e^d^c^b^a^`^
003e7674,DATA,2e7674,ascii,14,G^@^A^B^C^D^E^
003e7834,DATA,2e7834,ascii,5,RP ^P
003e85e2,DATA,2e85e2,ascii,4,N^O^
003e86a9,DATA,2e86a9,ascii,7,P@_:E@_
003e86cb,DATA,2e86cb,ascii,7,Q@_KE@_
003e86ef,DATA,2e86ef,ascii,7,Q@_]E@_
003e8713,DATA,2e8713,ascii,7,Q@_oE@_
003e8a9e,DATA,2e8a9e,ascii,8,H_H_H_H_
003e8c17,DATA,2e8c17,ascii,9,E@^A^D^`g
003e8d23,DATA,2e8d23,ascii,5,E@^`g
003e8def,DATA,2e8def,ascii,7,EG^@^D^
003e8e42,DATA,2e8e42,ascii,6,!P'[BQ
003e8edf,DATA,2e8edf,ascii,7,2@_SI@_
003e8f03,DATA,2e8f03,ascii,5,^d^`^
003e8f7b,DATA,2e8f7b,ascii,13,XG^@^A^B^D^E^
003e905b,DATA,2e905b,ascii,7,EG^@^D^
003e90ed,DATA,2e90ed,ascii,9,EG^@^A^D^
003e9159,DATA,2e9159,ascii,7,^d^a^`^
003e94f9,DATA,2e94f9,ascii,15,EG^@^A^B^C^D^E^
003e95d3,DATA,2e95d3,ascii,13,^e^d^c^b^a^`^
003e962f,DATA,2e962f,ascii,15,EG^@^A^B^C^D^E^
003e96b2,DATA,2e96b2,ascii,4,ZXB[
003e9721,DATA,2e9721,ascii,13,^e^d^c^b^a^`^
003e9733,DATA,2e9733,ascii,15,EG^@^A^B^C^D^E^
003e97b6,DATA,2e97b6,ascii,4,ZXB[
003e9825,DATA,2e9825,ascii,13,^e^d^c^b^a^`^
003e9873,DATA,2e9873,ascii,5,K)8(:
003e9886,DATA,2e9886,ascii,8,3[@_'N@_
003e99c5,DATA,2e99c5,ascii,13,X@^A^B^C^D^E^
003e99f0,DATA,2e99f0,ascii,7,VQZ^@_|
003e9adc,DATA,2e9adc,ascii,14,G^@^A^B^C^D^E^
003e9bae,DATA,2e9bae,ascii,4,Z^B^
003e9c48,DATA,2e9c48,ascii,4,Z^@_
003e9da3,DATA,2e9da3,ascii,17,^e^d^c^b^a^`^g^H_
003e9dd9,DATA,2e9dd9,ascii,5,A-b ^
003e9de7,DATA,2e9de7,ascii,6,A-b ^ 
003e9e1d,DATA,2e9e1d,ascii,5,A-b ^
003ea0e9,DATA,2ea0e9,ascii,11,EG^@^A^D^E^
003ea169,DATA,2ea169,ascii,9,^e^d^a^`^
003ea177,DATA,2ea177,ascii,15,EG^@^A^B^C^D^E^
003ea2a3,DATA,2ea2a3,ascii,13,^e^d^c^b^a^`^
003ea3b5,DATA,2ea3b5,ascii,15,XG^@^A^B^C^D^E^
003ea61f,DATA,2ea61f,ascii,15,EG^@^A^B^C^D^E^
003ea7e1,DATA,2ea7e1,ascii,13,^e^d^c^b^a^`^
003ea7f3,DATA,2ea7f3,ascii,15,EG^@^A^B^C^D^E^
003ea84a,DATA,2ea84a,ascii,4,383`
003ea875,DATA,2ea875,ascii,5,q2`18
003ea880,DATA,2ea880,ascii,6,2 1`08
003ea88c,DATA,2ea88c,ascii,6,1 0`/8
003ea898,DATA,2ea898,ascii,6,0 /`.8
003ea8a4,DATA,2ea8a4,ascii,6,/ .`-8
003ea8b0,DATA,2ea8b0,ascii,6,". -`,8"
003eaa95,DATA,2eaa95,ascii,13,^e^d^c^b^a^`^
003eb17d,DATA,2eb17d,ascii,5,!DZ@_
003eb1bb,DATA,2eb1bb,ascii,11,E@^A^B^D^E^
003eb27b,DATA,2eb27b,ascii,5,A7Y@_
003eb2df,DATA,2eb2df,ascii,9,^e^d^b^a^
003eb3ef,DATA,2eb3ef,ascii,5,E@^D^
003eb454,DATA,2eb454,ascii,14,G^@^A^B^C^D^E^
003ebc38,DATA,2ebc38,ascii,16,e^d^c^b^a^`^f^g^
003ebc8a,DATA,2ebc8a,ascii,6,e^b^`^
003ebce6,DATA,2ebce6,ascii,6,e^b^`^
003ebf1a,DATA,2ebf1a,ascii,16,e^d^c^b^a^`^f^g^
003ebf34,DATA,2ebf34,ascii,6,A^B^C^
003ebfa5,DATA,2ebfa5,ascii,7,wc^b^a^
003ec094,DATA,2ec094,ascii,16,e^d^c^b^a^`^f^g^
003ec3b4,DATA,2ec3b4,ascii,4,h^D[
003ec54c,DATA,2ec54c,ascii,4,h^D[
003ec6dc,DATA,2ec6dc,ascii,4,h^D[
003ec8b4,DATA,2ec8b4,ascii,4,h^D[
003ecb4a,DATA,2ecb4a,ascii,4,h^D[
003ecf8e,DATA,2ecf8e,ascii,4,h^D[
003ed4ec,DATA,2ed4ec,ascii,4,h^D[
003ed7c4,DATA,2ed7c4,ascii,4,h^D[
003edb36,DATA,2edb36,ascii,5,-K9 T
003edb47,DATA,2edb47,ascii,4,JA!e
003edb57,DATA,2edb57,ascii,4,"JL""v"
003ef9ec,DATA,2ef9ec,ascii,10,rwstderr:1
003efa8c,DATA,2efa8c,ascii,19,/ninja/ws/my/votes?
003efaa0,DATA,2efaa0,ascii,19,/cp3s/contentset/n/
003efab4,DATA,2efab4,ascii,25,/ninja/ws/my/credit_card/
003eface,DATA,2eface,ascii,24,/ccif/credit_card/!input
003efae7,DATA,2efae7,ascii,18,/ninja/ws/country/
003efafa,DATA,2efafa,ascii,24,/replenish_amounts?lang=
003efb13,DATA,2efb13,ascii,32,/ninja/ws/my/credit_card/!delete
003efb34,DATA,2efb34,ascii,24,ninja/ws/my/transaction/
003efb4d,DATA,2efb4d,ascii,19,publishers/contacts
003efb61,DATA,2efb61,ascii,36,/ninja/ws/my/balance/current/!cc_add
003efb86,DATA,2efb86,ascii,40,/ninja/ws/my/balance/current/!cc_prepare
003efbaf,DATA,2efbaf,ascii,40,/ninja/ws/my/balance/current/!wallet_add
