string_addr,offset_in_string,kind,from_func,site,slot_addr
00106e94,0,pc_relative_add,00106cc0,00106d4c,00106d4c
00106ea0,0,pc_relative_add,00106cc0,00106e28,00106e28
00106eb0,0,pc_relative_add,00106cc0,00106e50,00106e50
00106ecc,0,pc_relative_add,00106cc0,00106e68,00106e68
0010b40c,0,pc_relative_add,0010b12c,0010b190,0010b190
0010b418,0,pc_relative_add,0010b12c,0010b1a0,0010b1a0
0010b424,0,pc_relative_add,0010b12c,0010b1b0,0010b1b0
0010b42c,0,pc_relative_add,0010b12c,0010b1c0,0010b1c0
0010b438,0,pc_relative_add,0010b12c,0010b1e4,0010b1e4
0010b444,0,pc_relative_add,0010b12c,0010b1f4,0010b1f4
0010b450,0,pc_relative_add,0010b12c,0010b204,0010b204
0010b470,0,pc_relative_add,0010b12c,0010b214,0010b214
0010b48c,0,pc_relative_add,0010b12c,0010b224,0010b224
0010b49c,0,pc_relative_add,0010b12c,0010b234,0010b234
0010b4c0,0,pc_relative_add,0010b12c,0010b244,0010b244
0010b4e0,0,pc_relative_add,0010b12c,0010b254,0010b254
0010b500,0,pc_relative_add,0010b12c,0010b264,0010b264
0010b518,0,pc_relative_add,0010b12c,0010b274,0010b274
0010b530,0,pc_relative_add,0010b12c,0010b284,0010b284
0010b54c,0,pc_relative_add,0010b12c,0010b294,0010b294
0010b568,0,pc_relative_add,0010b12c,0010b2a4,0010b2a4
0010b584,0,pc_relative_add,0010b12c,0010b2b4,0010b2b4
0010b5a0,0,pc_relative_add,0010b12c,0010b2c4,0010b2c4
0010b5b8,0,pc_relative_add,0010b12c,0010b2d4,0010b2d4
0010b5d4,0,pc_relative_add,0010b12c,0010b2e4,0010b2e4
0010b5ec,0,pc_relative_add,0010b12c,0010b2f4,0010b2f4
0010b604,0,pc_relative_add,0010b12c,0010b304,0010b304
0010b61c,0,pc_relative_add,0010b12c,0010b314,0010b314
0010b638,0,pc_relative_add,0010b12c,0010b324,0010b324
0010b654,0,pc_relative_add,0010b12c,0010b334,0010b334
0010b670,0,pc_relative_add,0010b12c,0010b344,0010b344
0010b68c,0,pc_relative_add,0010b12c,0010b354,0010b354
0010b6a4,0,pc_relative_add,0010b12c,0010b364,0010b364
0010b6c0,0,pc_relative_add,0010b12c,0010b374,0010b374
0010b6d8,0,pc_relative_add,0010b12c,0010b384,0010b384
0010b6f0,0,pc_relative_add,0010b12c,0010b394,0010b394
0010b708,0,pc_relative_add,0010b12c,0010b3a4,0010b3a4
0010b724,0,pc_relative_add,0010b12c,0010b3b4,0010b3b4
0010b740,0,pc_relative_add,0010b12c,0010b3c4,0010b3c4
0010b75c,0,pc_relative_add,0010b12c,0010b3d4,0010b3d4
0010b778,0,pc_relative_add,0010b12c,0010b3e4,0010b3e4
0010b790,0,pc_relative_add,0010b12c,0010b3f4,0010b3f4
0010b7ac,0,pc_relative_add,0010b12c,0010b3fc,0010b3fc
00133c14,64,pc_relative_add,00133d70,00133dd0,00133dd0
0013a214,64,pc_relative_add,0013a370,0013a3d0,0013a3d0
00140814,64,pc_relative_add,00140970,001409d0,001409d0
0014336c,0,pc_relative_add,00143304,00143318,00143318
00146198,0,pc_relative_add,00145fbc,00145ff0,00145ff0
001461b8,0,pc_relative_add,00145fbc,00146054,00146054
001461cc,0,pc_relative_add,00145fbc,001460a4,001460a4
001488e8,0,pc_relative_add,001488e8,0014888c,0014888c
0014aabc,0,pc_relative_add,0014a8e0,0014a914,0014a914
0014aadc,0,pc_relative_add,0014a8e0,0014a978,0014a978
0014aaf0,0,pc_relative_add,0014a8e0,0014a9c8,0014a9c8
00152360,0,pc_relative_add,001520f8,001521a4,001521a4
00152c1c,0,pc_relative_add,0015278c,00152894,00152894
00152c34,0,pc_relative_add,0015278c,001528f4,001528f4
00152c4c,0,pc_relative_add,0015278c,00152954,00152954
00152c70,0,pc_relative_add,0015278c,00152ad4,00152ad4
001531cf,1,pc_relative_add,00152f60,00152fe8,00152fe8
001531e0,0,pc_relative_add,00152f60,00153068,00153068
0015360c,0,pc_relative_add,0015356c,00153588,00153588
0015360c,0,literal_pool,002930e0,00293134,00293218
0015361b,1,pc_relative_add,0015356c,001535c8,001535c8
0015361b,1,literal_pool,002930e0,00293178,00293220
00153fa3,1,pc_relative_add,00153b30,00153d0c,00153d0c
00153fb7,1,pc_relative_add,00153b30,00153d20,00153d20
00153fc4,0,pc_relative_add,00153b30,00153d60,00153d60
00153fd0,0,pc_relative_add,00153b30,00153d90,00153d90
00153fe7,1,pc_relative_add,00153b30,00153dd8,00153dd8
00153ff8,0,pc_relative_add,00153b30,00153e08,00153e08
00154004,0,pc_relative_add,00153b30,00153e1c,00153e1c
00154010,0,pc_relative_add,00153b30,00153e4c,00153e4c
00154010,0,literal_pool,00153b30,00154558,001545b4
00154020,0,pc_relative_add,00153b30,00153e80,00153e80
0015402c,0,pc_relative_add,00153b30,00153e94,00153e94
0015403c,0,pc_relative_add,00153b30,00153ef4,00153ef4
00154478,0,pc_relative_add,00153b30,001540b8,001540b8
0015514f,1,pc_relative_add,00154c60,00154dd8,00154dd8
0015515c,0,pc_relative_add,00154c60,00154df4,00154df4
00155168,0,pc_relative_add,00154c60,00154e08,00154e08
00155180,0,pc_relative_add,00154c60,00154e28,00154e28
00155190,0,pc_relative_add,00154c60,00154e40,00154e40
00155190,0,pc_relative_add,00154c60,00155250,00155250
001551a0,0,pc_relative_add,00154c60,00154e80,00154e80
001553d0,0,pc_relative_add,00154c60,00155270,00155270
001553dc,0,pc_relative_add,00154c60,001552a0,001552a0
001553ec,0,pc_relative_add,00154c60,001552d4,001552d4
0015540c,0,pc_relative_add,00154c60,00155348,00155348
001556b7,1,pc_relative_add,00155638,0015566c,0015566c
001556c4,0,pc_relative_add,00155638,0015567c,0015567c
001557cc,0,pc_relative_add,001556d0,00155708,00155708
001557dc,0,pc_relative_add,001556d0,00155734,00155734
001557ec,0,pc_relative_add,001556d0,00155768,00155768
001557fc,0,pc_relative_add,001556d0,00155798,00155798
00155bd7,1,pc_relative_add,00155810,00155938,00155938
00155bf8,0,pc_relative_add,00155810,001559a8,001559a8
00155bf8,0,pc_relative_add,00155810,001559f0,001559f0
00155c0c,0,pc_relative_add,00155810,00155a04,00155a04
00155c0c,0,pc_relative_add,00155810,00155b04,00155b04
00155c28,0,pc_relative_add,00155810,00155a70,00155a70
00155c34,0,pc_relative_add,00155810,00155aa8,00155aa8
00155c44,0,pc_relative_add,00155810,00155af0,00155af0
00155c54,0,pc_relative_add,00155810,00155b70,00155b70
00155d58,0,pc_relative_add,00155cd8,00155d14,00155d14
0015629f,1,pc_relative_add,00155e38,00155f04,00155f04
001562ac,0,pc_relative_add,00155e38,00155f18,00155f18
001562b8,0,pc_relative_add,00155e38,00155f2c,00155f2c
001568a4,0,pc_relative_add,00155e38,0015657c,0015657c
00156d70,0,pc_relative_add,00155e38,00156c68,00156c68
00156d80,0,pc_relative_add,00155e38,00156cb8,00156cb8
00158057,1,pc_relative_add,00157c50,00157e8c,00157e8c
0015907c,0,pc_relative_add,00158588,00158d74,00158d74
00159098,0,pc_relative_add,00158588,00158df0,00158df0
001590a4,0,pc_relative_add,00158588,00158e48,00158e48
001590b4,0,pc_relative_add,00158588,00158f7c,00158f7c
00159288,0,pc_relative_add,00158588,001590e0,001590e0
00159564,0,pc_relative_add,001594e4,0015951c,0015951c
00159564,0,literal_pool,00159608,001596d4,001597c8
00159578,0,pc_relative_add,001594e4,00159524,00159524
00159578,0,literal_pool,00159608,001596dc,001597cc
0015958c,0,pc_relative_add,001594e4,0015952c,0015952c
0015958c,0,literal_pool,00159608,001596e4,001597d0
001595a0,0,pc_relative_add,001594e4,00159534,00159534
001595a0,0,literal_pool,00159608,001596ec,001597d4
001595b4,0,pc_relative_add,001594e4,0015953c,0015953c
001595b4,0,literal_pool,00159608,001596f4,001597d8
001595c8,0,pc_relative_add,001594e4,00159544,00159544
001595c8,0,literal_pool,00159608,001596fc,001597dc
001595dc,0,pc_relative_add,001594e4,0015954c,0015954c
001595dc,0,literal_pool,00159608,00159704,001597e0
001595f0,0,pc_relative_add,001594e4,00159554,00159554
001595f0,0,literal_pool,00159608,0015970c,001597e4
001597b7,1,pc_relative_add,00159608,00159674,00159674
001597ec,0,pc_relative_add,00159608,00159730,00159730
001597f8,0,pc_relative_add,00159608,00159760,00159760
0015a2f7,1,pc_relative_add,00159e88,00159ff8,00159ff8
0015a308,0,pc_relative_add,00159e88,0015a014,0015a014
0015a318,0,pc_relative_add,00159e88,0015a024,0015a024
0015a334,0,pc_relative_add,00159e88,0015a0a8,0015a0a8
0015a35c,0,pc_relative_add,00159e88,0015a10c,0015a10c
0015a59b,1,pc_relative_add,0015a414,0015a45c,0015a45c
0015a59b,1,pc_relative_add,0015a414,0015a474,0015a474
0015a5a8,0,pc_relative_add,0015a414,0015a4b8,0015a4b8
0015a5b4,0,pc_relative_add,0015a414,0015a53c,0015a53c
0015acff,1,pc_relative_add,0015a7a8,0015a924,0015a924
0015ad20,0,pc_relative_add,0015a7a8,0015a95c,0015a95c
0015ad34,0,pc_relative_add,0015a7a8,0015a970,0015a970
0015ad44,0,pc_relative_add,0015a7a8,0015a984,0015a984
0015ad44,0,pc_relative_add,0015a7a8,0015a9b4,0015a9b4
0015ad58,0,pc_relative_add,0015a7a8,0015a9a0,0015a9a0
0015ad7c,0,pc_relative_add,0015a7a8,0015aa1c,0015aa1c
0015ad7c,0,pc_relative_add,0015a7a8,0015aecc,0015aecc
0015ad88,0,pc_relative_add,0015a7a8,0015aa4c,0015aa4c
0015ad88,0,pc_relative_add,0015a7a8,0015ac54,0015ac54
0015ad94,0,pc_relative_add,0015a7a8,0015aaa0,0015aaa0
0015ad94,0,pc_relative_add,0015a7a8,0015ae34,0015ae34
0015ada4,0,pc_relative_add,0015a7a8,0015aae8,0015aae8
0015adb0,0,pc_relative_add,0015a7a8,0015ab3c,0015ab3c
0015adbc,0,pc_relative_add,0015a7a8,0015ab70,0015ab70
0015adbc,0,pc_relative_add,0015a7a8,0015ab9c,0015ab9c
0015adbc,0,pc_relative_add,0015a7a8,0015abfc,0015abfc
0015adc8,0,pc_relative_add,0015a7a8,0015abb0,0015abb0
0015adc8,0,pc_relative_add,0015a7a8,0015abe0,0015abe0
0015ade0,0,pc_relative_add,0015a7a8,0015abcc,0015abcc
0015adec,0,pc_relative_add,0015a7a8,0015ac28,0015ac28
0015af70,0,pc_relative_add,0015a7a8,0015ae0c,0015ae0c
0015af80,0,pc_relative_add,0015a7a8,0015ae78,0015ae78
0015af94,0,pc_relative_add,0015a7a8,0015af00,0015af00
0015b2ff,1,pc_relative_add,0015b148,0015b1a4,0015b1a4
0015b30c,0,pc_relative_add,0015b148,0015b1b8,0015b1b8
0015b318,0,pc_relative_add,0015b148,0015b204,0015b204
0015b318,0,pc_relative_add,0015b148,0015b234,0015b234
0015b318,0,pc_relative_add,0015b148,0015b26c,0015b26c
0015b32b,1,pc_relative_add,0015b148,0015b298,0015b298
0015b400,0,pc_relative_add,0015b374,0015b3bc,0015b3bc
0015ba6f,1,pc_relative_add,0015b5c8,0015b6dc,0015b6dc
0015ba88,0,pc_relative_add,0015b5c8,0015b868,0015b868
0015c200,0,pc_relative_add,0015b5c8,0015be64,0015be64
0015c210,0,pc_relative_add,0015b5c8,0015bf64,0015bf64
0015c348,0,pc_relative_add,0015b5c8,0015c25c,0015c25c
0015c9eb,1,pc_relative_add,0015c8c0,0015c958,0015c958
0015ca00,0,pc_relative_add,0015c8c0,0015c95c,0015c95c
0015ca14,0,pc_relative_add,0015c8c0,0015c960,0015c960
0015cb8c,0,pc_relative_add,0015cab0,0015cb1c,0015cb1c
0015cba0,0,pc_relative_add,0015cab0,0015cb20,0015cb20
0015cbb4,0,pc_relative_add,0015cab0,0015cb2c,0015cb2c
0015cc88,0,pc_relative_add,0015cbd0,0015cc1c,0015cc1c
0015cc9c,0,pc_relative_add,0015cbd0,0015cc28,0015cc28
0015ccb0,0,pc_relative_add,0015cbd0,0015cc2c,0015cc2c
0015ccc4,0,pc_relative_add,0015cbd0,0015cc30,0015cc30
0015d2e8,0,pc_relative_add,0015d188,0015d1ec,0015d1ec
0015d2f8,0,pc_relative_add,0015d188,0015d1f0,0015d1f0
0015d30c,0,pc_relative_add,0015d188,0015d200,0015d200
0015d318,0,pc_relative_add,0015d188,0015d274,0015d274
0015d328,0,pc_relative_add,0015d188,0015d278,0015d278
0015d797,1,pc_relative_add,0015d340,0015d58c,0015d58c
0015d7a4,0,pc_relative_add,0015d340,0015d5a4,0015d5a4
0015d7a4,0,pc_relative_add,0015d340,0015d660,0015d660
0015d7b0,0,pc_relative_add,0015d340,0015d5b8,0015d5b8
0015d7c8,0,pc_relative_add,0015d340,0015d5dc,0015d5dc
0015d7d8,0,pc_relative_add,0015d340,0015d5f8,0015d5f8
0015d7e4,0,pc_relative_add,0015d340,0015d60c,0015d60c
0015d7e4,0,pc_relative_add,0015d340,0015d640,0015d640
0015d7f8,0,pc_relative_add,0015d340,0015d62c,0015d62c
0015d824,0,pc_relative_add,0015d340,0015d6e4,0015d6e4
0015d830,0,pc_relative_add,0015d340,0015d728,0015d728
0015dcef,1,pc_relative_add,0015db28,0015db4c,0015db4c
0015dd04,0,pc_relative_add,0015db28,0015db94,0015db94
0015dd14,0,pc_relative_add,0015db28,0015dba8,0015dba8
0015dd30,0,pc_relative_add,0015db28,0015dbdc,0015dbdc
0015dd3c,0,pc_relative_add,0015db28,0015dc6c,0015dc6c
0015dd54,0,pc_relative_add,0015db28,0015dc94,0015dc94
0015dd54,0,literal_pool,0015dd68,0015ddc4,0015de50
0015dd54,0,literal_pool,0015e0e0,0015e2bc,0015e37c
0015de1f,1,pc_relative_add,0015dd68,0015dd8c,0015dd8c
0015de1f,1,literal_pool,0015e0e0,0015e274,0015e370
0015de2c,0,pc_relative_add,0015dd68,0015dd9c,0015dd9c
0015de2c,0,literal_pool,0015e0e0,0015e28c,0015e374
0015de38,0,pc_relative_add,0015dd68,0015ddb0,0015ddb0
0015de38,0,literal_pool,0015e0e0,0015e2a0,0015e378
0015e087,1,pc_relative_add,0015ded8,0015defc,0015defc
0015e09c,0,pc_relative_add,0015ded8,0015df28,0015df28
0015e0a8,0,pc_relative_add,0015ded8,0015e01c,0015e01c
0015e4eb,1,pc_relative_add,0015e424,0015e4a0,0015e4a0
0015e5f8,0,pc_relative_add,0015e534,0015e56c,0015e56c
0015e608,0,pc_relative_add,0015e534,0015e5b8,0015e5b8
0015e6f4,0,pc_relative_add,0015e658,0015e670,0015e670
0015e907,1,pc_relative_add,0015e72c,0015e810,0015e810
0015e918,0,pc_relative_add,0015e72c,0015e824,0015e824
0015f694,0,pc_relative_add,0015efe0,0015f414,0015f414
0015f6a4,0,pc_relative_add,0015efe0,0015f428,0015f428
0015f6a4,0,pc_relative_add,0015efe0,0015f458,0015f458
0015f6b4,0,pc_relative_add,0015efe0,0015f488,0015f488
0015f6c0,0,pc_relative_add,0015efe0,0015f4bc,0015f4bc
0015f6dc,0,pc_relative_add,0015efe0,0015f52c,0015f52c
0015f6e8,0,pc_relative_add,0015efe0,0015f57c,0015f57c
0015f6f4,0,pc_relative_add,0015efe0,0015f5a4,0015f5a4
0015f700,0,pc_relative_add,0015efe0,0015f5e4,0015f5e4
0015f710,0,pc_relative_add,0015efe0,0015f64c,0015f64c
0015f8bc,0,pc_relative_add,0015f834,0015f870,0015f870
0015fa27,1,pc_relative_add,0015f8d8,0015f93c,0015f93c
0015fa38,0,pc_relative_add,0015f8d8,0015f950,0015f950
0015fa48,0,pc_relative_add,0015f8d8,0015f9d0,0015f9d0
001604f7,1,pc_relative_add,0015ffe0,00160160,00160160
00160504,0,pc_relative_add,0015ffe0,0016017c,0016017c
00160510,0,pc_relative_add,0015ffe0,00160190,00160190
00160528,0,pc_relative_add,0015ffe0,001601b0,001601b0
00160538,0,pc_relative_add,0015ffe0,001601c8,001601c8
00160538,0,pc_relative_add,0015ffe0,001605f8,001605f8
00160548,0,pc_relative_add,0015ffe0,00160208,00160208
001607a0,0,pc_relative_add,0015ffe0,00160618,00160618
001607ac,0,pc_relative_add,0015ffe0,0016065c,0016065c
001607bc,0,pc_relative_add,0015ffe0,00160698,00160698
001607dc,0,pc_relative_add,0015ffe0,00160708,00160708
001611e7,1,pc_relative_add,00161100,0016118c,0016118c
00161be4,0,pc_relative_add,00161b1c,00161bb0,00161bb0
00161e38,0,pc_relative_add,00161bf0,00161d44,00161d44
0016220c,0,pc_relative_add,00162164,001621d0,001621d0
001622e8,0,pc_relative_add,00162218,00162234,00162234
001630db,1,pc_relative_add,0016304c,0016306c,0016306c
001630f0,0,pc_relative_add,0016304c,00163084,00163084
001638be,2,pc_relative_add,00163364,00163874,00163874
00164423,1,pc_relative_add,0016439c,001643b8,001643b8
00164438,0,pc_relative_add,0016439c,001643cc,001643cc
001645ce,2,pc_relative_add,00164498,00164564,00164564
0016495b,1,pc_relative_add,001647d0,00164888,00164888
00164dde,2,pc_relative_add,00164d2c,00164d80,00164d80
0016531f,1,pc_relative_add,00164ff8,001650b8,001650b8
0016532c,0,pc_relative_add,00164ff8,001650c0,001650c0
00165340,0,pc_relative_add,00164ff8,0016517c,0016517c
001663f0,0,pc_relative_add,00165bf4,00166044,00166044
00166400,0,pc_relative_add,00165bf4,00166048,00166048
00166690,0,pc_relative_add,00165bf4,0016643c,0016643c
001666a0,0,pc_relative_add,00165bf4,00166440,00166440
00166d24,0,pc_relative_add,00166c2c,00166c5c,00166c5c
00166d24,0,pc_relative_add,00166c2c,00166cc0,00166cc0
00166d24,0,literal_pool,001671a4,00167208,00167324
00166d24,0,literal_pool,00288338,00288830,00288b24
00166d24,0,literal_pool,00288338,00288e24,00288b24
00166d34,0,pc_relative_add,00166c2c,00166c90,00166c90
00166d34,0,pc_relative_add,00166c2c,00166cf0,00166cf0
00166d34,0,literal_pool,001671a4,00167234,0016732c
00166d34,0,literal_pool,00288338,0028886c,00288b28
00166d34,0,literal_pool,00288338,00288e54,00288b28
00166d44,0,pc_relative_add,00166c2c,00166cd4,00166cd4
00166d44,0,pc_relative_add,00166c2c,00166d04,00166d04
00166d44,0,literal_pool,001671a4,0016721c,00167328
00166d44,0,literal_pool,001671a4,00167248,00167328
00166d44,0,literal_pool,00288338,00288e38,00288ee0
00166d44,0,literal_pool,00288338,00288e68,00288ee0
0016716c,0,pc_relative_add,00166d58,00166ee8,00166ee8
00167190,0,pc_relative_add,00166d58,00167038,00167038
0016757c,0,pc_relative_add,00167484,001674b4,001674b4
0016757c,0,pc_relative_add,00167484,00167518,00167518
0016757c,0,literal_pool,001671a4,001671b4,00167318
0016757c,0,literal_pool,00288338,002887a4,00288b1c
0016757c,0,literal_pool,00288338,00288db8,00288b1c
0016758c,0,pc_relative_add,00167484,001674e8,001674e8
0016758c,0,pc_relative_add,00167484,00167548,00167548
0016758c,0,literal_pool,001671a4,001671dc,00167320
0016758c,0,literal_pool,00288338,002887e0,00288b20
0016758c,0,literal_pool,00288338,00288de8,00288b20
0016759c,0,pc_relative_add,00167484,0016752c,0016752c
0016759c,0,pc_relative_add,00167484,0016755c,0016755c
0016759c,0,literal_pool,001671a4,001671c4,0016731c
0016759c,0,literal_pool,001671a4,001671f0,0016731c
0016759c,0,literal_pool,00288338,00288dcc,00288edc
0016759c,0,literal_pool,00288338,00288dfc,00288edc
001676a8,0,pc_relative_add,001675b0,001675e0,001675e0
001676a8,0,pc_relative_add,001675b0,00167644,00167644
001676a8,0,literal_pool,001671a4,00167260,00167330
001676a8,0,literal_pool,00288338,002888b8,00288b2c
001676a8,0,literal_pool,00288338,00288ee4,00288b2c
001676b8,0,pc_relative_add,001675b0,00167614,00167614
001676b8,0,pc_relative_add,001675b0,00167674,00167674
001676b8,0,literal_pool,001671a4,0016728c,00167338
001676b8,0,literal_pool,00288338,002888f4,00288b30
001676b8,0,literal_pool,00288338,00288f14,00288b30
001676c8,0,pc_relative_add,001675b0,00167658,00167658
001676c8,0,pc_relative_add,001675b0,00167688,00167688
001676c8,0,literal_pool,001671a4,00167274,00167334
001676c8,0,literal_pool,001671a4,001672a0,00167334
001676c8,0,literal_pool,00288338,00288ef8,00288f50
001676c8,0,literal_pool,00288338,00288f28,00288f50
00167c10,0,pc_relative_add,00167b7c,00167bac,00167bac
00167c10,0,pc_relative_add,00167b7c,00167bdc,00167bdc
00167c10,0,literal_pool,00167cf0,00167dbc,00167fbc
00167c10,0,literal_pool,00167cf0,00167f0c,00167fbc
00167c20,0,pc_relative_add,00167b7c,00167bf0,00167bf0
00167c20,0,literal_pool,00167cf0,00167f20,00167fe4
00167cc8,0,pc_relative_add,00167c34,00167c64,00167c64
00167cc8,0,pc_relative_add,00167c34,00167c94,00167c94
00167cc8,0,literal_pool,00167cf0,00167e08,00167fc0
00167cc8,0,literal_pool,00167cf0,00167f48,00167fc0
00167cd8,0,pc_relative_add,00167c34,00167ca8,00167ca8
00167cd8,0,literal_pool,00167cf0,00167f5c,00167fe8
00167f8f,1,pc_relative_add,00167cf0,00167d20,00167d20
00167f9c,0,pc_relative_add,00167cf0,00167d30,00167d30
00167fa8,0,pc_relative_add,00167cf0,00167d44,00167d44
00167fd0,0,pc_relative_add,00167cf0,00167ec0,00167ec0
00168080,0,pc_relative_add,00167fec,0016801c,0016801c
00168080,0,pc_relative_add,00167fec,0016804c,0016804c
00168080,0,literal_pool,00167cf0,00167d74,00167fb8
00168080,0,literal_pool,00167cf0,00167ed0,00167fb8
00168090,0,pc_relative_add,00167fec,00168060,00168060
00168090,0,literal_pool,00167cf0,00167ee4,00167fe0
00168887,1,pc_relative_add,00168798,001687e8,001687e8
00168887,1,pc_relative_add,00168798,0016883c,0016883c
00168898,0,pc_relative_add,00168798,001687fc,001687fc
001688a8,0,pc_relative_add,00168798,00168828,00168828
00168a50,0,pc_relative_add,001688c0,001688f0,001688f0
00168a6f,1,pc_relative_add,001688c0,00168910,00168910
00168a6f,1,pc_relative_add,001688c0,0016893c,0016893c
00168a80,0,pc_relative_add,001688c0,00168928,00168928
00168a80,0,pc_relative_add,001688c0,001689f4,001689f4
00168a9c,0,pc_relative_add,001688c0,001689b0,001689b0
00168a9c,0,pc_relative_add,001688c0,00168a08,00168a08
00168aac,0,pc_relative_add,001688c0,001689c8,001689c8
00168abc,0,pc_relative_add,001688c0,001689dc,001689dc
00168b0c,0,pc_relative_add,00168ad0,00168ae4,00168ae4
00168b0c,0,literal_pool,001688c0,00168978,00168a98
00168b88,0,pc_relative_add,00168b1c,00168b38,00168b38
00168b88,0,literal_pool,00282530,002825e8,00282680
00168b98,0,pc_relative_add,00168b1c,00168b5c,00168b5c
00168b98,0,literal_pool,00282530,00282614,00282684
00168be8,0,pc_relative_add,00168ba8,00168bbc,00168bbc
001699d7,1,pc_relative_add,00169828,00169920,00169920
001699f0,0,pc_relative_add,00169828,00169930,00169930
0016a0e4,0,pc_relative_add,00169dd0,00169e58,00169e58
0016a0fc,0,pc_relative_add,00169dd0,00169fc4,00169fc4
0016a10c,0,pc_relative_add,00169dd0,00169fcc,00169fcc
0016a11c,0,pc_relative_add,00169dd0,00169fd4,00169fd4
0016a12c,0,pc_relative_add,00169dd0,00169fdc,00169fdc
0016a480,0,pc_relative_add,0016a13c,0016a144,0016a144
0016a490,0,pc_relative_add,0016a13c,0016a250,0016a250
0016a4a4,0,pc_relative_add,0016a13c,0016a31c,0016a31c
0016a4b4,0,pc_relative_add,0016a13c,0016a358,0016a358
0016a4c4,0,pc_relative_add,0016a13c,0016a3a0,0016a3a0
0016a4d0,0,pc_relative_add,0016a13c,0016a3f8,0016a3f8
0016ab9c,0,pc_relative_add,0016a730,0016a800,0016a800
0016abac,0,pc_relative_add,0016a730,0016a814,0016a814
0016abb8,0,pc_relative_add,0016a730,0016a87c,0016a87c
0016abc4,0,pc_relative_add,0016a730,0016a8b4,0016a8b4
0016abd4,0,pc_relative_add,0016a730,0016a8f4,0016a8f4
0016abe0,0,pc_relative_add,0016a730,0016a920,0016a920
0016abe0,0,pc_relative_add,0016a730,0016ab60,0016ab60
0016abf0,0,pc_relative_add,0016a730,0016a954,0016a954
0016abf0,0,pc_relative_add,0016a730,0016ab8c,0016ab8c
0016abfc,0,pc_relative_add,0016a730,0016a984,0016a984
0016ac08,0,pc_relative_add,0016a730,0016a9c4,0016a9c4
0016ac30,0,pc_relative_add,0016a730,0016aa3c,0016aa3c
0016ac40,0,pc_relative_add,0016a730,0016aabc,0016aabc
0016ac4c,0,pc_relative_add,0016a730,0016ab04,0016ab04
0016ac5c,0,pc_relative_add,0016a730,0016ab70,0016ab70
0016ac5c,0,pc_relative_add,0016a730,0016ac7c,0016ac7c
0016ada4,0,pc_relative_add,0016a730,0016ad44,0016ad44
0016af8f,1,pc_relative_add,0016ae90,0016aeb4,0016aeb4
0016afa4,0,pc_relative_add,0016ae90,0016aedc,0016aedc
0016afb4,0,pc_relative_add,0016ae90,0016af10,0016af10
0016afc4,0,pc_relative_add,0016ae90,0016af4c,0016af4c
0016b2f4,0,pc_relative_add,0016b050,0016b204,0016b204
0016b300,0,pc_relative_add,0016b050,0016b234,0016b234
0016b30c,0,pc_relative_add,0016b050,0016b264,0016b264
0016b318,0,pc_relative_add,0016b050,0016b294,0016b294
0016b5a7,1,pc_relative_add,0016b3d8,0016b444,0016b444
0016b5b8,0,pc_relative_add,0016b3d8,0016b454,0016b454
0016b5c4,0,pc_relative_add,0016b3d8,0016b468,0016b468
0016b5dc,0,pc_relative_add,0016b3d8,0016b480,0016b480
0016b5f0,0,pc_relative_add,0016b3d8,0016b4bc,0016b4bc
0016b600,0,pc_relative_add,0016b3d8,0016b4e4,0016b4e4
0016b60f,1,pc_relative_add,0016b3d8,0016b4f8,0016b4f8
0016b7f7,1,pc_relative_add,0016b648,0016b778,0016b778
0016b804,0,pc_relative_add,0016b648,0016b78c,0016b78c
0016bd28,0,pc_relative_add,0016ba08,0016ba78,0016ba78
0016c4a8,0,pc_relative_add,0016c3c0,0016c3f0,0016c3f0
0016d54c,0,pc_relative_add,0016d218,0016d25c,0016d25c
0016d54c,16,pc_relative_add,0016d218,0016d268,0016d268
0016d577,1,pc_relative_add,0016d218,0016d2a4,0016d2a4
0016d597,1,pc_relative_add,0016d218,0016d2f4,0016d2f4
0016d5a8,0,pc_relative_add,0016d218,0016d304,0016d304
0016d5b8,0,pc_relative_add,0016d218,0016d340,0016d340
0016d5eb,1,pc_relative_add,0016d218,0016d4e4,0016d4e4
0016db08,0,pc_relative_add,0016d218,0016d7bc,0016d7bc
0016db5f,1,pc_relative_add,0016d218,0016da38,0016da38
0016ebe8,0,pc_relative_add,0016e498,0016eaf0,0016eaf0
0016f16f,1,pc_relative_add,0016ed70,0016ee4c,0016ee4c
0016f180,0,pc_relative_add,0016ed70,0016ee5c,0016ee5c
0016f18c,0,pc_relative_add,0016ed70,0016ee98,0016ee98
0016f19c,0,pc_relative_add,0016ed70,0016eed4,0016eed4
0016f1b4,0,pc_relative_add,0016ed70,0016ef20,0016ef20
0016f1c0,0,pc_relative_add,0016ed70,0016ef50,0016ef50
0016f1cc,0,pc_relative_add,0016ed70,0016ef90,0016ef90
0016f1d8,0,pc_relative_add,0016ed70,0016efd0,0016efd0
0016f1e4,0,pc_relative_add,0016ed70,0016effc,0016effc
0016f210,0,pc_relative_add,0016ed70,0016f0b8,0016f0b8
0016fac7,1,pc_relative_add,0016f698,0016f730,0016f730
0016fae7,1,pc_relative_add,0016f698,0016f784,0016f784
0016faf8,0,pc_relative_add,0016f698,0016f794,0016f794
0016fb08,0,pc_relative_add,0016f698,0016f7d0,0016f7d0
0016fb37,1,pc_relative_add,0016f698,0016f890,0016f890
0016fb37,1,pc_relative_add,0016f698,0016f8a0,0016f8a0
0016fb48,0,pc_relative_add,0016f698,0016f8f8,0016f8f8
0016fb58,0,pc_relative_add,0016f698,0016f90c,0016f90c
0016fb58,0,pc_relative_add,0016f698,0016f93c,0016f93c
0016fb68,0,pc_relative_add,0016f698,0016f928,0016f928
0016fb78,0,pc_relative_add,0016f698,0016f9b4,0016f9b4
0016ffab,1,pc_relative_add,0016f698,0016fbd4,0016fbd4
0016ffc0,0,pc_relative_add,0016f698,0016fdec,0016fdec
001701b4,0,pc_relative_add,0016f698,001700fc,001700fc
00170f5f,1,pc_relative_add,00170b28,00170be8,00170be8
00170f70,0,pc_relative_add,00170b28,00170bf8,00170bf8
00170f7c,0,pc_relative_add,00170b28,00170c34,00170c34
00170f8c,0,pc_relative_add,00170b28,00170c70,00170c70
00170f9c,0,pc_relative_add,00170b28,00170cb8,00170cb8
00170fa8,0,pc_relative_add,00170b28,00170ce4,00170ce4
00170fbc,0,pc_relative_add,00170b28,00170d30,00170d30
00170fc8,0,pc_relative_add,00170b28,00170d60,00170d60
00170fdc,0,pc_relative_add,00170b28,00170db8,00170db8
00170fe8,0,pc_relative_add,00170b28,00170dcc,00170dcc
00170fe8,0,pc_relative_add,00170b28,00170dfc,00170dfc
00170ffc,0,pc_relative_add,00170b28,00170de8,00170de8
00171008,0,pc_relative_add,00170b28,00170e18,00170e18
00171030,0,pc_relative_add,00170b28,00170ea0,00170ea0
00171066,2,pc_relative_add,00171048,00171050,00171050
00171078,0,pc_relative_add,00171048,0017105c,0017105c
00171708,0,pc_relative_add,00171410,00171440,00171440
00171708,0,pc_relative_add,00171410,001714cc,001714cc
00171718,0,pc_relative_add,00171410,00171454,00171454
00171728,0,pc_relative_add,00171410,00171488,00171488
00171757,1,pc_relative_add,00171410,001715b0,001715b0
00171987,1,pc_relative_add,00171868,0017188c,0017188c
001719a7,1,pc_relative_add,00171868,001718b0,001718b0
001719b8,0,pc_relative_add,00171868,001718dc,001718dc
001719c8,0,pc_relative_add,00171868,001718ec,001718ec
001719c8,0,literal_pool,001719d8,00171a60,00171ac4
00172f40,0,pc_relative_add,00172cf8,00172d1c,00172d1c
00172f54,0,pc_relative_add,00172cf8,00172d24,00172d24
00172f87,1,pc_relative_add,00172cf8,00172d40,00172d40
00172f94,0,pc_relative_add,00172cf8,00172d54,00172d54
00172fc4,0,pc_relative_add,00172cf8,00172d78,00172d78
00173358,0,pc_relative_add,00173008,001730bc,001730bc
0017337c,0,pc_relative_add,00173008,00173168,00173168
00173394,0,pc_relative_add,00173008,00173204,00173204
001733ac,0,pc_relative_add,00173008,0017328c,0017328c
001733c8,0,pc_relative_add,00173008,001732d0,001732d0
001733e8,0,pc_relative_add,00173008,00173334,00173334
00173418,0,pc_relative_add,00173008,00173404,00173404
001741a6,2,pc_relative_add,001740a0,00174144,00174144
00174508,0,pc_relative_add,001742c4,00174310,00174310
00174514,0,pc_relative_add,001742c4,00174354,00174354
00174520,0,pc_relative_add,001742c4,00174374,00174374
0017452c,0,pc_relative_add,001742c4,001743a8,001743a8
00174f27,1,pc_relative_add,00174e8c,00174eb0,00174eb0
00175e07,1,pc_relative_add,00175a18,00175ad8,00175ad8
00175e18,0,pc_relative_add,00175a18,00175aec,00175aec
00175e28,0,pc_relative_add,00175a18,00175b24,00175b24
00175e34,0,pc_relative_add,00175a18,00175b34,00175b34
00175e48,0,pc_relative_add,00175a18,00175b54,00175b54
00175e54,0,pc_relative_add,00175a18,00175b80,00175b80
00175e68,0,pc_relative_add,00175a18,00175bbc,00175bbc
00175e90,0,pc_relative_add,00175a18,00175c40,00175c40
00175e9c,0,pc_relative_add,00175a18,00175cc4,00175cc4
00175eac,0,pc_relative_add,00175a18,00175d74,00175d74
001762c8,0,pc_relative_add,001761ec,00176200,00176200
001762c8,0,literal_pool,00175fbc,00175ff4,00176114
001762d8,0,pc_relative_add,001761ec,00176224,00176224
001762d8,0,literal_pool,00175fbc,00176028,00176118
001762e8,0,pc_relative_add,001761ec,0017624c,0017624c
001762e8,0,literal_pool,00175fbc,0017605c,0017611c
001762f4,0,pc_relative_add,001761ec,00176274,00176274
001762f4,0,literal_pool,00175fbc,001760a0,00176124
00176300,0,pc_relative_add,001761ec,0017629c,0017629c
00176300,0,literal_pool,00175fbc,001760d4,00176128
00176623,1,pc_relative_add,00176560,00176588,00176588
00176c5f,1,pc_relative_add,00176738,001768a0,001768a0
00176c77,1,pc_relative_add,00176738,001768c8,001768c8
00176c84,0,pc_relative_add,00176738,001768dc,001768dc
00176c94,0,pc_relative_add,00176738,00176918,00176918
00176ce0,0,pc_relative_add,00176738,00176a6c,00176a6c
00176ce0,0,pc_relative_add,00176738,00176f40,00176f40
00176ce8,0,pc_relative_add,00176738,00176a68,00176a68
00176ce8,0,pc_relative_add,00176738,00176f3c,00176f3c
00176cf8,0,pc_relative_add,00176738,00176adc,00176adc
00176cf8,0,pc_relative_add,00176738,00176fb0,00176fb0
00176d04,0,pc_relative_add,00176738,00176aec,00176aec
00176d04,0,pc_relative_add,00176738,00176b1c,00176b1c
00176d18,0,pc_relative_add,00176738,00176b08,00176b08
00176d18,0,pc_relative_add,00176738,00176fdc,00176fdc
0017731c,0,pc_relative_add,00176738,00176fc0,00176fc0
0017731c,0,pc_relative_add,00176738,00176ff0,00176ff0
00177354,0,pc_relative_add,00176738,001771dc,001771dc
00177d90,0,pc_relative_add,001778e0,00177c8c,00177c8c
00177ea4,0,pc_relative_add,00177dd8,00177dfc,00177dfc
00177f14,0,pc_relative_add,00177ed8,00177ef4,00177ef4
0017813f,1,pc_relative_add,00177f20,00177fd4,00177fd4
0017815c,0,pc_relative_add,00177f20,00178004,00178004
00178170,0,pc_relative_add,00177f20,00178018,00178018
00178de7,1,pc_relative_add,00178668,00178a44,00178a44
00178df8,0,pc_relative_add,00178668,00178a5c,00178a5c
00178e0f,1,pc_relative_add,00178668,00178a8c,00178a8c
00178e20,0,pc_relative_add,00178668,00178aa8,00178aa8
00178e20,0,pc_relative_add,00178668,00178b58,00178b58
00178e2c,0,pc_relative_add,00178668,00178ad4,00178ad4
00178e2c,0,pc_relative_add,00178668,00178c0c,00178c0c
00178e38,0,pc_relative_add,00178668,00178af8,00178af8
00178e48,0,pc_relative_add,00178668,00178b0c,00178b0c
00178e48,0,pc_relative_add,00178668,00178b34,00178b34
00178e68,0,pc_relative_add,00178668,00178bd8,00178bd8
001796cb,1,pc_relative_add,0017952c,00179608,00179608
0017a0df,1,pc_relative_add,001798d8,00179d44,00179d44
0017a0f0,0,pc_relative_add,001798d8,00179d54,00179d54
0017a0fc,0,pc_relative_add,001798d8,00179d68,00179d68
0017a0fc,0,pc_relative_add,001798d8,00179d98,00179d98
0017a10c,0,pc_relative_add,001798d8,00179d84,00179d84
0017a118,0,pc_relative_add,001798d8,00179db4,00179db4
0017a12f,1,pc_relative_add,001798d8,00179df0,00179df0
0017a140,0,pc_relative_add,001798d8,00179e00,00179e00
0017a140,0,pc_relative_add,001798d8,00179ec4,00179ec4
0017a14c,0,pc_relative_add,001798d8,00179e2c,00179e2c
0017a158,0,pc_relative_add,001798d8,00179e64,00179e64
0017a168,0,pc_relative_add,001798d8,00179e80,00179e80
0017a168,0,pc_relative_add,001798d8,00179ea0,00179ea0
0017a178,0,pc_relative_add,001798d8,00179f00,00179f00
0017a194,0,pc_relative_add,001798d8,00179f8c,00179f8c
0017a1a0,0,pc_relative_add,001798d8,00179fcc,00179fcc
0017a1a0,0,pc_relative_add,001798d8,0017a55c,0017a55c
0017a728,0,pc_relative_add,001798d8,0017a534,0017a534
0017a738,0,pc_relative_add,001798d8,0017a570,0017a570
0017a738,0,pc_relative_add,001798d8,0017a600,0017a600
0017a748,0,pc_relative_add,001798d8,0017a5a4,0017a5a4
0017a748,0,pc_relative_add,001798d8,0017a5ec,0017a5ec
0017a754,0,pc_relative_add,001798d8,0017a5b8,0017a5b8
0017b3c7,1,pc_relative_add,0017adf8,0017b1e0,0017b1e0
0017b5af,1,pc_relative_add,0017b51c,0017b53c,0017b53c
0017b9ac,0,pc_relative_add,0017b838,0017b8f0,0017b8f0
0017c7c7,1,pc_relative_add,0017c6d0,0017c76c,0017c76c
0017ce1c,0,pc_relative_add,0017cb14,0017ccc4,0017ccc4
0017ce30,0,pc_relative_add,0017cb14,0017ccc8,0017ccc8
0017ce44,0,pc_relative_add,0017cb14,0017cd0c,0017cd0c
0017ce58,0,pc_relative_add,0017cb14,0017cd10,0017cd10
0017ce6c,0,pc_relative_add,0017cb14,0017cd14,0017cd14
0017d5d0,0,pc_relative_add,0017d258,0017d45c,0017d45c
0017d5e4,0,pc_relative_add,0017d258,0017d460,0017d460
0017d5f8,0,pc_relative_add,0017d258,0017d4a4,0017d4a4
0017d60c,0,pc_relative_add,0017d258,0017d4a8,0017d4a8
0017d620,0,pc_relative_add,0017d258,0017d4ac,0017d4ac
0017e5b2,2,pc_relative_add,0017e3f8,0017e4e8,0017e4e8
0017e7ec,0,pc_relative_add,0017e5f8,0017e674,0017e674
0017e7f8,0,pc_relative_add,0017e5f8,0017e664,0017e664
0017e7f8,0,pc_relative_add,0017e5f8,0017e784,0017e784
0017e816,2,pc_relative_add,0017e5f8,0017e74c,0017e74c
0017e828,0,pc_relative_add,0017e5f8,0017e760,0017e760
0017ebf7,1,pc_relative_add,0017e8d8,0017e9a0,0017e9a0
0017ec08,0,pc_relative_add,0017e8d8,0017e9b8,0017e9b8
0017ec18,0,pc_relative_add,0017e8d8,0017e9dc,0017e9dc
0017ec28,0,pc_relative_add,0017e8d8,0017ea1c,0017ea1c
0017ec38,0,pc_relative_add,0017e8d8,0017ea34,0017ea34
0017ec44,0,pc_relative_add,0017e8d8,0017ea60,0017ea60
0017ec58,0,pc_relative_add,0017e8d8,0017ea9c,0017ea9c
0017ec68,0,pc_relative_add,0017e8d8,0017ead4,0017ead4
0017ec78,0,pc_relative_add,0017e8d8,0017eb0c,0017eb0c
0017eca4,0,pc_relative_add,0017e8d8,0017eb90,0017eb90
0017eefb,1,pc_relative_add,0017ee30,0017ee60,0017ee60
0017f827,1,pc_relative_add,0017f330,0017f47c,0017f47c
0017f83f,1,pc_relative_add,0017f330,0017f498,0017f498
0017f87c,0,pc_relative_add,0017f330,0017f550,0017f550
0017f8a4,0,pc_relative_add,0017f330,0017f684,0017f684
0017f8a4,0,pc_relative_add,0017f330,0017fb18,0017fb18
0017f8b4,0,pc_relative_add,0017f330,0017f694,0017f694
0017f8b4,0,pc_relative_add,0017f330,0017f6c4,0017f6c4
0017f8c8,0,pc_relative_add,0017f330,0017f6b0,0017f6b0
0017f8c8,0,pc_relative_add,0017f330,0017fb44,0017fb44
0017fee0,0,pc_relative_add,0017f330,0017fb28,0017fb28
0017fee0,0,pc_relative_add,0017f330,0017fb58,0017fb58
0017fefc,0,pc_relative_add,0017f330,0017fc08,0017fc08
0017ff24,0,pc_relative_add,0017f330,0017fda8,0017fda8
0017ff34,0,pc_relative_add,0017f330,0017fdbc,0017fdbc
0017ff48,0,pc_relative_add,0017f330,0017fdd8,0017fdd8
0017ff54,0,pc_relative_add,0017f330,0017fdec,0017fdec
0017ff68,0,pc_relative_add,0017f330,0017fe08,0017fe08
0017ff74,0,pc_relative_add,0017f330,0017fe1c,0017fe1c
0017ff88,0,pc_relative_add,0017f330,0017fe34,0017fe34
001801ff,1,pc_relative_add,00180164,001801b0,001801b0
001801ff,1,literal_pool,00180264,00180304,00180390
00180af7,1,pc_relative_add,00180620,00180758,00180758
00180b08,0,pc_relative_add,00180620,0018076c,0018076c
00180b18,0,pc_relative_add,00180620,00180780,00180780
00180b37,1,pc_relative_add,00180620,001807a0,001807a0
00180b48,0,pc_relative_add,00180620,001807b4,001807b4
00180b54,0,pc_relative_add,00180620,001807dc,001807dc
00180b60,0,pc_relative_add,00180620,001807f0,001807f0
00180b60,0,pc_relative_add,00180620,0018081c,0018081c
00180b74,0,pc_relative_add,00180620,00180808,00180808
00180b80,0,pc_relative_add,00180620,0018083c,0018083c
00180b90,0,pc_relative_add,00180620,00180850,00180850
00180b9c,0,pc_relative_add,00180620,001808a8,001808a8
00180ba8,0,pc_relative_add,00180620,00180910,00180910
00180bb4,0,pc_relative_add,00180620,0018094c,0018094c
00180bb4,0,pc_relative_add,00180620,00180a0c,00180a0c
00180bd4,0,pc_relative_add,00180620,001809d8,001809d8
00181077,1,pc_relative_add,00180e28,00180eec,00180eec
001810a0,0,pc_relative_add,00180e28,00180f4c,00180f4c
001810a8,0,pc_relative_add,00180e28,00180f84,00180f84
001810b4,0,pc_relative_add,00180e28,00180f9c,00180f9c
001810b4,0,pc_relative_add,00180e28,00180fcc,00180fcc
001810c8,0,pc_relative_add,00180e28,00180fb8,00180fb8
001810c8,0,pc_relative_add,00180e28,00181018,00181018
001810d4,0,pc_relative_add,00180e28,00180ffc,00180ffc
001810d4,0,pc_relative_add,00180e28,0018102c,0018102c
0018131f,1,pc_relative_add,00181148,00181180,00181180
00181334,0,pc_relative_add,00181148,00181194,00181194
00181344,0,pc_relative_add,00181148,001811a8,001811a8
0018135f,1,pc_relative_add,00181148,001811d4,001811d4
00181397,1,pc_relative_add,00181148,00181290,00181290
00181738,0,pc_relative_add,00181560,00181620,00181620
00181744,0,pc_relative_add,00181560,00181638,00181638
00181744,0,pc_relative_add,00181560,001816cc,001816cc
00181750,0,pc_relative_add,00181560,00181680,00181680
001819fc,0,pc_relative_add,00181868,00181894,00181894
00181a08,0,pc_relative_add,00181868,001818a8,001818a8
00181a10,0,pc_relative_add,00181868,001818d0,001818d0
00181a20,0,pc_relative_add,00181868,00181950,00181950
00181a30,0,pc_relative_add,00181868,00181994,00181994
00181cf0,0,pc_relative_add,00181b08,00181b38,00181b38
00181cfc,0,pc_relative_add,00181b08,00181b4c,00181b4c
00181d08,0,pc_relative_add,00181b08,00181b94,00181b94
00181d18,0,pc_relative_add,00181b08,00181bfc,00181bfc
00181d20,0,pc_relative_add,00181b08,00181c44,00181c44
00181d30,0,pc_relative_add,00181b08,00181c88,00181c88
0018233f,1,pc_relative_add,00182138,001822bc,001822bc
00182354,0,pc_relative_add,00182138,001822d8,001822d8
00182368,0,pc_relative_add,00182138,001822e8,001822e8
00182dbf,1,pc_relative_add,001829e8,00182aac,00182aac
00182dcc,0,pc_relative_add,001829e8,00182ac0,00182ac0
00182ddc,0,pc_relative_add,001829e8,00182af0,00182af0
00182dec,0,pc_relative_add,001829e8,00182b18,00182b18
00182e00,0,pc_relative_add,001829e8,00182b58,00182b58
00182e0c,0,pc_relative_add,001829e8,00182b6c,00182b6c
00182e2c,0,pc_relative_add,001829e8,00182bac,00182bac
00182e3c,0,pc_relative_add,001829e8,00182be0,00182be0
00182e68,0,pc_relative_add,001829e8,00182c5c,00182c5c
00182e70,0,pc_relative_add,001829e8,00182cdc,00182cdc
00183117,1,pc_relative_add,00182ec0,00182f70,00182f70
0018312c,0,pc_relative_add,00182ec0,00182f80,00182f80
00183138,0,pc_relative_add,00182ec0,00182fbc,00182fbc
00183148,0,pc_relative_add,00182ec0,00182ff8,00182ff8
00183158,0,pc_relative_add,00182ec0,00183024,00183024
00183180,0,pc_relative_add,00182ec0,001830b0,001830b0
001842ff,1,pc_relative_add,00184238,00184294,00184294
00184314,0,pc_relative_add,00184238,00184298,00184298
00184328,0,pc_relative_add,00184238,0018429c,0018429c
00184677,1,pc_relative_add,001845ec,00184618,00184618
001851ff,1,pc_relative_add,00184980,00184e50,00184e50
00185217,1,pc_relative_add,00184980,00184ea0,00184ea0
0018523f,1,pc_relative_add,00184980,00184f34,00184f34
00185250,0,pc_relative_add,00184980,00184f74,00184f74
00185250,0,pc_relative_add,00184980,00185104,00185104
00185250,0,pc_relative_add,00184980,001855c4,001855c4
00185260,0,pc_relative_add,00184980,00184ff8,00184ff8
00185270,0,pc_relative_add,00184980,0018503c,0018503c
00185298,0,pc_relative_add,00184980,00185100,00185100
00185298,0,pc_relative_add,00184980,001855c0,001855c0
001852a4,0,pc_relative_add,00184980,0018515c,0018515c
001852a4,0,pc_relative_add,00184980,0018561c,0018561c
001852b0,0,pc_relative_add,00184980,0018516c,0018516c
001852b0,0,pc_relative_add,00184980,0018519c,0018519c
001852c4,0,pc_relative_add,00184980,00185188,00185188
001852c4,0,pc_relative_add,00184980,00185648,00185648
001859c8,0,pc_relative_add,00184980,0018562c,0018562c
001859c8,0,pc_relative_add,00184980,0018565c,0018565c
001859e4,0,pc_relative_add,00184980,001856f4,001856f4
001859f0,0,pc_relative_add,00184980,00185728,00185728
00185ed0,0,pc_relative_add,00185cf4,00185da0,00185da0
00186798,0,pc_relative_add,00186620,00186738,00186738
001869a0,0,pc_relative_add,00186824,00186938,00186938
001878d4,0,pc_relative_add,00187700,001877f0,001877f0
00188fcf,1,pc_relative_add,00188bf8,00188c40,00188c40
00188fe7,1,pc_relative_add,00188bf8,00188cac,00188cac
00188ff8,0,pc_relative_add,00188bf8,00188cc0,00188cc0
00189008,0,pc_relative_add,00188bf8,00188d04,00188d04
00189014,0,pc_relative_add,00188bf8,00188d20,00188d20
00189014,0,pc_relative_add,00188bf8,00188de8,00188de8
00189020,0,pc_relative_add,00188bf8,00188d30,00188d30
00189020,0,pc_relative_add,00188bf8,00188d60,00188d60
00189030,0,pc_relative_add,00188bf8,00188d50,00188d50
00189030,0,pc_relative_add,00188bf8,00188e18,00188e18
0018903c,0,pc_relative_add,00188bf8,00188d9c,00188d9c
00189048,0,pc_relative_add,00188bf8,00188df8,00188df8
00189048,0,pc_relative_add,00188bf8,00188e28,00188e28
0018932c,0,pc_relative_add,00188bf8,001891e8,001891e8
0018932c,0,pc_relative_add,00188bf8,00189254,00189254
00189370,0,pc_relative_add,00188bf8,001892d8,001892d8
00189837,1,pc_relative_add,00189710,0018977c,0018977c
0018984c,0,pc_relative_add,00189710,00189784,00189784
00189860,0,pc_relative_add,00189710,00189788,00189788
0018a50a,2,pc_relative_add,0018a160,0018a1cc,0018a1cc
0018a820,0,pc_relative_add,0018a734,0018a76c,0018a76c
0018a82c,0,pc_relative_add,0018a734,0018a7a0,0018a7a0
0018a82c,0,pc_relative_add,0018a734,0018a7c8,0018a7c8
0018a83c,0,pc_relative_add,0018a734,0018a7f4,0018a7f4
0018ad04,0,pc_relative_add,0018aa90,0018aad4,0018aad4
0018ad28,0,pc_relative_add,0018aa90,0018ab7c,0018ab7c
0018ad28,0,pc_relative_add,0018aa90,0018abd8,0018abd8
0018ad38,0,pc_relative_add,0018aa90,0018abac,0018abac
0018ad70,0,pc_relative_add,0018ad60,0018ad64,0018ad64
0018adeb,1,pc_relative_add,0018ad7c,0018adb0,0018adb0
0018b0a4,0,pc_relative_add,0018aeac,0018af3c,0018af3c
0018b0a4,0,pc_relative_add,0018aeac,0018af80,0018af80
0018b0a4,0,pc_relative_add,0018aeac,0018afa8,0018afa8
0018b0a4,0,pc_relative_add,0018aeac,0018afec,0018afec
0018b0a4,0,pc_relative_add,0018aeac,0018b060,0018b060
0018b0b0,0,pc_relative_add,0018aeac,0018af50,0018af50
0018b0bc,0,pc_relative_add,0018aeac,0018afc8,0018afc8
0018b0c8,0,pc_relative_add,0018aeac,0018b00c,0018b00c
0018b1e8,0,pc_relative_add,0018b168,0018b184,0018b184
0018b1e8,0,pc_relative_add,0018b168,0018b19c,0018b19c
0018b358,0,pc_relative_add,0018b200,0018b240,0018b240
0018b390,0,pc_relative_add,0018b200,0018b304,0018b304
0018bdc7,1,pc_relative_add,0018b9d0,0018ba1c,0018ba1c
0018bdd4,0,pc_relative_add,0018b9d0,0018ba38,0018ba38
0018bde7,1,pc_relative_add,0018b9d0,0018ba74,0018ba74
0018bdf8,0,pc_relative_add,0018b9d0,0018ba98,0018ba98
0018be08,0,pc_relative_add,0018b9d0,0018bac8,0018bac8
0018be18,0,pc_relative_add,0018b9d0,0018bafc,0018bafc
0018be18,0,pc_relative_add,0018b9d0,0018bb0c,0018bb0c
0018be44,0,pc_relative_add,0018b9d0,0018bba4,0018bba4
0018be50,0,pc_relative_add,0018b9d0,0018bbf4,0018bbf4
0018bf70,0,pc_relative_add,0018b9d0,0018bec0,0018bec0
0018c59c,0,pc_relative_add,0018c52c,0018c540,0018c540
0018ca37,1,pc_relative_add,0018c9cc,0018c9dc,0018c9dc
0018d07f,1,pc_relative_add,0018cc38,0018cd80,0018cd80
0018d090,0,pc_relative_add,0018cc38,0018cdbc,0018cdbc
0018d0a0,0,pc_relative_add,0018cc38,0018cdd0,0018cdd0
0018d0b0,0,pc_relative_add,0018cc38,0018ce0c,0018ce0c
0018d0cf,1,pc_relative_add,0018cc38,0018ce5c,0018ce5c
0018d0e4,0,pc_relative_add,0018cc38,0018ce70,0018ce70
0018d0e4,0,pc_relative_add,0018cc38,0018ceb4,0018ceb4
0018d0f7,1,pc_relative_add,0018cc38,0018cea0,0018cea0
0018d108,0,pc_relative_add,0018cc38,0018cedc,0018cedc
0018d6ac,0,pc_relative_add,0018cc38,0018d548,0018d548
0018d6b8,0,pc_relative_add,0018cc38,0018d578,0018d578
0018d878,0,pc_relative_add,0018d6ec,0018d70c,0018d70c
0018d884,0,pc_relative_add,0018d6ec,0018d750,0018d750
0018d894,0,pc_relative_add,0018d6ec,0018d764,0018d764
0018d8a4,0,pc_relative_add,0018d6ec,0018d77c,0018d77c
0018d8b4,0,pc_relative_add,0018d6ec,0018d7b8,0018d7b8
0018d8c0,0,pc_relative_add,0018d6ec,0018d7cc,0018d7cc
0018d8d0,0,pc_relative_add,0018d6ec,0018d7e8,0018d7e8
0018d8dc,0,pc_relative_add,0018d6ec,0018d818,0018d818
0018d8ec,0,pc_relative_add,0018d6ec,0018d82c,0018d82c
0018d8fc,0,pc_relative_add,0018d6ec,0018d848,0018d848
0018dadc,0,pc_relative_add,0018d914,0018d964,0018d964
0018dae8,0,pc_relative_add,0018d914,0018d988,0018d988
0018daf8,0,pc_relative_add,0018d914,0018d99c,0018d99c
0018db08,0,pc_relative_add,0018d914,0018d9b4,0018d9b4
0018df5f,1,pc_relative_add,0018db18,0018dcd0,0018dcd0
0018df6c,0,pc_relative_add,0018db18,0018dd50,0018dd50
0018df78,0,pc_relative_add,0018db18,0018dd94,0018dd94
0018df84,0,pc_relative_add,0018db18,0018ddec,0018ddec
0018e9cf,1,pc_relative_add,0018e588,0018e64c,0018e64c
0018e9e4,0,pc_relative_add,0018e588,0018e65c,0018e65c
0018e9f0,0,pc_relative_add,0018e588,0018e68c,0018e68c
0018e9f0,0,pc_relative_add,0018e588,0018eb80,0018eb80
0018e9fc,0,pc_relative_add,0018e588,0018e6a0,0018e6a0
0018ea0c,0,pc_relative_add,0018e588,0018e6e0,0018e6e0
0018ea1c,0,pc_relative_add,0018e588,0018e710,0018e710
0018eca4,0,pc_relative_add,0018e588,0018eae0,0018eae0
0018ecb8,0,pc_relative_add,0018e588,0018eaf0,0018eaf0
0018ecc4,0,pc_relative_add,0018e588,0018eb20,0018eb20
0018ecd4,0,pc_relative_add,0018e588,0018eb54,0018eb54
0018ecf4,0,pc_relative_add,0018e588,0018ebdc,0018ebdc
0018ed04,0,pc_relative_add,0018e588,0018ec50,0018ec50
0018ee90,0,pc_relative_add,0018ee08,0018ee38,0018ee38
0018ee90,0,pc_relative_add,0018ee08,0018ee48,0018ee48
0018eeff,1,pc_relative_add,0018eea8,0018eec4,0018eec4
0018ef10,0,pc_relative_add,0018eea8,0018eed4,0018eed4
0018f15f,1,pc_relative_add,0018ef20,0018ef84,0018ef84
0018f15f,1,pc_relative_add,0018ef20,0018f044,0018f044
0018f15f,1,pc_relative_add,0018ef20,0018f0f0,0018f0f0
0018f16c,0,pc_relative_add,0018ef20,0018ef94,0018ef94
0018f178,0,pc_relative_add,0018ef20,0018f030,0018f030
0018f184,0,pc_relative_add,0018ef20,0018f058,0018f058
0018f197,1,pc_relative_add,0018ef20,0018f0dc,0018f0dc
0018f1a4,0,pc_relative_add,0018ef20,0018f104,0018f104
0018fa68,0,pc_relative_add,0018f628,0018f6f4,0018f6f4
0018fa7c,0,pc_relative_add,0018f628,0018f6f8,0018f6f8
0018fa97,1,pc_relative_add,0018f628,0018f714,0018f714
0018faac,0,pc_relative_add,0018f628,0018f728,0018f728
0018faac,0,pc_relative_add,0018f628,0018f868,0018f868
0018fabf,1,pc_relative_add,0018f628,0018f754,0018f754
0018fae4,0,pc_relative_add,0018f628,0018f79c,0018f79c
0018faf8,0,pc_relative_add,0018f628,0018f808,0018f808
0018fb04,0,pc_relative_add,0018f628,0018f838,0018f838
0018fb24,0,pc_relative_add,0018f628,0018f8c0,0018f8c0
0018fb24,0,pc_relative_add,0018f628,0018f950,0018f950
0018fb30,0,pc_relative_add,0018f628,0018f980,0018f980
0018fbb0,0,pc_relative_add,0018fb50,0018fb64,0018fb64
0019039c,0,pc_relative_add,0018ffd0,00190010,00190010
001903b0,0,pc_relative_add,0018ffd0,00190014,00190014
001903cf,1,pc_relative_add,0018ffd0,00190040,00190040
001903e4,0,pc_relative_add,0018ffd0,00190054,00190054
001903e4,0,pc_relative_add,0018ffd0,001900a4,001900a4
001903f7,1,pc_relative_add,0018ffd0,00190090,00190090
0019040f,1,pc_relative_add,0018ffd0,001900dc,001900dc
00190420,0,pc_relative_add,0018ffd0,001900ec,001900ec
00190438,0,pc_relative_add,0018ffd0,001901ec,001901ec
0019072c,0,pc_relative_add,0018ffd0,001905e4,001905e4
00190738,0,pc_relative_add,0018ffd0,00190614,00190614
001909af,1,pc_relative_add,0019093c,00190950,00190950
00190e3f,1,pc_relative_add,00190ac0,00190d54,00190d54
00190e54,0,pc_relative_add,00190ac0,00190d64,00190d64
0019134f,1,pc_relative_add,001912c8,00191324,00191324
00191467,1,pc_relative_add,00191368,00191388,00191388
0019194f,1,pc_relative_add,001914f0,00191634,00191634
0019195c,0,pc_relative_add,001914f0,00191664,00191664
0019196c,0,pc_relative_add,001914f0,00191690,00191690
0019197c,0,pc_relative_add,001914f0,001916c8,001916c8
00191988,0,pc_relative_add,001914f0,001916dc,001916dc
00191998,0,pc_relative_add,001914f0,001916f8,001916f8
00191998,0,pc_relative_add,001914f0,00191758,00191758
001919ac,0,pc_relative_add,001914f0,0019179c,0019179c
001919b8,0,pc_relative_add,001914f0,001917d4,001917d4
001919e4,0,pc_relative_add,001914f0,00191858,00191858
00191a00,0,pc_relative_add,001914f0,001918ac,001918ac
00191a10,0,pc_relative_add,001914f0,001918bc,001918bc
00191a1c,0,pc_relative_add,001914f0,001918dc,001918dc
00191a24,0,pc_relative_add,001914f0,001918fc,001918fc
00191e50,0,pc_relative_add,00191a98,00191aac,00191aac
00191e50,0,pc_relative_add,00191a98,00191afc,00191afc
00191e50,0,pc_relative_add,00191a98,00191f08,00191f08
00191e67,1,pc_relative_add,00191a98,00191b0c,00191b0c
00191e67,1,pc_relative_add,00191a98,00191f24,00191f24
00191e74,0,pc_relative_add,00191a98,00191b60,00191b60
00191e74,0,pc_relative_add,00191a98,00191f84,00191f84
00191e80,0,pc_relative_add,00191a98,00191b90,00191b90
00191e80,0,pc_relative_add,00191a98,00191fc0,00191fc0
001926d0,0,pc_relative_add,001925c8,001925e4,001925e4
001926e3,1,pc_relative_add,001925c8,0019262c,0019262c
00193538,0,pc_relative_add,00193180,00193218,00193218
00193a3f,1,pc_relative_add,00193180,00193710,00193710
00193a4c,0,pc_relative_add,00193180,00193724,00193724
00193a58,0,pc_relative_add,00193180,00193778,00193778
00193a8e,2,pc_relative_add,00193180,001938d0,001938d0
00193fd8,0,pc_relative_add,00193d10,00193d48,00193d48
00193fff,1,pc_relative_add,00193d10,00193e1c,00193e1c
0019400c,0,pc_relative_add,00193d10,00193e20,00193e20
00194018,0,pc_relative_add,00193d10,00193e34,00193e34
00194024,0,pc_relative_add,00193d10,00193e60,00193e60
00194030,0,pc_relative_add,00193d10,00193ea8,00193ea8
00194030,0,pc_relative_add,00193d10,00193f80,00193f80
00194048,0,pc_relative_add,00193d10,00193f24,00193f24
00194058,0,pc_relative_add,00193d10,00193fb8,00193fb8
001943f7,1,pc_relative_add,00194188,00194260,00194260
00194408,0,pc_relative_add,00194188,00194274,00194274
00194414,0,pc_relative_add,00194188,001942b0,001942b0
00194424,0,pc_relative_add,00194188,001942dc,001942dc
00194430,0,pc_relative_add,00194188,001942f0,001942f0
0019443c,0,pc_relative_add,00194188,0019431c,0019431c
00194464,0,pc_relative_add,00194188,00194394,00194394
001947f8,0,pc_relative_add,001946f4,00194730,00194730
00194e64,0,pc_relative_add,00194828,00194da4,00194da4
0019516f,1,pc_relative_add,00194e78,00194f44,00194f44
0019516f,1,pc_relative_add,00194e78,00194fe8,00194fe8
00195188,0,pc_relative_add,00194e78,00194fac,00194fac
001951b8,0,pc_relative_add,00194e78,0019508c,0019508c
0019540f,1,pc_relative_add,001952dc,00195350,00195350
00195424,0,pc_relative_add,001952dc,00195354,00195354
00195438,0,pc_relative_add,001952dc,00195358,00195358
001954e3,1,pc_relative_add,00195454,00195480,00195480
00195a23,1,pc_relative_add,00195994,001959c0,001959c0
001965ff,1,pc_relative_add,00195d18,00196258,00196258
001965ff,14,literal_pool,00248da4,00248da8,00248dc8
00196610,0,pc_relative_add,00195d18,00196274,00196274
0019661c,0,pc_relative_add,00195d18,001962b4,001962b4
00196647,1,pc_relative_add,00195d18,001963a0,001963a0
0019665c,0,pc_relative_add,00195d18,001963b0,001963b0
00196670,0,pc_relative_add,00195d18,00196408,00196408
00196670,0,pc_relative_add,00195d18,001965c4,001965c4
00196684,0,pc_relative_add,00195d18,00196460,00196460
00196684,0,pc_relative_add,00195d18,00196748,00196748
00196694,0,pc_relative_add,00195d18,00196490,00196490
00196694,0,pc_relative_add,00195d18,00196774,00196774
001966a4,0,pc_relative_add,00195d18,001964a0,001964a0
001966b8,0,pc_relative_add,00195d18,00196508,00196508
001966b8,0,pc_relative_add,00195d18,001967f0,001967f0
001966c4,0,pc_relative_add,00195d18,0019651c,0019651c
001966c4,0,pc_relative_add,00195d18,0019654c,0019654c
001966c4,0,pc_relative_add,00195d18,00196800,00196800
001966c4,0,pc_relative_add,00195d18,00196830,00196830
001966d8,0,pc_relative_add,00195d18,00196538,00196538
001966d8,0,pc_relative_add,00195d18,00196820,00196820
001966e4,0,pc_relative_add,00195d18,00196574,00196574
001966e4,0,pc_relative_add,00195d18,00196850,00196850
00196afc,0,pc_relative_add,00195d18,00196784,00196784
00196b30,0,pc_relative_add,00195d18,00196938,00196938
00196b30,0,pc_relative_add,00195d18,00196da0,00196da0
00196b38,0,pc_relative_add,00195d18,0019693c,0019693c
00196b38,0,pc_relative_add,00195d18,00196da4,00196da4
00196b44,0,pc_relative_add,00195d18,00196998,00196998
00196b44,0,pc_relative_add,00195d18,00196e00,00196e00
00196b50,0,pc_relative_add,00195d18,001969a8,001969a8
00196b50,0,pc_relative_add,00195d18,001969d8,001969d8
00196b64,0,pc_relative_add,00195d18,001969c4,001969c4
00196b64,0,pc_relative_add,00195d18,00196e2c,00196e2c
00197118,0,pc_relative_add,00195d18,00196e10,00196e10
00197118,0,pc_relative_add,00195d18,00196e40,00196e40
00197134,0,pc_relative_add,00195d18,00196ed4,00196ed4
00197140,0,pc_relative_add,00195d18,00196f08,00196f08
00197627,1,pc_relative_add,00197588,001975bc,001975bc
00197638,0,pc_relative_add,00197588,001975d4,001975d4
0019764c,0,pc_relative_add,00197588,001975e0,001975e0
00197658,0,pc_relative_add,00197588,001975f4,001975f4
0019766c,0,pc_relative_add,00197588,00197614,00197614
00197ba8,0,pc_relative_add,00197778,00197840,00197840
00197bc4,0,pc_relative_add,00197778,00197914,00197914
00197bc4,0,pc_relative_add,00197778,00197de8,00197de8
00197bdc,0,pc_relative_add,00197778,001979a0,001979a0
00197bdc,0,pc_relative_add,00197778,001979d0,001979d0
00197be8,0,pc_relative_add,00197778,001979b0,001979b0
00197c24,0,pc_relative_add,00197778,00197b34,00197b34
0019831f,1,pc_relative_add,00197e50,00197f4c,00197f4c
0019832c,0,pc_relative_add,00197e50,00197f60,00197f60
00198338,0,pc_relative_add,00197e50,00197fa8,00197fa8
00198344,0,pc_relative_add,00197e50,00197fd8,00197fd8
00198354,0,pc_relative_add,00197e50,00198004,00198004
00198360,0,pc_relative_add,00197e50,0019807c,0019807c
00198374,0,pc_relative_add,00197e50,001980cc,001980cc
00198380,0,pc_relative_add,00197e50,001980f8,001980f8
0019838c,0,pc_relative_add,00197e50,00198124,00198124
00198398,0,pc_relative_add,00197e50,00198150,00198150
001983a4,0,pc_relative_add,00197e50,0019817c,0019817c
001983b0,0,pc_relative_add,00197e50,001981a8,001981a8
001983bc,0,pc_relative_add,00197e50,001981d4,001981d4
001983c8,0,pc_relative_add,00197e50,00198200,00198200
001983d4,0,pc_relative_add,00197e50,0019822c,0019822c
001983e4,0,pc_relative_add,00197e50,001982c8,001982c8
001983e4,0,pc_relative_add,00197e50,00198534,00198534
0019865c,0,pc_relative_add,00197e50,00198410,00198410
00198668,0,pc_relative_add,00197e50,0019845c,0019845c
001986a4,0,pc_relative_add,00197e50,001985b0,001985b0
001986b0,0,pc_relative_add,00197e50,00198624,00198624
00198adf,1,pc_relative_add,001989ac,00198a48,00198a48
00198af4,0,pc_relative_add,001989ac,00198a4c,00198a4c
00198b08,0,pc_relative_add,001989ac,00198a50,00198a50
00198e5c,0,pc_relative_add,00198d78,00198d90,00198d90
00198e6e,2,pc_relative_add,00198d78,00198dd8,00198dd8
001994bf,1,pc_relative_add,001990c8,001991b0,001991b0
001994d8,0,pc_relative_add,001990c8,001991b4,001991b4
001994f0,0,pc_relative_add,001990c8,001991d4,001991d4
00199504,0,pc_relative_add,001990c8,001991e4,001991e4
00199518,0,pc_relative_add,001990c8,001991e8,001991e8
0019952c,0,pc_relative_add,001990c8,00199208,00199208
0019953c,0,pc_relative_add,001990c8,00199218,00199218
0019953c,0,pc_relative_add,001990c8,001996d0,001996d0
001999d0,0,pc_relative_add,001990c8,001995f4,001995f4
001999e4,0,pc_relative_add,001990c8,0019962c,0019962c
001999f0,0,pc_relative_add,001990c8,00199678,00199678
001999fc,0,pc_relative_add,001990c8,001996a4,001996a4
00199a18,0,pc_relative_add,001990c8,00199728,00199728
00199a18,0,pc_relative_add,001990c8,00199804,00199804
00199a28,0,pc_relative_add,001990c8,0019988c,0019988c
00199a34,0,pc_relative_add,001990c8,00199914,00199914
00199a40,0,pc_relative_add,001990c8,00199948,00199948
00199a4c,0,pc_relative_add,001990c8,0019995c,0019995c
00199a4c,0,pc_relative_add,001990c8,0019998c,0019998c
00199a64,0,pc_relative_add,001990c8,00199978,00199978
00199a70,0,pc_relative_add,001990c8,001999a8,001999a8
00199c60,0,pc_relative_add,001990c8,00199a80,00199a80
00199c60,0,pc_relative_add,001990c8,00199ab0,00199ab0
00199c74,0,pc_relative_add,001990c8,00199a9c,00199a9c
0019a827,1,pc_relative_add,0019a370,0019a470,0019a470
0019ba00,0,pc_relative_add,0019b5e4,0019b6b8,0019b6b8
0019ba10,0,pc_relative_add,0019b5e4,0019b6cc,0019b6cc
0019ba1c,0,pc_relative_add,0019b5e4,0019b720,0019b720
0019ba40,0,pc_relative_add,0019b5e4,0019b798,0019b798
0019c53f,1,pc_relative_add,0019c12c,0019c1a4,0019c1a4
0019c56c,0,pc_relative_add,0019c12c,0019c2d8,0019c2d8
0019c57c,0,pc_relative_add,0019c12c,0019c2e8,0019c2e8
0019c5a0,0,pc_relative_add,0019c12c,0019c348,0019c348
0019c8af,1,pc_relative_add,0019c758,0019c7c4,0019c7c4
0019c8bc,0,pc_relative_add,0019c758,0019c7d8,0019c7d8
0019c8cc,0,pc_relative_add,0019c758,0019c7ec,0019c7ec
0019c8e0,0,pc_relative_add,0019c758,0019c804,0019c804
0019ca9f,1,pc_relative_add,0019c910,0019c954,0019c954
0019cab0,0,pc_relative_add,0019c910,0019c964,0019c964
0019cabc,0,pc_relative_add,0019c910,0019c984,0019c984
0019cacc,0,pc_relative_add,0019c910,0019c998,0019c998
0019cacc,0,pc_relative_add,0019c910,0019ca28,0019ca28
0019cacc,0,pc_relative_add,0019c910,0019ca3c,0019ca3c
0019cadf,1,pc_relative_add,0019c910,0019c9d8,0019c9d8
0019d782,2,pc_relative_add,0019d6a8,0019d748,0019d748
001a098a,2,pc_relative_add,001a083c,001a0958,001a0958
001a1070,0,pc_relative_add,001a0d68,001a0f20,001a0f20
001a1088,0,pc_relative_add,001a0d68,001a0f80,001a0f80
001a1a40,0,pc_relative_add,001a1994,001a19ac,001a19ac
001a1a53,1,pc_relative_add,001a1994,001a1a04,001a1a04
001a237c,0,pc_relative_add,001a222c,001a2244,001a2244
001a2388,0,pc_relative_add,001a222c,001a226c,001a226c
001a239a,2,pc_relative_add,001a222c,001a22ac,001a22ac
001a23a8,0,pc_relative_add,001a222c,001a2338,001a2338
001a2927,1,pc_relative_add,001a23b8,001a2590,001a2590
001a293c,0,pc_relative_add,001a23b8,001a25a4,001a25a4
001a2948,0,pc_relative_add,001a23b8,001a25b8,001a25b8
001a2960,0,pc_relative_add,001a23b8,001a25ec,001a25ec
001a296c,0,pc_relative_add,001a23b8,001a2600,001a2600
001a297c,0,pc_relative_add,001a23b8,001a261c,001a261c
001a297c,0,pc_relative_add,001a23b8,001a264c,001a264c
001a297c,0,pc_relative_add,001a23b8,001a2680,001a2680
001a297c,0,pc_relative_add,001a23b8,001a286c,001a286c
001a2988,0,pc_relative_add,001a23b8,001a2638,001a2638
001a299f,1,pc_relative_add,001a23b8,001a266c,001a266c
001a29b0,0,pc_relative_add,001a23b8,001a26ac,001a26ac
001a29b0,0,pc_relative_add,001a23b8,001a2a60,001a2a60
001a29bc,0,pc_relative_add,001a23b8,001a26dc,001a26dc
001a29cc,0,pc_relative_add,001a23b8,001a2708,001a2708
001a29dc,0,pc_relative_add,001a23b8,001a2738,001a2738
001a29ec,0,pc_relative_add,001a23b8,001a2764,001a2764
001a2a1c,0,pc_relative_add,001a23b8,001a281c,001a281c
001a2a2f,1,pc_relative_add,001a23b8,001a2858,001a2858
001a2fc7,1,pc_relative_add,001a2f18,001a2fa4,001a2fa4
001a30fc,0,pc_relative_add,001a2ff4,001a3010,001a3010
001a3108,0,pc_relative_add,001a2ff4,001a3040,001a3040
001a3dcc,0,pc_relative_add,001a3808,001a3d98,001a3d98
001a4167,1,pc_relative_add,001a40b8,001a4100,001a4100
001a4167,1,literal_pool,001a4318,001a43a4,001a4420
001a4167,1,literal_pool,00221768,0022181c,002218a8
001a4180,0,pc_relative_add,001a40b8,001a4110,001a4110
001a4180,0,literal_pool,001a4318,001a43bc,001a4428
001a4180,0,literal_pool,00221768,00221834,002218b0
001a4190,0,pc_relative_add,001a40b8,001a4140,001a4140
001a4190,0,literal_pool,001a4318,001a43e8,001a442c
001a4190,0,literal_pool,00221768,00221864,002218b4
001a45f4,0,pc_relative_add,001a4548,001a4560,001a4560
001a4607,1,pc_relative_add,001a4548,001a45b8,001a45b8
001a5727,1,pc_relative_add,001a57b0,001a5400,001a5400
001a5738,0,pc_relative_add,001a57b0,001a5414,001a5414
001a5757,1,pc_relative_add,001a57b0,001a5454,001a5454
001a576c,0,pc_relative_add,001a57b0,001a5498,001a5498
001a577c,0,pc_relative_add,001a57b0,001a54ac,001a54ac
001a577c,0,pc_relative_add,001a57b0,001a597c,001a597c
001a578c,0,pc_relative_add,001a57b0,001a54e8,001a54e8
001a5d3c,0,pc_relative_add,001a57b0,001a598c,001a598c
001a5d48,0,pc_relative_add,001a57b0,001a59bc,001a59bc
001a5d58,0,pc_relative_add,001a57b0,001a59f0,001a59f0
001a5d6c,0,pc_relative_add,001a57b0,001a5a68,001a5a68
001a5d78,0,pc_relative_add,001a57b0,001a5ac0,001a5ac0
001a665f,1,pc_relative_add,001a6328,001a63d8,001a63d8
001a6674,0,pc_relative_add,001a6328,001a6410,001a6410
001a6684,0,pc_relative_add,001a6328,001a6424,001a6424
001a6698,0,pc_relative_add,001a6328,001a6448,001a6448
001a66a8,0,pc_relative_add,001a6328,001a645c,001a645c
001a66bc,0,pc_relative_add,001a6328,001a6474,001a6474
001a66bc,0,pc_relative_add,001a6328,001a64a4,001a64a4
001a66c8,0,pc_relative_add,001a6328,001a648c,001a648c
001a66f0,0,pc_relative_add,001a6328,001a6504,001a6504
001a66fc,0,pc_relative_add,001a6328,001a6574,001a6574
001a726c,0,pc_relative_add,001a7200,001a723c,001a723c
001a7a37,1,pc_relative_add,001a7390,001a78b0,001a78b0
001a7a44,0,pc_relative_add,001a7390,001a78c0,001a78c0
001a7a54,0,pc_relative_add,001a7390,001a78f0,001a78f0
001a8ab6,2,pc_relative_add,001a89a8,001a8a78,001a8a78
001a904f,1,pc_relative_add,001a8ca8,001a8d5c,001a8d5c
001a9067,1,pc_relative_add,001a8ca8,001a8d94,001a8d94
001a9078,0,pc_relative_add,001a8ca8,001a8db8,001a8db8
001a9687,1,pc_relative_add,001a8ca8,001a9364,001a9364
001a96ac,0,pc_relative_add,001a8ca8,001a93d8,001a93d8
001aa45b,1,pc_relative_add,001aa034,001aa17c,001aa17c
001aa470,0,pc_relative_add,001aa034,001aa190,001aa190
001aaec2,2,pc_relative_add,001aab8c,001aae0c,001aae0c
001ac01a,2,pc_relative_add,001abba4,001abf58,001abf58
001aced3,1,pc_relative_add,001acd7c,001acdf8,001acdf8
001acee8,0,pc_relative_add,001acd7c,001ace10,001ace10
001ad77f,1,pc_relative_add,001ad388,001ad3ac,001ad3ac
001ad78c,0,pc_relative_add,001ad388,001ad3c8,001ad3c8
001ad79c,0,pc_relative_add,001ad388,001ad3dc,001ad3dc
001ad7b7,1,pc_relative_add,001ad388,001ad408,001ad408
001ad7cf,1,pc_relative_add,001ad388,001ad434,001ad434
001ad7e0,0,pc_relative_add,001ad388,001ad45c,001ad45c
001ad7e0,0,pc_relative_add,001ad388,001ad484,001ad484
001ad82c,0,pc_relative_add,001ad388,001ad5b0,001ad5b0
001ad840,0,pc_relative_add,001ad388,001ad5d4,001ad5d4
001ad874,0,pc_relative_add,001ad388,001ad70c,001ad70c
001ad888,0,pc_relative_add,001ad388,001ad75c,001ad75c
001adf26,2,pc_relative_add,001adc00,001ade68,001ade68
001ae03b,1,pc_relative_add,001adf64,001adfa8,001adfa8
001ae03b,1,literal_pool,001ae1a8,001ae230,001ae2fc
001ae048,0,pc_relative_add,001adf64,001adfdc,001adfdc
001ae048,0,literal_pool,001ae1a8,001ae264,001ae300
001af080,0,pc_relative_add,001aef8c,001aefb0,001aefb0
001af08c,0,pc_relative_add,001aef8c,001aefd8,001aefd8
001af098,0,pc_relative_add,001aef8c,001af014,001af014
001af527,1,pc_relative_add,001af150,001af20c,001af20c
001af534,0,pc_relative_add,001af150,001af21c,001af21c
001af540,0,pc_relative_add,001af150,001af248,001af248
001af54c,0,pc_relative_add,001af150,001af288,001af288
001b0453,1,pc_relative_add,001b0220,001b0270,001b0270
001b0913,1,pc_relative_add,001b0824,001b08b8,001b08b8
001b0fc2,2,pc_relative_add,001b0e48,001b0f40,001b0f40
001b0fec,0,pc_relative_add,001b0e48,001b0f4c,001b0f4c
001b2f2b,1,pc_relative_add,001b2ea0,001b2eb4,001b2eb4
001b2f40,0,pc_relative_add,001b2ea0,001b2eb8,001b2eb8
001b2f54,0,pc_relative_add,001b2ea0,001b2ebc,001b2ebc
001b2f68,0,pc_relative_add,001b2ea0,001b2ecc,001b2ecc
001b2f7c,0,pc_relative_add,001b2ea0,001b2ed0,001b2ed0
001b4a67,1,pc_relative_add,001b45f0,001b4758,001b4758
001b4a78,0,pc_relative_add,001b45f0,001b4770,001b4770
001b4a88,0,pc_relative_add,001b45f0,001b4784,001b4784
001b4a9c,0,pc_relative_add,001b45f0,001b47a0,001b47a0
001b4aac,0,pc_relative_add,001b45f0,001b47bc,001b47bc
001b4abc,0,pc_relative_add,001b45f0,001b47d4,001b47d4
001b4acc,0,pc_relative_add,001b45f0,001b4810,001b4810
001b4fa4,0,pc_relative_add,001b45f0,001b4e74,001b4e74
001b5177,1,pc_relative_add,001b4fc8,001b4fd8,001b4fd8
001b59cb,1,pc_relative_add,001b5934,001b5960,001b5960
001b5ce0,0,pc_relative_add,001b5a90,001b5c8c,001b5c8c
001b5f30,0,pc_relative_add,001b5cf8,001b5ef0,001b5ef0
001b618f,1,pc_relative_add,001b5f48,001b5f7c,001b5f7c
001b61bc,0,pc_relative_add,001b5f48,001b5fdc,001b5fdc
001b61c8,0,pc_relative_add,001b5f48,001b6050,001b6050
001b6387,1,pc_relative_add,001b6298,001b6324,001b6324
001b6c53,1,pc_relative_add,001b6b3c,001b6b8c,001b6b8c
001b6dc4,0,pc_relative_add,001b6d08,001b6d68,001b6d68
001b703b,1,pc_relative_add,001b6f58,001b6fd8,001b6fd8
001b76a4,0,pc_relative_add,001b72c8,001b7644,001b7644
001b7b27,1,pc_relative_add,001b7948,001b79e8,001b79e8
001b7b3c,0,pc_relative_add,001b7948,001b79f8,001b79f8
001b7b48,0,pc_relative_add,001b7948,001b7a24,001b7a24
001b7b58,0,pc_relative_add,001b7948,001b7a50,001b7a50
001b7b84,0,pc_relative_add,001b7948,001b7ac8,001b7ac8
001b7e27,1,pc_relative_add,001b7b90,001b7c38,001b7c38
001b7e38,0,pc_relative_add,001b7b90,001b7c4c,001b7c4c
001b7e44,0,pc_relative_add,001b7b90,001b7c78,001b7c78
001b7e54,0,pc_relative_add,001b7b90,001b7ca4,001b7ca4
001b7e64,0,pc_relative_add,001b7b90,001b7cd0,001b7cd0
001b7e74,0,pc_relative_add,001b7b90,001b7cfc,001b7cfc
001b7e84,0,pc_relative_add,001b7b90,001b7d28,001b7d28
001b7e94,0,pc_relative_add,001b7b90,001b7d54,001b7d54
001b7ec0,0,pc_relative_add,001b7b90,001b7dcc,001b7dcc
001b7fa8,0,pc_relative_add,001b7f10,001b7f30,001b7f30
001b7fb8,0,pc_relative_add,001b7f10,001b7f54,001b7f54
001b7fc8,0,pc_relative_add,001b7f10,001b7f7c,001b7f7c
001b8bd0,0,pc_relative_add,001b8c40,001b88e8,001b88e8
001b8bef,1,pc_relative_add,001b8c40,001b8908,001b8908
001b8c00,0,pc_relative_add,001b8c40,001b8924,001b8924
001b8c10,0,pc_relative_add,001b8c40,001b8934,001b8934
001b8c20,0,pc_relative_add,001b8c40,001b8974,001b8974
001b94bf,1,pc_relative_add,001b9394,001b9418,001b9418
001ba223,1,pc_relative_add,001b9d10,001b9e94,001b9e94
001ba24c,0,pc_relative_add,001b9d10,001b9f38,001b9f38
001ba25c,0,pc_relative_add,001b9d10,001b9f4c,001b9f4c
001ba26c,0,pc_relative_add,001b9d10,001b9f60,001b9f60
001ba284,0,pc_relative_add,001b9d10,001b9f84,001b9f84
001ba294,0,pc_relative_add,001b9d10,001b9fa4,001b9fa4
001ba2a0,0,pc_relative_add,001b9d10,001b9fb8,001b9fb8
001ba2b8,0,pc_relative_add,001b9d10,001b9fd4,001b9fd4
001ba2c4,0,pc_relative_add,001b9d10,001b9fe8,001b9fe8
001ba30f,1,pc_relative_add,001b9d10,001ba184,001ba184
001ba328,0,pc_relative_add,001b9d10,001ba194,001ba194
001ba9a8,0,pc_relative_add,001b9d10,001ba604,001ba604
001bafaf,1,pc_relative_add,001baaf0,001babd8,001babd8
001bafaf,21,pc_relative_add,001baaf0,001bb184,001bb184
001bafaf,21,pc_relative_add,001baaf0,001bb1b0,001bb1b0
001bafcc,0,pc_relative_add,001baaf0,001babe8,001babe8
001bafd8,0,pc_relative_add,001baaf0,001bac28,001bac28
001bafd8,0,pc_relative_add,001baaf0,001bad64,001bad64
001bafe8,0,pc_relative_add,001baaf0,001bac78,001bac78
001bafe8,0,pc_relative_add,001baaf0,001bad98,001bad98
001baff7,1,pc_relative_add,001baaf0,001baccc,001baccc
001bb004,0,pc_relative_add,001baaf0,001bace0,001bace0
001bb018,0,pc_relative_add,001baaf0,001bad04,001bad04
001bb018,0,pc_relative_add,001baaf0,001bad30,001bad30
001bb024,0,pc_relative_add,001baaf0,001badcc,001badcc
001bb024,0,pc_relative_add,001baaf0,001bae8c,001bae8c
001bb024,0,pc_relative_add,001baaf0,001baebc,001baebc
001bb024,0,pc_relative_add,001baaf0,001bb3ec,001bb3ec
001bb030,0,pc_relative_add,001baaf0,001badf8,001badf8
001bb030,0,pc_relative_add,001baaf0,001baf08,001baf08
001bb030,0,pc_relative_add,001baaf0,001baf6c,001baf6c
001bb030,0,pc_relative_add,001baaf0,001bb0e0,001bb0e0
001bb030,0,pc_relative_add,001baaf0,001bb418,001bb418
001bb07c,0,pc_relative_add,001baaf0,001bae5c,001bae5c
001bb07c,0,pc_relative_add,001baaf0,001bb3c0,001bb3c0
001bb07c,0,pc_relative_add,001baaf0,001bb470,001bb470
001bb088,0,pc_relative_add,001baaf0,001baf1c,001baf1c
001bb088,0,pc_relative_add,001baaf0,001baf4c,001baf4c
001bb09c,0,pc_relative_add,001baaf0,001baf38,001baf38
001bb09c,0,pc_relative_add,001baaf0,001bb0b4,001bb0b4
001bb09c,0,pc_relative_add,001baaf0,001bb444,001bb444
001bb4fc,0,pc_relative_add,001baaf0,001bb114,001bb114
001bb4fc,0,pc_relative_add,001baaf0,001bb144,001bb144
001bb4fc,0,pc_relative_add,001baaf0,001bb5ac,001bb5ac
001bb508,0,pc_relative_add,001baaf0,001bb174,001bb174
001bb508,0,pc_relative_add,001baaf0,001bb1cc,001bb1cc
001bb508,0,pc_relative_add,001baaf0,001bb360,001bb360
001bb508,0,pc_relative_add,001baaf0,001bb5ec,001bb5ec
001bb514,0,pc_relative_add,001baaf0,001bb1a0,001bb1a0
001bb514,0,pc_relative_add,001baaf0,001bb1f8,001bb1f8
001bb514,0,pc_relative_add,001baaf0,001bb390,001bb390
001bb514,0,pc_relative_add,001baaf0,001bb61c,001bb61c
001bb520,0,pc_relative_add,001baaf0,001bb2cc,001bb2cc
001bb520,0,pc_relative_add,001baaf0,001bb658,001bb658
001bb520,0,pc_relative_add,001baaf0,001bb6b0,001bb6b0
001bb52c,0,pc_relative_add,001baaf0,001bb2e0,001bb2e0
001bb52c,0,pc_relative_add,001baaf0,001bb30c,001bb30c
001bb540,0,pc_relative_add,001baaf0,001bb2f8,001bb2f8
001bb540,0,pc_relative_add,001baaf0,001bb684,001bb684
001bb540,0,pc_relative_add,001baaf0,001bb6dc,001bb6dc
001bb54c,0,pc_relative_add,001baaf0,001bb374,001bb374
001bb54c,0,pc_relative_add,001baaf0,001bb3a4,001bb3a4
001bb564,0,pc_relative_add,001baaf0,001bb49c,001bb49c
001bb570,0,pc_relative_add,001baaf0,001bb4c8,001bb4c8
001bb7b4,0,pc_relative_add,001baaf0,001bb580,001bb580
001bb7c0,0,pc_relative_add,001baaf0,001bb600,001bb600
001bb7c0,0,pc_relative_add,001baaf0,001bb630,001bb630
001bb7d4,0,pc_relative_add,001baaf0,001bb708,001bb708
001bb7fc,0,pc_relative_add,001baaf0,001bb768,001bb768
001bb9ec,0,pc_relative_add,001bb950,001bb990,001bb990
001bba00,0,pc_relative_add,001bb950,001bb9bc,001bb9bc
001bba14,0,pc_relative_add,001bb950,001bb9d4,001bb9d4
001bbe6f,1,pc_relative_add,001bbb78,001bbd28,001bbd28
001bbe6f,1,pc_relative_add,001bbb78,001bbdc0,001bbdc0
001bbe6f,1,pc_relative_add,001bbb78,001bbe34,001bbe34
001bbe84,0,pc_relative_add,001bbb78,001bbdbc,001bbdbc
001bc35c,0,pc_relative_add,001bc1b4,001bc2a8,001bc2a8
001bc35c,0,pc_relative_add,001bc1b4,001bc2f8,001bc2f8
001bd128,0,pc_relative_add,001bcc50,001bcf04,001bcf04
001bd13c,0,pc_relative_add,001bcc50,001bcf08,001bcf08
001bd13c,0,pc_relative_add,001bcc50,001bcf24,001bcf24
001bd150,0,pc_relative_add,001bcc50,001bcf20,001bcf20
001bd184,0,pc_relative_add,001bcc50,001bcf54,001bcf54
001bd194,0,pc_relative_add,001bcc50,001bcf58,001bcf58
001bd1af,1,pc_relative_add,001bcc50,001bcf64,001bcf64
001bd1cc,0,pc_relative_add,001bcc50,001bd00c,001bd00c
001bd1f0,0,pc_relative_add,001bcc50,001bd074,001bd074
001bd3a4,0,pc_relative_add,001bd2c4,001bd30c,001bd30c
001bd48c,0,pc_relative_add,001bd3c8,001bd3ec,001bd3ec
001bd618,0,pc_relative_add,001bd4f0,001bd514,001bd514
001bd768,0,pc_relative_add,001bd72c,001bd748,001bd748
001bd9c7,1,pc_relative_add,001bd770,001bd808,001bd808
001bd9e4,0,pc_relative_add,001bd770,001bd838,001bd838
001bd9f4,0,pc_relative_add,001bd770,001bd850,001bd850
001bda04,0,pc_relative_add,001bd770,001bd864,001bd864
001bda34,0,pc_relative_add,001bd770,001bd8c8,001bd8c8
001be7c8,0,pc_relative_add,001be220,001be5a8,001be5a8
001be7dc,0,pc_relative_add,001be220,001be5ac,001be5ac
001be7dc,0,pc_relative_add,001be220,001be5c8,001be5c8
001be7f0,0,pc_relative_add,001be220,001be5c4,001be5c4
001be80f,1,pc_relative_add,001be220,001be5e8,001be5e8
001be820,0,pc_relative_add,001be220,001be610,001be610
001be838,0,pc_relative_add,001be220,001be680,001be680
001beaa8,0,pc_relative_add,001be858,001be8d4,001be8d4
001beac0,0,pc_relative_add,001be858,001be95c,001be95c
001bf3a4,0,pc_relative_add,001bef90,001bf07c,001bf07c
001bf3c4,0,pc_relative_add,001bef90,001bf330,001bf330
001bfb10,0,pc_relative_add,001bf5f0,001bf8f0,001bf8f0
001bfb24,0,pc_relative_add,001bf5f0,001bf8f4,001bf8f4
001bfb24,0,pc_relative_add,001bf5f0,001bf910,001bf910
001bfb3c,0,pc_relative_add,001bf5f0,001bf90c,001bf90c
001bfb57,1,pc_relative_add,001bf5f0,001bf930,001bf930
001bfb68,0,pc_relative_add,001bf5f0,001bf944,001bf944
001bfb78,0,pc_relative_add,001bf5f0,001bf978,001bf978
001bfc0c,0,pc_relative_add,001bfbac,001bfbc8,001bfbc8
001c0a27,1,pc_relative_add,001c07e8,001c0874,001c0874
001c0a3c,0,pc_relative_add,001c07e8,001c089c,001c089c
001c0a44,0,pc_relative_add,001c07e8,001c08c4,001c08c4
001c19eb,1,pc_relative_add,001c18b0,001c1908,001c1908
001c19fc,0,pc_relative_add,001c18b0,001c1950,001c1950
001c1a08,0,pc_relative_add,001c18b0,001c1984,001c1984
001c20b7,1,pc_relative_add,001c1ce8,001c1cf8,001c1cf8
001c20d7,1,pc_relative_add,001c1ce8,001c1d30,001c1d30
001c210f,1,pc_relative_add,001c1ce8,001c1de4,001c1de4
001c210f,1,literal_pool,001c1ce8,001c25e8,001c2990
001c210f,13,pc_relative_add,001c1ce8,001c1fcc,001c1fcc
001c2120,0,pc_relative_add,001c1ce8,001c1dfc,001c1dfc
001c2130,0,pc_relative_add,001c1ce8,001c1e10,001c1e10
001c2130,0,pc_relative_add,001c1ce8,001c1e40,001c1e40
001c2148,0,pc_relative_add,001c1ce8,001c1e2c,001c1e2c
001c2158,0,pc_relative_add,001c1ce8,001c1ea4,001c1ea4
001c216f,1,pc_relative_add,001c1ce8,001c1ed8,001c1ed8
001c2190,0,pc_relative_add,001c1ce8,001c2018,001c2018
001c2190,0,pc_relative_add,001c1ce8,001c2220,001c2220
001c21a0,0,pc_relative_add,001c1ce8,001c202c,001c202c
001c21b0,0,pc_relative_add,001c1ce8,001c2048,001c2048
001c21bc,0,pc_relative_add,001c1ce8,001c2080,001c2080
001c21c8,0,pc_relative_add,001c1ce8,001c2094,001c2094
001c2514,0,pc_relative_add,001c1ce8,001c21e0,001c21e0
001c2520,0,pc_relative_add,001c1ce8,001c2248,001c2248
001c252c,0,pc_relative_add,001c1ce8,001c2280,001c2280
001c2540,0,pc_relative_add,001c1ce8,001c2348,001c2348
001c2540,0,pc_relative_add,001c1ce8,001c2420,001c2420
001c254c,0,pc_relative_add,001c1ce8,001c235c,001c235c
001c254c,20,pc_relative_add,001c1ce8,001c2394,001c2394
001c2564,0,pc_relative_add,001c1ce8,001c2384,001c2384
001c2564,0,pc_relative_add,001c1ce8,001c23b0,001c23b0
001c2564,0,pc_relative_add,001c1ce8,001c24e8,001c24e8
001c2570,0,pc_relative_add,001c1ce8,001c23dc,001c23dc
001c257c,0,pc_relative_add,001c1ce8,001c23f8,001c23f8
001c2594,0,pc_relative_add,001c1ce8,001c2434,001c2434
001c25ac,0,pc_relative_add,001c1ce8,001c24fc,001c24fc
001c2978,0,pc_relative_add,001c1ce8,001c25d0,001c25d0
001c2994,0,pc_relative_add,001c1ce8,001c2684,001c2684
001c2994,0,pc_relative_add,001c1ce8,001c26bc,001c26bc
001c29a0,0,pc_relative_add,001c1ce8,001c272c,001c272c
001c29a0,0,pc_relative_add,001c1ce8,001c2760,001c2760
001c29d7,1,pc_relative_add,001c1ce8,001c2854,001c2854
001c2fbe,2,pc_relative_add,001c2c94,001c2ef4,001c2ef4
001c3724,0,pc_relative_add,001c35c0,001c35c8,001c35c8
001c3b1f,1,pc_relative_add,001c38a8,001c3964,001c3964
001c3b34,0,pc_relative_add,001c38a8,001c3978,001c3978
001c3b40,0,pc_relative_add,001c38a8,001c39a8,001c39a8
001c3b50,0,pc_relative_add,001c38a8,001c39dc,001c39dc
001c3b64,0,pc_relative_add,001c38a8,001c3a1c,001c3a1c
001c3b70,0,pc_relative_add,001c38a8,001c3a30,001c3a30
001c3b70,0,pc_relative_add,001c38a8,001c3a60,001c3a60
001c3b88,0,pc_relative_add,001c38a8,001c3a4c,001c3a4c
001c3bb0,0,pc_relative_add,001c38a8,001c3ac8,001c3ac8
001c3f33,1,pc_relative_add,001c3ea4,001c3ed0,001c3ed0
001c47d6,2,pc_relative_add,001c4418,001c4478,001c4478
001c523f,1,pc_relative_add,001c4d80,001c4ea4,001c4ea4
001c5254,0,pc_relative_add,001c4d80,001c4eb8,001c4eb8
001c5264,0,pc_relative_add,001c4d80,001c4ecc,001c4ecc
001c5274,0,pc_relative_add,001c4d80,001c4eec,001c4eec
001c529c,0,pc_relative_add,001c4d80,001c4f2c,001c4f2c
001c52ac,0,pc_relative_add,001c4d80,001c4f40,001c4f40
001c52ac,0,pc_relative_add,001c4d80,001c50cc,001c50cc
001c52b8,0,pc_relative_add,001c4d80,001c4f64,001c4f64
001c52c4,0,pc_relative_add,001c4d80,001c4fa4,001c4fa4
001c52d4,0,pc_relative_add,001c4d80,001c4ff0,001c4ff0
001c54a0,0,pc_relative_add,001c53c4,001c53f8,001c53f8
001c5590,0,pc_relative_add,001c54cc,001c54f0,001c54f0
001c56bc,0,pc_relative_add,001c55f0,001c5614,001c5614
001c57f8,0,pc_relative_add,001c57b8,001c57d4,001c57d4
001c58d8,0,pc_relative_add,001c5800,001c5830,001c5830
001c59c8,0,pc_relative_add,001c5904,001c5928,001c5928
001c5bb8,0,pc_relative_add,001c5aec,001c5b10,001c5b10
001c5cf0,0,pc_relative_add,001c5cb4,001c5cd0,001c5cd0
001c5ff7,1,pc_relative_add,001c5cf8,001c5da0,001c5da0
001c600c,0,pc_relative_add,001c5cf8,001c5dd0,001c5dd0
001c6018,0,pc_relative_add,001c5cf8,001c5dec,001c5dec
001c6028,0,pc_relative_add,001c5cf8,001c5df8,001c5df8
001c6028,0,pc_relative_add,001c5cf8,001c5e5c,001c5e5c
001c6038,0,pc_relative_add,001c5cf8,001c5e0c,001c5e0c
001c604c,0,pc_relative_add,001c5cf8,001c5e24,001c5e24
001c604c,0,pc_relative_add,001c5cf8,001c5e8c,001c5e8c
001c605c,0,pc_relative_add,001c5cf8,001c5e38,001c5e38
001c6070,0,pc_relative_add,001c5cf8,001c5e50,001c5e50
001c6080,0,pc_relative_add,001c5cf8,001c5e70,001c5e70
001c6094,0,pc_relative_add,001c5cf8,001c5ea0,001c5ea0
001c61e4,0,pc_relative_add,001c6128,001c6140,001c6140
001c61f0,0,pc_relative_add,001c6128,001c6164,001c6164
001c6af7,1,pc_relative_add,001c66a0,001c679c,001c679c
001c6b08,0,pc_relative_add,001c66a0,001c67ac,001c67ac
001c6b14,0,pc_relative_add,001c66a0,001c67c0,001c67c0
001c6b28,0,pc_relative_add,001c66a0,001c67e0,001c67e0
001c6b28,0,pc_relative_add,001c66a0,001c6a3c,001c6a3c
001c6b34,0,pc_relative_add,001c66a0,001c6804,001c6804
001c6b34,0,pc_relative_add,001c66a0,001c6868,001c6868
001c6b34,0,pc_relative_add,001c66a0,001c6a68,001c6a68
001c6b34,0,pc_relative_add,001c66a0,001c6a94,001c6a94
001c6b44,0,pc_relative_add,001c66a0,001c683c,001c683c
001c6e10,0,pc_relative_add,001c66a0,001c6bc4,001c6bc4
001c6f2c,0,pc_relative_add,001c6e18,001c6e88,001c6e88
001c7bbc,0,pc_relative_add,001c7890,001c7ae0,001c7ae0
001c7f38,0,pc_relative_add,001c7c00,001c7e48,001c7e48
001c84fc,0,pc_relative_add,001c83e8,001c8458,001c8458
001c8564,0,pc_relative_add,001c8518,001c8538,001c8538
001c8964,0,pc_relative_add,001c87e0,001c8878,001c8878
001c8c36,2,pc_relative_add,001c8b6c,001c8c00,001c8c00
001c97ef,1,pc_relative_add,001c9528,001c959c,001c959c
001c9818,0,pc_relative_add,001c9528,001c95fc,001c95fc
001c9824,0,pc_relative_add,001c9528,001c9668,001c9668
001c9a6b,1,pc_relative_add,001c9890,001c991c,001c991c
001c9a84,0,pc_relative_add,001c9890,001c99e0,001c99e0
001c9ebc,0,pc_relative_add,001c9ce8,001c9e20,001c9e20
001c9ec8,0,pc_relative_add,001c9ce8,001c9e34,001c9e34
001c9ec8,0,pc_relative_add,001c9ce8,001c9e64,001c9e64
001c9edc,0,pc_relative_add,001c9ce8,001c9e50,001c9e50
001ca20f,1,pc_relative_add,001c9ee8,001c9f98,001c9f98
001ca240,0,pc_relative_add,001c9ee8,001ca07c,001ca07c
001ca250,0,pc_relative_add,001c9ee8,001ca0d4,001ca0d4
001ca25c,0,pc_relative_add,001c9ee8,001ca0e8,001ca0e8
001ca25c,0,pc_relative_add,001c9ee8,001ca118,001ca118
001ca270,0,pc_relative_add,001c9ee8,001ca104,001ca104
001ca87f,1,pc_relative_add,001ca610,001ca6c0,001ca6c0
001ca8a8,0,pc_relative_add,001ca610,001ca720,001ca720
001ca8b4,0,pc_relative_add,001ca610,001ca794,001ca794
001cb7bb,1,pc_relative_add,001cb72c,001cb758,001cb758
001cbc6f,1,pc_relative_add,001cb8a0,001cb8c0,001cb8c0
001cbc88,0,pc_relative_add,001cb8a0,001cb930,001cb930
001cbc98,0,pc_relative_add,001cb8a0,001cb940,001cb940
001cbca8,0,pc_relative_add,001cb8a0,001cb97c,001cb97c
001cbca8,0,pc_relative_add,001cb8a0,001cbac0,001cbac0
001cbca8,0,pc_relative_add,001cb8a0,001cbf64,001cbf64
001cbcfc,0,pc_relative_add,001cb8a0,001cbabc,001cbabc
001cbcfc,0,pc_relative_add,001cb8a0,001cbf60,001cbf60
001cbd08,0,pc_relative_add,001cb8a0,001cbb1c,001cbb1c
001cbd08,0,pc_relative_add,001cb8a0,001cbfc0,001cbfc0
001cbd14,0,pc_relative_add,001cb8a0,001cbb2c,001cbb2c
001cbd14,0,pc_relative_add,001cb8a0,001cbb5c,001cbb5c
001cbd28,0,pc_relative_add,001cb8a0,001cbb48,001cbb48
001cbd28,0,pc_relative_add,001cb8a0,001cbfec,001cbfec
001cc340,0,pc_relative_add,001cb8a0,001cbfd0,001cbfd0
001cc340,0,pc_relative_add,001cb8a0,001cc000,001cc000
001cc374,0,pc_relative_add,001cb8a0,001cc120,001cc120
001cc380,0,pc_relative_add,001cb8a0,001cc150,001cc150
001ce1e7,1,pc_relative_add,001cddf0,001cdeb0,001cdeb0
001ce22c,0,pc_relative_add,001cddf0,001cdfa0,001cdfa0
001ce238,0,pc_relative_add,001cddf0,001ce010,001ce010
001ce837,1,pc_relative_add,001ce5f0,001ce678,001ce678
001ce860,0,pc_relative_add,001ce5f0,001ce6d8,001ce6d8
001ce86c,0,pc_relative_add,001ce5f0,001ce74c,001ce74c
001cee27,1,pc_relative_add,001cebe0,001cec68,001cec68
001cee50,0,pc_relative_add,001cebe0,001cecc8,001cecc8
001cee5c,0,pc_relative_add,001cebe0,001ced3c,001ced3c
001cf1a7,1,pc_relative_add,001cef60,001cf00c,001cf00c
001cf1bc,0,pc_relative_add,001cef60,001cf01c,001cf01c
001cf1c8,0,pc_relative_add,001cef60,001cf058,001cf058
001cf1d8,0,pc_relative_add,001cef60,001cf094,001cf094
001cf1e8,0,pc_relative_add,001cef60,001cf0c0,001cf0c0
001cf210,0,pc_relative_add,001cef60,001cf14c,001cf14c
001d09a4,0,pc_relative_add,001d08cc,001d0900,001d0900
001d0aa8,0,pc_relative_add,001d09cc,001d09fc,001d09fc
001d0e67,1,pc_relative_add,001d0c08,001d0d9c,001d0d9c
001d10bf,1,pc_relative_add,001d0e90,001d0eb0,001d0eb0
001d10cc,0,pc_relative_add,001d0e90,001d0ecc,001d0ecc
001d10d8,0,pc_relative_add,001d0e90,001d0f04,001d0f04
001d10e4,0,pc_relative_add,001d0e90,001d0f40,001d0f40
001d10f0,0,pc_relative_add,001d0e90,001d0f7c,001d0f7c
001d10fc,0,pc_relative_add,001d0e90,001d0fc4,001d0fc4
001d10fc,0,pc_relative_add,001d0e90,001d107c,001d107c
001d110c,0,pc_relative_add,001d0e90,001d0fd8,001d0fd8
001d1124,0,pc_relative_add,001d0e90,001d1004,001d1004
001d1134,0,pc_relative_add,001d0e90,001d1018,001d1018
001d1148,0,pc_relative_add,001d0e90,001d1034,001d1034
001d1154,0,pc_relative_add,001d0e90,001d1090,001d1090
001d12ff,1,pc_relative_add,001d11b8,001d11e0,001d11e0
001d130c,0,pc_relative_add,001d11b8,001d11f0,001d11f0
001d1320,0,pc_relative_add,001d11b8,001d1234,001d1234
001d132c,0,pc_relative_add,001d11b8,001d1248,001d1248
001d1348,0,pc_relative_add,001d11b8,001d1288,001d1288
001d1358,0,pc_relative_add,001d11b8,001d12bc,001d12bc
001d1580,0,pc_relative_add,001d13c8,001d14f8,001d14f8
001d15bf,1,pc_relative_add,001d13c8,001d1508,001d1508
001d178f,1,pc_relative_add,001d1704,001d1734,001d1734
001d1b1f,1,pc_relative_add,001d1a94,001d1ab8,001d1ab8
001d237a,2,pc_relative_add,001d2298,001d2310,001d2310
001d23b7,1,pc_relative_add,001d2298,001d2320,001d2320
001d281a,2,pc_relative_add,001d265c,001d26f4,001d26f4
001d2854,0,pc_relative_add,001d265c,001d2700,001d2700
001d2870,0,pc_relative_add,001d265c,001d276c,001d276c
001d2888,0,pc_relative_add,001d265c,001d2770,001d2770
001d28a0,0,pc_relative_add,001d265c,001d2774,001d2774
001d2a44,0,pc_relative_add,001d28c0,001d29cc,001d29cc
001d2f5f,1,pc_relative_add,001d2bc8,001d2c58,001d2c58
001d2f70,0,pc_relative_add,001d2bc8,001d2c6c,001d2c6c
001d2f7c,0,pc_relative_add,001d2bc8,001d2c80,001d2c80
001d2f90,0,pc_relative_add,001d2bc8,001d2ce8,001d2ce8
001d2f90,0,literal_pool,001d2bc8,001d34ec,001d37b4
001d2f90,0,literal_pool,001d2bc8,001d3520,001d37b4
001d2fa0,0,pc_relative_add,001d2bc8,001d2cfc,001d2cfc
001d2fb0,0,pc_relative_add,001d2bc8,001d2d18,001d2d18
001d2fc0,0,pc_relative_add,001d2bc8,001d2d2c,001d2d2c
001d2fd0,0,pc_relative_add,001d2bc8,001d2d50,001d2d50
001d2fd0,0,pc_relative_add,001d2bc8,001d31bc,001d31bc
001d2fd0,0,pc_relative_add,001d2bc8,001d336c,001d336c
001d2fd0,0,literal_pool,001d2bc8,001d3aec,001d3c0c
001d2fe0,0,pc_relative_add,001d2bc8,001d2d64,001d2d64
001d2fe0,0,pc_relative_add,001d2bc8,001d2ec4,001d2ec4
001d2fe0,0,pc_relative_add,001d2bc8,001d2f00,001d2f00
001d2fe0,0,literal_pool,001d2bc8,001d3980,001d3bc0
001d2ff0,0,pc_relative_add,001d2bc8,001d2d90,001d2d90
001d2ff0,0,pc_relative_add,001d2bc8,001d3158,001d3158
001d2ff0,0,pc_relative_add,001d2bc8,001d3238,001d3238
001d2ff0,0,pc_relative_add,001d2bc8,001d32e4,001d32e4
001d2ffc,0,pc_relative_add,001d2bc8,001d2dbc,001d2dbc
001d2ffc,0,pc_relative_add,001d2bc8,001d30c8,001d30c8
001d2ffc,0,pc_relative_add,001d2bc8,001d30f8,001d30f8
001d3008,0,pc_relative_add,001d2bc8,001d2de8,001d2de8
001d3014,0,pc_relative_add,001d2bc8,001d2e38,001d2e38
001d3020,0,pc_relative_add,001d2bc8,001d2e7c,001d2e7c
001d3030,0,pc_relative_add,001d2bc8,001d2e90,001d2e90
001d3040,0,pc_relative_add,001d2bc8,001d2f18,001d2f18
001d33e4,0,pc_relative_add,001d2bc8,001d30dc,001d30dc
001d33f4,0,pc_relative_add,001d2bc8,001d312c,001d312c
001d33f4,0,pc_relative_add,001d2bc8,001d3314,001d3314
001d33f4,0,pc_relative_add,001d2bc8,001d35b0,001d35b0
001d3400,0,pc_relative_add,001d2bc8,001d318c,001d318c
001d3400,0,pc_relative_add,001d2bc8,001d3340,001d3340
001d3400,0,pc_relative_add,001d2bc8,001d3578,001d3578
001d3400,0,pc_relative_add,001d2bc8,001d35dc,001d35dc
001d340c,0,pc_relative_add,001d2bc8,001d3200,001d3200
001d340c,0,pc_relative_add,001d2bc8,001d33b0,001d33b0
001d341c,0,pc_relative_add,001d2bc8,001d3280,001d3280
001d341c,0,pc_relative_add,001d2bc8,001d32b0,001d32b0
001d341c,0,pc_relative_add,001d2bc8,001d3430,001d3430
001d3778,0,pc_relative_add,001d2bc8,001d3444,001d3444
001d3788,0,pc_relative_add,001d2bc8,001d3474,001d3474
001d3798,0,pc_relative_add,001d2bc8,001d3498,001d3498
001d3798,0,pc_relative_add,001d2bc8,001d3554,001d3554
001d37a4,0,pc_relative_add,001d2bc8,001d34c4,001d34c4
001d37b8,0,pc_relative_add,001d2bc8,001d3538,001d3538
001d37c8,0,pc_relative_add,001d2bc8,001d3654,001d3654
001d37d4,0,pc_relative_add,001d2bc8,001d3668,001d3668
001d37e4,0,pc_relative_add,001d2bc8,001d369c,001d369c
001d37f0,0,pc_relative_add,001d2bc8,001d36b0,001d36b0
001d3800,0,pc_relative_add,001d2bc8,001d36cc,001d36cc
001d3810,0,pc_relative_add,001d2bc8,001d3744,001d3744
001d3810,0,pc_relative_add,001d2bc8,001d3840,001d3840
001d3810,0,pc_relative_add,001d2bc8,001d38c8,001d38c8
001d3b68,0,pc_relative_add,001d2bc8,001d3854,001d3854
001d3b78,0,pc_relative_add,001d2bc8,001d3890,001d3890
001d3b78,0,pc_relative_add,001d2bc8,001d3928,001d3928
001d3b84,0,pc_relative_add,001d2bc8,001d38a4,001d38a4
001d3b94,0,pc_relative_add,001d2bc8,001d38e0,001d38e0
001d3ba4,0,pc_relative_add,001d2bc8,001d38fc,001d38fc
001d3bb0,0,pc_relative_add,001d2bc8,001d395c,001d395c
001d3bc4,0,pc_relative_add,001d2bc8,001d3998,001d3998
001d3bd4,0,pc_relative_add,001d2bc8,001d39bc,001d39bc
001d3be4,0,pc_relative_add,001d2bc8,001d3a00,001d3a00
001d3be4,0,pc_relative_add,001d2bc8,001d3a58,001d3a58
001d3bf0,0,pc_relative_add,001d2bc8,001d3aac,001d3aac
001d3bfc,0,pc_relative_add,001d2bc8,001d3ac0,001d3ac0
001d3c10,0,pc_relative_add,001d2bc8,001d3b2c,001d3b2c
001d40a7,1,pc_relative_add,001d3d28,001d3d90,001d3d90
001d40bc,0,pc_relative_add,001d3d28,001d3dd8,001d3dd8
001d40c8,0,pc_relative_add,001d3d28,001d3dec,001d3dec
001d40d8,0,pc_relative_add,001d3d28,001d3e38,001d3e38
001d40e4,0,pc_relative_add,001d3d28,001d3e4c,001d3e4c
001d40f4,0,pc_relative_add,001d3d28,001d3ea8,001d3ea8
001d40f4,0,pc_relative_add,001d3d28,001d3fd8,001d3fd8
001d4100,0,pc_relative_add,001d3d28,001d3ebc,001d3ebc
001d4110,0,pc_relative_add,001d3d28,001d3eec,001d3eec
001d4120,0,pc_relative_add,001d3d28,001d3f20,001d3f20
001d412c,0,pc_relative_add,001d3d28,001d3f80,001d3f80
001d412c,0,pc_relative_add,001d3d28,001d405c,001d405c
001d4138,0,pc_relative_add,001d3d28,001d3fac,001d3fac
001d4144,0,pc_relative_add,001d3d28,001d4010,001d4010
001d464f,1,pc_relative_add,001d41f8,001d4274,001d4274
001d4660,0,pc_relative_add,001d41f8,001d4288,001d4288
001d4660,0,pc_relative_add,001d41f8,001d42b4,001d42b4
001d466c,0,pc_relative_add,001d41f8,001d429c,001d429c
001d46a8,0,pc_relative_add,001d41f8,001d4360,001d4360
001d46a8,0,pc_relative_add,001d41f8,001d4390,001d4390
001d46b4,0,pc_relative_add,001d41f8,001d4414,001d4414
001d46b4,0,pc_relative_add,001d41f8,001d4444,001d4444
001d46c0,0,pc_relative_add,001d41f8,001d4428,001d4428
001d46c0,0,pc_relative_add,001d41f8,001d44d4,001d44d4
001d46d4,0,pc_relative_add,001d41f8,001d44c0,001d44c0
001d46d4,0,pc_relative_add,001d41f8,001d44f0,001d44f0
001d46fc,0,pc_relative_add,001d41f8,001d45ac,001d45ac
001d4708,0,pc_relative_add,001d41f8,001d45e0,001d45e0
001d4714,0,pc_relative_add,001d41f8,001d4618,001d4618
001d4caf,1,pc_relative_add,001d4850,001d48d8,001d48d8
001d4cc0,0,pc_relative_add,001d4850,001d48f8,001d48f8
001d4cc0,0,pc_relative_add,001d4850,001d4eec,001d4eec
001d4ccc,0,pc_relative_add,001d4850,001d4910,001d4910
001d4cdc,0,pc_relative_add,001d4850,001d4928,001d4928
001d4cec,0,pc_relative_add,001d4850,001d4960,001d4960
001d4cf8,0,pc_relative_add,001d4850,001d4998,001d4998
001d4d10,0,pc_relative_add,001d4850,001d49cc,001d49cc
001d4d1c,0,pc_relative_add,001d4850,001d49e0,001d49e0
001d4d2c,0,pc_relative_add,001d4850,001d4a1c,001d4a1c
001d4d38,0,pc_relative_add,001d4850,001d4a30,001d4a30
001d4d48,0,pc_relative_add,001d4850,001d4a5c,001d4a5c
001d4d54,0,pc_relative_add,001d4850,001d4a74,001d4a74
001d4d54,0,pc_relative_add,001d4850,001d4ba4,001d4ba4
001d4d64,0,pc_relative_add,001d4850,001d4a90,001d4a90
001d4d64,0,pc_relative_add,001d4850,001d4be0,001d4be0
001d4d74,0,pc_relative_add,001d4850,001d4abc,001d4abc
001d4d74,0,pc_relative_add,001d4850,001d4b90,001d4b90
001d4d80,0,pc_relative_add,001d4850,001d4b34,001d4b34
001d4d80,0,pc_relative_add,001d4850,001d4c10,001d4c10
001d4d80,0,pc_relative_add,001d4850,001d4de4,001d4de4
001d4d8c,0,pc_relative_add,001d4850,001d4b74,001d4b74
001d4dbc,0,pc_relative_add,001d4850,001d4c60,001d4c60
001d4dbc,0,pc_relative_add,001d4850,001d4e18,001d4e18
001d4dc8,0,pc_relative_add,001d4850,001d4c74,001d4c74
001d4f54,0,pc_relative_add,001d4850,001d4dfc,001d4dfc
001d4f64,0,pc_relative_add,001d4850,001d4e80,001d4e80
001d4f70,0,pc_relative_add,001d4850,001d4e94,001d4e94
001d4f80,0,pc_relative_add,001d4850,001d4ec4,001d4ec4
001d4f90,0,pc_relative_add,001d4850,001d4f00,001d4f00
001d4fa0,0,pc_relative_add,001d4850,001d4f30,001d4f30
001d5080,0,pc_relative_add,001d4fd4,001d4fec,001d4fec
001d5090,0,pc_relative_add,001d4fd4,001d501c,001d501c
001d514b,1,pc_relative_add,001d50a0,001d5104,001d5104
001d514b,1,literal_pool,001d5250,001d5304,001d537c
001d514b,1,literal_pool,00265c98,002662f0,0026639c
001d578f,1,pc_relative_add,001d5630,001d56f0,001d56f0
001d5d20,0,pc_relative_add,001d57b8,001d5a44,001d5a44
001d62ac,0,pc_relative_add,001d57b8,001d5f4c,001d5f4c
001d62bc,0,pc_relative_add,001d57b8,001d602c,001d602c
001d64ba,2,pc_relative_add,001d64a4,001d64b0,001d64b0
001d6e7b,1,pc_relative_add,001d6d90,001d6de4,001d6de4
001d715f,1,pc_relative_add,001d7058,001d70a4,001d70a4
001d75ff,1,pc_relative_add,001d7310,001d7344,001d7344
001d7610,0,pc_relative_add,001d7310,001d7354,001d7354
001d7620,0,pc_relative_add,001d7310,001d7368,001d7368
001d7638,0,pc_relative_add,001d7310,001d7390,001d7390
001d7684,0,pc_relative_add,001d7310,001d7510,001d7510
001d7698,0,pc_relative_add,001d7310,001d7568,001d7568
001d79b4,0,pc_relative_add,001d7818,001d78c8,001d78c8
001d79c8,0,pc_relative_add,001d7818,001d78d8,001d78d8
001d7af4,0,pc_relative_add,001d79e4,001d7a04,001d7a04
001d821a,2,pc_relative_add,001d8094,001d81c4,001d81c4
001d8623,1,pc_relative_add,001d8578,001d85c0,001d85c0
001d8638,0,pc_relative_add,001d8578,001d85c4,001d85c4
001d8920,0,pc_relative_add,001d8728,001d87b8,001d87b8
001d8934,0,pc_relative_add,001d8728,001d87c8,001d87c8
001d8934,0,pc_relative_add,001d8728,001d8894,001d8894
001d8948,0,pc_relative_add,001d8728,001d8890,001d8890
001d895c,0,pc_relative_add,001d8728,001d8898,001d8898
001d95ff,1,pc_relative_add,001d9078,001d922c,001d922c
001d9618,0,pc_relative_add,001d9078,001d926c,001d926c
001d9618,0,pc_relative_add,001d9078,001d93b4,001d93b4
001d9618,0,pc_relative_add,001d9078,001d9500,001d9500
001d9618,0,pc_relative_add,001d9078,001d9514,001d9514
001d9618,0,pc_relative_add,001d9078,001d971c,001d971c
001d9628,0,pc_relative_add,001d9078,001d9280,001d9280
001d9628,0,pc_relative_add,001d9078,001d9730,001d9730
001d9638,0,pc_relative_add,001d9078,001d92d8,001d92d8
001d9638,0,pc_relative_add,001d9078,001d9420,001d9420
001d9638,0,pc_relative_add,001d9078,001d956c,001d956c
001d9638,0,pc_relative_add,001d9078,001d9788,001d9788
001d9648,0,pc_relative_add,001d9078,001d92ec,001d92ec
001d9648,0,pc_relative_add,001d9078,001d931c,001d931c
001d9648,0,pc_relative_add,001d9078,001d9580,001d9580
001d9648,0,pc_relative_add,001d9078,001d95b0,001d95b0
001d965c,0,pc_relative_add,001d9078,001d9308,001d9308
001d965c,0,pc_relative_add,001d9078,001d9450,001d9450
001d965c,0,pc_relative_add,001d9078,001d959c,001d959c
001d965c,0,pc_relative_add,001d9078,001d97b8,001d97b8
001d9678,0,pc_relative_add,001d9078,001d9374,001d9374
001d9678,0,pc_relative_add,001d9078,001d94c4,001d94c4
001d9678,0,pc_relative_add,001d9078,001d96e4,001d96e4
001d9678,0,pc_relative_add,001d9078,001d9828,001d9828
001d9684,0,pc_relative_add,001d9078,001d93c8,001d93c8
001d9694,0,pc_relative_add,001d9078,001d9434,001d9434
001d9694,0,pc_relative_add,001d9078,001d9464,001d9464
001d99d8,0,pc_relative_add,001d9078,001d979c,001d979c
001d99d8,0,pc_relative_add,001d9078,001d97cc,001d97cc
001d99ec,0,pc_relative_add,001d9078,001d985c,001d985c
001d99fc,0,pc_relative_add,001d9078,001d9870,001d9870
001d9a20,0,pc_relative_add,001d9078,001d99b4,001d99b4
001d9acc,0,pc_relative_add,001d9a38,001d9a4c,001d9a4c
001d9acc,0,literal_pool,00264fb0,00264ffc,002651b8
001d9adc,0,pc_relative_add,001d9a38,001d9a5c,001d9a5c
001d9adc,0,pc_relative_add,001d9a38,001d9ab0,001d9ab0
001d9adc,0,literal_pool,00264fb0,00265010,002651bc
001d9adc,0,literal_pool,00264fb0,00265064,002651bc
001d9aec,0,pc_relative_add,001d9a38,001d9a74,001d9a74
001d9aec,0,literal_pool,00264fb0,00265028,002651c0
001d9afc,0,pc_relative_add,001d9a38,001d9a9c,001d9a9c
001d9afc,0,literal_pool,00264fb0,00265050,002651c4
001da50f,1,pc_relative_add,001da0c0,001da220,001da220
001da520,0,pc_relative_add,001da0c0,001da23c,001da23c
001da530,0,pc_relative_add,001da0c0,001da250,001da250
001da540,0,pc_relative_add,001da0c0,001da264,001da264
001da554,0,pc_relative_add,001da0c0,001da27c,001da27c
001da554,0,pc_relative_add,001da0c0,001da330,001da330
001da564,0,pc_relative_add,001da0c0,001da290,001da290
001da5a7,1,pc_relative_add,001da0c0,001da378,001da378
001da5e0,0,pc_relative_add,001da0c0,001da4b0,001da4b0
001da693,1,pc_relative_add,001da0c0,001da670,001da670
001daf1f,1,pc_relative_add,001daba0,001dac30,001dac30
001daf30,0,pc_relative_add,001daba0,001dac44,001dac44
001daf3c,0,pc_relative_add,001daba0,001dac58,001dac58
001daf50,0,pc_relative_add,001daba0,001dac70,001dac70
001daf60,0,pc_relative_add,001daba0,001dac84,001dac84
001daf78,0,pc_relative_add,001daba0,001daca8,001daca8
001daf88,0,pc_relative_add,001daba0,001dacbc,001dacbc
001daf9c,0,pc_relative_add,001daba0,001dacd4,001dacd4
001dafa8,0,pc_relative_add,001daba0,001dad08,001dad08
001dafc7,1,pc_relative_add,001daba0,001dad74,001dad74
001dafe4,0,pc_relative_add,001daba0,001dad88,001dad88
001daff8,0,pc_relative_add,001daba0,001dadc8,001dadc8
001db00c,0,pc_relative_add,001daba0,001dadfc,001dadfc
001db3c0,0,pc_relative_add,001daba0,001db020,001db020
001db3d4,0,pc_relative_add,001daba0,001db204,001db204
001db597,1,pc_relative_add,001daba0,001db534,001db534
001de2e8,0,pc_relative_add,001de090,001de0ac,001de0ac
001de2f8,0,pc_relative_add,001de090,001de0e8,001de0e8
001de30c,0,pc_relative_add,001de090,001de1f4,001de1f4
001de31c,0,pc_relative_add,001de090,001de238,001de238
001de328,0,pc_relative_add,001de090,001de294,001de294
001dea54,0,pc_relative_add,001de98c,001de9b0,001de9b0
001dea60,0,pc_relative_add,001de98c,001dea10,001dea10
001deb08,0,pc_relative_add,001dea6c,001dea84,001dea84
001debdc,0,pc_relative_add,001deb14,001deb94,001deb94
001df0d8,0,pc_relative_add,001ded48,001dedf0,001dedf0
001fa088,0,pc_relative_add,001f9e44,001f9f00,001f9f00
001fa0a4,0,pc_relative_add,001f9e44,001f9f3c,001f9f3c
001fa0bc,0,pc_relative_add,001f9e44,001f9f78,001f9f78
001fa0d0,0,pc_relative_add,001f9e44,001fa008,001fa008
001fa0ec,0,pc_relative_add,001f9e44,001fa048,001fa048
001fad88,0,pc_relative_add,001facbc,001fad78,001fad78
001fb024,0,pc_relative_add,001fadc8,001faef0,001faef0
001fb024,0,pc_relative_add,001fadc8,001fb008,001fb008
001fb20c,0,pc_relative_add,001fb18c,001fb1fc,001fb1fc
001fb2dc,0,pc_relative_add,001fb248,001fb2c8,001fb2c8
001fb718,0,pc_relative_add,001fb54c,001fb6a0,001fb6a0
001fb718,0,pc_relative_add,001fb54c,001fb6e8,001fb6e8
001fb718,0,pc_relative_add,001fb54c,001fb708,001fb708
001fb83c,0,pc_relative_add,001fb754,001fb82c,001fb82c
001fbce0,0,pc_relative_add,001fb878,001fba44,001fba44
001fbce0,0,pc_relative_add,001fb878,001fbb20,001fbb20
001fbce0,0,pc_relative_add,001fb878,001fbbec,001fbbec
001fdf0c,0,pc_relative_add,001fde80,001fdecc,001fdecc
001fe778,0,pc_relative_add,001fe6c4,001fe718,001fe718
001ff87c,0,pc_relative_add,001ff504,001ff558,001ff558
001ff8c4,0,pc_relative_add,001ff504,001ff608,001ff608
001ff964,0,pc_relative_add,001ff504,001ff944,001ff944
0020014c,0,pc_relative_add,00200000,00200130,00200130
00200420,0,pc_relative_add,0020018c,002003c8,002003c8
00200420,0,pc_relative_add,0020018c,002003f0,002003f0
00200420,0,pc_relative_add,0020018c,00200410,00200410
0020086c,0,pc_relative_add,0020086c,00200500,00200500
00200874,0,pc_relative_add,0020086c,00200540,00200540
00200ea8,0,pc_relative_add,00200ad4,00200b8c,00200b8c
00200eb0,0,pc_relative_add,00200ad4,00200cc0,00200cc0
00200ebc,0,pc_relative_add,00200ad4,00200dd0,00200dd0
00200fd0,0,pc_relative_add,00200ad4,00200f9c,00200f9c
00200fd0,0,pc_relative_add,00200ad4,00200fbc,00200fbc
00201474,0,pc_relative_add,00201010,00201160,00201160
00201474,0,pc_relative_add,00201010,002012ec,002012ec
00201474,0,pc_relative_add,00201010,002015c8,002015c8
00201474,0,pc_relative_add,00201010,002015e8,002015e8
00201474,0,pc_relative_add,00201010,002016b4,002016b4
00201d7c,0,pc_relative_add,002016f0,00201abc,00201abc
00201d7c,0,pc_relative_add,002016f0,00201c8c,00201c8c
00201d7c,0,pc_relative_add,002016f0,00201d4c,00201d4c
00201d7c,0,pc_relative_add,002016f0,00201d6c,00201d6c
00201f84,0,pc_relative_add,00201dc8,00201f00,00201f00
00201fbc,0,pc_relative_add,00201dc8,00201f28,00201f28
002021e0,0,pc_relative_add,00202000,00202188,00202188
00202b34,0,pc_relative_add,00202abc,00202b0c,00202b0c
00202f54,0,pc_relative_add,00202e98,00202ef4,00202ef4
00204944,0,pc_relative_add,00204688,002046a0,002046a0
0020518c,0,pc_relative_add,00204e98,00204fc8,00204fc8
00205718,0,pc_relative_add,002053e8,00205460,00205460
00205728,0,pc_relative_add,002053e8,00205484,00205484
0020575c,0,pc_relative_add,002053e8,002054f4,002054f4
0020577c,0,pc_relative_add,002053e8,0020551c,0020551c
002057b4,0,pc_relative_add,002053e8,00205580,00205580
002057bc,0,pc_relative_add,002053e8,00205638,00205638
002057c4,0,pc_relative_add,002053e8,00205680,00205680
00205bd8,0,pc_relative_add,002053e8,00205890,00205890
00205bfc,0,pc_relative_add,002053e8,002058f0,002058f0
00205c0c,0,pc_relative_add,002053e8,00205a50,00205a50
00205c34,0,pc_relative_add,002053e8,00205a70,00205a70
00205f94,0,pc_relative_add,002053e8,00205c90,00205c90
00205fa4,0,pc_relative_add,002053e8,00205d1c,00205d1c
00205fc4,0,pc_relative_add,002053e8,00205e2c,00205e2c
00205ffc,0,pc_relative_add,002053e8,00205e34,00205e34
0020600c,0,pc_relative_add,002053e8,00205e60,00205e60
00206018,0,pc_relative_add,002053e8,00205e8c,00205e8c
00206024,0,pc_relative_add,002053e8,00205ebc,00205ebc
002067e7,1,pc_relative_add,002053e8,00206504,00206504
00206806,2,pc_relative_add,002053e8,002065c0,002065c0
00207184,0,pc_relative_add,00206eac,00206f38,00206f38
0020719c,0,pc_relative_add,00206eac,00206f64,00206f64
002071cc,0,pc_relative_add,00206eac,00206fd0,00206fd0
002071ec,0,pc_relative_add,00206eac,00206ff8,00206ff8
0020721c,0,pc_relative_add,00206eac,00207004,00207004
00207228,0,pc_relative_add,00206eac,0020703c,0020703c
00207260,0,pc_relative_add,00206eac,00207044,00207044
0020726c,0,pc_relative_add,00206eac,0020707c,0020707c
00207654,0,pc_relative_add,00207624,00207640,00207640
002076b8,0,pc_relative_add,00207680,00207690,00207690
00207a20,0,pc_relative_add,002076d8,00207750,00207750
00207a2c,0,pc_relative_add,002076d8,00207778,00207778
00207a3c,0,pc_relative_add,002076d8,0020777c,0020777c
00207a60,0,pc_relative_add,002076d8,002077a8,002077a8
00207a70,0,pc_relative_add,002076d8,00207808,00207808
00207a7c,0,pc_relative_add,002076d8,00207864,00207864
00207ac4,0,pc_relative_add,00207a88,00207a9c,00207a9c
00207ce8,0,pc_relative_add,00207ae4,00207b40,00207b40
00207e44,0,pc_relative_add,00207d04,00207d70,00207d70
0020809f,1,pc_relative_add,00207f24,00207fc4,00207fc4
0021e7d4,0,pc_relative_add,0021e7a8,0021e7b0,0021e7b0
0021f290,0,pc_relative_add,0021eff8,0021f0b4,0021f0b4
0021f2be,2,pc_relative_add,0021eff8,0021f228,0021f228
00220290,0,pc_relative_add,00220000,00220024,00220024
00220290,0,pc_relative_add,00220000,00220214,00220214
0022029c,0,pc_relative_add,00220000,00220068,00220068
002202a8,0,pc_relative_add,00220000,0022007c,0022007c
002202b4,0,pc_relative_add,00220000,0022009c,0022009c
002202c4,0,pc_relative_add,00220000,00220108,00220108
002202dc,0,pc_relative_add,00220000,00220134,00220134
002212b8,0,pc_relative_add,00221188,00221214,00221214
002212c4,0,pc_relative_add,00221188,0022126c,0022126c
002228b7,1,pc_relative_add,00222458,002224d4,002224d4
002228d7,1,pc_relative_add,00222458,002224f0,002224f0
00222904,0,pc_relative_add,00222458,0022255c,0022255c
00222910,0,pc_relative_add,00222458,002225e4,002225e4
0022291c,0,pc_relative_add,00222458,00222630,00222630
00222928,0,pc_relative_add,00222458,00222644,00222644
00222928,0,pc_relative_add,00222458,00222674,00222674
00222938,0,pc_relative_add,00222458,00222660,00222660
0022294f,1,pc_relative_add,00222458,00222698,00222698
0022294f,13,pc_relative_add,00222458,00222b24,00222b24
00222964,0,pc_relative_add,00222458,002226ac,002226ac
00222964,0,pc_relative_add,00222458,00222d54,00222d54
00222964,0,literal_pool,00222458,00222d7c,00222e64
00222974,0,pc_relative_add,00222458,002226c0,002226c0
00222984,0,pc_relative_add,00222458,002226e8,002226e8
00222990,0,pc_relative_add,00222458,002226fc,002226fc
002229a8,0,pc_relative_add,00222458,00222720,00222720
002229b4,0,pc_relative_add,00222458,00222758,00222758
002229c0,0,pc_relative_add,00222458,002227ac,002227ac
002229c0,0,pc_relative_add,00222458,0022283c,0022283c
002229c0,0,pc_relative_add,00222458,0022286c,0022286c
002229cc,0,pc_relative_add,00222458,002227dc,002227dc
002229cc,0,pc_relative_add,00222458,00222a10,00222a10
002229cc,0,pc_relative_add,00222458,00222a40,00222a40
002229cc,0,pc_relative_add,00222458,00222a70,00222a70
00222e00,0,pc_relative_add,00222458,00222a24,00222a24
00222e10,0,pc_relative_add,00222458,00222aa4,00222aa4
00222e10,0,pc_relative_add,00222458,00222ad4,00222ad4
00222e1f,1,pc_relative_add,00222458,00222b14,00222b14
00222e1f,1,pc_relative_add,00222458,00222b40,00222b40
00222e1f,1,pc_relative_add,00222458,00222bfc,00222bfc
00222e2c,0,pc_relative_add,00222458,00222c10,00222c10
00222e3c,0,pc_relative_add,00222458,00222c88,00222c88
00222e3c,0,pc_relative_add,00222458,00222cb4,00222cb4
00222e3c,0,pc_relative_add,00222458,00223060,00223060
00222e3c,8,pc_relative_add,00222458,00222c98,00222c98
00222e48,0,pc_relative_add,00222458,00222ce0,00222ce0
00222e54,0,pc_relative_add,00222458,00222d0c,00222d0c
00222e68,0,pc_relative_add,00222458,00222df0,00222df0
00222e68,0,pc_relative_add,00222458,00222e9c,00222e9c
0022314c,0,pc_relative_add,00222458,0022307c,0022307c
0022315c,0,pc_relative_add,00222458,002230ac,002230ac
00223e4c,0,pc_relative_add,00223dc8,00223df4,00223df4
00223e88,0,pc_relative_add,00223dc8,00223e1c,00223e1c
00227b0c,0,pc_relative_add,00227aac,00227ad4,00227ad4
00227cb4,0,pc_relative_add,00227c54,00227c7c,00227c7c
0022825c,0,pc_relative_add,00227e64,00227f60,00227f60
00228274,0,pc_relative_add,00227e64,00227fbc,00227fbc
00228290,0,pc_relative_add,00227e64,00228018,00228018
002282a0,0,pc_relative_add,00227e64,00228078,00228078
002282b0,0,pc_relative_add,00227e64,002280d4,002280d4
002282cc,0,pc_relative_add,00227e64,0022812c,0022812c
002282dc,0,pc_relative_add,00227e64,0022817c,0022817c
002282e8,0,pc_relative_add,00227e64,002281c8,002281c8
002282f4,0,pc_relative_add,00227e64,00228228,00228228
0022855c,0,pc_relative_add,00227e64,00228308,00228308
0022856c,0,pc_relative_add,00227e64,00228340,00228340
00228580,0,pc_relative_add,00227e64,002283dc,002283dc
00228588,0,pc_relative_add,00227e64,002284cc,002284cc
002285a4,0,pc_relative_add,00227e64,00228518,00228518
00228b7c,0,pc_relative_add,0022897c,002289b4,002289b4
00228b90,0,pc_relative_add,0022897c,002289c4,002289c4
00228f38,0,pc_relative_add,00228c3c,00228e4c,00228e4c
0022b14e,2,pc_relative_add,0022ae24,0022ae70,0022ae70
0022b180,0,pc_relative_add,0022ae24,0022af58,0022af58
0022b194,0,pc_relative_add,0022ae24,0022afbc,0022afbc
0022b78c,0,pc_relative_add,0022b56c,0022b70c,0022b70c
0022b7a8,0,pc_relative_add,0022b56c,0022b710,0022b710
0022b918,0,pc_relative_add,0022b7c0,0022b7e4,0022b7e4
0022b948,0,pc_relative_add,0022b7c0,0022b800,0022b800
0022b98c,0,pc_relative_add,0022b7c0,0022b81c,0022b81c
0022b9b8,0,pc_relative_add,0022b7c0,0022b83c,0022b83c
0022ba0c,0,pc_relative_add,0022b7c0,0022b900,0022b900
0022bae8,0,pc_relative_add,0022b7c0,0022ba44,0022ba44
0022bb0c,0,pc_relative_add,0022b7c0,0022ba64,0022ba64
0022bb30,0,pc_relative_add,0022b7c0,0022ba80,0022ba80
0022bb58,0,pc_relative_add,0022b7c0,0022ba9c,0022ba9c
0022bb84,0,pc_relative_add,0022b7c0,0022bab8,0022bab8
0022bbac,0,pc_relative_add,0022b7c0,0022bad0,0022bad0
0022e0e8,0,pc_relative_add,0022dd30,0022e02c,0022e02c
0022e100,0,pc_relative_add,0022dd30,0022e030,0022e030
0023005c,0,pc_relative_add,0023001c,0023004c,0023004c
00230144,0,pc_relative_add,00230088,0023009c,0023009c
00230174,0,pc_relative_add,00230088,002300c8,002300c8
002301a4,0,pc_relative_add,00230088,002300f8,002300f8
002301e8,0,pc_relative_add,00230088,00230114,00230114
00230214,0,pc_relative_add,00230088,00230134,00230134
002303cc,0,pc_relative_add,00230088,002302e0,002302e0
002303fc,0,pc_relative_add,00230088,00230304,00230304
00230424,0,pc_relative_add,00230088,00230370,00230370
00230460,0,pc_relative_add,00230088,0023038c,0023038c
00230494,0,pc_relative_add,00230088,002303a8,002303a8
002305f8,0,pc_relative_add,00230088,002304d0,002304d0
0023065c,0,pc_relative_add,00230088,00230590,00230590
00230680,0,pc_relative_add,00230088,002305ac,002305ac
002306a8,0,pc_relative_add,00230088,002305c8,002305c8
002306d4,0,pc_relative_add,00230088,002305e4,002305e4
00230720,0,pc_relative_add,00230088,00230704,00230704
00230ba2,2,pc_relative_add,002309a8,00230b28,00230b28
00230bdc,0,pc_relative_add,002309a8,00230b88,00230b88
00231194,0,pc_relative_add,00230d18,00230eac,00230eac
002311ba,2,pc_relative_add,00230d18,00230eec,00230eec
0023158c,0,pc_relative_add,00230d18,00231268,00231268
002315c8,0,pc_relative_add,00230d18,00231298,00231298
0023160c,0,pc_relative_add,00230d18,002313fc,002313fc
00231628,0,pc_relative_add,00230d18,00231468,00231468
0023165c,0,pc_relative_add,00230d18,00231524,00231524
00232228,0,pc_relative_add,00231df0,00231e70,00231e70
0023223c,0,pc_relative_add,00231df0,00231e9c,00231e9c
00232248,0,pc_relative_add,00231df0,00231eb4,00231eb4
00232250,0,pc_relative_add,00231df0,00231ecc,00231ecc
0023226c,0,pc_relative_add,00231df0,00231f10,00231f10
00232278,0,pc_relative_add,00231df0,00231f68,00231f68
0023228c,0,pc_relative_add,00231df0,00231fb0,00231fb0
0023228c,0,pc_relative_add,00231df0,002320cc,002320cc
0023229b,1,pc_relative_add,00231df0,0023207c,0023207c
002322b0,0,pc_relative_add,00231df0,00232130,00232130
002322b0,0,literal_pool,00231df0,00232a50,00232de8
002322bc,0,pc_relative_add,00231df0,00232184,00232184
002322bc,0,literal_pool,00231df0,00232adc,00232dec
00232610,0,pc_relative_add,00231df0,00232334,00232334
00232610,0,literal_pool,00231df0,00232be4,00232df4
002329d8,0,pc_relative_add,00231df0,0023272c,0023272c
00233070,0,pc_relative_add,00231df0,00232ef0,00232ef0
00233080,0,pc_relative_add,00231df0,00232f10,00232f10
002360f8,0,pc_relative_add,00235ef4,00235f8c,00235f8c
00236134,0,pc_relative_add,00235ef4,00235fa8,00235fa8
0023616e,2,pc_relative_add,00235ef4,0023605c,0023605c
002361ac,0,pc_relative_add,00235ef4,0023607c,0023607c
002361e0,0,pc_relative_add,00235ef4,002360d8,002360d8
00236416,2,pc_relative_add,00235ef4,002363ec,002363ec
00237848,0,pc_relative_add,00237790,00237818,00237818
002387e4,0,pc_relative_add,0023837c,002384c8,002384c8
002387fc,0,pc_relative_add,0023837c,00238560,00238560
0023880c,0,pc_relative_add,0023837c,002385c8,002385c8
00238818,0,pc_relative_add,0023837c,002385f4,002385f4
00238824,0,pc_relative_add,0023837c,00238654,00238654
00238830,0,pc_relative_add,0023837c,002386c0,002386c0
00238840,0,pc_relative_add,0023837c,00238764,00238764
00238b58,0,pc_relative_add,0023837c,0023886c,0023886c
00238b60,0,pc_relative_add,0023837c,002388f8,002388f8
00238b68,0,pc_relative_add,0023837c,00238918,00238918
00238b70,0,pc_relative_add,0023837c,00238930,00238930
00238b7c,0,pc_relative_add,0023837c,00238948,00238948
00238b84,0,pc_relative_add,0023837c,00238960,00238960
0023940c,0,pc_relative_add,002392f4,00239400,00239400
0023a028,0,pc_relative_add,00239be8,00239c78,00239c78
0023a028,12,pc_relative_add,00239be8,00239cbc,00239cbc
0023a038,0,pc_relative_add,00239be8,00239cec,00239cec
0023a044,0,pc_relative_add,00239be8,00239d1c,00239d1c
0023a050,0,pc_relative_add,00239be8,00239d58,00239d58
0023a05c,0,pc_relative_add,00239be8,00239d88,00239d88
0023a068,0,pc_relative_add,00239be8,00239db8,00239db8
0023a074,0,pc_relative_add,00239be8,00239de8,00239de8
0023a080,0,pc_relative_add,00239be8,00239e18,00239e18
0023a0a8,0,pc_relative_add,00239be8,00239e90,00239e90
0023a0b4,0,pc_relative_add,00239be8,00239ec8,00239ec8
0023a0c0,0,pc_relative_add,00239be8,00239f24,00239f24
0023a0cc,0,pc_relative_add,00239be8,00239f98,00239f98
0023ab57,1,pc_relative_add,0023a3a8,0023a7a8,0023a7a8
0023ab6f,1,pc_relative_add,0023a3a8,0023a7c8,0023a7c8
0023aba8,0,pc_relative_add,0023a3a8,0023a9d4,0023a9d4
0023abb8,0,pc_relative_add,0023a3a8,0023aa08,0023aa08
0023aee7,1,pc_relative_add,0023a3a8,0023ac0c,0023ac0c
0023b6a7,1,pc_relative_add,0023b308,0023b4dc,0023b4dc
0023b6b4,0,pc_relative_add,0023b308,0023b4e0,0023b4e0
0023b6c4,0,pc_relative_add,0023b308,0023b500,0023b500
0023b6d0,0,pc_relative_add,0023b308,0023b560,0023b560
0023b6d8,0,pc_relative_add,0023b308,0023b578,0023b578
0023b6e4,0,pc_relative_add,0023b308,0023b590,0023b590
0023b6e4,0,pc_relative_add,0023b308,0023b5a4,0023b5a4
0023b6f7,1,pc_relative_add,0023b308,0023b5ec,0023b5ec
0023bbac,0,pc_relative_add,0023b86c,0023b898,0023b898
0023bbb8,0,pc_relative_add,0023b86c,0023b8c0,0023b8c0
0023bbc4,0,pc_relative_add,0023b86c,0023b8e8,0023b8e8
0023bbdb,1,pc_relative_add,0023b86c,0023b988,0023b988
0023bbdb,1,pc_relative_add,0023b86c,0023bc7c,0023bc7c
0023bbec,0,pc_relative_add,0023b86c,0023b9c0,0023b9c0
0023bbfc,0,pc_relative_add,0023b86c,0023b9ec,0023b9ec
0023bbfc,0,pc_relative_add,0023b86c,0023ba14,0023ba14
0023bc0c,0,pc_relative_add,0023b86c,0023ba74,0023ba74
0023bc1c,0,pc_relative_add,0023b86c,0023bacc,0023bacc
0023bc1c,0,pc_relative_add,0023b86c,0023bccc,0023bccc
0023bc28,0,pc_relative_add,0023b86c,0023bae0,0023bae0
0023bc38,0,pc_relative_add,0023b86c,0023bafc,0023bafc
0023bc38,0,pc_relative_add,0023b86c,0023bd08,0023bd08
0023bc38,0,pc_relative_add,0023b86c,0023bd50,0023bd50
0023bc44,0,pc_relative_add,0023b86c,0023bb58,0023bb58
0023bc44,0,pc_relative_add,0023b86c,0023be1c,0023be1c
0023bc50,0,pc_relative_add,0023b86c,0023bb84,0023bb84
0023bc50,0,pc_relative_add,0023b86c,0023be48,0023be48
0023be7c,0,pc_relative_add,0023b86c,0023bd64,0023bd64
0023c367,1,pc_relative_add,0023c0b8,0023c158,0023c158
0023c374,0,pc_relative_add,0023c0b8,0023c200,0023c200
0023c380,0,pc_relative_add,0023c0b8,0023c220,0023c220
0023c38c,0,pc_relative_add,0023c0b8,0023c270,0023c270
0023c398,0,pc_relative_add,0023c0b8,0023c290,0023c290
0023c947,1,pc_relative_add,0023c4f0,0023c5c4,0023c5c4
0023c95c,0,pc_relative_add,0023c4f0,0023c5d4,0023c5d4
0023c968,0,pc_relative_add,0023c4f0,0023c604,0023c604
0023c968,0,pc_relative_add,0023c4f0,0023cb84,0023cb84
0023c974,0,pc_relative_add,0023c4f0,0023c618,0023c618
0023c984,0,pc_relative_add,0023c4f0,0023c658,0023c658
0023c994,0,pc_relative_add,0023c4f0,0023c688,0023c688
0023cc08,0,pc_relative_add,0023c4f0,0023ca54,0023ca54
0023cc1c,0,pc_relative_add,0023c4f0,0023ca64,0023ca64
0023cc28,0,pc_relative_add,0023c4f0,0023ca94,0023ca94
0023cc38,0,pc_relative_add,0023c4f0,0023cacc,0023cacc
0023cc58,0,pc_relative_add,0023c4f0,0023cb40,0023cb40
0023cc64,0,pc_relative_add,0023c4f0,0023cbb0,0023cbb0
0023d307,1,pc_relative_add,0023ccc0,0023cf8c,0023cf8c
0023d318,0,pc_relative_add,0023ccc0,0023cfa8,0023cfa8
0023d328,0,pc_relative_add,0023ccc0,0023cfbc,0023cfbc
0023d334,0,pc_relative_add,0023ccc0,0023cff8,0023cff8
0023d340,0,pc_relative_add,0023ccc0,0023d024,0023d024
0023d357,1,pc_relative_add,0023ccc0,0023d060,0023d060
0023d364,0,pc_relative_add,0023ccc0,0023d07c,0023d07c
0023d364,0,pc_relative_add,0023ccc0,0023d0bc,0023d0bc
0023d364,0,pc_relative_add,0023ccc0,0023d29c,0023d29c
0023d377,1,pc_relative_add,0023ccc0,0023d0a8,0023d0a8
0023d384,0,pc_relative_add,0023ccc0,0023d0dc,0023d0dc
0023d3a7,1,pc_relative_add,0023ccc0,0023d180,0023d180
0023d3a7,1,pc_relative_add,0023ccc0,0023d190,0023d190
0023d3b4,0,pc_relative_add,0023ccc0,0023d1e8,0023d1e8
0023d3c0,0,pc_relative_add,0023ccc0,0023d218,0023d218
0023d3c0,0,pc_relative_add,0023ccc0,0023d244,0023d244
0023d3cc,0,pc_relative_add,0023ccc0,0023d270,0023d270
0023d3d8,0,pc_relative_add,0023ccc0,0023d2b0,0023d2b0
0023d710,0,pc_relative_add,0023ccc0,0023d3e8,0023d3e8
0023d734,0,pc_relative_add,0023ccc0,0023d4d4,0023d4d4
0023d734,0,pc_relative_add,0023ccc0,0023d4e8,0023d4e8
0023d744,0,pc_relative_add,0023ccc0,0023d590,0023d590
0023d754,0,pc_relative_add,0023ccc0,0023d5cc,0023d5cc
0023d764,0,pc_relative_add,0023ccc0,0023d5dc,0023d5dc
0023d764,0,pc_relative_add,0023ccc0,0023d60c,0023d60c
0023d774,0,pc_relative_add,0023ccc0,0023d5fc,0023d5fc
0023e2ff,1,pc_relative_add,0023ccc0,0023e0b8,0023e0b8
0023e418,0,pc_relative_add,0023ccc0,0023e360,0023e360
0023e42c,0,pc_relative_add,0023ccc0,0023e364,0023e364
0023e440,0,pc_relative_add,0023ccc0,0023e368,0023e368
0023e450,0,pc_relative_add,0023ccc0,0023e3c0,0023e3c0
0023eed7,1,pc_relative_add,0023eb28,0023ec44,0023ec44
0023eee4,0,pc_relative_add,0023eb28,0023ec74,0023ec74
0023eef0,0,pc_relative_add,0023eb28,0023ec88,0023ec88
0023eef0,0,pc_relative_add,0023eb28,0023ecb4,0023ecb4
0023ef00,0,pc_relative_add,0023eb28,0023eca0,0023eca0
0023ef28,0,pc_relative_add,0023eb28,0023ed1c,0023ed1c
0023ef40,0,pc_relative_add,0023eb28,0023ed70,0023ed70
0023ef50,0,pc_relative_add,0023eb28,0023ed80,0023ed80
0023ef5c,0,pc_relative_add,0023eb28,0023eda0,0023eda0
0024053c,0,pc_relative_add,00240000,00240394,00240394
00240dac,0,pc_relative_add,00241a04,00240a34,00240a34
00240dbc,0,pc_relative_add,00241a04,00240a7c,00240a7c
00240dc8,0,pc_relative_add,00241a04,00240ac8,00240ac8
00240de0,0,pc_relative_add,00241a04,00240c00,00240c00
00240dec,0,pc_relative_add,00241a04,00240c28,00240c28
00240df8,0,pc_relative_add,00241a04,00240c58,00240c58
00240e04,0,pc_relative_add,00241a04,00240c98,00240c98
00240e10,0,pc_relative_add,00241a04,00240ce4,00240ce4
00240e20,0,pc_relative_add,00241a04,00240d24,00240d24
00240e34,0,pc_relative_add,00241a04,00240d5c,00240d5c
0024167c,0,pc_relative_add,00241a04,0024156c,0024156c
00241688,0,pc_relative_add,00241a04,00241580,00241580
002419d8,0,pc_relative_add,00241a04,002416d8,002416d8
002419e8,0,pc_relative_add,00241a04,00241770,00241770
00241a04,0,pc_relative_add,00241a04,00241790,00241790
00242544,0,pc_relative_add,00241a04,002421d0,002421d0
00242ad4,0,pc_relative_add,00241a04,00242718,00242718
00242af2,2,pc_relative_add,00241a04,002427c0,002427c0
00242b14,0,pc_relative_add,00241a04,002427f4,002427f4
00242b22,2,pc_relative_add,00241a04,00242960,00242960
00242b4c,0,pc_relative_add,00241a04,00242a10,00242a10
002433db,1,pc_relative_add,00241a04,0024300c,0024300c
002433fc,0,pc_relative_add,00241a04,00243084,00243084
002438dc,0,pc_relative_add,00241a04,002435d0,002435d0
0024390b,1,pc_relative_add,00241a04,0024369c,0024369c
00243940,0,pc_relative_add,00241a04,0024383c,0024383c
002441f4,0,pc_relative_add,00241a04,00243e50,00243e50
00244210,0,pc_relative_add,00241a04,00243fc0,00243fc0
00244228,0,pc_relative_add,00241a04,00244050,00244050
002549d2,2,pc_relative_add,002548b0,002549b4,002549b4
00254dfa,2,pc_relative_add,00254d30,00254dd0,00254dd0
00254fbe,2,pc_relative_add,00254ecc,00254f88,00254f88
00255dd4,0,pc_relative_add,00255a48,00255b0c,00255b0c
00255e04,0,pc_relative_add,00255a48,00255cac,00255cac
00257be4,0,pc_relative_add,002578d8,00257b24,00257b24
00257bec,0,pc_relative_add,002578d8,00257b54,00257b54
0025821c,0,pc_relative_add,0025809c,00258200,00258200
002584b8,0,pc_relative_add,0025837c,00258458,00258458
00258c60,0,pc_relative_add,00258a24,00258b70,00258b70
00258c60,0,pc_relative_add,00258a24,00258bc8,00258bc8
00258c60,0,pc_relative_add,00258a24,00258c48,00258c48
00259e00,0,pc_relative_add,00259b34,00259c08,00259c08
00259e00,0,pc_relative_add,00259b34,00259c64,00259c64
00259e3c,0,pc_relative_add,00259b34,00259de0,00259de0
0025a9e8,0,pc_relative_add,0025a570,0025a9c8,0025a9c8
002622d4,0,pc_relative_add,00262274,0026229c,0026229c
00262360,0,pc_relative_add,00262310,00262330,00262330
002628b8,0,pc_relative_add,002627d4,002627fc,002627fc
002628c4,0,pc_relative_add,002627d4,00262820,00262820
002628c4,0,pc_relative_add,002627d4,00262870,00262870
002628d0,0,pc_relative_add,002627d4,00262850,00262850
00262964,0,pc_relative_add,002628e0,00262900,00262900
00262964,0,pc_relative_add,002628e0,00262938,00262938
00262d18,0,pc_relative_add,00262970,0026297c,0026297c
00262d47,1,pc_relative_add,00262970,002629a4,002629a4
00262d54,0,pc_relative_add,00262970,002629c0,002629c0
00262d67,1,pc_relative_add,00262970,002629dc,002629dc
00262d74,0,pc_relative_add,00262970,002629f4,002629f4
00262d84,0,pc_relative_add,00262970,00262a30,00262a30
00262d94,0,pc_relative_add,00262970,00262a6c,00262a6c
002634a8,0,pc_relative_add,00262970,00263104,00263104
002634b4,0,pc_relative_add,00262970,00263140,00263140
002634c4,0,pc_relative_add,00262970,00263190,00263190
002634d4,0,pc_relative_add,00262970,0026323c,0026323c
002634e0,0,pc_relative_add,00262970,002632c0,002632c0
002634ec,0,pc_relative_add,00262970,00263308,00263308
002635c8,0,pc_relative_add,00262970,00263594,00263594
00263acc,0,pc_relative_add,00263a70,00263a84,00263a84
00263cf0,0,pc_relative_add,00263c94,00263ca8,00263ca8
00264a2f,1,pc_relative_add,002648c0,002648e8,002648e8
00264a44,0,pc_relative_add,002648c0,002648fc,002648fc
00264a44,0,pc_relative_add,002648c0,00264948,00264948
00264a57,1,pc_relative_add,002648c0,0026492c,0026492c
00264a84,0,pc_relative_add,002648c0,002649d8,002649d8
00264a90,0,pc_relative_add,002648c0,00264a04,00264a04
002651a7,1,pc_relative_add,00264fb0,00264fd4,00264fd4
002651c8,0,pc_relative_add,00264fb0,0026509c,0026509c
002651e0,0,pc_relative_add,00264fb0,002650e0,002650e0
002651f0,0,pc_relative_add,00264fb0,002650f4,002650f4
00265200,0,pc_relative_add,00264fb0,0026511c,0026511c
00265210,0,pc_relative_add,00264fb0,00265130,00265130
00266067,1,pc_relative_add,00265c98,00265ca8,00265ca8
00266078,0,pc_relative_add,00265c98,00265ccc,00265ccc
00266078,0,pc_relative_add,00265c98,00265d10,00265d10
00266078,0,pc_relative_add,00265c98,00265f58,00265f58
0026608f,1,pc_relative_add,00265c98,00265d00,00265d00
002660af,1,pc_relative_add,00265c98,00265d60,00265d60
002660c0,0,pc_relative_add,00265c98,00265d70,00265d70
002660d0,0,pc_relative_add,00265c98,00265d9c,00265d9c
002660e0,0,pc_relative_add,00265c98,00265dc8,00265dc8
002660e0,0,pc_relative_add,00265c98,00265ed0,00265ed0
002660f0,0,pc_relative_add,00265c98,00265df4,00265df4
002660fc,0,pc_relative_add,00265c98,00265e20,00265e20
00266108,0,pc_relative_add,00265c98,00265e4c,00265e4c
00266114,0,pc_relative_add,00265c98,00265e78,00265e78
00266120,0,pc_relative_add,00265c98,00265eb0,00265eb0
00266130,0,pc_relative_add,00265c98,00265f14,00265f14
00266158,0,pc_relative_add,00265c98,00265fc0,00265fc0
00266164,0,pc_relative_add,00265c98,00266044,00266044
00266a77,1,pc_relative_add,002665c8,00266760,00266760
00266a88,0,pc_relative_add,002665c8,00266774,00266774
00266a98,0,pc_relative_add,002665c8,00266788,00266788
00266ab7,1,pc_relative_add,002665c8,002667ac,002667ac
00266acc,0,pc_relative_add,002665c8,002667e8,002667e8
00266ae0,0,pc_relative_add,002665c8,002667fc,002667fc
00266af0,0,pc_relative_add,002665c8,00266838,00266838
00266f64,0,pc_relative_add,002665c8,00266c68,00266c68
00266fbb,1,pc_relative_add,002665c8,00266f10,00266f10
00267540,0,pc_relative_add,002673c8,002673f4,002673f4
00267550,0,pc_relative_add,002673c8,00267404,00267404
0026755f,1,pc_relative_add,002673c8,00267430,00267430
0026755f,1,pc_relative_add,002673c8,002674fc,002674fc
0026756c,0,pc_relative_add,002673c8,00267458,00267458
0026756c,0,pc_relative_add,002673c8,00267488,00267488
0026756c,0,pc_relative_add,002673c8,002674c4,002674c4
0026879f,1,pc_relative_add,002685d0,0026867c,0026867c
00269207,1,pc_relative_add,00268fc0,00269090,00269090
00269214,0,pc_relative_add,00268fc0,002690c8,002690c8
00269220,0,pc_relative_add,00268fc0,00269104,00269104
002693b0,0,pc_relative_add,00269314,00269348,00269348
00269f9f,1,pc_relative_add,00269f00,00269f40,00269f40
00269fb0,0,pc_relative_add,00269f00,00269f54,00269f54
0026a77f,1,pc_relative_add,0026a5a0,0026a5c4,0026a5c4
0026a790,0,pc_relative_add,0026a5a0,0026a5d4,0026a5d4
0026a7a0,0,pc_relative_add,0026a5a0,0026a5e8,0026a5e8
0026a7b4,0,pc_relative_add,0026a5a0,0026a60c,0026a60c
0026a7c0,0,pc_relative_add,0026a5a0,0026a634,0026a634
0026a7d0,0,pc_relative_add,0026a5a0,0026a648,0026a648
0026a7e4,0,pc_relative_add,0026a5a0,0026a660,0026a660
0026a7f4,0,pc_relative_add,0026a5a0,0026a694,0026a694
0026a800,0,pc_relative_add,0026a5a0,0026a6c0,0026a6c0
0026a814,0,pc_relative_add,0026a5a0,0026a6ec,0026a6ec
0026a824,0,pc_relative_add,0026a5a0,0026a718,0026a718
0026a834,0,pc_relative_add,0026a5a0,0026a744,0026a744
0026b587,1,pc_relative_add,0026b028,0026b25c,0026b25c
0026b598,0,pc_relative_add,0026b028,0026b274,0026b274
0026b598,0,pc_relative_add,0026b028,0026b2c0,0026b2c0
0026b5a8,0,pc_relative_add,0026b028,0026b288,0026b288
0026b5bc,0,pc_relative_add,0026b028,0026b2a8,0026b2a8
0026b5cc,0,pc_relative_add,0026b028,0026b2d4,0026b2d4
0026b5e0,0,pc_relative_add,0026b028,0026b2f0,0026b2f0
0026b604,0,pc_relative_add,0026b028,0026b368,0026b368
0026b617,1,pc_relative_add,0026b028,0026b4c0,0026b4c0
0026c298,0,pc_relative_add,0026bb40,0026c228,0026c228
0026c298,0,pc_relative_add,0026bb40,0026c25c,0026c25c
0026e75c,0,pc_relative_add,0026e6ec,0026e718,0026e718
0026e76c,0,pc_relative_add,0026e6ec,0026e728,0026e728
0026e778,0,pc_relative_add,0026e6ec,0026e73c,0026e73c
0026edef,1,pc_relative_add,0026ea88,0026eb94,0026eb94
0026ee04,0,pc_relative_add,0026ea88,0026ec08,0026ec08
0026f1f8,0,pc_relative_add,0026efb0,0026f050,0026f050
0026f1f8,0,pc_relative_add,0026efb0,0026f0cc,0026f0cc
0026f208,0,pc_relative_add,0026efb0,0026f06c,0026f06c
0026f210,0,pc_relative_add,0026efb0,0026f09c,0026f09c
0026f36c,0,pc_relative_add,0026f2ec,0026f310,0026f310
0026f8ef,1,pc_relative_add,0026f520,0026f548,0026f548
0026f908,0,pc_relative_add,0026f520,0026f558,0026f558
0026f908,0,pc_relative_add,0026f520,0026f600,0026f600
0026f91f,1,pc_relative_add,0026f520,0026f58c,0026f58c
0026f938,0,pc_relative_add,0026f520,0026f5bc,0026f5bc
0026f94c,0,pc_relative_add,0026f520,0026f5d4,0026f5d4
0026f95c,0,pc_relative_add,0026f520,0026f614,0026f614
0026f968,0,pc_relative_add,0026f520,0026f640,0026f640
0026f990,0,pc_relative_add,0026f520,0026f6bc,0026f6bc
0026f99c,0,pc_relative_add,0026f520,0026f6fc,0026f6fc
002706df,1,pc_relative_add,00270298,00270344,00270344
002706f0,0,pc_relative_add,00270298,00270358,00270358
002706f0,0,pc_relative_add,00270298,002703d8,002703d8
002706f0,0,pc_relative_add,00270298,00270438,00270438
00270707,1,pc_relative_add,00270298,002703a0,002703a0
00270714,0,pc_relative_add,00270298,002703c4,002703c4
00270727,1,pc_relative_add,00270298,002703f4,002703f4
00270734,0,pc_relative_add,00270298,00270408,00270408
00270734,0,pc_relative_add,00270298,00270834,00270834
00270754,0,pc_relative_add,00270298,00270470,00270470
00270760,0,pc_relative_add,00270298,002704a0,002704a0
00270778,0,pc_relative_add,00270298,00270518,00270518
00270784,0,pc_relative_add,00270298,00270550,00270550
00270790,0,pc_relative_add,00270298,00270580,00270580
0027079c,0,pc_relative_add,00270298,002705f8,002705f8
002707a8,0,pc_relative_add,00270298,00270630,00270630
002707b4,0,pc_relative_add,00270298,00270660,00270660
002707c0,0,pc_relative_add,00270298,002706c4,002706c4
00270a00,0,pc_relative_add,00270298,00270808,00270808
00273138,0,pc_relative_add,00272ce8,00272d90,00272d90
00273148,0,pc_relative_add,00272ce8,00272e54,00272e54
00273158,0,pc_relative_add,00272ce8,00272f08,00272f08
00273168,0,pc_relative_add,00272ce8,00272f48,00272f48
00273178,0,pc_relative_add,00272ce8,00272f84,00272f84
00273188,0,pc_relative_add,00272ce8,00273044,00273044
00273198,0,pc_relative_add,00272ce8,002730e8,002730e8
002734d4,0,pc_relative_add,00272ce8,0027340c,0027340c
00273b4a,2,pc_relative_add,00273918,00273a54,00273a54
00273de6,2,pc_relative_add,00273c00,00273d18,00273d18
0027517f,1,pc_relative_add,00274d20,00274ddc,00274ddc
0027517f,1,pc_relative_add,00274d20,00274ed8,00274ed8
00275190,0,pc_relative_add,00274d20,00274df0,00274df0
0027519c,0,pc_relative_add,00274d20,00274e30,00274e30
0027519c,0,pc_relative_add,00274d20,00274f38,00274f38
002751a8,0,pc_relative_add,00274d20,00274e68,00274e68
002751b8,0,pc_relative_add,00274d20,00274ea8,00274ea8
002751b8,0,literal_pool,00274d20,00275734,00275858
002751c8,0,pc_relative_add,00274d20,00274f4c,00274f4c
0027584c,0,pc_relative_add,00274d20,002754cc,002754cc
00275860,0,pc_relative_add,00274d20,00275750,00275750
0027586c,0,pc_relative_add,00274d20,0027577c,0027577c
0027587c,0,pc_relative_add,00274d20,002757a8,002757a8
00275888,0,pc_relative_add,00274d20,002757c4,002757c4
00275888,0,pc_relative_add,00274d20,002757f4,002757f4
00275898,0,pc_relative_add,00274d20,002757e4,002757e4
0027594c,0,pc_relative_add,00274d20,002758d4,002758d4
00275958,0,pc_relative_add,00274d20,0027590c,0027590c
00275caf,1,pc_relative_add,00275b60,00275b88,00275b88
00275cc4,0,pc_relative_add,00275b60,00275b98,00275b98
00275cd4,0,pc_relative_add,00275b60,00275bcc,00275bcc
00275cd4,0,pc_relative_add,00275b60,00275c3c,00275c3c
00275ce0,0,pc_relative_add,00275b60,00275be4,00275be4
00275ce0,0,pc_relative_add,00275b60,00275c10,00275c10
00275cf0,0,pc_relative_add,00275b60,00275bfc,00275bfc
00275cf0,0,pc_relative_add,00275b60,00275c78,00275c78
00276804,0,pc_relative_add,00276784,002767e8,002767e8
00276d17,1,pc_relative_add,00276c58,00276c90,00276c90
00276d28,0,pc_relative_add,00276c58,00276ca0,00276ca0
00276d34,0,pc_relative_add,00276c58,00276ccc,00276ccc
00276d44,0,pc_relative_add,00276c58,00276cf8,00276cf8
00276e30,0,pc_relative_add,00276e04,00276e14,00276e14
00279eb7,1,pc_relative_add,00279a58,00279b14,00279b14
00279ec4,0,pc_relative_add,00279a58,00279b28,00279b28
00279ed0,0,pc_relative_add,00279a58,00279b8c,00279b8c
00279ee0,0,pc_relative_add,00279a58,00279ba0,00279ba0
00279ef0,0,pc_relative_add,00279a58,00279be0,00279be0
00279f00,0,pc_relative_add,00279a58,00279c10,00279c10
0027a19c,0,pc_relative_add,00279a58,00279fdc,00279fdc
0027a1ac,0,pc_relative_add,00279a58,00279fec,00279fec
0027a1b8,0,pc_relative_add,00279a58,0027a01c,0027a01c
0027a1c8,0,pc_relative_add,00279a58,0027a054,0027a054
0027a1e8,0,pc_relative_add,00279a58,0027a0cc,0027a0cc
0027a1f4,0,pc_relative_add,00279a58,0027a12c,0027a12c
0027a5c0,0,pc_relative_add,0027a2e0,0027a4c8,0027a4c8
0027a5cc,0,pc_relative_add,0027a2e0,0027a4f8,0027a4f8
0027a5d8,0,pc_relative_add,0027a2e0,0027a528,0027a528
0027a5e4,0,pc_relative_add,0027a2e0,0027a558,0027a558
0027ad24,0,pc_relative_add,0027abf0,0027ac20,0027ac20
0027ad34,0,pc_relative_add,0027abf0,0027ac34,0027ac34
0027ad44,0,pc_relative_add,0027abf0,0027ac88,0027ac88
0027ad54,0,pc_relative_add,0027abf0,0027acc8,0027acc8
0027d236,2,pc_relative_add,0027ccb0,0027ce80,0027ce80
0027d26f,1,pc_relative_add,0027ccb0,0027cefc,0027cefc
0027d284,0,pc_relative_add,0027ccb0,0027cf10,0027cf10
0027d294,0,pc_relative_add,0027ccb0,0027cf24,0027cf24
0027d2a8,0,pc_relative_add,0027ccb0,0027cf40,0027cf40
0027d2b8,0,pc_relative_add,0027ccb0,0027cf5c,0027cf5c
0027d2e0,0,pc_relative_add,0027ccb0,0027cfc8,0027cfc8
0027d2ec,0,pc_relative_add,0027ccb0,0027d018,0027d018
0027d2f8,0,pc_relative_add,0027ccb0,0027d054,0027d054
0027d308,0,pc_relative_add,0027ccb0,0027d064,0027d064
0027d318,0,pc_relative_add,0027ccb0,0027d104,0027d104
0027d330,0,pc_relative_add,0027ccb0,0027d180,0027d180
0027d340,0,pc_relative_add,0027ccb0,0027d190,0027d190
0027d357,1,pc_relative_add,0027ccb0,0027d1dc,0027d1dc
0027dd27,1,pc_relative_add,0027dc38,0027dc6c,0027dc6c
0027dd38,0,pc_relative_add,0027dc38,0027dc88,0027dc88
0027dd38,0,pc_relative_add,0027dc38,0027dcdc,0027dcdc
0027dd48,0,pc_relative_add,0027dc38,0027dcb0,0027dcb0
0027dd58,0,pc_relative_add,0027dc38,0027dd08,0027dd08
0027e417,1,pc_relative_add,0027e310,0027e370,0027e370
0027e42c,0,pc_relative_add,0027e310,0027e380,0027e380
0027e438,0,pc_relative_add,0027e310,0027e394,0027e394
0027ea44,0,pc_relative_add,0027e890,0027e974,0027e974
00280284,0,pc_relative_add,00280000,00280160,00280160
00280290,0,pc_relative_add,00280000,00280170,00280170
0028029c,0,pc_relative_add,00280000,002801c8,002801c8
002802ac,0,pc_relative_add,00280000,002801dc,002801dc
002802bc,0,pc_relative_add,00280000,002801f8,002801f8
0028112c,0,pc_relative_add,00280ed0,00281040,00281040
002817d8,0,pc_relative_add,00281674,002816ac,002816ac
002817d8,0,pc_relative_add,00281674,002816c4,002816c4
002817ec,0,pc_relative_add,00281674,002816d4,002816d4
002817f4,0,pc_relative_add,00281674,002816e8,002816e8
002817fc,0,pc_relative_add,00281674,00281718,00281718
0028180b,1,pc_relative_add,00281674,00281780,00281780
00282657,1,pc_relative_add,00282530,00282584,00282584
00282657,1,pc_relative_add,00282530,002825ac,002825ac
00282668,0,pc_relative_add,00282530,00282598,00282598
00283778,0,pc_relative_add,0028367c,0028371c,0028371c
002849c0,0,pc_relative_add,00284530,00284874,00284874
002849d0,0,pc_relative_add,00284530,002848a4,002848a4
002849dc,0,pc_relative_add,00284530,002848bc,002848bc
002849e8,0,pc_relative_add,00284530,002848d4,002848d4
002849f4,0,pc_relative_add,00284530,002848ec,002848ec
00284a00,0,pc_relative_add,00284530,00284904,00284904
00284a0c,0,pc_relative_add,00284530,0028491c,0028491c
00284a18,0,pc_relative_add,00284530,00284934,00284934
00284a24,0,pc_relative_add,00284530,0028494c,0028494c
00284a2c,0,pc_relative_add,00284530,00284964,00284964
00284a38,0,pc_relative_add,00284530,0028497c,0028497c
00284a40,0,pc_relative_add,00284530,00284994,00284994
00284a48,0,pc_relative_add,00284530,002849a8,002849a8
00284d5c,0,pc_relative_add,00284530,00284a6c,00284a6c
00284d68,0,pc_relative_add,00284530,00284a84,00284a84
00284d74,0,pc_relative_add,00284530,00284a9c,00284a9c
00284d80,0,pc_relative_add,00284530,00284ab4,00284ab4
00284d90,0,pc_relative_add,00284530,00284acc,00284acc
00286607,1,pc_relative_add,002864f0,0028651c,0028651c
0028661c,0,pc_relative_add,002864f0,00286560,00286560
0028661c,0,pc_relative_add,002864f0,002865b8,002865b8
0028662c,0,pc_relative_add,002864f0,00286578,00286578
00286638,0,pc_relative_add,002864f0,002865a4,002865a4
00286868,0,pc_relative_add,00286754,00286788,00286788
00286868,0,pc_relative_add,00286754,002867a0,002867a0
0028687c,0,pc_relative_add,00286754,002867b0,002867b0
00286884,0,pc_relative_add,00286754,002867c4,002867c4
0028688f,1,pc_relative_add,00286754,0028681c,0028681c
00286d50,0,pc_relative_add,00286ce8,00286d00,00286d00
00286ef8,0,pc_relative_add,00286d64,00286df8,00286df8
00286ef8,0,pc_relative_add,00286d64,00286e08,00286e08
00286f28,0,pc_relative_add,00286d64,00286ea0,00286ea0
00287220,0,pc_relative_add,00287164,0028718c,0028718c
00287220,0,pc_relative_add,00287164,002871e0,002871e0
00287220,0,literal_pool,001671a4,001672e4,00167344
00287230,0,pc_relative_add,00287164,002871a0,002871a0
00287230,0,literal_pool,001671a4,001672f8,00167348
00287308,0,pc_relative_add,0028724c,00287274,00287274
00287308,0,pc_relative_add,0028724c,002872c8,002872c8
00287308,0,literal_pool,001671a4,001672b8,0016733c
00287314,0,pc_relative_add,0028724c,00287288,00287288
00287314,0,literal_pool,001671a4,001672cc,00167340
0028780c,0,pc_relative_add,00287778,00287794,00287794
0028780c,0,literal_pool,00167cf0,00167e44,00167fc4
00287dcf,1,pc_relative_add,00287858,00287a08,00287a08
00287de4,0,pc_relative_add,00287858,00287a4c,00287a4c
00287df4,0,pc_relative_add,00287858,00287a60,00287a60
00287e00,0,pc_relative_add,00287858,00287a90,00287a90
00287e10,0,pc_relative_add,00287858,00287adc,00287adc
00288af7,1,pc_relative_add,00288338,00288744,00288744
00288b0f,1,pc_relative_add,00288338,00288770,00288770
00288b48,0,pc_relative_add,00288338,00288984,00288984
00288b58,0,pc_relative_add,00288338,002889b8,002889b8
00288e97,1,pc_relative_add,00288338,00288bd4,00288bd4
0028ab4c,0,pc_relative_add,0028a9d0,0028ab04,0028ab04
0028b05f,1,pc_relative_add,0028b058,0028af40,0028af40
0028b070,0,pc_relative_add,0028b058,0028af64,0028af64
0028b620,0,pc_relative_add,0028b058,0028b280,0028b280
0028b620,12,pc_relative_add,0028b058,0028b318,0028b318
0028be5c,0,pc_relative_add,0028b058,0028babc,0028babc
0028be74,0,pc_relative_add,0028b058,0028be50,0028be50
0028c240,0,pc_relative_add,0028b058,0028be98,0028be98
0028c704,0,pc_relative_add,0028b058,0028c3f0,0028c3f0
0028c704,12,pc_relative_add,0028b058,0028c4f0,0028c4f0
0028c704,12,pc_relative_add,0028b058,0028c574,0028c574
0028c714,0,pc_relative_add,0028b058,0028c400,0028c400
0028c720,0,pc_relative_add,0028b058,0028c414,0028c414
0028c734,0,pc_relative_add,0028b058,0028c438,0028c438
0028c754,0,pc_relative_add,0028b058,0028c4c4,0028c4c4
0028c75c,0,pc_relative_add,0028b058,0028c51c,0028c51c
0028c76c,0,pc_relative_add,0028b058,0028c53c,0028c53c
0028cc30,0,pc_relative_add,0028cb80,0028cb9c,0028cb9c
0028cc3c,0,pc_relative_add,0028cb80,0028cbcc,0028cbcc
0028cc48,0,pc_relative_add,0028cb80,0028cbfc,0028cbfc
0028d0a0,0,pc_relative_add,0028d054,0028d06c,0028d06c
0028d450,0,pc_relative_add,0028d420,0028d43c,0028d43c
0028d65c,0,pc_relative_add,0028d4cc,0028d528,0028d528
0028dc8f,1,pc_relative_add,0028d7b0,0028d8e8,0028d8e8
0028dca4,0,pc_relative_add,0028d7b0,0028d8fc,0028d8fc
0028dca4,0,pc_relative_add,0028d7b0,0028d9a0,0028d9a0
0028dca4,0,pc_relative_add,0028d7b0,0028da64,0028da64
0028dcb4,0,pc_relative_add,0028d7b0,0028d910,0028d910
0028dccf,1,pc_relative_add,0028d7b0,0028d930,0028d930
0028dcf4,0,pc_relative_add,0028d7b0,0028d98c,0028d98c
0028dd04,0,pc_relative_add,0028d7b0,0028d9e4,0028d9e4
0028dd14,0,pc_relative_add,0028d7b0,0028da14,0028da14
0028e3d7,1,pc_relative_add,0028dec8,0028e03c,0028e03c
0028e3e8,0,pc_relative_add,0028dec8,0028e064,0028e064
0028e3f4,0,pc_relative_add,0028dec8,0028e098,0028e098
0028e400,0,pc_relative_add,0028dec8,0028e0e4,0028e0e4
0028e400,0,pc_relative_add,0028dec8,0028e110,0028e110
0028e410,0,pc_relative_add,0028dec8,0028e148,0028e148
0028e41c,0,pc_relative_add,0028dec8,0028e15c,0028e15c
0028e438,0,pc_relative_add,0028dec8,0028e18c,0028e18c
0028e438,0,pc_relative_add,0028dec8,0028e230,0028e230
0028e448,0,pc_relative_add,0028dec8,0028e1c0,0028e1c0
0028e454,0,pc_relative_add,0028dec8,0028e208,0028e208
0028e468,0,pc_relative_add,0028dec8,0028e2a0,0028e2a0
0028e47c,0,pc_relative_add,0028dec8,0028e2d8,0028e2d8
0028e48c,0,pc_relative_add,0028dec8,0028e310,0028e310
0028e498,0,pc_relative_add,0028dec8,0028e344,0028e344
0028e5f8,0,pc_relative_add,0028dec8,0028e4c4,0028e4c4
0028e60f,1,pc_relative_add,0028dec8,0028e564,0028e564
0028eb1f,1,pc_relative_add,0028ea10,0028ea90,0028ea90
0028eb2c,0,pc_relative_add,0028ea10,0028eaa4,0028eaa4
0028eb2c,0,pc_relative_add,0028ea10,0028eae0,0028eae0
0028eb38,0,pc_relative_add,0028ea10,0028eacc,0028eacc
0028f11f,1,pc_relative_add,0028f090,0028f0c4,0028f0c4
0028f130,0,pc_relative_add,0028f090,0028f0d4,0028f0d4
0028f140,0,pc_relative_add,0028f090,0028f100,0028f100
0028fdb0,0,pc_relative_add,0028fc54,0028fca0,0028fca0
0028fdbc,0,pc_relative_add,0028fc54,0028fcb4,0028fcb4
002901a8,0,pc_relative_add,0028fdc8,0028fdfc,0028fdfc
002901c8,0,pc_relative_add,0028fdc8,002900c8,002900c8
002901d4,0,pc_relative_add,0028fdc8,00290118,00290118
00290e08,0,pc_relative_add,00290dac,00290dd4,00290dd4
00290e08,0,literal_pool,00159e88,0015a074,0015a32c
00290e14,0,pc_relative_add,00290dac,00290de8,00290de8
00290e14,0,literal_pool,00159e88,0015a088,0015a330
00291278,0,pc_relative_add,00291174,00291198,00291198
00291ef0,0,pc_relative_add,00291d30,00291d74,00291d74
00292394,0,pc_relative_add,00292050,0029212c,0029212c
00292394,0,pc_relative_add,00292050,00292240,00292240
00293380,0,pc_relative_add,002932cc,00293340,00293340
002936df,1,pc_relative_add,00293558,0029358c,0029358c
002936df,13,pc_relative_add,00293558,00293648,00293648
002936f4,0,pc_relative_add,00293558,0029359c,0029359c
0029371c,0,pc_relative_add,00293558,00293610,00293610
00293724,0,pc_relative_add,00293558,00293670,00293670
00293a8f,1,pc_relative_add,00293920,00293998,00293998
00293a9c,0,pc_relative_add,00293920,002939ac,002939ac
00293aa8,0,pc_relative_add,00293920,002939d8,002939d8
00293ab4,0,pc_relative_add,00293920,00293a18,00293a18
00293c6f,1,pc_relative_add,00293ae8,00293b68,00293b68
00293c7c,0,pc_relative_add,00293ae8,00293b7c,00293b7c
00293c88,0,pc_relative_add,00293ae8,00293bac,00293bac
00293c94,0,pc_relative_add,00293ae8,00293c00,00293c00
002943dc,0,pc_relative_add,00294394,002943a4,002943a4
002946a2,2,pc_relative_add,002943f0,002944d8,002944d8
002946d7,1,pc_relative_add,002943f0,002944fc,002944fc
00294ae8,0,pc_relative_add,00294768,002948e4,002948e4
00294b14,0,pc_relative_add,00294768,00294a18,00294a18
00294d98,0,pc_relative_add,00294bd8,00294c4c,00294c4c
00294db4,0,pc_relative_add,00294bd8,00294c7c,00294c7c
00295137,1,pc_relative_add,00294e40,00294f38,00294f38
0029514c,0,pc_relative_add,00294e40,00294f68,00294f68
0029515c,0,pc_relative_add,00294e40,00294f7c,00294f7c
0029515c,0,pc_relative_add,00294e40,002950a4,002950a4
00295180,0,pc_relative_add,00294e40,00294fcc,00294fcc
00295194,0,pc_relative_add,00294e40,00294fd8,00294fd8
002951af,1,pc_relative_add,00294e40,00295008,00295008
002951cc,0,pc_relative_add,00294e40,0029506c,0029506c
002951dc,0,pc_relative_add,00294e40,002950b0,002950b0
002951dc,0,pc_relative_add,00294e40,00295230,00295230
002951ec,0,pc_relative_add,00294e40,002950c4,002950c4
00295200,0,pc_relative_add,00294e40,002950e0,002950e0
00295200,0,pc_relative_add,00294e40,00295260,00295260
00295210,0,pc_relative_add,00294e40,002950f4,002950f4
0029539c,0,pc_relative_add,00294e40,00295224,00295224
002953ac,0,pc_relative_add,00294e40,00295244,00295244
002953c0,0,pc_relative_add,00294e40,00295274,00295274
00295c6f,1,pc_relative_add,00295900,00295980,00295980
002969ec,0,pc_relative_add,00296618,002967b4,002967b4
0029a9f6,2,pc_relative_add,0029a7cc,0029a808,0029a808
002e1974,0,pc_relative_add,002e1874,002e18b8,002e18b8
002e253f,1,pc_relative_add,002e2050,002e219c,002e219c
002e2550,0,pc_relative_add,002e2050,002e21bc,002e21bc
002e255c,0,pc_relative_add,002e2050,002e21d0,002e21d0
002e256c,0,pc_relative_add,002e2050,002e21e4,002e21e4
002e257c,0,pc_relative_add,002e2050,002e21f8,002e21f8
002e258c,0,pc_relative_add,002e2050,002e220c,002e220c
002e259c,0,pc_relative_add,002e2050,002e2220,002e2220
002e25a8,0,pc_relative_add,002e2050,002e2234,002e2234
002e25a8,0,pc_relative_add,002e2050,002e2450,002e2450
002e25b4,0,pc_relative_add,002e2050,002e2248,002e2248
002e25cc,0,pc_relative_add,002e2050,002e2258,002e2258
002e25e4,0,pc_relative_add,002e2050,002e2268,002e2268
002e25fc,0,pc_relative_add,002e2050,002e2278,002e2278
002e2614,0,pc_relative_add,002e2050,002e2288,002e2288
002e2a1b,1,pc_relative_add,002e28f8,002e29c4,002e29c4
002e2a34,0,pc_relative_add,002e28f8,002e29c8,002e29c8
002e317f,1,pc_relative_add,002e2d20,002e2e90,002e2e90
002e3190,0,pc_relative_add,002e2d20,002e2ea4,002e2ea4
002e31a0,0,pc_relative_add,002e2d20,002e2eb8,002e2eb8
002e31bf,1,pc_relative_add,002e2d20,002e2edc,002e2edc
002e31d7,1,pc_relative_add,002e2d20,002e2efc,002e2efc
002e31e8,0,pc_relative_add,002e2d20,002e2f10,002e2f10
002e31e8,0,pc_relative_add,002e2d20,002e2f64,002e2f64
002e31e8,0,pc_relative_add,002e2d20,002e2fa4,002e2fa4
002e31f4,0,pc_relative_add,002e2d20,002e2f34,002e2f34
002e3204,0,pc_relative_add,002e2d20,002e2f78,002e2f78
002e36cc,0,pc_relative_add,002e2d20,002e3540,002e3540
002e36e4,0,pc_relative_add,002e2d20,002e3550,002e3550
002e3eef,1,pc_relative_add,002e3a50,002e3b50,002e3b50
002e3efc,0,pc_relative_add,002e3a50,002e3b7c,002e3b7c
002e3f08,0,pc_relative_add,002e3a50,002e3b94,002e3b94
002e3f24,0,pc_relative_add,002e3a50,002e3bac,002e3bac
002e3f24,0,pc_relative_add,002e3a50,002e3cf8,002e3cf8
002e3f30,0,pc_relative_add,002e3a50,002e3bd4,002e3bd4
002e3f30,0,pc_relative_add,002e3a50,002e3d24,002e3d24
002e3f38,0,pc_relative_add,002e3a50,002e3bfc,002e3bfc
002e3f48,0,pc_relative_add,002e3a50,002e3c24,002e3c24
002e3f58,0,pc_relative_add,002e3a50,002e3c60,002e3c60
002e3f64,0,pc_relative_add,002e3a50,002e3c9c,002e3c9c
002e3f70,0,pc_relative_add,002e3a50,002e3cdc,002e3cdc
002e3f8c,0,pc_relative_add,002e3a50,002e3d50,002e3d50
002e3f9c,0,pc_relative_add,002e3a50,002e3d78,002e3d78
002e3fac,0,pc_relative_add,002e3a50,002e3db4,002e3db4
002e3fac,0,pc_relative_add,002e3a50,002e3de4,002e3de4
002e3fb8,0,pc_relative_add,002e3a50,002e3dcc,002e3dcc
002e3fe0,0,pc_relative_add,002e3a50,002e3e44,002e3e44
002e3fec,0,pc_relative_add,002e3a50,002e3eb0,002e3eb0
002e42e7,1,pc_relative_add,002e4110,002e416c,002e416c
002e42f8,0,pc_relative_add,002e4110,002e4180,002e4180
002e42f8,0,pc_relative_add,002e4110,002e4200,002e4200
002e42f8,0,pc_relative_add,002e4110,002e422c,002e422c
002e4304,0,pc_relative_add,002e4110,002e41a4,002e41a4
002e4314,0,pc_relative_add,002e4110,002e41d4,002e41d4
002e4320,0,pc_relative_add,002e4110,002e4270,002e4270
002e4320,0,pc_relative_add,002e4110,002e4294,002e4294
002e4438,0,pc_relative_add,002e436c,002e4390,002e4390
002e4560,0,pc_relative_add,002e4464,002e44a0,002e44a0
002e4560,0,pc_relative_add,002e4464,002e44b4,002e44b4
002e45c8,0,pc_relative_add,002e458c,002e45a8,002e45a8
002e46ac,0,pc_relative_add,002e45d0,002e4604,002e4604
002e46ac,0,pc_relative_add,002e45d0,002e4618,002e4618
002e4a5f,1,pc_relative_add,002e4700,002e47f8,002e47f8
002e4a6c,0,pc_relative_add,002e4700,002e4830,002e4830
002e4a6c,0,pc_relative_add,002e4700,002e49f4,002e49f4
002e4a80,0,pc_relative_add,002e4700,002e4888,002e4888
002e4a90,0,pc_relative_add,002e4700,002e48c0,002e48c0
002e5320,0,pc_relative_add,002e5248,002e5278,002e5278
002e5410,0,pc_relative_add,002e534c,002e5370,002e5370
002e553c,0,pc_relative_add,002e5470,002e5494,002e5494
002e5680,0,pc_relative_add,002e5644,002e5660,002e5660
002e5997,1,pc_relative_add,002e5688,002e577c,002e577c
002e59b0,0,pc_relative_add,002e5688,002e57ac,002e57ac
002e5b1c,0,pc_relative_add,002e5a48,002e5ae4,002e5ae4
002e5d90,0,pc_relative_add,002e5b28,002e5c98,002e5c98
002e648c,0,pc_relative_add,002e5ff0,002e6164,002e6164
002e649c,0,pc_relative_add,002e5ff0,002e6170,002e6170
002e64c2,2,pc_relative_add,002e5ff0,002e6188,002e6188
002e64f2,2,pc_relative_add,002e5ff0,002e61a0,002e61a0
002e6550,0,pc_relative_add,002e5ff0,002e6310,002e6310
002e6564,0,pc_relative_add,002e5ff0,002e631c,002e631c
002e657f,1,pc_relative_add,002e5ff0,002e633c,002e633c
002e658c,0,pc_relative_add,002e5ff0,002e6398,002e6398
002e73e7,1,pc_relative_add,002e72d8,002e7358,002e7358
002e73f4,0,pc_relative_add,002e72d8,002e736c,002e736c
002e73f4,0,pc_relative_add,002e72d8,002e73a8,002e73a8
002e7400,0,pc_relative_add,002e72d8,002e7394,002e7394
002ea738,0,pc_relative_add,002ea584,002ea608,002ea608
002ea744,0,pc_relative_add,002ea584,002ea634,002ea634
002ea750,0,pc_relative_add,002ea584,002ea654,002ea654
002ebcb8,0,pc_relative_add,002ebc60,002ebc7c,002ebc7c
002ed550,0,pc_relative_add,002ed3d0,002ed450,002ed450
002ed55c,0,pc_relative_add,002ed3d0,002ed470,002ed470
002edc6c,0,pc_relative_add,002eda10,002eda30,002eda30
002edd88,0,pc_relative_add,002edc88,002edc98,002edc98
002ef3af,1,pc_relative_add,002ef290,002ef2f0,002ef2f0
002f1632,2,pc_relative_add,002f115c,002f1290,002f1290
002f1640,0,pc_relative_add,002f115c,002f138c,002f138c
002f1654,0,pc_relative_add,002f115c,002f14b8,002f14b8
002f1668,0,pc_relative_add,002f115c,002f1594,002f1594
002f1c48,0,pc_relative_add,002f1b20,002f1b94,002f1b94
002f4ee0,0,pc_relative_add,002f4e4c,002f4e64,002f4e64
002f4ee0,0,pc_relative_add,002f4e4c,002f4ea8,002f4ea8
002f4eec,0,pc_relative_add,002f4e4c,002f4e88,002f4e88
002f5217,1,pc_relative_add,002f4f70,002f5048,002f5048
002f5228,0,pc_relative_add,002f4f70,002f5060,002f5060
002f523c,0,pc_relative_add,002f4f70,002f5074,002f5074
002f5248,0,pc_relative_add,002f4f70,002f5088,002f5088
002f5248,0,pc_relative_add,002f4f70,002f50b8,002f50b8
002f525c,0,pc_relative_add,002f4f70,002f50a4,002f50a4
002f5268,0,pc_relative_add,002f4f70,002f50d4,002f50d4
002f5268,0,pc_relative_add,002f4f70,002f5124,002f5124
002f5274,0,pc_relative_add,002f4f70,002f5100,002f5100
002f5294,0,pc_relative_add,002f4f70,002f51a4,002f51a4
002f5528,0,pc_relative_add,002f539c,002f53bc,002f53bc
002f5534,0,pc_relative_add,002f539c,002f5400,002f5400
002f5544,0,pc_relative_add,002f539c,002f5414,002f5414
002f5554,0,pc_relative_add,002f539c,002f542c,002f542c
002f5564,0,pc_relative_add,002f539c,002f5468,002f5468
002f5570,0,pc_relative_add,002f539c,002f547c,002f547c
002f5580,0,pc_relative_add,002f539c,002f5498,002f5498
002f558c,0,pc_relative_add,002f539c,002f54c8,002f54c8
002f559c,0,pc_relative_add,002f539c,002f54dc,002f54dc
002f55ac,0,pc_relative_add,002f539c,002f54f8,002f54f8
002f57b4,0,pc_relative_add,002f55ec,002f563c,002f563c
002f57c0,0,pc_relative_add,002f55ec,002f5660,002f5660
002f57d0,0,pc_relative_add,002f55ec,002f5674,002f5674
002f57e0,0,pc_relative_add,002f55ec,002f568c,002f568c
002f5d4c,0,pc_relative_add,002f57f0,002f59bc,002f59bc
002f5d5c,0,pc_relative_add,002f57f0,002f5a30,002f5a30
002f5d68,0,pc_relative_add,002f57f0,002f5a74,002f5a74
002f5d74,0,pc_relative_add,002f57f0,002f5aac,002f5aac
002f5d80,0,pc_relative_add,002f57f0,002f5ad8,002f5ad8
002f5d90,0,pc_relative_add,002f57f0,002f5b04,002f5b04
002f5da0,0,pc_relative_add,002f57f0,002f5b44,002f5b44
002f5dac,0,pc_relative_add,002f57f0,002f5b58,002f5b58
002f5dbc,0,pc_relative_add,002f57f0,002f5b74,002f5b74
002f5dbc,0,pc_relative_add,002f57f0,002f5ba8,002f5ba8
002f5dc8,0,pc_relative_add,002f57f0,002f5bd4,002f5bd4
002f6100,0,pc_relative_add,002f6088,002f60c0,002f60c0
002f6274,0,pc_relative_add,002f617c,002f61ac,002f61ac
002f6274,0,pc_relative_add,002f617c,002f6210,002f6210
002f6274,0,literal_pool,0023a3a8,0023a888,0023ab84
002f6274,0,literal_pool,0023a3a8,0023ae74,0023ab84
002f6274,0,literal_pool,002f62a8,002f630c,002f63d0
002f6284,0,pc_relative_add,002f617c,002f61e0,002f61e0
002f6284,0,pc_relative_add,002f617c,002f6240,002f6240
002f6284,0,literal_pool,0023a3a8,0023a8c4,0023ab88
002f6284,0,literal_pool,0023a3a8,0023aea4,0023ab88
002f6284,0,literal_pool,002f62a8,002f6338,002f63d8
002f6294,0,pc_relative_add,002f617c,002f6224,002f6224
002f6294,0,pc_relative_add,002f617c,002f6254,002f6254
002f6294,0,literal_pool,0023a3a8,0023ae88,0023af30
002f6294,0,literal_pool,0023a3a8,0023aeb8,0023af30
002f6294,0,literal_pool,002f62a8,002f6320,002f63d4
002f6294,0,literal_pool,002f62a8,002f634c,002f63d4
002f6614,0,pc_relative_add,002f651c,002f654c,002f654c
002f6614,0,pc_relative_add,002f651c,002f65b0,002f65b0
002f6614,0,literal_pool,0023a3a8,0023a7fc,0023ab7c
002f6614,0,literal_pool,0023a3a8,0023ae08,0023ab7c
002f6614,0,literal_pool,002f62a8,002f62b8,002f63c4
002f6624,0,pc_relative_add,002f651c,002f6580,002f6580
002f6624,0,pc_relative_add,002f651c,002f65e0,002f65e0
002f6624,0,literal_pool,0023a3a8,0023a838,0023ab80
002f6624,0,literal_pool,0023a3a8,0023ae38,0023ab80
002f6624,0,literal_pool,002f62a8,002f62e0,002f63cc
002f6634,0,pc_relative_add,002f651c,002f65c4,002f65c4
002f6634,0,pc_relative_add,002f651c,002f65f4,002f65f4
002f6634,0,literal_pool,0023a3a8,0023ae1c,0023af2c
002f6634,0,literal_pool,0023a3a8,0023ae4c,0023af2c
002f6634,0,literal_pool,002f62a8,002f62c8,002f63c8
002f6634,0,literal_pool,002f62a8,002f62f4,002f63c8
002f6740,0,pc_relative_add,002f6648,002f6678,002f6678
002f6740,0,pc_relative_add,002f6648,002f66dc,002f66dc
002f6740,0,literal_pool,0023a3a8,0023a910,0023ab8c
002f6740,0,literal_pool,0023a3a8,0023af34,0023ab8c
002f6740,0,literal_pool,002f62a8,002f6364,002f63dc
002f6750,0,pc_relative_add,002f6648,002f66ac,002f66ac
002f6750,0,pc_relative_add,002f6648,002f670c,002f670c
002f6750,0,literal_pool,0023a3a8,0023a94c,0023ab90
002f6750,0,literal_pool,0023a3a8,0023af64,0023ab90
002f6750,0,literal_pool,002f62a8,002f6390,002f63e4
002f6760,0,pc_relative_add,002f6648,002f66f0,002f66f0
002f6760,0,pc_relative_add,002f6648,002f6720,002f6720
002f6760,0,literal_pool,0023a3a8,0023af48,0023afa0
002f6760,0,literal_pool,0023a3a8,0023af78,0023afa0
002f6760,0,literal_pool,002f62a8,002f6378,002f63e0
002f6760,0,literal_pool,002f62a8,002f63a4,002f63e0
002f6f24,0,pc_relative_add,002f6bd8,002f6c10,002f6c10
002f6f3c,0,pc_relative_add,002f6bd8,002f6f10,002f6f10
002f6f80,0,pc_relative_add,002f6bd8,002f6f5c,002f6f5c
002f6f94,0,pc_relative_add,002f6bd8,002f6f60,002f6f60
002f7104,0,pc_relative_add,002f7070,002f70a0,002f70a0
002f7104,0,pc_relative_add,002f7070,002f70d0,002f70d0
002f7104,0,literal_pool,002f71e0,002f73d4,002f7594
002f7104,0,literal_pool,002f71e0,002f74bc,002f7594
002f7114,0,pc_relative_add,002f7070,002f70e4,002f70e4
002f7114,0,literal_pool,002f71e0,002f74d0,002f75ac
002f71bc,0,pc_relative_add,002f7128,002f7158,002f7158
002f71bc,0,pc_relative_add,002f7128,002f7188,002f7188
002f71bc,0,literal_pool,002f71e0,002f7420,002f7598
002f71bc,0,literal_pool,002f71e0,002f75b0,002f7598
002f71cc,0,pc_relative_add,002f7128,002f719c,002f719c
002f71cc,0,literal_pool,002f71e0,002f75c4,002f75ec
002f74ff,1,pc_relative_add,002f71e0,002f7248,002f7248
002f750c,0,pc_relative_add,002f71e0,002f7260,002f7260
002f7518,0,pc_relative_add,002f71e0,002f7274,002f7274
002f7528,0,pc_relative_add,002f71e0,002f72a0,002f72a0
002f753c,0,pc_relative_add,002f71e0,002f72d8,002f72d8
002f7548,0,pc_relative_add,002f71e0,002f72ec,002f72ec
002f7558,0,pc_relative_add,002f71e0,002f7308,002f7308
002f7564,0,pc_relative_add,002f71e0,002f731c,002f731c
002f7574,0,pc_relative_add,002f71e0,002f7338,002f7338
002f7580,0,pc_relative_add,002f71e0,002f734c,002f734c
002f759c,0,pc_relative_add,002f71e0,002f7460,002f7460
002f7684,0,pc_relative_add,002f75f0,002f7620,002f7620
002f7684,0,pc_relative_add,002f75f0,002f7650,002f7650
002f7684,0,literal_pool,002f71e0,002f7388,002f7590
002f7684,0,literal_pool,002f71e0,002f7480,002f7590
002f7694,0,pc_relative_add,002f75f0,002f7664,002f7664
002f7694,0,literal_pool,002f71e0,002f7494,002f75a8
002f7800,0,pc_relative_add,002f7780,002f77c0,002f77c0
002f7c8c,4,pc_relative_add,002f791c,002f793c,002f793c
002f7ca4,0,pc_relative_add,002f791c,002f7970,002f7970
002f7cb0,0,pc_relative_add,002f791c,002f7984,002f7984
002f7cc4,0,pc_relative_add,002f791c,002f79e4,002f79e4
002f7cc4,0,pc_relative_add,002f791c,002f7af4,002f7af4
002f7cc4,0,pc_relative_add,002f791c,002f7bd8,002f7bd8
002f7cc4,12,pc_relative_add,002f791c,002f7be8,002f7be8
002f7cc4,12,pc_relative_add,002f791c,002f7c14,002f7c14
002f7cc4,12,pc_relative_add,002f791c,002f7c40,002f7c40
002f7cc4,12,pc_relative_add,002f791c,002f7c6c,002f7c6c
002f7cd4,0,pc_relative_add,002f791c,002f7a20,002f7a20
002f7cd4,0,pc_relative_add,002f791c,002f7b34,002f7b34
002f7cd4,0,pc_relative_add,002f791c,002f7c04,002f7c04
002f7ce4,0,pc_relative_add,002f791c,002f7a5c,002f7a5c
002f7ce4,0,pc_relative_add,002f791c,002f7b74,002f7b74
002f7ce4,0,pc_relative_add,002f791c,002f7c30,002f7c30
002f7cf8,0,pc_relative_add,002f791c,002f7c5c,002f7c5c
002f7d4c,0,pc_relative_add,002f7d08,002f7d1c,002f7d1c
002f7d4c,0,literal_pool,002f791c,002f7a80,002f7cf4
002f7d4c,0,literal_pool,002f791c,002f7b9c,002f7cf4
002f7fef,1,pc_relative_add,002f7f20,002f7fa0,002f7fa0
002f82ff,1,pc_relative_add,002f8050,002f823c,002f823c
002f8477,1,pc_relative_add,002f8328,002f83fc,002f83fc
002f8e80,0,pc_relative_add,002f8b70,002f8d64,002f8d64
002f8e80,0,pc_relative_add,002f8b70,002f8df4,002f8df4
002f9744,0,pc_relative_add,002f93e0,002f9440,002f9440
002f999c,0,pc_relative_add,002f93e0,002f9914,002f9914
002f9e38,0,pc_relative_add,002f9dc8,002f9ddc,002f9ddc
002fa8f7,1,pc_relative_add,002fa478,002fa5e0,002fa5e0
002fa90c,0,pc_relative_add,002fa478,002fa5f4,002fa5f4
002fa90c,0,pc_relative_add,002fa478,002fa638,002fa638
002fa91f,1,pc_relative_add,002fa478,002fa624,002fa624
002fa937,1,pc_relative_add,002fa478,002fa664,002fa664
002fa948,0,pc_relative_add,002fa478,002fa67c,002fa67c
002fa954,0,pc_relative_add,002fa478,002fa690,002fa690
002fa984,0,pc_relative_add,002fa478,002fa838,002fa838
002fb344,0,pc_relative_add,002fa478,002fb120,002fb120
002fb350,0,pc_relative_add,002fa478,002fb150,002fb150
002fc364,0,pc_relative_add,002fc3ac,002fc020,002fc020
002fc364,0,pc_relative_add,002fc3ac,002fc1fc,002fc1fc
002fc364,0,pc_relative_add,002fc3ac,002fc22c,002fc22c
002fc378,0,pc_relative_add,002fc3ac,002fc064,002fc064
002fc378,0,pc_relative_add,002fc3ac,002fc0b8,002fc0b8
002fc378,0,pc_relative_add,002fc3ac,002fc158,002fc158
002fc378,0,pc_relative_add,002fc3ac,002fc1b8,002fc1b8
002fc378,0,pc_relative_add,002fc3ac,002fc2d8,002fc2d8
002fc378,0,pc_relative_add,002fc3ac,002fc308,002fc308
002fc388,0,pc_relative_add,002fc3ac,002fc0b0,002fc0b0
002fc398,0,pc_relative_add,002fc3ac,002fc144,002fc144
002fc398,0,pc_relative_add,002fc3ac,002fc644,002fc644
002fc3ac,0,pc_relative_add,002fc3ac,002fc210,002fc210
002fc708,0,pc_relative_add,002fc3ac,002fc440,002fc440
002fc718,0,pc_relative_add,002fc3ac,002fc42c,002fc42c
002fc718,0,pc_relative_add,002fc3ac,002fc45c,002fc45c
002fc718,0,pc_relative_add,002fc3ac,002fc494,002fc494
002fc718,0,pc_relative_add,002fc3ac,002fc4c0,002fc4c0
002fc718,0,pc_relative_add,002fc3ac,002fc4fc,002fc4fc
002fc718,0,pc_relative_add,002fc3ac,002fc630,002fc630
002fc718,0,pc_relative_add,002fc3ac,002fc750,002fc750
002fc724,0,pc_relative_add,002fc3ac,002fc530,002fc530
002fc724,0,pc_relative_add,002fc3ac,002fc560,002fc560
002fc724,0,pc_relative_add,002fc3ac,002fc594,002fc594
002fca7c,0,pc_relative_add,002fc3ac,002fc8c8,002fc8c8
002fca7c,0,pc_relative_add,002fc3ac,002fc940,002fc940
002fca88,0,pc_relative_add,002fc3ac,002fc8dc,002fc8dc
002fca98,0,pc_relative_add,002fc3ac,002fc904,002fc904
002fca98,0,pc_relative_add,002fc3ac,002fc980,002fc980
002fcaa4,0,pc_relative_add,002fc3ac,002fc918,002fc918
002fcbe8,0,pc_relative_add,002fcac0,002fcb44,002fcb44
002fd407,1,pc_relative_add,002fd1c8,002fd2a0,002fd2a0
002fd8bc,0,pc_relative_add,002fd47c,002fd570,002fd570
002fdea0,0,pc_relative_add,002fdb30,002fddb8,002fddb8
002fdea0,0,pc_relative_add,002fdb30,002fdf78,002fdf78
002ff9d8,0,pc_relative_add,002ff1d0,002ff630,002ff630
002ff9e8,0,pc_relative_add,002ff1d0,002ff634,002ff634
002ffc44,0,pc_relative_add,002ff1d0,002ffa28,002ffa28
002ffc54,0,pc_relative_add,002ff1d0,002ffa2c,002ffa2c
003003c2,2,pc_relative_add,002ffd58,003000f0,003000f0
00300be0,0,pc_relative_add,00300850,003008f0,003008f0
00300bec,0,pc_relative_add,00300850,00300904,00300904
00300c08,0,pc_relative_add,00300850,00300988,00300988
00300c08,0,pc_relative_add,00300850,00300ccc,00300ccc
00300c14,0,pc_relative_add,00300850,0030099c,0030099c
00300c24,0,pc_relative_add,00300850,003009b8,003009b8
00300c24,0,pc_relative_add,00300850,00300cfc,00300cfc
00300c30,0,pc_relative_add,00300850,003009cc,003009cc
00300c30,0,pc_relative_add,00300850,00300ce0,00300ce0
00300c40,0,pc_relative_add,00300850,003009e8,003009e8
00300c40,0,pc_relative_add,00300850,00300d2c,00300d2c
00300c4c,0,pc_relative_add,00300850,003009fc,003009fc
00300c4c,0,pc_relative_add,00300850,00300d10,00300d10
00300c5c,0,pc_relative_add,00300850,00300a18,00300a18
00300c5c,0,pc_relative_add,00300850,00300d5c,00300d5c
00300c68,0,pc_relative_add,00300850,00300a2c,00300a2c
00300c68,0,pc_relative_add,00300850,00300d40,00300d40
00300c78,0,pc_relative_add,00300850,00300a5c,00300a5c
00300c78,0,pc_relative_add,00300850,00300da0,00300da0
00300c88,0,pc_relative_add,00300850,00300aa8,00300aa8
00300c88,0,pc_relative_add,00300850,00300de0,00300de0
00300c98,0,pc_relative_add,00300850,00300ae8,00300ae8
00300c98,0,pc_relative_add,00300850,00300e20,00300e20
00300ca8,0,pc_relative_add,00300850,00300b28,00300b28
00300ca8,0,pc_relative_add,00300850,00300e64,00300e64
00300cb8,0,pc_relative_add,00300850,00300b8c,00300b8c
00300ee4,0,pc_relative_add,00300850,00300d70,00300d70
00300f40,0,pc_relative_add,00300efc,00300f10,00300f10
00300f40,0,literal_pool,00300850,0030091c,00300bfc
003011a0,0,pc_relative_add,00300f80,00301038,00301038
003011af,1,pc_relative_add,00300f80,0030112c,0030112c
0030152f,1,pc_relative_add,003011c0,00301208,00301208
00301544,0,pc_relative_add,003011c0,00301290,00301290
00301554,0,pc_relative_add,003011c0,003012a4,003012a4
00301568,0,pc_relative_add,003011c0,003012c0,003012c0
00301578,0,pc_relative_add,003011c0,003012d4,003012d4
0030158c,0,pc_relative_add,003011c0,003012f0,003012f0
0030158c,0,pc_relative_add,003011c0,00301614,00301614
00301598,0,pc_relative_add,003011c0,0030131c,0030131c
00301598,0,pc_relative_add,003011c0,00301384,00301384
003015a0,0,pc_relative_add,003011c0,00301348,00301348
003015a0,0,pc_relative_add,003011c0,0030142c,0030142c
003015ac,0,pc_relative_add,003011c0,003013b0,003013b0
003015c0,0,pc_relative_add,003011c0,003013b4,003013b4
003015d8,0,pc_relative_add,003011c0,0030149c,0030149c
003015e8,0,pc_relative_add,003011c0,003014c4,003014c4
003015f4,0,pc_relative_add,003011c0,003014e8,003014e8
00301600,0,pc_relative_add,003011c0,00301500,00301500
003017a8,0,pc_relative_add,003011c0,0030163c,0030163c
003017bc,0,pc_relative_add,003011c0,00301640,00301640
003017d0,0,pc_relative_add,003011c0,00301654,00301654
00301b20,0,pc_relative_add,00301830,00301a00,00301a00
00301d38,0,pc_relative_add,00301b60,00301c48,00301c48
00301d44,0,pc_relative_add,00301b60,00301c94,00301c94
00304420,0,pc_relative_add,00303dc0,003040b4,003040b4
00305714,0,pc_relative_add,00305270,003053e8,003053e8
00305758,0,pc_relative_add,00305270,0030566c,0030566c
003060dc,0,pc_relative_add,00305d1c,00305d28,00305d28
003060ec,0,pc_relative_add,00305d1c,00305d48,00305d48
003060fa,2,pc_relative_add,00305d1c,00305e00,00305e00
0030667c,0,pc_relative_add,003065a8,003065c4,003065c4
00306690,0,pc_relative_add,003065a8,003065c8,003065c8
003066a7,1,pc_relative_add,003065a8,003065d8,003065d8
00306acc,0,pc_relative_add,003066e0,00306708,00306708
00306ae0,0,pc_relative_add,003066e0,0030670c,0030670c
00306aff,1,pc_relative_add,003066e0,00306764,00306764
00306b14,0,pc_relative_add,003066e0,00306790,00306790
00306b24,0,pc_relative_add,003066e0,003067d0,003067d0
00306b30,0,pc_relative_add,003066e0,003067e4,003067e4
00306b44,0,pc_relative_add,003066e0,00306800,00306800
00306b50,0,pc_relative_add,003066e0,00306814,00306814
00306b64,0,pc_relative_add,003066e0,00306830,00306830
00306b8c,0,pc_relative_add,003066e0,003068a4,003068a4
00306bbc,0,pc_relative_add,003066e0,003069e0,003069e0
003071b4,0,pc_relative_add,003066e0,00306e04,00306e04
003087bc,0,pc_relative_add,00308604,003086a4,003086a4
003087c4,0,pc_relative_add,00308604,003086c8,003086c8
003087e4,0,pc_relative_add,00308604,003086dc,003086dc
003087ec,0,pc_relative_add,00308604,003086f4,003086f4
003087f4,0,pc_relative_add,00308604,0030870c,0030870c
00308800,0,pc_relative_add,00308604,00308724,00308724
00308e5c,0,pc_relative_add,00308e20,00308e3c,00308e3c
003097b2,2,pc_relative_add,00309634,00309654,00309654
003097b2,2,pc_relative_add,00309634,00309764,00309764
003097e0,0,pc_relative_add,00309634,00309664,00309664
003097e0,0,pc_relative_add,00309634,0030977c,0030977c
003097fc,0,pc_relative_add,00309634,00309674,00309674
003097fc,0,pc_relative_add,00309634,00309794,00309794
0030a11c,0,pc_relative_add,00309bb8,00309d58,00309d58
0030a138,0,pc_relative_add,00309bb8,00309d5c,00309d5c
0030a138,0,pc_relative_add,00309bb8,00309fe0,00309fe0
0030a138,0,pc_relative_add,00309bb8,0030a20c,0030a20c
0030a138,0,pc_relative_add,00309bb8,0030a2fc,0030a2fc
0030a138,0,pc_relative_add,00309bb8,0030a3e0,0030a3e0
0030a15a,2,pc_relative_add,00309bb8,00309fdc,00309fdc
0030a15a,2,pc_relative_add,00309bb8,0030a208,0030a208
0030a15a,2,pc_relative_add,00309bb8,0030a2f8,0030a2f8
0030a15a,2,pc_relative_add,00309bb8,0030a3dc,0030a3dc
0030c67c,0,pc_relative_add,0030c308,0030c4c0,0030c4c0
0030e0d4,0,pc_relative_add,0030dc24,0030dd58,0030dd58
0030e0e8,0,pc_relative_add,0030dc24,0030df60,0030df60
0030e0f4,0,pc_relative_add,0030dc24,0030df90,0030df90
0030e0fc,0,pc_relative_add,0030dc24,0030dfbc,0030dfbc
0030e5dc,0,pc_relative_add,0030e208,0030e27c,0030e27c
0030fd68,0,pc_relative_add,0030f5c0,0030f9c8,0030f9c8
0030fd7c,0,pc_relative_add,0030f5c0,0030fa74,0030fa74
0030fd8c,0,pc_relative_add,0030f5c0,0030faf8,0030faf8
0030fff0,0,pc_relative_add,0030f5c0,0030fea8,0030fea8
0031002e,2,pc_relative_add,0030f5c0,0030ff40,0030ff40
00311c84,0,pc_relative_add,00311984,00311bd4,00311bd4
00311cc4,0,pc_relative_add,00311984,00311bd8,00311bd8
00312b64,0,pc_relative_add,00312a60,00312b1c,00312b1c
003134dc,0,pc_relative_add,0031311c,003132d8,003132d8
00313858,0,pc_relative_add,0031311c,00313584,00313584
00313864,0,pc_relative_add,0031311c,003135e0,003135e0
00314a8c,0,pc_relative_add,003145e8,00314968,00314968
00314aa0,0,pc_relative_add,003145e8,00314980,00314980
003157ae,2,pc_relative_add,00315024,00315774,00315774
003164e4,0,pc_relative_add,00316310,0031647c,0031647c
003164ec,0,pc_relative_add,00316310,00316498,00316498
003168d8,0,pc_relative_add,00316668,003167b4,003167b4
003168f4,0,pc_relative_add,00316668,0031681c,0031681c
00318a88,0,pc_relative_add,003186d8,003187b0,003187b0
00318ebc,0,pc_relative_add,00318b38,00318c68,00318c68
00318ed6,2,pc_relative_add,00318b38,00318e18,00318e18
003198d4,0,pc_relative_add,00319560,003195d0,003195d0
00319932,2,pc_relative_add,00319560,00319884,00319884
00319970,0,pc_relative_add,00319560,003198c0,003198c0
00319a28,0,pc_relative_add,00319560,003199cc,003199cc
0031a36f,1,pc_relative_add,00319d38,00319fd4,00319fd4
0031a36f,1,pc_relative_add,00319d38,0031a018,0031a018
0031a380,0,pc_relative_add,00319d38,0031a0f0,0031a0f0
0031b6d3,1,pc_relative_add,0031b138,0031b38c,0031b38c
0031b6d3,1,pc_relative_add,0031b138,0031b3cc,0031b3cc
0031b6e4,0,pc_relative_add,0031b138,0031b4a0,0031b4a0
0031bce0,0,pc_relative_add,0031b898,0031b9a0,0031b9a0
0031bce8,0,pc_relative_add,0031b898,0031baf4,0031baf4
0031c010,0,pc_relative_add,0031bd40,0031be54,0031be54
0031c010,0,pc_relative_add,0031bd40,0031be88,0031be88
0031c010,0,pc_relative_add,0031bd40,0031bebc,0031bebc
0031c023,5,pc_relative_add,0031bd40,0031bfb0,0031bfb0
0031c564,0,pc_relative_add,0031c1c8,0031c2d4,0031c2d4
0031c564,0,pc_relative_add,0031c1c8,0031c324,0031c324
0031c570,0,pc_relative_add,0031c1c8,0031c320,0031c320
0031c57c,0,pc_relative_add,0031c1c8,0031c3ac,0031c3ac
0031c588,0,pc_relative_add,0031c1c8,0031c3d0,0031c3d0
0031c59c,0,pc_relative_add,0031c1c8,0031c3f8,0031c3f8
0031c5ac,0,pc_relative_add,0031c1c8,0031c470,0031c470
0031de0c,0,pc_relative_add,0031dd60,0031dd90,0031dd90
0031de0c,0,pc_relative_add,0031dd60,0031ddc4,0031ddc4
0031de14,0,pc_relative_add,0031dd60,0031dd9c,0031dd9c
0031de24,0,pc_relative_add,0031dd60,0031ddd0,0031ddd0
0031e448,0,pc_relative_add,0031e3e8,0031e404,0031e404
0031edec,0,pc_relative_add,0031ed98,0031eda8,0031eda8
0031edec,0,literal_pool,00321e08,00321e7c,00321f74
0031edec,0,literal_pool,00321e08,00321ec0,00321f74
0031edec,0,literal_pool,00321e08,00321f04,00321f74
0031eed8,0,pc_relative_add,0031ee60,0031ee98,0031ee98
0031ef68,0,pc_relative_add,0031ef18,0031ef38,0031ef38
0031f000,0,pc_relative_add,0031ef9c,0031efc8,0031efc8
0031f09c,0,pc_relative_add,0031f03c,0031f064,0031f064
0031f11c,0,pc_relative_add,0031f0bc,0031f0e4,0031f0e4
0031f1a0,0,pc_relative_add,0031f150,0031f170,0031f170
0031f234,0,pc_relative_add,0031f1d4,0031f1fc,0031f1fc
0031f334,0,pc_relative_add,0031f2bc,0031f2f4,0031f2f4
0031f3d4,0,pc_relative_add,0031f374,0031f39c,0031f39c
0031f464,0,pc_relative_add,0031f400,0031f42c,0031f42c
0031f510,0,pc_relative_add,0031f4a0,0031f4d0,0031f4d0
0031f550,0,pc_relative_add,0031f4a0,0031f4e4,0031f4e4
0031f5ec,0,pc_relative_add,0031f58c,0031f5b4,0031f5b4
0031f674,0,pc_relative_add,0031f624,0031f644,0031f644
0031f790,0,pc_relative_add,0031f6b0,0031f73c,0031f73c
0031f7ec,0,pc_relative_add,0031f79c,0031f7bc,0031f7bc
0031f870,0,pc_relative_add,0031f820,0031f840,0031f840
0031f8f0,0,pc_relative_add,0031f8a0,0031f8c0,0031f8c0
0031f978,0,pc_relative_add,0031f920,0031f944,0031f944
0031fa10,0,pc_relative_add,0031f9ac,0031f9d8,0031f9d8
0031fadc,0,pc_relative_add,0031fa3c,0031faa4,0031faa4
0031fb7c,0,pc_relative_add,0031fb1c,0031fb44,0031fb44
0031fc0c,0,pc_relative_add,0031fbbc,0031fbdc,0031fbdc
0031fc84,0,pc_relative_add,0031fc34,0031fc54,0031fc54
0031fd78,0,pc_relative_add,0031fcb8,0031fd1c,0031fd1c
0031fdb4,0,pc_relative_add,0031fcb8,0031fd50,0031fd50
0031fe54,0,pc_relative_add,0031fdf4,0031fe1c,0031fe1c
0031ff88,0,pc_relative_add,0031ff28,0031ff50,0031ff50
003200a0,0,pc_relative_add,0031ffc8,00320000,00320000
003200e0,0,pc_relative_add,0031ffc8,00320034,00320034
003200f4,0,pc_relative_add,0031ffc8,0032004c,0032004c
00320168,0,pc_relative_add,00320104,00320130,00320130
003201f0,0,pc_relative_add,003201a0,003201c0,003201c0
003202e8,0,pc_relative_add,00320298,003202b8,003202b8
003203d8,0,pc_relative_add,00320378,003203a0,003203a0
00320520,0,pc_relative_add,00320474,00320494,00320494
0032055c,0,pc_relative_add,00320474,00320508,00320508
003205e8,0,pc_relative_add,00320598,003205b8,003205b8
003206d8,0,pc_relative_add,00320688,003206a8,003206a8
00320804,0,pc_relative_add,0032078c,003207c4,003207c4
003208b8,0,pc_relative_add,00320840,00320878,00320878
00320954,0,pc_relative_add,003208f4,0032091c,0032091c
003209f4,0,pc_relative_add,00320994,003209bc,003209bc
00320a7c,0,pc_relative_add,00320a2c,00320a4c,00320a4c
00320af0,0,pc_relative_add,00320aa0,00320ac0,00320ac0
00320b78,0,pc_relative_add,00320b28,00320b48,00320b48
00320c00,0,pc_relative_add,00320bb0,00320bd0,00320bd0
00320c84,0,pc_relative_add,00320c34,00320c54,00320c54
00320d08,0,pc_relative_add,00320cb8,00320cd8,00320cd8
00320e1c,0,pc_relative_add,00320dbc,00320de4,00320de4
00320f80,0,pc_relative_add,00320f30,00320f50,00320f50
0032100c,0,pc_relative_add,00320fbc,00320fdc,00320fdc
00321094,0,pc_relative_add,00321044,00321064,00321064
00321190,0,pc_relative_add,00321130,00321158,00321158
00321300,0,pc_relative_add,003212b0,003212d0,003212d0
00321400,0,pc_relative_add,003213a0,003213c8,003213c8
00321834,0,pc_relative_add,00321438,0032149c,0032149c
00321870,0,pc_relative_add,00321438,003214cc,003214cc
00321884,0,pc_relative_add,00321438,0032153c,0032153c
003218c4,0,pc_relative_add,00321438,00321564,00321564
003218d0,0,pc_relative_add,00321438,0032159c,0032159c
003218e0,0,pc_relative_add,00321438,003215d4,003215d4
003218f4,0,pc_relative_add,00321438,00321670,00321670
00321900,0,pc_relative_add,00321438,0032176c,0032176c
00321918,0,pc_relative_add,00321438,003217cc,003217cc
00321930,0,pc_relative_add,00321438,00321828,00321828
003219bc,0,pc_relative_add,00321438,0032198c,0032198c
00321a30,0,pc_relative_add,003219d0,003219f8,003219f8
00321abc,0,pc_relative_add,00321a6c,00321a8c,00321a8c
00321b48,0,pc_relative_add,00321af8,00321b18,00321b18
00321bd4,0,pc_relative_add,00321b84,00321ba4,00321ba4
00321c58,0,pc_relative_add,00321c08,00321c28,00321c28
00321ddc,0,pc_relative_add,00321d8c,00321dac,00321dac
00321f48,0,pc_relative_add,00321e08,00321e18,00321e18
00321f68,0,pc_relative_add,00321e08,00321e74,00321e74
003235ec,0,pc_relative_add,003233a8,003233c0,003233c0
00323622,2,pc_relative_add,003233a8,00323454,00323454
0032365c,0,pc_relative_add,003233a8,00323480,00323480
00323688,0,pc_relative_add,003233a8,003234b8,003234b8
003236cc,0,pc_relative_add,003233a8,003235a0,003235a0
00323800,0,pc_relative_add,003233a8,00323724,00323724
00323c34,0,pc_relative_add,00323b68,00323be0,00323be0
00324026,2,pc_relative_add,00323c60,00323d48,00323d48
00324070,0,pc_relative_add,00323c60,00323da0,00323da0
00324800,0,pc_relative_add,00323c60,0032454c,0032454c
00324836,2,pc_relative_add,00323c60,00324780,00324780
00324a8e,2,pc_relative_add,00323c60,003248b4,003248b4
00324ad0,0,pc_relative_add,00323c60,00324944,00324944
00324b1c,0,pc_relative_add,00323c60,003249d0,003249d0
00324b58,0,pc_relative_add,00323c60,003249e4,003249e4
00324d62,2,pc_relative_add,00323c60,00324c00,00324c00
00324da0,0,pc_relative_add,00323c60,00324c30,00324c30
00324ea4,0,pc_relative_add,00324dd8,00324e24,00324e24
00325260,0,pc_relative_add,003251b0,0032522c,0032522c
00325dc4,0,pc_relative_add,00325cd0,00325d40,00325d40
00325df0,0,pc_relative_add,00325cd0,00325d88,00325d88
00325f20,0,pc_relative_add,00325e24,00325e90,00325e90
003263f4,0,pc_relative_add,00326024,0032608c,0032608c
0032640c,0,pc_relative_add,00326024,0032623c,0032623c
0032640c,0,pc_relative_add,00326024,003264f8,003264f8
00326418,0,pc_relative_add,00326024,003262b0,003262b0
00326428,0,pc_relative_add,00326024,003262ec,003262ec
003267a0,0,pc_relative_add,00326024,003264b8,003264b8
003267b0,0,pc_relative_add,00326024,00326560,00326560
003267c0,0,pc_relative_add,00326024,0032661c,0032661c
003267d8,0,pc_relative_add,00326024,00326638,00326638
003267f4,0,pc_relative_add,00326024,00326720,00326720
00326970,0,pc_relative_add,00326024,00326930,00326930
00326f70,0,pc_relative_add,00326b4c,00326bc4,00326bc4
00326f88,0,pc_relative_add,00326b4c,00326c4c,00326c4c
00326fa4,0,pc_relative_add,00326b4c,00326c64,00326c64
00326fc4,0,pc_relative_add,00326b4c,00326c7c,00326c7c
00326fe4,0,pc_relative_add,00326b4c,00326c94,00326c94
00326ffc,0,pc_relative_add,00326b4c,00326cac,00326cac
00327014,0,pc_relative_add,00326b4c,00326cc4,00326cc4
00327030,0,pc_relative_add,00326b4c,00326cdc,00326cdc
00327040,0,pc_relative_add,00326b4c,00326cf4,00326cf4
00327054,0,pc_relative_add,00326b4c,00326d0c,00326d0c
00327068,0,pc_relative_add,00326b4c,00326d24,00326d24
00327078,0,pc_relative_add,00326b4c,00326d38,00326d38
00327088,0,pc_relative_add,00326b4c,00326d9c,00326d9c
003270a0,0,pc_relative_add,00326b4c,00326ee0,00326ee0
003270ac,0,pc_relative_add,00326b4c,00326ef8,00326ef8
003270b8,0,pc_relative_add,00326b4c,00326f3c,00326f3c
003274e8,0,pc_relative_add,00326b4c,00327128,00327128
00328188,0,pc_relative_add,00327cd0,00328008,00328008
00328194,0,pc_relative_add,00327cd0,0032808c,0032808c
003281a0,0,pc_relative_add,00327cd0,003280bc,003280bc
00328a6c,0,pc_relative_add,00327cd0,00328730,00328730
00328a6c,12,pc_relative_add,00327cd0,003288d4,003288d4
00328a7c,0,pc_relative_add,00327cd0,00328778,00328778
00328a90,0,pc_relative_add,00327cd0,003287f8,003287f8
003299a4,0,pc_relative_add,00329500,003295e8,003295e8
003299bc,0,pc_relative_add,00329500,0032965c,0032965c
003299d4,0,pc_relative_add,00329500,00329788,00329788
00329df8,0,pc_relative_add,00329a0c,00329b1c,00329b1c
00329e10,0,pc_relative_add,00329a0c,00329b90,00329b90
00329e28,0,pc_relative_add,00329a0c,00329cf4,00329cf4
0032b73c,0,pc_relative_add,0032b3a8,0032b57c,0032b57c
0032b744,0,pc_relative_add,0032b3a8,0032b5cc,0032b5cc
0032b750,0,pc_relative_add,0032b3a8,0032b61c,0032b61c
0032c044,0,pc_relative_add,0032bc44,0032bd90,0032bd90
0032c074,0,pc_relative_add,0032bc44,0032bf94,0032bf94
0032dbb4,0,pc_relative_add,0032d7a4,0032d814,0032d814
0032dfe7,1,pc_relative_add,0032dcac,0032dd34,0032dd34
0032f3c0,0,pc_relative_add,0032f0b4,0032f278,0032f278
0032f3cc,0,pc_relative_add,0032f0b4,0032f2ec,0032f2ec
00331718,0,pc_relative_add,003312f8,003315e8,003315e8
00331724,0,pc_relative_add,003312f8,00331668,00331668
00331730,0,pc_relative_add,003312f8,00331698,00331698
0033173c,0,pc_relative_add,003312f8,003316b0,003316b0
00332644,0,pc_relative_add,00331ec0,00332380,00332380
00332644,0,pc_relative_add,00331ec0,00332590,00332590
00332650,0,pc_relative_add,00331ec0,003323b8,003323b8
00332650,0,pc_relative_add,00331ec0,00332630,00332630
00332a6c,0,pc_relative_add,00332a24,00332a44,00332a44
00332ac0,0,pc_relative_add,00332a78,00332a98,00332a98
0033347c,0,pc_relative_add,00332ad8,003333e4,003333e4
00333cf4,0,pc_relative_add,003338b8,00333948,00333948
00333d08,0,pc_relative_add,003338b8,003339b8,003339b8
00333d18,0,pc_relative_add,003338b8,00333a58,00333a58
00333d28,0,pc_relative_add,003338b8,00333a7c,00333a7c
00333d38,0,pc_relative_add,003338b8,00333c28,00333c28
00333d44,0,pc_relative_add,003338b8,00333cb4,00333cb4
00333d50,0,pc_relative_add,003338b8,00333ce0,00333ce0
00334380,0,pc_relative_add,00334190,003341f4,003341f4
0033439c,0,pc_relative_add,00334190,00334200,00334200
003343a4,0,pc_relative_add,00334190,00334218,00334218
003343b0,0,pc_relative_add,00334190,00334230,00334230
003343c0,0,pc_relative_add,00334190,00334248,00334248
003343cc,0,pc_relative_add,00334190,00334260,00334260
003343d8,0,pc_relative_add,00334190,00334278,00334278
003343e4,0,pc_relative_add,00334190,0033429c,0033429c
00334570,0,pc_relative_add,00334408,0033448c,0033448c
00334738,0,pc_relative_add,0033457c,00334600,00334600
0033474c,0,pc_relative_add,0033457c,00334614,00334614
00334758,0,pc_relative_add,0033457c,0033462c,0033462c
00334938,0,pc_relative_add,00334768,00334800,00334800
00334944,0,pc_relative_add,00334768,00334818,00334818
00334950,0,pc_relative_add,00334768,00334830,00334830
00334960,0,pc_relative_add,00334768,00334854,00334854
0033526c,0,pc_relative_add,00334e84,00334f68,00334f68
00335cd4,0,pc_relative_add,0033592c,003359c8,003359c8
00335ce0,0,pc_relative_add,0033592c,00335afc,00335afc
00336210,0,pc_relative_add,00336090,0033610c,0033610c
00336f08,0,pc_relative_add,00336b78,00336bbc,00336bbc
00336f10,0,pc_relative_add,00336b78,00336bdc,00336bdc
00336f20,0,pc_relative_add,00336b78,00336c64,00336c64
00336f20,0,pc_relative_add,00336b78,003370d4,003370d4
003372e4,0,pc_relative_add,00336b78,00336fb4,00336fb4
003372f0,0,pc_relative_add,00336b78,00336ffc,00336ffc
00337bf8,0,pc_relative_add,00337714,0033791c,0033791c
00338b9c,4,pc_relative_add,00338f40,00338804,00338804
00338b9c,4,pc_relative_add,00338f40,00338dc0,00338dc0
00338f20,0,pc_relative_add,00338f40,00338c44,00338c44
0033a0b0,0,pc_relative_add,00339c00,00339e08,00339e08
0033a0bc,0,pc_relative_add,00339c00,00339efc,00339efc
0033a78a,2,pc_relative_add,0033a578,0033a63c,0033a63c
0033b948,0,pc_relative_add,0033bec4,0033b718,0033b718
0033b958,0,pc_relative_add,0033bec4,0033b900,0033b900
0033e62c,0,pc_relative_add,0033e278,0033e2b0,0033e2b0
00340cc4,0,pc_relative_add,00340b10,00340be0,00340be0
00341748,0,pc_relative_add,00340cf8,003413a0,003413a0
00341748,0,pc_relative_add,00340cf8,003414c0,003414c0
00341750,0,pc_relative_add,00340cf8,003413c8,003413c8
00341768,0,pc_relative_add,00340cf8,00341408,00341408
00341768,0,pc_relative_add,00340cf8,0034156c,0034156c
00341778,0,pc_relative_add,00340cf8,00341550,00341550
00341784,0,pc_relative_add,00340cf8,00341584,00341584
00341794,0,pc_relative_add,00340cf8,003415dc,003415dc
003417a8,0,pc_relative_add,00340cf8,00341614,00341614
003417b8,0,pc_relative_add,00340cf8,00341650,00341650
003417c8,0,pc_relative_add,00340cf8,00341668,00341668
003417d8,0,pc_relative_add,00340cf8,00341680,00341680
00341e5e,2,pc_relative_add,00340cf8,00341e38,00341e38
003426dc,0,pc_relative_add,00341ea0,00342544,00342544
003431e4,0,pc_relative_add,00342b04,00343044,00343044
003431fc,0,pc_relative_add,00342b04,00343090,00343090
0034320c,0,pc_relative_add,00342b04,003430b0,003430b0
003437c8,0,pc_relative_add,0034332c,0034357c,0034357c
003437e8,0,pc_relative_add,0034332c,003436a8,003436a8
00343c04,0,pc_relative_add,0034332c,003438fc,003438fc
00343c14,0,pc_relative_add,0034332c,00343a90,00343a90
00343c30,0,pc_relative_add,0034332c,00343afc,00343afc
00343f28,0,pc_relative_add,0034332c,00343c44,00343c44
0034464c,0,pc_relative_add,00344408,003444c4,003444c4
00344acc,0,pc_relative_add,00344728,00344980,00344980
00344ae0,0,pc_relative_add,00344728,003449c4,003449c4
00345088,0,pc_relative_add,00344728,00344d5c,00344d5c
00345824,0,pc_relative_add,00345640,003457bc,003457bc
00345b04,0,pc_relative_add,003459d8,003459ec,003459ec
00345b18,0,pc_relative_add,003459d8,00345a18,00345a18
00345b2c,0,pc_relative_add,003459d8,00345adc,00345adc
00346fc4,0,pc_relative_add,00346da4,00346ed4,00346ed4
0034752c,0,pc_relative_add,00347324,00347404,00347404
00347538,0,pc_relative_add,00347324,0034741c,0034741c
00348678,0,pc_relative_add,0034800c,00348448,00348448
00348680,0,pc_relative_add,0034800c,00348478,00348478
00348688,0,pc_relative_add,0034800c,00348490,00348490
00348690,0,pc_relative_add,0034800c,003484a8,003484a8
0034869c,0,pc_relative_add,0034800c,003484c0,003484c0
003486a8,0,pc_relative_add,0034800c,003485b0,003485b0
00349240,0,pc_relative_add,003491d8,003491e0,003491e0
00349258,0,pc_relative_add,003491e4,003491f4,003491f4
0034926c,0,pc_relative_add,003491e4,00349204,00349204
00349280,0,pc_relative_add,003491e4,00349214,00349214
00349294,0,pc_relative_add,003491e4,00349224,00349224
003492a8,0,pc_relative_add,003491e4,00349238,00349238
0034aba8,0,pc_relative_add,0034a700,0034a7fc,0034a7fc
0034abc4,0,pc_relative_add,0034a700,0034a84c,0034a84c
0034abc4,0,pc_relative_add,0034a700,0034a934,0034a934
0034abd0,0,pc_relative_add,0034a700,0034a880,0034a880
0034abe0,0,pc_relative_add,0034a700,0034a898,0034a898
0034abf0,0,pc_relative_add,0034a700,0034a8d4,0034a8d4
0034ac00,0,pc_relative_add,0034a700,0034a96c,0034a96c
0034ac10,0,pc_relative_add,0034a700,0034a99c,0034a99c
0034ac20,0,pc_relative_add,0034a700,0034a9cc,0034a9cc
0034ac30,0,pc_relative_add,0034a700,0034a9e4,0034a9e4
0034ac58,0,pc_relative_add,0034a700,0034aaa4,0034aaa4
0034ac64,0,pc_relative_add,0034a700,0034aad0,0034aad0
0034ac70,0,pc_relative_add,0034a700,0034aafc,0034aafc
0034ac80,0,pc_relative_add,0034a700,0034ab28,0034ab28
0034ac90,0,pc_relative_add,0034a700,0034ab54,0034ab54
0034ac9c,0,pc_relative_add,0034a700,0034ab80,0034ab80
0034b2b7,1,pc_relative_add,0034b110,0034b1c8,0034b1c8
0034b2c8,0,pc_relative_add,0034b110,0034b1dc,0034b1dc
0034b2d4,0,pc_relative_add,0034b110,0034b22c,0034b22c
0034bab0,0,pc_relative_add,0034b6b0,0034b758,0034b758
0034bac7,1,pc_relative_add,0034b6b0,0034b7b4,0034b7b4
0034baf4,0,pc_relative_add,0034b6b0,0034b82c,0034b82c
0034baf4,0,pc_relative_add,0034b6b0,0034b8fc,0034b8fc
0034baf4,0,pc_relative_add,0034b6b0,0034b9e0,0034b9e0
0034bb04,0,pc_relative_add,0034b6b0,0034b840,0034b840
0034bb04,0,pc_relative_add,0034b6b0,0034b870,0034b870
0034bb04,0,pc_relative_add,0034b6b0,0034b9f4,0034b9f4
0034bb04,0,pc_relative_add,0034b6b0,0034ba24,0034ba24
0034bb14,0,pc_relative_add,0034b6b0,0034b85c,0034b85c
0034bb14,0,pc_relative_add,0034b6b0,0034b92c,0034b92c
0034bb14,0,pc_relative_add,0034b6b0,0034ba10,0034ba10
0034bb2c,0,pc_relative_add,0034b6b0,0034b8c8,0034b8c8
0034bb2c,0,pc_relative_add,0034b6b0,0034b99c,0034b99c
0034bb2c,0,pc_relative_add,0034b6b0,0034ba80,0034ba80
0034bb38,0,pc_relative_add,0034b6b0,0034b910,0034b910
0034bb38,0,pc_relative_add,0034b6b0,0034b940,0034b940
0034be6b,1,pc_relative_add,0034bd28,0034be04,0034be04
0034c9f7,1,pc_relative_add,0034c4d0,0034c6b8,0034c6b8
0034ca08,0,pc_relative_add,0034c4d0,0034c6d0,0034c6d0
0034ca14,0,pc_relative_add,0034c4d0,0034c6f8,0034c6f8
0034ca20,0,pc_relative_add,0034c4d0,0034c724,0034c724
0034ca34,0,pc_relative_add,0034c4d0,0034c738,0034c738
0034ca40,0,pc_relative_add,0034c4d0,0034c76c,0034c76c
0034ca57,1,pc_relative_add,0034c4d0,0034c798,0034c798
0034ca6f,1,pc_relative_add,0034c4d0,0034c7c4,0034c7c4
0034ca80,0,pc_relative_add,0034c4d0,0034c7d4,0034c7d4
0034ca90,0,pc_relative_add,0034c4d0,0034c800,0034c800
0034caa0,0,pc_relative_add,0034c4d0,0034c82c,0034c82c
0034cab0,0,pc_relative_add,0034c4d0,0034c858,0034c858
0034cabc,0,pc_relative_add,0034c4d0,0034c884,0034c884
0034cac8,0,pc_relative_add,0034c4d0,0034c8fc,0034c8fc
0034cad4,0,pc_relative_add,0034c4d0,0034c924,0034c924
0034cee7,1,pc_relative_add,0034c4d0,0034cc50,0034cc50
0034eca6,2,pc_relative_add,0034ebc8,0034ec4c,0034ec4c
0034f3f7,1,pc_relative_add,0034f30c,0034f39c,0034f39c
00350ecb,1,pc_relative_add,00350e3c,00350e84,00350e84
00350ecb,1,literal_pool,00350ff0,00351068,003510d0
003516cf,1,pc_relative_add,003512b8,003513e0,003513e0
003516e4,0,pc_relative_add,003512b8,003513f4,003513f4
003516e4,0,pc_relative_add,003512b8,00351460,00351460
003516f4,0,pc_relative_add,003512b8,00351408,00351408
0035170f,1,pc_relative_add,003512b8,0035142c,0035142c
00351720,0,pc_relative_add,003512b8,00351450,00351450
0035174f,1,pc_relative_add,003512b8,00351528,00351528
003520d4,0,pc_relative_add,00351f28,00351f40,00351f40
00352e2f,1,pc_relative_add,00352cac,00352d80,00352d80
00352e40,0,pc_relative_add,00352cac,00352d84,00352d84
003534f7,1,pc_relative_add,00353188,003531a4,003531a4
00353504,0,pc_relative_add,00353188,003531c0,003531c0
00353514,0,pc_relative_add,00353188,003531d4,003531d4
0035353f,1,pc_relative_add,00353188,00353224,00353224
00353550,0,pc_relative_add,00353188,0035324c,0035324c
00353550,0,pc_relative_add,00353188,00353274,00353274
003535a4,0,pc_relative_add,00353188,003533a8,003533a8
003535b4,0,pc_relative_add,00353188,003533b4,003533b4
003535d8,0,pc_relative_add,00353188,00353488,00353488
00353b52,2,pc_relative_add,00353890,00353a94,00353a94
00354463,1,pc_relative_add,003540b8,0035418c,0035418c
00354987,1,pc_relative_add,0035463c,003546a4,003546a4
00354e57,1,pc_relative_add,0035463c,00354ad8,00354ad8
00354e57,1,pc_relative_add,0035463c,00354c44,00354c44
00354e57,1,pc_relative_add,0035463c,00354e08,00354e08
00354e6c,0,pc_relative_add,0035463c,00354adc,00354adc
00354e6c,0,pc_relative_add,0035463c,00354c48,00354c48
00354e6c,0,pc_relative_add,0035463c,00354e0c,00354e0c
00354e80,0,pc_relative_add,0035463c,00354ae0,00354ae0
00354e98,0,pc_relative_add,0035463c,00354c4c,00354c4c
00354ea8,0,pc_relative_add,0035463c,00354e10,00354e10
0035505f,1,pc_relative_add,00354f38,00354f94,00354f94
00355323,1,pc_relative_add,0035529c,003552c0,003552c0
0035561b,1,pc_relative_add,003554e0,0035554c,0035554c
0035597f,1,pc_relative_add,00355670,003557f4,003557f4
00355997,1,pc_relative_add,00355670,00355810,00355810
003559a0,0,pc_relative_add,00355670,00355824,00355824
003559ac,0,pc_relative_add,00355670,00355844,00355844
003559ac,0,pc_relative_add,00355670,003558c0,003558c0
003559b8,0,pc_relative_add,00355670,00355858,00355858
003559b8,0,pc_relative_add,00355670,00355894,00355894
00356767,1,pc_relative_add,0035660c,00356670,00356670
0035677c,0,pc_relative_add,0035660c,00356674,00356674
00356790,0,pc_relative_add,0035660c,00356678,00356678
00357568,0,pc_relative_add,00357308,003573cc,003573cc
00357568,0,pc_relative_add,00357308,003574a0,003574a0
00357574,0,pc_relative_add,00357308,003573e0,003573e0
0035758c,0,pc_relative_add,00357308,003574b4,003574b4
00357d9c,0,pc_relative_add,00357c3c,00357c84,00357c84
00357d9c,0,literal_pool,00357ec0,003581bc,003582bc
00357d9c,0,literal_pool,00358ad8,00358b14,00358b8c
00357da8,0,pc_relative_add,00357c3c,00357c98,00357c98
00357da8,0,pc_relative_add,00357c3c,00357cc4,00357cc4
00357dbc,0,pc_relative_add,00357c3c,00357cb0,00357cb0
00357dbc,0,literal_pool,00357ec0,003581ec,003582c4
00357dbc,0,literal_pool,00358ad8,00358b40,00358ba4
00357e8c,0,literal_pool,00357ec0,00358540,00358608
00357ea0,0,literal_pool,00357ec0,00358544,0035860c
00358247,1,pc_relative_add,00357ec0,00357ee8,00357ee8
00358247,1,pc_relative_add,00357ec0,00357efc,00357efc
00358254,0,pc_relative_add,00357ec0,00357f1c,00357f1c
00358260,0,pc_relative_add,00357ec0,00357f50,00357f50
00358270,0,pc_relative_add,00357ec0,00357f78,00357f78
0035827c,0,pc_relative_add,00357ec0,00357fa0,00357fa0
00358288,0,pc_relative_add,00357ec0,00357fc8,00357fc8
00358294,0,pc_relative_add,00357ec0,00357ff8,00357ff8
003582a0,0,pc_relative_add,00357ec0,00358020,00358020
003586a8,0,pc_relative_add,00358614,00358650,00358650
003586a8,0,pc_relative_add,00358614,0035867c,0035867c
003586a8,0,literal_pool,00357ec0,0035812c,003582b8
003586a8,0,literal_pool,00357ec0,0035815c,003582b8
00358754,0,pc_relative_add,003586c0,003586fc,003586fc
00358754,0,pc_relative_add,003586c0,00358728,00358728
00358754,0,literal_pool,00357ec0,003582f4,003585f0
00358754,0,literal_pool,00357ec0,00358324,003585f0
00358800,0,pc_relative_add,0035876c,003587a8,003587a8
00358800,0,pc_relative_add,0035876c,003587d4,003587d4
00358800,0,literal_pool,00357ec0,003580a0,003582b0
00358800,0,literal_pool,00357ec0,003580d0,003582b0
003589d4,0,literal_pool,00357ec0,003584fc,00358600
003589e8,0,literal_pool,00357ec0,00358500,00358604
00358aac,0,pc_relative_add,00358a04,00358a44,00358a44
00358aac,0,literal_pool,00357c3c,00357d28,00357dc8
00358aac,0,literal_pool,00357dd4,00357e18,00357eb4
00358aac,0,literal_pool,00357ec0,0035808c,003582ac
00358aac,0,literal_pool,00357ec0,00358118,003582ac
00358aac,0,literal_pool,00357ec0,003582e0,003582ac
00358aac,0,literal_pool,00357ec0,003583bc,003582ac
00358aac,0,literal_pool,00357ec0,00358458,003582ac
00358aac,0,literal_pool,00357ec0,0035857c,003582ac
00358aac,0,literal_pool,00358614,00358638,003586a4
00358aac,0,literal_pool,003586c0,003586e4,00358750
00358aac,0,literal_pool,0035876c,00358790,003587fc
00358aac,0,literal_pool,0035891c,00358960,003589fc
00358aac,0,literal_pool,00358cf4,00358d38,00358dd4
00358aac,0,literal_pool,00358e1c,00358e58,00358ec4
00358ab8,0,pc_relative_add,00358a04,00358a58,00358a58
00358ab8,0,pc_relative_add,00358a04,00358a84,00358a84
00358ab8,0,literal_pool,00357c3c,00357d3c,00357dcc
00358ab8,0,literal_pool,00357c3c,00357d6c,00357dcc
00358ab8,0,literal_pool,00357ec0,00358590,00358610
00358ab8,0,literal_pool,00357ec0,003585c0,00358610
00358acc,0,pc_relative_add,00358a04,00358a70,00358a70
00358acc,0,literal_pool,00357c3c,00357d58,00357dd0
00358acc,0,literal_pool,00357dd4,00357e4c,00357eb8
00358acc,0,literal_pool,00357ec0,003580bc,003582b4
00358acc,0,literal_pool,00357ec0,00358148,003582b4
00358acc,0,literal_pool,00357ec0,00358310,003582b4
00358acc,0,literal_pool,00357ec0,003583ec,003582b4
00358acc,0,literal_pool,00357ec0,00358488,003582b4
00358acc,0,literal_pool,00357ec0,003585ac,003582b4
00358acc,0,literal_pool,00358614,00358664,003586bc
00358acc,0,literal_pool,003586c0,00358710,00358768
00358acc,0,literal_pool,0035876c,003587bc,00358814
00358acc,0,literal_pool,0035891c,00358994,00358a00
00358acc,0,literal_pool,00358cf4,00358d6c,00358dd8
00358acc,0,literal_pool,00358e1c,00358e84,00358edc
00358b90,0,pc_relative_add,00358ad8,00358b2c,00358b2c
00358b90,0,pc_relative_add,00358ad8,00358b58,00358b58
00358b90,0,literal_pool,00357ec0,003581d0,003582c0
00358b90,0,literal_pool,00357ec0,00358200,003582c0
00358dac,0,literal_pool,00357ec0,003583b4,003585f4
00358dc0,0,literal_pool,00357ec0,003583b8,003585f8
00358ec8,0,pc_relative_add,00358e1c,00358e70,00358e70
00358ec8,0,pc_relative_add,00358e1c,00358e9c,00358e9c
00358ec8,0,literal_pool,00357ec0,0035846c,003585fc
00358ec8,0,literal_pool,00357ec0,0035849c,003585fc
003590e4,0,pc_relative_add,00358ee4,00358f14,00358f14
003590e4,12,pc_relative_add,00358ee4,00358f88,00358f88
003590e4,12,pc_relative_add,00358ee4,00358fb0,00358fb0
00359890,0,pc_relative_add,003596d0,0035982c,0035982c
00359c8f,1,pc_relative_add,003598a8,003598dc,003598dc
00359c9c,0,pc_relative_add,003598a8,003598f0,003598f0
00359cac,0,pc_relative_add,003598a8,00359904,00359904
00359cc0,0,pc_relative_add,003598a8,0035991c,0035991c
00359cc0,0,pc_relative_add,003598a8,00359e5c,00359e5c
00359ccc,0,pc_relative_add,003598a8,00359930,00359930
00359ce0,0,pc_relative_add,003598a8,00359948,00359948
00359cec,0,pc_relative_add,003598a8,0035995c,0035995c
00359cec,0,pc_relative_add,003598a8,00359988,00359988
00359d00,0,pc_relative_add,003598a8,00359974,00359974
00359d0c,0,pc_relative_add,003598a8,003599a0,003599a0
00359d18,0,pc_relative_add,003598a8,003599b4,003599b4
00359d18,0,pc_relative_add,003598a8,003599e0,003599e0
00359d2c,0,pc_relative_add,003598a8,003599cc,003599cc
00359d38,0,pc_relative_add,003598a8,003599f8,003599f8
00359d44,0,pc_relative_add,003598a8,00359a0c,00359a0c
00359d6c,0,pc_relative_add,003598a8,00359a7c,00359a7c
00359d78,0,pc_relative_add,003598a8,00359af8,00359af8
00359d84,0,pc_relative_add,003598a8,00359b2c,00359b2c
00359d90,0,pc_relative_add,003598a8,00359b74,00359b74
0035a3e4,0,pc_relative_add,0035a0c0,0035a2e8,0035a2e8
0035a3f7,1,pc_relative_add,0035a0c0,0035a380,0035a380
0035a92f,1,pc_relative_add,0035a5f0,0035a624,0035a624
0035a944,0,pc_relative_add,0035a5f0,0035a638,0035a638
0035a954,0,pc_relative_add,0035a5f0,0035a64c,0035a64c
0035a96f,1,pc_relative_add,0035a5f0,0035a678,0035a678
0035a98f,1,pc_relative_add,0035a5f0,0035a708,0035a708
0035a9a4,0,pc_relative_add,0035a5f0,0035a71c,0035a71c
0035b510,0,pc_relative_add,0035b1c0,0035b224,0035b224
0035b52f,1,pc_relative_add,0035b1c0,0035b240,0035b240
0035b544,0,pc_relative_add,0035b1c0,0035b254,0035b254
0035b554,0,pc_relative_add,0035b1c0,0035b268,0035b268
0035b554,0,pc_relative_add,0035b1c0,0035b298,0035b298
0035b568,0,pc_relative_add,0035b1c0,0035b284,0035b284
0035b57c,0,pc_relative_add,0035b1c0,0035b2e4,0035b2e4
0035b57c,0,pc_relative_add,0035b1c0,0035b354,0035b354
0035b588,0,pc_relative_add,0035b1c0,0035b2fc,0035b2fc
0035b588,0,pc_relative_add,0035b1c0,0035b32c,0035b32c
0035b59c,0,pc_relative_add,0035b1c0,0035b318,0035b318
0035b59c,0,pc_relative_add,0035b1c0,0035b384,0035b384
0035b59c,0,pc_relative_add,0035b1c0,0035b3e4,0035b3e4
0035b5a8,0,pc_relative_add,0035b1c0,0035b368,0035b368
0035b5a8,0,pc_relative_add,0035b1c0,0035b398,0035b398
0035b5bc,0,pc_relative_add,0035b1c0,0035b3c8,0035b3c8
0035b5bc,0,pc_relative_add,0035b1c0,0035b3f8,0035b3f8
0035b5d0,0,pc_relative_add,0035b1c0,0035b414,0035b414
0035b5dc,0,pc_relative_add,0035b1c0,0035b428,0035b428
0035b5dc,0,pc_relative_add,0035b1c0,0035b458,0035b458
0035b5f0,0,pc_relative_add,0035b1c0,0035b444,0035b444
0035b5fc,0,pc_relative_add,0035b1c0,0035b4a4,0035b4a4
0035b5fc,0,pc_relative_add,0035b1c0,0035b62c,0035b62c
0035b608,0,pc_relative_add,0035b1c0,0035b4bc,0035b4bc
0035b608,0,pc_relative_add,0035b1c0,0035b4ec,0035b4ec
0035b61c,0,pc_relative_add,0035b1c0,0035b4d8,0035b4d8
0035b61c,0,pc_relative_add,0035b1c0,0035b65c,0035b65c
0035b61c,0,pc_relative_add,0035b1c0,0035b6bc,0035b6bc
0035b8c8,0,pc_relative_add,0035b1c0,0035b640,0035b640
0035b8c8,0,pc_relative_add,0035b1c0,0035b670,0035b670
0035b8dc,0,pc_relative_add,0035b1c0,0035b6a0,0035b6a0
0035b8dc,0,pc_relative_add,0035b1c0,0035b6d0,0035b6d0
0035b8f0,0,pc_relative_add,0035b1c0,0035b6ec,0035b6ec
0035b918,0,pc_relative_add,0035b1c0,0035b74c,0035b74c
0035b924,0,pc_relative_add,0035b1c0,0035b7b8,0035b7b8
0035c208,0,pc_relative_add,0035c168,0035c1a8,0035c1a8
0035c220,0,pc_relative_add,0035c168,0035c1ac,0035c1ac
0035c234,0,pc_relative_add,0035c168,0035c1b0,0035c1b0
0035c2f0,0,pc_relative_add,0035c250,0035c290,0035c290
0035c308,0,pc_relative_add,0035c250,0035c294,0035c294
0035c31c,0,pc_relative_add,0035c250,0035c298,0035c298
0035d054,0,pc_relative_add,0035cf24,0035cf98,0035cf98
0035d52c,0,pc_relative_add,0035d9b4,0035d27c,0035d27c
0035d538,0,pc_relative_add,0035d9b4,0035d2ac,0035d2ac
0035d544,0,pc_relative_add,0035d9b4,0035d344,0035d344
0035d550,0,pc_relative_add,0035d9b4,0035d388,0035d388
0035d560,0,pc_relative_add,0035d9b4,0035d3c4,0035d3c4
0035d570,0,pc_relative_add,0035d9b4,0035d3f0,0035d3f0
0035d587,1,pc_relative_add,0035d9b4,0035d424,0035d424
0035d587,9,pc_relative_add,0035d9b4,0035d810,0035d810
0035d598,0,pc_relative_add,0035d9b4,0035d438,0035d438
0035d5a4,0,pc_relative_add,0035d9b4,0035d490,0035d490
0035d5b0,0,pc_relative_add,0035d9b4,0035d4bc,0035d4bc
0035d5b0,0,pc_relative_add,0035d9b4,0035d608,0035d608
0035d5b0,0,pc_relative_add,0035d9b4,0035d650,0035d650
0035d5b0,0,pc_relative_add,0035d9b4,0035d6ac,0035d6ac
0035d5bc,0,pc_relative_add,0035d9b4,0035d4d0,0035d4d0
0035d928,0,pc_relative_add,0035d9b4,0035d61c,0035d61c
0035d938,0,pc_relative_add,0035d9b4,0035d664,0035d664
0035d948,0,pc_relative_add,0035d9b4,0035d6c0,0035d6c0
0035d958,0,pc_relative_add,0035d9b4,0035d700,0035d700
0035d968,0,pc_relative_add,0035d9b4,0035d73c,0035d73c
0035d978,0,pc_relative_add,0035d9b4,0035d768,0035d768
0035d984,0,pc_relative_add,0035d9b4,0035d794,0035d794
0035d984,0,pc_relative_add,0035d9b4,0035dcc0,0035dcc0
0035d99c,0,pc_relative_add,0035d9b4,0035d868,0035d868
0035d9b4,0,pc_relative_add,0035d9b4,0035d900,0035d900
0035d9b4,0,literal_pool,0035d9b4,0035de5c,0035e294
0035dd6c,0,pc_relative_add,0035d9b4,0035da3c,0035da3c
0035dd6c,0,pc_relative_add,0035d9b4,0035da9c,0035da9c
0035dd78,0,pc_relative_add,0035d9b4,0035da50,0035da50
0035dd78,0,pc_relative_add,0035d9b4,0035da80,0035da80
0035dd8c,0,pc_relative_add,0035d9b4,0035da6c,0035da6c
0035dd8c,0,pc_relative_add,0035d9b4,0035dac8,0035dac8
0035ddc4,0,pc_relative_add,0035d9b4,0035dbe4,0035dbe4
0035de10,0,pc_relative_add,0035d9b4,0035dc98,0035dc98
0035de24,0,pc_relative_add,0035d9b4,0035dcf4,0035dcf4
0035de24,0,pc_relative_add,0035d9b4,0035dd24,0035dd24
0035de24,0,pc_relative_add,0035d9b4,0035dec4,0035dec4
0035e298,0,pc_relative_add,0035d9b4,0035defc,0035defc
0035e2a4,0,pc_relative_add,0035d9b4,0035dfbc,0035dfbc
0035e2a4,0,pc_relative_add,0035d9b4,0035e32c,0035e32c
0035e2a4,8,pc_relative_add,0035d9b4,0035e33c,0035e33c
0035e2b4,0,pc_relative_add,0035d9b4,0035e020,0035e020
0035e2b4,0,pc_relative_add,0035d9b4,0035e358,0035e358
0035e2c4,0,pc_relative_add,0035d9b4,0035e06c,0035e06c
0035e2d4,0,pc_relative_add,0035d9b4,0035e0fc,0035e0fc
0035e2d4,0,pc_relative_add,0035d9b4,0035e398,0035e398
0035e2e0,0,pc_relative_add,0035d9b4,0035e110,0035e110
0035e2f4,0,pc_relative_add,0035d9b4,0035e158,0035e158
0035e304,0,pc_relative_add,0035d9b4,0035e184,0035e184
0035e310,0,pc_relative_add,0035d9b4,0035e1b8,0035e1b8
0035e6fc,0,pc_relative_add,0035d9b4,0035e3cc,0035e3cc
0035e714,0,pc_relative_add,0035d9b4,0035e5a4,0035e5a4
0035e72f,1,pc_relative_add,0035d9b4,0035e5f8,0035e5f8
0035f770,0,pc_relative_add,0035f66c,0035f6c8,0035f6c8
0035f77c,0,pc_relative_add,0035f66c,0035f720,0035f720
0035f9c0,0,pc_relative_add,0035f91c,0035f954,0035f954
00360127,1,pc_relative_add,00360000,00360030,00360030
00360134,0,pc_relative_add,00360000,00360054,00360054
00360140,0,pc_relative_add,00360000,00360080,00360080
0036014c,0,pc_relative_add,00360000,003600b4,003600b4
0036015f,1,pc_relative_add,00360000,003600ec,003600ec
00360508,0,pc_relative_add,00360000,0036018c,0036018c
00360514,0,pc_relative_add,00360000,003601ac,003601ac
00360540,0,pc_relative_add,00360000,0036022c,0036022c
00360550,0,pc_relative_add,00360000,00360260,00360260
0036055c,0,pc_relative_add,00360000,00360264,00360264
00360584,0,pc_relative_add,00360000,00360314,00360314
0036059c,0,pc_relative_add,00360000,00360390,00360390
00360628,0,pc_relative_add,00360000,003605f4,003605f4
003606a3,1,pc_relative_add,00360638,00360698,00360698
00360abf,1,pc_relative_add,003606b0,00360750,00360750
003611c0,0,pc_relative_add,003606b0,00360e40,00360e40
003611d0,0,pc_relative_add,003606b0,00360f20,00360f20
003620ff,1,pc_relative_add,00362000,00362040,00362040
00362118,0,pc_relative_add,00362000,00362044,00362044
00362b9f,1,pc_relative_add,00362b0c,00362b30,00362b30
00363352,2,pc_relative_add,00363218,00363264,00363264
003636fe,2,pc_relative_add,003634d8,003635bc,003635bc
003636fe,2,pc_relative_add,003634d8,0036365c,0036365c
0036395b,1,pc_relative_add,003638e0,003638fc,003638fc
00363ea6,2,pc_relative_add,00363d84,00363e08,00363e08
00364b60,0,pc_relative_add,003647d0,00364af8,00364af8
00364e58,0,pc_relative_add,003647d0,00364c48,00364c48
00364e70,0,pc_relative_add,003647d0,00364c4c,00364c4c
00364e84,0,pc_relative_add,003647d0,00364c50,00364c50
00364e98,0,pc_relative_add,003647d0,00364ca8,00364ca8
00364eac,0,pc_relative_add,003647d0,00364d04,00364d04
00364fcb,1,pc_relative_add,00364f4c,00364f68,00364f68
00364fe4,0,pc_relative_add,00364f4c,00364f70,00364f70
00364ff8,0,pc_relative_add,00364f4c,00364f74,00364f74
0036599e,2,pc_relative_add,00365894,003658ec,003658ec
00365a9b,1,pc_relative_add,003659d0,00365a38,00365a38
00365aac,0,pc_relative_add,003659d0,00365a48,00365a48
00365f92,2,pc_relative_add,00365ac0,00365cb4,00365cb4
00365fb0,0,pc_relative_add,00365ac0,00365d90,00365d90
00365fd0,0,pc_relative_add,00365ac0,00365ee8,00365ee8
00366170,0,pc_relative_add,00365ac0,003660b4,003660b4
00366194,0,pc_relative_add,00365ac0,003660c4,003660c4
003662ac,0,pc_relative_add,003661b8,00366204,00366204
003663ab,1,pc_relative_add,003662e0,0036630c,0036630c
00366620,0,pc_relative_add,00366478,0036649c,0036649c
00366654,0,pc_relative_add,00366478,003664f0,003664f0
00366666,2,pc_relative_add,00366478,00366534,00366534
0036667c,0,pc_relative_add,00366478,0036659c,0036659c
0036668c,0,pc_relative_add,00366478,003665c8,003665c8
003666a4,0,pc_relative_add,00366478,003665f4,003665f4
00366ae8,0,pc_relative_add,003669ac,00366a08,00366a08
00366afc,0,pc_relative_add,003669ac,00366a0c,00366a0c
00366b13,1,pc_relative_add,003669ac,00366a1c,00366a1c
00366b28,0,pc_relative_add,003669ac,00366a20,00366a20
00366b3c,0,pc_relative_add,003669ac,00366a24,00366a24
0036745b,1,pc_relative_add,00367270,003673ec,003673ec
00367f12,2,pc_relative_add,00367544,00367b38,00367b38
00367f40,0,pc_relative_add,00367544,00367c28,00367c28
00367f40,0,pc_relative_add,00367544,00367d20,00367d20
00367f64,0,pc_relative_add,00367544,00367c38,00367c38
00367f84,0,pc_relative_add,00367544,00367ce4,00367ce4
00367fba,2,pc_relative_add,00367544,00367ec8,00367ec8
003686c2,2,pc_relative_add,0036860c,00368634,00368634
00369310,0,pc_relative_add,00368e78,00368f70,00368f70
00369310,0,pc_relative_add,00368e78,00368fa4,00368fa4
0036932b,1,pc_relative_add,00368e78,00369004,00369004
00369338,0,pc_relative_add,00368e78,00369030,00369030
00369338,0,pc_relative_add,00368e78,003691e8,003691e8
00369344,0,pc_relative_add,00368e78,00369078,00369078
00369350,0,pc_relative_add,00368e78,003690a4,003690a4
0036939f,1,pc_relative_add,00368e78,003691e4,003691e4
003693c8,0,pc_relative_add,00368e78,003692d8,003692d8
0036a260,0,pc_relative_add,00369e80,00369ebc,00369ebc
0036a270,0,pc_relative_add,00369e80,00369efc,00369efc
0036a280,0,pc_relative_add,00369e80,00369f34,00369f34
0036a290,0,pc_relative_add,00369e80,00369f5c,00369f5c
0036a290,0,pc_relative_add,00369e80,0036a020,0036a020
0036a290,0,pc_relative_add,00369e80,0036a0a4,0036a0a4
0036a2bc,0,pc_relative_add,00369e80,0036a010,0036a010
0036a2d0,0,pc_relative_add,00369e80,0036a04c,0036a04c
0036a2e0,0,pc_relative_add,00369e80,0036a078,0036a078
0036a2f0,0,pc_relative_add,00369e80,0036a0b8,0036a0b8
0036a30c,0,pc_relative_add,00369e80,0036a144,0036a144
0036a318,0,pc_relative_add,00369e80,0036a1ac,0036a1ac
0036a458,0,pc_relative_add,0036a3d0,0036a3e4,0036a3e4
0036ad9f,1,pc_relative_add,0036a8d8,0036a9dc,0036a9dc
0036adb4,0,pc_relative_add,0036a8d8,0036a9f0,0036a9f0
0036adb4,0,pc_relative_add,0036a8d8,0036aa34,0036aa34
0036adc7,1,pc_relative_add,0036a8d8,0036aa20,0036aa20
0036adf4,0,pc_relative_add,0036a8d8,0036aaa8,0036aaa8
0036ae00,0,pc_relative_add,0036a8d8,0036aad8,0036aad8
0036ae17,1,pc_relative_add,0036a8d8,0036aafc,0036aafc
0036ae2f,1,pc_relative_add,0036a8d8,0036ab18,0036ab18
0036ae40,0,pc_relative_add,0036a8d8,0036ab28,0036ab28
0036ae50,0,pc_relative_add,0036a8d8,0036ab58,0036ab58
0036ae5c,0,pc_relative_add,0036a8d8,0036ab6c,0036ab6c
0036b3a7,1,pc_relative_add,0036aeb8,0036afd0,0036afd0
0036b3bc,0,pc_relative_add,0036aeb8,0036afe4,0036afe4
0036b3bc,0,pc_relative_add,0036aeb8,0036b028,0036b028
0036b3cf,1,pc_relative_add,0036aeb8,0036b014,0036b014
0036b3fc,0,pc_relative_add,0036aeb8,0036b0a0,0036b0a0
0036b408,0,pc_relative_add,0036aeb8,0036b0d0,0036b0d0
0036b41f,1,pc_relative_add,0036aeb8,0036b0ec,0036b0ec
0036b437,1,pc_relative_add,0036aeb8,0036b10c,0036b10c
0036b448,0,pc_relative_add,0036aeb8,0036b120,0036b120
0036b458,0,pc_relative_add,0036aeb8,0036b150,0036b150
0036b458,0,pc_relative_add,0036aeb8,0036b254,0036b254
0036b458,0,pc_relative_add,0036aeb8,0036b304,0036b304
0036b458,0,pc_relative_add,0036aeb8,0036b388,0036b388
0036b464,0,pc_relative_add,0036aeb8,0036b164,0036b164
0036b464,0,pc_relative_add,0036aeb8,0036b4ec,0036b4ec
0036b477,1,pc_relative_add,0036aeb8,0036b1ac,0036b1ac
0036b488,0,pc_relative_add,0036aeb8,0036b1ec,0036b1ec
0036b498,0,pc_relative_add,0036aeb8,0036b228,0036b228
0036b4a8,0,pc_relative_add,0036aeb8,0036b2f4,0036b2f4
0036b4bc,0,pc_relative_add,0036aeb8,0036b330,0036b330
0036b4cc,0,pc_relative_add,0036aeb8,0036b35c,0036b35c
0036b7f4,0,pc_relative_add,0036aeb8,0036b578,0036b578
0036b800,0,pc_relative_add,0036aeb8,0036b5e0,0036b5e0
0036c090,0,pc_relative_add,0036bf60,0036bfac,0036bfac
0036c090,0,literal_pool,0036c0c4,0036c1c4,0036c378
0036c0a4,0,pc_relative_add,0036bf60,0036c004,0036c004
0036c0a4,0,literal_pool,0036c0c4,0036c224,0036c380
0036c0b4,0,pc_relative_add,0036bf60,0036c05c,0036c05c
0036c0b4,0,literal_pool,0036c0c4,0036c264,0036c384
0036c4bc,0,pc_relative_add,0036c42c,0036c478,0036c478
0036c55c,0,pc_relative_add,0036c4c8,0036c4f0,0036c4f0
0036c628,0,pc_relative_add,0036c564,0036c580,0036c580
0036c638,0,pc_relative_add,0036c564,0036c5bc,0036c5bc
0036c644,0,pc_relative_add,0036c564,0036c5f4,0036c5f4
0036c918,0,pc_relative_add,0036c650,0036c6a4,0036c6a4
0036c9a4,0,pc_relative_add,0036c958,0036c970,0036c970
0036ceba,2,pc_relative_add,0036c9b0,0036cb04,0036cb04
0036ceba,30,pc_relative_add,0036c9b0,0036cd60,0036cd60
0036ceba,30,pc_relative_add,0036c9b0,0036cd88,0036cd88
0036cedc,0,pc_relative_add,0036c9b0,0036cb10,0036cb10
0036ceef,1,pc_relative_add,0036c9b0,0036cb2c,0036cb2c
0036cefc,0,pc_relative_add,0036c9b0,0036cb44,0036cb44
0036cf08,0,pc_relative_add,0036c9b0,0036cb70,0036cb70
0036cf14,0,pc_relative_add,0036c9b0,0036cb9c,0036cb9c
0036cf14,0,pc_relative_add,0036c9b0,0036cc50,0036cc50
0036cf20,0,pc_relative_add,0036c9b0,0036cbc8,0036cbc8
0036cf28,0,pc_relative_add,0036c9b0,0036cbf4,0036cbf4
0036cf30,0,pc_relative_add,0036c9b0,0036cc08,0036cc08
0036cf44,0,pc_relative_add,0036c9b0,0036cc84,0036cc84
0036cf54,0,pc_relative_add,0036c9b0,0036ccb0,0036ccb0
0036cf60,0,pc_relative_add,0036c9b0,0036ccdc,0036ccdc
0036cf6c,0,pc_relative_add,0036c9b0,0036cd08,0036cd08
0036cf7f,1,pc_relative_add,0036c9b0,0036cd3c,0036cd3c
0036cf90,0,pc_relative_add,0036c9b0,0036cd50,0036cd50
0036cf9c,0,pc_relative_add,0036c9b0,0036cd78,0036cd78
0036cfa8,0,pc_relative_add,0036c9b0,0036cda0,0036cda0
0036d49a,2,pc_relative_add,0036d074,0036d0f4,0036d0f4
0036d4b0,0,pc_relative_add,0036d074,0036d10c,0036d10c
0036d4cc,0,pc_relative_add,0036d074,0036d12c,0036d12c
0036d4e8,0,pc_relative_add,0036d074,0036d14c,0036d14c
0036d504,0,pc_relative_add,0036d074,0036d168,0036d168
0036d514,0,pc_relative_add,0036d074,0036d188,0036d188
0036d524,0,pc_relative_add,0036d074,0036d1a4,0036d1a4
0036d540,0,pc_relative_add,0036d074,0036d1c0,0036d1c0
0036f800,0,pc_relative_add,0036f7e8,0036f7f4,0036f7f4
0036f960,0,pc_relative_add,0036f928,0036f938,0036f938
0036f9c0,0,pc_relative_add,0036f988,0036f998,0036f998
00370678,0,pc_relative_add,00370630,00370668,00370668
0037078c,0,pc_relative_add,00370744,0037077c,0037077c
003707ec,0,pc_relative_add,003707a4,003707dc,003707dc
00370bf4,0,pc_relative_add,00370bb0,00370bcc,00370bcc
00370dd8,0,pc_relative_add,00370d9c,00370dac,00370dac
00370f70,0,pc_relative_add,00370f20,00370f60,00370f60
00371158,0,pc_relative_add,00371108,00371148,00371148
003712a0,0,pc_relative_add,00371238,00371258,00371258
0037d524,0,pc_relative_add,0037d4d8,0037d514,0037d514
0037e374,0,pc_relative_add,0037e364,0037e368,0037e368
0037e460,0,pc_relative_add,0037e418,0037e434,0037e434
003803d0,0,pc_relative_add,00380364,003803a0,003803a0
0038992c,0,pc_relative_add,0038963c,0038974c,0038974c
0038993c,0,pc_relative_add,0038963c,00389790,00389790
0038a6d0,0,pc_relative_add,0038a3f0,0038a500,0038a500
0038a6e0,0,pc_relative_add,0038a3f0,0038a544,0038a544
0038aefc,0,pc_relative_add,0038ae7c,0038ae8c,0038ae8c
0038af30,0,pc_relative_add,0038ae7c,0038aea8,0038aea8
0038af58,0,pc_relative_add,0038ae7c,0038aec4,0038aec4
0038af80,0,pc_relative_add,0038ae7c,0038aee0,0038aee0
0038b38c,0,pc_relative_add,0038b070,0038b17c,0038b17c
003b3354,0,literal_pool,0028e854,0028e878,0028e8dc
003b3354,0,literal_pool,003233a8,00323410,0032361c
003b3354,0,literal_pool,00325010,00325028,00325060
003b33ac,0,literal_pool,0022ae24,0022ae44,0022b148
003b3c8c,0,literal_pool,00329500,00329944,003299e4
003b3c8c,0,literal_pool,00329fbc,00329ff0,0032a0fc
003b3c8c,0,literal_pool,0032a100,0032a188,0032a1c0
003b427c,0,literal_pool,00237790,00237798,00237840
003b427c,0,literal_pool,00263b88,00263c4c,00263c90
003b42d4,0,literal_pool,00169aa4,00169ab8,00169b34
003b42d4,0,literal_pool,00169c4c,00169d10,00169dc8
003b42d4,0,literal_pool,00169c4c,00169d5c,00169dc8
003b42d4,0,literal_pool,00285558,002855e8,00285684
003b42d9,0,literal_pool,00169c4c,00169d28,00169dcc
003b42d9,0,literal_pool,00169c4c,00169d84,00169dcc
003b42de,0,literal_pool,00169b38,00169b60,00169bb8
003b42de,0,literal_pool,00169c08,00169c1c,00169c48
003b42de,0,literal_pool,00285688,0028571c,00285930
003b42de,0,literal_pool,00285688,00285908,00285930
003b42de,0,literal_pool,002859e0,00285a0c,00285ac8
003b42e4,0,literal_pool,0016a4dc,0016a534,0016a68c
003b42e4,0,literal_pool,0016a4dc,0016a600,0016a68c
003b42e4,0,literal_pool,00275d64,00275d74,00275db0
003b42ec,0,literal_pool,00285688,002857ec,00285940
003b5074,0,literal_pool,001e1d7c,001e1d7c,001e1dbc
003b50d4,0,literal_pool,0019af40,0019af4c,0019b040
003b50d4,0,literal_pool,0019b068,0019b1d4,0019b5a0
003b50d4,0,literal_pool,0019b068,0019b3cc,0019b5a0
003b50da,0,literal_pool,0019b068,0019b220,0019b5ac
003b5e02,0,data_pointer,,003b5d2c,003b5d2c
003b5e12,0,data_pointer,,003b5d30,003b5d30
003b5e1e,0,data_pointer,,003b5d34,003b5d34
003b5e3a,2,literal_pool,003561b0,003561b0,003561b8
003b5e3a,2,literal_pool,003561bc,003561cc,00356218
003b5e3a,2,literal_pool,00381904,00381928,00381a08
003b5e58,0,literal_pool,0027c114,0027c190,0027c1c8
003b5e58,0,literal_pool,00356088,003560b8,003561a8
003b5f22,2,literal_pool,0017236c,0017236c,00172374
003b5f22,2,literal_pool,00172378,00172388,001723d4
003b5f72,2,literal_pool,001d64a0,001d64a0,001d64b8
003b5f90,0,literal_pool,00160b28,00160b28,00160b30
003b5fa4,0,literal_pool,001dc3f0,001dc3f0,001dc3f8
003b5fca,2,literal_pool,001a7078,001a7078,001a7080
003b5fe6,0,literal_pool,001af6b4,001af6b4,001af6bc
003b602e,0,literal_pool,00171044,00171044,00171064
003b605a,2,literal_pool,00361260,00361274,0036134c
003b605a,2,literal_pool,00361354,00361564,003615b4
003b87b3,0,literal_pool,00147568,001475c4,001475e4
003b87bc,0,literal_pool,00145d18,00145d28,00145eec
003b87bc,0,literal_pool,00147228,00147250,00147314
003b87bc,0,literal_pool,0027236c,002723f8,00272434
003b8908,0,literal_pool,0029a5bc,0029a5bc,0029a5c4
003b8908,0,literal_pool,0029a7a0,0029a7a0,0029a7c4
003b8908,0,literal_pool,00309634,0030975c,00309828
003b8908,0,literal_pool,0030982c,0030982c,00309834
003b890c,2,literal_pool,00281818,00281820,00281870
003b890c,2,literal_pool,0028e7c4,0028e7cc,0028e800
003b890c,2,literal_pool,0029a5c8,0029a5d8,0029a6f4
003b890c,2,literal_pool,0029aaf8,0029ab08,0029af68
003b890c,2,literal_pool,0029aaf8,0029aeac,0029af68
003b8938,0,literal_pool,001e252c,001e25c4,001e2638
003b8938,0,literal_pool,001e252c,001e25d0,001e2638
003b8944,0,literal_pool,001e2f28,001e2f48,001e2f84
003b8944,0,literal_pool,001e2f28,001e2f54,001e2f84
003b89ac,0,literal_pool,00105928,0010594c,001059f4
003b89cf,0,literal_pool,00103f00,00103f30,00103fb4
003b89cf,0,literal_pool,00103f00,00103f3c,00103fb4
003b89e8,0,literal_pool,001f15c4,001f15f4,001f16c4
003b89f1,0,literal_pool,00253ad0,00253b44,00253bf0
003b89f1,0,literal_pool,00253ad0,00253b50,00253bf0
003b8a20,32,literal_pool,001f7200,001f722c,001f7328
003b8a20,32,literal_pool,001f733c,001f7364,001f74d0
003b8a20,32,literal_pool,001f74e4,001f7514,001f7668
003b8a20,32,literal_pool,001f767c,001f76ac,001f7884
003b8a20,32,literal_pool,001f7898,001f790c,001f7a2c
003b8a20,32,literal_pool,001f7a40,001f7ac4,001f7c34
003b8a20,32,literal_pool,001f7c48,001f7d78,001f7e5c
003b8a20,32,literal_pool,001f7c48,001f7dc8,001f7e5c
003b8a20,32,literal_pool,001f7c48,001f7df8,001f7e5c
003b8a20,32,literal_pool,001f7e60,001f7ed4,001f80a8
003baac0,0,literal_pool,002a709c,002a70c0,002a7120
003baac0,0,literal_pool,002a709c,002a70cc,002a7120
003baac6,0,literal_pool,001e9148,001e9168,001e918c
003baacc,0,literal_pool,002076d8,00207720,00207a1c
003baacc,0,literal_pool,00207ae4,00207b14,00207ce4
003bab00,0,literal_pool,0020c58c,0020c5a4,0020c6b8
003bab08,0,literal_pool,0020c58c,0020c5bc,0020c6bc
003bc7b4,0,literal_pool,001efef0,001efef8,001eff24
003bc7b4,0,literal_pool,001efef0,001eff08,001eff24
003bc810,0,literal_pool,001f1d30,001f1d94,001f2390
003bc810,0,literal_pool,001f1d30,001f1dc0,001f2390
003bc81e,0,literal_pool,001f1d30,001f1ddc,001f2394
003bda44,0,literal_pool,002a6cb4,002a6d14,002a6dc4
003bda80,0,literal_pool,00258964,002589ec,00258a20
003bdac4,0,literal_pool,001fd4fc,001fde48,001fde78
003bdac4,0,literal_pool,001fe0d0,001fe46c,001fe4d8
003bdac4,0,literal_pool,001fe0d0,001fe49c,001fe4d8
003bdb38,0,literal_pool,00202b74,00202c1c,00202c84
003bdb38,0,literal_pool,00202b74,00202c4c,00202c84
003bfbf0,0,literal_pool,002cc42c,002cc818,002cca10
003bfbf6,0,literal_pool,0024b0f8,0024b27c,0024c090
003bfbf6,0,literal_pool,002cc1c8,002cc23c,002cc424
003bfbfc,0,literal_pool,0024b0f8,0024b21c,0024c088
003bfbfc,0,literal_pool,002ccaa4,002ccaec,002cd004
003bfc02,0,literal_pool,002ccaa4,002ccc88,002cd00c
003bfc08,0,literal_pool,002cc1c8,002cc274,002cc428
003bfc08,0,literal_pool,002ccaa4,002cccbc,002cd010
003bfc0e,0,literal_pool,002cc42c,002cc948,002cca18
003c27a0,0,literal_pool,00248eb8,00248f68,00248fec
003c27a0,0,literal_pool,002d1b30,002d1c64,002d1cb4
003c6db0,0,literal_pool,00303dc0,00304a24,00305000
003c6db0,0,literal_pool,00303dc0,00304a8c,00305000
003c6db0,0,literal_pool,00396244,003962d0,00396354
003c6db0,0,literal_pool,00396244,00396310,00396354
003c6db0,0,literal_pool,003a7f1c,003a80e0,003a8480
003c6db0,0,literal_pool,003a7f1c,003a8124,003a8480
003c6db0,0,literal_pool,003a8484,003a84d8,003a860c
003c6db0,0,literal_pool,003a8484,003a8524,003a860c
003c6df0,0,literal_pool,00303dc0,003044e8,00304ffc
003c6e3c,0,literal_pool,003032d0,003034bc,00303878
003c6ea0,0,literal_pool,003032d0,00303398,00303874
003c6f08,0,literal_pool,00239864,00239990,00239b68
003c6f08,0,literal_pool,00239864,002399ec,00239b68
003c6f08,0,literal_pool,003021a8,00302230,003027e4
003c6f08,0,literal_pool,003021a8,0030235c,003027e4
003c6f08,0,literal_pool,003021a8,00302550,003027e4
003c6f08,0,literal_pool,003021a8,0030275c,003027e4
003c6f08,0,literal_pool,0037e588,0037e70c,0037e8dc
003c6f08,0,literal_pool,0037e588,0037e75c,0037e8dc
003c704c,0,literal_pool,00109d88,00109dbc,00109e28
003c70a0,0,literal_pool,001fe8ec,001feac4,001fec20
003c70a0,0,literal_pool,001fecc8,001fedc4,001ff100
003c70a0,0,literal_pool,001fecc8,001fef50,001ff100
003c70a0,0,literal_pool,0025b150,0025b380,0025b45c
003c70e4,0,literal_pool,001fe8ec,001fe924,001fec0c
003c70e4,0,literal_pool,001fe8ec,001feb5c,001fec0c
003c70e4,0,literal_pool,001fe8ec,001fec9c,001fec0c
003c70e4,0,literal_pool,001fecc8,001fed00,001ff0f8
003c70e4,0,literal_pool,001fecc8,001fee58,001ff0f8
003c70e4,0,literal_pool,001fecc8,001ff0cc,001ff0f8
003c70e4,0,literal_pool,002591b8,0025922c,0025924c
003c70e4,0,literal_pool,0025ade4,0025ae70,0025b000
003c70e4,0,literal_pool,0025ade4,0025af3c,0025b000
003c70e4,0,literal_pool,0025b150,0025b408,0025b460
003c70e4,0,literal_pool,0025b150,0025b43c,0025b460
003c712c,0,literal_pool,0025b468,0025b4f4,0025b548
003c7170,0,literal_pool,001fb064,001fb120,001fb160
003c7170,0,literal_pool,001fb064,001fb144,001fb160
003c7170,0,literal_pool,001fb878,001fb9e4,001fbcd4
003c71ac,0,literal_pool,001ffe64,001fff8c,001fffa8
003c71ac,0,literal_pool,00201010,0020134c,002014b8
003c8b8c,0,literal_pool,001ff3fc,001ff4dc,001ff500
003c8b8c,0,literal_pool,00256f40,00256f88,00256fa4
003c8bc8,0,literal_pool,0025a570,0025a60c,0025a9e0
003c994e,0,literal_pool,002a73a0,002a73b0,002a745c
003ce3ec,0,data_pointer,,003e1cbc,003e1cbc
003ce3f4,0,data_pointer,,003e1ce0,003e1ce0
003ce43c,0,data_pointer,,003b3334,003b3334
003ce43c,0,data_pointer,,003b39ec,003b39ec
003ce43c,0,data_pointer,,003b39fc,003b39fc
003ce44c,0,data_pointer,,003b3330,003b3330
003ce44c,0,data_pointer,,003b39c4,003b39c4
003ce44c,0,data_pointer,,003b39e8,003b39e8
003ce44c,0,data_pointer,,003b39f8,003b39f8
003ce44c,0,data_pointer,,003b3a08,003b3a08
003ce44c,0,data_pointer,,003b3a18,003b3a18
003ce44c,0,data_pointer,,003b3a24,003b3a24
003ce454,0,data_pointer,,003b3324,003b3324
003ce454,0,data_pointer,,003b3b18,003b3b18
003ce454,0,data_pointer,,003b3c44,003b3c44
003ce454,0,data_pointer,,003b40a0,003b40a0
003ce454,0,data_pointer,,003b6054,003b6054
003ce45c,0,data_pointer,,003b3328,003b3328
003ce464,0,data_pointer,,003b3348,003b3348
003ce464,0,data_pointer,,003b3afc,003b3afc
003ce464,0,data_pointer,,003b3c28,003b3c28
003ce464,0,data_pointer,,003b5f10,003b5f10
003ce46c,0,data_pointer,,003b3344,003b3344
003ce46c,0,data_pointer,,003b3e38,003b3e38
003ce478,0,data_pointer,,003b3998,003b3998
003ce488,0,data_pointer,,003b3988,003b3988
003ce488,0,data_pointer,,003b3ccc,003b3ccc
003ce488,0,data_pointer,,003b3e70,003b3e70
003ce488,0,data_pointer,,003b3f64,003b3f64
003ce488,0,data_pointer,,003b3f70,003b3f70
003ce494,0,data_pointer,,003b39a8,003b39a8
003ce494,0,data_pointer,,003b4058,003b4058
003ce4a4,0,data_pointer,,003b39a0,003b39a0
003ce4a4,0,data_pointer,,003b4050,003b4050
003ce4b0,0,data_pointer,,003b3a2c,003b3a2c
003ce4b0,0,data_pointer,,003b422c,003b422c
003ce4c4,0,data_pointer,,003b3a0c,003b3a0c
003ce4d4,0,data_pointer,,003b3a1c,003b3a1c
003ce4e4,0,data_pointer,,003b39b8,003b39b8
003ce4e4,0,data_pointer,,003b4010,003b4010
003ce4f4,0,data_pointer,,003b3a34,003b3a34
003ce4f4,0,data_pointer,,003b3b5c,003b3b5c
003ce4f4,0,data_pointer,,003b401c,003b401c
003ce504,0,data_pointer,,003b39bc,003b39bc
003ce504,0,data_pointer,,003b39d4,003b39d4
003ce504,0,data_pointer,,003b39e0,003b39e0
003ce504,0,data_pointer,,003b3a00,003b3a00
003ce504,0,data_pointer,,003b3a10,003b3a10
003ce504,0,data_pointer,,003b3a38,003b3a38
003ce504,0,data_pointer,,003b3aa4,003b3aa4
003ce504,0,data_pointer,,003b3aac,003b3aac
003ce504,0,data_pointer,,003b3b08,003b3b08
003ce504,0,data_pointer,,003b3b60,003b3b60
003ce504,0,data_pointer,,003b3c10,003b3c10
003ce504,0,data_pointer,,003b3c18,003b3c18
003ce504,0,data_pointer,,003b3c30,003b3c30
003ce504,0,data_pointer,,003b4008,003b4008
003ce504,0,data_pointer,,003b4014,003b4014
003ce504,0,data_pointer,,003b4020,003b4020
003ce504,0,data_pointer,,003b421c,003b421c
003ce504,4,data_pointer,,003b5f20,003b5f20
003ce510,0,data_pointer,,003b3984,003b3984
003ce510,0,data_pointer,,003b3e6c,003b3e6c
003ce510,0,data_pointer,,003b3e74,003b3e74
003ce510,0,data_pointer,,003b3e7c,003b3e7c
003ce510,0,data_pointer,,003b3e84,003b3e84
003ce510,0,data_pointer,,003b3f60,003b3f60
003ce510,0,data_pointer,,003b3f6c,003b3f6c
003ce520,0,data_pointer,,003b3a44,003b3a44
003ce520,0,data_pointer,,003b406c,003b406c
003ce530,0,data_pointer,,003b398c,003b398c
003ce530,0,data_pointer,,003b3994,003b3994
003ce530,0,data_pointer,,003b39b4,003b39b4
003ce544,0,data_pointer,,003b39c8,003b39c8
003ce544,0,data_pointer,,003b3f4c,003b3f4c
003ce550,0,data_pointer,,003b3a28,003b3a28
003ce550,0,data_pointer,,003b4228,003b4228
003ce564,0,data_pointer,,003b3a40,003b3a40
003ce564,0,data_pointer,,003b4068,003b4068
003ce574,0,data_pointer,,003b399c,003b399c
003ce574,0,data_pointer,,003b39a4,003b39a4
003ce574,0,data_pointer,,003b39ac,003b39ac
003ce574,0,data_pointer,,003b3a30,003b3a30
003ce574,0,data_pointer,,003b3a3c,003b3a3c
003ce574,0,data_pointer,,003b404c,003b404c
003ce574,0,data_pointer,,003b4054,003b4054
003ce574,0,data_pointer,,003b405c,003b405c
003ce574,0,data_pointer,,003b4064,003b4064
003ce588,0,data_pointer,,003b3990,003b3990
003ce59c,0,data_pointer,,003b39b0,003b39b0
003ce59c,0,data_pointer,,003b4060,003b4060
003ce5b0,0,data_pointer,,003b39dc,003b39dc
003ce5c0,0,data_pointer,,003b39c0,003b39c0
003ce5c0,0,data_pointer,,003b39cc,003b39cc
003ce5c0,0,data_pointer,,003b39d8,003b39d8
003ce5c0,0,data_pointer,,003b39e4,003b39e4
003ce5c0,0,data_pointer,,003b39f4,003b39f4
003ce5c0,0,data_pointer,,003b3a04,003b3a04
003ce5c0,0,data_pointer,,003b3a14,003b3a14
003ce5c0,0,data_pointer,,003b3a20,003b3a20
003ce5d0,0,data_pointer,,003b39d0,003b39d0
003ce5d0,4,data_pointer,,003b3338,003b3338
003ce5d0,4,data_pointer,,003b4094,003b4094
003ce5d0,4,data_pointer,,003b409c,003b409c
003ce5dc,0,data_pointer,,003b3a54,003b3a54
003ce5e8,0,data_pointer,,003b3a50,003b3a50
003ce5f0,0,data_pointer,,003b3af0,003b3af0
003ce5f0,0,data_pointer,,003b3c20,003b3c20
003ce5fc,0,data_pointer,,003b3aa0,003b3aa0
003ce5fc,0,data_pointer,,003b3c0c,003b3c0c
003ce60c,0,data_pointer,,003b3aa8,003b3aa8
003ce60c,0,data_pointer,,003b3c14,003b3c14
003ce618,0,data_pointer,,003b3a8c,003b3a8c
003ce628,0,data_pointer,,003b3a94,003b3a94
003ce628,0,data_pointer,,003b3bb8,003b3bb8
003ce628,0,data_pointer,,003b3df8,003b3df8
003ce628,0,data_pointer,,003b5ec0,003b5ec0
003ce628,0,data_pointer,,003b5ee8,003b5ee8
003ce630,0,data_pointer,,003b3adc,003b3adc
003ce630,0,data_pointer,,003b3aec,003b3aec
003ce630,0,data_pointer,,003b3c1c,003b3c1c
003ce630,0,data_pointer,,003b3c48,003b3c48
003ce640,0,data_pointer,,003b3acc,003b3acc
003ce650,0,data_pointer,,003b3ad0,003b3ad0
003ce650,0,data_pointer,,003b3ae0,003b3ae0
003ce650,0,data_pointer,,003b3c4c,003b3c4c
003ce660,0,data_pointer,,003b3ad4,003b3ad4
003ce660,0,data_pointer,,003b3ae4,003b3ae4
003ce660,0,data_pointer,,003b3c50,003b3c50
003ce660,0,data_pointer,,003b4224,003b4224
003ce660,0,data_pointer,,003b423c,003b423c
003ce66c,0,data_pointer,,003b3ac4,003b3ac4
003ce678,0,data_pointer,,003b3ab4,003b3ab4
003ce68c,0,data_pointer,,003b3a9c,003b3a9c
003ce68c,0,data_pointer,,003b3e00,003b3e00
003ce698,0,data_pointer,,003b3a88,003b3a88
003ce698,0,data_pointer,,003b3a90,003b3a90
003ce698,0,data_pointer,,003b3a98,003b3a98
003ce698,0,data_pointer,,003b3ab0,003b3ab0
003ce698,0,data_pointer,,003b3ab8,003b3ab8
003ce698,0,data_pointer,,003b3ac0,003b3ac0
003ce698,0,data_pointer,,003b3ac8,003b3ac8
003ce698,0,data_pointer,,003b3ad8,003b3ad8
003ce698,0,data_pointer,,003b3ae8,003b3ae8
003ce698,0,data_pointer,,003b3af4,003b3af4
003ce698,0,data_pointer,,003b3b00,003b3b00
003ce698,0,data_pointer,,003b3b0c,003b3b0c
003ce6a0,0,data_pointer,,003b3af8,003b3af8
003ce6a0,0,data_pointer,,003b3b04,003b3b04
003ce6a0,0,data_pointer,,003b3c24,003b3c24
003ce6a0,0,data_pointer,,003b3c2c,003b3c2c
003ce6b0,0,data_pointer,,003b3b14,003b3b14
003ce6b0,0,data_pointer,,003b3c40,003b3c40
003ce6b8,0,data_pointer,,003b3b10,003b3b10
003ce6b8,0,data_pointer,,003b3c3c,003b3c3c
003ce6e8,0,data_pointer,,003b3b7c,003b3b7c
003ce6f4,0,data_pointer,,003b3b80,003b3b80
003ce6fc,0,data_pointer,,003b3b54,003b3b54
003ce710,0,data_pointer,,003b3b58,003b3b58
003ce724,0,data_pointer,,003b3bb4,003b3bb4
003ce724,0,data_pointer,,003b3f04,003b3f04
003ce724,0,data_pointer,,003b5edc,003b5edc
003ce724,0,data_pointer,,003b5ee4,003b5ee4
003ce730,0,data_pointer,,003b3ba4,003b3ba4
003ce730,0,data_pointer,,003b3bac,003b3bac
003ce73c,0,data_pointer,,003b3bb0,003b3bb0
003ce73c,8,data_pointer,,003b3ba8,003b3ba8
003ce74c,0,data_pointer,,003b3bd0,003b3bd0
003ce754,0,data_pointer,,003b3bcc,003b3bcc
003ce760,0,data_pointer,,003b3be0,003b3be0
003ce770,0,data_pointer,,003b3bdc,003b3bdc
003ce780,0,data_pointer,,003b3bf8,003b3bf8
003ce780,0,data_pointer,,003b5ea8,003b5ea8
003ce78c,0,data_pointer,,003b3bf4,003b3bf4
003ce78c,0,data_pointer,,003b5ea4,003b5ea4
003ce798,0,data_pointer,,003b3c34,003b3c34
003ce798,0,data_pointer,,003b3e28,003b3e28
003ce7a4,0,data_pointer,,003b3c04,003b3c04
003ce7a4,0,data_pointer,,003b3c08,003b3c08
003ce7ac,0,data_pointer,,003b3c60,003b3c60
003ce7ac,0,data_pointer,,003b4244,003b4244
003ce7bc,0,data_pointer,,003b3c5c,003b3c5c
003ce7bc,0,data_pointer,,003b4240,003b4240
003ce7cc,0,data_pointer,,003b3c70,003b3c70
003ce7cc,0,data_pointer,,003b3d20,003b3d20
003ce7cc,0,data_pointer,,003b3d38,003b3d38
003ce7cc,0,data_pointer,,003b3d48,003b3d48
003ce7cc,0,data_pointer,,003b3dd8,003b3dd8
003ce7cc,0,data_pointer,,003b407c,003b407c
003ce7cc,0,data_pointer,,003b5e30,003b5e30
003ce7d4,0,data_pointer,,003b3cbc,003b3cbc
003ce7d4,4,data_pointer,,003b39f0,003b39f0
003ce7d4,4,data_pointer,,003b3abc,003b3abc
003ce7d4,4,data_pointer,,003b3df0,003b3df0
003ce7d4,4,data_pointer,,003b40a4,003b40a4
003ce7d4,4,data_pointer,,003b5eb8,003b5eb8
003ce7d4,4,data_pointer,,003b5ee0,003b5ee0
003ce7d4,4,data_pointer,,003b6058,003b6058
003ce7dc,0,data_pointer,,003b3cb8,003b3cb8
003ce7dc,0,data_pointer,,003b3cc0,003b3cc0
003ce7dc,0,data_pointer,,003b3cc8,003b3cc8
003ce7f0,0,data_pointer,,003b3cc4,003b3cc4
003ce800,0,data_pointer,,003b3cd8,003b3cd8
003ce800,0,data_pointer,,003b3cf0,003b3cf0
003ce808,0,data_pointer,,003b3cf8,003b3cf8
003ce810,0,data_pointer,,003b3cec,003b3cec
003ce81c,0,data_pointer,,003b3cf4,003b3cf4
003ce824,0,data_pointer,,003b3d30,003b3d30
003ce82c,0,data_pointer,,003b3d2c,003b3d2c
003ce82c,0,data_pointer,,003b3d34,003b3d34
003ce82c,3,data_pointer,,003e23d0,003e23d0
003ce834,0,data_pointer,,003b3d88,003b3d88
003ce84c,0,data_pointer,,003b3d90,003b3d90
003ce864,0,data_pointer,,003b3da0,003b3da0
003ce87c,0,data_pointer,,003b3da8,003b3da8
003ce88c,0,data_pointer,,003b3da4,003b3da4
003ce89c,0,data_pointer,,003b3db4,003b3db4
003ce89c,0,data_pointer,,003b5ec8,003b5ec8
003ce89c,0,data_pointer,,003b5f18,003b5f18
003ce8a4,0,data_pointer,,003b3d98,003b3d98
003ce8b0,0,data_pointer,,003b3d74,003b3d74
003ce8b0,0,data_pointer,,003b3d7c,003b3d7c
003ce8b0,0,data_pointer,,003b3d84,003b3d84
003ce8b0,0,data_pointer,,003b3d8c,003b3d8c
003ce8b0,0,data_pointer,,003b3d94,003b3d94
003ce8b0,0,data_pointer,,003b3d9c,003b3d9c
003ce8b0,0,data_pointer,,003b3dac,003b3dac
003ce8b0,0,data_pointer,,003b3db8,003b3db8
003ce8c0,0,data_pointer,,003b3d80,003b3d80
003ce8cc,0,data_pointer,,003b3dc0,003b3dc0
003ce8e0,0,data_pointer,,003b3db0,003b3db0
003ce8e8,0,data_pointer,,003b3dbc,003b3dbc
003ce8fc,0,data_pointer,,003b3d78,003b3d78
003ce8fc,0,data_pointer,,003b40cc,003b40cc
003ce904,0,data_pointer,,003b3dd4,003b3dd4
003ce904,0,data_pointer,,003b3ddc,003b3ddc
003ce904,0,data_pointer,,003b3de4,003b3de4
003ce914,0,data_pointer,,003b3de8,003b3de8
003ce924,0,data_pointer,,003b3dec,003b3dec
003ce924,0,data_pointer,,003b3df4,003b3df4
003ce924,0,data_pointer,,003b3dfc,003b3dfc
003ce930,0,data_pointer,,003b3de0,003b3de0
003ce930,0,data_pointer,,003b4084,003b4084
003ce938,0,data_pointer,,003b3e40,003b3e40
003ce944,0,data_pointer,,003b3e30,003b3e30
003ce94c,0,data_pointer,,003b3e24,003b3e24
003ce954,0,data_pointer,,003b3e34,003b3e34
003ce954,0,data_pointer,,003b3e3c,003b3e3c
003ce960,0,data_pointer,,003b3e2c,003b3e2c
003ce968,0,data_pointer,,003b3e1c,003b3e1c
003ce970,0,data_pointer,,003b3e20,003b3e20
003ce97c,0,data_pointer,,003b3e80,003b3e80
003ce98c,0,data_pointer,,003b3e88,003b3e88
003ce99c,0,data_pointer,,003b3e78,003b3e78
003ce9ac,0,data_pointer,,003b3ef4,003b3ef4
003ce9ac,0,data_pointer,,003b5e98,003b5e98
003ce9b4,0,data_pointer,,003b3efc,003b3efc
003ce9cc,0,data_pointer,,003b3ef8,003b3ef8
003ce9e0,0,data_pointer,,003b3ef0,003b3ef0
003ce9e0,0,data_pointer,,003b5e94,003b5e94
003ce9e8,0,data_pointer,,003b3f00,003b3f00
003ce9f4,0,data_pointer,,003b3f38,003b3f38
003ce9f4,0,data_pointer,,003b3f40,003b3f40
003ce9f4,0,data_pointer,,003b3f48,003b3f48
003ce9f4,0,data_pointer,,003b3f50,003b3f50
003ce9f4,0,data_pointer,,003b3f5c,003b3f5c
003ce9f4,0,data_pointer,,003b3f68,003b3f68
003cea04,0,data_pointer,,003b3f44,003b3f44
003cea10,0,data_pointer,,003b3f3c,003b3f3c
003cea18,0,data_pointer,,003b3f90,003b3f90
003cea2c,0,data_pointer,,003b3f8c,003b3f8c
003cea3c,0,data_pointer,,003e1d4c,003e1d4c
003cea54,0,data_pointer,,003e1d3c,003e1d3c
003cea6c,0,data_pointer,,003e1d50,003e1d50
003cea84,0,data_pointer,,003e1d40,003e1d40
003cea9c,0,data_pointer,,003e1d44,003e1d44
003cea9c,0,data_pointer,,003e1d48,003e1d48
003ceab4,0,data_pointer,,003e1d54,003e1d54
003ceacc,0,data_pointer,,003b4004,003b4004
003ceacc,0,data_pointer,,003b4098,003b4098
003cead4,0,data_pointer,,003b400c,003b400c
003cead4,0,data_pointer,,003b4018,003b4018
003ceae8,0,data_pointer,,003b408c,003b408c
003ceaf4,0,data_pointer,,003b4078,003b4078
003ceaf4,0,data_pointer,,003b4080,003b4080
003ceaf4,0,data_pointer,,003b4088,003b4088
003ceb04,0,data_pointer,,003b4090,003b4090
003ceb18,0,data_pointer,,003b40d4,003b40d4
003ceb28,0,data_pointer,,003b40c8,003b40c8
003ceb28,0,data_pointer,,003b40d0,003b40d0
003d1028,0,literal_pool,0038b070,0038b104,0038b36c
003d10a4,0,literal_pool,0038b070,0038b0b0,0038b358
003d13f0,0,data_pointer,,003b4218,003b4218
003d1400,0,data_pointer,,003b4220,003b4220
003d1400,0,data_pointer,,003b4238,003b4238
003d1414,0,data_pointer,,003b4230,003b4230
003d1414,12,data_pointer,,003b3c6c,003b3c6c
003d1414,12,data_pointer,,003b3c74,003b3c74
003d1414,12,data_pointer,,003b3cdc,003b3cdc
003d1414,12,data_pointer,,003b3d14,003b3d14
003d1414,12,data_pointer,,003b3d1c,003b3d1c
003d1414,12,data_pointer,,003b3d44,003b3d44
003d1414,12,data_pointer,,003b3d4c,003b3d4c
003d1414,12,data_pointer,,003b3f20,003b3f20
003d1414,12,data_pointer,,003b3f54,003b3f54
003d1414,12,data_pointer,,003b5e2c,003b5e2c
003d1414,12,data_pointer,,003b5e34,003b5e34
003d142c,0,data_pointer,,003b4234,003b4234
003d142c,12,data_pointer,,003b3c78,003b3c78
003d142c,12,data_pointer,,003b3ce0,003b3ce0
003d142c,12,data_pointer,,003b3d18,003b3d18
003d142c,12,data_pointer,,003b3d50,003b3d50
003d142c,12,data_pointer,,003b3f24,003b3f24
003d142c,12,data_pointer,,003b3f58,003b3f58
003d142c,12,data_pointer,,003b5e38,003b5e38
003d1440,0,data_pointer,,003e1d9c,003e1d9c
003d1440,11,data_pointer,,003e23bc,003e23bc
003d1450,0,literal_pool,00320474,003204dc,00320558
003d1498,0,data_pointer,,003e1dc0,003e1dc0
003d14f4,0,data_pointer,,003e1da0,003e1da0
003d1504,0,data_pointer,,003e1d98,003e1d98
003d1514,0,literal_pool,00320220,00320254,00320294
003d1570,0,literal_pool,0031fec4,0031fef0,0031ff24
003d15d8,0,literal_pool,0031edfc,0031ee24,0031ee5c
003d161c,0,data_pointer,,003e1dbc,003e1dbc
003d166c,0,literal_pool,00320d40,00320d74,00320db8
003d16b0,0,literal_pool,003210cc,003210f4,0032112c
003d16f8,0,data_pointer,,003e1dc4,003e1dc4
003d1740,0,data_pointer,,003e1db8,003e1db8
003d1784,0,literal_pool,0032070c,0032074c,00320788
003d17cc,0,literal_pool,0031fa3c,0031fa8c,0031fad8
003d1814,0,literal_pool,00321c90,00321ccc,00321d10
003d1868,0,literal_pool,00321d14,00321d48,00321d88
003d18d4,0,literal_pool,00320314,0032033c,00320374
003d191c,0,literal_pool,00320ecc,00320ef4,00320f2c
003d1968,0,literal_pool,00320410,00320438,00320470
003d19ac,0,literal_pool,00320e54,00320e88,00320ec8
003d1a10,0,literal_pool,00321234,0032126c,003212ac
003d1a88,0,literal_pool,0031f268,0031f288,0031f2b8
003d1ad0,0,literal_pool,003211d0,003211f8,00321230
003d1b14,0,literal_pool,0032133c,00321364,0032139c
003d1b58,0,literal_pool,0031f6b0,0031f6f0,0031f78c
003d1ba4,0,literal_pool,00320624,0032064c,00320684
003d1bec,0,data_pointer,,003b446c,003b446c
003d1c5c,0,data_pointer,,003b4494,003b4494
003d1ccc,0,data_pointer,,003b4474,003b4474
003d1d3c,0,data_pointer,,003b447c,003b447c
003d1dac,0,data_pointer,,003b449c,003b449c
003d1e1c,0,data_pointer,,003b4470,003b4470
003d1e8c,0,data_pointer,,003b4498,003b4498
003d1efc,0,data_pointer,,003b4478,003b4478
003d1f6c,0,data_pointer,,003b4480,003b4480
003d1fdc,0,data_pointer,,003b44a0,003b44a0
003d204c,0,data_pointer,,003b431c,003b431c
003d204c,0,data_pointer,,003b4320,003b4320
003d204c,0,data_pointer,,003b4324,003b4324
003d204c,0,data_pointer,,003b4328,003b4328
003d204c,0,data_pointer,,003b432c,003b432c
003d204c,0,data_pointer,,003b4330,003b4330
003d204c,0,data_pointer,,003b4334,003b4334
003d204c,0,data_pointer,,003b4338,003b4338
003d204c,0,data_pointer,,003b433c,003b433c
003d204c,0,data_pointer,,003b4340,003b4340
003d204c,0,data_pointer,,003b4344,003b4344
003d204c,0,data_pointer,,003b4348,003b4348
003d20bc,0,data_pointer,,003b443c,003b443c
003d20bc,0,data_pointer,,003b4440,003b4440
003d20bc,0,data_pointer,,003b4444,003b4444
003d20bc,0,data_pointer,,003b4448,003b4448
003d20bc,0,data_pointer,,003b444c,003b444c
003d20bc,0,data_pointer,,003b4450,003b4450
003d20bc,0,data_pointer,,003b4454,003b4454
003d20bc,0,data_pointer,,003b4458,003b4458
003d20bc,0,data_pointer,,003b445c,003b445c
003d20bc,0,data_pointer,,003b4460,003b4460
003d20bc,0,data_pointer,,003b4464,003b4464
003d20bc,0,data_pointer,,003b4468,003b4468
003d212c,0,data_pointer,,003b4388,003b4388
003d212c,0,data_pointer,,003b43b8,003b43b8
003d212c,0,data_pointer,,003b43e8,003b43e8
003d219c,0,data_pointer,,003b439c,003b439c
003d219c,0,data_pointer,,003b43cc,003b43cc
003d219c,0,data_pointer,,003b43fc,003b43fc
003d219c,106,data_pointer,,003e23dc,003e23dc
003d220c,0,data_pointer,,003b434c,003b434c
003d220c,0,data_pointer,,003b4350,003b4350
003d220c,0,data_pointer,,003b4358,003b4358
003d220c,0,data_pointer,,003b435c,003b435c
003d220c,0,data_pointer,,003b4364,003b4364
003d220c,0,data_pointer,,003b4368,003b4368
003d220c,0,data_pointer,,003b436c,003b436c
003d220c,0,data_pointer,,003b4374,003b4374
003d220c,0,data_pointer,,003b4378,003b4378
003d227c,0,data_pointer,,003b437c,003b437c
003d227c,0,data_pointer,,003b4380,003b4380
003d227c,0,data_pointer,,003b4394,003b4394
003d227c,0,data_pointer,,003b4398,003b4398
003d227c,0,data_pointer,,003b43a8,003b43a8
003d227c,0,data_pointer,,003b43ac,003b43ac
003d227c,0,data_pointer,,003b43b0,003b43b0
003d227c,0,data_pointer,,003b43c4,003b43c4
003d227c,0,data_pointer,,003b43c8,003b43c8
003d227c,0,data_pointer,,003b43d8,003b43d8
003d227c,0,data_pointer,,003b43dc,003b43dc
003d227c,0,data_pointer,,003b43e0,003b43e0
003d227c,0,data_pointer,,003b43f4,003b43f4
003d227c,0,data_pointer,,003b43f8,003b43f8
003d227c,0,data_pointer,,003b4408,003b4408
003d22ec,0,data_pointer,,003b4308,003b4308
003d22ec,107,data_pointer,,003e23c0,003e23c0
003d235c,0,data_pointer,,003b440c,003b440c
003d235c,0,data_pointer,,003b4410,003b4410
003d235c,0,data_pointer,,003b4414,003b4414
003d235c,0,data_pointer,,003b4418,003b4418
003d235c,0,data_pointer,,003b441c,003b441c
003d235c,0,data_pointer,,003b4420,003b4420
003d235c,0,data_pointer,,003b4424,003b4424
003d235c,0,data_pointer,,003b4428,003b4428
003d235c,0,data_pointer,,003b442c,003b442c
003d235c,0,data_pointer,,003b4430,003b4430
003d235c,0,data_pointer,,003b4434,003b4434
003d235c,0,data_pointer,,003b4438,003b4438
003d235c,106,data_pointer,,003e23d8,003e23d8
003d23cc,0,data_pointer,,003b4354,003b4354
003d243c,0,data_pointer,,003b4384,003b4384
003d243c,0,data_pointer,,003b43b4,003b43b4
003d243c,0,data_pointer,,003b43e4,003b43e4
003d243c,106,data_pointer,,003e23c4,003e23c4
003d24ac,0,data_pointer,,003b4360,003b4360
003d251c,0,data_pointer,,003b4390,003b4390
003d251c,0,data_pointer,,003b43c0,003b43c0
003d251c,0,data_pointer,,003b43f0,003b43f0
003d258c,0,data_pointer,,003b438c,003b438c
003d258c,0,data_pointer,,003b43bc,003b43bc
003d258c,0,data_pointer,,003b43ec,003b43ec
003d25fc,0,data_pointer,,003b4370,003b4370
003d266c,0,data_pointer,,003b43a0,003b43a0
003d266c,0,data_pointer,,003b43d0,003b43d0
003d266c,0,data_pointer,,003b4400,003b4400
003d266c,106,data_pointer,,003e23e0,003e23e0
003d26dc,0,data_pointer,,003b43a4,003b43a4
003d26dc,0,data_pointer,,003b43d4,003b43d4
003d26dc,0,data_pointer,,003b4404,003b4404
003d26dc,106,data_pointer,,003e23e4,003e23e4
003d2750,0,data_pointer,,003b4594,003b4594
003d2760,0,data_pointer,,003b459c,003b459c
003d2770,0,data_pointer,,003b4598,003b4598
003d2780,0,data_pointer,,003b45a0,003b45a0
003d2790,0,data_pointer,,003b4664,003b4664
003d2790,0,data_pointer,,003b5624,003b5624
003d2790,0,data_pointer,,003b56f4,003b56f4
003d2790,0,data_pointer,,003b5b54,003b5b54
003d2790,0,data_pointer,,003b5b6c,003b5b6c
003d279c,0,data_pointer,,003b4660,003b4660
003d279c,0,data_pointer,,003b5620,003b5620
003d279c,0,data_pointer,,003b56f0,003b56f0
003d279c,0,data_pointer,,003b5b50,003b5b50
003d279c,0,data_pointer,,003b5b68,003b5b68
003d279c,0,data_pointer,,003b7e58,003b7e58
003d27a8,0,data_pointer,,003b4668,003b4668
003d27b8,0,data_pointer,,003b466c,003b466c
003d27c8,0,data_pointer,,003b46fc,003b46fc
003d27d4,0,data_pointer,,003b4704,003b4704
003d27e0,0,data_pointer,,003b46ec,003b46ec
003d27f0,0,data_pointer,,003b46f4,003b46f4
003d2800,0,data_pointer,,003b4700,003b4700
003d2810,0,data_pointer,,003b4710,003b4710
003d2824,0,data_pointer,,003b46f0,003b46f0
003d2834,0,data_pointer,,003b46f8,003b46f8
003d2840,0,data_pointer,,003b46e8,003b46e8
003d2850,0,data_pointer,,003b470c,003b470c
003d285c,0,data_pointer,,003b4708,003b4708
003d286c,0,data_pointer,,003b4714,003b4714
003d287c,0,data_pointer,,003b4764,003b4764
003d2888,0,data_pointer,,003b4758,003b4758
003d2888,0,data_pointer,,003b7660,003b7660
003d2894,0,data_pointer,,003b4774,003b4774
003d2894,0,data_pointer,,003b7668,003b7668
003d28a0,0,data_pointer,,003b476c,003b476c
003d28a0,0,data_pointer,,003b7664,003b7664
003d28ac,0,data_pointer,,003b475c,003b475c
003d28ac,0,data_pointer,,003b5ccc,003b5ccc
003d28ac,0,data_pointer,,003b7340,003b7340
003d28b8,0,data_pointer,,003b4768,003b4768
003d28c4,0,data_pointer,,003b4760,003b4760
003d28c4,0,data_pointer,,003b5cc0,003b5cc0
003d28c4,0,data_pointer,,003b734c,003b734c
003d28d0,0,data_pointer,,003b4770,003b4770
003d28dc,0,data_pointer,,003b4778,003b4778
003d28e8,0,data_pointer,,003b4840,003b4840
003d28f4,0,data_pointer,,003b4844,003b4844
003d2904,0,data_pointer,,003b4870,003b4870
003d2920,0,data_pointer,,003b4850,003b4850
003d2938,0,data_pointer,,003b4880,003b4880
003d2950,0,data_pointer,,003b4864,003b4864
003d2968,0,data_pointer,,003b4868,003b4868
003d2980,0,data_pointer,,003b4874,003b4874
003d299c,0,data_pointer,,003b4854,003b4854
003d29b4,0,data_pointer,,003b4878,003b4878
003d29cc,0,data_pointer,,003b4860,003b4860
003d29e4,0,data_pointer,,003b486c,003b486c
003d29fc,0,data_pointer,,003b4848,003b4848
003d2a14,0,data_pointer,,003b4884,003b4884
003d2a2c,0,data_pointer,,003b484c,003b484c
003d2a44,0,data_pointer,,003b485c,003b485c
003d2a5c,0,data_pointer,,003b487c,003b487c
003d2a74,0,data_pointer,,003b4858,003b4858
003d2a8c,0,data_pointer,,003b48e8,003b48e8
003d2a9c,0,data_pointer,,003b48ec,003b48ec
003d2aac,0,data_pointer,,003b4904,003b4904
003d2abc,0,data_pointer,,003b48f8,003b48f8
003d2abc,0,data_pointer,,003b48fc,003b48fc
003d2abc,0,data_pointer,,003b4900,003b4900
003d2acc,0,data_pointer,,003b492c,003b492c
003d2ae0,0,data_pointer,,003b4908,003b4908
003d2ae0,0,data_pointer,,003b4910,003b4910
003d2af0,0,data_pointer,,003b4914,003b4914
003d2b00,0,data_pointer,,003b491c,003b491c
003d2b10,0,data_pointer,,003b4930,003b4930
003d2b24,0,data_pointer,,003b490c,003b490c
003d2b34,0,data_pointer,,003b4918,003b4918
003d2b44,0,data_pointer,,003b4920,003b4920
003d2b54,0,data_pointer,,003b4934,003b4934
003d2b68,0,data_pointer,,003b4924,003b4924
003d2b68,0,data_pointer,,003b4928,003b4928
003d2b78,0,data_pointer,,003b4a20,003b4a20
003d2b88,0,data_pointer,,003b4a24,003b4a24
003d2b98,0,data_pointer,,003b4a28,003b4a28
003d2ba8,0,data_pointer,,003b4a6c,003b4a6c
003d2bb4,0,data_pointer,,003b4a5c,003b4a5c
003d2bc8,0,data_pointer,,003b4a68,003b4a68
003d2bdc,0,data_pointer,,003b4a70,003b4a70
003d2be8,0,data_pointer,,003b4a60,003b4a60
003d2bfc,0,data_pointer,,003b4a64,003b4a64
003d2c10,0,data_pointer,,003b4a74,003b4a74
003d2c1c,0,data_pointer,,003b4b60,003b4b60
003d2c34,0,data_pointer,,003b4b5c,003b4b5c
003d2c48,0,data_pointer,,003b4b54,003b4b54
003d2c60,0,data_pointer,,003b4b50,003b4b50
003d2c74,0,data_pointer,,003b4b6c,003b4b6c
003d2c8c,0,data_pointer,,003b4b68,003b4b68
003d2c8c,0,data_pointer,,003b4b70,003b4b70
003d2ca0,0,data_pointer,,003b4b58,003b4b58
003d2cb4,0,data_pointer,,003b4b64,003b4b64
003d2cc8,0,data_pointer,,003b4c14,003b4c14
003d2cc8,0,data_pointer,,003b738c,003b738c
003d2cc8,0,data_pointer,,003b7690,003b7690
003d2cc8,0,data_pointer,,003b7854,003b7854
003d2cc8,0,data_pointer,,003b7a1c,003b7a1c
003d2cc8,0,data_pointer,,003b82d4,003b82d4
003d2cc8,0,data_pointer,,003b86c4,003b86c4
003d2cd4,0,data_pointer,,003b4c18,003b4c18
003d2cd4,0,data_pointer,,003b7390,003b7390
003d2cd4,0,data_pointer,,003b7694,003b7694
003d2cd4,0,data_pointer,,003b7858,003b7858
003d2cd4,0,data_pointer,,003b7a20,003b7a20
003d2cd4,0,data_pointer,,003b82d8,003b82d8
003d2cd4,0,data_pointer,,003b86c8,003b86c8
003d2ce0,0,data_pointer,,003b4c1c,003b4c1c
003d2ce0,0,data_pointer,,003b7394,003b7394
003d2ce0,0,data_pointer,,003b7698,003b7698
003d2ce0,0,data_pointer,,003b785c,003b785c
003d2ce0,0,data_pointer,,003b7a24,003b7a24
003d2ce0,0,data_pointer,,003b82dc,003b82dc
003d2ce0,0,data_pointer,,003b86cc,003b86cc
003d2cec,0,data_pointer,,003b4c20,003b4c20
003d2cec,0,data_pointer,,003b7398,003b7398
003d2cec,0,data_pointer,,003b769c,003b769c
003d2cec,0,data_pointer,,003b7860,003b7860
003d2cec,0,data_pointer,,003b7a28,003b7a28
003d2cec,0,data_pointer,,003b82e0,003b82e0
003d2cec,0,data_pointer,,003b86d0,003b86d0
003d2cf8,0,data_pointer,,003b4c24,003b4c24
003d2cf8,0,data_pointer,,003b739c,003b739c
003d2cf8,0,data_pointer,,003b76a0,003b76a0
003d2cf8,0,data_pointer,,003b7864,003b7864
003d2cf8,0,data_pointer,,003b7a2c,003b7a2c
003d2cf8,0,data_pointer,,003b82e4,003b82e4
003d2cf8,0,data_pointer,,003b86d4,003b86d4
003d2d04,0,data_pointer,,003b4d44,003b4d44
003d2d14,0,data_pointer,,003b4d5c,003b4d5c
003d2d24,0,data_pointer,,003b4d54,003b4d54
003d2d34,0,data_pointer,,003b4dcc,003b4dcc
003d2d44,0,data_pointer,,003b4dd4,003b4dd4
003d2d54,0,data_pointer,,003b4ce4,003b4ce4
003d2d64,0,data_pointer,,003b4d04,003b4d04
003d2d74,0,data_pointer,,003b4c90,003b4c90
003d2d84,0,data_pointer,,003b4ccc,003b4ccc
003d2d84,0,data_pointer,,003b4d14,003b4d14
003d2d94,0,data_pointer,,003b4ddc,003b4ddc
003d2da4,0,data_pointer,,003b4d6c,003b4d6c
003d2da4,0,data_pointer,,003b4d74,003b4d74
003d2db4,0,data_pointer,,003b4da4,003b4da4
003d2db4,0,data_pointer,,003b4dac,003b4dac
003d2dc4,0,data_pointer,,003b4dbc,003b4dbc
003d2dd4,0,data_pointer,,003b4de4,003b4de4
003d2de4,0,data_pointer,,003b4cc4,003b4cc4
003d2df4,0,data_pointer,,003b4d64,003b4d64
003d2e04,0,data_pointer,,003b4d34,003b4d34
003d2e04,12,data_pointer,,003b3b70,003b3b70
003d2e14,0,data_pointer,,003b4c94,003b4c94
003d2e24,0,data_pointer,,003b4dec,003b4dec
003d2e34,0,data_pointer,,003b4d0c,003b4d0c
003d2e44,0,data_pointer,,003b4c98,003b4c98
003d2e54,0,data_pointer,,003b4db4,003b4db4
003d2e64,0,data_pointer,,003b4cdc,003b4cdc
003d2e74,0,data_pointer,,003b4d1c,003b4d1c
003d2e74,0,data_pointer,,003b4d3c,003b4d3c
003d2e74,0,data_pointer,,003b4d4c,003b4d4c
003d2e84,0,data_pointer,,003b4d7c,003b4d7c
003d2e84,12,data_pointer,,003b3b78,003b3b78
003d2e94,0,data_pointer,,003b4c9c,003b4c9c
003d2ea4,0,data_pointer,,003b4cf4,003b4cf4
003d2eb4,0,data_pointer,,003b4dc4,003b4dc4
003d2ec4,0,data_pointer,,003b4d24,003b4d24
003d2ed4,0,data_pointer,,003b4d84,003b4d84
003d2ed4,0,data_pointer,,003b4d94,003b4d94
003d2ee4,0,data_pointer,,003b4cfc,003b4cfc
003d2ef4,0,data_pointer,,003b4ca4,003b4ca4
003d2ef4,0,data_pointer,,003b4cac,003b4cac
003d2ef4,0,data_pointer,,003b4cb4,003b4cb4
003d2f04,0,data_pointer,,003b4d2c,003b4d2c
003d2f14,0,data_pointer,,003b4d9c,003b4d9c
003d2f24,0,data_pointer,,003b4cbc,003b4cbc
003d2f34,0,data_pointer,,003b4cec,003b4cec
003d2f44,0,data_pointer,,003b4cd4,003b4cd4
003d2f54,0,data_pointer,,003b4d8c,003b4d8c
003d2f64,0,data_pointer,,003b4df0,003b4df0
003d2f7c,0,data_pointer,,003b4e64,003b4e64
003d2f94,0,data_pointer,,003b4e70,003b4e70
003d2fac,0,data_pointer,,003b4e6c,003b4e6c
003d2fc4,0,data_pointer,,003b4e68,003b4e68
003d2fdc,0,data_pointer,,003b4ebc,003b4ebc
003d2fec,0,data_pointer,,003b4ec0,003b4ec0
003d2ffc,0,data_pointer,,003b4ec4,003b4ec4
003d300c,0,data_pointer,,003b4ed4,003b4ed4
003d3024,0,data_pointer,,003b4ed0,003b4ed0
003d303c,0,data_pointer,,003b4f78,003b4f78
003d303c,0,data_pointer,,003b766c,003b766c
003d304c,0,data_pointer,,003b4f8c,003b4f8c
003d3058,0,data_pointer,,003b4f98,003b4f98
003d3058,0,data_pointer,,003b4fa8,003b4fa8
003d3064,0,data_pointer,,003b4f84,003b4f84
003d3064,0,data_pointer,,003b5988,003b5988
003d3070,0,data_pointer,,003b4f88,003b4f88
003d3080,0,data_pointer,,003b4f90,003b4f90
003d3080,0,data_pointer,,003b4fa0,003b4fa0
003d3090,0,data_pointer,,003b4f80,003b4f80
003d309c,0,data_pointer,,003b4f7c,003b4f7c
003d30ac,0,data_pointer,,003b4f9c,003b4f9c
003d30ac,0,data_pointer,,003b4fac,003b4fac
003d30b8,0,data_pointer,,003b4f94,003b4f94
003d30b8,0,data_pointer,,003b4fa4,003b4fa4
003d30c8,0,data_pointer,,003b4fb0,003b4fb0
003d30c8,0,data_pointer,,003b4fb8,003b4fb8
003d30dc,0,data_pointer,,003b4fb4,003b4fb4
003d30dc,0,data_pointer,,003b4fbc,003b4fbc
003d30f0,0,data_pointer,,003b5008,003b5008
003d30fc,0,data_pointer,,003b500c,003b500c
003d3108,0,data_pointer,,003b5010,003b5010
003d3114,0,data_pointer,,003b5130,003b5130
003d3120,0,data_pointer,,003b513c,003b513c
003d3138,0,data_pointer,,003b5138,003b5138
003d314c,0,data_pointer,,003b5134,003b5134
003d3158,0,data_pointer,,003b5184,003b5184
003d3158,0,data_pointer,,003b5300,003b5300
003d3158,0,data_pointer,,003b5c1c,003b5c1c
003d3160,0,data_pointer,,003b5180,003b5180
003d3160,0,data_pointer,,003b52fc,003b52fc
003d3160,0,data_pointer,,003b5c18,003b5c18
003d3168,0,data_pointer,,003b51b4,003b51b4
003d3168,0,data_pointer,,003b5330,003b5330
003d3174,0,data_pointer,,003b518c,003b518c
003d3174,0,data_pointer,,003b5308,003b5308
003d317c,0,data_pointer,,003b5188,003b5188
003d317c,0,data_pointer,,003b5304,003b5304
003d3184,0,data_pointer,,003b51b0,003b51b0
003d3184,0,data_pointer,,003b532c,003b532c
003d3190,0,data_pointer,,003b5194,003b5194
003d3190,0,data_pointer,,003b5310,003b5310
003d3198,0,data_pointer,,003b5190,003b5190
003d3198,0,data_pointer,,003b530c,003b530c
003d31a0,0,data_pointer,,003b51ac,003b51ac
003d31a0,0,data_pointer,,003b5328,003b5328
003d31ac,0,data_pointer,,003b51a8,003b51a8
003d31ac,0,data_pointer,,003b5324,003b5324
003d31b8,0,data_pointer,,003b519c,003b519c
003d31b8,0,data_pointer,,003b5318,003b5318
003d31c4,0,data_pointer,,003b5198,003b5198
003d31c4,0,data_pointer,,003b5314,003b5314
003d31d0,0,data_pointer,,003b51a4,003b51a4
003d31d0,0,data_pointer,,003b5320,003b5320
003d31dc,0,data_pointer,,003b51a0,003b51a0
003d31dc,0,data_pointer,,003b531c,003b531c
003d31e8,0,data_pointer,,003b5240,003b5240
003d31f4,0,data_pointer,,003b5244,003b5244
003d3200,0,data_pointer,,003b5238,003b5238
003d3200,0,data_pointer,,003b5248,003b5248
003d320c,0,data_pointer,,003b5234,003b5234
003d3218,0,data_pointer,,003b52bc,003b52bc
003d3228,0,data_pointer,,003b52c0,003b52c0
003d3238,0,data_pointer,,003b53ec,003b53ec
003d324c,0,data_pointer,,003b53e8,003b53e8
003d3260,0,data_pointer,,003b56e8,003b56e8
003d326c,0,data_pointer,,003b56e0,003b56e0
003d3280,0,data_pointer,,003b56ec,003b56ec
003d328c,0,data_pointer,,003b56e4,003b56e4
003d32a0,0,data_pointer,,003b5830,003b5830
003d32a8,0,data_pointer,,003b5834,003b5834
003d32b0,0,data_pointer,,003b5854,003b5854
003d32c8,0,data_pointer,,003b5838,003b5838
003d32c8,0,data_pointer,,003b583c,003b583c
003d32e0,0,data_pointer,,003b5840,003b5840
003d32f4,0,data_pointer,,003b5848,003b5848
003d330c,0,data_pointer,,003b5850,003b5850
003d3324,0,data_pointer,,003b584c,003b584c
003d333c,0,data_pointer,,003b5844,003b5844
003d3354,0,data_pointer,,003b5914,003b5914
003d3360,0,data_pointer,,003b5908,003b5908
003d3374,0,data_pointer,,003b590c,003b590c
003d3388,0,data_pointer,,003b5910,003b5910
003d3394,0,data_pointer,,003b5938,003b5938
003d339c,0,data_pointer,,003b593c,003b593c
003d33a4,0,data_pointer,,003b5990,003b5990
003d33b0,0,data_pointer,,003b5994,003b5994
003d33bc,0,data_pointer,,003b5998,003b5998
003d33c8,0,data_pointer,,003b599c,003b599c
003d33d4,0,data_pointer,,003b59a0,003b59a0
003d33e0,0,data_pointer,,003b598c,003b598c
003d33ec,0,data_pointer,,003b59ec,003b59ec
003d33f8,0,data_pointer,,003b5a1c,003b5a1c
003d3400,0,data_pointer,,003b5a44,003b5a44
003d3408,0,data_pointer,,003b5a6c,003b5a6c
003d3410,0,data_pointer,,003b59f0,003b59f0
003d341c,0,data_pointer,,003b5a20,003b5a20
003d3424,0,data_pointer,,003b5a48,003b5a48
003d342c,0,data_pointer,,003b5a70,003b5a70
003d3434,0,data_pointer,,003b59c8,003b59c8
003d343c,0,data_pointer,,003b59f8,003b59f8
003d3444,0,data_pointer,,003b59f4,003b59f4
003d3450,0,data_pointer,,003b5a24,003b5a24
003d3458,0,data_pointer,,003b5a4c,003b5a4c
003d3460,0,data_pointer,,003b59cc,003b59cc
003d3468,0,data_pointer,,003b59fc,003b59fc
003d3470,0,data_pointer,,003b5a28,003b5a28
003d3478,0,data_pointer,,003b5a50,003b5a50
003d3480,0,data_pointer,,003b59d0,003b59d0
003d3488,0,data_pointer,,003b5a00,003b5a00
003d3490,0,data_pointer,,003b5a2c,003b5a2c
003d3498,0,data_pointer,,003b5a54,003b5a54
003d34a0,0,data_pointer,,003b59d4,003b59d4
003d34a8,0,data_pointer,,003b5a04,003b5a04
003d34b0,0,data_pointer,,003b5a30,003b5a30
003d34b8,0,data_pointer,,003b5a58,003b5a58
003d34c0,0,data_pointer,,003b59d8,003b59d8
003d34c8,0,data_pointer,,003b5a08,003b5a08
003d34d0,0,data_pointer,,003b5a34,003b5a34
003d34d8,0,data_pointer,,003b5a5c,003b5a5c
003d34e0,0,data_pointer,,003b59dc,003b59dc
003d34e8,0,data_pointer,,003b5a0c,003b5a0c
003d34f0,0,data_pointer,,003b5a38,003b5a38
003d34f8,0,data_pointer,,003b5a60,003b5a60
003d3500,0,data_pointer,,003b59e0,003b59e0
003d3508,0,data_pointer,,003b5a10,003b5a10
003d3510,0,data_pointer,,003b5a3c,003b5a3c
003d3518,0,data_pointer,,003b5a64,003b5a64
003d3520,0,data_pointer,,003b59e4,003b59e4
003d3528,0,data_pointer,,003b5a14,003b5a14
003d3530,0,data_pointer,,003b5a40,003b5a40
003d3538,0,data_pointer,,003b5a68,003b5a68
003d3540,0,data_pointer,,003b59e8,003b59e8
003d3548,0,data_pointer,,003b5a18,003b5a18
003d3550,0,data_pointer,,003b5a80,003b5a80
003d355c,0,data_pointer,,003b5a7c,003b5a7c
003d3568,0,data_pointer,,003b5a88,003b5a88
003d3574,0,data_pointer,,003b5a78,003b5a78
003d3580,0,data_pointer,,003b5a74,003b5a74
003d358c,0,data_pointer,,003b5a8c,003b5a8c
003d3598,0,data_pointer,,003b5a84,003b5a84
003d35a4,0,data_pointer,,003b5b48,003b5b48
003d35b4,0,data_pointer,,003b5b4c,003b5b4c
003d35c4,0,data_pointer,,003b5b60,003b5b60
003d35d4,0,data_pointer,,003b5b64,003b5b64
003d35e4,0,data_pointer,,003b5c44,003b5c44
003d35f0,0,data_pointer,,003b5c48,003b5c48
003d35fc,0,data_pointer,,003b5c4c,003b5c4c
003d3608,0,data_pointer,,003b5c40,003b5c40
003d3614,0,data_pointer,,003b5c50,003b5c50
003d3614,0,data_pointer,,003b5c88,003b5c88
003d3620,0,data_pointer,,003b5c54,003b5c54
003d3620,0,data_pointer,,003b5c8c,003b5c8c
003d362c,0,data_pointer,,003b5cc8,003b5cc8
003d362c,0,data_pointer,,003b7348,003b7348
003d362c,0,data_pointer,,003b765c,003b765c
003d3638,0,data_pointer,,003b5cc4,003b5cc4
003d3638,0,data_pointer,,003b7344,003b7344
003d3644,0,data_pointer,,003b5ea0,003b5ea0
003d364c,0,data_pointer,,003b5eb0,003b5eb0
003d3654,0,data_pointer,,003b5e90,003b5e90
003d3660,0,data_pointer,,003b5ecc,003b5ecc
003d366c,0,data_pointer,,003b5ed8,003b5ed8
003d3678,0,data_pointer,,003b5e78,003b5e78
003d3680,0,data_pointer,,003b5f00,003b5f00
003d368c,0,data_pointer,,003b5ed0,003b5ed0
003d3694,0,data_pointer,,003b5f08,003b5f08
003d36a0,0,data_pointer,,003b5eb4,003b5eb4
003d36a0,0,data_pointer,,003b5ebc,003b5ebc
003d36a0,0,data_pointer,,003b5ec4,003b5ec4
003d36ac,0,data_pointer,,003b5e80,003b5e80
003d36ac,0,data_pointer,,003b6008,003b6008
003d36ac,0,data_pointer,,003b6010,003b6010
003d36b4,0,data_pointer,,003b5ed4,003b5ed4
003d36c4,0,data_pointer,,003b5ef0,003b5ef0
003d36c4,0,data_pointer,,003b6050,003b6050
003d36d0,0,data_pointer,,003b5e9c,003b5e9c
003d36dc,0,data_pointer,,003b5eac,003b5eac
003d36e4,0,data_pointer,,003b5e8c,003b5e8c
003d36f0,0,data_pointer,,003b5e74,003b5e74
003d36fc,0,data_pointer,,003b5efc,003b5efc
003d3708,0,data_pointer,,003b5f04,003b5f04
003d3714,0,data_pointer,,003b5e7c,003b5e7c
003d3714,0,data_pointer,,003b6004,003b6004
003d3714,0,data_pointer,,003b600c,003b600c
003d371c,0,data_pointer,,003b5eec,003b5eec
003d371c,0,data_pointer,,003b604c,003b604c
003d3728,0,data_pointer,,003b5ef4,003b5ef4
003d3734,0,data_pointer,,003b5e84,003b5e84
003d3740,0,data_pointer,,003b5ef8,003b5ef8
003d374c,0,data_pointer,,003b5e88,003b5e88
003d3754,0,data_pointer,,003b5f0c,003b5f0c
003d3754,0,data_pointer,,003b5f14,003b5f14
003d3754,0,data_pointer,,003b5f1c,003b5f1c
003d3764,0,data_pointer,,003b5f6c,003b5f6c
003d3764,0,data_pointer,,003b6a38,003b6a38
003d3774,0,data_pointer,,003b5f70,003b5f70
003d3774,0,data_pointer,,003b6a34,003b6a34
003d3784,0,data_pointer,,003b5f60,003b5f60
003d3794,0,data_pointer,,003b5f68,003b5f68
003d37a0,0,data_pointer,,003b5f5c,003b5f5c
003d37b0,0,data_pointer,,003b5f64,003b5f64
003d37bc,0,data_pointer,,003b5fc8,003b5fc8
003d37c4,0,data_pointer,,003b5fc4,003b5fc4
003d37cc,0,data_pointer,,003b6048,003b6048
003d37d4,0,data_pointer,,003b6044,003b6044
003d37dc,0,data_pointer,,003b6490,003b6490
003d37f4,0,data_pointer,,003b6480,003b6480
003d3810,0,data_pointer,,003b6484,003b6484
003d382c,0,data_pointer,,003b6494,003b6494
003d3844,0,data_pointer,,003b6488,003b6488
003d385c,0,data_pointer,,003b64ac,003b64ac
003d3874,0,data_pointer,,003b6498,003b6498
003d388c,0,data_pointer,,003b64a0,003b64a0
003d38a4,0,data_pointer,,003b648c,003b648c
003d38bc,0,data_pointer,,003b649c,003b649c
003d38d4,0,data_pointer,,003b64a4,003b64a4
003d38ec,0,data_pointer,,003b64a8,003b64a8
003d3904,0,data_pointer,,003b6518,003b6518
003d390c,0,data_pointer,,003b6540,003b6540
003d3914,0,data_pointer,,003b64ec,003b64ec
003d3920,0,data_pointer,,003b651c,003b651c
003d392c,0,data_pointer,,003b6544,003b6544
003d3938,0,data_pointer,,003b6520,003b6520
003d3940,0,data_pointer,,003b6548,003b6548
003d3948,0,data_pointer,,003b64e8,003b64e8
003d3954,0,data_pointer,,003b6524,003b6524
003d3960,0,data_pointer,,003b654c,003b654c
003d396c,0,data_pointer,,003b6528,003b6528
003d3974,0,data_pointer,,003b6550,003b6550
003d397c,0,data_pointer,,003b652c,003b652c
003d3988,0,data_pointer,,003b6554,003b6554
003d3994,0,data_pointer,,003b6530,003b6530
003d399c,0,data_pointer,,003b6558,003b6558
003d39a4,0,data_pointer,,003b6534,003b6534
003d39b0,0,data_pointer,,003b655c,003b655c
003d39bc,0,data_pointer,,003b6538,003b6538
003d39c4,0,data_pointer,,003b6560,003b6560
003d39cc,0,data_pointer,,003b653c,003b653c
003d39d8,0,data_pointer,,003b6564,003b6564
003d39e4,0,data_pointer,,003b6504,003b6504
003d39fc,0,data_pointer,,003b6500,003b6500
003d3a10,0,data_pointer,,003b64f4,003b64f4
003d3a24,0,data_pointer,,003b64f0,003b64f0
003d3a38,0,data_pointer,,003b650c,003b650c
003d3a4c,0,data_pointer,,003b6508,003b6508
003d3a60,0,data_pointer,,003b64fc,003b64fc
003d3a74,0,data_pointer,,003b64f8,003b64f8
003d3a88,0,data_pointer,,003b6514,003b6514
003d3aa0,0,data_pointer,,003b6510,003b6510
003d3ab4,0,data_pointer,,003b6800,003b6800
003d3ac0,0,data_pointer,,003b6804,003b6804
003d3acc,0,data_pointer,,003b6808,003b6808
003d3ad8,0,data_pointer,,003b680c,003b680c
003d3ae4,0,data_pointer,,003b6810,003b6810
003d3af0,0,data_pointer,,003b68b0,003b68b0
003d3b00,0,data_pointer,,003b68b8,003b68b8
003d3b10,0,data_pointer,,003b68a0,003b68a0
003d3b20,0,data_pointer,,003b68a8,003b68a8
003d3b30,0,data_pointer,,003b68b4,003b68b4
003d3b40,0,data_pointer,,003b68c4,003b68c4
003d3b54,0,data_pointer,,003b68a4,003b68a4
003d3b64,0,data_pointer,,003b68ac,003b68ac
003d3b74,0,data_pointer,,003b689c,003b689c
003d3b84,0,data_pointer,,003b68c0,003b68c0
003d3b94,0,data_pointer,,003b68bc,003b68bc
003d3ba8,0,data_pointer,,003b68c8,003b68c8
003d3bb8,0,data_pointer,,003b698c,003b698c
003d3bc8,0,data_pointer,,003b699c,003b699c
003d3bd8,0,data_pointer,,003b6974,003b6974
003d3be4,0,data_pointer,,003b695c,003b695c
003d3bf0,0,data_pointer,,003b6988,003b6988
003d3bfc,0,data_pointer,,003b6990,003b6990
003d3c14,0,data_pointer,,003b6994,003b6994
003d3c24,0,data_pointer,,003b69a4,003b69a4
003d3c34,0,data_pointer,,003b6970,003b6970
003d3c40,0,data_pointer,,003b6984,003b6984
003d3c4c,0,data_pointer,,003b6998,003b6998
003d3c64,0,data_pointer,,003b696c,003b696c
003d3c70,0,data_pointer,,003b6960,003b6960
003d3c7c,0,data_pointer,,003b6980,003b6980
003d3c88,0,data_pointer,,003b69a0,003b69a0
003d3ca0,0,data_pointer,,003b6968,003b6968
003d3cac,0,data_pointer,,003b697c,003b697c
003d3cb8,0,data_pointer,,003b69a8,003b69a8
003d3cd0,0,data_pointer,,003b6964,003b6964
003d3cdc,0,data_pointer,,003b6978,003b6978
003d3ce8,0,data_pointer,,003b6adc,003b6adc
003d3ce8,0,data_pointer,,003b6bb8,003b6bb8
003d3cf0,0,data_pointer,,003b6ae0,003b6ae0
003d3cf0,0,data_pointer,,003b6bbc,003b6bbc
003d3cf8,0,data_pointer,,003b6ae4,003b6ae4
003d3cf8,0,data_pointer,,003b6bc0,003b6bc0
003d3d00,0,data_pointer,,003b6ae8,003b6ae8
003d3d00,0,data_pointer,,003b6bc4,003b6bc4
003d3d08,0,data_pointer,,003b6acc,003b6acc
003d3d14,0,data_pointer,,003b6afc,003b6afc
003d3d1c,0,data_pointer,,003b6b0c,003b6b0c
003d3d24,0,data_pointer,,003b6b1c,003b6b1c
003d3d2c,0,data_pointer,,003b6b2c,003b6b2c
003d3d34,0,data_pointer,,003b6ad0,003b6ad0
003d3d40,0,data_pointer,,003b6b00,003b6b00
003d3d48,0,data_pointer,,003b6b10,003b6b10
003d3d50,0,data_pointer,,003b6b20,003b6b20
003d3d58,0,data_pointer,,003b6b30,003b6b30
003d3d60,0,data_pointer,,003b6ad4,003b6ad4
003d3d6c,0,data_pointer,,003b6b04,003b6b04
003d3d74,0,data_pointer,,003b6b14,003b6b14
003d3d7c,0,data_pointer,,003b6b24,003b6b24
003d3d84,0,data_pointer,,003b6b34,003b6b34
003d3d8c,0,data_pointer,,003b6ad8,003b6ad8
003d3d98,0,data_pointer,,003b6b08,003b6b08
003d3da0,0,data_pointer,,003b6b18,003b6b18
003d3da8,0,data_pointer,,003b6b28,003b6b28
003d3db0,0,data_pointer,,003b6b38,003b6b38
003d3db8,0,data_pointer,,003b6b5c,003b6b5c
003d3dc0,0,data_pointer,,003b6b84,003b6b84
003d3dc8,0,data_pointer,,003b6bac,003b6bac
003d3dd0,0,data_pointer,,003b6b60,003b6b60
003d3dd8,0,data_pointer,,003b6b88,003b6b88
003d3de0,0,data_pointer,,003b6b64,003b6b64
003d3de8,0,data_pointer,,003b6b8c,003b6b8c
003d3df0,0,data_pointer,,003b6b68,003b6b68
003d3df8,0,data_pointer,,003b6b90,003b6b90
003d3e00,0,data_pointer,,003b6b6c,003b6b6c
003d3e08,0,data_pointer,,003b6b94,003b6b94
003d3e10,0,data_pointer,,003b6b70,003b6b70
003d3e18,0,data_pointer,,003b6b98,003b6b98
003d3e20,0,data_pointer,,003b6b74,003b6b74
003d3e28,0,data_pointer,,003b6b9c,003b6b9c
003d3e30,0,data_pointer,,003b6b78,003b6b78
003d3e38,0,data_pointer,,003b6ba0,003b6ba0
003d3e40,0,data_pointer,,003b6b7c,003b6b7c
003d3e48,0,data_pointer,,003b6ba4,003b6ba4
003d3e50,0,data_pointer,,003b6b80,003b6b80
003d3e58,0,data_pointer,,003b6ba8,003b6ba8
003d3e60,0,data_pointer,,003b6bc8,003b6bc8
003d3e68,0,data_pointer,,003b6bcc,003b6bcc
003d3e70,0,data_pointer,,003b6bd0,003b6bd0
003d3e78,0,data_pointer,,003b6bd4,003b6bd4
003d3e80,0,data_pointer,,003b6ca4,003b6ca4
003d3e94,0,data_pointer,,003b6ca0,003b6ca0
003d3ea8,0,data_pointer,,003b6dc8,003b6dc8
003d3eb8,0,data_pointer,,003b6dd0,003b6dd0
003d3ecc,0,data_pointer,,003b6dcc,003b6dcc
003d3edc,0,data_pointer,,003b6dd4,003b6dd4
003d3ef0,0,data_pointer,,003b6ea8,003b6ea8
003d3f04,0,data_pointer,,003b6eac,003b6eac
003d3f18,0,data_pointer,,003b6ecc,003b6ecc
003d3f28,0,data_pointer,,003b6ee0,003b6ee0
003d3f38,0,data_pointer,,003b6ed4,003b6ed4
003d3f48,0,data_pointer,,003b6ee8,003b6ee8
003d3f58,0,data_pointer,,003b6ed0,003b6ed0
003d3f58,0,data_pointer,,003b6ed8,003b6ed8
003d3f58,0,data_pointer,,003b6edc,003b6edc
003d3f68,0,data_pointer,,003b6ee4,003b6ee4
003d3f68,0,data_pointer,,003b6eec,003b6eec
003d3f68,0,data_pointer,,003b6ef0,003b6ef0
003d3f78,0,data_pointer,,003b6f34,003b6f34
003d3f8c,0,data_pointer,,003b6f30,003b6f30
003d3fa0,0,data_pointer,,003b6f2c,003b6f2c
003d3fb4,0,data_pointer,,003b6f20,003b6f20
003d3fc8,0,data_pointer,,003b6f28,003b6f28
003d3fdc,0,data_pointer,,003b6f1c,003b6f1c
003d3ff0,0,data_pointer,,003b6f18,003b6f18
003d4004,0,data_pointer,,003b6f24,003b6f24
003d4018,0,data_pointer,,003b6f38,003b6f38
003d402c,0,data_pointer,,003b6f8c,003b6f8c
003d4044,0,data_pointer,,003b6f84,003b6f84
003d4058,0,data_pointer,,003b6f94,003b6f94
003d406c,0,data_pointer,,003b6f90,003b6f90
003d407c,0,data_pointer,,003b6f98,003b6f98
003d408c,0,data_pointer,,003b6f9c,003b6f9c
003d40a4,0,data_pointer,,003b6fa0,003b6fa0
003d40b4,0,data_pointer,,003b6f88,003b6f88
003d40c8,0,data_pointer,,003b6fa4,003b6fa4
003d40dc,0,data_pointer,,003b6f44,003b6f44
003d40f4,0,data_pointer,,003b6f3c,003b6f3c
003d4108,0,data_pointer,,003b6f4c,003b6f4c
003d411c,0,data_pointer,,003b6f48,003b6f48
003d4130,0,data_pointer,,003b6f50,003b6f50
003d4144,0,data_pointer,,003b6f54,003b6f54
003d415c,0,data_pointer,,003b6f58,003b6f58
003d4170,0,data_pointer,,003b6f40,003b6f40
003d4184,0,data_pointer,,003b6f5c,003b6f5c
003d419c,0,data_pointer,,003b6f68,003b6f68
003d41b4,0,data_pointer,,003b6f60,003b6f60
003d41c8,0,data_pointer,,003b6f70,003b6f70
003d41dc,0,data_pointer,,003b6f6c,003b6f6c
003d41f0,0,data_pointer,,003b6f74,003b6f74
003d4204,0,data_pointer,,003b6f78,003b6f78
003d421c,0,data_pointer,,003b6f7c,003b6f7c
003d4230,0,data_pointer,,003b6f64,003b6f64
003d4244,0,data_pointer,,003b6f80,003b6f80
003d425c,0,data_pointer,,003b6fc8,003b6fc8
003d425c,0,data_pointer,,003b8630,003b8630
003d426c,0,data_pointer,,003b6fd0,003b6fd0
003d426c,0,data_pointer,,003b8638,003b8638
003d427c,0,data_pointer,,003b6fc0,003b6fc0
003d427c,0,data_pointer,,003b8628,003b8628
003d428c,0,data_pointer,,003b6fcc,003b6fcc
003d428c,0,data_pointer,,003b8634,003b8634
003d429c,0,data_pointer,,003b6fbc,003b6fbc
003d429c,0,data_pointer,,003b6fe0,003b6fe0
003d429c,0,data_pointer,,003b8624,003b8624
003d429c,0,data_pointer,,003b8648,003b8648
003d42ac,0,data_pointer,,003b6fc4,003b6fc4
003d42ac,0,data_pointer,,003b862c,003b862c
003d42bc,0,data_pointer,,003b6fb4,003b6fb4
003d42bc,0,data_pointer,,003b861c,003b861c
003d42cc,0,data_pointer,,003b6fd8,003b6fd8
003d42cc,0,data_pointer,,003b8640,003b8640
003d42dc,0,data_pointer,,003b6fd4,003b6fd4
003d42dc,0,data_pointer,,003b863c,003b863c
003d42f0,0,data_pointer,,003b6fb0,003b6fb0
003d42f0,0,data_pointer,,003b6fb8,003b6fb8
003d42f0,0,data_pointer,,003b6fdc,003b6fdc
003d42f0,0,data_pointer,,003b8618,003b8618
003d42f0,0,data_pointer,,003b8620,003b8620
003d42f0,0,data_pointer,,003b8644,003b8644
003d42fc,0,data_pointer,,003b7068,003b7068
003d4310,0,data_pointer,,003b7078,003b7078
003d4324,0,data_pointer,,003b7064,003b7064
003d4338,0,data_pointer,,003b7074,003b7074
003d434c,0,data_pointer,,003b7070,003b7070
003d4360,0,data_pointer,,003b706c,003b706c
003d4374,0,data_pointer,,003b7080,003b7080
003d4388,0,data_pointer,,003b707c,003b707c
003d439c,0,data_pointer,,003b7370,003b7370
003d43ac,0,data_pointer,,003b7378,003b7378
003d43bc,0,data_pointer,,003b7360,003b7360
003d43cc,0,data_pointer,,003b7368,003b7368
003d43dc,0,data_pointer,,003b7374,003b7374
003d43ec,0,data_pointer,,003b7384,003b7384
003d4400,0,data_pointer,,003b7364,003b7364
003d4400,0,data_pointer,,003b7388,003b7388
003d4410,0,data_pointer,,003b736c,003b736c
003d4420,0,data_pointer,,003b735c,003b735c
003d4430,0,data_pointer,,003b7380,003b7380
003d4440,0,data_pointer,,003b737c,003b737c
003d4450,0,data_pointer,,003b7358,003b7358
003d445c,0,data_pointer,,003b73a4,003b73a4
003d4470,0,data_pointer,,003b73a0,003b73a0
003d4484,0,data_pointer,,003b73ac,003b73ac
003d4498,0,data_pointer,,003b7354,003b7354
003d44ac,0,data_pointer,,003b73a8,003b73a8
003d44c0,0,data_pointer,,003b73b8,003b73b8
003d44d4,0,data_pointer,,003b73b4,003b73b4
003d44e8,0,data_pointer,,003b73b0,003b73b0
003d44fc,0,data_pointer,,003b7350,003b7350
003d4510,0,data_pointer,,003b74d0,003b74d0
003d451c,0,data_pointer,,003b74d8,003b74d8
003d4528,0,data_pointer,,003b74c0,003b74c0
003d4538,0,data_pointer,,003b74c8,003b74c8
003d4548,0,data_pointer,,003b74d4,003b74d4
003d4558,0,data_pointer,,003b74e4,003b74e4
003d456c,0,data_pointer,,003b74c4,003b74c4
003d456c,0,data_pointer,,003b74e8,003b74e8
003d457c,0,data_pointer,,003b74cc,003b74cc
003d4588,0,data_pointer,,003b74bc,003b74bc
003d4598,0,data_pointer,,003b74e0,003b74e0
003d45a4,0,data_pointer,,003b74dc,003b74dc
003d45b4,0,data_pointer,,003b75a0,003b75a0
003d45cc,0,data_pointer,,003b759c,003b759c
003d45e4,0,data_pointer,,003b7868,003b7868
003d45f0,0,data_pointer,,003b786c,003b786c
003d45fc,0,data_pointer,,003b7870,003b7870
003d4608,0,data_pointer,,003b7874,003b7874
003d4614,0,data_pointer,,003b7878,003b7878
003d4620,0,data_pointer,,003b7a04,003b7a04
003d4638,0,data_pointer,,003b7a0c,003b7a0c
003d4650,0,data_pointer,,003b7a14,003b7a14
003d4668,0,data_pointer,,003b7a08,003b7a08
003d4680,0,data_pointer,,003b7a10,003b7a10
003d4698,0,data_pointer,,003b7a18,003b7a18
003d46b0,0,data_pointer,,003b7b1c,003b7b1c
003d46b0,0,data_pointer,,003b85d0,003b85d0
003d46bc,0,data_pointer,,003b7b18,003b7b18
003d46bc,0,data_pointer,,003b85cc,003b85cc
003d46c8,0,data_pointer,,003b7b28,003b7b28
003d46d4,0,data_pointer,,003b7b30,003b7b30
003d46d4,0,data_pointer,,003b85d8,003b85d8
003d46e0,0,data_pointer,,003b7b20,003b7b20
003d46e0,0,data_pointer,,003b85d4,003b85d4
003d46ec,0,data_pointer,,003b7b24,003b7b24
003d46f8,0,data_pointer,,003b7b2c,003b7b2c
003d4704,0,data_pointer,,003b7e54,003b7e54
003d4710,0,data_pointer,,003b8180,003b8180
003d4720,0,data_pointer,,003b817c,003b817c
003d4730,0,data_pointer,,003b8188,003b8188
003d4740,0,data_pointer,,003b816c,003b816c
003d4750,0,data_pointer,,003b8170,003b8170
003d4760,0,data_pointer,,003b8184,003b8184
003d4770,0,data_pointer,,003b82bc,003b82bc
003d4784,0,data_pointer,,003b82c0,003b82c0
003d4798,0,data_pointer,,003b82c4,003b82c4
003d47ac,0,data_pointer,,003b82c8,003b82c8
003d47c0,0,data_pointer,,003b82cc,003b82cc
003d47d4,0,data_pointer,,003b82d0,003b82d0
003d47e8,0,data_pointer,,003b83d0,003b83d0
003d47e8,0,data_pointer,,003b86f0,003b86f0
003d47f8,0,data_pointer,,003b83c4,003b83c4
003d47f8,0,data_pointer,,003b86e4,003b86e4
003d4808,0,data_pointer,,003b83dc,003b83dc
003d4808,0,data_pointer,,003b83fc,003b83fc
003d4818,0,data_pointer,,003b83e0,003b83e0
003d4818,0,data_pointer,,003b8400,003b8400
003d4828,0,data_pointer,,003b83e4,003b83e4
003d4828,0,data_pointer,,003b8404,003b8404
003d4838,0,data_pointer,,003b83e8,003b83e8
003d4838,0,data_pointer,,003b8408,003b8408
003d4848,0,data_pointer,,003b83ec,003b83ec
003d4848,0,data_pointer,,003b840c,003b840c
003d4858,0,data_pointer,,003b83d8,003b83d8
003d4858,0,data_pointer,,003b83f8,003b83f8
003d4868,0,data_pointer,,003b83f0,003b83f0
003d4878,0,data_pointer,,003b83f4,003b83f4
003d4888,0,data_pointer,,003b8510,003b8510
003d4898,0,data_pointer,,003b8514,003b8514
003d48a8,0,data_pointer,,003b8518,003b8518
003d48b8,0,data_pointer,,003b84c0,003b84c0
003d48b8,0,data_pointer,,003b8504,003b8504
003d48b8,0,data_pointer,,003b8520,003b8520
003d48b8,0,data_pointer,,003b8524,003b8524
003d48c8,0,data_pointer,,003b8508,003b8508
003d48d8,0,data_pointer,,003b850c,003b850c
003d48e8,0,data_pointer,,003b851c,003b851c
003d48f8,0,data_pointer,,003b8528,003b8528
003d4908,0,data_pointer,,003b852c,003b852c
003d4918,0,data_pointer,,003b85e0,003b85e0
003d4918,0,data_pointer,,003b864c,003b864c
003d4928,0,data_pointer,,003b85e4,003b85e4
003d4928,0,data_pointer,,003b8650,003b8650
003d4938,0,data_pointer,,003b85e8,003b85e8
003d4944,0,data_pointer,,003b860c,003b860c
003d4950,0,data_pointer,,003b8614,003b8614
003d495c,0,data_pointer,,003e1fb0,003e1fb0
003d496c,0,data_pointer,,003e1fb4,003e1fb4
003d497c,0,data_pointer,,003e1fb8,003e1fb8
003d497c,0,data_pointer,,003e1fbc,003e1fbc
003d498c,0,data_pointer,,003e1fc0,003e1fc0
003d4a2c,0,data_pointer,,003e200c,003e200c
003d4a2c,0,data_pointer,,003e2124,003e2124
003d4a38,0,literal_pool,0038963c,0038981c,00389988
003d4a38,0,literal_pool,0038a3f0,0038a5d0,0038a72c
003d4a90,0,literal_pool,0038963c,00389718,00389908
003d4a90,0,literal_pool,0038a3f0,0038a4cc,0038a6ac
003d4ae8,0,literal_pool,0038963c,003896e8,003898f8
003d4ae8,0,literal_pool,0038a3f0,0038a49c,0038a69c
003d4b3c,0,literal_pool,0038963c,003896f8,003898fc
003d4b3c,0,literal_pool,0038a3f0,0038a4ac,0038a6a0
003d4b94,0,data_pointer,,003e1ffc,003e1ffc
003d5404,0,data_pointer,,003b8804,003b8804
003d541c,0,data_pointer,,003b87ec,003b87ec
003d5434,0,data_pointer,,003b8814,003b8814
003d544c,0,data_pointer,,003b87f0,003b87f0
003d5464,0,data_pointer,,003b8800,003b8800
003d547c,0,data_pointer,,003b87fc,003b87fc
003d5494,0,data_pointer,,003b87f4,003b87f4
003d54ac,0,data_pointer,,003b87f8,003b87f8
003d54c4,0,data_pointer,,003b8808,003b8808
003d54dc,0,data_pointer,,003b880c,003b880c
003d54f4,0,data_pointer,,003b8810,003b8810
003d550c,0,data_pointer,,003b87e8,003b87e8
003d5521,0,data_pointer,,003e22f0,003e22f0
003d5527,0,data_pointer,,003e22f4,003e22f4
003d552d,0,data_pointer,,003b89a0,003b89a0
003d5552,0,data_pointer,,003b89c0,003b89c0
003d5558,0,data_pointer,,003baaf4,003baaf4
003d5561,0,data_pointer,,003baaf0,003baaf0
003d5567,0,data_pointer,,003baafc,003baafc
003d5570,0,data_pointer,,003baaec,003baaec
003d5576,0,data_pointer,,003baaf8,003baaf8
003d5580,0,data_pointer,,003bad84,003bad84
003d5590,0,data_pointer,,003bad8c,003bad8c
003d559c,0,data_pointer,,003bad88,003bad88
003d55ac,0,data_pointer,,003bad90,003bad90
003d55b8,0,data_pointer,,003bbc78,003bbc78
003d55d2,0,data_pointer,,003bbaf8,003bbaf8
003d55ea,0,data_pointer,,003bbb68,003bbb68
003d5609,0,data_pointer,,003bba18,003bba18
003d5624,0,data_pointer,,003bba88,003bba88
003d563c,0,data_pointer,,003bb318,003bb318
003d5661,0,data_pointer,,003bb328,003bb328
003d5686,0,data_pointer,,003bb338,003bb338
003d56ab,0,data_pointer,,003bb348,003bb348
003d56d0,0,data_pointer,,003bb358,003bb358
003d56f5,0,data_pointer,,003bb368,003bb368
003d571a,0,data_pointer,,003bb378,003bb378
003d573f,0,data_pointer,,003bb388,003bb388
003d5764,0,data_pointer,,003bb178,003bb178
003d5783,0,data_pointer,,003bb598,003bb598
003d57aa,0,data_pointer,,003bb5a8,003bb5a8
003d57d1,0,data_pointer,,003bb5b8,003bb5b8
003d57f8,0,data_pointer,,003bb5c8,003bb5c8
003d581f,0,data_pointer,,003bb5d8,003bb5d8
003d5846,0,data_pointer,,003bb5e8,003bb5e8
003d586d,0,data_pointer,,003bb5f8,003bb5f8
003d5894,0,data_pointer,,003bb608,003bb608
003d58bb,0,data_pointer,,003bbc88,003bbc88
003d58d5,0,data_pointer,,003bbb08,003bbb08
003d58ed,0,data_pointer,,003bbb78,003bbb78
003d590c,0,data_pointer,,003bba28,003bba28
003d5927,0,data_pointer,,003bba98,003bba98
003d593f,0,data_pointer,,003bb398,003bb398
003d5964,0,data_pointer,,003bb3a8,003bb3a8
003d5989,0,data_pointer,,003bb3b8,003bb3b8
003d59ae,0,data_pointer,,003bb3c8,003bb3c8
003d59d3,0,data_pointer,,003bb3d8,003bb3d8
003d59f8,0,data_pointer,,003bb3e8,003bb3e8
003d5a1d,0,data_pointer,,003bb3f8,003bb3f8
003d5a42,0,data_pointer,,003bb408,003bb408
003d5a67,0,data_pointer,,003bb188,003bb188
003d5a86,0,data_pointer,,003bb618,003bb618
003d5aad,0,data_pointer,,003bb628,003bb628
003d5ad4,0,data_pointer,,003bb638,003bb638
003d5afb,0,data_pointer,,003bb648,003bb648
003d5b22,0,data_pointer,,003bb658,003bb658
003d5b49,0,data_pointer,,003bb668,003bb668
003d5b70,0,data_pointer,,003bb678,003bb678
003d5b97,0,data_pointer,,003bb688,003bb688
003d5bbe,0,data_pointer,,003bb998,003bb998
003d5be3,0,data_pointer,,003bb9a8,003bb9a8
003d5c08,0,data_pointer,,003bb9b8,003bb9b8
003d5c2d,0,data_pointer,,003bb9c8,003bb9c8
003d5c52,0,data_pointer,,003bb9d8,003bb9d8
003d5c77,0,data_pointer,,003bb9e8,003bb9e8
003d5c9c,0,data_pointer,,003bb9f8,003bb9f8
003d5cc1,0,data_pointer,,003bba08,003bba08
003d5ce6,0,data_pointer,,003bafd8,003bafd8
003d5d00,0,data_pointer,,003bbb38,003bbb38
003d5d18,0,data_pointer,,003bbb98,003bbb98
003d5d37,0,data_pointer,,003bba58,003bba58
003d5d52,0,data_pointer,,003bbac8,003bbac8
003d5d6a,0,data_pointer,,003bb118,003bb118
003d5d7c,0,data_pointer,,003bafc8,003bafc8
003d5d96,0,data_pointer,,003bbb48,003bbb48
003d5dae,0,data_pointer,,003bbba8,003bbba8
003d5dcd,0,data_pointer,,003bba68,003bba68
003d5de8,0,data_pointer,,003bbad8,003bbad8
003d5e00,0,data_pointer,,003bb108,003bb108
003d5e12,0,data_pointer,,003bafb8,003bafb8
003d5e2c,0,data_pointer,,003bbb18,003bbb18
003d5e44,0,data_pointer,,003bb718,003bb718
003d5e69,0,data_pointer,,003bb728,003bb728
003d5e8e,0,data_pointer,,003bb738,003bb738
003d5eb3,0,data_pointer,,003bb748,003bb748
003d5ed8,0,data_pointer,,003bb758,003bb758
003d5efd,0,data_pointer,,003bb768,003bb768
003d5f22,0,data_pointer,,003bb778,003bb778
003d5f47,0,data_pointer,,003bb788,003bb788
003d5f6c,0,data_pointer,,003bba38,003bba38
003d5f87,0,data_pointer,,003bbaa8,003bbaa8
003d5f9f,0,data_pointer,,003bbb28,003bbb28
003d5fb7,0,data_pointer,,003bbb88,003bbb88
003d5fd6,0,data_pointer,,003bba48,003bba48
003d5ff1,0,data_pointer,,003bbab8,003bbab8
003d6009,0,data_pointer,,003bbb58,003bbb58
003d6021,0,data_pointer,,003bbbb8,003bbbb8
003d6040,0,data_pointer,,003bba78,003bba78
003d605b,0,data_pointer,,003bbae8,003bbae8
003d6073,0,data_pointer,,003bb0f8,003bb0f8
003d6085,0,data_pointer,,003bafa8,003bafa8
003d609f,0,data_pointer,,003baf58,003baf58
003d60b7,0,data_pointer,,003baec8,003baec8
003d60cf,0,data_pointer,,003baee8,003baee8
003d60e7,0,data_pointer,,003baf68,003baf68
003d60ff,0,data_pointer,,003baed8,003baed8
003d6117,0,data_pointer,,003baef8,003baef8
003d612f,0,data_pointer,,003bb078,003bb078
003d613f,0,data_pointer,,003bb098,003bb098
003d614e,0,data_pointer,,003bb088,003bb088
003d615d,0,data_pointer,,003bbc48,003bbc48
003d6176,0,data_pointer,,003bb0b8,003bb0b8
003d6186,0,data_pointer,,003bb0e8,003bb0e8
003d61a0,0,data_pointer,,003bb918,003bb918
003d61d6,0,data_pointer,,003bb928,003bb928
003d620c,0,data_pointer,,003bb938,003bb938
003d6242,0,data_pointer,,003bb948,003bb948
003d6278,0,data_pointer,,003bb958,003bb958
003d62ae,0,data_pointer,,003bb968,003bb968
003d62e4,0,data_pointer,,003bb978,003bb978
003d631a,0,data_pointer,,003bb988,003bb988
003d6350,0,data_pointer,,003bb798,003bb798
003d6377,0,data_pointer,,003bb7a8,003bb7a8
003d639e,0,data_pointer,,003bb7b8,003bb7b8
003d63c5,0,data_pointer,,003bb7c8,003bb7c8
003d63ec,0,data_pointer,,003bb7d8,003bb7d8
003d6413,0,data_pointer,,003bb7e8,003bb7e8
003d643a,0,data_pointer,,003bb7f8,003bb7f8
003d6461,0,data_pointer,,003bb808,003bb808
003d6488,0,data_pointer,,003bb198,003bb198
003d64ab,0,data_pointer,,003bb1a8,003bb1a8
003d64ce,0,data_pointer,,003bb1b8,003bb1b8
003d64f1,0,data_pointer,,003bb1c8,003bb1c8
003d6514,0,data_pointer,,003bb1d8,003bb1d8
003d6537,0,data_pointer,,003bb1e8,003bb1e8
003d655a,0,data_pointer,,003bb1f8,003bb1f8
003d657d,0,data_pointer,,003bb208,003bb208
003d65a0,0,data_pointer,,003bb128,003bb128
003d65bd,0,data_pointer,,003bb518,003bb518
003d65e1,0,data_pointer,,003bb528,003bb528
003d6605,0,data_pointer,,003bb538,003bb538
003d6629,0,data_pointer,,003bb548,003bb548
003d664d,0,data_pointer,,003bb558,003bb558
003d6671,0,data_pointer,,003bb568,003bb568
003d6695,0,data_pointer,,003bb578,003bb578
003d66b9,0,data_pointer,,003bb588,003bb588
003d66dd,0,data_pointer,,003bae78,003bae78
003d66f5,0,data_pointer,,003bae88,003bae88
003d670d,0,data_pointer,,003bbbe8,003bbbe8
003d6723,0,data_pointer,,003bc058,003bc058
003d6730,0,data_pointer,,003bafe8,003bafe8
003d6730,20,data_pointer,,003e23c8,003e23c8
003d6747,0,data_pointer,,003bae28,003bae28
003d6763,0,data_pointer,,003baff8,003baff8
003d6783,0,data_pointer,,003bb898,003bb898
003d67b7,0,data_pointer,,003bb8a8,003bb8a8
003d67eb,0,data_pointer,,003bb8b8,003bb8b8
003d681f,0,data_pointer,,003bb8c8,003bb8c8
003d6853,0,data_pointer,,003bb8d8,003bb8d8
003d6887,0,data_pointer,,003bb8e8,003bb8e8
003d68bb,0,data_pointer,,003bb8f8,003bb8f8
003d68ef,0,data_pointer,,003bb908,003bb908
003d6923,0,data_pointer,,003bb018,003bb018
003d693c,0,data_pointer,,003baf48,003baf48
003d6959,0,data_pointer,,003bb028,003bb028
003d697f,0,data_pointer,,003bb038,003bb038
003d699f,0,data_pointer,,003bb698,003bb698
003d69c9,0,data_pointer,,003bb6a8,003bb6a8
003d69f3,0,data_pointer,,003bb6b8,003bb6b8
003d6a1d,0,data_pointer,,003bb6c8,003bb6c8
003d6a47,0,data_pointer,,003bb6d8,003bb6d8
003d6a71,0,data_pointer,,003bb6e8,003bb6e8
003d6a9b,0,data_pointer,,003bb6f8,003bb6f8
003d6ac5,0,data_pointer,,003bb708,003bb708
003d6aef,0,data_pointer,,003bb298,003bb298
003d6b12,0,data_pointer,,003bb2a8,003bb2a8
003d6b35,0,data_pointer,,003bb2b8,003bb2b8
003d6b58,0,data_pointer,,003bb2c8,003bb2c8
003d6b7b,0,data_pointer,,003bb2d8,003bb2d8
003d6b9e,0,data_pointer,,003bb2e8,003bb2e8
003d6bc1,0,data_pointer,,003bb2f8,003bb2f8
003d6be4,0,data_pointer,,003bb308,003bb308
003d6c07,0,data_pointer,,003bb168,003bb168
003d6c24,0,data_pointer,,003baeb8,003baeb8
003d6c43,0,data_pointer,,003bbc08,003bbc08
003d6c57,0,data_pointer,,003baf18,003baf18
003d6c71,0,data_pointer,,003bbc98,003bbc98
003d6c8d,0,data_pointer,,003bbbf8,003bbbf8
003d6ca5,0,data_pointer,,003bb148,003bb148
003d6cc3,0,data_pointer,,003bb0c8,003bb0c8
003d6cd7,0,data_pointer,,003bb498,003bb498
003d6d00,0,data_pointer,,003bb4a8,003bb4a8
003d6d29,0,data_pointer,,003bb4b8,003bb4b8
003d6d52,0,data_pointer,,003bb4c8,003bb4c8
003d6d7b,0,data_pointer,,003bb4d8,003bb4d8
003d6da4,0,data_pointer,,003bb4e8,003bb4e8
003d6dcd,0,data_pointer,,003bb4f8,003bb4f8
003d6df6,0,data_pointer,,003bb508,003bb508
003d6e1f,0,data_pointer,,003bb418,003bb418
003d6e43,0,data_pointer,,003bb428,003bb428
003d6e67,0,data_pointer,,003bb438,003bb438
003d6e8b,0,data_pointer,,003bb448,003bb448
003d6eaf,0,data_pointer,,003bb458,003bb458
003d6ed3,0,data_pointer,,003bb468,003bb468
003d6ef7,0,data_pointer,,003bb478,003bb478
003d6f1b,0,data_pointer,,003bb488,003bb488
003d6f3f,0,data_pointer,,003baf88,003baf88
003d6f60,0,data_pointer,,003baea8,003baea8
003d6f7a,0,data_pointer,,003baf78,003baf78
003d6f99,0,data_pointer,,003bae98,003bae98
003d6fb1,0,data_pointer,,003baf98,003baf98
003d6fd2,0,data_pointer,,003bc078,003bc078
003d6fe0,0,data_pointer,,003bc088,003bc088
003d6ff0,0,data_pointer,,003baf08,003baf08
003d700b,0,data_pointer,,003bc068,003bc068
003d7019,0,data_pointer,,003bbc58,003bbc58
003d7036,0,data_pointer,,003bbbd8,003bbbd8
003d7050,0,data_pointer,,003bbbc8,003bbbc8
003d706c,0,data_pointer,,003bae18,003bae18
003d7087,0,data_pointer,,003bb008,003bb008
003d70a6,0,data_pointer,,003bb818,003bb818
003d70d9,0,data_pointer,,003bb828,003bb828
003d710c,0,data_pointer,,003bb838,003bb838
003d713f,0,data_pointer,,003bb848,003bb848
003d7172,0,data_pointer,,003bb858,003bb858
003d71a5,0,data_pointer,,003bb868,003bb868
003d71d8,0,data_pointer,,003bb878,003bb878
003d720b,0,data_pointer,,003bb888,003bb888
003d723e,0,data_pointer,,003baf38,003baf38
003d7257,0,data_pointer,,003bbc68,003bbc68
003d7274,0,data_pointer,,003baf28,003baf28
003d728f,0,data_pointer,,003bb218,003bb218
003d72b2,0,data_pointer,,003bb228,003bb228
003d72d5,0,data_pointer,,003bb238,003bb238
003d72f8,0,data_pointer,,003bb248,003bb248
003d731b,0,data_pointer,,003bb258,003bb258
003d733e,0,data_pointer,,003bb268,003bb268
003d7361,0,data_pointer,,003bb278,003bb278
003d7384,0,data_pointer,,003bb288,003bb288
003d73a7,0,data_pointer,,003bb138,003bb138
003d73c4,0,data_pointer,,003bb158,003bb158
003d73e1,0,data_pointer,,003bb0d8,003bb0d8
003d73f7,0,data_pointer,,003bae08,003bae08
003d7418,0,data_pointer,,003bbc18,003bbc18
003d7432,0,data_pointer,,003bb0a8,003bb0a8
003d7441,0,data_pointer,,003bbc38,003bbc38
003d745e,0,data_pointer,,003bbc28,003bbc28
003d7479,0,data_pointer,,003e2c8c,003e2c8c
003d747f,0,data_pointer,,003bc7c0,003bc7c0
003d7485,0,data_pointer,,003eef5c,003eef5c
003d748e,0,data_pointer,,003eef58,003eef58
003d7497,0,data_pointer,,003bc7ec,003bc7ec
003d749f,0,data_pointer,,003bc7e8,003bc7e8
003d74a7,0,data_pointer,,003bc7e4,003bc7e4
003d74b0,0,data_pointer,,003bc7e0,003bc7e0
003d74bc,0,data_pointer,,003ef2e0,003ef2e0
003d74d0,0,data_pointer,,003ef2ec,003ef2ec
003d74e0,0,data_pointer,,003ef2c4,003ef2c4
003d74ec,0,data_pointer,,003ef2e4,003ef2e4
003d7500,0,data_pointer,,003ef2c8,003ef2c8
003d750c,0,data_pointer,,003ef2e8,003ef2e8
003d7520,0,data_pointer,,003ef2cc,003ef2cc
003d752c,0,data_pointer,,003bbfa8,003bbfa8
003d752c,0,data_pointer,,003ef3c0,003ef3c0
003d7544,0,data_pointer,,003bbfb8,003bbfb8
003d7544,0,data_pointer,,003ef3c4,003ef3c4
003d755c,0,data_pointer,,003bbfc8,003bbfc8
003d755c,0,data_pointer,,003ef3c8,003ef3c8
003d7574,0,data_pointer,,003bbfd8,003bbfd8
003d7574,0,data_pointer,,003ef3cc,003ef3cc
003d758c,0,data_pointer,,003bbfe8,003bbfe8
003d758c,0,data_pointer,,003ef3d0,003ef3d0
003d75a4,0,data_pointer,,003bbff8,003bbff8
003d75a4,0,data_pointer,,003ef3d4,003ef3d4
003d75bc,0,data_pointer,,003bbdc8,003bbdc8
003d75bc,0,data_pointer,,003ef348,003ef348
003d75d4,0,data_pointer,,003bbdd8,003bbdd8
003d75d4,0,data_pointer,,003ef34c,003ef34c
003d75ec,0,data_pointer,,003bbde8,003bbde8
003d75ec,0,data_pointer,,003ef350,003ef350
003d7604,0,data_pointer,,003bbdf8,003bbdf8
003d7604,0,data_pointer,,003ef354,003ef354
003d761c,0,data_pointer,,003bbe08,003bbe08
003d761c,0,data_pointer,,003ef358,003ef358
003d7634,0,data_pointer,,003bbe18,003bbe18
003d7634,0,data_pointer,,003ef35c,003ef35c
003d764c,0,data_pointer,,003bbe88,003bbe88
003d764c,0,data_pointer,,003ef378,003ef378
003d7668,0,data_pointer,,003bbe98,003bbe98
003d7668,0,data_pointer,,003ef37c,003ef37c
003d7684,0,data_pointer,,003bbea8,003bbea8
003d7684,0,data_pointer,,003ef380,003ef380
003d76a0,0,data_pointer,,003bbeb8,003bbeb8
003d76a0,0,data_pointer,,003ef384,003ef384
003d76bc,0,data_pointer,,003bbec8,003bbec8
003d76bc,0,data_pointer,,003ef388,003ef388
003d76d8,0,data_pointer,,003bbed8,003bbed8
003d76d8,0,data_pointer,,003ef38c,003ef38c
003d76f4,0,data_pointer,,003bbf48,003bbf48
003d76f4,0,data_pointer,,003ef3a8,003ef3a8
003d7710,0,data_pointer,,003bbf58,003bbf58
003d7710,0,data_pointer,,003ef3ac,003ef3ac
003d772c,0,data_pointer,,003bbf68,003bbf68
003d772c,0,data_pointer,,003ef3b0,003ef3b0
003d7748,0,data_pointer,,003bbf78,003bbf78
003d7748,0,data_pointer,,003ef3b4,003ef3b4
003d7764,0,data_pointer,,003bbf88,003bbf88
003d7764,0,data_pointer,,003ef3b8,003ef3b8
003d7780,0,data_pointer,,003bbf98,003bbf98
003d7780,0,data_pointer,,003ef3bc,003ef3bc
003d779c,0,data_pointer,,003bbd08,003bbd08
003d779c,0,data_pointer,,003ef318,003ef318
003d77b8,0,data_pointer,,003bbd18,003bbd18
003d77b8,0,data_pointer,,003ef31c,003ef31c
003d77d4,0,data_pointer,,003bbd28,003bbd28
003d77d4,0,data_pointer,,003ef320,003ef320
003d77f0,0,data_pointer,,003bbd38,003bbd38
003d77f0,0,data_pointer,,003ef324,003ef324
003d780c,0,data_pointer,,003bbd48,003bbd48
003d780c,0,data_pointer,,003ef328,003ef328
003d7828,0,data_pointer,,003bbd58,003bbd58
003d7828,0,data_pointer,,003ef32c,003ef32c
003d7844,0,data_pointer,,003bbd68,003bbd68
003d7844,0,data_pointer,,003ef330,003ef330
003d785c,0,data_pointer,,003bbd78,003bbd78
003d785c,0,data_pointer,,003ef334,003ef334
003d7874,0,data_pointer,,003bbd88,003bbd88
003d7874,0,data_pointer,,003ef338,003ef338
003d788c,0,data_pointer,,003bbd98,003bbd98
003d788c,0,data_pointer,,003ef33c,003ef33c
003d78a4,0,data_pointer,,003bbda8,003bbda8
003d78a4,0,data_pointer,,003ef340,003ef340
003d78bc,0,data_pointer,,003bbdb8,003bbdb8
003d78bc,0,data_pointer,,003ef344,003ef344
003d78d4,0,data_pointer,,003bbe28,003bbe28
003d78d4,0,data_pointer,,003ef360,003ef360
003d78f0,0,data_pointer,,003bbe38,003bbe38
003d78f0,0,data_pointer,,003ef364,003ef364
003d790c,0,data_pointer,,003bbe48,003bbe48
003d790c,0,data_pointer,,003ef368,003ef368
003d7928,0,data_pointer,,003bbe58,003bbe58
003d7928,0,data_pointer,,003ef36c,003ef36c
003d7944,0,data_pointer,,003bbe68,003bbe68
003d7944,0,data_pointer,,003ef370,003ef370
003d7960,0,data_pointer,,003bbe78,003bbe78
003d7960,0,data_pointer,,003ef374,003ef374
003d797c,0,data_pointer,,003bbee8,003bbee8
003d797c,0,data_pointer,,003ef390,003ef390
003d7994,0,data_pointer,,003bbef8,003bbef8
003d7994,0,data_pointer,,003ef394,003ef394
003d79ac,0,data_pointer,,003bbf08,003bbf08
003d79ac,0,data_pointer,,003ef398,003ef398
003d79c4,0,data_pointer,,003bbf18,003bbf18
003d79c4,0,data_pointer,,003ef39c,003ef39c
003d79dc,0,data_pointer,,003bbf28,003bbf28
003d79dc,0,data_pointer,,003ef3a0,003ef3a0
003d79f4,0,data_pointer,,003bbf38,003bbf38
003d79f4,0,data_pointer,,003ef3a4,003ef3a4
003d7a0c,0,data_pointer,,003bbca8,003bbca8
003d7a0c,0,data_pointer,,003ef300,003ef300
003d7a28,0,data_pointer,,003bbcb8,003bbcb8
003d7a28,0,data_pointer,,003ef304,003ef304
003d7a44,0,data_pointer,,003bbcc8,003bbcc8
003d7a44,0,data_pointer,,003ef308,003ef308
003d7a60,0,data_pointer,,003bbcd8,003bbcd8
003d7a60,0,data_pointer,,003ef30c,003ef30c
003d7a7c,0,data_pointer,,003bbce8,003bbce8
003d7a7c,0,data_pointer,,003ef310,003ef310
003d7a98,0,data_pointer,,003bbcf8,003bbcf8
003d7a98,0,data_pointer,,003ef314,003ef314
003d7ab4,0,data_pointer,,003ef2d8,003ef2d8
003d7ac0,0,data_pointer,,003bb058,003bb058
003d7ac0,0,data_pointer,,003ef3f4,003ef3f4
003d7ae0,0,data_pointer,,003bae38,003bae38
003d7ae0,0,data_pointer,,003ef2f0,003ef2f0
003d7afc,0,data_pointer,,003bae48,003bae48
003d7afc,0,data_pointer,,003ef2f4,003ef2f4
003d7b18,0,data_pointer,,003bae58,003bae58
003d7b18,0,data_pointer,,003ef2f8,003ef2f8
003d7b34,0,data_pointer,,003bae68,003bae68
003d7b34,0,data_pointer,,003ef2fc,003ef2fc
003d7b50,0,data_pointer,,003bb068,003bb068
003d7b50,0,data_pointer,,003ef3f0,003ef3f0
003d7b70,0,data_pointer,,003ef2d4,003ef2d4
003d7b7c,0,data_pointer,,003ef2bc,003ef2bc
003d7b88,0,data_pointer,,003bc008,003bc008
003d7b88,0,data_pointer,,003ef3d8,003ef3d8
003d7ba4,0,data_pointer,,003ef2d0,003ef2d0
003d7bac,0,data_pointer,,003ef2dc,003ef2dc
003d7bbc,0,data_pointer,,003bb048,003bb048
003d7bbc,0,data_pointer,,003ef3ec,003ef3ec
003d7be0,0,data_pointer,,003bc018,003bc018
003d7be0,0,data_pointer,,003ef3dc,003ef3dc
003d7bfc,0,data_pointer,,003bc028,003bc028
003d7bfc,0,data_pointer,,003ef3e0,003ef3e0
003d7c18,0,data_pointer,,003bc038,003bc038
003d7c18,0,data_pointer,,003ef3e4,003ef3e4
003d7c34,0,data_pointer,,003bc048,003bc048
003d7c34,0,data_pointer,,003ef3e8,003ef3e8
003d7c50,0,data_pointer,,003ef2c0,003ef2c0
003d7c5b,0,data_pointer,,003c7068,003c7068
003d7c64,0,data_pointer,,003c99f4,003c99f4
003d7c80,0,data_pointer,,003c99d4,003c99d4
003d7ca8,0,data_pointer,,003c99cc,003c99cc
003d7cd4,0,data_pointer,,003c99fc,003c99fc
003d7cec,0,data_pointer,,003c99f0,003c99f0
003d7d14,0,data_pointer,,003c99f8,003c99f8
003d7d38,0,data_pointer,,003c99ac,003c99ac
003d7d48,0,data_pointer,,003c99b0,003c99b0
003d7d64,0,data_pointer,,003c9a00,003c9a00
003d7d7c,0,data_pointer,,003c99bc,003c99bc
003d7d8c,0,data_pointer,,003c99a8,003c99a8
003d7da4,0,data_pointer,,003c99d0,003c99d0
003d7db8,0,data_pointer,,003c99dc,003c99dc
003d7dcc,0,data_pointer,,003c99d8,003c99d8
003d7de0,0,data_pointer,,003c99ec,003c99ec
003d7e00,0,data_pointer,,003c99e4,003c99e4
003d7e28,0,data_pointer,,003c99e8,003c99e8
003d7e50,0,data_pointer,,003c99e0,003c99e0
003d7e50,36,data_pointer,,003e23cc,003e23cc
003d7e78,0,data_pointer,,003c99b8,003c99b8
003d7e78,0,data_pointer,,003c99c4,003c99c4
003d7e88,0,data_pointer,,003c99c8,003c99c8
003d7ea4,0,data_pointer,,003c99b4,003c99b4
003d7ec4,0,data_pointer,,003c99c0,003c99c0
003d7ed8,0,data_pointer,,003e1cc0,003e1cc0
003d7ef4,0,literal_pool,00230d18,00231140,00231210
003d7f70,0,literal_pool,00319560,00319814,00319930
003d7fe8,0,literal_pool,00230d18,002310e0,0023120c
003d8078,0,literal_pool,00319560,00319798,0031992c
003d810c,0,literal_pool,00230d18,00230f8c,002311fc
003d8194,0,literal_pool,00319560,00319668,00319920
003d8220,0,literal_pool,00230d18,00230ed0,002311b8
003d82a0,0,literal_pool,00319560,00319a10,00319a5c
003d8330,0,literal_pool,00230d18,002312f4,00231604
003d838c,0,literal_pool,002309a8,00230a6c,00230ba0
003d83f8,0,literal_pool,00230d18,00230e2c,00231188
003d8440,0,literal_pool,00230d18,002312c4,00231600
003d848c,0,literal_pool,00315024,00315770,003157ac
003d84d0,0,literal_pool,00325290,00325408,00325a78
003d8518,0,literal_pool,00323c60,00324cdc,00324dd0
003d855c,0,literal_pool,00323c60,00324cfc,00324dd4
003d85a8,0,literal_pool,00325068,00325070,003250c4
003d85a8,0,literal_pool,00325e24,00325ebc,00325f60
003d8600,0,literal_pool,00323c60,00324be0,00324d60
003d864c,0,literal_pool,00323c60,003247c4,00324874
003d8698,0,literal_pool,00323c60,0032470c,00324834
003d86e4,0,literal_pool,00323c60,0032487c,00324a8c
003d8728,0,literal_pool,00329500,0032980c,003299e0
003d8728,0,literal_pool,00329500,00329820,003299e0
003d8774,0,literal_pool,0030eb44,0030ecb8,0030ed28
003d87c8,0,literal_pool,0030eb44,0030ecf4,0030ed2c
003d8810,0,literal_pool,0022b7c0,0022b8e0,0022ba04
003d8810,0,literal_pool,00230088,002302c0,002303c4
003d8864,0,literal_pool,0022b7c0,0022b890,0022b9f4
003d8864,0,literal_pool,00230088,0023034c,0023041c
003d88ac,0,literal_pool,0022b7c0,0022b8b8,0022b9fc
003d88ac,0,literal_pool,00230088,00230298,002303bc
003d8900,0,literal_pool,00318b38,00318e14,00318ed4
003d8948,0,literal_pool,00235ef4,00235fbc,0023616c
003d8994,0,data_pointer,,003b59bc,003b59bc
003d89b8,0,data_pointer,,003b59c0,003b59c0
003d89dc,0,data_pointer,,003b59c4,003b59c4
003d8a00,0,data_pointer,,003b59ac,003b59ac
003d8a00,0,data_pointer,,003b59b0,003b59b0
003d8a00,0,data_pointer,,003b59b4,003b59b4
003d8a00,0,data_pointer,,003b59b8,003b59b8
003d8a5c,0,data_pointer,,003e2028,003e2028
003d8aa8,0,data_pointer,,003b88b4,003b88b4
003d8aa8,0,data_pointer,,003b88b8,003b88b8
003d8aa8,0,data_pointer,,003b88bc,003b88bc
003d8aa8,0,data_pointer,,003b88c0,003b88c0
003d8ab8,0,data_pointer,,003b88e8,003b88e8
003d8ac4,0,data_pointer,,003b88e4,003b88e4
003d8ad0,0,data_pointer,,003b88c4,003b88c4
003d8ad0,0,data_pointer,,003b88c8,003b88c8
003d8ad0,0,data_pointer,,003b88cc,003b88cc
003d8ad0,0,data_pointer,,003b88d0,003b88d0
003d8ad0,0,data_pointer,,003b88d4,003b88d4
003d8ad0,0,data_pointer,,003b88d8,003b88d8
003d8ad0,0,data_pointer,,003b88dc,003b88dc
003d8ad0,0,data_pointer,,003b88e0,003b88e0
003d8ae0,0,data_pointer,,003b886c,003b886c
003d8af8,0,data_pointer,,003b88a8,003b88a8
003d8b18,0,data_pointer,,003b88a0,003b88a0
003d8b38,0,data_pointer,,003b887c,003b887c
003d8b54,0,data_pointer,,003b8898,003b8898
003d8b70,0,data_pointer,,003b8874,003b8874
003d8b84,0,data_pointer,,003b8884,003b8884
003d8b98,0,data_pointer,,003b8894,003b8894
003d8bac,0,data_pointer,,003b8870,003b8870
003d8bc4,0,data_pointer,,003b8880,003b8880
003d8bdc,0,data_pointer,,003b88ac,003b88ac
003d8bf4,0,data_pointer,,003b8878,003b8878
003d8c0c,0,data_pointer,,003b8888,003b8888
003d8c24,0,data_pointer,,003b88a4,003b88a4
003d8c3c,0,data_pointer,,003b8890,003b8890
003d8c54,0,data_pointer,,003b889c,003b889c
003d8c6c,0,data_pointer,,003b888c,003b888c
003d8c80,0,data_pointer,,003b88b0,003b88b0
003d8c8c,0,data_pointer,,003b88ec,003b88ec
003d8c8c,0,data_pointer,,003b88f0,003b88f0
003d8c9c,0,data_pointer,,003bac18,003bac18
003d8cb0,0,literal_pool,00105358,00105360,00105398
003d8cf4,0,data_pointer,,003ef2a8,003ef2a8
003d8d00,0,data_pointer,,003ef2b4,003ef2b4
003d8d40,0,data_pointer,,003ef2b0,003ef2b0
003d8d8c,0,data_pointer,,003ef2ac,003ef2ac
003d8dd8,0,data_pointer,,003ef2b8,003ef2b8
003efa8c,0,literal_pool,003221e8,003221f0,00322220
003efaa0,0,literal_pool,00322230,00322238,00322268
003efab4,0,literal_pool,00322278,00322280,003222b0
003eface,0,literal_pool,003222c0,003222c8,003222f8
003efae7,0,literal_pool,00322308,00322310,00322364
003efafa,0,literal_pool,00322308,00322334,00322368
003efb13,0,literal_pool,00322378,00322380,003223b0
003efb34,0,literal_pool,003223c0,003223c8,003223f8
003efb4d,0,literal_pool,00322408,00322410,00322440
003efb61,0,literal_pool,00322450,00322458,00322488
003efb86,0,literal_pool,00322498,003224a0,003224d0
003efbaf,0,literal_pool,003224e0,003224e8,00322518
