struct,offset,types,n_param_nodes
STRUCT_001,0x18,uint,181
STRUCT_001,0x1c,uint,181
STRUCT_001,0x20,uint,181
STRUCT_001,0x30,uint,181
STRUCT_001,0x34,float,181
STRUCT_001,0x38,uint,181
STRUCT_001,0x3c,byte,181
STRUCT_001,0x48,float/uint,181
STRUCT_001,0x4c,float/uint,181
STRUCT_001,0x50,uint,181
STRUCT_001,0x54,uint,181
STRUCT_001,0x61,byte,181
STRUCT_001,0x62,byte/char,181
STRUCT_001,0x63,byte,181
STRUCT_001,0x64,byte,181
STRUCT_001,0x68,uint,181
STRUCT_001,0x184,uint,181
STRUCT_001,0x188,uint,181
STRUCT_001,0x18c,uint,181
STRUCT_001,0x190,uint,181
STRUCT_001,0x194,uint,181
STRUCT_001,0x198,byte/char,181
STRUCT_001,0x1a0,uint,181
STRUCT_001,0x1a4,uint,181
STRUCT_001,0x1a8,uint,181
STRUCT_001,0x2dc,uint,181
STRUCT_001,0x2e0,uint,181
STRUCT_001,0x2e4,uint,181
STRUCT_001,0x2e8,uint,181
STRUCT_001,0x2ec,float/uint,181
STRUCT_001,0x2f0,uint,181
STRUCT_001,0x2f4,uint,181
STRUCT_001,0x2f8,uint,181
STRUCT_001,0x2fc,byte/char/uint,181
STRUCT_001,0x300,uint,181
STRUCT_001,0x334,uint,181
STRUCT_001,0x338,uint,181
STRUCT_001,0x33c,uint,181
STRUCT_001,0x348,uint,181
STRUCT_001,0x34c,uint,181
STRUCT_001,0x350,uint,181
STRUCT_001,0x354,uint,181
STRUCT_001,0x35c,uint,181
STRUCT_001,0x360,uint,181
STRUCT_001,0x364,uint,181
STRUCT_001,0x368,uint,181
STRUCT_001,0x36c,uint,181
STRUCT_001,0x370,uint,181
STRUCT_001,0x378,uint,181
STRUCT_001,0x37c,uint,181
STRUCT_001,0x380,uint,181
STRUCT_001,0x510,uint,181
STRUCT_001,0x65c,uint,181
STRUCT_001,0x660,uint,181
STRUCT_001,0x664,uint,181
STRUCT_001,0x668,uint,181
STRUCT_001,0x66c,uint,181
STRUCT_001,0x670,uint,181
STRUCT_001,0x674,uint,181
STRUCT_001,0x678,uint,181
STRUCT_001,0x67c,uint,181
STRUCT_001,0x680,uint,181
STRUCT_001,0x684,uint,181
STRUCT_001,0x688,uint,181
STRUCT_001,0x68c,uint,181
STRUCT_001,0xa78,uint,181
STRUCT_001,0xb88,uint,181
STRUCT_001,0xbd0,uint,181
STRUCT_001,0xbd4,uint,181
STRUCT_001,0xbd8,uint,181
STRUCT_001,0xc80,uint,181
STRUCT_001,0xc84,uint,181
STRUCT_001,0xcc8,uint,181
STRUCT_001,0xccc,uint,181
STRUCT_001,0xcd0,uint,181
STRUCT_001,0xcd4,uint,181
STRUCT_001,0xe18,uint,181
STRUCT_001,0xe1c,uint,181
STRUCT_001,0xe20,uint,181
STRUCT_001,0xe68,uint,181
STRUCT_001,0xe6c,uint,181
STRUCT_001,0xe70,uint,181
STRUCT_001,0xe74,uint,181
STRUCT_001,0xe78,uint,181
STRUCT_001,0x1f00,uint,181
STRUCT_001,0x1f28,uint,181
STRUCT_001,0x2070,uint,181
STRUCT_001,0x2074,uint,181
STRUCT_001,0x2080,uint,181
STRUCT_001,0x2090,uint,181
STRUCT_001,0x2a38,uint,181
STRUCT_001,0x2a88,uint,181
STRUCT_001,0x2a8e,byte,181
STRUCT_001,0x2a91,byte,181
STRUCT_001,0x2a92,byte,181
STRUCT_001,0x2a93,byte,181
STRUCT_001,0x2a94,byte,181
STRUCT_001,0x2c28,uint,181
STRUCT_001,0x2c2c,uint,181
STRUCT_001,0x2c34,byte,181
STRUCT_001,0x2c38,uint,181
STRUCT_001,0x2c40,byte,181
STRUCT_001,0x2e48,byte,181
STRUCT_001,0x2f90,uint,181
STRUCT_001,0x2fe8,uint,181
STRUCT_001,0x2fec,uint,181
STRUCT_001,0x2ff0,uint,181
STRUCT_001,0x2ff4,uint,181
STRUCT_001,0x2ff8,byte,181
STRUCT_001,0x2ff9,byte,181
STRUCT_001,0x32f8,uint,181
STRUCT_001,0x32fc,uint,181
STRUCT_001,0x3300,uint,181
STRUCT_001,0x330c,uint,181
STRUCT_001,0x3310,uint,181
STRUCT_001,0x3318,uint,181
STRUCT_001,0x3320,byte,181
STRUCT_001,0x4e78,byte,181
STRUCT_001,0x6518,byte,181
STRUCT_001,0x651c,uint,181
STRUCT_002,0x0,uint,1
STRUCT_002,0x4,uint,1
STRUCT_002,0x8,uint,1
STRUCT_002,0xc,uint,1
STRUCT_002,0x10,uint,1
STRUCT_002,0x14,uint,1
STRUCT_002,0x18,uint,1
STRUCT_002,0x1c,uint,1
STRUCT_002,0x20,uint,1
STRUCT_002,0x24,uint,1
STRUCT_002,0x28,uint,1
STRUCT_002,0x2c,uint,1
STRUCT_002,0x30,uint,1
STRUCT_002,0x34,uint,1
STRUCT_002,0x38,uint,1
STRUCT_002,0x3c,uint,1
STRUCT_002,0x40,uint,1
STRUCT_002,0x44,uint,1
STRUCT_002,0x48,uint,1
STRUCT_002,0x4c,uint,1
STRUCT_002,0x50,uint,1
STRUCT_002,0x54,uint,1
STRUCT_002,0x58,uint,1
STRUCT_002,0x5c,uint,1
STRUCT_002,0x60,uint,1
STRUCT_002,0x64,uint,1
STRUCT_002,0x68,uint,1
STRUCT_002,0x6c,uint,1
STRUCT_002,0x70,uint,1
STRUCT_002,0x74,uint,1
STRUCT_002,0x78,uint,1
STRUCT_002,0x7c,uint,1
STRUCT_002,0x80,uint,1
STRUCT_002,0x84,uint,1
STRUCT_002,0x88,uint,1
STRUCT_002,0x8c,uint,1
STRUCT_002,0x90,uint,1
STRUCT_002,0x94,uint,1
STRUCT_002,0x98,uint,1
STRUCT_002,0x9c,uint,1
STRUCT_002,0xa0,uint,1
STRUCT_002,0xa4,uint,1
STRUCT_002,0xa8,uint,1
STRUCT_002,0xac,uint,1
STRUCT_002,0xb0,uint,1
STRUCT_002,0xb4,uint,1
STRUCT_002,0xb8,uint,1
STRUCT_002,0xbc,uint,1
STRUCT_002,0xc0,uint,1
STRUCT_002,0xc4,uint,1
STRUCT_002,0xc8,uint,1
STRUCT_002,0xcc,uint,1
STRUCT_002,0xd0,uint,1
STRUCT_002,0xd4,uint,1
STRUCT_002,0xd8,uint,1
STRUCT_002,0xdc,uint,1
STRUCT_002,0xe0,uint,1
STRUCT_002,0xe4,uint,1
STRUCT_002,0xe8,uint,1
STRUCT_002,0xec,uint,1
STRUCT_002,0xf0,uint,1
STRUCT_002,0xf4,uint,1
STRUCT_002,0xf8,uint,1
STRUCT_002,0xfc,uint,1
STRUCT_002,0x100,uint,1
STRUCT_002,0x104,uint,1
STRUCT_002,0x108,uint,1
STRUCT_002,0x10c,uint,1
STRUCT_002,0x110,uint,1
STRUCT_002,0x114,uint,1
STRUCT_002,0x118,uint,1
STRUCT_002,0x11c,uint,1
STRUCT_002,0x120,uint,1
STRUCT_002,0x124,uint,1
STRUCT_002,0x128,uint,1
STRUCT_002,0x12c,uint,1
STRUCT_002,0x130,uint,1
STRUCT_002,0x134,uint,1
STRUCT_002,0x138,uint,1
STRUCT_002,0x13c,uint,1
STRUCT_002,0x140,uint,1
STRUCT_002,0x144,uint,1
STRUCT_002,0x148,uint,1
STRUCT_002,0x14c,uint,1
STRUCT_002,0x150,uint,1
STRUCT_002,0x154,uint,1
STRUCT_002,0x158,uint,1
STRUCT_002,0x15c,uint,1
STRUCT_002,0x160,uint,1
STRUCT_002,0x164,uint,1
STRUCT_002,0x168,uint,1
STRUCT_002,0x16c,uint,1
STRUCT_002,0x170,uint,1
STRUCT_002,0x174,uint,1
STRUCT_002,0x178,uint,1
STRUCT_002,0x17c,uint,1
STRUCT_002,0x180,uint,1
STRUCT_002,0x184,uint,1
STRUCT_002,0x188,uint,1
STRUCT_002,0x18c,uint,1
STRUCT_003,0x0,uint,82
STRUCT_003,0x8,uint,82
STRUCT_003,0xc,byte/char,82
STRUCT_003,0xd,byte,82
STRUCT_003,0x10,uint,82
STRUCT_003,0x14,uint,82
STRUCT_003,0x18,uint,82
STRUCT_003,0x1c,uint,82
STRUCT_003,0x20,uint,82
STRUCT_003,0x24,uint,82
STRUCT_003,0x28,uint,82
STRUCT_003,0x2c,uint,82
STRUCT_003,0x40,uint,82
STRUCT_003,0x44,byte,82
STRUCT_003,0x48,uint,82
STRUCT_003,0x6c,byte,82
STRUCT_003,0x6d,byte,82
STRUCT_003,0x6e,byte,82
STRUCT_003,0x70,uint,82
STRUCT_003,0x74,uint,82
STRUCT_003,0x84,uint,82
STRUCT_003,0x88,uint,82
STRUCT_003,0x8c,uint,82
STRUCT_003,0xa4,uint,82
STRUCT_003,0xa8,byte/char/uint,82
STRUCT_003,0xe4,uint,82
STRUCT_003,0xe8,byte/char,82
STRUCT_003,0xf8,uint,82
STRUCT_003,0xfc,uint,82
STRUCT_003,0x100,byte,82
STRUCT_003,0x104,float/uint,82
STRUCT_003,0x108,uint,82
STRUCT_003,0x10c,float/uint,82
STRUCT_003,0x110,float/uint,82
STRUCT_003,0x114,uint,82
STRUCT_003,0x154,uint,82
STRUCT_003,0x158,byte,82
STRUCT_003,0x1c0,byte/char,82
STRUCT_003,0x1c1,byte,82
STRUCT_003,0x1c4,uint,82
STRUCT_003,0x1c8,uint,82
STRUCT_003,0x1cc,uint,82
STRUCT_003,0x200,byte/char,82
STRUCT_003,0x204,uint,82
STRUCT_003,0x208,byte/uint,82
STRUCT_003,0x230,uint,82
STRUCT_003,0x234,uint,82
STRUCT_003,0x240,byte,82
STRUCT_003,0x280,char,82
STRUCT_003,0x2b4,uint,82
STRUCT_003,0x2b8,byte,82
STRUCT_003,0x2f8,uint,82
STRUCT_003,0x2fc,uint,82
STRUCT_003,0x328,byte,82
STRUCT_003,0x329,byte,82
STRUCT_003,0x330,byte,82
STRUCT_003,0x400,char,82
STRUCT_003,0x408,byte,82
STRUCT_003,0x409,char,82
STRUCT_003,0x40a,byte,82
STRUCT_003,0x40b,byte,82
STRUCT_003,0x410,uint,82
STRUCT_003,0x414,uint,82
STRUCT_003,0x425,byte,82
STRUCT_003,0x495,byte,82
STRUCT_003,0x568,char,82
STRUCT_003,0x570,uint,82
STRUCT_003,0x574,uint,82
STRUCT_003,0x728,byte,82
STRUCT_003,0x729,byte,82
STRUCT_003,0x72a,byte,82
STRUCT_003,0x72c,uint,82
STRUCT_003,0x730,uint,82
STRUCT_003,0x8a0,uint,82
STRUCT_003,0x8a4,uint,82
STRUCT_003,0x8a8,uint,82
STRUCT_003,0x8ac,uint,82
STRUCT_003,0x8b0,uint,82
STRUCT_003,0x8b4,uint,82
STRUCT_003,0x8b8,byte,82
STRUCT_003,0x8f9,byte,82
STRUCT_003,0x900,byte,82
STRUCT_003,0x904,uint,82
STRUCT_003,0x908,byte,82
STRUCT_003,0x969,byte,82
STRUCT_003,0xa88,byte,82
STRUCT_003,0xa8c,uint,82
STRUCT_003,0xa90,uint,82
STRUCT_003,0xc18,uint,82
STRUCT_003,0xc1c,byte,82
STRUCT_003,0xc1d,byte,82
STRUCT_003,0xc20,uint,82
STRUCT_004,0x4,uint,1
STRUCT_004,0x8,uint,1
STRUCT_004,0xc,uint,1
STRUCT_004,0x10,uint,1
STRUCT_004,0x14,uint,1
STRUCT_004,0x18,uint,1
STRUCT_004,0x1c,uint,1
STRUCT_004,0x20,uint,1
STRUCT_004,0x24,uint,1
STRUCT_004,0x28,uint,1
STRUCT_004,0x2c,uint,1
STRUCT_004,0x30,uint,1
STRUCT_004,0x3c,uint,1
STRUCT_004,0x40,uint,1
STRUCT_004,0x44,uint,1
STRUCT_004,0x48,uint,1
STRUCT_004,0x4c,uint,1
STRUCT_004,0x50,uint,1
STRUCT_004,0x54,uint,1
STRUCT_004,0x58,uint,1
STRUCT_004,0x5c,uint,1
STRUCT_004,0x60,uint,1
STRUCT_004,0x64,uint,1
STRUCT_004,0x68,uint,1
STRUCT_004,0x6c,uint,1
STRUCT_004,0x70,uint,1
STRUCT_004,0x74,uint,1
STRUCT_004,0x78,uint,1
STRUCT_004,0x7c,uint,1
STRUCT_004,0x80,uint,1
STRUCT_004,0x84,uint,1
STRUCT_004,0x88,uint,1
STRUCT_004,0x8c,uint,1
STRUCT_004,0x90,uint,1
STRUCT_004,0x94,uint,1
STRUCT_004,0x98,byte,1
STRUCT_004,0x99,byte,1
STRUCT_004,0x9a,byte,1
STRUCT_004,0x9b,byte,1
STRUCT_004,0x9c,byte,1
STRUCT_004,0x9e,byte,1
STRUCT_004,0x9f,byte,1
STRUCT_004,0xa0,byte,1
STRUCT_004,0xa1,byte,1
STRUCT_004,0xa2,byte,1
STRUCT_004,0xa3,byte,1
STRUCT_004,0xa4,uint,1
STRUCT_004,0xa8,uint,1
STRUCT_004,0xac,uint,1
STRUCT_004,0xb0,uint,1
STRUCT_004,0xb4,uint,1
STRUCT_004,0xb8,uint,1
STRUCT_004,0xbc,uint,1
STRUCT_004,0xc0,uint,1
STRUCT_004,0xc4,uint,1
STRUCT_004,0xc8,uint,1
STRUCT_004,0xcc,uint,1
STRUCT_004,0xd0,uint,1
STRUCT_004,0xd4,uint,1
STRUCT_004,0xd8,uint,1
STRUCT_004,0xdc,uint,1
STRUCT_004,0xe0,uint,1
STRUCT_004,0xe4,uint,1
STRUCT_004,0xe8,uint,1
STRUCT_004,0xec,uint,1
STRUCT_004,0xf0,uint,1
STRUCT_005,0xc,byte,4
STRUCT_005,0xd,byte,4
STRUCT_005,0xe,byte,4
STRUCT_005,0xf,byte,4
STRUCT_005,0x10,byte,4
STRUCT_005,0x14,uint,4
STRUCT_005,0x18,uint,4
STRUCT_005,0x1c,uint,4
STRUCT_005,0x20,uint,4
STRUCT_005,0x24,uint,4
STRUCT_005,0x28,uint,4
STRUCT_005,0x2c,byte,4
STRUCT_005,0x2e,byte,4
STRUCT_005,0x30,uint,4
STRUCT_005,0x34,byte,4
STRUCT_005,0x35,byte,4
STRUCT_005,0x38,uint,4
STRUCT_005,0x3c,uint,4
STRUCT_005,0x40,uint,4
STRUCT_005,0x50,byte,4
STRUCT_005,0x51,byte,4
STRUCT_005,0x52,byte,4
STRUCT_005,0x53,byte,4
STRUCT_005,0x54,byte,4
STRUCT_005,0x55,byte,4
STRUCT_005,0x56,byte,4
STRUCT_005,0x58,uint,4
STRUCT_005,0x5c,byte,4
STRUCT_005,0x5d,byte,4
STRUCT_005,0x5e,byte,4
STRUCT_005,0x5f,byte,4
STRUCT_005,0x60,uint,4
STRUCT_005,0x64,uint,4
STRUCT_005,0x68,uint,4
STRUCT_005,0x6c,uint,4
STRUCT_005,0x70,uint,4
STRUCT_005,0x74,byte,4
STRUCT_005,0x75,byte,4
STRUCT_005,0x76,ushort,4
STRUCT_005,0x78,byte,4
STRUCT_005,0x79,byte,4
STRUCT_005,0x7a,ushort,4
STRUCT_005,0x7c,ushort,4
STRUCT_005,0x80,uint,4
STRUCT_005,0x84,byte,4
STRUCT_005,0x88,uint,4
STRUCT_005,0x8c,uint,4
STRUCT_005,0x91,byte,4
STRUCT_005,0x92,byte,4
STRUCT_005,0x93,byte,4
STRUCT_005,0x94,byte,4
STRUCT_005,0x95,byte,4
STRUCT_005,0x9c,uint,4
STRUCT_005,0xa0,byte,4
STRUCT_005,0xa1,byte,4
STRUCT_005,0xa2,byte,4
STRUCT_005,0xa3,byte,4
STRUCT_005,0xf0,uint,4
STRUCT_005,0xfc,uint,4
STRUCT_005,0x100,uint,4
STRUCT_005,0x104,uint,4
STRUCT_005,0x108,uint,4
STRUCT_005,0x165,byte,4
STRUCT_005,0x166,byte,4
STRUCT_005,0x21c,uint,4
STRUCT_006,0x8,uint,1
STRUCT_006,0xc,uint,1
STRUCT_006,0x10,uint,1
STRUCT_006,0x14,uint,1
STRUCT_006,0x18,uint,1
STRUCT_006,0x1c,uint,1
STRUCT_006,0x20,uint,1
STRUCT_006,0x24,byte,1
STRUCT_006,0x25,byte,1
STRUCT_006,0x26,byte,1
STRUCT_006,0x27,byte,1
STRUCT_006,0x78,byte,1
STRUCT_006,0x7a,byte,1
STRUCT_006,0x7b,byte,1
STRUCT_006,0x7c,uint,1
STRUCT_006,0x80,byte,1
STRUCT_006,0x81,byte,1
STRUCT_006,0x82,byte,1
STRUCT_006,0x83,byte,1
STRUCT_006,0x84,uint,1
STRUCT_006,0x88,uint,1
STRUCT_006,0x8c,byte,1
STRUCT_006,0x8d,byte,1
STRUCT_006,0x8e,ushort,1
STRUCT_006,0x90,ushort,1
STRUCT_006,0x92,byte,1
STRUCT_006,0x93,byte,1
STRUCT_006,0x94,ushort,1
STRUCT_006,0x96,ushort,1
STRUCT_006,0x98,byte,1
STRUCT_006,0x99,byte,1
STRUCT_006,0x9a,ushort,1
STRUCT_006,0x9c,ushort,1
STRUCT_006,0x9e,byte,1
STRUCT_006,0x9f,byte,1
STRUCT_006,0xa0,ushort,1
STRUCT_006,0xa2,ushort,1
STRUCT_006,0xa4,byte,1
STRUCT_006,0xa5,byte,1
STRUCT_006,0xa6,ushort,1
STRUCT_006,0xa8,ushort,1
STRUCT_006,0xf0,byte,1
STRUCT_006,0xf1,byte,1
STRUCT_006,0xf2,byte,1
STRUCT_006,0xf4,byte,1
STRUCT_006,0xf5,byte,1
STRUCT_006,0xf6,byte,1
STRUCT_006,0xf7,byte,1
STRUCT_006,0xf8,byte,1
STRUCT_006,0xf9,byte,1
STRUCT_006,0xfa,byte,1
STRUCT_006,0xfb,byte,1
STRUCT_006,0xfc,ushort,1
STRUCT_006,0xfe,byte,1
STRUCT_006,0xff,byte,1
STRUCT_006,0x100,byte,1
STRUCT_006,0x101,byte,1
STRUCT_006,0x104,uint,1
STRUCT_006,0x108,uint,1
STRUCT_007,0x0,uint,1
STRUCT_007,0x4,uint,1
STRUCT_007,0x8,uint,1
STRUCT_007,0x18,uint,1
STRUCT_007,0x1c,uint,1
STRUCT_007,0x20,uint,1
STRUCT_007,0x24,uint,1
STRUCT_007,0x28,uint,1
STRUCT_007,0x2c,byte,1
STRUCT_007,0x2d,byte,1
STRUCT_007,0x30,uint,1
STRUCT_007,0x38,uint,1
STRUCT_007,0x3c,uint,1
STRUCT_007,0x40,uint,1
STRUCT_007,0x44,uint,1
STRUCT_007,0x48,uint,1
STRUCT_007,0x4c,uint,1
STRUCT_007,0x50,uint,1
STRUCT_007,0x54,uint,1
STRUCT_007,0x58,uint,1
STRUCT_007,0x5c,uint,1
STRUCT_007,0x60,uint,1
STRUCT_007,0x64,uint,1
STRUCT_007,0x68,uint,1
STRUCT_007,0x6c,uint,1
STRUCT_007,0x70,uint,1
STRUCT_007,0x74,uint,1
STRUCT_007,0x78,uint,1
STRUCT_007,0x7c,uint,1
STRUCT_007,0x80,uint,1
STRUCT_007,0x84,uint,1
STRUCT_007,0x88,uint,1
STRUCT_007,0x8c,uint,1
STRUCT_007,0x90,uint,1
STRUCT_007,0x94,uint,1
STRUCT_007,0x98,uint,1
STRUCT_007,0x9c,uint,1
STRUCT_007,0xa0,uint,1
STRUCT_007,0xa4,uint,1
STRUCT_007,0xb8,uint,1
STRUCT_007,0xbc,uint,1
STRUCT_007,0xc0,uint,1
STRUCT_007,0xc4,uint,1
STRUCT_007,0xd0,uint,1
STRUCT_007,0xd4,uint,1
STRUCT_007,0xd8,uint,1
STRUCT_007,0xdc,uint,1
STRUCT_007,0xe0,uint,1
STRUCT_007,0xe4,uint,1
STRUCT_007,0xe8,uint,1
STRUCT_007,0xec,uint,1
STRUCT_007,0xf0,uint,1
STRUCT_007,0xf4,uint,1
STRUCT_007,0x108,uint,1
STRUCT_007,0x10d,byte,1
STRUCT_007,0x10e,byte,1
STRUCT_008,0x0,uint,7
STRUCT_008,0x4,uint,7
STRUCT_008,0x8,uint,7
STRUCT_008,0xc,uint,7
STRUCT_008,0x10,uint,7
STRUCT_008,0x18,ushort,7
STRUCT_008,0x1a,ushort,7
STRUCT_008,0x1c,ushort,7
STRUCT_008,0x1e,ushort,7
STRUCT_008,0x20,ushort,7
STRUCT_008,0x22,ushort,7
STRUCT_008,0x24,ushort,7
STRUCT_008,0x26,ushort,7
STRUCT_008,0x28,ushort,7
STRUCT_008,0x2a,byte/char,7
STRUCT_008,0x2b,byte,7
STRUCT_008,0x2c,byte,7
STRUCT_008,0x2d,byte,7
STRUCT_008,0x2e,byte,7
STRUCT_008,0x2f,byte,7
STRUCT_008,0x30,byte,7
STRUCT_008,0x31,byte,7
STRUCT_008,0x32,byte,7
STRUCT_008,0x33,byte,7
STRUCT_008,0x34,uint,7
STRUCT_008,0x38,uint,7
STRUCT_008,0x3c,uint,7
STRUCT_008,0x40,uint,7
STRUCT_008,0x44,byte/uint,7
STRUCT_008,0x45,byte,7
STRUCT_008,0x48,byte,7
STRUCT_008,0x49,byte/char,7
STRUCT_008,0x4a,byte,7
STRUCT_008,0x4b,byte,7
STRUCT_008,0x4c,byte,7
STRUCT_008,0x4d,byte,7
STRUCT_008,0x4e,byte,7
STRUCT_008,0x4f,byte,7
STRUCT_008,0x50,uint,7
STRUCT_008,0x54,uint,7
STRUCT_008,0x58,uint,7
STRUCT_008,0x5c,uint,7
STRUCT_008,0x60,uint,7
STRUCT_008,0x64,uint,7
STRUCT_008,0x68,uint,7
STRUCT_008,0x6c,uint,7
STRUCT_008,0x70,uint,7
STRUCT_008,0x74,uint,7
STRUCT_008,0x78,uint,7
STRUCT_008,0x7c,uint,7
STRUCT_009,0x0,uint,13
STRUCT_009,0xc,byte,13
STRUCT_009,0xd,byte,13
STRUCT_009,0xf,byte,13
STRUCT_009,0x14,float,13
STRUCT_009,0x18,uint,13
STRUCT_009,0x1c,uint,13
STRUCT_009,0x20,uint,13
STRUCT_009,0x24,uint,13
STRUCT_009,0x28,float,13
STRUCT_009,0x2c,char,13
STRUCT_009,0x30,float/uint,13
STRUCT_009,0x34,byte,13
STRUCT_009,0x35,byte,13
STRUCT_009,0x44,uint,13
STRUCT_009,0x50,byte/uint,13
STRUCT_009,0x52,byte,13
STRUCT_009,0x60,uint,13
STRUCT_009,0x64,uint,13
STRUCT_009,0x68,uint,13
STRUCT_009,0x6c,uint,13
STRUCT_009,0x70,uint,13
STRUCT_009,0x75,byte,13
STRUCT_009,0x76,ushort,13
STRUCT_009,0x78,uint,13
STRUCT_009,0x7a,short,13
STRUCT_009,0x7c,short/ushort,13
STRUCT_009,0x84,uint,13
STRUCT_009,0x88,uint,13
STRUCT_009,0x91,byte,13
STRUCT_009,0x92,byte,13
STRUCT_009,0x93,byte,13
STRUCT_009,0x94,byte,13
STRUCT_009,0x95,byte,13
STRUCT_009,0x96,byte,13
STRUCT_009,0x97,byte,13
STRUCT_009,0x9c,uint,13
STRUCT_009,0xa1,byte,13
STRUCT_009,0xa2,byte,13
STRUCT_009,0xa3,char,13
STRUCT_009,0xa4,uint,13
STRUCT_009,0xa8,uint,13
STRUCT_009,0xf0,uint,13
STRUCT_009,0x100,uint,13
STRUCT_009,0x165,byte,13
STRUCT_009,0x166,byte,13
STRUCT_009,0x174,uint,13
STRUCT_009,0x178,uint,13
STRUCT_009,0x220,uint,13
STRUCT_010,0x0,uint,1
STRUCT_010,0xc,uint,1
STRUCT_010,0x10,uint,1
STRUCT_010,0x14,uint,1
STRUCT_010,0x18,uint,1
STRUCT_010,0x1c,uint,1
STRUCT_010,0x20,uint,1
STRUCT_010,0x24,uint,1
STRUCT_010,0x30,uint,1
STRUCT_010,0x3c,uint,1
STRUCT_010,0x40,uint,1
STRUCT_010,0x44,uint,1
STRUCT_010,0x48,uint,1
STRUCT_010,0x4c,uint,1
STRUCT_010,0x50,uint,1
STRUCT_010,0x54,uint,1
STRUCT_010,0x58,uint,1
STRUCT_010,0x5c,uint,1
STRUCT_010,0x68,uint,1
STRUCT_010,0x6c,uint,1
STRUCT_010,0x70,uint,1
STRUCT_010,0x74,uint,1
STRUCT_010,0x78,uint,1
STRUCT_010,0x7c,uint,1
STRUCT_010,0x88,uint,1
STRUCT_010,0x8c,uint,1
STRUCT_010,0x90,uint,1
STRUCT_010,0x94,uint,1
STRUCT_010,0x98,uint,1
STRUCT_010,0x9c,uint,1
STRUCT_010,0xa0,uint,1
STRUCT_010,0xa4,uint,1
STRUCT_010,0xa8,uint,1
STRUCT_010,0xb4,uint,1
STRUCT_010,0xb8,uint,1
STRUCT_010,0xbc,uint,1
STRUCT_010,0xc8,uint,1
STRUCT_010,0xd4,uint,1
STRUCT_010,0xf0,uint,1
STRUCT_010,0xf4,uint,1
STRUCT_010,0xf8,uint,1
STRUCT_010,0xfc,uint,1
STRUCT_010,0x100,uint,1
STRUCT_010,0x104,uint,1
STRUCT_010,0x108,uint,1
STRUCT_010,0x10c,uint,1
STRUCT_010,0x110,uint,1
STRUCT_010,0x114,uint,1
STRUCT_011,0x0,uint,1
STRUCT_011,0x4,uint,1
STRUCT_011,0x8,uint,1
STRUCT_011,0xc,uint,1
STRUCT_011,0x10,uint,1
STRUCT_011,0x14,uint,1
STRUCT_011,0x18,uint,1
STRUCT_011,0x1c,uint,1
STRUCT_011,0x20,uint,1
STRUCT_011,0x24,uint,1
STRUCT_011,0x28,uint,1
STRUCT_011,0x2c,uint,1
STRUCT_011,0x30,uint,1
STRUCT_011,0x34,uint,1
STRUCT_011,0x38,uint,1
STRUCT_011,0x3c,uint,1
STRUCT_011,0x40,uint,1
STRUCT_011,0x44,uint,1
STRUCT_011,0x48,uint,1
STRUCT_011,0x4c,uint,1
STRUCT_011,0x50,uint,1
STRUCT_011,0x54,uint,1
STRUCT_011,0x58,uint,1
STRUCT_011,0x5c,uint,1
STRUCT_011,0x60,uint,1
STRUCT_011,0x64,uint,1
STRUCT_011,0x68,uint,1
STRUCT_011,0x6c,uint,1
STRUCT_011,0xb8,uint,1
STRUCT_011,0xbc,uint,1
STRUCT_011,0xc0,uint,1
STRUCT_011,0xc4,uint,1
STRUCT_011,0xc8,uint,1
STRUCT_011,0xcc,uint,1
STRUCT_011,0xdc,uint,1
STRUCT_011,0xe8,uint,1
STRUCT_011,0xf4,uint,1
STRUCT_011,0xf8,uint,1
STRUCT_011,0xfc,uint,1
STRUCT_011,0x100,uint,1
STRUCT_011,0x104,uint,1
STRUCT_011,0x108,uint,1
STRUCT_011,0x118,uint,1
STRUCT_011,0x124,uint,1
STRUCT_012,0x4,uint,33
STRUCT_012,0xc,uint,33
STRUCT_012,0x10,uint,33
STRUCT_012,0x14,byte,33
STRUCT_012,0x18,double,33
STRUCT_012,0x20,byte/char,33
STRUCT_012,0x21,byte,33
STRUCT_012,0x28,byte/uint,33
STRUCT_012,0x29,byte,33
STRUCT_012,0x2c,byte/uint,33
STRUCT_012,0x30,uint,33
STRUCT_012,0x34,byte/uint,33
STRUCT_012,0x3c,uint,33
STRUCT_012,0x40,uint,33
STRUCT_012,0x48,uint,33
STRUCT_012,0x50,uint,33
STRUCT_012,0x58,uint,33
STRUCT_012,0x5c,uint,33
STRUCT_012,0x60,uint,33
STRUCT_012,0xa8,byte,33
STRUCT_012,0xa9,byte,33
STRUCT_012,0xaa,byte,33
STRUCT_012,0xac,byte,33
STRUCT_012,0xb0,byte/uint,33
STRUCT_012,0xb1,byte,33
STRUCT_012,0xb4,uint,33
STRUCT_012,0xd8,uint,33
STRUCT_012,0xdc,byte,33
STRUCT_012,0xf0,byte,33
STRUCT_012,0xf1,byte,33
STRUCT_012,0xf2,byte,33
STRUCT_012,0xf8,byte,33
STRUCT_012,0x2b0,uint,33
STRUCT_012,0x3f8,byte,33
STRUCT_012,0xa68,uint,33
STRUCT_012,0xaac,byte,33
STRUCT_012,0xacc,byte,33
STRUCT_012,0xaec,byte,33
STRUCT_012,0xaed,byte,33
STRUCT_012,0xaee,byte,33
STRUCT_012,0xaef,byte,33
STRUCT_012,0xe68,byte,33
STRUCT_012,0x3198,uint,33
STRUCT_013,0x0,uint,1
STRUCT_013,0x30,uint,1
STRUCT_013,0x34,uint,1
STRUCT_013,0x38,uint,1
STRUCT_013,0x3c,uint,1
STRUCT_013,0x40,uint,1
STRUCT_013,0x44,uint,1
STRUCT_013,0x48,uint,1
STRUCT_013,0x4c,uint,1
STRUCT_013,0x50,uint,1
STRUCT_013,0x54,uint,1
STRUCT_013,0x58,uint,1
STRUCT_013,0x5c,uint,1
STRUCT_013,0x60,uint,1
STRUCT_013,0x64,uint,1
STRUCT_013,0x68,uint,1
STRUCT_013,0x6c,uint,1
STRUCT_013,0x70,uint,1
STRUCT_013,0x74,uint,1
STRUCT_013,0x78,uint,1
STRUCT_013,0x7c,uint,1
STRUCT_013,0x80,uint,1
STRUCT_013,0x84,uint,1
STRUCT_013,0x88,uint,1
STRUCT_013,0x8c,uint,1
STRUCT_013,0x90,uint,1
STRUCT_013,0x94,uint,1
STRUCT_013,0x9f,byte,1
STRUCT_013,0xb8,uint,1
STRUCT_013,0xbc,uint,1
STRUCT_013,0xc0,uint,1
STRUCT_013,0xc4,uint,1
STRUCT_013,0xec,uint,1
STRUCT_013,0xf0,uint,1
STRUCT_013,0xf4,uint,1
STRUCT_013,0xf8,uint,1
STRUCT_013,0xfc,uint,1
STRUCT_013,0x100,uint,1
STRUCT_013,0x104,uint,1
STRUCT_013,0x108,uint,1
STRUCT_013,0x10c,uint,1
STRUCT_013,0x110,uint,1
STRUCT_013,0x114,uint,1
STRUCT_014,0x0,float/uint,9
STRUCT_014,0x4,byte/float/uint,9
STRUCT_014,0x8,float/uint,9
STRUCT_014,0xc,float/uint,9
STRUCT_014,0x10,float/uint,9
STRUCT_014,0x14,uint,9
STRUCT_014,0x18,float/uint,9
STRUCT_014,0x1c,float/uint,9
STRUCT_014,0x20,uint,9
STRUCT_014,0x24,byte,9
STRUCT_014,0x2c,uint,9
STRUCT_014,0x30,byte,9
STRUCT_014,0x3c,uint,9
STRUCT_014,0xb0,uint,9
STRUCT_014,0xb4,byte/uint,9
STRUCT_014,0xb8,uint,9
STRUCT_014,0xbc,uint,9
STRUCT_014,0xc0,uint,9
STRUCT_014,0xc4,uint,9
STRUCT_014,0xc8,uint,9
STRUCT_014,0xcc,uint,9
STRUCT_014,0xd0,uint,9
STRUCT_014,0xd4,uint,9
STRUCT_014,0xd8,uint,9
STRUCT_014,0xdc,uint,9
STRUCT_014,0xe0,uint,9
STRUCT_014,0xe4,uint,9
STRUCT_014,0xe8,uint,9
STRUCT_014,0xec,uint,9
STRUCT_014,0xf0,uint,9
STRUCT_014,0xfc,uint,9
STRUCT_014,0x100,uint,9
STRUCT_014,0x104,uint,9
STRUCT_014,0x108,uint,9
STRUCT_014,0x10c,uint,9
STRUCT_014,0x110,uint,9
STRUCT_014,0x114,uint,9
STRUCT_014,0x120,float,9
STRUCT_014,0x124,float/uint,9
STRUCT_014,0x128,uint,9
STRUCT_014,0x12c,uint,9
STRUCT_014,0x1f6,byte,9
STRUCT_015,0x48,uint,1
STRUCT_015,0x4c,uint,1
STRUCT_015,0x50,uint,1
STRUCT_015,0x54,uint,1
STRUCT_015,0x58,uint,1
STRUCT_015,0x5c,uint,1
STRUCT_015,0x300,uint,1
STRUCT_015,0x304,uint,1
STRUCT_015,0x308,uint,1
STRUCT_015,0x30c,uint,1
STRUCT_015,0x310,uint,1
STRUCT_015,0x314,uint,1
STRUCT_015,0x318,uint,1
STRUCT_015,0x31c,uint,1
STRUCT_015,0x320,uint,1
STRUCT_015,0x324,uint,1
STRUCT_015,0x328,uint,1
STRUCT_015,0x32c,uint,1
STRUCT_015,0x330,uint,1
STRUCT_015,0x334,uint,1
STRUCT_015,0x338,uint,1
STRUCT_015,0x33c,uint,1
STRUCT_015,0x340,uint,1
STRUCT_015,0x344,uint,1
STRUCT_015,0x348,uint,1
STRUCT_015,0x34c,uint,1
STRUCT_015,0x350,uint,1
STRUCT_015,0x354,uint,1
STRUCT_015,0x358,uint,1
STRUCT_015,0x35c,uint,1
STRUCT_015,0x360,uint,1
STRUCT_015,0x364,uint,1
STRUCT_015,0x368,uint,1
STRUCT_015,0x36c,uint,1
STRUCT_015,0x370,uint,1
STRUCT_015,0x374,uint,1
STRUCT_015,0x378,uint,1
STRUCT_015,0x37c,uint,1
STRUCT_015,0x380,uint,1
STRUCT_015,0x388,uint,1
STRUCT_015,0x38f,byte,1
STRUCT_015,0x3ca,byte,1
STRUCT_016,0x0,uint,3
STRUCT_016,0x4,uint,3
STRUCT_016,0x8,uint,3
STRUCT_016,0xc,uint,3
STRUCT_016,0x10,uint,3
STRUCT_016,0x14,float/uint,3
STRUCT_016,0x18,uint,3
STRUCT_016,0x1c,uint,3
STRUCT_016,0x20,ushort,3
STRUCT_016,0x22,ushort,3
STRUCT_016,0x24,ushort,3
STRUCT_016,0x8c,uint,3
STRUCT_016,0x112,byte,3
STRUCT_016,0x113,byte,3
STRUCT_016,0x114,byte,3
STRUCT_016,0x115,byte,3
STRUCT_016,0x116,byte,3
STRUCT_016,0x117,byte,3
STRUCT_016,0x118,byte,3
STRUCT_016,0x119,byte,3
STRUCT_016,0x11a,byte,3
STRUCT_016,0x11b,byte,3
STRUCT_016,0x11c,byte,3
STRUCT_016,0x11d,byte,3
STRUCT_016,0x120,uint,3
STRUCT_016,0x124,uint,3
STRUCT_016,0x128,uint,3
STRUCT_016,0x138,uint,3
STRUCT_016,0x13c,uint,3
STRUCT_016,0x140,uint,3
STRUCT_016,0x144,uint,3
STRUCT_016,0x14c,uint,3
STRUCT_016,0x354,byte,3
STRUCT_016,0x428,uint,3
STRUCT_016,0x42c,byte,3
STRUCT_016,0x43c,uint,3
STRUCT_016,0x440,uint,3
STRUCT_016,0x520,uint,3
STRUCT_016,0x524,byte,3
STRUCT_016,0x528,uint,3
STRUCT_016,0x530,uint,3
STRUCT_017,0x8,uint,18
STRUCT_017,0x28,uint,18
STRUCT_017,0x148,uint,18
STRUCT_017,0x158,uint,18
STRUCT_017,0x15c,uint,18
STRUCT_017,0x160,uint,18
STRUCT_017,0x164,uint,18
STRUCT_017,0x168,uint,18
STRUCT_017,0x16c,uint,18
STRUCT_017,0x170,uint,18
STRUCT_017,0x174,uint,18
STRUCT_017,0x17c,uint,18
STRUCT_017,0x180,uint,18
STRUCT_017,0x188,uint,18
STRUCT_017,0x1f5,byte,18
STRUCT_017,0x1f7,byte,18
STRUCT_017,0x1f8,uint,18
STRUCT_017,0x1fc,uint,18
STRUCT_017,0x200,uint,18
STRUCT_017,0x204,uint,18
STRUCT_017,0x208,uint,18
STRUCT_017,0x20c,uint,18
STRUCT_017,0x210,uint,18
STRUCT_017,0x214,uint,18
STRUCT_017,0x218,uint,18
STRUCT_017,0x220,uint,18
STRUCT_017,0x228,uint,18
STRUCT_017,0x22c,uint,18
STRUCT_017,0x230,byte/uint,18
STRUCT_017,0x231,char,18
STRUCT_017,0x234,uint,18
STRUCT_017,0x23c,uint,18
STRUCT_017,0x240,uint,18
STRUCT_017,0x244,uint,18
STRUCT_017,0x248,uint,18
STRUCT_017,0x258,uint,18
STRUCT_017,0x260,uint,18
STRUCT_017,0x268,uint,18
STRUCT_017,0x26c,uint,18
STRUCT_018,0x0,uint,1
STRUCT_018,0x4,uint,1
STRUCT_018,0x8,uint,1
STRUCT_018,0xc,uint,1
STRUCT_018,0x10,uint,1
STRUCT_018,0x14,uint,1
STRUCT_018,0x18,uint,1
STRUCT_018,0x1c,uint,1
STRUCT_018,0x20,uint,1
STRUCT_018,0x24,uint,1
STRUCT_018,0x30,uint,1
STRUCT_018,0x34,uint,1
STRUCT_018,0x38,uint,1
STRUCT_018,0x3c,uint,1
STRUCT_018,0x40,uint,1
STRUCT_018,0x44,uint,1
STRUCT_018,0x48,uint,1
STRUCT_018,0x4c,uint,1
STRUCT_018,0x50,uint,1
STRUCT_018,0x54,uint,1
STRUCT_018,0x58,uint,1
STRUCT_018,0x5c,uint,1
STRUCT_018,0x60,uint,1
STRUCT_018,0x64,uint,1
STRUCT_018,0x68,uint,1
STRUCT_018,0x6c,uint,1
STRUCT_018,0x70,uint,1
STRUCT_018,0x74,uint,1
STRUCT_018,0x78,uint,1
STRUCT_018,0x7c,uint,1
STRUCT_018,0x80,uint,1
STRUCT_018,0x84,uint,1
STRUCT_018,0x88,uint,1
STRUCT_018,0x8c,uint,1
STRUCT_018,0x90,uint,1
STRUCT_018,0x94,uint,1
STRUCT_018,0x98,uint,1
STRUCT_018,0x9c,uint,1
STRUCT_019,0xc,byte,6
STRUCT_019,0xd,byte,6
STRUCT_019,0xf,byte,6
STRUCT_019,0x10,byte,6
STRUCT_019,0x50,byte,6
STRUCT_019,0x51,byte,6
STRUCT_019,0x53,byte,6
STRUCT_019,0x56,byte,6
STRUCT_019,0x5c,uint,6
STRUCT_019,0x60,uint,6
STRUCT_019,0x64,uint,6
STRUCT_019,0x68,uint,6
STRUCT_019,0x6c,uint,6
STRUCT_019,0x70,uint,6
STRUCT_019,0x74,uint,6
STRUCT_019,0x78,uint,6
STRUCT_019,0x7c,byte,6
STRUCT_019,0x80,uint,6
STRUCT_019,0x84,char,6
STRUCT_019,0x88,byte,6
STRUCT_019,0x8c,uint,6
STRUCT_019,0x90,byte,6
STRUCT_019,0x94,uint,6
STRUCT_019,0x98,uint,6
STRUCT_019,0xa4,uint,6
STRUCT_019,0xa8,uint,6
STRUCT_019,0xac,uint,6
STRUCT_019,0xb0,uint,6
STRUCT_019,0xb4,uint,6
STRUCT_019,0x10c,uint,6
STRUCT_019,0x210,uint,6
STRUCT_019,0x214,uint,6
STRUCT_019,0x218,uint,6
STRUCT_019,0x21c,uint,6
STRUCT_019,0x220,uint,6
STRUCT_019,0x224,uint,6
STRUCT_019,0x21f8,ushort,6
STRUCT_020,0x0,uint,1
STRUCT_020,0x58,uint,1
STRUCT_020,0x5c,uint,1
STRUCT_020,0x60,uint,1
STRUCT_020,0x64,uint,1
STRUCT_020,0x68,uint,1
STRUCT_020,0x6c,uint,1
STRUCT_020,0x70,uint,1
STRUCT_020,0x74,uint,1
STRUCT_020,0x78,uint,1
STRUCT_020,0x7c,uint,1
STRUCT_020,0x80,uint,1
STRUCT_020,0x84,uint,1
STRUCT_020,0x88,uint,1
STRUCT_020,0x8c,uint,1
STRUCT_020,0x90,uint,1
STRUCT_020,0x94,uint,1
STRUCT_020,0x98,uint,1
STRUCT_020,0x9c,uint,1
STRUCT_020,0xa0,uint,1
STRUCT_020,0xa4,uint,1
STRUCT_020,0xa8,uint,1
STRUCT_020,0xac,uint,1
STRUCT_020,0xb0,uint,1
STRUCT_020,0xb4,uint,1
STRUCT_020,0xb8,uint,1
STRUCT_020,0xbc,uint,1
STRUCT_020,0xc0,uint,1
STRUCT_020,0xc4,uint,1
STRUCT_020,0xc8,uint,1
STRUCT_020,0xcc,uint,1
STRUCT_020,0xd0,uint,1
STRUCT_020,0xd4,uint,1
STRUCT_020,0xd8,uint,1
STRUCT_020,0xdc,uint,1
STRUCT_020,0xe0,uint,1
STRUCT_020,0xec,byte,1
STRUCT_021,0x78,uint,1
STRUCT_021,0x7c,uint,1
STRUCT_021,0x80,uint,1
STRUCT_021,0x84,byte,1
STRUCT_021,0x138,byte,1
STRUCT_021,0x13b,byte,1
STRUCT_021,0x13c,byte,1
STRUCT_021,0x13d,byte,1
STRUCT_021,0x13e,byte,1
STRUCT_021,0x140,uint,1
STRUCT_021,0x144,uint,1
STRUCT_021,0x148,uint,1
STRUCT_021,0x14c,uint,1
STRUCT_021,0x150,uint,1
STRUCT_021,0x154,uint,1
STRUCT_021,0x158,uint,1
STRUCT_021,0x15c,uint,1
STRUCT_021,0x160,uint,1
STRUCT_021,0x164,uint,1
STRUCT_021,0x168,uint,1
STRUCT_021,0x16c,uint,1
STRUCT_021,0x170,uint,1
STRUCT_021,0x174,uint,1
STRUCT_021,0x178,uint,1
STRUCT_021,0x17c,uint,1
STRUCT_021,0x180,byte,1
STRUCT_021,0x181,byte,1
STRUCT_021,0x188,uint,1
STRUCT_021,0x18c,uint,1
STRUCT_021,0x190,uint,1
STRUCT_021,0x194,byte,1
STRUCT_021,0x195,byte,1
STRUCT_021,0x196,byte,1
STRUCT_021,0x197,byte,1
STRUCT_021,0x198,uint,1
STRUCT_021,0x19c,uint,1
STRUCT_021,0x1ac,uint,1
STRUCT_022,0x4,uint,22
STRUCT_022,0xc,uint,22
STRUCT_022,0x10,uint,22
STRUCT_022,0x68,float/uint,22
STRUCT_022,0x6c,float/uint,22
STRUCT_022,0x70,uint,22
STRUCT_022,0x74,uint,22
STRUCT_022,0x88,float/uint,22
STRUCT_022,0x8c,float/uint,22
STRUCT_022,0x90,uint,22
STRUCT_022,0x94,uint,22
STRUCT_022,0x98,uint,22
STRUCT_022,0x9c,uint,22
STRUCT_022,0xa0,float/uint,22
STRUCT_022,0xa4,uint,22
STRUCT_022,0xa8,float/uint,22
STRUCT_022,0xac,float/uint,22
STRUCT_022,0xb0,uint,22
STRUCT_022,0xb4,uint,22
STRUCT_022,0xb8,uint,22
STRUCT_022,0xbc,uint,22
STRUCT_022,0xc0,uint,22
STRUCT_022,0xc4,float/uint,22
STRUCT_022,0xc8,uint,22
STRUCT_022,0xcc,uint,22
STRUCT_022,0xd0,float,22
STRUCT_022,0xd4,float,22
STRUCT_022,0xd8,uint,22
STRUCT_022,0xdc,float/uint,22
STRUCT_022,0xe0,uint,22
STRUCT_022,0xe4,uint,22
STRUCT_022,0xe8,uint,22
STRUCT_022,0xec,uint,22
STRUCT_022,0xf0,byte,22
STRUCT_022,0xf1,byte,22
STRUCT_022,0xf2,byte,22
STRUCT_023,0x4,uint,14
STRUCT_023,0x8,uint,14
STRUCT_023,0xc,uint,14
STRUCT_023,0x10,uint,14
STRUCT_023,0x14,uint,14
STRUCT_023,0x60,uint,14
STRUCT_023,0x68,uint,14
STRUCT_023,0x6c,uint,14
STRUCT_023,0x70,uint,14
STRUCT_023,0x74,uint,14
STRUCT_023,0x78,uint,14
STRUCT_023,0x7c,uint,14
STRUCT_023,0x80,uint,14
STRUCT_023,0x84,uint,14
STRUCT_023,0x88,uint,14
STRUCT_023,0x8c,uint,14
STRUCT_023,0x90,uint,14
STRUCT_023,0x94,uint,14
STRUCT_023,0x98,uint,14
STRUCT_023,0x9c,uint,14
STRUCT_023,0xa0,byte/uint,14
STRUCT_023,0xa2,byte,14
STRUCT_023,0xa4,uint,14
STRUCT_023,0xa8,uint,14
STRUCT_023,0xac,byte,14
STRUCT_023,0xd4,uint,14
STRUCT_023,0xd8,uint,14
STRUCT_023,0xdc,uint,14
STRUCT_023,0xe0,uint,14
STRUCT_023,0xe4,uint,14
STRUCT_023,0x2e4,uint,14
STRUCT_023,0x2f4,uint,14
STRUCT_023,0x31c,uint,14
STRUCT_023,0x324,uint,14
STRUCT_024,0x14,uint,1
STRUCT_024,0x1c,uint,1
STRUCT_024,0x20,uint,1
STRUCT_024,0x28,uint,1
STRUCT_024,0x30,uint,1
STRUCT_024,0x34,uint,1
STRUCT_024,0x38,uint,1
STRUCT_024,0x3c,uint,1
STRUCT_024,0x40,uint,1
STRUCT_024,0x44,uint,1
STRUCT_024,0x48,uint,1
STRUCT_024,0x4c,uint,1
STRUCT_024,0x50,uint,1
STRUCT_024,0x54,uint,1
STRUCT_024,0x64,uint,1
STRUCT_024,0x70,uint,1
STRUCT_024,0x74,uint,1
STRUCT_024,0x80,uint,1
STRUCT_024,0x84,uint,1
STRUCT_024,0x90,uint,1
STRUCT_024,0x94,uint,1
STRUCT_024,0x98,byte,1
STRUCT_024,0x99,byte,1
STRUCT_024,0x9a,byte,1
STRUCT_024,0x9b,byte,1
STRUCT_024,0x9c,byte,1
STRUCT_024,0xa0,byte,1
STRUCT_024,0xa1,byte,1
STRUCT_024,0xa2,byte,1
STRUCT_024,0xa3,byte,1
STRUCT_024,0xa4,uint,1
STRUCT_024,0xa8,uint,1
STRUCT_024,0xac,uint,1
STRUCT_024,0xb0,uint,1
STRUCT_025,0x0,uint,1
STRUCT_025,0x4,uint,1
STRUCT_025,0x8,uint,1
STRUCT_025,0xc,uint,1
STRUCT_025,0x10,uint,1
STRUCT_025,0x14,uint,1
STRUCT_025,0x24,uint,1
STRUCT_025,0x28,uint,1
STRUCT_025,0x2c,uint,1
STRUCT_025,0x60,uint,1
STRUCT_025,0x64,uint,1
STRUCT_025,0x68,uint,1
STRUCT_025,0x6c,uint,1
STRUCT_025,0x70,uint,1
STRUCT_025,0x74,uint,1
STRUCT_025,0x78,uint,1
STRUCT_025,0x7c,uint,1
STRUCT_025,0x80,uint,1
STRUCT_025,0x84,uint,1
STRUCT_025,0x88,uint,1
STRUCT_025,0x8c,uint,1
STRUCT_025,0x90,uint,1
STRUCT_025,0x94,uint,1
STRUCT_025,0x98,uint,1
STRUCT_025,0x9c,uint,1
STRUCT_025,0xa0,uint,1
STRUCT_025,0xa4,uint,1
STRUCT_025,0xa8,byte,1
STRUCT_025,0xa9,byte,1
STRUCT_025,0xaa,byte,1
STRUCT_025,0xab,byte,1
STRUCT_025,0xac,byte,1
STRUCT_026,0x4,uint,2
STRUCT_026,0xc,uint,2
STRUCT_026,0x10,uint,2
STRUCT_026,0x14,float,2
STRUCT_026,0x1c,uint,2
STRUCT_026,0x20,uint,2
STRUCT_026,0x24,byte,2
STRUCT_026,0x28,uint,2
STRUCT_026,0x2c,uint,2
STRUCT_026,0x30,uint,2
STRUCT_026,0x34,uint,2
STRUCT_026,0x38,uint,2
STRUCT_026,0x3c,uint,2
STRUCT_026,0x40,uint,2
STRUCT_026,0x4c,uint,2
STRUCT_026,0x50,uint,2
STRUCT_026,0x5c,uint,2
STRUCT_026,0x60,uint,2
STRUCT_026,0x64,uint,2
STRUCT_026,0x68,uint,2
STRUCT_026,0x7c,uint,2
STRUCT_026,0x80,uint,2
STRUCT_026,0xac,uint,2
STRUCT_026,0xb0,uint,2
STRUCT_026,0xcc,uint,2
STRUCT_026,0xe0,uint,2
STRUCT_026,0xe4,uint,2
STRUCT_026,0xe8,uint,2
STRUCT_026,0xec,uint,2
STRUCT_026,0x104,byte,2
STRUCT_027,0x6,ushort,1
STRUCT_027,0x8,uint,1
STRUCT_027,0xc,byte,1
STRUCT_027,0xd,byte,1
STRUCT_027,0xe,byte,1
STRUCT_027,0xf,byte,1
STRUCT_027,0x10,uint,1
STRUCT_027,0x1e,ushort,1
STRUCT_027,0x20,uint,1
STRUCT_027,0x24,uint,1
STRUCT_027,0x2c,uint,1
STRUCT_027,0x30,uint,1
STRUCT_027,0x34,ushort,1
STRUCT_027,0x36,ushort,1
STRUCT_027,0x38,uint,1
STRUCT_027,0x3c,uint,1
STRUCT_027,0x40,uint,1
STRUCT_027,0x44,uint,1
STRUCT_027,0x48,uint,1
STRUCT_027,0x4c,uint,1
STRUCT_027,0x50,uint,1
STRUCT_027,0x54,uint,1
STRUCT_027,0x58,uint,1
STRUCT_027,0x5c,uint,1
STRUCT_027,0x60,uint,1
STRUCT_027,0x64,uint,1
STRUCT_027,0x68,uint,1
STRUCT_027,0x6c,ushort,1
STRUCT_027,0x6e,byte,1
STRUCT_027,0x6f,byte,1
STRUCT_028,0xc,uint,1
STRUCT_028,0x10,uint,1
STRUCT_028,0x1c,uint,1
STRUCT_028,0x20,uint,1
STRUCT_028,0x2c,uint,1
STRUCT_028,0x30,uint,1
STRUCT_028,0x3c,uint,1
STRUCT_028,0x40,uint,1
STRUCT_028,0x4c,uint,1
STRUCT_028,0x50,uint,1
STRUCT_028,0x5c,uint,1
STRUCT_028,0x60,uint,1
STRUCT_028,0x6c,uint,1
STRUCT_028,0x70,uint,1
STRUCT_028,0x7c,uint,1
STRUCT_028,0x80,uint,1
STRUCT_028,0x8c,uint,1
STRUCT_028,0x90,uint,1
STRUCT_028,0x9c,uint,1
STRUCT_028,0xa0,uint,1
STRUCT_028,0xac,uint,1
STRUCT_028,0xb0,uint,1
STRUCT_028,0xbc,uint,1
STRUCT_028,0xc0,uint,1
STRUCT_028,0xcc,uint,1
STRUCT_028,0xd0,uint,1
STRUCT_028,0xdc,uint,1
STRUCT_028,0xe0,uint,1
STRUCT_028,0xec,uint,1
STRUCT_028,0xf0,uint,1
STRUCT_029,0x0,uint,8
STRUCT_029,0x4,uint,8
STRUCT_029,0x8,uint,8
STRUCT_029,0xc,ushort,8
STRUCT_029,0x10,uint,8
STRUCT_029,0x14,uint,8
STRUCT_029,0x18,uint,8
STRUCT_029,0x20,uint,8
STRUCT_029,0x24,ushort,8
STRUCT_029,0x26,byte,8
STRUCT_029,0x27,byte,8
STRUCT_029,0x28,uint,8
STRUCT_029,0x2c,uint,8
STRUCT_029,0x30,uint,8
STRUCT_029,0x34,uint,8
STRUCT_029,0x38,uint,8
STRUCT_029,0x3c,uint,8
STRUCT_029,0x40,uint,8
STRUCT_029,0x44,uint,8
STRUCT_029,0x48,uint,8
STRUCT_029,0x4c,uint,8
STRUCT_029,0x50,byte,8
STRUCT_029,0x51,byte,8
STRUCT_029,0x54,uint,8
STRUCT_029,0x58,float/uint,8
STRUCT_029,0x5c,uint,8
STRUCT_029,0x60,uint,8
STRUCT_029,0xb94,byte,8
STRUCT_029,0xcf8,uint,8
STRUCT_030,0x0,uint,1
STRUCT_030,0x4,uint,1
STRUCT_030,0x8,uint,1
STRUCT_030,0xc,uint,1
STRUCT_030,0x10,uint,1
STRUCT_030,0x14,uint,1
STRUCT_030,0x18,uint,1
STRUCT_030,0x1c,uint,1
STRUCT_030,0x20,uint,1
STRUCT_030,0x24,uint,1
STRUCT_030,0x28,uint,1
STRUCT_030,0x2c,uint,1
STRUCT_030,0x30,uint,1
STRUCT_030,0x34,uint,1
STRUCT_030,0x38,uint,1
STRUCT_030,0x3c,uint,1
STRUCT_030,0x40,uint,1
STRUCT_030,0x4c,uint,1
STRUCT_030,0x50,uint,1
STRUCT_030,0x54,uint,1
STRUCT_030,0x58,byte,1
STRUCT_030,0x59,byte,1
STRUCT_030,0x5a,byte,1
STRUCT_030,0x5c,uint,1
STRUCT_030,0x60,uint,1
STRUCT_030,0x64,uint,1
STRUCT_030,0x68,uint,1
STRUCT_030,0x6c,uint,1
STRUCT_030,0x70,uint,1
STRUCT_031,0x4,uint,33
STRUCT_031,0x18,uint,33
STRUCT_031,0x20,uint,33
STRUCT_031,0x28,char,33
STRUCT_031,0x2a,char,33
STRUCT_031,0x2b,byte/char,33
STRUCT_031,0x2c,uint,33
STRUCT_031,0x30,uint,33
STRUCT_031,0x33,char,33
STRUCT_031,0x34,byte,33
STRUCT_031,0x38,uint,33
STRUCT_031,0x44,float/uint,33
STRUCT_031,0x48,uint,33
STRUCT_031,0x4c,uint,33
STRUCT_031,0x50,byte/uint,33
STRUCT_031,0x54,uint,33
STRUCT_031,0xbc,byte,33
STRUCT_031,0xc4,byte,33
STRUCT_031,0xc5,byte,33
STRUCT_031,0xc8,uint,33
STRUCT_031,0xd4,byte,33
STRUCT_031,0x110,uint,33
STRUCT_031,0x114,uint,33
STRUCT_031,0x11c,uint,33
STRUCT_031,0x120,uint,33
STRUCT_031,0x38d,byte,33
STRUCT_031,0x391,byte,33
STRUCT_031,0x398,uint,33
STRUCT_032,0x4,uint,10
STRUCT_032,0x10,uint,10
STRUCT_032,0x1c,uint,10
STRUCT_032,0x24,byte,10
STRUCT_032,0x28,uint,10
STRUCT_032,0x30,uint,10
STRUCT_032,0x34,uint,10
STRUCT_032,0x40,ushort,10
STRUCT_032,0x48,uint,10
STRUCT_032,0x4c,uint,10
STRUCT_032,0x50,uint,10
STRUCT_032,0x54,uint,10
STRUCT_032,0x60,uint,10
STRUCT_032,0x6c,uint,10
STRUCT_032,0x78,uint,10
STRUCT_032,0x7c,byte,10
STRUCT_032,0x90,uint,10
STRUCT_032,0x94,uint,10
STRUCT_032,0x98,uint,10
STRUCT_032,0x9c,uint,10
STRUCT_032,0xa0,uint,10
STRUCT_032,0xa4,float,10
STRUCT_032,0xa8,byte,10
STRUCT_032,0xa9,byte,10
STRUCT_032,0xac,byte,10
STRUCT_032,0xb0,uint,10
STRUCT_032,0xb4,byte,10
STRUCT_032,0xbc,uint,10
STRUCT_033,0x0,uint,3
STRUCT_033,0x4,uint,3
STRUCT_033,0x8,uint,3
STRUCT_033,0xc,uint,3
STRUCT_033,0x10,uint,3
STRUCT_033,0x14,uint,3
STRUCT_033,0x18,uint,3
STRUCT_033,0x1c,uint,3
STRUCT_033,0x20,uint,3
STRUCT_033,0x24,uint,3
STRUCT_033,0x28,uint,3
STRUCT_033,0x2c,uint,3
STRUCT_033,0x30,uint,3
STRUCT_033,0x34,uint,3
STRUCT_033,0x38,uint,3
STRUCT_033,0x3c,uint,3
STRUCT_033,0x40,uint,3
STRUCT_033,0x44,uint,3
STRUCT_033,0x48,uint,3
STRUCT_033,0x4c,uint,3
STRUCT_033,0xb0,uint,3
STRUCT_033,0xb4,byte,3
STRUCT_033,0xb5,byte,3
STRUCT_033,0xb6,byte,3
STRUCT_033,0xb7,byte,3
STRUCT_033,0xc9,uint,3
STRUCT_033,0xcd,uint,3
STRUCT_033,0xd1,byte,3
STRUCT_034,0x0,uint,15
STRUCT_034,0x4,uint,15
STRUCT_034,0x8,uint,15
STRUCT_034,0xc,uint,15
STRUCT_034,0x10,uint,15
STRUCT_034,0x18,uint,15
STRUCT_034,0x1c,uint,15
STRUCT_034,0x2c,uint,15
STRUCT_034,0x38,uint,15
STRUCT_034,0x3c,uint,15
STRUCT_034,0x40,byte,15
STRUCT_034,0x41,byte,15
STRUCT_034,0x42,byte,15
STRUCT_034,0x43,byte,15
STRUCT_034,0x44,byte,15
STRUCT_034,0x45,byte,15
STRUCT_034,0x46,byte,15
STRUCT_034,0x47,byte,15
STRUCT_034,0x48,uint,15
STRUCT_034,0x4c,uint,15
STRUCT_034,0x50,uint,15
STRUCT_034,0x54,uint,15
STRUCT_034,0x58,uint,15
STRUCT_034,0x5c,byte,15
STRUCT_034,0x5b4,uint,15
STRUCT_034,0x8e8,byte,15
STRUCT_034,0x8e9,byte,15
STRUCT_035,0x0,uint,45
STRUCT_035,0x28,uint,45
STRUCT_035,0x2c,uint,45
STRUCT_035,0x30,uint,45
STRUCT_035,0x34,uint,45
STRUCT_035,0x38,byte,45
STRUCT_035,0x39,byte/char,45
STRUCT_035,0x48,uint,45
STRUCT_035,0x4c,uint,45
STRUCT_035,0x50,uint,45
STRUCT_035,0x64,byte/uint,45
STRUCT_035,0x68,uint,45
STRUCT_035,0x6c,uint,45
STRUCT_035,0x74,uint,45
STRUCT_035,0x7c,uint,45
STRUCT_035,0x80,uint,45
STRUCT_035,0x84,uint,45
STRUCT_035,0xa4,uint,45
STRUCT_035,0xd8,byte/char,45
STRUCT_035,0xe0,byte/char,45
STRUCT_035,0x118,byte,45
STRUCT_035,0x120,byte/char,45
STRUCT_035,0x160,byte,45
STRUCT_035,0x190,byte,45
STRUCT_035,0x1d0,uint,45
STRUCT_035,0x218,byte,45
STRUCT_036,0xc,float,2
STRUCT_036,0x14,float,2
STRUCT_036,0x18,uint,2
STRUCT_036,0x1c,float,2
STRUCT_036,0x24,uint,2
STRUCT_036,0x28,uint,2
STRUCT_036,0x2c,byte,2
STRUCT_036,0x2d,byte,2
STRUCT_036,0x30,uint,2
STRUCT_036,0x34,uint,2
STRUCT_036,0x38,uint,2
STRUCT_036,0x3c,uint,2
STRUCT_036,0x40,uint,2
STRUCT_036,0xd4,float,2
STRUCT_036,0xe8,float,2
STRUCT_036,0xec,float,2
STRUCT_036,0xf0,uint,2
STRUCT_036,0xf4,uint,2
STRUCT_036,0xf8,float,2
STRUCT_036,0xfc,float,2
STRUCT_036,0x100,uint,2
STRUCT_036,0x104,uint,2
STRUCT_036,0x108,uint,2
STRUCT_036,0x10c,byte,2
STRUCT_036,0x10d,byte,2
STRUCT_036,0x10e,byte,2
STRUCT_037,0x0,uint,1
STRUCT_037,0x4,uint,1
STRUCT_037,0x8,uint,1
STRUCT_037,0xc,uint,1
STRUCT_037,0x10,uint,1
STRUCT_037,0x14,uint,1
STRUCT_037,0x18,uint,1
STRUCT_037,0x1c,uint,1
STRUCT_037,0x20,uint,1
STRUCT_037,0x24,uint,1
STRUCT_037,0x28,uint,1
STRUCT_037,0x2c,uint,1
STRUCT_037,0x30,uint,1
STRUCT_037,0x34,uint,1
STRUCT_037,0x38,uint,1
STRUCT_037,0x3c,uint,1
STRUCT_037,0x40,uint,1
STRUCT_037,0x44,uint,1
STRUCT_037,0x48,uint,1
STRUCT_037,0x4c,uint,1
STRUCT_037,0x50,uint,1
STRUCT_037,0x54,uint,1
STRUCT_037,0x58,uint,1
STRUCT_037,0x5c,uint,1
STRUCT_037,0x60,uint,1
STRUCT_037,0x64,byte,1
STRUCT_038,0x4,uint,26
STRUCT_038,0xc,uint,26
STRUCT_038,0x10,uint,26
STRUCT_038,0x12c,uint,26
STRUCT_038,0x1b8,uint,26
STRUCT_038,0x1bc,uint,26
STRUCT_038,0x228,byte,26
STRUCT_038,0x2b0,char,26
STRUCT_038,0x2d0,byte,26
STRUCT_038,0x2d4,float/uint,26
STRUCT_038,0x2d8,float/uint,26
STRUCT_038,0x2dc,float/uint,26
STRUCT_038,0x2e0,uint,26
STRUCT_038,0x2e4,byte,26
STRUCT_038,0x2e5,byte,26
STRUCT_038,0x2e6,byte,26
STRUCT_038,0x2f4,uint,26
STRUCT_038,0x2f8,uint,26
STRUCT_038,0x321,byte,26
STRUCT_038,0x328,float/uint,26
STRUCT_038,0x32c,uint,26
STRUCT_038,0x334,uint,26
STRUCT_038,0x338,uint,26
STRUCT_038,0x340,uint,26
STRUCT_038,0x344,float/uint,26
STRUCT_039,0x0,uint,7
STRUCT_039,0x8,uint,7
STRUCT_039,0xc,uint,7
STRUCT_039,0x10,uint,7
STRUCT_039,0x14,uint,7
STRUCT_039,0x18,byte,7
STRUCT_039,0x20,uint,7
STRUCT_039,0x28,uint,7
STRUCT_039,0x38,uint,7
STRUCT_039,0x3c,uint,7
STRUCT_039,0x44,byte,7
STRUCT_039,0x45,byte,7
STRUCT_039,0x9c,uint,7
STRUCT_039,0xa8,uint,7
STRUCT_039,0xc4,uint,7
STRUCT_039,0xc8,uint,7
STRUCT_039,0xcc,uint,7
STRUCT_039,0xd4,uint,7
STRUCT_039,0xd8,ushort,7
STRUCT_039,0xda,byte,7
STRUCT_039,0xe8,byte,7
STRUCT_039,0xec,uint,7
STRUCT_039,0xf0,uint,7
STRUCT_039,0xf4,byte,7
STRUCT_039,0xf6,byte,7
STRUCT_040,0x0,uint,1
STRUCT_040,0x4,uint,1
STRUCT_040,0x8,uint,1
STRUCT_040,0xc,uint,1
STRUCT_040,0x10,uint,1
STRUCT_040,0x14,uint,1
STRUCT_040,0x18,uint,1
STRUCT_040,0x1c,uint,1
STRUCT_040,0x20,uint,1
STRUCT_040,0x24,uint,1
STRUCT_040,0x28,uint,1
STRUCT_040,0x2c,uint,1
STRUCT_040,0x30,uint,1
STRUCT_040,0x34,uint,1
STRUCT_040,0x38,uint,1
STRUCT_040,0x3c,uint,1
STRUCT_040,0x40,uint,1
STRUCT_040,0x44,uint,1
STRUCT_040,0x48,uint,1
STRUCT_040,0x4c,uint,1
STRUCT_040,0x50,uint,1
STRUCT_040,0x54,uint,1
STRUCT_040,0x58,uint,1
STRUCT_040,0x5c,uint,1
STRUCT_040,0x60,uint,1
STRUCT_041,0x4,uint,1
STRUCT_041,0x8,uint,1
STRUCT_041,0x20,uint,1
STRUCT_041,0x24,uint,1
STRUCT_041,0x28,uint,1
STRUCT_041,0x2c,uint,1
STRUCT_041,0x30,uint,1
STRUCT_041,0x34,uint,1
STRUCT_041,0x38,uint,1
STRUCT_041,0x3c,uint,1
STRUCT_041,0x78,uint,1
STRUCT_041,0x7c,uint,1
STRUCT_041,0x80,uint,1
STRUCT_041,0x84,uint,1
STRUCT_041,0x88,uint,1
STRUCT_041,0x8c,uint,1
STRUCT_041,0x90,uint,1
STRUCT_041,0x94,uint,1
STRUCT_041,0x98,uint,1
STRUCT_041,0x9c,uint,1
STRUCT_041,0xa0,uint,1
STRUCT_041,0xa4,uint,1
STRUCT_041,0xa8,uint,1
STRUCT_041,0xac,uint,1
STRUCT_041,0xb0,uint,1
STRUCT_042,0x140,uint,1
STRUCT_042,0x144,uint,1
STRUCT_042,0x148,uint,1
STRUCT_042,0x14c,uint,1
STRUCT_042,0x150,uint,1
STRUCT_042,0x154,uint,1
STRUCT_042,0x164,uint,1
STRUCT_042,0x168,uint,1
STRUCT_042,0x16c,uint,1
STRUCT_042,0x170,uint,1
STRUCT_042,0x174,uint,1
STRUCT_042,0x178,uint,1
STRUCT_042,0x17c,uint,1
STRUCT_042,0x180,byte,1
STRUCT_042,0x181,byte,1
STRUCT_042,0x182,byte,1
STRUCT_042,0x183,byte,1
STRUCT_042,0x184,byte,1
STRUCT_042,0x185,byte,1
STRUCT_042,0x186,byte,1
STRUCT_042,0x26c,uint,1
STRUCT_042,0x290,uint,1
STRUCT_042,0x294,uint,1
STRUCT_042,0x298,uint,1
STRUCT_042,0x29c,uint,1
STRUCT_043,0x4,byte,1
STRUCT_043,0x5,byte,1
STRUCT_043,0x7,byte,1
STRUCT_043,0x8,uint,1
STRUCT_043,0x18,uint,1
STRUCT_043,0x1c,uint,1
STRUCT_043,0x20,uint,1
STRUCT_043,0x24,uint,1
STRUCT_043,0x28,uint,1
STRUCT_043,0x2c,uint,1
STRUCT_043,0x30,uint,1
STRUCT_043,0x34,uint,1
STRUCT_043,0x38,uint,1
STRUCT_043,0x3c,uint,1
STRUCT_043,0x40,uint,1
STRUCT_043,0x44,uint,1
STRUCT_043,0x48,uint,1
STRUCT_043,0x4c,uint,1
STRUCT_043,0x50,uint,1
STRUCT_043,0x54,uint,1
STRUCT_043,0x58,uint,1
STRUCT_043,0x5c,uint,1
STRUCT_043,0x60,uint,1
STRUCT_043,0x64,uint,1
STRUCT_043,0x68,uint,1
STRUCT_044,0xc,uint,1
STRUCT_044,0x14,uint,1
STRUCT_044,0x28,uint,1
STRUCT_044,0x2c,uint,1
STRUCT_044,0x30,uint,1
STRUCT_044,0x34,float,1
STRUCT_044,0x38,float,1
STRUCT_044,0x3c,uint,1
STRUCT_044,0x40,float,1
STRUCT_044,0x44,float,1
STRUCT_044,0x50,uint,1
STRUCT_044,0x54,uint,1
STRUCT_044,0x58,uint,1
STRUCT_044,0x5c,uint,1
STRUCT_044,0x60,uint,1
STRUCT_044,0x64,uint,1
STRUCT_044,0x68,uint,1
STRUCT_044,0x6c,uint,1
STRUCT_044,0x70,uint,1
STRUCT_044,0x74,uint,1
STRUCT_044,0x78,uint,1
STRUCT_044,0x7c,uint,1
STRUCT_044,0xb4,byte,1
STRUCT_044,0xb5,byte,1
STRUCT_044,0xb7,byte,1
STRUCT_045,0x0,uint,1
STRUCT_045,0x4,uint,1
STRUCT_045,0x8,uint,1
STRUCT_045,0xc,uint,1
STRUCT_045,0x10,uint,1
STRUCT_045,0x14,uint,1
STRUCT_045,0x18,uint,1
STRUCT_045,0x1c,uint,1
STRUCT_045,0x20,uint,1
STRUCT_045,0x24,uint,1
STRUCT_045,0x28,uint,1
STRUCT_045,0x2c,uint,1
STRUCT_045,0x30,uint,1
STRUCT_045,0x34,uint,1
STRUCT_045,0x38,uint,1
STRUCT_045,0x3c,uint,1
STRUCT_045,0x40,uint,1
STRUCT_045,0x44,uint,1
STRUCT_045,0x48,uint,1
STRUCT_045,0x4c,uint,1
STRUCT_045,0x50,uint,1
STRUCT_045,0x54,uint,1
STRUCT_045,0x60,byte,1
STRUCT_045,0x64,uint,1
STRUCT_045,0x68,uint,1
STRUCT_046,0x0,uint,3
STRUCT_046,0x4,uint,3
STRUCT_046,0x8,uint,3
STRUCT_046,0xc,uint,3
STRUCT_046,0x10,uint,3
STRUCT_046,0x14,uint,3
STRUCT_046,0x18,uint,3
STRUCT_046,0x1c,uint,3
STRUCT_046,0x20,uint,3
STRUCT_046,0x24,uint,3
STRUCT_046,0x28,uint,3
STRUCT_046,0x2c,uint,3
STRUCT_046,0x30,float/uint,3
STRUCT_046,0x34,uint,3
STRUCT_046,0x38,float,3
STRUCT_046,0x68,uint,3
STRUCT_046,0x6c,ushort,3
STRUCT_046,0x6e,ushort,3
STRUCT_046,0x70,byte,3
STRUCT_046,0x71,byte,3
STRUCT_046,0x72,byte,3
STRUCT_046,0x73,byte,3
STRUCT_046,0x74,byte,3
STRUCT_046,0x75,byte,3
STRUCT_047,0x0,uint,2
STRUCT_047,0x8,uint,2
STRUCT_047,0xc,uint,2
STRUCT_047,0x10,float,2
STRUCT_047,0x14,byte,2
STRUCT_047,0x16,byte,2
STRUCT_047,0x17,byte,2
STRUCT_047,0x18,byte,2
STRUCT_047,0x1a,byte,2
STRUCT_047,0x1b,byte,2
STRUCT_047,0x1c,uint,2
STRUCT_047,0x20,ushort,2
STRUCT_047,0x22,byte,2
STRUCT_047,0x24,uint,2
STRUCT_047,0x28,uint,2
STRUCT_047,0x2c,byte,2
STRUCT_047,0x2d,byte,2
STRUCT_047,0x30,uint,2
STRUCT_047,0x34,uint,2
STRUCT_047,0x38,uint,2
STRUCT_047,0x3c,uint,2
STRUCT_047,0x44,uint,2
STRUCT_047,0x48,uint,2
STRUCT_047,0x4c,uint,2
STRUCT_048,0x0,uint,1
STRUCT_048,0x4,uint,1
STRUCT_048,0x20,float,1
STRUCT_048,0x24,uint,1
STRUCT_048,0x28,float,1
STRUCT_048,0x2c,float,1
STRUCT_048,0x30,uint,1
STRUCT_048,0x34,float,1
STRUCT_048,0x4c,uint,1
STRUCT_048,0x50,uint,1
STRUCT_048,0x54,uint,1
STRUCT_048,0x58,uint,1
STRUCT_048,0x5c,ushort,1
STRUCT_048,0x5e,byte,1
STRUCT_048,0x60,uint,1
STRUCT_048,0x64,uint,1
STRUCT_048,0x68,uint,1
STRUCT_048,0x6c,byte,1
STRUCT_048,0x70,uint,1
STRUCT_048,0x74,uint,1
STRUCT_048,0x78,byte,1
STRUCT_048,0x79,byte,1
STRUCT_048,0x7a,byte,1
STRUCT_048,0x7b,byte,1
STRUCT_049,0x0,uint,35
STRUCT_049,0x20,uint,35
STRUCT_049,0x140,uint,35
STRUCT_049,0x148,uint,35
STRUCT_049,0x15c,uint,35
STRUCT_049,0x168,byte,35
STRUCT_049,0x16c,uint,35
STRUCT_049,0x2f8,char,35
STRUCT_049,0x4c4,uint,35
STRUCT_049,0x5f0,uint,35
STRUCT_049,0x8cc,uint,35
STRUCT_049,0x950,byte,35
STRUCT_049,0x954,uint,35
STRUCT_049,0x958,uint,35
STRUCT_049,0x960,uint,35
STRUCT_049,0x970,uint,35
STRUCT_049,0x974,uint,35
STRUCT_049,0x978,uint,35
STRUCT_049,0x97c,uint,35
STRUCT_049,0x2eb1,byte,35
STRUCT_049,0x2eb2,byte,35
STRUCT_049,0x2f58,byte,35
STRUCT_049,0x2f59,byte,35
STRUCT_050,0x0,byte/uint,31
STRUCT_050,0x4,byte,31
STRUCT_050,0x8,uint,31
STRUCT_050,0x8d,byte,31
STRUCT_050,0x124,uint,31
STRUCT_050,0x128,byte/char,31
STRUCT_050,0x168,byte/char,31
STRUCT_050,0x1a8,byte,31
STRUCT_050,0x300,uint,31
STRUCT_050,0x304,uint,31
STRUCT_050,0x680,uint,31
STRUCT_050,0x1dcc,uint,31
STRUCT_050,0x1dd0,byte,31
STRUCT_050,0x2b60,byte,31
STRUCT_050,0x2b64,uint,31
STRUCT_050,0x2b68,uint,31
STRUCT_050,0x2b78,uint,31
STRUCT_050,0x2b7c,char,31
STRUCT_050,0x2b7d,byte,31
STRUCT_050,0x2b7e,byte,31
STRUCT_050,0x2b7f,byte,31
STRUCT_050,0x4238,byte,31
STRUCT_050,0x4268,uint,31
STRUCT_051,0x8,uint,23
STRUCT_051,0x18,uint,23
STRUCT_051,0x24,byte,23
STRUCT_051,0x25,byte,23
STRUCT_051,0x26,byte,23
STRUCT_051,0x450,uint,23
STRUCT_051,0x454,uint,23
STRUCT_051,0x658,uint,23
STRUCT_051,0x65c,uint,23
STRUCT_051,0x660,uint,23
STRUCT_051,0x668,uint,23
STRUCT_051,0x66c,uint,23
STRUCT_051,0x670,uint,23
STRUCT_051,0x680,uint,23
STRUCT_051,0x684,uint,23
STRUCT_051,0x688,uint,23
STRUCT_051,0x68c,uint,23
STRUCT_051,0x694,uint,23
STRUCT_051,0x698,uint,23
STRUCT_051,0x69c,uint,23
STRUCT_051,0x6a0,byte,23
STRUCT_051,0x6a1,byte,23
STRUCT_051,0x6a2,byte,23
STRUCT_052,0x98,byte,3
STRUCT_052,0x138,byte,3
STRUCT_052,0x139,byte,3
STRUCT_052,0x13a,byte,3
STRUCT_052,0x13b,byte,3
STRUCT_052,0x13e,byte,3
STRUCT_052,0x140,uint,3
STRUCT_052,0x148,uint,3
STRUCT_052,0x150,float,3
STRUCT_052,0x164,uint,3
STRUCT_052,0x168,float,3
STRUCT_052,0x16c,uint,3
STRUCT_052,0x170,uint,3
STRUCT_052,0x174,uint,3
STRUCT_052,0x188,float,3
STRUCT_052,0x18c,float,3
STRUCT_052,0x194,byte,3
STRUCT_052,0x195,byte,3
STRUCT_052,0x198,uint,3
STRUCT_052,0x19c,float,3
STRUCT_052,0x1a0,uint,3
STRUCT_052,0x1a4,uint,3
STRUCT_052,0x1a8,uint,3
STRUCT_053,0x0,uint,1
STRUCT_053,0x4,uint,1
STRUCT_053,0x8,uint,1
STRUCT_053,0xc,uint,1
STRUCT_053,0x10,uint,1
STRUCT_053,0x14,uint,1
STRUCT_053,0x18,uint,1
STRUCT_053,0x1c,uint,1
STRUCT_053,0x38,uint,1
STRUCT_053,0x3c,uint,1
STRUCT_053,0x40,uint,1
STRUCT_053,0x48,uint,1
STRUCT_053,0x4c,uint,1
STRUCT_053,0x50,uint,1
STRUCT_053,0x5c,ushort,1
STRUCT_053,0x5e,byte,1
STRUCT_053,0x6c,byte,1
STRUCT_053,0x70,uint,1
STRUCT_053,0x74,uint,1
STRUCT_053,0x78,byte,1
STRUCT_053,0x79,byte,1
STRUCT_053,0x7a,byte,1
STRUCT_053,0x7b,byte,1
STRUCT_054,0x1c,uint,1
STRUCT_054,0x20,uint,1
STRUCT_054,0x28,uint,1
STRUCT_054,0x2c,uint,1
STRUCT_054,0x34,uint,1
STRUCT_054,0x3c,uint,1
STRUCT_054,0x44,uint,1
STRUCT_054,0x4c,uint,1
STRUCT_054,0x50,uint,1
STRUCT_054,0x54,uint,1
STRUCT_054,0x58,uint,1
STRUCT_054,0x5c,uint,1
STRUCT_054,0x60,uint,1
STRUCT_054,0x64,uint,1
STRUCT_054,0x68,uint,1
STRUCT_054,0x6c,uint,1
STRUCT_054,0x70,uint,1
STRUCT_054,0x74,byte,1
STRUCT_054,0x75,byte,1
STRUCT_054,0x76,byte,1
STRUCT_054,0x77,byte,1
STRUCT_054,0x78,uint,1
STRUCT_054,0x7c,byte,1
STRUCT_055,0x0,uint,2
STRUCT_055,0xe,byte,2
STRUCT_055,0xf,byte,2
STRUCT_055,0x10,short,2
STRUCT_055,0x12,short,2
STRUCT_055,0x14,short,2
STRUCT_055,0x16,short,2
STRUCT_055,0x1e,ushort,2
STRUCT_055,0x20,uint,2
STRUCT_055,0x24,uint,2
STRUCT_055,0x28,float/uint,2
STRUCT_055,0x2c,uint,2
STRUCT_055,0x48,uint,2
STRUCT_055,0x4c,uint,2
STRUCT_055,0x50,uint,2
STRUCT_055,0x54,uint,2
STRUCT_055,0x58,uint,2
STRUCT_055,0x5c,uint,2
STRUCT_055,0x60,uint,2
STRUCT_055,0x64,uint,2
STRUCT_055,0x68,float,2
STRUCT_055,0x6c,ushort,2
STRUCT_056,0x0,uint,1
STRUCT_056,0x4,uint,1
STRUCT_056,0x8,uint,1
STRUCT_056,0xc,uint,1
STRUCT_056,0x10,uint,1
STRUCT_056,0x14,uint,1
STRUCT_056,0x18,uint,1
STRUCT_056,0x1c,uint,1
STRUCT_056,0x20,uint,1
STRUCT_056,0x24,uint,1
STRUCT_056,0x28,uint,1
STRUCT_056,0x2c,uint,1
STRUCT_056,0x30,uint,1
STRUCT_056,0x34,uint,1
STRUCT_056,0x38,uint,1
STRUCT_056,0x3c,uint,1
STRUCT_056,0x40,uint,1
STRUCT_056,0x44,uint,1
STRUCT_056,0x48,uint,1
STRUCT_056,0x4c,uint,1
STRUCT_056,0x50,uint,1
STRUCT_056,0x54,uint,1
STRUCT_057,0x10,uint,1
STRUCT_057,0x30,uint,1
STRUCT_057,0x34,uint,1
STRUCT_057,0x38,uint,1
STRUCT_057,0x3c,uint,1
STRUCT_057,0x40,uint,1
STRUCT_057,0x44,uint,1
STRUCT_057,0x48,float,1
STRUCT_057,0x4c,uint,1
STRUCT_057,0x58,uint,1
STRUCT_057,0x64,uint,1
STRUCT_057,0x9e,char,1
STRUCT_057,0xa2,byte,1
STRUCT_057,0xc8,uint,1
STRUCT_057,0xcc,uint,1
STRUCT_057,0xd0,uint,1
STRUCT_057,0xd4,uint,1
STRUCT_057,0xd8,float,1
STRUCT_057,0xdc,uint,1
STRUCT_057,0xe0,uint,1
STRUCT_057,0xe4,uint,1
STRUCT_057,0xe8,uint,1
STRUCT_058,0x4,byte,1
STRUCT_058,0x5,byte,1
STRUCT_058,0x6,char,1
STRUCT_058,0x7,char,1
STRUCT_058,0x8,uint,1
STRUCT_058,0x290,uint,1
STRUCT_058,0x294,uint,1
STRUCT_058,0x298,uint,1
STRUCT_058,0x29c,uint,1
STRUCT_058,0x2a0,uint,1
STRUCT_058,0x2a4,uint,1
STRUCT_058,0x2b5,byte,1
STRUCT_058,0x2c0,uint,1
STRUCT_058,0x2c8,uint,1
STRUCT_058,0x2d0,uint,1
STRUCT_058,0x2e0,byte,1
STRUCT_058,0x2e1,byte,1
STRUCT_058,0x2e2,byte,1
STRUCT_058,0x2e3,byte,1
STRUCT_058,0x2e4,byte,1
STRUCT_058,0x2e5,byte,1
STRUCT_058,0x2e6,byte,1
STRUCT_059,0x0,byte/uint/ushort,13
STRUCT_059,0x4,uint,13
STRUCT_059,0x8,uint/ushort,13
STRUCT_059,0xc,float/uint,13
STRUCT_059,0x10,float,13
STRUCT_059,0x14,uint,13
STRUCT_059,0x18,float,13
STRUCT_059,0x1c,float,13
STRUCT_059,0x20,byte,13
STRUCT_059,0x24,uint,13
STRUCT_059,0x28,float,13
STRUCT_059,0x2c,float/uint,13
STRUCT_059,0x30,uint,13
STRUCT_059,0x38,float,13
STRUCT_059,0x3c,uint,13
STRUCT_059,0x48,byte,13
STRUCT_059,0x4c,uint,13
STRUCT_059,0x50,float,13
STRUCT_059,0x54,float,13
STRUCT_059,0x5c,byte/uint/ushort,13
STRUCT_059,0x60,uint,13
STRUCT_060,0x48,float/uint,6
STRUCT_060,0x4c,uint,6
STRUCT_060,0xb5,byte,6
STRUCT_060,0xb6,byte,6
STRUCT_060,0xd4,byte/uint,6
STRUCT_060,0xd8,uint,6
STRUCT_060,0xe0,uint,6
STRUCT_060,0xec,uint,6
STRUCT_060,0xf0,uint,6
STRUCT_060,0xf4,uint,6
STRUCT_060,0xfa,ushort,6
STRUCT_060,0xfc,byte,6
STRUCT_060,0x138,uint,6
STRUCT_060,0x13c,uint,6
STRUCT_060,0x140,uint,6
STRUCT_060,0x154,uint,6
STRUCT_060,0x15c,uint,6
STRUCT_060,0x160,uint,6
STRUCT_060,0x164,uint,6
STRUCT_060,0x168,byte,6
STRUCT_060,0x169,byte,6
STRUCT_061,0x0,uint,1
STRUCT_061,0x4,uint,1
STRUCT_061,0x8,uint,1
STRUCT_061,0xc,byte,1
STRUCT_061,0xd,byte,1
STRUCT_061,0xe,byte,1
STRUCT_061,0xf,byte,1
STRUCT_061,0x10,byte,1
STRUCT_061,0x14,uint,1
STRUCT_061,0x18,uint,1
STRUCT_061,0x1c,uint,1
STRUCT_061,0x20,uint,1
STRUCT_061,0x24,uint,1
STRUCT_061,0x28,uint,1
STRUCT_061,0x2c,byte,1
STRUCT_061,0x2e,byte,1
STRUCT_061,0x30,uint,1
STRUCT_061,0x34,byte,1
STRUCT_061,0x35,byte,1
STRUCT_061,0x38,uint,1
STRUCT_061,0x3c,uint,1
STRUCT_062,0x0,uint,1
STRUCT_062,0x4,byte,1
STRUCT_062,0xc,uint,1
STRUCT_062,0x10,uint,1
STRUCT_062,0x14,uint,1
STRUCT_062,0x18,uint,1
STRUCT_062,0x1c,uint,1
STRUCT_062,0x20,uint,1
STRUCT_062,0x24,uint,1
STRUCT_062,0x28,uint,1
STRUCT_062,0x2c,uint,1
STRUCT_062,0x30,byte,1
STRUCT_062,0x34,uint,1
STRUCT_062,0x38,uint,1
STRUCT_062,0x3c,uint,1
STRUCT_062,0x44,uint,1
STRUCT_062,0x48,uint,1
STRUCT_062,0x4c,uint,1
STRUCT_062,0x50,byte,1
STRUCT_062,0x51,byte,1
STRUCT_062,0x52,byte,1
STRUCT_063,0x0,uint,16
STRUCT_063,0x4,short/uint,16
STRUCT_063,0x6,short,16
STRUCT_063,0x8,uint,16
STRUCT_063,0x10,uint,16
STRUCT_063,0x14,uint,16
STRUCT_063,0x18,uint,16
STRUCT_063,0x1c,uint,16
STRUCT_063,0x20,uint,16
STRUCT_063,0x24,uint,16
STRUCT_063,0x28,uint,16
STRUCT_063,0x2c,uint,16
STRUCT_063,0x34,uint,16
STRUCT_063,0x40,uint,16
STRUCT_063,0x5c,uint,16
STRUCT_063,0x60,uint,16
STRUCT_063,0x74,byte,16
STRUCT_063,0x75,byte,16
STRUCT_063,0x76,byte,16
STRUCT_063,0x77,byte,16
STRUCT_064,0x8,uint,7
STRUCT_064,0x12,byte,7
STRUCT_064,0x13,byte,7
STRUCT_064,0x14,uint,7
STRUCT_064,0x1c,uint,7
STRUCT_064,0x20,uint,7
STRUCT_064,0x24,uint,7
STRUCT_064,0x4c,uint,7
STRUCT_064,0x64,uint,7
STRUCT_064,0xa0,uint,7
STRUCT_064,0xa4,uint,7
STRUCT_064,0xc0,uint,7
STRUCT_064,0xe0,uint,7
STRUCT_064,0xe4,uint,7
STRUCT_064,0xe8,byte,7
STRUCT_064,0xe9,byte,7
STRUCT_064,0xea,byte,7
STRUCT_064,0xeb,byte,7
STRUCT_064,0xec,byte,7
STRUCT_064,0x12c,uint,7
STRUCT_065,0x8,uint,4
STRUCT_065,0x14,byte,4
STRUCT_065,0x15,byte,4
STRUCT_065,0x16,byte,4
STRUCT_065,0x17,byte,4
STRUCT_065,0x18,byte,4
STRUCT_065,0x20,ushort,4
STRUCT_065,0x22,byte,4
STRUCT_065,0x23,byte,4
STRUCT_065,0x24,float,4
STRUCT_065,0x28,float/uint,4
STRUCT_065,0x2c,byte,4
STRUCT_065,0x2d,byte,4
STRUCT_065,0x30,float/uint,4
STRUCT_065,0x34,float/uint,4
STRUCT_065,0x38,uint,4
STRUCT_065,0x3c,uint,4
STRUCT_065,0x44,float,4
STRUCT_065,0x48,float,4
STRUCT_065,0x4c,float,4
STRUCT_066,0x0,ushort,2
STRUCT_066,0x2,ushort,2
STRUCT_066,0x6,ushort,2
STRUCT_066,0x8,uint,2
STRUCT_066,0xc,uint,2
STRUCT_066,0x10,uint,2
STRUCT_066,0x14,uint,2
STRUCT_066,0x18,uint,2
STRUCT_066,0x1c,ushort,2
STRUCT_066,0x1e,ushort,2
STRUCT_066,0x20,ushort,2
STRUCT_066,0x22,ushort,2
STRUCT_066,0x24,ushort,2
STRUCT_066,0x26,ushort,2
STRUCT_066,0x28,ushort,2
STRUCT_066,0x2a,ushort,2
STRUCT_066,0x2c,ushort,2
STRUCT_066,0x2e,ushort,2
STRUCT_066,0x30,ushort,2
STRUCT_066,0x32,ushort,2
STRUCT_067,0x0,byte,1
STRUCT_067,0x2,byte,1
STRUCT_067,0x3,byte,1
STRUCT_067,0x4,uint,1
STRUCT_067,0x8,uint,1
STRUCT_067,0xc,uint,1
STRUCT_067,0x10,uint,1
STRUCT_067,0x14,uint,1
STRUCT_067,0x18,uint,1
STRUCT_067,0x1c,uint,1
STRUCT_067,0x20,uint,1
STRUCT_067,0x24,byte,1
STRUCT_067,0x25,byte,1
STRUCT_067,0x28,uint,1
STRUCT_067,0x2c,uint,1
STRUCT_067,0x30,uint,1
STRUCT_067,0x34,uint,1
STRUCT_067,0x38,uint,1
STRUCT_067,0x3c,uint,1
STRUCT_067,0x40,uint,1
STRUCT_068,0x0,uint,1
STRUCT_068,0x4,byte,1
STRUCT_068,0xc,uint,1
STRUCT_068,0x10,uint,1
STRUCT_068,0x14,uint,1
STRUCT_068,0x18,uint,1
STRUCT_068,0x1c,uint,1
STRUCT_068,0x20,uint,1
STRUCT_068,0x24,uint,1
STRUCT_068,0x28,uint,1
STRUCT_068,0x2c,uint,1
STRUCT_068,0x34,uint,1
STRUCT_068,0x38,uint,1
STRUCT_068,0x3c,uint,1
STRUCT_068,0x44,uint,1
STRUCT_068,0x48,uint,1
STRUCT_068,0x4c,uint,1
STRUCT_068,0x50,byte,1
STRUCT_068,0x51,byte,1
STRUCT_068,0x52,byte,1
STRUCT_069,0x0,uint,2
STRUCT_069,0x4,uint,2
STRUCT_069,0x8,uint,2
STRUCT_069,0xc,byte,2
STRUCT_069,0xd,byte,2
STRUCT_069,0xe,byte,2
STRUCT_069,0x10,uint,2
STRUCT_069,0x18,uint,2
STRUCT_069,0x1c,uint,2
STRUCT_069,0x28,uint,2
STRUCT_069,0x2c,uint,2
STRUCT_069,0x30,byte,2
STRUCT_069,0x31,byte,2
STRUCT_069,0x32,byte,2
STRUCT_069,0x33,byte,2
STRUCT_069,0x3c,uint,2
STRUCT_069,0x40,byte,2
STRUCT_069,0x48,uint,2
STRUCT_069,0x4c,uint,2
STRUCT_070,0x0,uint,2
STRUCT_070,0xc,uint,2
STRUCT_070,0x10,byte,2
STRUCT_070,0x14,uint,2
STRUCT_070,0x18,uint,2
STRUCT_070,0x1c,uint,2
STRUCT_070,0x20,uint,2
STRUCT_070,0x24,uint,2
STRUCT_070,0x3c,uint,2
STRUCT_070,0x40,byte,2
STRUCT_070,0x41,byte,2
STRUCT_070,0x42,byte,2
STRUCT_070,0x43,byte,2
STRUCT_070,0x44,byte,2
STRUCT_070,0x45,byte,2
STRUCT_070,0x46,byte,2
STRUCT_070,0x47,byte,2
STRUCT_070,0x48,byte,2
STRUCT_070,0x49,byte,2
STRUCT_071,0x0,uint,1
STRUCT_071,0x4,uint,1
STRUCT_071,0x8,uint,1
STRUCT_071,0xc,uint,1
STRUCT_071,0x10,uint,1
STRUCT_071,0x14,uint,1
STRUCT_071,0x20,uint,1
STRUCT_071,0x2c,uint,1
STRUCT_071,0x30,uint,1
STRUCT_071,0x34,uint,1
STRUCT_071,0x38,uint,1
STRUCT_071,0x3c,uint,1
STRUCT_071,0x40,uint,1
STRUCT_071,0x44,uint,1
STRUCT_071,0x48,uint,1
STRUCT_071,0x4c,uint,1
STRUCT_071,0x50,uint,1
STRUCT_071,0x54,uint,1
STRUCT_071,0x58,byte,1
STRUCT_072,0xa4,uint,1
STRUCT_072,0xa8,uint,1
STRUCT_072,0xac,uint,1
STRUCT_072,0xb0,uint,1
STRUCT_072,0xb4,uint,1
STRUCT_072,0xb8,uint,1
STRUCT_072,0xbc,uint,1
STRUCT_072,0xc0,uint,1
STRUCT_072,0xc4,uint,1
STRUCT_072,0xc8,uint,1
STRUCT_072,0xcc,uint,1
STRUCT_072,0xd0,uint,1
STRUCT_072,0xd4,uint,1
STRUCT_072,0xe8,uint,1
STRUCT_072,0xec,uint,1
STRUCT_072,0xf0,uint,1
STRUCT_072,0xf4,uint,1
STRUCT_072,0x10d,byte,1
STRUCT_072,0x10e,byte,1
STRUCT_073,0x10,uint,6
STRUCT_073,0x18,uint,6
STRUCT_073,0x1c,uint,6
STRUCT_073,0x20,ushort,6
STRUCT_073,0x22,ushort,6
STRUCT_073,0x120,uint,6
STRUCT_073,0x124,uint,6
STRUCT_073,0x128,uint,6
STRUCT_073,0x12c,uint,6
STRUCT_073,0x130,uint,6
STRUCT_073,0x13c,uint,6
STRUCT_073,0x144,uint,6
STRUCT_073,0x352,ushort,6
STRUCT_073,0x42c,byte,6
STRUCT_073,0x430,uint,6
STRUCT_073,0x434,uint,6
STRUCT_073,0x43c,uint,6
STRUCT_073,0x440,uint,6
STRUCT_074,0x10,uint,5
STRUCT_074,0x14,uint,5
STRUCT_074,0x18,uint,5
STRUCT_074,0x1c,uint,5
STRUCT_074,0x20,uint,5
STRUCT_074,0x24,uint,5
STRUCT_074,0x2c,uint,5
STRUCT_074,0x38,byte,5
STRUCT_074,0x39,byte,5
STRUCT_074,0x3c,byte,5
STRUCT_074,0x40,uint,5
STRUCT_074,0x44,uint,5
STRUCT_074,0x48,uint,5
STRUCT_074,0x4c,uint,5
STRUCT_074,0x50,uint,5
STRUCT_074,0x54,uint,5
STRUCT_074,0x58,byte,5
STRUCT_074,0x59,byte,5
STRUCT_075,0x10,uint,4
STRUCT_075,0x1c,uint,4
STRUCT_075,0x24,byte,4
STRUCT_075,0x38,uint,4
STRUCT_075,0x3c,uint,4
STRUCT_075,0x50,uint,4
STRUCT_075,0x54,uint,4
STRUCT_075,0x60,uint,4
STRUCT_075,0x6c,uint,4
STRUCT_075,0x78,uint,4
STRUCT_075,0x7c,byte,4
STRUCT_075,0xa8,byte,4
STRUCT_075,0xa9,byte,4
STRUCT_075,0xaa,byte,4
STRUCT_075,0xab,byte,4
STRUCT_075,0xac,byte,4
STRUCT_075,0xb0,uint,4
STRUCT_075,0xb4,byte,4
STRUCT_076,0x24,byte,3
STRUCT_076,0x28,uint,3
STRUCT_076,0x30,uint,3
STRUCT_076,0x34,uint,3
STRUCT_076,0x38,uint,3
STRUCT_076,0x3c,uint,3
STRUCT_076,0x40,uint,3
STRUCT_076,0x44,uint,3
STRUCT_076,0x48,uint,3
STRUCT_076,0x4c,uint,3
STRUCT_076,0x50,uint,3
STRUCT_076,0x54,uint,3
STRUCT_076,0x58,uint,3
STRUCT_076,0x5c,uint,3
STRUCT_076,0x60,uint,3
STRUCT_076,0x64,uint,3
STRUCT_076,0x68,uint,3
STRUCT_076,0x6c,uint,3
STRUCT_077,0x4,uint,2
STRUCT_077,0x8,uint,2
STRUCT_077,0xc,uint,2
STRUCT_077,0x10,uint,2
STRUCT_077,0x14,uint,2
STRUCT_077,0x18,float/uint,2
STRUCT_077,0x1c,float/uint,2
STRUCT_077,0x20,float/uint,2
STRUCT_077,0x28,float/uint,2
STRUCT_077,0x2c,float/uint,2
STRUCT_077,0x30,float/uint,2
STRUCT_077,0x38,float/uint,2
STRUCT_077,0x3c,float/uint,2
STRUCT_077,0x40,float/uint,2
STRUCT_077,0x48,float/uint,2
STRUCT_077,0x4c,float/uint,2
STRUCT_077,0x50,float/uint,2
STRUCT_077,0x54,uint,2
STRUCT_078,0x0,uint,1
STRUCT_078,0x4,uint,1
STRUCT_078,0x8,uint,1
STRUCT_078,0xc,uint,1
STRUCT_078,0x10,uint,1
STRUCT_078,0x14,uint,1
STRUCT_078,0x18,uint,1
STRUCT_078,0x1c,uint,1
STRUCT_078,0x20,uint,1
STRUCT_078,0x24,uint,1
STRUCT_078,0x28,uint,1
STRUCT_078,0x2c,byte,1
STRUCT_078,0x30,uint,1
STRUCT_078,0x34,uint,1
STRUCT_078,0x38,ushort,1
STRUCT_078,0x3a,ushort,1
STRUCT_078,0x3c,uint,1
STRUCT_078,0x40,uint,1
STRUCT_079,0x0,byte,1
STRUCT_079,0x1,byte,1
STRUCT_079,0x3,byte,1
STRUCT_079,0x4,uint,1
STRUCT_079,0x8,uint,1
STRUCT_079,0xc,uint,1
STRUCT_079,0x10,uint,1
STRUCT_079,0x14,uint,1
STRUCT_079,0x18,uint,1
STRUCT_079,0x1c,uint,1
STRUCT_079,0x20,uint,1
STRUCT_079,0x24,byte,1
STRUCT_079,0x25,byte,1
STRUCT_079,0x28,ushort,1
STRUCT_079,0x2a,ushort,1
STRUCT_079,0x30,byte/char,1
STRUCT_079,0x31,byte/char,1
STRUCT_079,0x32,ushort,1
STRUCT_080,0x27,byte,1
STRUCT_080,0x79,char,1
STRUCT_080,0x7b,byte,1
STRUCT_080,0x81,byte,1
STRUCT_080,0x83,byte,1
STRUCT_080,0x88,float,1
STRUCT_080,0xf0,byte,1
STRUCT_080,0xf2,char,1
STRUCT_080,0xf5,byte,1
STRUCT_080,0xf6,byte,1
STRUCT_080,0xf7,byte,1
STRUCT_080,0xf8,byte,1
STRUCT_080,0xf9,byte,1
STRUCT_080,0xfa,byte,1
STRUCT_080,0xfb,byte,1
STRUCT_080,0xfc,short,1
STRUCT_080,0x12c,uint,1
STRUCT_080,0x130,uint,1
STRUCT_081,0x0,byte,1
STRUCT_081,0x1,byte,1
STRUCT_081,0x2,byte,1
STRUCT_081,0x3,byte,1
STRUCT_081,0x4,uint,1
STRUCT_081,0x8,uint,1
STRUCT_081,0xc,uint,1
STRUCT_081,0x10,uint,1
STRUCT_081,0x14,uint,1
STRUCT_081,0x18,uint,1
STRUCT_081,0x1c,uint,1
STRUCT_081,0x20,uint,1
STRUCT_081,0x24,uint,1
STRUCT_081,0x28,uint,1
STRUCT_081,0x2c,uint,1
STRUCT_081,0x38,ushort,1
STRUCT_081,0x44,uint,1
STRUCT_081,0x48,uint,1
STRUCT_082,0x20,uint,9
STRUCT_082,0x24,uint,9
STRUCT_082,0x28,byte,9
STRUCT_082,0x29,byte,9
STRUCT_082,0x2b,byte,9
STRUCT_082,0x30,uint,9
STRUCT_082,0x34,uint,9
STRUCT_082,0x38,uint,9
STRUCT_082,0x48,uint,9
STRUCT_082,0x4c,uint,9
STRUCT_082,0x50,uint,9
STRUCT_082,0x58,byte,9
STRUCT_082,0x59,byte,9
STRUCT_082,0xd0,uint,9
STRUCT_082,0xd4,uint,9
STRUCT_082,0xd8,uint,9
STRUCT_082,0x11c,uint,9
STRUCT_083,0x8,uint,4
STRUCT_083,0xc,uint,4
STRUCT_083,0x10,uint,4
STRUCT_083,0x18,uint,4
STRUCT_083,0x24,uint,4
STRUCT_083,0x28,uint,4
STRUCT_083,0x99,byte,4
STRUCT_083,0x9b,byte,4
STRUCT_083,0x9c,byte,4
STRUCT_083,0x9f,byte,4
STRUCT_083,0xa0,byte,4
STRUCT_083,0xb0,uint,4
STRUCT_083,0xf4,uint,4
STRUCT_083,0x11c,uint,4
STRUCT_083,0x120,byte,4
STRUCT_083,0x121,byte,4
STRUCT_083,0x328e,byte,4
STRUCT_084,0x0,uint,1
STRUCT_084,0x34,uint,1
STRUCT_084,0x38,uint,1
STRUCT_084,0x140,uint,1
STRUCT_084,0x144,uint,1
STRUCT_084,0x15c,uint,1
STRUCT_084,0x168,uint,1
STRUCT_084,0x16c,uint,1
STRUCT_084,0x17c,uint,1
STRUCT_084,0x184,byte,1
STRUCT_084,0x185,byte,1
STRUCT_084,0x1a0,uint,1
STRUCT_084,0x1d0,uint,1
STRUCT_084,0x1d4,uint,1
STRUCT_084,0x26c,uint,1
STRUCT_084,0x290,uint,1
STRUCT_084,0x294,uint,1
STRUCT_085,0x9c,uint,1
STRUCT_085,0xa0,uint,1
STRUCT_085,0xa4,uint,1
STRUCT_085,0xa8,uint,1
STRUCT_085,0xac,uint,1
STRUCT_085,0xb0,uint,1
STRUCT_085,0xb4,uint,1
STRUCT_085,0xb8,uint,1
STRUCT_085,0xbc,uint,1
STRUCT_085,0xc0,uint,1
STRUCT_085,0xc4,uint,1
STRUCT_085,0xc8,uint,1
STRUCT_085,0xcc,uint,1
STRUCT_085,0xe0,uint,1
STRUCT_085,0xe4,uint,1
STRUCT_085,0xe8,uint,1
STRUCT_085,0xec,uint,1
STRUCT_086,0x0,float,1
STRUCT_086,0x4,uint,1
STRUCT_086,0x8,float,1
STRUCT_086,0xc,float,1
STRUCT_086,0x10,float,1
STRUCT_086,0x14,float,1
STRUCT_086,0x18,float,1
STRUCT_086,0x1c,float,1
STRUCT_086,0x20,float,1
STRUCT_086,0x24,float,1
STRUCT_086,0x28,float,1
STRUCT_086,0x2c,float,1
STRUCT_086,0x30,float,1
STRUCT_086,0x34,float,1
STRUCT_086,0x38,float,1
STRUCT_086,0x3c,float,1
STRUCT_086,0x40,float,1
STRUCT_087,0x0,uint,1
STRUCT_087,0x4,uint,1
STRUCT_087,0x8,float,1
STRUCT_087,0xc,float,1
STRUCT_087,0x10,float,1
STRUCT_087,0x14,uint,1
STRUCT_087,0x18,float,1
STRUCT_087,0x1c,float,1
STRUCT_087,0x20,float,1
STRUCT_087,0x24,uint,1
STRUCT_087,0x28,float,1
STRUCT_087,0x2c,float,1
STRUCT_087,0x30,float,1
STRUCT_087,0x34,uint,1
STRUCT_087,0x38,float,1
STRUCT_087,0x3c,float,1
STRUCT_087,0x40,float,1
STRUCT_088,0x0,uint,1
STRUCT_088,0x4,uint,1
STRUCT_088,0x8,uint,1
STRUCT_088,0xc,float,1
STRUCT_088,0x10,float,1
STRUCT_088,0x14,uint,1
STRUCT_088,0x18,uint,1
STRUCT_088,0x1c,float,1
STRUCT_088,0x20,float,1
STRUCT_088,0x24,uint,1
STRUCT_088,0x28,uint,1
STRUCT_088,0x2c,float,1
STRUCT_088,0x30,float,1
STRUCT_088,0x34,uint,1
STRUCT_088,0x38,uint,1
STRUCT_088,0x3c,float,1
STRUCT_088,0x40,float,1
STRUCT_089,0x0,uint,1
STRUCT_089,0x4,uint,1
STRUCT_089,0x148,uint,1
STRUCT_089,0x150,uint,1
STRUCT_089,0x158,uint,1
STRUCT_089,0x15c,uint,1
STRUCT_089,0x164,uint,1
STRUCT_089,0x168,uint,1
STRUCT_089,0x170,uint,1
STRUCT_089,0x174,uint,1
STRUCT_089,0x17c,uint,1
STRUCT_089,0x180,uint,1
STRUCT_089,0x184,uint,1
STRUCT_089,0x1f7,byte,1
STRUCT_089,0x208,uint,1
STRUCT_089,0x20c,uint,1
STRUCT_089,0x210,uint,1
STRUCT_090,0x2d8,uint,10
STRUCT_090,0x2e8,uint,10
STRUCT_090,0x2ec,uint,10
STRUCT_090,0x2f4,byte,10
STRUCT_090,0x508,uint,10
STRUCT_090,0x50c,uint,10
STRUCT_090,0x7ec,uint,10
STRUCT_090,0x80c,byte,10
STRUCT_090,0x80d,byte,10
STRUCT_090,0x80e,byte,10
STRUCT_090,0x810,uint,10
STRUCT_090,0x814,uint,10
STRUCT_090,0x818,uint,10
STRUCT_090,0x81c,uint,10
STRUCT_090,0x820,uint,10
STRUCT_090,0x824,uint,10
STRUCT_091,0x4,byte,8
STRUCT_091,0x2c0,uint,8
STRUCT_091,0x2c4,uint,8
STRUCT_091,0x2c8,uint,8
STRUCT_091,0x2cc,uint,8
STRUCT_091,0x308,uint,8
STRUCT_091,0x30c,uint,8
STRUCT_091,0x310,uint,8
STRUCT_091,0x314,uint,8
STRUCT_091,0x318,uint,8
STRUCT_091,0x31c,uint,8
STRUCT_091,0x608,uint,8
STRUCT_091,0x60c,uint,8
STRUCT_091,0x610,uint,8
STRUCT_091,0x614,uint,8
STRUCT_091,0x618,uint,8
STRUCT_092,0x0,float/uint,4
STRUCT_092,0x4,float/uint,4
STRUCT_092,0x8,float/uint,4
STRUCT_092,0xc,float/uint,4
STRUCT_092,0x10,float/uint,4
STRUCT_092,0x14,float/uint,4
STRUCT_092,0x18,uint,4
STRUCT_092,0x1c,uint,4
STRUCT_092,0x20,uint,4
STRUCT_092,0x24,uint,4
STRUCT_092,0x28,uint,4
STRUCT_092,0x2c,uint,4
STRUCT_092,0x30,uint,4
STRUCT_092,0x34,uint,4
STRUCT_092,0x38,uint,4
STRUCT_092,0x3c,byte/uint,4
STRUCT_093,0x4,uint,3
STRUCT_093,0x8,uint,3
STRUCT_093,0x38,uint,3
STRUCT_093,0x3c,uint,3
STRUCT_093,0x40,uint,3
STRUCT_093,0x44,uint,3
STRUCT_093,0x48,uint,3
STRUCT_093,0x4c,uint,3
STRUCT_093,0x54,uint,3
STRUCT_093,0x58,byte,3
STRUCT_093,0x59,byte,3
STRUCT_093,0x5c,uint,3
STRUCT_093,0x64,uint,3
STRUCT_093,0x68,uint,3
STRUCT_093,0x6c,uint,3
STRUCT_093,0x70,uint,3
STRUCT_094,0x24,byte,2
STRUCT_094,0x26,byte,2
STRUCT_094,0x27,byte,2
STRUCT_094,0x90,uint,2
STRUCT_094,0x94,uint,2
STRUCT_094,0x280,uint,2
STRUCT_094,0x284,uint,2
STRUCT_094,0x2c4,uint,2
STRUCT_094,0x450,uint,2
STRUCT_094,0x454,uint,2
STRUCT_094,0x664,uint,2
STRUCT_094,0x668,uint,2
STRUCT_094,0x670,uint,2
STRUCT_094,0x674,uint,2
STRUCT_094,0x680,uint,2
STRUCT_094,0x690,byte,2
STRUCT_095,0x0,float/uint,2
STRUCT_095,0x4,float/uint,2
STRUCT_095,0x8,float/uint,2
STRUCT_095,0xc,float/uint,2
STRUCT_095,0x10,float/uint,2
STRUCT_095,0x14,float/uint,2
STRUCT_095,0x18,float/uint,2
STRUCT_095,0x1c,float/uint,2
STRUCT_095,0x20,float/uint,2
STRUCT_095,0x24,float,2
STRUCT_095,0x28,float,2
STRUCT_095,0x2c,float/uint,2
STRUCT_095,0x30,float/uint,2
STRUCT_095,0x34,float/uint,2
STRUCT_095,0x38,float,2
STRUCT_095,0x3c,float,2
STRUCT_096,0x2e,char,2
STRUCT_096,0x5c,byte,2
STRUCT_096,0x5d,byte,2
STRUCT_096,0x5e,byte,2
STRUCT_096,0x5f,char,2
STRUCT_096,0x64,uint,2
STRUCT_096,0x68,uint,2
STRUCT_096,0x6c,uint,2
STRUCT_096,0x70,byte,2
STRUCT_096,0x74,uint,2
STRUCT_096,0x8c,byte,2
STRUCT_096,0x8d,byte,2
STRUCT_096,0x8e,byte,2
STRUCT_096,0x8f,byte,2
STRUCT_096,0x90,byte,2
STRUCT_096,0x9c,uint,2
STRUCT_097,0x8,uint,2
STRUCT_097,0xc,uint,2
STRUCT_097,0x10,uint,2
STRUCT_097,0x14,uint,2
STRUCT_097,0x18,uint,2
STRUCT_097,0x1c,uint,2
STRUCT_097,0x24,float/uint,2
STRUCT_097,0x28,float,2
STRUCT_097,0x2c,uint,2
STRUCT_097,0x30,float,2
STRUCT_097,0x34,uint,2
STRUCT_097,0x38,float,2
STRUCT_097,0x3c,uint,2
STRUCT_097,0x40,uint,2
STRUCT_097,0x44,uint,2
STRUCT_097,0x48,byte,2
STRUCT_098,0x0,uint,1
STRUCT_098,0x4,uint,1
STRUCT_098,0x8,uint,1
STRUCT_098,0xc,uint,1
STRUCT_098,0x10,uint,1
STRUCT_098,0x14,uint,1
STRUCT_098,0x18,uint,1
STRUCT_098,0x1c,uint,1
STRUCT_098,0x20,uint,1
STRUCT_098,0x24,uint,1
STRUCT_098,0x28,uint,1
STRUCT_098,0x2c,uint,1
STRUCT_098,0x30,uint,1
STRUCT_098,0x34,uint,1
STRUCT_098,0x38,uint,1
STRUCT_098,0x3c,uint,1
STRUCT_099,0x0,uint,1
STRUCT_099,0x38,uint,1
STRUCT_099,0x168,uint,1
STRUCT_099,0x16c,uint,1
STRUCT_099,0x182,byte,1
STRUCT_099,0x184,byte,1
STRUCT_099,0x186,byte,1
STRUCT_099,0x188,uint,1
STRUCT_099,0x18c,uint,1
STRUCT_099,0x190,uint,1
STRUCT_099,0x194,uint,1
STRUCT_099,0x198,uint,1
STRUCT_099,0x1cc,uint,1
STRUCT_099,0x26c,uint,1
STRUCT_099,0x290,uint,1
STRUCT_099,0x298,uint,1
STRUCT_100,0x0,uint,1
STRUCT_100,0x4,ushort,1
STRUCT_100,0x38,uint,1
STRUCT_100,0x3c,uint,1
STRUCT_100,0x40,uint,1
STRUCT_100,0x44,uint,1
STRUCT_100,0x48,uint,1
STRUCT_100,0x4c,uint,1
STRUCT_100,0x50,uint,1
STRUCT_100,0x54,uint,1
STRUCT_100,0x58,uint,1
STRUCT_100,0x5c,uint,1
STRUCT_100,0x60,uint,1
STRUCT_100,0x64,uint,1
STRUCT_100,0x6c,ushort,1
STRUCT_100,0x70,uint,1
STRUCT_101,0x0,byte,1
STRUCT_101,0x4,uint,1
STRUCT_101,0x8,uint,1
STRUCT_101,0xc,uint,1
STRUCT_101,0x10,uint,1
STRUCT_101,0x14,uint,1
STRUCT_101,0x18,uint,1
STRUCT_101,0x1c,uint,1
STRUCT_101,0x20,uint,1
STRUCT_101,0x24,uint,1
STRUCT_101,0x28,uint,1
STRUCT_101,0x2c,uint,1
STRUCT_101,0x30,uint,1
STRUCT_101,0x34,uint,1
STRUCT_101,0x38,uint,1
STRUCT_101,0x3c,uint,1
STRUCT_102,0x0,uint,1
STRUCT_102,0x4,float,1
STRUCT_102,0x8,float,1
STRUCT_102,0xc,float,1
STRUCT_102,0x10,float,1
STRUCT_102,0x14,float,1
STRUCT_102,0x18,float,1
STRUCT_102,0x1c,float,1
STRUCT_102,0x20,float,1
STRUCT_102,0x24,float,1
STRUCT_102,0x28,float,1
STRUCT_102,0x2c,float,1
STRUCT_102,0x30,float,1
STRUCT_102,0x34,float,1
STRUCT_102,0x38,float,1
STRUCT_102,0x3c,float,1
STRUCT_103,0x0,uint,1
STRUCT_103,0x4,float,1
STRUCT_103,0x8,float,1
STRUCT_103,0xc,float,1
STRUCT_103,0x10,float,1
STRUCT_103,0x14,float,1
STRUCT_103,0x18,float,1
STRUCT_103,0x1c,float,1
STRUCT_103,0x20,float,1
STRUCT_103,0x24,float,1
STRUCT_103,0x28,float,1
STRUCT_103,0x2c,float,1
STRUCT_103,0x30,float,1
STRUCT_103,0x34,float,1
STRUCT_103,0x38,float,1
STRUCT_103,0x3c,float,1
STRUCT_104,0x0,float,1
STRUCT_104,0x4,float,1
STRUCT_104,0x8,float,1
STRUCT_104,0xc,uint,1
STRUCT_104,0x10,float,1
STRUCT_104,0x14,float,1
STRUCT_104,0x18,float,1
STRUCT_104,0x1c,float,1
STRUCT_104,0x20,float,1
STRUCT_104,0x24,float,1
STRUCT_104,0x28,float,1
STRUCT_104,0x2c,float,1
STRUCT_104,0x30,float,1
STRUCT_104,0x34,float,1
STRUCT_104,0x38,float,1
STRUCT_104,0x3c,float,1
STRUCT_105,0x0,float,1
STRUCT_105,0x4,float,1
STRUCT_105,0x8,float,1
STRUCT_105,0xc,float,1
STRUCT_105,0x10,float,1
STRUCT_105,0x14,float,1
STRUCT_105,0x18,float,1
STRUCT_105,0x1c,float,1
STRUCT_105,0x20,float,1
STRUCT_105,0x24,float,1
STRUCT_105,0x28,float,1
STRUCT_105,0x2c,float,1
STRUCT_105,0x30,float,1
STRUCT_105,0x34,float,1
STRUCT_105,0x38,float,1
STRUCT_105,0x3c,float,1
STRUCT_106,0x0,uint,1
STRUCT_106,0x4,float,1
STRUCT_106,0x8,float,1
STRUCT_106,0xc,float,1
STRUCT_106,0x10,uint,1
STRUCT_106,0x14,float,1
STRUCT_106,0x18,float,1
STRUCT_106,0x1c,float,1
STRUCT_106,0x20,uint,1
STRUCT_106,0x24,float,1
STRUCT_106,0x28,float,1
STRUCT_106,0x2c,float,1
STRUCT_106,0x30,uint,1
STRUCT_106,0x34,float,1
STRUCT_106,0x38,float,1
STRUCT_106,0x3c,float,1
STRUCT_107,0x0,uint,1
STRUCT_107,0x4,uint,1
STRUCT_107,0x8,float,1
STRUCT_107,0xc,float,1
STRUCT_107,0x10,uint,1
STRUCT_107,0x14,uint,1
STRUCT_107,0x18,float,1
STRUCT_107,0x1c,float,1
STRUCT_107,0x20,uint,1
STRUCT_107,0x24,uint,1
STRUCT_107,0x28,float,1
STRUCT_107,0x2c,float,1
STRUCT_107,0x30,uint,1
STRUCT_107,0x34,uint,1
STRUCT_107,0x38,float,1
STRUCT_107,0x3c,float,1
STRUCT_108,0x0,uint,1
STRUCT_108,0x4,uint,1
STRUCT_108,0x8,uint,1
STRUCT_108,0xc,float,1
STRUCT_108,0x10,uint,1
STRUCT_108,0x14,uint,1
STRUCT_108,0x18,uint,1
STRUCT_108,0x1c,float,1
STRUCT_108,0x20,uint,1
STRUCT_108,0x24,uint,1
STRUCT_108,0x28,uint,1
STRUCT_108,0x2c,float,1
STRUCT_108,0x30,uint,1
STRUCT_108,0x34,uint,1
STRUCT_108,0x38,uint,1
STRUCT_108,0x3c,float,1
STRUCT_109,0x0,uint,1
STRUCT_109,0x4,uint,1
STRUCT_109,0x8,uint,1
STRUCT_109,0xc,uint,1
STRUCT_109,0x10,uint,1
STRUCT_109,0x14,uint,1
STRUCT_109,0x18,uint,1
STRUCT_109,0x1c,uint,1
STRUCT_109,0x20,uint,1
STRUCT_109,0x24,uint,1
STRUCT_109,0x28,uint,1
STRUCT_109,0x2c,uint,1
STRUCT_109,0x30,uint,1
STRUCT_109,0x34,uint,1
STRUCT_109,0x38,uint,1
STRUCT_109,0x3c,uint,1
STRUCT_110,0x0,float/uint,1
STRUCT_110,0x4,float/uint,1
STRUCT_110,0x8,uint,1
STRUCT_110,0xc,float/uint,1
STRUCT_110,0x10,uint,1
STRUCT_110,0x14,float/uint,1
STRUCT_110,0x18,uint,1
STRUCT_110,0x1c,float/uint,1
STRUCT_110,0x20,uint,1
STRUCT_110,0x24,uint,1
STRUCT_110,0x28,float,1
STRUCT_110,0x2c,uint,1
STRUCT_110,0x30,uint,1
STRUCT_110,0x34,uint,1
STRUCT_110,0x38,uint,1
STRUCT_110,0x3c,uint,1
STRUCT_111,0x0,float/uint,1
STRUCT_111,0x4,float/uint,1
STRUCT_111,0x8,float/uint,1
STRUCT_111,0xc,uint,1
STRUCT_111,0x10,uint,1
STRUCT_111,0x14,float/uint,1
STRUCT_111,0x18,float/uint,1
STRUCT_111,0x1c,uint,1
STRUCT_111,0x20,uint,1
STRUCT_111,0x24,uint,1
STRUCT_111,0x28,uint,1
STRUCT_111,0x2c,uint,1
STRUCT_111,0x30,uint,1
STRUCT_111,0x34,uint,1
STRUCT_111,0x38,uint,1
STRUCT_111,0x3c,uint,1
STRUCT_112,0x0,float/uint,1
STRUCT_112,0x4,uint,1
STRUCT_112,0x8,uint,1
STRUCT_112,0xc,uint,1
STRUCT_112,0x10,uint,1
STRUCT_112,0x14,float/uint,1
STRUCT_112,0x18,uint,1
STRUCT_112,0x1c,uint,1
STRUCT_112,0x20,uint,1
STRUCT_112,0x24,uint,1
STRUCT_112,0x28,uint,1
STRUCT_112,0x2c,uint,1
STRUCT_112,0x30,uint,1
STRUCT_112,0x34,uint,1
STRUCT_112,0x38,uint,1
STRUCT_112,0x3c,uint,1
STRUCT_113,0x4,uint,1
STRUCT_113,0x18,uint,1
STRUCT_113,0x1c,uint,1
STRUCT_113,0x20,uint,1
STRUCT_113,0x24,uint,1
STRUCT_113,0x4c,uint,1
STRUCT_113,0x50,uint,1
STRUCT_113,0x6c,uint,1
STRUCT_113,0x70,uint,1
STRUCT_113,0x98,uint,1
STRUCT_113,0x9c,uint,1
STRUCT_113,0xb8,uint,1
STRUCT_113,0xbc,uint,1
STRUCT_113,0xf0,uint,1
STRUCT_113,0x104,uint,1
STRUCT_113,0x108,uint,1
STRUCT_114,0x4,byte,1
STRUCT_114,0x8,uint,1
STRUCT_114,0x4a,ushort,1
STRUCT_114,0x4c,byte,1
STRUCT_114,0x4d,uint,1
STRUCT_114,0x51,uint,1
STRUCT_114,0x55,uint,1
STRUCT_114,0x59,byte,1
STRUCT_114,0x65,uint,1
STRUCT_114,0x69,uint,1
STRUCT_114,0x6d,uint,1
STRUCT_114,0x71,uint,1
STRUCT_114,0x75,uint,1
STRUCT_114,0x79,uint,1
STRUCT_114,0x7d,byte,1
STRUCT_114,0x7e,byte,1
STRUCT_115,0x48,uint,5
STRUCT_115,0xb5,byte,5
STRUCT_115,0xd4,uint,5
STRUCT_115,0xd8,uint,5
STRUCT_115,0xdc,uint,5
STRUCT_115,0xe0,uint,5
STRUCT_115,0xec,uint,5
STRUCT_115,0xf0,uint,5
STRUCT_115,0xf4,uint,5
STRUCT_115,0xfa,ushort,5
STRUCT_115,0xfc,byte,5
STRUCT_115,0xfd,byte,5
STRUCT_115,0xfe,byte,5
STRUCT_115,0x100,uint,5
STRUCT_115,0x104,uint,5
STRUCT_116,0x0,uint,4
STRUCT_116,0x4,uint,4
STRUCT_116,0xc,byte,4
STRUCT_116,0xd,byte,4
STRUCT_116,0xe,byte,4
STRUCT_116,0xf,byte,4
STRUCT_116,0x10,uint,4
STRUCT_116,0x14,byte,4
STRUCT_116,0x18,uint,4
STRUCT_116,0x1c,byte,4
STRUCT_116,0x20,uint,4
STRUCT_116,0x24,uint,4
STRUCT_116,0x28,uint,4
STRUCT_116,0x30,byte,4
STRUCT_116,0x3c,uint,4
STRUCT_117,0x8,uint,3
STRUCT_117,0x10,ushort,3
STRUCT_117,0x12,byte,3
STRUCT_117,0x13,byte,3
STRUCT_117,0x14,byte,3
STRUCT_117,0x15,byte,3
STRUCT_117,0x16,byte,3
STRUCT_117,0x17,byte,3
STRUCT_117,0x18,byte,3
STRUCT_117,0x19,byte,3
STRUCT_117,0x1a,byte,3
STRUCT_117,0x1c,uint,3
STRUCT_117,0x20,uint,3
STRUCT_117,0x24,uint,3
STRUCT_117,0x28,byte,3
STRUCT_118,0x8,uint,3
STRUCT_118,0xc,uint,3
STRUCT_118,0x10,uint,3
STRUCT_118,0x14,uint,3
STRUCT_118,0x18,uint,3
STRUCT_118,0x1c,uint,3
STRUCT_118,0x20,byte,3
STRUCT_118,0x24,uint,3
STRUCT_118,0x28,uint,3
STRUCT_118,0x3c,uint,3
STRUCT_118,0x4c,uint,3
STRUCT_118,0x50,uint,3
STRUCT_118,0x54,uint,3
STRUCT_118,0x5c,uint,3
STRUCT_118,0x60,uint,3
STRUCT_119,0x8,uint,3
STRUCT_119,0x10,uint,3
STRUCT_119,0x14,uint,3
STRUCT_119,0x18,uint,3
STRUCT_119,0x1c,uint,3
STRUCT_119,0x20,uint,3
STRUCT_119,0x24,uint,3
STRUCT_119,0x28,uint,3
STRUCT_119,0x2c,uint,3
STRUCT_119,0x54,uint,3
STRUCT_119,0x5b,byte,3
STRUCT_119,0x5c,byte,3
STRUCT_119,0x5d,byte,3
STRUCT_119,0x64,uint,3
STRUCT_119,0x68,uint,3
STRUCT_120,0x0,uint,1
STRUCT_120,0x4,uint,1
STRUCT_120,0x8,uint,1
STRUCT_120,0x14,uint,1
STRUCT_120,0x1c,ushort,1
STRUCT_120,0x1e,ushort,1
STRUCT_120,0x20,ushort,1
STRUCT_120,0x22,ushort,1
STRUCT_120,0x38,uint,1
STRUCT_120,0x44,byte,1
STRUCT_120,0x48,byte,1
STRUCT_120,0x4b,byte,1
STRUCT_120,0x4c,byte,1
STRUCT_120,0x58,uint,1
STRUCT_120,0x64,uint,1
STRUCT_121,0x0,uint,1
STRUCT_121,0x4,uint,1
STRUCT_121,0x8,uint,1
STRUCT_121,0xc,uint,1
STRUCT_121,0x10,uint,1
STRUCT_121,0x14,uint,1
STRUCT_121,0x18,uint,1
STRUCT_121,0x1c,uint,1
STRUCT_121,0x24,uint,1
STRUCT_121,0x28,uint,1
STRUCT_121,0x2c,uint,1
STRUCT_121,0x31,byte,1
STRUCT_121,0x34,uint,1
STRUCT_121,0x38,uint,1
STRUCT_121,0x3c,uint,1
STRUCT_122,0x0,uint,1
STRUCT_122,0x4,uint,1
STRUCT_122,0xc,uint,1
STRUCT_122,0x24,uint,1
STRUCT_122,0x60,uint,1
STRUCT_122,0x64,uint,1
STRUCT_122,0x78,uint,1
STRUCT_122,0x9c,uint,1
STRUCT_122,0xa0,uint,1
STRUCT_122,0xa4,uint,1
STRUCT_122,0xa8,byte,1
STRUCT_122,0xa9,byte,1
STRUCT_122,0xaa,byte,1
STRUCT_122,0xab,byte,1
STRUCT_122,0xac,byte,1
STRUCT_123,0x0,uint,1
STRUCT_123,0x4,float,1
STRUCT_123,0x8,float,1
STRUCT_123,0xc,float,1
STRUCT_123,0x10,float,1
STRUCT_123,0x14,float,1
STRUCT_123,0x18,float,1
STRUCT_123,0x1c,float,1
STRUCT_123,0x30,float,1
STRUCT_123,0x34,uint,1
STRUCT_123,0x38,uint,1
STRUCT_123,0x3c,uint,1
STRUCT_123,0x40,uint,1
STRUCT_123,0x44,uint,1
STRUCT_123,0x60,byte,1
STRUCT_124,0x4,uint,1
STRUCT_124,0x8,ushort,1
STRUCT_124,0xc,uint,1
STRUCT_124,0x10,ushort,1
STRUCT_124,0x14,uint,1
STRUCT_124,0x2c,uint,1
STRUCT_124,0x30,uint,1
STRUCT_124,0xb8,uint,1
STRUCT_124,0xbc,ushort,1
STRUCT_124,0xc0,uint,1
STRUCT_124,0xc4,ushort,1
STRUCT_124,0xc8,uint,1
STRUCT_124,0xe0,uint,1
STRUCT_124,0xe4,uint,1
STRUCT_124,0x18d,byte,1
STRUCT_125,0x5,byte,1
STRUCT_125,0x20,uint,1
STRUCT_125,0x7c,uint,1
STRUCT_125,0x80,byte,1
STRUCT_125,0x8e,short,1
STRUCT_125,0x90,short/ushort,1
STRUCT_125,0x94,short,1
STRUCT_125,0x96,short/ushort,1
STRUCT_125,0x9a,short,1
STRUCT_125,0x9c,short/ushort,1
STRUCT_125,0xa0,short,1
STRUCT_125,0xa2,short/ushort,1
STRUCT_125,0xa6,short,1
STRUCT_125,0xa8,short/ushort,1
STRUCT_125,0x130,uint,1
STRUCT_126,0x4,uint,1
STRUCT_126,0x8,uint,1
STRUCT_126,0x18,byte,1
STRUCT_126,0x1a,ushort,1
STRUCT_126,0x1c,ushort,1
STRUCT_126,0x1e,ushort,1
STRUCT_126,0x20,ushort,1
STRUCT_126,0x22,byte,1
STRUCT_126,0x23,byte,1
STRUCT_126,0x24,byte,1
STRUCT_126,0x25,byte,1
STRUCT_126,0x26,ushort,1
STRUCT_126,0x28,ushort,1
STRUCT_126,0x2a,ushort,1
STRUCT_126,0x2c,ushort,1
STRUCT_127,0x4,uint,1
STRUCT_127,0x8,uint,1
STRUCT_127,0x18,byte,1
STRUCT_127,0x1a,ushort,1
STRUCT_127,0x1c,ushort,1
STRUCT_127,0x1e,ushort,1
STRUCT_127,0x20,ushort,1
STRUCT_127,0x22,byte,1
STRUCT_127,0x23,byte,1
STRUCT_127,0x24,byte,1
STRUCT_127,0x25,byte,1
STRUCT_127,0x26,ushort,1
STRUCT_127,0x28,ushort,1
STRUCT_127,0x2a,ushort,1
STRUCT_127,0x2c,ushort,1
STRUCT_128,0x0,uint,18
STRUCT_128,0x4,uint,18
STRUCT_128,0x8,uint,18
STRUCT_128,0xc,uint,18
STRUCT_128,0x10,uint,18
STRUCT_128,0x18,uint,18
STRUCT_128,0x1c,uint,18
STRUCT_128,0x20,uint,18
STRUCT_128,0x24,uint,18
STRUCT_128,0x28,uint,18
STRUCT_128,0x38,uint,18
STRUCT_128,0x3c,uint,18
STRUCT_128,0x45,byte,18
STRUCT_128,0x5c,uint,18
STRUCT_129,0x9,byte,3
STRUCT_129,0x4c,ushort,3
STRUCT_129,0x4e,ushort,3
STRUCT_129,0x50,ushort,3
STRUCT_129,0x52,ushort,3
STRUCT_129,0x54,byte,3
STRUCT_129,0x55,byte,3
STRUCT_129,0x58,uint,3
STRUCT_129,0x5c,ushort,3
STRUCT_129,0x5e,byte,3
STRUCT_129,0x64,uint,3
STRUCT_129,0x68,uint,3
STRUCT_129,0x6c,uint,3
STRUCT_129,0x70,uint,3
STRUCT_130,0x0,uint,2
STRUCT_130,0x4,uint,2
STRUCT_130,0x8,uint,2
STRUCT_130,0xc,uint,2
STRUCT_130,0x1b8,uint,2
STRUCT_130,0x1bc,uint,2
STRUCT_130,0x1c0,uint,2
STRUCT_130,0x1d4,uint,2
STRUCT_130,0x1e0,uint,2
STRUCT_130,0x1f6,byte,2
STRUCT_130,0x1f8,uint,2
STRUCT_130,0x1fc,uint,2
STRUCT_130,0x200,uint,2
STRUCT_130,0x204,uint,2
STRUCT_131,0x0,uint,1
STRUCT_131,0x4,uint,1
STRUCT_131,0x8,uint,1
STRUCT_131,0xc,uint,1
STRUCT_131,0x10,uint,1
STRUCT_131,0x14,uint,1
STRUCT_131,0x18,uint,1
STRUCT_131,0x1c,uint,1
STRUCT_131,0x20,uint,1
STRUCT_131,0x24,uint,1
STRUCT_131,0x28,uint,1
STRUCT_131,0x2c,uint,1
STRUCT_131,0x30,uint,1
STRUCT_131,0x34,uint,1
STRUCT_132,0x38,uint,1
STRUCT_132,0x150,uint,1
STRUCT_132,0x168,uint,1
STRUCT_132,0x16c,uint,1
STRUCT_132,0x178,uint,1
STRUCT_132,0x17c,uint,1
STRUCT_132,0x180,byte,1
STRUCT_132,0x184,byte,1
STRUCT_132,0x186,byte,1
STRUCT_132,0x198,uint,1
STRUCT_132,0x1a0,uint,1
STRUCT_132,0x26c,uint,1
STRUCT_132,0x290,uint,1
STRUCT_132,0x294,uint,1
STRUCT_133,0x1c,float,1
STRUCT_133,0x20,float,1
STRUCT_133,0x24,float,1
STRUCT_133,0x39,byte,1
STRUCT_133,0x3a,byte,1
STRUCT_133,0x3b,byte,1
STRUCT_133,0x3c,byte,1
STRUCT_133,0x40,uint,1
STRUCT_133,0x44,float,1
STRUCT_133,0x4c,uint,1
STRUCT_133,0x50,uint,1
STRUCT_133,0x54,uint,1
STRUCT_133,0x58,byte,1
STRUCT_133,0x59,byte,1
STRUCT_134,0x0,uint,1
STRUCT_134,0x4,uint,1
STRUCT_134,0x8,uint,1
STRUCT_134,0xc,uint,1
STRUCT_134,0x10,uint,1
STRUCT_134,0x14,uint,1
STRUCT_134,0x18,uint,1
STRUCT_134,0x1c,uint,1
STRUCT_134,0x20,uint,1
STRUCT_134,0x24,uint,1
STRUCT_134,0x28,uint,1
STRUCT_134,0x2c,uint,1
STRUCT_134,0x30,uint,1
STRUCT_134,0x34,uint,1
STRUCT_135,0x0,uint,1
STRUCT_135,0x4,uint,1
STRUCT_135,0x8,uint,1
STRUCT_135,0xc,uint,1
STRUCT_135,0x10,uint,1
STRUCT_135,0x14,uint,1
STRUCT_135,0x18,uint,1
STRUCT_135,0x1c,uint,1
STRUCT_135,0x20,uint,1
STRUCT_135,0x24,uint,1
STRUCT_135,0x28,uint,1
STRUCT_135,0x2c,uint,1
STRUCT_135,0x30,uint,1
STRUCT_135,0x34,uint,1
STRUCT_136,0x14,uint,1
STRUCT_136,0x18,byte,1
STRUCT_136,0x1a,ushort,1
STRUCT_136,0x1c,ushort,1
STRUCT_136,0x1e,ushort,1
STRUCT_136,0x20,ushort,1
STRUCT_136,0x22,byte,1
STRUCT_136,0x23,byte,1
STRUCT_136,0x24,byte,1
STRUCT_136,0x25,byte,1
STRUCT_136,0x26,ushort,1
STRUCT_136,0x28,ushort,1
STRUCT_136,0x2a,ushort,1
STRUCT_136,0x2c,ushort,1
STRUCT_137,0x294,uint,1
STRUCT_137,0x298,uint,1
STRUCT_137,0x29c,uint,1
STRUCT_137,0x2a0,uint,1
STRUCT_137,0x2a4,uint,1
STRUCT_137,0x2b5,byte,1
STRUCT_137,0x2d0,uint,1
STRUCT_137,0x2e0,byte,1
STRUCT_137,0x2e1,byte,1
STRUCT_137,0x2e2,byte,1
STRUCT_137,0x2e3,byte,1
STRUCT_137,0x2e4,byte,1
STRUCT_137,0x2e5,byte,1
STRUCT_137,0x2e6,byte,1
STRUCT_138,0x4,uint,1
STRUCT_138,0x8,uint,1
STRUCT_138,0x18,byte,1
STRUCT_138,0x1a,ushort,1
STRUCT_138,0x1c,ushort,1
STRUCT_138,0x1e,ushort,1
STRUCT_138,0x20,ushort,1
STRUCT_138,0x22,byte,1
STRUCT_138,0x23,byte,1
STRUCT_138,0x24,byte,1
STRUCT_138,0x26,ushort,1
STRUCT_138,0x28,ushort,1
STRUCT_138,0x2a,ushort,1
STRUCT_138,0x2c,ushort,1
STRUCT_139,0x4,uint,1
STRUCT_139,0x8,uint,1
STRUCT_139,0x18,byte,1
STRUCT_139,0x1a,ushort,1
STRUCT_139,0x1c,ushort,1
STRUCT_139,0x1e,ushort,1
STRUCT_139,0x20,ushort,1
STRUCT_139,0x22,byte,1
STRUCT_139,0x23,byte,1
STRUCT_139,0x24,byte,1
STRUCT_139,0x26,ushort,1
STRUCT_139,0x28,ushort,1
STRUCT_139,0x2a,ushort,1
STRUCT_139,0x2c,ushort,1
STRUCT_140,0x0,uint,12
STRUCT_140,0x4,float/uint,12
STRUCT_140,0x8,float/uint,12
STRUCT_140,0xc,float/uint,12
STRUCT_140,0x10,float/uint,12
STRUCT_140,0x14,float/uint,12
STRUCT_140,0x18,float/uint,12
STRUCT_140,0x1c,float/uint,12
STRUCT_140,0x20,uint,12
STRUCT_140,0x24,uint,12
STRUCT_140,0x28,uint,12
STRUCT_140,0x2c,float/uint,12
STRUCT_140,0x3c,float/uint,12
STRUCT_141,0x4,uint,10
STRUCT_141,0x8,uint,10
STRUCT_141,0x44,uint,10
STRUCT_141,0x48,byte,10
STRUCT_141,0x50,uint,10
STRUCT_141,0x54,uint,10
STRUCT_141,0x58,uint,10
STRUCT_141,0x378,uint,10
STRUCT_141,0x37c,uint,10
STRUCT_141,0x380,uint,10
STRUCT_141,0x38c,byte,10
STRUCT_141,0x38d,byte,10
STRUCT_141,0x38e,byte,10
STRUCT_142,0x0,float/uint,7
STRUCT_142,0x4,float/uint,7
STRUCT_142,0x8,float/uint,7
STRUCT_142,0xc,uint,7
STRUCT_142,0x18,uint,7
STRUCT_142,0x1c,uint,7
STRUCT_142,0x20,uint,7
STRUCT_142,0x28,uint,7
STRUCT_142,0x2c,uint,7
STRUCT_142,0x30,uint,7
STRUCT_142,0x38,uint,7
STRUCT_142,0x3c,uint,7
STRUCT_142,0x40,uint,7
STRUCT_143,0x20,uint,5
STRUCT_143,0x24,uint,5
STRUCT_143,0x28,uint,5
STRUCT_143,0x2c,uint,5
STRUCT_143,0x16c,uint,5
STRUCT_143,0x170,uint,5
STRUCT_143,0x174,uint,5
STRUCT_143,0x178,uint,5
STRUCT_143,0x17c,uint,5
STRUCT_143,0x180,uint,5
STRUCT_143,0x184,uint,5
STRUCT_143,0x188,uint,5
STRUCT_143,0x18c,byte,5
STRUCT_144,0x0,uint,5
STRUCT_144,0x4,uint,5
STRUCT_144,0x48,uint,5
STRUCT_144,0x4c,uint,5
STRUCT_144,0x50,uint,5
STRUCT_144,0x54,uint,5
STRUCT_144,0x58,byte,5
STRUCT_144,0x59,byte,5
STRUCT_144,0x5c,uint,5
STRUCT_144,0x60,uint,5
STRUCT_144,0x64,uint,5
STRUCT_144,0x85,byte,5
STRUCT_144,0x86,byte,5
STRUCT_145,0x4,uint,4
STRUCT_145,0x8,uint,4
STRUCT_145,0xc,uint,4
STRUCT_145,0x10,uint,4
STRUCT_145,0x14,uint,4
STRUCT_145,0x60,uint,4
STRUCT_145,0x64,uint,4
STRUCT_145,0x68,uint,4
STRUCT_145,0x6c,uint,4
STRUCT_145,0x70,uint,4
STRUCT_145,0x74,uint,4
STRUCT_145,0xa0,byte/uint,4
STRUCT_145,0xc0,uint,4
STRUCT_146,0x0,short,1
STRUCT_146,0x2,short,1
STRUCT_146,0x4,short,1
STRUCT_146,0x6,short,1
STRUCT_146,0x8,short,1
STRUCT_146,0xa,short,1
STRUCT_146,0xc,byte,1
STRUCT_146,0xe,short,1
STRUCT_146,0x10,float,1
STRUCT_146,0x14,float/uint,1
STRUCT_146,0x18,float/uint,1
STRUCT_146,0x1c,float,1
STRUCT_146,0x20,float,1
STRUCT_147,0x0,uint,1
STRUCT_147,0x4,uint,1
STRUCT_147,0x8,uint,1
STRUCT_147,0xc,uint,1
STRUCT_147,0x14,uint,1
STRUCT_147,0x18,uint,1
STRUCT_147,0x1c,uint,1
STRUCT_147,0x34,uint,1
STRUCT_147,0x78,uint,1
STRUCT_147,0xbc,uint,1
STRUCT_147,0x100,uint,1
STRUCT_147,0x144,uint,1
STRUCT_147,0x188,uint,1
STRUCT_148,0x10,uint,1
STRUCT_148,0x14,uint,1
STRUCT_148,0x28,uint,1
STRUCT_148,0x2c,uint,1
STRUCT_148,0x30,uint,1
STRUCT_148,0x34,uint,1
STRUCT_148,0x40,uint,1
STRUCT_148,0x44,uint,1
STRUCT_148,0x48,byte,1
STRUCT_148,0x49,byte,1
STRUCT_148,0x4a,byte,1
STRUCT_148,0x4b,byte,1
STRUCT_148,0x4c,byte,1
STRUCT_149,0x10,uint,1
STRUCT_149,0x14,uint,1
STRUCT_149,0x28,uint,1
STRUCT_149,0x2c,uint,1
STRUCT_149,0x30,uint,1
STRUCT_149,0x34,uint,1
STRUCT_149,0x40,uint,1
STRUCT_149,0x44,uint,1
STRUCT_149,0x48,byte,1
STRUCT_149,0x49,byte,1
STRUCT_149,0x4a,byte,1
STRUCT_149,0x4b,byte,1
STRUCT_149,0x4c,byte,1
STRUCT_150,0x0,uint,1
STRUCT_150,0x34,uint,1
STRUCT_150,0x38,uint,1
STRUCT_150,0x3c,uint,1
STRUCT_150,0x40,uint,1
STRUCT_150,0x44,uint,1
STRUCT_150,0x48,uint,1
STRUCT_150,0x4c,uint,1
STRUCT_150,0x50,uint,1
STRUCT_150,0x54,uint,1
STRUCT_150,0x58,uint,1
STRUCT_150,0x5c,uint,1
STRUCT_150,0x60,uint,1
STRUCT_151,0x0,float,1
STRUCT_151,0x4,float,1
STRUCT_151,0x8,float,1
STRUCT_151,0xc,float,1
STRUCT_151,0x10,float,1
STRUCT_151,0x14,float,1
STRUCT_151,0x48,float,1
STRUCT_151,0x4c,uint,1
STRUCT_151,0x50,float/uint,1
STRUCT_151,0x54,float,1
STRUCT_151,0x58,float,1
STRUCT_151,0x5c,float/uint,1
STRUCT_151,0x60,float/uint,1
STRUCT_152,0x10,uint,1
STRUCT_152,0x14,uint,1
STRUCT_152,0x28,uint,1
STRUCT_152,0x2c,uint,1
STRUCT_152,0x30,uint,1
STRUCT_152,0x34,uint,1
STRUCT_152,0x40,uint,1
STRUCT_152,0x44,uint,1
STRUCT_152,0x48,byte,1
STRUCT_152,0x49,byte,1
STRUCT_152,0x4a,byte,1
STRUCT_152,0x4b,byte,1
STRUCT_152,0x4c,byte,1
STRUCT_153,0x0,float,1
STRUCT_153,0x4,uint,1
STRUCT_153,0x8,float,1
STRUCT_153,0xc,float,1
STRUCT_153,0x10,float,1
STRUCT_153,0x14,float,1
STRUCT_153,0x18,float,1
STRUCT_153,0x1c,float,1
STRUCT_153,0x20,float,1
STRUCT_153,0x24,float,1
STRUCT_153,0x28,float,1
STRUCT_153,0x2c,float,1
STRUCT_153,0x30,float,1
STRUCT_154,0x0,uint,1
STRUCT_154,0x4,uint,1
STRUCT_154,0x8,float,1
STRUCT_154,0xc,float,1
STRUCT_154,0x10,float,1
STRUCT_154,0x14,uint,1
STRUCT_154,0x18,float,1
STRUCT_154,0x1c,float,1
STRUCT_154,0x20,float,1
STRUCT_154,0x24,uint,1
STRUCT_154,0x28,float,1
STRUCT_154,0x2c,float,1
STRUCT_154,0x30,float,1
STRUCT_155,0x0,uint,1
STRUCT_155,0x4,uint,1
STRUCT_155,0x8,uint,1
STRUCT_155,0xc,float,1
STRUCT_155,0x10,float,1
STRUCT_155,0x14,uint,1
STRUCT_155,0x18,uint,1
STRUCT_155,0x1c,float,1
STRUCT_155,0x20,float,1
STRUCT_155,0x24,uint,1
STRUCT_155,0x28,uint,1
STRUCT_155,0x2c,float,1
STRUCT_155,0x30,float,1
STRUCT_156,0x0,uint,1
STRUCT_156,0x4,uint,1
STRUCT_156,0x8,uint,1
STRUCT_156,0xc,uint,1
STRUCT_156,0x10,float,1
STRUCT_156,0x14,uint,1
STRUCT_156,0x18,uint,1
STRUCT_156,0x1c,uint,1
STRUCT_156,0x20,float,1
STRUCT_156,0x24,uint,1
STRUCT_156,0x28,uint,1
STRUCT_156,0x2c,uint,1
STRUCT_156,0x30,float,1
STRUCT_157,0x0,uint,1
STRUCT_157,0x4,uint,1
STRUCT_157,0x8,uint,1
STRUCT_157,0xc,float/uint,1
STRUCT_157,0x14,uint,1
STRUCT_157,0x18,uint,1
STRUCT_157,0x1c,float/uint,1
STRUCT_157,0x24,uint,1
STRUCT_157,0x28,uint,1
STRUCT_157,0x2c,float/uint,1
STRUCT_157,0x34,uint,1
STRUCT_157,0x38,uint,1
STRUCT_157,0x3c,float/uint,1
STRUCT_158,0x0,uint,1
STRUCT_158,0x4,uint,1
STRUCT_158,0xc,uint,1
STRUCT_158,0x14,uint,1
STRUCT_158,0x24,uint,1
STRUCT_158,0x90,uint,1
STRUCT_158,0x9c,uint,1
STRUCT_158,0xa0,uint,1
STRUCT_158,0xa4,uint,1
STRUCT_158,0xa8,byte,1
STRUCT_158,0xa9,byte,1
STRUCT_158,0xaa,byte,1
STRUCT_158,0xab,byte,1
STRUCT_159,0x0,uint,1
STRUCT_159,0x4,uint,1
STRUCT_159,0x8,uint,1
STRUCT_159,0xc,uint,1
STRUCT_159,0x10,uint,1
STRUCT_159,0x14,uint,1
STRUCT_159,0x18,uint,1
STRUCT_159,0x1c,uint,1
STRUCT_159,0x20,uint,1
STRUCT_159,0x24,uint,1
STRUCT_159,0x28,uint,1
STRUCT_159,0x2c,uint,1
STRUCT_159,0x3c,uint,1
STRUCT_160,0xd4,uint,1
STRUCT_160,0xe0,uint,1
STRUCT_160,0xe4,uint,1
STRUCT_160,0xe8,uint,1
STRUCT_160,0xec,uint,1
STRUCT_160,0xf0,uint,1
STRUCT_160,0xf4,uint,1
STRUCT_160,0xf8,ushort,1
STRUCT_160,0xfa,ushort,1
STRUCT_160,0xfc,byte,1
STRUCT_160,0xfd,byte,1
STRUCT_160,0xfe,byte,1
STRUCT_160,0x104,uint,1
STRUCT_161,0x0,uint,1
STRUCT_161,0x4,uint,1
STRUCT_161,0x8,uint,1
STRUCT_161,0xc,uint,1
STRUCT_161,0x10,uint,1
STRUCT_161,0x14,uint,1
STRUCT_161,0x18,uint,1
STRUCT_161,0x1c,uint,1
STRUCT_161,0x20,uint,1
STRUCT_161,0x24,uint,1
STRUCT_161,0x28,uint,1
STRUCT_161,0x34,uint,1
STRUCT_161,0x3c,uint,1
STRUCT_162,0x0,uint,1
STRUCT_162,0x4,uint,1
STRUCT_162,0x8,uint,1
STRUCT_162,0xc,uint,1
STRUCT_162,0x10,uint,1
STRUCT_162,0x14,uint,1
STRUCT_162,0x18,uint,1
STRUCT_162,0x1c,byte,1
STRUCT_162,0x1d,byte,1
STRUCT_162,0x20,uint,1
STRUCT_162,0x24,uint,1
STRUCT_162,0x28,uint,1
STRUCT_162,0x30,uint,1
STRUCT_163,0x4,uint,25
STRUCT_163,0x17c,uint,25
STRUCT_163,0x180,uint,25
STRUCT_163,0xb00,uint,25
STRUCT_163,0xc98,uint,25
STRUCT_163,0xc9c,uint,25
STRUCT_163,0xca0,uint,25
STRUCT_163,0x2e10,byte,25
STRUCT_163,0x2e40,uint,25
STRUCT_163,0x2e48,byte,25
STRUCT_163,0x2e49,byte,25
STRUCT_163,0x2e4c,uint,25
STRUCT_164,0x0,uint,11
STRUCT_164,0x4,uint,11
STRUCT_164,0x8,uint,11
STRUCT_164,0xc,byte/uint/ushort,11
STRUCT_164,0x10,uint,11
STRUCT_164,0x14,uint,11
STRUCT_164,0x18,uint,11
STRUCT_164,0x1c,uint,11
STRUCT_164,0x28,uint,11
STRUCT_164,0x2c,uint,11
STRUCT_164,0x48,byte,11
STRUCT_164,0x50,uint,11
STRUCT_165,0x0,float/uint,9
STRUCT_165,0x4,float/uint,9
STRUCT_165,0x8,float/uint,9
STRUCT_165,0xc,float/uint,9
STRUCT_165,0x10,float/uint,9
STRUCT_165,0x14,float/uint,9
STRUCT_165,0x18,float/uint,9
STRUCT_165,0x1c,float/uint,9
STRUCT_165,0x20,float/uint,9
STRUCT_165,0x24,float/uint,9
STRUCT_165,0x28,float/uint,9
STRUCT_165,0x2c,float/uint,9
STRUCT_166,0x0,uint,9
STRUCT_166,0x9f4,uint,9
STRUCT_166,0x9f8,byte/char,9
STRUCT_166,0xa38,byte,9
STRUCT_166,0xa78,char,9
STRUCT_166,0xda8,char,9
STRUCT_166,0xf00,byte,9
STRUCT_166,0xf30,uint,9
STRUCT_166,0xf34,byte,9
STRUCT_166,0xf35,byte,9
STRUCT_166,0xf36,byte,9
STRUCT_166,0xf38,uint,9
STRUCT_167,0x30,uint,5
STRUCT_167,0x34,uint,5
STRUCT_167,0x3c,byte,5
STRUCT_167,0x40,uint,5
STRUCT_167,0x48,uint,5
STRUCT_167,0x54,uint,5
STRUCT_167,0x58,uint,5
STRUCT_167,0x5c,uint,5
STRUCT_167,0x64,uint,5
STRUCT_167,0x68,uint,5
STRUCT_167,0x74,uint,5
STRUCT_167,0x88,byte,5
STRUCT_168,0x0,uint,3
STRUCT_168,0x4,uint,3
STRUCT_168,0x8,uint,3
STRUCT_168,0xc,uint,3
STRUCT_168,0x14,uint,3
STRUCT_168,0x18,byte,3
STRUCT_168,0x1c,uint,3
STRUCT_168,0x20,uint,3
STRUCT_168,0x24,uint,3
STRUCT_168,0x28,uint,3
STRUCT_168,0x2c,uint,3
STRUCT_168,0x30,uint,3
STRUCT_169,0x0,float/uint,3
STRUCT_169,0x4,float,3
STRUCT_169,0x8,float,3
STRUCT_169,0xc,float,3
STRUCT_169,0x10,float,3
STRUCT_169,0x14,float,3
STRUCT_169,0x1c,float,3
STRUCT_169,0x2c,float,3
STRUCT_169,0x30,uint,3
STRUCT_169,0x34,uint,3
STRUCT_169,0x38,uint,3
STRUCT_169,0x3c,byte/uint,3
STRUCT_170,0x4,byte,2
STRUCT_170,0x8,uint,2
STRUCT_170,0x10,uint,2
STRUCT_170,0x1c,byte,2
STRUCT_170,0x20,uint,2
STRUCT_170,0x24,uint,2
STRUCT_170,0x28,ushort,2
STRUCT_170,0x2a,byte,2
STRUCT_170,0x2c,byte,2
STRUCT_170,0x30,uint,2
STRUCT_170,0x34,uint,2
STRUCT_170,0x40,byte,2
STRUCT_171,0x0,float/uint,2
STRUCT_171,0x4,float/uint,2
STRUCT_171,0x8,float/uint,2
STRUCT_171,0xc,uint,2
STRUCT_171,0x10,float,2
STRUCT_171,0x14,float/uint,2
STRUCT_171,0x18,float/uint,2
STRUCT_171,0x1c,uint,2
STRUCT_171,0x20,float/uint,2
STRUCT_171,0x24,float/uint,2
STRUCT_171,0x28,float/uint,2
STRUCT_171,0x2c,uint,2
STRUCT_172,0x40,uint,2
STRUCT_172,0x7c,uint,2
STRUCT_172,0xb8,uint,2
STRUCT_172,0xbc,uint,2
STRUCT_172,0xc0,uint,2
STRUCT_172,0xc4,uint,2
STRUCT_172,0xc8,uint,2
STRUCT_172,0xcc,char,2
STRUCT_172,0xcd,char,2
STRUCT_172,0xce,byte,2
STRUCT_172,0xd0,byte,2
STRUCT_172,0xd4,uint,2
STRUCT_173,0x4,byte,2
STRUCT_173,0x8,uint,2
STRUCT_173,0x10,uint,2
STRUCT_173,0x34,uint/ushort,2
STRUCT_173,0x36,byte,2
STRUCT_173,0x37,byte,2
STRUCT_173,0x38,uint,2
STRUCT_173,0x3c,uint,2
STRUCT_173,0x40,uint,2
STRUCT_173,0x44,byte,2
STRUCT_173,0x45,byte,2
STRUCT_173,0x46,byte,2
STRUCT_174,0x0,byte,1
STRUCT_174,0x1,byte,1
STRUCT_174,0x2,byte,1
STRUCT_174,0x3,byte,1
STRUCT_174,0x4,byte,1
STRUCT_174,0x5,byte,1
STRUCT_174,0x6,byte,1
STRUCT_174,0x7,byte,1
STRUCT_174,0x8,byte,1
STRUCT_174,0x9,byte,1
STRUCT_174,0xa,byte,1
STRUCT_174,0xb,byte,1
STRUCT_175,0x0,float,1
STRUCT_175,0x4,float,1
STRUCT_175,0x8,float,1
STRUCT_175,0xc,uint,1
STRUCT_175,0x10,float,1
STRUCT_175,0x14,float,1
STRUCT_175,0x18,float,1
STRUCT_175,0x1c,uint,1
STRUCT_175,0x20,float,1
STRUCT_175,0x24,float,1
STRUCT_175,0x28,float,1
STRUCT_175,0x2c,uint,1
STRUCT_176,0x0,uint,1
STRUCT_176,0x4,uint,1
STRUCT_176,0x8,float,1
STRUCT_176,0xc,float,1
STRUCT_176,0x10,uint,1
STRUCT_176,0x14,uint,1
STRUCT_176,0x18,float,1
STRUCT_176,0x1c,float,1
STRUCT_176,0x20,uint,1
STRUCT_176,0x24,uint,1
STRUCT_176,0x28,float,1
STRUCT_176,0x2c,float,1
STRUCT_177,0x0,byte,1
STRUCT_177,0x9c,uint,1
STRUCT_177,0xb4,uint,1
STRUCT_177,0xc0,uint,1
STRUCT_177,0xcc,uint,1
STRUCT_177,0xd8,uint,1
STRUCT_177,0x178,byte,1
STRUCT_177,0x179,byte,1
STRUCT_177,0x17a,byte,1
STRUCT_177,0x17b,byte,1
STRUCT_177,0x180,byte,1
STRUCT_177,0x184,byte,1
STRUCT_178,0x0,uint,1
STRUCT_178,0x4,float,1
STRUCT_178,0x8,float,1
STRUCT_178,0xc,uint,1
STRUCT_178,0x10,float,1
STRUCT_178,0x14,float,1
STRUCT_178,0x18,float,1
STRUCT_178,0x1c,uint,1
STRUCT_178,0x20,float,1
STRUCT_178,0x24,float,1
STRUCT_178,0x28,float,1
STRUCT_178,0x2c,uint,1
STRUCT_179,0x0,uint,1
STRUCT_179,0x4,uint,1
STRUCT_179,0x8,uint,1
STRUCT_179,0xc,uint,1
STRUCT_179,0x10,uint,1
STRUCT_179,0x14,uint,1
STRUCT_179,0x18,uint,1
STRUCT_179,0x1c,uint,1
STRUCT_179,0x20,uint,1
STRUCT_179,0x24,uint,1
STRUCT_179,0x28,uint,1
STRUCT_179,0x2c,uint,1
STRUCT_180,0x0,uint,1
STRUCT_180,0x4,uint,1
STRUCT_180,0x8,uint,1
STRUCT_180,0xc,uint,1
STRUCT_180,0x10,uint,1
STRUCT_180,0x14,uint,1
STRUCT_180,0x18,uint,1
STRUCT_180,0x1c,uint,1
STRUCT_180,0x20,uint,1
STRUCT_180,0x24,uint,1
STRUCT_180,0x28,uint,1
STRUCT_180,0x2c,uint,1
STRUCT_181,0x0,float,1
STRUCT_181,0x4,float,1
STRUCT_181,0x8,float,1
STRUCT_181,0xc,uint,1
STRUCT_181,0x10,float,1
STRUCT_181,0x14,float,1
STRUCT_181,0x18,float,1
STRUCT_181,0x1c,uint,1
STRUCT_181,0x20,float,1
STRUCT_181,0x24,float,1
STRUCT_181,0x28,float,1
STRUCT_181,0x2c,uint,1
STRUCT_182,0x0,uint,1
STRUCT_182,0x4,uint,1
STRUCT_182,0x8,uint,1
STRUCT_182,0xc,float,1
STRUCT_182,0x10,uint,1
STRUCT_182,0x14,uint,1
STRUCT_182,0x18,uint,1
STRUCT_182,0x1c,float,1
STRUCT_182,0x20,uint,1
STRUCT_182,0x24,uint,1
STRUCT_182,0x28,uint,1
STRUCT_182,0x2c,float,1
STRUCT_183,0x0,uint,1
STRUCT_183,0x4,float,1
STRUCT_183,0x8,float,1
STRUCT_183,0xc,float,1
STRUCT_183,0x10,float,1
STRUCT_183,0x14,float,1
STRUCT_183,0x18,float,1
STRUCT_183,0x1c,float,1
STRUCT_183,0x20,float,1
STRUCT_183,0x24,float,1
STRUCT_183,0x28,float,1
STRUCT_183,0x2c,float,1
STRUCT_184,0x0,uint,1
STRUCT_184,0x4,uint,1
STRUCT_184,0x8,uint,1
STRUCT_184,0xc,uint,1
STRUCT_184,0x10,uint,1
STRUCT_184,0x14,uint,1
STRUCT_184,0x18,uint,1
STRUCT_184,0x1c,uint,1
STRUCT_184,0x20,uint,1
STRUCT_184,0x24,uint,1
STRUCT_184,0x28,uint,1
STRUCT_184,0x2c,uint,1
STRUCT_185,0x0,uint,1
STRUCT_185,0x4,float,1
STRUCT_185,0x8,float,1
STRUCT_185,0xc,float,1
STRUCT_185,0x10,float,1
STRUCT_185,0x14,float,1
STRUCT_185,0x18,float,1
STRUCT_185,0x1c,float,1
STRUCT_185,0x20,float,1
STRUCT_185,0x24,float,1
STRUCT_185,0x28,float,1
STRUCT_185,0x2c,float,1
STRUCT_186,0x0,float,1
STRUCT_186,0x4,float,1
STRUCT_186,0x8,float,1
STRUCT_186,0xc,uint,1
STRUCT_186,0x10,float,1
STRUCT_186,0x14,float,1
STRUCT_186,0x18,float,1
STRUCT_186,0x1c,float,1
STRUCT_186,0x20,float,1
STRUCT_186,0x24,float,1
STRUCT_186,0x28,float,1
STRUCT_186,0x2c,float,1
STRUCT_187,0x0,float,1
STRUCT_187,0x4,float,1
STRUCT_187,0x8,float,1
STRUCT_187,0xc,float,1
STRUCT_187,0x10,float,1
STRUCT_187,0x14,float,1
STRUCT_187,0x18,float,1
STRUCT_187,0x1c,float,1
STRUCT_187,0x20,float,1
STRUCT_187,0x24,float,1
STRUCT_187,0x28,float,1
STRUCT_187,0x2c,float,1
STRUCT_188,0x0,uint,1
STRUCT_188,0x4,float,1
STRUCT_188,0x8,float,1
STRUCT_188,0xc,float,1
STRUCT_188,0x10,uint,1
STRUCT_188,0x14,float,1
STRUCT_188,0x18,float,1
STRUCT_188,0x1c,float,1
STRUCT_188,0x20,uint,1
STRUCT_188,0x24,float,1
STRUCT_188,0x28,float,1
STRUCT_188,0x2c,float,1
STRUCT_189,0x0,float,1
STRUCT_189,0x4,float,1
STRUCT_189,0x8,float,1
STRUCT_189,0xc,float,1
STRUCT_189,0x10,float,1
STRUCT_189,0x14,float,1
STRUCT_189,0x18,float,1
STRUCT_189,0x1c,float,1
STRUCT_189,0x20,float,1
STRUCT_189,0x24,float,1
STRUCT_189,0x28,float,1
STRUCT_189,0x2c,float,1
STRUCT_190,0x0,float,1
STRUCT_190,0x4,float,1
STRUCT_190,0x8,float,1
STRUCT_190,0xc,float,1
STRUCT_190,0x10,float,1
STRUCT_190,0x14,float,1
STRUCT_190,0x18,float,1
STRUCT_190,0x1c,float,1
STRUCT_190,0x20,float,1
STRUCT_190,0x24,float,1
STRUCT_190,0x28,float,1
STRUCT_190,0x2c,float,1
STRUCT_191,0x0,uint,1
STRUCT_191,0x4,uint,1
STRUCT_191,0x8,float,1
STRUCT_191,0xc,float,1
STRUCT_191,0x10,uint,1
STRUCT_191,0x14,uint,1
STRUCT_191,0x18,float,1
STRUCT_191,0x1c,float,1
STRUCT_191,0x20,uint,1
STRUCT_191,0x24,uint,1
STRUCT_191,0x28,float,1
STRUCT_191,0x2c,float,1
STRUCT_192,0x0,uint,1
STRUCT_192,0x4,uint,1
STRUCT_192,0x8,uint,1
STRUCT_192,0xc,float,1
STRUCT_192,0x10,uint,1
STRUCT_192,0x14,uint,1
STRUCT_192,0x18,uint,1
STRUCT_192,0x1c,float,1
STRUCT_192,0x20,uint,1
STRUCT_192,0x24,uint,1
STRUCT_192,0x28,uint,1
STRUCT_192,0x2c,float,1
STRUCT_193,0x0,float,1
STRUCT_193,0x4,float,1
STRUCT_193,0x8,float,1
STRUCT_193,0xc,uint,1
STRUCT_193,0x10,float,1
STRUCT_193,0x14,float,1
STRUCT_193,0x18,float,1
STRUCT_193,0x1c,uint,1
STRUCT_193,0x20,float,1
STRUCT_193,0x24,float,1
STRUCT_193,0x28,float,1
STRUCT_193,0x2c,uint,1
STRUCT_194,0x0,uint,1
STRUCT_194,0x4,uint,1
STRUCT_194,0x8,uint,1
STRUCT_194,0xc,uint,1
STRUCT_194,0x10,uint,1
STRUCT_194,0x14,uint,1
STRUCT_194,0x18,uint,1
STRUCT_194,0x1c,uint,1
STRUCT_194,0x20,uint,1
STRUCT_194,0x24,uint,1
STRUCT_194,0x28,uint,1
STRUCT_194,0x2c,uint,1
STRUCT_195,0x0,float,1
STRUCT_195,0x4,float,1
STRUCT_195,0x8,float,1
STRUCT_195,0xc,uint,1
STRUCT_195,0x10,float,1
STRUCT_195,0x14,float,1
STRUCT_195,0x18,float,1
STRUCT_195,0x1c,uint,1
STRUCT_195,0x20,float,1
STRUCT_195,0x24,float,1
STRUCT_195,0x28,float,1
STRUCT_195,0x2c,uint,1
STRUCT_196,0x0,uint,1
STRUCT_196,0x4,uint,1
STRUCT_196,0x8,uint,1
STRUCT_196,0xc,uint,1
STRUCT_196,0x10,uint,1
STRUCT_196,0x14,uint,1
STRUCT_196,0x18,uint,1
STRUCT_196,0x1c,uint,1
STRUCT_196,0x20,uint,1
STRUCT_196,0x24,uint,1
STRUCT_196,0x28,byte,1
STRUCT_196,0x29,byte,1
STRUCT_197,0x0,uint,1
STRUCT_197,0x4,uint,1
STRUCT_197,0x10,uint,1
STRUCT_197,0x14,uint,1
STRUCT_197,0x18,uint,1
STRUCT_197,0x1c,uint,1
STRUCT_197,0x20,uint,1
STRUCT_197,0x24,uint,1
STRUCT_197,0x28,uint,1
STRUCT_197,0x2c,uint,1
STRUCT_197,0x30,uint,1
STRUCT_197,0x34,uint,1
STRUCT_198,0x0,float,1
STRUCT_198,0x4,float,1
STRUCT_198,0x8,float,1
STRUCT_198,0xc,uint,1
STRUCT_198,0x10,float,1
STRUCT_198,0x14,float,1
STRUCT_198,0x18,float,1
STRUCT_198,0x1c,uint,1
STRUCT_198,0x20,float,1
STRUCT_198,0x24,float,1
STRUCT_198,0x28,float,1
STRUCT_198,0x2c,uint,1
STRUCT_199,0x0,uint,1
STRUCT_199,0x4,uint,1
STRUCT_199,0x8,float,1
STRUCT_199,0xc,uint,1
STRUCT_199,0x10,uint,1
STRUCT_199,0x14,uint,1
STRUCT_199,0x18,float,1
STRUCT_199,0x1c,uint,1
STRUCT_199,0x20,uint,1
STRUCT_199,0x24,uint,1
STRUCT_199,0x28,uint,1
STRUCT_199,0x2c,uint,1
STRUCT_200,0x0,uint,1
STRUCT_200,0x4,uint,1
STRUCT_200,0x8,uint,1
STRUCT_200,0xc,uint,1
STRUCT_200,0x10,uint,1
STRUCT_200,0x14,uint,1
STRUCT_200,0x18,uint,1
STRUCT_200,0x1c,uint,1
STRUCT_200,0x20,uint,1
STRUCT_200,0x24,uint,1
STRUCT_200,0x28,uint,1
STRUCT_200,0x2c,uint,1
STRUCT_201,0x27,byte,1
STRUCT_201,0x30,uint,1
STRUCT_201,0x34,uint,1
STRUCT_201,0x38,uint,1
STRUCT_201,0x3c,uint,1
STRUCT_201,0x40,uint,1
STRUCT_201,0x48,uint,1
STRUCT_201,0x4c,uint,1
STRUCT_201,0x50,byte,1
STRUCT_201,0x51,byte,1
STRUCT_201,0xb94,byte,1
STRUCT_201,0xcf8,uint,1
STRUCT_202,0x0,byte,1
STRUCT_202,0xc,byte,1
STRUCT_202,0xd,byte,1
STRUCT_202,0xe,byte,1
STRUCT_202,0xf,byte,1
STRUCT_202,0x10,byte,1
STRUCT_202,0x11,byte,1
STRUCT_202,0x12,byte,1
STRUCT_202,0x13,byte,1
STRUCT_202,0x14,char,1
STRUCT_202,0x15,byte,1
STRUCT_202,0x1c,uint,1
STRUCT_203,0x0,uint,1
STRUCT_203,0x4,ushort,1
STRUCT_203,0x6,ushort,1
STRUCT_203,0x8,byte,1
STRUCT_203,0x9,byte,1
STRUCT_203,0xc,uint,1
STRUCT_203,0x10,uint,1
STRUCT_203,0x14,uint,1
STRUCT_203,0x18,uint,1
STRUCT_203,0x1c,uint,1
STRUCT_203,0x20,uint,1
STRUCT_203,0x24,uint,1
STRUCT_204,0x0,uint,1
STRUCT_204,0x4,uint,1
STRUCT_204,0x8,uint,1
STRUCT_204,0xc,uint,1
STRUCT_204,0x10,uint,1
STRUCT_204,0x14,uint,1
STRUCT_204,0x18,uint,1
STRUCT_204,0x1c,uint,1
STRUCT_204,0x20,uint,1
STRUCT_204,0x24,uint,1
STRUCT_204,0x28,uint,1
STRUCT_204,0x2c,uint,1
STRUCT_205,0x0,uint,1
STRUCT_205,0x4,uint,1
STRUCT_205,0xc,byte,1
STRUCT_205,0xd,byte,1
STRUCT_205,0xe,byte,1
STRUCT_205,0x10,uint,1
STRUCT_205,0x44,uint,1
STRUCT_205,0x48,uint,1
STRUCT_205,0x4c,uint,1
STRUCT_205,0x50,uint,1
STRUCT_205,0x54,uint,1
STRUCT_205,0x58,byte,1
STRUCT_206,0x295,char,18
STRUCT_206,0x298,uint,18
STRUCT_206,0x29c,uint,18
STRUCT_206,0x668,byte,18
STRUCT_206,0xa68,uint,18
STRUCT_206,0xcb0,byte,18
STRUCT_206,0xcb4,byte/uint,18
STRUCT_206,0xcb8,byte,18
STRUCT_206,0xcb9,byte,18
STRUCT_206,0xfb0,byte,18
STRUCT_206,0xfb4,byte/uint,18
STRUCT_207,0x0,byte/uint/ushort,14
STRUCT_207,0x4,uint,14
STRUCT_207,0x8,uint,14
STRUCT_207,0xc,byte/uint,14
STRUCT_207,0x10,uint,14
STRUCT_207,0x14,byte,14
STRUCT_207,0x18,uint,14
STRUCT_207,0x58,byte,14
STRUCT_207,0x238,uint,14
STRUCT_207,0x23c,uint,14
STRUCT_207,0x240,uint,14
STRUCT_208,0x0,uint,10
STRUCT_208,0x4,uint,10
STRUCT_208,0x8,uint,10
STRUCT_208,0xc,uint,10
STRUCT_208,0x5b0,uint,10
STRUCT_208,0x5b4,uint,10
STRUCT_208,0x5b8,uint,10
STRUCT_208,0x5bc,uint,10
STRUCT_208,0x2340,byte,10
STRUCT_208,0x2350,char,10
STRUCT_208,0x2351,byte,10
STRUCT_209,0x0,uint,7
STRUCT_209,0x4,uint,7
STRUCT_209,0x310,uint,7
STRUCT_209,0x314,uint,7
STRUCT_209,0x318,uint,7
STRUCT_209,0x5f4,uint,7
STRUCT_209,0x690,byte,7
STRUCT_209,0x694,uint,7
STRUCT_209,0x698,uint,7
STRUCT_209,0xc40,byte,7
STRUCT_209,0x29a0,uint,7
STRUCT_210,0xa4,uint,7
STRUCT_210,0xa8,byte,7
STRUCT_210,0x154,uint,7
STRUCT_210,0x158,byte/char,7
STRUCT_210,0x368,uint,7
STRUCT_210,0x36c,uint,7
STRUCT_210,0xb19,byte,7
STRUCT_210,0xb20,byte,7
STRUCT_210,0xb24,uint,7
STRUCT_210,0xb28,uint,7
STRUCT_210,0xb2c,byte,7
STRUCT_211,0x4,uint,6
STRUCT_211,0x18,uint,6
STRUCT_211,0x1c,uint,6
STRUCT_211,0x38,uint,6
STRUCT_211,0x84,uint,6
STRUCT_211,0xd0,uint,6
STRUCT_211,0xf0,uint,6
STRUCT_211,0x104,uint,6
STRUCT_211,0x108,uint,6
STRUCT_211,0x10c,uint,6
STRUCT_211,0x110,float,6
STRUCT_212,0x0,uint,4
STRUCT_212,0x14,uint,4
STRUCT_212,0xd4,uint,4
STRUCT_212,0xf8,ushort,4
STRUCT_212,0xfa,ushort,4
STRUCT_212,0x100,uint,4
STRUCT_212,0x104,uint,4
STRUCT_212,0x13c,uint,4
STRUCT_212,0x160,uint,4
STRUCT_212,0x164,uint,4
STRUCT_212,0x168,byte,4
STRUCT_213,0x0,uint,3
STRUCT_213,0x4,uint,3
STRUCT_213,0x8,uint,3
STRUCT_213,0xc,uint,3
STRUCT_213,0x10,uint,3
STRUCT_213,0x14,uint,3
STRUCT_213,0x18,uint,3
STRUCT_213,0x1c,uint,3
STRUCT_213,0x20,uint,3
STRUCT_213,0x24,uint,3
STRUCT_213,0x28,uint,3
STRUCT_214,0x8,uint,2
STRUCT_214,0x10,uint,2
STRUCT_214,0x14,uint,2
STRUCT_214,0x18,uint,2
STRUCT_214,0x1c,byte,2
STRUCT_214,0x1d,byte,2
STRUCT_214,0x20,uint,2
STRUCT_214,0x24,byte,2
STRUCT_214,0x25,byte,2
STRUCT_214,0x26,byte,2
STRUCT_214,0x27,byte/char,2
STRUCT_215,0x70,uint,2
STRUCT_215,0x74,uint,2
STRUCT_215,0xa0,byte,2
STRUCT_215,0xa1,byte,2
STRUCT_215,0xa2,byte,2
STRUCT_215,0x2c0,uint,2
STRUCT_215,0x2d4,uint,2
STRUCT_215,0x2d8,uint,2
STRUCT_215,0x2dc,uint,2
STRUCT_215,0x328,uint,2
STRUCT_215,0x32c,uint,2
STRUCT_216,0x0,uint,2
STRUCT_216,0x20,uint,2
STRUCT_216,0x24,uint,2
STRUCT_216,0x28,uint,2
STRUCT_216,0x16c,uint,2
STRUCT_216,0x170,uint,2
STRUCT_216,0x174,uint,2
STRUCT_216,0x184,uint,2
STRUCT_216,0x188,uint,2
STRUCT_216,0x18c,byte,2
STRUCT_216,0x18d,byte,2
STRUCT_217,0x0,uint,2
STRUCT_217,0x4,uint,2
STRUCT_217,0x8,uint,2
STRUCT_217,0xc,uint,2
STRUCT_217,0x1480,uint,2
STRUCT_217,0x1484,uint,2
STRUCT_217,0x148d,byte,2
STRUCT_217,0x148e,byte,2
STRUCT_217,0x148f,byte,2
STRUCT_217,0x1490,byte,2
STRUCT_217,0x1491,byte,2
STRUCT_218,0x25,byte,2
STRUCT_218,0x28,uint,2
STRUCT_218,0x40,uint,2
STRUCT_218,0x44,uint,2
STRUCT_218,0x48,uint,2
STRUCT_218,0x4c,uint,2
STRUCT_218,0x50,uint,2
STRUCT_218,0x54,uint,2
STRUCT_218,0x58,uint,2
STRUCT_218,0x5c,uint,2
STRUCT_218,0x80,uint,2
STRUCT_219,0x4,uint,2
STRUCT_219,0x10,byte,2
STRUCT_219,0x14,uint,2
STRUCT_219,0x28,uint,2
STRUCT_219,0x2c,uint,2
STRUCT_219,0x30,uint,2
STRUCT_219,0x34,uint,2
STRUCT_219,0x38,byte,2
STRUCT_219,0x39,byte,2
STRUCT_219,0x3a,byte,2
STRUCT_219,0x3b,byte,2
STRUCT_220,0x0,uint,1
STRUCT_220,0x4,uint,1
STRUCT_220,0x8,uint,1
STRUCT_220,0xc,uint,1
STRUCT_220,0x10,uint,1
STRUCT_220,0x14,uint,1
STRUCT_220,0x1c,uint,1
STRUCT_220,0x20,uint,1
STRUCT_220,0x24,uint,1
STRUCT_220,0x28,uint,1
STRUCT_220,0x34,uint,1
STRUCT_221,0x0,ushort,1
STRUCT_221,0x2,ushort,1
STRUCT_221,0x4,ushort,1
STRUCT_221,0x6,ushort,1
STRUCT_221,0x8,ushort,1
STRUCT_221,0xa,ushort,1
STRUCT_221,0xc,byte,1
STRUCT_221,0xe,ushort,1
STRUCT_221,0x18,uint,1
STRUCT_221,0x1c,uint,1
STRUCT_221,0x20,uint,1
STRUCT_222,0x28,uint,1
STRUCT_222,0x2c,uint,1
STRUCT_222,0x74,uint,1
STRUCT_222,0x78,uint,1
STRUCT_222,0x7c,uint,1
STRUCT_222,0x80,uint,1
STRUCT_222,0x88,uint,1
STRUCT_222,0x8c,uint,1
STRUCT_222,0x678,uint,1
STRUCT_222,0x67c,uint,1
STRUCT_222,0x680,uint,1
STRUCT_223,0x0,uint,1
STRUCT_223,0x4,uint,1
STRUCT_223,0x8,uint,1
STRUCT_223,0xc,uint,1
STRUCT_223,0x14,uint,1
STRUCT_223,0x18,uint,1
STRUCT_223,0x1c,uint,1
STRUCT_223,0x20,uint,1
STRUCT_223,0x24,uint,1
STRUCT_223,0x28,float,1
STRUCT_223,0x34,uint,1
STRUCT_224,0xc,uint,1
STRUCT_224,0xbc,uint,1
STRUCT_224,0xc0,byte,1
STRUCT_224,0x16c,uint,1
STRUCT_224,0x170,byte,1
STRUCT_224,0x21c,uint,1
STRUCT_224,0x220,byte,1
STRUCT_224,0x464,uint,1
STRUCT_224,0x468,byte,1
STRUCT_224,0x1329,byte,1
STRUCT_224,0x1334,byte,1
STRUCT_225,0xa0,byte,1
STRUCT_225,0xa1,byte,1
STRUCT_225,0xa2,byte,1
STRUCT_225,0xa8,uint,1
STRUCT_225,0x2c0,uint,1
STRUCT_225,0x2d4,uint,1
STRUCT_225,0x2d8,uint,1
STRUCT_225,0x2dc,uint,1
STRUCT_225,0x320,uint,1
STRUCT_225,0x328,uint,1
STRUCT_225,0x32c,uint,1
STRUCT_226,0x0,uint,1
STRUCT_226,0x4,uint,1
STRUCT_226,0x8,uint,1
STRUCT_226,0xc,uint,1
STRUCT_226,0x10,uint,1
STRUCT_226,0x14,uint,1
STRUCT_226,0x18,uint,1
STRUCT_226,0x1c,uint,1
STRUCT_226,0x20,uint,1
STRUCT_226,0x24,uint,1
STRUCT_226,0x28,uint,1
STRUCT_227,0x3c,uint,1
STRUCT_227,0x40,uint,1
STRUCT_227,0x4c,uint,1
STRUCT_227,0x50,uint,1
STRUCT_227,0x5c,uint,1
STRUCT_227,0x60,uint,1
STRUCT_227,0x64,uint,1
STRUCT_227,0x68,uint,1
STRUCT_227,0x7c,uint,1
STRUCT_227,0x80,uint,1
STRUCT_227,0x104,byte,1
STRUCT_228,0x0,uint,1
STRUCT_228,0x4,float/uint,1
STRUCT_228,0x8,float/uint,1
STRUCT_228,0xc,float,1
STRUCT_228,0x10,float,1
STRUCT_228,0x14,float,1
STRUCT_228,0x18,float,1
STRUCT_228,0x1c,float,1
STRUCT_228,0x20,uint,1
STRUCT_228,0x24,uint,1
STRUCT_228,0x28,uint,1
STRUCT_229,0x0,uint,1
STRUCT_229,0x4,uint,1
STRUCT_229,0x8,uint,1
STRUCT_229,0xc,uint,1
STRUCT_229,0x10,uint,1
STRUCT_229,0x14,uint,1
STRUCT_229,0x18,uint,1
STRUCT_229,0x1c,uint,1
STRUCT_229,0x20,uint,1
STRUCT_229,0x24,uint,1
STRUCT_229,0x28,uint,1
STRUCT_230,0x28,uint,1
STRUCT_230,0x2c,uint,1
STRUCT_230,0x30,uint,1
STRUCT_230,0x34,uint,1
STRUCT_230,0x38,uint,1
STRUCT_230,0x3c,uint,1
STRUCT_230,0x40,uint,1
STRUCT_230,0x44,uint,1
STRUCT_230,0x48,uint,1
STRUCT_230,0x4c,uint,1
STRUCT_230,0x50,uint,1
STRUCT_231,0x38,uint,1
STRUCT_231,0x3c,uint,1
STRUCT_231,0x40,uint,1
STRUCT_231,0x44,uint,1
STRUCT_231,0x48,uint,1
STRUCT_231,0x4c,uint,1
STRUCT_231,0x54,uint,1
STRUCT_231,0x58,byte,1
STRUCT_231,0x59,byte,1
STRUCT_231,0x64,uint,1
STRUCT_231,0x68,uint,1
STRUCT_232,0x0,uint,1
STRUCT_232,0x4,uint,1
STRUCT_232,0x8,uint,1
STRUCT_232,0xc,uint,1
STRUCT_232,0x10,uint,1
STRUCT_232,0x14,uint,1
STRUCT_232,0x18,uint,1
STRUCT_232,0x1c,byte,1
STRUCT_232,0x1d,byte,1
STRUCT_232,0x1e,byte,1
STRUCT_232,0x20,uint,1
STRUCT_233,0x0,uint,1
STRUCT_233,0x4,float/uint,1
STRUCT_233,0x8,float/uint,1
STRUCT_233,0xc,float/uint,1
STRUCT_233,0x10,float/uint,1
STRUCT_233,0x14,float/uint,1
STRUCT_233,0x18,float,1
STRUCT_233,0x1c,float/uint,1
STRUCT_233,0x20,uint,1
STRUCT_233,0x24,uint,1
STRUCT_233,0x2c,uint,1
STRUCT_234,0x0,byte,1
STRUCT_234,0x4,uint,1
STRUCT_234,0x8,byte,1
STRUCT_234,0xc,uint,1
STRUCT_234,0x10,uint,1
STRUCT_234,0x14,uint,1
STRUCT_234,0x18,uint,1
STRUCT_234,0x1c,uint,1
STRUCT_234,0x20,uint,1
STRUCT_234,0x24,uint,1
STRUCT_234,0x28,uint,1
STRUCT_235,0x0,byte,1
STRUCT_235,0x1,byte,1
STRUCT_235,0x4,uint,1
STRUCT_235,0x8,uint,1
STRUCT_235,0xc,uint,1
STRUCT_235,0x14,uint,1
STRUCT_235,0x18,uint,1
STRUCT_235,0x20,uint,1
STRUCT_235,0x24,uint,1
STRUCT_235,0x44,uint,1
STRUCT_235,0x48,uint,1
STRUCT_236,0xc,byte,1
STRUCT_236,0xd,byte,1
STRUCT_236,0xf,byte,1
STRUCT_236,0x5f,byte,1
STRUCT_236,0x64,uint,1
STRUCT_236,0x68,uint,1
STRUCT_236,0x6c,uint,1
STRUCT_236,0x70,byte,1
STRUCT_236,0x74,uint,1
STRUCT_236,0xa0,byte,1
STRUCT_236,0xa2,byte,1
STRUCT_237,0x50,byte,1
STRUCT_237,0x64,uint,1
STRUCT_237,0xf0,byte,1
STRUCT_237,0xf1,byte,1
STRUCT_237,0xf4,uint,1
STRUCT_237,0xf8,uint,1
STRUCT_237,0xfc,uint,1
STRUCT_237,0x100,uint,1
STRUCT_237,0x104,uint,1
STRUCT_237,0x108,uint,1
STRUCT_237,0x224,uint,1
STRUCT_238,0x2b4,byte,1
STRUCT_238,0x2e0,byte,1
STRUCT_238,0x2e1,byte,1
STRUCT_238,0x2e2,byte,1
STRUCT_238,0x2e3,byte,1
STRUCT_238,0x2e4,byte,1
STRUCT_238,0x2e5,byte,1
STRUCT_238,0x2e6,byte,1
STRUCT_238,0x2e7,byte,1
STRUCT_238,0x2e8,byte,1
STRUCT_238,0x2e9,byte,1
STRUCT_239,0x20,uint,1
STRUCT_239,0x24,uint,1
STRUCT_239,0x28,uint,1
STRUCT_239,0x2c,uint,1
STRUCT_239,0x30,uint,1
STRUCT_239,0x38,uint,1
STRUCT_239,0x44,byte,1
STRUCT_239,0x54,uint,1
STRUCT_239,0x58,byte,1
STRUCT_239,0x5c,uint,1
STRUCT_239,0x68,uint,1
STRUCT_240,0x0,uint,1
STRUCT_240,0x4,uint,1
STRUCT_240,0x8,uint,1
STRUCT_240,0xc,uint,1
STRUCT_240,0x10,uint,1
STRUCT_240,0x14,uint,1
STRUCT_240,0x18,uint,1
STRUCT_240,0x1c,uint,1
STRUCT_240,0x20,uint,1
STRUCT_240,0x24,uint,1
STRUCT_240,0x28,uint,1
STRUCT_241,0x0,uint,1
STRUCT_241,0x4,uint,1
STRUCT_241,0x8,uint,1
STRUCT_241,0xc,uint,1
STRUCT_241,0x10,uint,1
STRUCT_241,0x14,uint,1
STRUCT_241,0x18,uint,1
STRUCT_241,0x1c,uint,1
STRUCT_241,0x20,uint,1
STRUCT_241,0x24,uint,1
STRUCT_241,0x28,uint,1
STRUCT_242,0x0,uint,8
STRUCT_242,0x4,uint,8
STRUCT_242,0x8,uint,8
STRUCT_242,0xc,uint,8
STRUCT_242,0x14,uint,8
STRUCT_242,0x18,uint,8
STRUCT_242,0x1c,uint,8
STRUCT_242,0x1f31,char,8
STRUCT_242,0x1f32,char,8
STRUCT_242,0x1f34,uint,8
STRUCT_243,0x0,uint,8
STRUCT_243,0x4,uint,8
STRUCT_243,0x518,uint,8
STRUCT_243,0x51c,uint,8
STRUCT_243,0x520,uint,8
STRUCT_243,0x898,byte,8
STRUCT_243,0x89c,uint,8
STRUCT_243,0x8a0,uint,8
STRUCT_243,0x2ba0,byte,8
STRUCT_243,0x2bac,uint,8
STRUCT_244,0x3c,uint,8
STRUCT_244,0x40,uint,8
STRUCT_244,0x48,uint,8
STRUCT_244,0xf4,uint,8
STRUCT_244,0xf8,byte,8
STRUCT_244,0x3e8,uint,8
STRUCT_244,0x3ec,uint,8
STRUCT_244,0x3f0,uint,8
STRUCT_244,0x3f4,uint,8
STRUCT_244,0x3fa,byte,8
STRUCT_245,0x0,uint,8
STRUCT_245,0x4,uint,8
STRUCT_245,0x8,uint,8
STRUCT_245,0xc,uint,8
STRUCT_245,0x10,uint,8
STRUCT_245,0x14,uint,8
STRUCT_245,0x147c,uint,8
STRUCT_245,0x1488,uint,8
STRUCT_245,0x148d,byte,8
STRUCT_245,0x1491,byte,8
STRUCT_246,0x0,uint,6
STRUCT_246,0x4,uint,6
STRUCT_246,0x10,uint,6
STRUCT_246,0x14,uint,6
STRUCT_246,0x18,uint,6
STRUCT_246,0x1c,byte,6
STRUCT_246,0x20,uint,6
STRUCT_246,0x24,uint,6
STRUCT_246,0x28,uint,6
STRUCT_246,0x60,byte,6
STRUCT_247,0x4,uint,3
STRUCT_247,0x8,uint,3
STRUCT_247,0xc,uint,3
STRUCT_247,0x10,uint,3
STRUCT_247,0x14,uint,3
STRUCT_247,0x18,uint,3
STRUCT_247,0x1c,uint,3
STRUCT_247,0x20,uint,3
STRUCT_247,0x115,byte,3
STRUCT_247,0x144,byte,3
STRUCT_248,0x0,uint,3
STRUCT_248,0x4,uint,3
STRUCT_248,0x8,uint,3
STRUCT_248,0xc,uint,3
STRUCT_248,0x10,uint,3
STRUCT_248,0x14,uint,3
STRUCT_248,0x18,uint,3
STRUCT_248,0x1c,uint,3
STRUCT_248,0x20,uint,3
STRUCT_248,0x24,uint,3
STRUCT_249,0x0,uint,2
STRUCT_249,0x4,uint,2
STRUCT_249,0x8,uint,2
STRUCT_249,0xc,uint,2
STRUCT_249,0x10,uint,2
STRUCT_249,0x14,uint,2
STRUCT_249,0x18,uint,2
STRUCT_249,0x1c,uint,2
STRUCT_249,0x20,uint,2
STRUCT_249,0x24,uint,2
STRUCT_250,0x520,uint,2
STRUCT_250,0x524,byte,2
STRUCT_250,0x525,byte,2
STRUCT_250,0x528,uint,2
STRUCT_250,0x52c,byte,2
STRUCT_250,0x530,uint,2
STRUCT_250,0x534,byte,2
STRUCT_250,0x535,byte,2
STRUCT_250,0x536,byte,2
STRUCT_250,0x972,byte,2
STRUCT_251,0x0,uint,2
STRUCT_251,0x4,uint,2
STRUCT_251,0x8,ushort,2
STRUCT_251,0xa,ushort,2
STRUCT_251,0xc,ushort,2
STRUCT_251,0xe,ushort,2
STRUCT_251,0x10,uint/ushort,2
STRUCT_251,0x14,uint,2
STRUCT_251,0x18,uint,2
STRUCT_251,0x1c,uint,2
STRUCT_252,0x0,uint,2
STRUCT_252,0x4,uint,2
STRUCT_252,0x8,uint,2
STRUCT_252,0xc,uint,2
STRUCT_252,0x10,uint,2
STRUCT_252,0x14,uint,2
STRUCT_252,0x18,uint,2
STRUCT_252,0x1c,uint,2
STRUCT_252,0x20,uint,2
STRUCT_252,0x24,uint,2
STRUCT_253,0x0,uint,2
STRUCT_253,0xc,byte,2
STRUCT_253,0x10,uint,2
STRUCT_253,0x18,byte,2
STRUCT_253,0x20,uint,2
STRUCT_253,0x24,uint,2
STRUCT_253,0x28,uint,2
STRUCT_253,0x30,uint,2
STRUCT_253,0x34,uint,2
STRUCT_253,0x38,byte,2
STRUCT_254,0x0,uint,1
STRUCT_254,0x4,uint,1
STRUCT_254,0x8,uint,1
STRUCT_254,0xc,uint,1
STRUCT_254,0x10,uint,1
STRUCT_254,0x14,uint,1
STRUCT_254,0x18,uint,1
STRUCT_254,0x1c,uint,1
STRUCT_254,0x20,uint,1
STRUCT_254,0x24,uint,1
STRUCT_255,0x0,uint,1
STRUCT_255,0x4,uint,1
STRUCT_255,0x8,uint,1
STRUCT_255,0xc,uint,1
STRUCT_255,0x10,uint,1
STRUCT_255,0x14,uint,1
STRUCT_255,0x18,uint,1
STRUCT_255,0x1c,uint,1
STRUCT_255,0x20,uint,1
STRUCT_255,0x24,uint,1
STRUCT_256,0x0,uint,1
STRUCT_256,0x4,uint,1
STRUCT_256,0x8,uint,1
STRUCT_256,0xc,uint,1
STRUCT_256,0x10,uint,1
STRUCT_256,0x18,uint,1
STRUCT_256,0x1c,uint,1
STRUCT_256,0x20,uint,1
STRUCT_256,0x24,uint,1
STRUCT_256,0x28,uint,1
STRUCT_257,0x0,uint,1
STRUCT_257,0x4,uint,1
STRUCT_257,0x8,uint,1
STRUCT_257,0xc,uint,1
STRUCT_257,0x10,uint,1
STRUCT_257,0x14,uint,1
STRUCT_257,0x18,uint,1
STRUCT_257,0x1c,uint,1
STRUCT_257,0x20,uint,1
STRUCT_257,0x24,uint,1
STRUCT_258,0x0,uint,1
STRUCT_258,0x4,uint,1
STRUCT_258,0x8,uint,1
STRUCT_258,0xc,uint,1
STRUCT_258,0x14,uint,1
STRUCT_258,0x18,uint,1
STRUCT_258,0x1c,uint,1
STRUCT_258,0x24,uint,1
STRUCT_258,0x28,uint,1
STRUCT_258,0x2c,uint,1
STRUCT_259,0x38,uint,1
STRUCT_259,0x168,uint,1
STRUCT_259,0x16c,uint,1
STRUCT_259,0x178,uint,1
STRUCT_259,0x180,byte,1
STRUCT_259,0x182,byte,1
STRUCT_259,0x1a0,uint,1
STRUCT_259,0x26c,uint,1
STRUCT_259,0x290,uint,1
STRUCT_259,0x294,uint,1
STRUCT_260,0x0,uint,1
STRUCT_260,0x4,uint,1
STRUCT_260,0x8,uint,1
STRUCT_260,0xc,uint,1
STRUCT_260,0x10,uint,1
STRUCT_260,0x14,uint,1
STRUCT_260,0x18,uint,1
STRUCT_260,0x1c,uint,1
STRUCT_260,0x20,uint,1
STRUCT_260,0x24,byte,1
STRUCT_261,0x4,uint,1
STRUCT_261,0x10,byte,1
STRUCT_261,0x14,uint,1
STRUCT_261,0x18,uint,1
STRUCT_261,0x3c,uint,1
STRUCT_261,0x40,uint,1
STRUCT_261,0x50,uint,1
STRUCT_261,0x54,byte,1
STRUCT_261,0x55,byte,1
STRUCT_261,0x56,byte,1
STRUCT_262,0x0,uint,1
STRUCT_262,0x4,uint,1
STRUCT_262,0x8,uint,1
STRUCT_262,0xc,uint,1
STRUCT_262,0x10,uint,1
STRUCT_262,0x14,uint,1
STRUCT_262,0x18,uint,1
STRUCT_262,0x1c,uint,1
STRUCT_262,0x20,uint,1
STRUCT_262,0x2c,uint,1
STRUCT_263,0x0,uint,1
STRUCT_263,0x4,uint,1
STRUCT_263,0x8,uint,1
STRUCT_263,0xc,uint,1
STRUCT_263,0x10,uint,1
STRUCT_263,0x14,uint,1
STRUCT_263,0x18,uint,1
STRUCT_263,0x1c,uint,1
STRUCT_263,0x20,uint,1
STRUCT_263,0x24,uint,1
STRUCT_264,0x0,uint,1
STRUCT_264,0x4,uint,1
STRUCT_264,0x8,uint,1
STRUCT_264,0xc,uint,1
STRUCT_264,0x10,uint,1
STRUCT_264,0x18,uint,1
STRUCT_264,0x1c,uint,1
STRUCT_264,0x20,uint,1
STRUCT_264,0x24,uint,1
STRUCT_264,0x28,uint,1
STRUCT_265,0x0,uint,1
STRUCT_265,0x8,uint,1
STRUCT_265,0xc,uint,1
STRUCT_265,0x10,uint,1
STRUCT_265,0x14,uint,1
STRUCT_265,0x18,uint,1
STRUCT_265,0x1c,uint,1
STRUCT_265,0x20,uint,1
STRUCT_265,0x24,uint,1
STRUCT_265,0x28,uint,1
STRUCT_266,0x0,uint,1
STRUCT_266,0x4,float/uint,1
STRUCT_266,0x8,float/uint,1
STRUCT_266,0xc,float/uint,1
STRUCT_266,0x10,float/uint,1
STRUCT_266,0x14,float,1
STRUCT_266,0x18,float/uint,1
STRUCT_266,0x1c,float/uint,1
STRUCT_266,0x20,uint,1
STRUCT_266,0x24,uint,1
STRUCT_267,0x0,uint,1
STRUCT_267,0x4,uint,1
STRUCT_267,0x8,uint,1
STRUCT_267,0xc,float,1
STRUCT_267,0x10,uint,1
STRUCT_267,0x1c,uint,1
STRUCT_267,0x20,uint,1
STRUCT_267,0x24,uint,1
STRUCT_267,0x28,uint,1
STRUCT_267,0x2c,uint,1
STRUCT_268,0x0,uint,1
STRUCT_268,0x4,uint,1
STRUCT_268,0x8,uint,1
STRUCT_268,0xc,uint,1
STRUCT_268,0x10,uint,1
STRUCT_268,0x18,uint,1
STRUCT_268,0x1c,uint,1
STRUCT_268,0x24,byte,1
STRUCT_268,0x25,byte,1
STRUCT_268,0x26,ushort,1
STRUCT_269,0x0,byte,1
STRUCT_269,0x1,byte,1
STRUCT_269,0x2,byte,1
STRUCT_269,0x3,byte,1
STRUCT_269,0x4,byte,1
STRUCT_269,0x5,ushort,1
STRUCT_269,0x7,byte,1
STRUCT_269,0x8,byte,1
STRUCT_269,0x9,byte,1
STRUCT_269,0xa,byte,1
STRUCT_270,0x0,uint,1
STRUCT_270,0x4,uint,1
STRUCT_270,0xc,uint,1
STRUCT_270,0x14,byte,1
STRUCT_270,0x15,byte,1
STRUCT_270,0x16,byte,1
STRUCT_270,0x17,byte,1
STRUCT_270,0x20,ushort,1
STRUCT_270,0x58,uint,1
STRUCT_270,0x5c,uint,1
STRUCT_271,0x0,uint,1
STRUCT_271,0x8,ushort,1
STRUCT_271,0xa,byte,1
STRUCT_271,0xb,byte,1
STRUCT_271,0x40,uint,1
STRUCT_271,0x44,uint,1
STRUCT_271,0x48,uint,1
STRUCT_271,0x4c,byte,1
STRUCT_271,0x4d,byte,1
STRUCT_271,0x4e,byte,1
STRUCT_272,0x0,uint,1
STRUCT_272,0x5,byte,1
STRUCT_272,0x7,byte,1
STRUCT_272,0x8,ushort,1
STRUCT_272,0xa,ushort,1
STRUCT_272,0xc,ushort,1
STRUCT_272,0xe,ushort,1
STRUCT_272,0x10,ushort,1
STRUCT_272,0x12,byte,1
STRUCT_272,0x14,uint,1
STRUCT_273,0x25,byte,1
STRUCT_273,0x2f0,float,1
STRUCT_273,0x2f4,float,1
STRUCT_273,0x2f8,float,1
STRUCT_273,0x2fc,uint,1
STRUCT_273,0x300,float/uint,1
STRUCT_273,0x304,float/uint,1
STRUCT_273,0x308,float/uint,1
STRUCT_273,0x314,uint,1
STRUCT_273,0x31f,byte,1
STRUCT_274,0x8,uint,1
STRUCT_274,0xc,uint,1
STRUCT_274,0x10,uint,1
STRUCT_274,0x18,uint,1
STRUCT_274,0x20,uint,1
STRUCT_274,0x28,uint,1
STRUCT_274,0x2c,uint,1
STRUCT_274,0x30,uint,1
STRUCT_274,0x34,uint,1
STRUCT_274,0x5c,uint,1
STRUCT_275,0x4,uint,1
STRUCT_275,0xc,uint,1
STRUCT_275,0x10,uint,1
STRUCT_275,0x14,uint,1
STRUCT_275,0x148,byte,1
STRUCT_275,0x14c,float,1
STRUCT_275,0x150,float,1
STRUCT_275,0x154,uint,1
STRUCT_275,0x15c,uint,1
STRUCT_275,0x160,uint,1
STRUCT_276,0x0,uint,1
STRUCT_276,0x4,ushort,1
STRUCT_276,0x6,byte,1
STRUCT_276,0x7,byte,1
STRUCT_276,0x8,ushort,1
STRUCT_276,0xa,ushort,1
STRUCT_276,0xc,ushort,1
STRUCT_276,0xe,ushort,1
STRUCT_276,0x10,ushort,1
STRUCT_276,0x14,uint,1
STRUCT_277,0x0,uint,1
STRUCT_277,0x4,uint,1
STRUCT_277,0x8,uint,1
STRUCT_277,0xc,uint,1
STRUCT_277,0x10,uint,1
STRUCT_277,0x14,uint,1
STRUCT_277,0x18,uint,1
STRUCT_277,0x1c,uint,1
STRUCT_277,0x20,uint,1
STRUCT_277,0x24,uint,1
STRUCT_278,0x0,uint,1
STRUCT_278,0x4,uint,1
STRUCT_278,0x8,uint,1
STRUCT_278,0xc,uint,1
STRUCT_278,0x10,uint,1
STRUCT_278,0x14,uint,1
STRUCT_278,0x18,uint,1
STRUCT_278,0x1c,uint,1
STRUCT_278,0x20,uint,1
STRUCT_278,0x24,uint,1
STRUCT_279,0x0,uint,1
STRUCT_279,0x4,uint,1
STRUCT_279,0x8,uint,1
STRUCT_279,0xc,uint,1
STRUCT_279,0x10,uint,1
STRUCT_279,0x14,uint,1
STRUCT_279,0x18,uint,1
STRUCT_279,0x1c,uint,1
STRUCT_279,0x20,uint,1
STRUCT_279,0x24,uint,1
STRUCT_280,0x0,uint,1
STRUCT_280,0x4,uint,1
STRUCT_280,0x8,uint,1
STRUCT_280,0xc,uint,1
STRUCT_280,0x10,uint,1
STRUCT_280,0x14,uint,1
STRUCT_280,0x18,uint,1
STRUCT_280,0x1c,uint,1
STRUCT_280,0x20,uint,1
STRUCT_280,0x24,uint,1
STRUCT_281,0x0,uint,1
STRUCT_281,0x4,uint,1
STRUCT_281,0x8,uint,1
STRUCT_281,0xc,uint,1
STRUCT_281,0x10,uint,1
STRUCT_281,0x14,uint,1
STRUCT_281,0x18,uint,1
STRUCT_281,0x1c,uint,1
STRUCT_281,0x20,uint,1
STRUCT_281,0x24,uint,1
STRUCT_282,0x0,uint,1
STRUCT_282,0x4,uint,1
STRUCT_282,0x8,uint,1
STRUCT_282,0xc,uint,1
STRUCT_282,0x10,uint,1
STRUCT_282,0x14,uint,1
STRUCT_282,0x18,uint,1
STRUCT_282,0x1c,uint,1
STRUCT_282,0x20,uint,1
STRUCT_282,0x24,uint,1
STRUCT_283,0x0,uint,23
STRUCT_283,0x4,uint,23
STRUCT_283,0x8,uint,23
STRUCT_283,0x10,uint,23
STRUCT_283,0x14,uint,23
STRUCT_283,0x18,byte,23
STRUCT_283,0x1a,byte,23
STRUCT_283,0x3c,byte,23
STRUCT_283,0x40,uint,23
STRUCT_284,0x4,char,11
STRUCT_284,0x5,byte,11
STRUCT_284,0x2cc,float,11
STRUCT_284,0x2d4,byte/char,11
STRUCT_284,0x2d8,float/uint,11
STRUCT_284,0x2e8,uint,11
STRUCT_284,0x2ec,uint,11
STRUCT_284,0x348,uint,11
STRUCT_284,0x368,uint,11
STRUCT_285,0x0,uint,11
STRUCT_285,0x4,uint,11
STRUCT_285,0x8,uint,11
STRUCT_285,0xc,uint,11
STRUCT_285,0x10,uint,11
STRUCT_285,0x18,uint,11
STRUCT_285,0x1c,uint,11
STRUCT_285,0x20,uint,11
STRUCT_285,0x24,uint,11
STRUCT_286,0x234,uint,8
STRUCT_286,0x238,byte,8
STRUCT_286,0x2e4,uint,8
STRUCT_286,0x2e8,byte/char,8
STRUCT_286,0x5b8,uint,8
STRUCT_286,0x5bc,uint,8
STRUCT_286,0x941,byte,8
STRUCT_286,0x948,byte,8
STRUCT_286,0x94c,uint,8
STRUCT_287,0x0,uint,7
STRUCT_287,0x4,byte/uint,7
STRUCT_287,0x8,uint,7
STRUCT_287,0xc,uint,7
STRUCT_287,0x10,uint,7
STRUCT_287,0x14,uint,7
STRUCT_287,0x18,uint,7
STRUCT_287,0x1c,uint,7
STRUCT_287,0x20,uint,7
STRUCT_288,0x0,uint,5
STRUCT_288,0x4,uint,5
STRUCT_288,0x8,uint,5
STRUCT_288,0xc,float/uint,5
STRUCT_288,0x10,uint,5
STRUCT_288,0x14,uint,5
STRUCT_288,0x24,float,5
STRUCT_288,0x28,byte,5
STRUCT_288,0x29,byte,5
STRUCT_289,0x0,uint,4
STRUCT_289,0x4,uint,4
STRUCT_289,0x8,uint,4
STRUCT_289,0xc,uint,4
STRUCT_289,0x10,uint,4
STRUCT_289,0x14,uint,4
STRUCT_289,0x18,uint,4
STRUCT_289,0x228,uint,4
STRUCT_289,0x234,uint,4
STRUCT_290,0x274,uint,4
STRUCT_290,0x278,byte,4
STRUCT_290,0x324,uint,4
STRUCT_290,0x328,byte,4
STRUCT_290,0x3d4,uint,4
STRUCT_290,0x3d8,byte,4
STRUCT_290,0xdc8,uint,4
STRUCT_290,0x10ac,uint,4
STRUCT_290,0x1614,float,4
STRUCT_291,0x8,uint,4
STRUCT_291,0x14,uint,4
STRUCT_291,0x54,uint,4
STRUCT_291,0x58,byte,4
STRUCT_291,0x5b,byte/char,4
STRUCT_291,0x5c,byte,4
STRUCT_291,0x5d,byte,4
STRUCT_291,0x64,uint,4
STRUCT_291,0x68,uint,4
STRUCT_292,0x0,uint,3
STRUCT_292,0x4,byte/ushort,3
STRUCT_292,0x24,uint,3
STRUCT_292,0x28,uint,3
STRUCT_292,0x30,uint,3
STRUCT_292,0x34,ushort,3
STRUCT_292,0x36,ushort,3
STRUCT_292,0x68,uint,3
STRUCT_292,0x6c,ushort,3
STRUCT_293,0x0,uint,3
STRUCT_293,0x4,uint,3
STRUCT_293,0x8,ushort,3
STRUCT_293,0xa,ushort,3
STRUCT_293,0xee4,byte,3
STRUCT_293,0xee5,byte,3
STRUCT_293,0xee6,byte,3
STRUCT_293,0xf70,uint,3
STRUCT_293,0xf74,ushort,3
STRUCT_294,0x0,uint,3
STRUCT_294,0x4,uint,3
STRUCT_294,0x8,byte/uint,3
STRUCT_294,0x9,char,3
STRUCT_294,0xc,uint,3
STRUCT_294,0x10,uint,3
STRUCT_294,0x14,uint,3
STRUCT_294,0x18,byte,3
STRUCT_294,0x19,char,3
STRUCT_295,0x10,uint,3
STRUCT_295,0x44,byte,3
STRUCT_295,0x64,uint,3
STRUCT_295,0x68,uint,3
STRUCT_295,0x6c,byte,3
STRUCT_295,0x6d,byte,3
STRUCT_295,0x6e,byte,3
STRUCT_295,0x88,uint,3
STRUCT_295,0x8c,uint,3
STRUCT_296,0x0,uint,3
STRUCT_296,0x4,uint,3
STRUCT_296,0x40,byte,3
STRUCT_296,0x55,byte,3
STRUCT_296,0x245,byte,3
STRUCT_296,0x338,byte,3
STRUCT_296,0x33c,uint,3
STRUCT_296,0x340,uint,3
STRUCT_296,0x344,byte,3
STRUCT_297,0x4,uint,3
STRUCT_297,0x8,uint,3
STRUCT_297,0x14,byte,3
STRUCT_297,0x18,uint,3
STRUCT_297,0x1c,uint,3
STRUCT_297,0x24,uint,3
STRUCT_297,0x28,uint,3
STRUCT_297,0x30,uint,3
STRUCT_297,0x34,uint,3
STRUCT_298,0xa0,byte,2
STRUCT_298,0xa1,byte,2
STRUCT_298,0xa2,byte,2
STRUCT_298,0x2c0,uint,2
STRUCT_298,0x2d4,uint,2
STRUCT_298,0x2d8,uint,2
STRUCT_298,0x2dc,uint,2
STRUCT_298,0x328,uint,2
STRUCT_298,0x32c,uint,2
STRUCT_299,0x0,uint,2
STRUCT_299,0x4,uint,2
STRUCT_299,0x8,uint,2
STRUCT_299,0xc,byte,2
STRUCT_299,0xd,byte,2
STRUCT_299,0xe,byte,2
STRUCT_299,0x10,uint,2
STRUCT_299,0x1c,byte,2
STRUCT_299,0x1d,byte,2
STRUCT_300,0x78,uint,2
STRUCT_300,0x7c,uint,2
STRUCT_300,0x80,uint,2
STRUCT_300,0x84,byte,2
STRUCT_300,0x139,byte,2
STRUCT_300,0x16c,uint,2
STRUCT_300,0x190,uint,2
STRUCT_300,0x197,byte,2
STRUCT_300,0x1a8,uint,2
STRUCT_301,0x0,uint,1
STRUCT_301,0x4,uint,1
STRUCT_301,0x8,uint,1
STRUCT_301,0xc,uint,1
STRUCT_301,0x10,uint,1
STRUCT_301,0x14,uint,1
STRUCT_301,0x1c,uint,1
STRUCT_301,0x28,uint,1
STRUCT_301,0x2c,uint,1
STRUCT_302,0x0,uint,1
STRUCT_302,0x4,uint,1
STRUCT_302,0x8,uint,1
STRUCT_302,0xc,float/uint,1
STRUCT_302,0x10,float,1
STRUCT_302,0x14,uint,1
STRUCT_302,0x18,float/uint,1
STRUCT_302,0x1c,float/uint,1
STRUCT_302,0x20,byte,1
STRUCT_303,0x0,uint,1
STRUCT_303,0x4,uint,1
STRUCT_303,0x8,uint,1
STRUCT_303,0xc,uint,1
STRUCT_303,0x10,uint,1
STRUCT_303,0x14,uint,1
STRUCT_303,0x18,uint,1
STRUCT_303,0x1c,uint,1
STRUCT_303,0x2c,uint,1
STRUCT_304,0x0,float/uint,1
STRUCT_304,0x4,float/uint,1
STRUCT_304,0x8,float/uint,1
STRUCT_304,0xc,float/uint,1
STRUCT_304,0x10,float/uint,1
STRUCT_304,0x14,float/uint,1
STRUCT_304,0x18,float/uint,1
STRUCT_304,0x1c,uint,1
STRUCT_304,0x20,uint,1
STRUCT_305,0x24,uint,1
STRUCT_305,0x38,uint,1
STRUCT_305,0x40,uint,1
STRUCT_305,0x54,uint,1
STRUCT_305,0x58,byte,1
STRUCT_305,0x5a,byte,1
STRUCT_305,0x5c,uint,1
STRUCT_305,0x60,uint,1
STRUCT_305,0x68,uint,1
STRUCT_306,0x0,uint,1
STRUCT_306,0x4,float,1
STRUCT_306,0x8,float,1
STRUCT_306,0x10,float,1
STRUCT_306,0x14,float,1
STRUCT_306,0x18,float,1
STRUCT_306,0x20,float,1
STRUCT_306,0x24,float,1
STRUCT_306,0x28,float,1
STRUCT_307,0x0,uint,1
STRUCT_307,0x4,uint,1
STRUCT_307,0x8,uint,1
STRUCT_307,0xc,uint,1
STRUCT_307,0x10,uint,1
STRUCT_307,0x14,uint,1
STRUCT_307,0x18,uint,1
STRUCT_307,0x1c,byte,1
STRUCT_307,0x1d,byte,1
STRUCT_308,0x0,uint,1
STRUCT_308,0x4,uint,1
STRUCT_308,0x8,uint,1
STRUCT_308,0xc,uint,1
STRUCT_308,0x10,uint,1
STRUCT_308,0x14,uint,1
STRUCT_308,0x18,uint,1
STRUCT_308,0x1c,uint,1
STRUCT_308,0x20,uint,1
STRUCT_309,0x0,float,1
STRUCT_309,0x4,uint,1
STRUCT_309,0x8,float,1
STRUCT_309,0xc,float,1
STRUCT_309,0x10,float,1
STRUCT_309,0x14,float,1
STRUCT_309,0x18,float,1
STRUCT_309,0x1c,float,1
STRUCT_309,0x20,float,1
STRUCT_310,0x0,uint,1
STRUCT_310,0x4,uint,1
STRUCT_310,0x8,float,1
STRUCT_310,0xc,float,1
STRUCT_310,0x10,float,1
STRUCT_310,0x14,uint,1
STRUCT_310,0x18,float,1
STRUCT_310,0x1c,float,1
STRUCT_310,0x20,float,1
STRUCT_311,0x0,float,1
STRUCT_311,0x4,float,1
STRUCT_311,0x8,float,1
STRUCT_311,0xc,float,1
STRUCT_311,0x10,float,1
STRUCT_311,0x14,float,1
STRUCT_311,0x18,float,1
STRUCT_311,0x1c,float,1
STRUCT_311,0x20,float,1
STRUCT_312,0x0,float,1
STRUCT_312,0x4,float,1
STRUCT_312,0x8,float,1
STRUCT_312,0xc,float,1
STRUCT_312,0x10,float,1
STRUCT_312,0x14,float,1
STRUCT_312,0x18,float,1
STRUCT_312,0x1c,float,1
STRUCT_312,0x20,float,1
STRUCT_313,0x0,uint,1
STRUCT_313,0x4,uint,1
STRUCT_313,0x8,uint,1
STRUCT_313,0xc,float,1
STRUCT_313,0x10,float,1
STRUCT_313,0x14,uint,1
STRUCT_313,0x18,uint,1
STRUCT_313,0x1c,float,1
STRUCT_313,0x20,float,1
STRUCT_314,0x0,uint,1
STRUCT_314,0x4,uint,1
STRUCT_314,0x8,uint,1
STRUCT_314,0xc,uint,1
STRUCT_314,0x10,float,1
STRUCT_314,0x14,uint,1
STRUCT_314,0x18,uint,1
STRUCT_314,0x1c,uint,1
STRUCT_314,0x20,float,1
STRUCT_315,0x0,float,1
STRUCT_315,0x4,float,1
STRUCT_315,0x8,float,1
STRUCT_315,0xc,uint,1
STRUCT_315,0x1c,uint,1
STRUCT_315,0x20,float,1
STRUCT_315,0x24,float,1
STRUCT_315,0x28,float,1
STRUCT_315,0x2c,uint,1
STRUCT_316,0x0,uint,1
STRUCT_316,0x4,uint,1
STRUCT_316,0x8,uint,1
STRUCT_316,0xc,uint,1
STRUCT_316,0x10,uint,1
STRUCT_316,0x14,uint,1
STRUCT_316,0x18,uint,1
STRUCT_316,0x234,uint,1
STRUCT_316,0x238,uint,1
STRUCT_317,0x0,uint,1
STRUCT_317,0x4,uint,1
STRUCT_317,0x8,uint,1
STRUCT_317,0xc,uint,1
STRUCT_317,0x10,uint,1
STRUCT_317,0x14,uint,1
STRUCT_317,0x18,uint,1
STRUCT_317,0x1c,byte,1
STRUCT_317,0x20,uint,1
STRUCT_318,0x0,uint,1
STRUCT_318,0x4,uint,1
STRUCT_318,0x8,uint,1
STRUCT_318,0xc,uint,1
STRUCT_318,0x10,uint,1
STRUCT_318,0x14,uint,1
STRUCT_318,0x18,uint,1
STRUCT_318,0x1c,byte,1
STRUCT_318,0x20,uint,1
STRUCT_319,0x10,uint,1
STRUCT_319,0x98,byte,1
STRUCT_319,0x99,byte,1
STRUCT_319,0x9a,byte,1
STRUCT_319,0x9b,byte,1
STRUCT_319,0x9d,byte,1
STRUCT_319,0xa1,byte,1
STRUCT_319,0xa2,byte,1
STRUCT_319,0xa3,byte,1
STRUCT_320,0x0,uint,1
STRUCT_320,0x4,uint,1
STRUCT_320,0xc,uint,1
STRUCT_320,0x28,uint,1
STRUCT_320,0x34,uint,1
STRUCT_320,0x130,uint,1
STRUCT_320,0x15c,uint,1
STRUCT_320,0x180,uint,1
STRUCT_320,0x184,uint,1
STRUCT_321,0x4,uint,1
STRUCT_321,0x8,uint,1
STRUCT_321,0xc,uint,1
STRUCT_321,0x14,uint,1
STRUCT_321,0x18,uint,1
STRUCT_321,0x1c,byte,1
STRUCT_321,0x1d,byte,1
STRUCT_321,0x1e,byte,1
STRUCT_321,0x20,uint,1
STRUCT_322,0x0,uint,1
STRUCT_322,0x4,uint,1
STRUCT_322,0x8,uint,1
STRUCT_322,0x14,uint,1
STRUCT_322,0x18,uint,1
STRUCT_322,0x1c,uint,1
STRUCT_322,0x30,uint,1
STRUCT_322,0x34,uint,1
STRUCT_322,0x38,byte,1
STRUCT_323,0x0,uint,1
STRUCT_323,0x4,float,1
STRUCT_323,0x8,uint,1
STRUCT_323,0xc,uint,1
STRUCT_323,0x10,uint,1
STRUCT_323,0x14,uint,1
STRUCT_323,0x18,uint,1
STRUCT_323,0x1c,uint,1
STRUCT_323,0x20,float,1
STRUCT_324,0x20,uint,1
STRUCT_324,0x40,uint,1
STRUCT_324,0xf8,uint,1
STRUCT_324,0xfc,uint,1
STRUCT_324,0x100,uint,1
STRUCT_324,0x104,uint,1
STRUCT_324,0x108,uint,1
STRUCT_324,0x10d,byte,1
STRUCT_324,0x10e,byte,1
STRUCT_325,0x0,uint,1
STRUCT_325,0x4,uint,1
STRUCT_325,0x8,uint,1
STRUCT_325,0xc,uint,1
STRUCT_325,0x10,uint,1
STRUCT_325,0x14,uint,1
STRUCT_325,0x18,byte,1
STRUCT_325,0x1c,uint,1
STRUCT_325,0x20,uint,1
STRUCT_326,0x0,uint,1
STRUCT_326,0x4,byte,1
STRUCT_326,0xc,uint,1
STRUCT_326,0x10,uint,1
STRUCT_326,0x14,uint,1
STRUCT_326,0x18,uint,1
STRUCT_326,0x1c,uint,1
STRUCT_326,0x20,uint,1
STRUCT_326,0x24,uint,1
STRUCT_327,0x1c,uint,1
STRUCT_327,0x20,uint,1
STRUCT_327,0x28,uint,1
STRUCT_327,0x2c,uint,1
STRUCT_327,0x30,uint,1
STRUCT_327,0x34,uint,1
STRUCT_327,0x38,uint,1
STRUCT_327,0x3c,uint,1
STRUCT_327,0x40,byte,1
STRUCT_328,0xc,byte,1
STRUCT_328,0x57,byte,1
STRUCT_328,0x60,uint,1
STRUCT_328,0x7c,byte,1
STRUCT_328,0x80,uint,1
STRUCT_328,0xf0,byte,1
STRUCT_328,0xf1,byte,1
STRUCT_328,0xf4,uint,1
STRUCT_328,0xf8,uint,1
STRUCT_329,0x0,uint,1
STRUCT_329,0x4,uint,1
STRUCT_329,0x8,uint,1
STRUCT_329,0xc,uint,1
STRUCT_329,0x10,uint,1
STRUCT_329,0x14,uint,1
STRUCT_329,0x24,uint,1
STRUCT_329,0x34,uint,1
STRUCT_329,0x5c,uint,1
STRUCT_330,0x4,uint,1
STRUCT_330,0x8,uint,1
STRUCT_330,0x18,byte,1
STRUCT_330,0x1a,ushort,1
STRUCT_330,0x1c,ushort,1
STRUCT_330,0x1e,ushort,1
STRUCT_330,0x20,ushort,1
STRUCT_330,0x22,byte,1
STRUCT_330,0x23,byte,1
STRUCT_331,0x4,uint,1
STRUCT_331,0x8,uint,1
STRUCT_331,0x18,byte,1
STRUCT_331,0x1a,ushort,1
STRUCT_331,0x1c,ushort,1
STRUCT_331,0x1e,ushort,1
STRUCT_331,0x20,ushort,1
STRUCT_331,0x22,byte,1
STRUCT_331,0x23,byte,1
STRUCT_332,0x0,uint,1
STRUCT_332,0x4,uint,1
STRUCT_332,0x8,uint,1
STRUCT_332,0xc,uint,1
STRUCT_332,0x1478,uint,1
STRUCT_332,0x1480,uint,1
STRUCT_332,0x1484,uint,1
STRUCT_332,0x148f,byte,1
STRUCT_332,0x1491,byte,1
STRUCT_333,0x1c,uint,1
STRUCT_333,0x24,byte,1
STRUCT_333,0x30,uint,1
STRUCT_333,0x34,uint,1
STRUCT_333,0x38,uint,1
STRUCT_333,0x3c,uint,1
STRUCT_333,0xc8,uint,1
STRUCT_333,0x15c,uint,1
STRUCT_333,0x160,uint,1
STRUCT_334,0x8c,byte,1
STRUCT_334,0x90,uint,1
STRUCT_334,0x94,uint,1
STRUCT_334,0xc0,uint,1
STRUCT_334,0xc4,uint,1
STRUCT_334,0xc8,uint,1
STRUCT_334,0xd0,byte,1
STRUCT_334,0xd4,uint,1
STRUCT_334,0x130,uint,1
STRUCT_335,0x4,uint,1
STRUCT_335,0x10,uint,1
STRUCT_335,0x38,char,1
STRUCT_335,0x40,uint,1
STRUCT_335,0x68,byte,1
STRUCT_335,0x69,byte,1
STRUCT_335,0x6b,byte,1
STRUCT_335,0x80,uint,1
STRUCT_335,0x84,byte,1
STRUCT_336,0x4,uint,1
STRUCT_336,0x2c,uint,1
STRUCT_336,0x30,uint,1
STRUCT_336,0x38,uint,1
STRUCT_336,0x3c,uint,1
STRUCT_336,0x70,uint,1
STRUCT_336,0x74,uint,1
STRUCT_336,0x78,byte,1
STRUCT_336,0x79,byte,1
STRUCT_337,0x0,uint,1
STRUCT_337,0x4,uint,1
STRUCT_337,0x8,uint,1
STRUCT_337,0xc,uint,1
STRUCT_337,0x10,byte,1
STRUCT_337,0x14,uint,1
STRUCT_337,0x18,uint,1
STRUCT_337,0x1c,uint,1
STRUCT_337,0x20,uint,1
STRUCT_338,0x0,uint,1
STRUCT_338,0x4,uint,1
STRUCT_338,0x8,uint,1
STRUCT_338,0xc,uint,1
STRUCT_338,0x10,uint,1
STRUCT_338,0x14,uint,1
STRUCT_338,0x18,uint,1
STRUCT_338,0x1c,uint,1
STRUCT_338,0x20,uint,1
STRUCT_339,0x0,float/uint,1
STRUCT_339,0x4,float/uint,1
STRUCT_339,0x8,float/uint,1
STRUCT_339,0xc,float,1
STRUCT_339,0x10,float,1
STRUCT_339,0x14,float,1
STRUCT_339,0x18,float/uint,1
STRUCT_339,0x1c,float,1
STRUCT_339,0x20,float,1
STRUCT_340,0x0,uint,1
STRUCT_340,0x4,uint,1
STRUCT_340,0x8,uint,1
STRUCT_340,0x11,byte,1
STRUCT_340,0x12,byte,1
STRUCT_340,0x13,byte,1
STRUCT_340,0x14,byte,1
STRUCT_340,0x15,byte,1
STRUCT_340,0x16,byte,1
STRUCT_341,0x8,uint,1
STRUCT_341,0xc,uint,1
STRUCT_341,0x14,uint,1
STRUCT_341,0x30,uint,1
STRUCT_341,0x34,uint,1
STRUCT_341,0x3c,uint,1
STRUCT_341,0x58,uint,1
STRUCT_341,0x60,uint,1
STRUCT_341,0x64,uint,1
STRUCT_342,0x4,uint,1
STRUCT_342,0x8,uint,1
STRUCT_342,0x18,byte,1
STRUCT_342,0x1a,ushort,1
STRUCT_342,0x1c,ushort,1
STRUCT_342,0x1e,ushort,1
STRUCT_342,0x20,ushort,1
STRUCT_342,0x22,byte,1
STRUCT_342,0x23,byte,1
STRUCT_343,0x4,uint,1
STRUCT_343,0x8,uint,1
STRUCT_343,0x18,byte,1
STRUCT_343,0x1a,ushort,1
STRUCT_343,0x1c,ushort,1
STRUCT_343,0x1e,ushort,1
STRUCT_343,0x20,ushort,1
STRUCT_343,0x22,byte,1
STRUCT_343,0x23,byte,1
STRUCT_344,0x1d68,uint,15
STRUCT_344,0x1d80,uint,15
STRUCT_344,0x1db4,uint,15
STRUCT_344,0x1dc0,byte,15
STRUCT_344,0x1dc3,byte,15
STRUCT_344,0x1dc4,uint,15
STRUCT_344,0x2054,uint,15
STRUCT_344,0x20ac,uint,15
STRUCT_345,0x0,uint,14
STRUCT_345,0x4,uint,14
STRUCT_345,0x8,uint,14
STRUCT_345,0xc,uint,14
STRUCT_345,0x2d40,uint,14
STRUCT_345,0x2d70,byte,14
STRUCT_345,0x2d71,byte,14
STRUCT_345,0x2d74,float/uint,14
STRUCT_346,0x208,uint,14
STRUCT_346,0x20c,uint,14
STRUCT_346,0x210,uint,14
STRUCT_346,0x214,uint,14
STRUCT_346,0x21c,uint,14
STRUCT_346,0x220,uint,14
STRUCT_346,0x224,uint,14
STRUCT_346,0x228,uint,14
STRUCT_347,0x0,uint,9
STRUCT_347,0x4,uint,9
STRUCT_347,0x8,uint,9
STRUCT_347,0xc,uint,9
STRUCT_347,0x10,uint,9
STRUCT_347,0x14,uint,9
STRUCT_347,0x18,byte,9
STRUCT_347,0x19,byte,9
STRUCT_348,0x568,char,9
STRUCT_348,0xeb8,uint/ushort,9
STRUCT_348,0xeba,byte,9
STRUCT_348,0xebb,byte,9
STRUCT_348,0xee8,byte,9
STRUCT_348,0xfb4,uint,9
STRUCT_348,0xfb8,byte/char,9
STRUCT_348,0xfb9,byte,9
STRUCT_349,0x70,uint,8
STRUCT_349,0x4d0,char,8
STRUCT_349,0x4d8,byte,8
STRUCT_349,0x4e0,uint,8
STRUCT_349,0x4e4,uint,8
STRUCT_349,0x4e8,byte,8
STRUCT_349,0x4ec,uint,8
STRUCT_349,0x23dc,uint,8
STRUCT_350,0xc,uint,8
STRUCT_350,0x10,uint,8
STRUCT_350,0x480,uint,8
STRUCT_350,0x484,float,8
STRUCT_350,0x601,byte,8
STRUCT_350,0x608,uint,8
STRUCT_350,0x60c,uint,8
STRUCT_350,0x610,byte,8
STRUCT_351,0x8,uint,7
STRUCT_351,0x70,uint,7
STRUCT_351,0x84,uint,7
STRUCT_351,0x88,uint,7
STRUCT_351,0x230,uint,7
STRUCT_351,0x234,uint,7
STRUCT_351,0x46c,uint,7
STRUCT_351,0x974,uint,7
STRUCT_352,0xeb0,uint,7
STRUCT_352,0xeb4,byte,7
STRUCT_352,0xeb7,byte,7
STRUCT_352,0xeb8,byte,7
STRUCT_352,0xebc,uint,7
STRUCT_352,0xec0,uint,7
STRUCT_352,0xf00,uint,7
STRUCT_352,0x2c60,byte,7
STRUCT_353,0x0,uint/ushort,6
STRUCT_353,0x4,uint,6
STRUCT_353,0x8,uint,6
STRUCT_353,0x3c,uint,6
STRUCT_353,0x40,uint,6
STRUCT_353,0x48,uint,6
STRUCT_353,0x4c,uint,6
STRUCT_353,0x3b8,uint,6
STRUCT_354,0x0,uint/ushort,6
STRUCT_354,0x4,uint,6
STRUCT_354,0x8,uint,6
STRUCT_354,0x3c,uint,6
STRUCT_354,0x40,uint,6
STRUCT_354,0x48,uint,6
STRUCT_354,0x4c,uint,6
STRUCT_354,0x3b8,uint,6
STRUCT_355,0x0,uint/ushort,6
STRUCT_355,0x4,uint,6
STRUCT_355,0x8,uint,6
STRUCT_355,0x3c,uint,6
STRUCT_355,0x40,uint,6
STRUCT_355,0x48,uint,6
STRUCT_355,0x4c,uint,6
STRUCT_355,0x3b8,uint,6
STRUCT_356,0x28,uint,6
STRUCT_356,0x2c,uint,6
STRUCT_356,0x34,uint,6
STRUCT_356,0x38,uint,6
STRUCT_356,0x200,uint,6
STRUCT_356,0x207,byte,6
STRUCT_356,0x208,byte,6
STRUCT_356,0x209,byte,6
STRUCT_357,0x0,byte/float/uint,6
STRUCT_357,0x4,float/uint,6
STRUCT_357,0x8,float/uint,6
STRUCT_357,0xc,float/uint,6
STRUCT_357,0x10,float,6
STRUCT_357,0x14,float,6
STRUCT_357,0x18,float,6
STRUCT_357,0x1c,float,6
STRUCT_358,0x0,uint,4
STRUCT_358,0x8,uint,4
STRUCT_358,0xc,uint,4
STRUCT_358,0x14,byte,4
STRUCT_358,0x15,byte,4
STRUCT_358,0x17,byte,4
STRUCT_358,0x1a,byte,4
STRUCT_358,0x1b,byte,4
STRUCT_359,0x0,uint,4
STRUCT_359,0x18,ushort,4
STRUCT_359,0x1c,uint/ushort,4
STRUCT_359,0x28,byte,4
STRUCT_359,0x34,byte/uint,4
STRUCT_359,0x38,uint,4
STRUCT_359,0x3c,byte,4
STRUCT_359,0x40,float,4
STRUCT_360,0x8,uint,4
STRUCT_360,0x10,uint,4
STRUCT_360,0x34,uint,4
STRUCT_360,0x3c,byte,4
STRUCT_360,0x3d,byte,4
STRUCT_360,0x40,uint,4
STRUCT_360,0x44,uint,4
STRUCT_360,0x48,uint,4
STRUCT_361,0x12c,uint,3
STRUCT_361,0x2d0,byte,3
STRUCT_361,0x2d4,float,3
STRUCT_361,0x328,float,3
STRUCT_361,0x334,uint,3
STRUCT_361,0x338,uint,3
STRUCT_361,0x340,uint,3
STRUCT_361,0x344,float,3
STRUCT_362,0x0,uint,3
STRUCT_362,0x4,uint,3
STRUCT_362,0x10,uint,3
STRUCT_362,0x18,byte,3
STRUCT_362,0x1c,uint,3
STRUCT_362,0x20,uint,3
STRUCT_362,0x24,uint,3
STRUCT_362,0x28,uint,3
STRUCT_363,0x24,uint,3
STRUCT_363,0x28,byte,3
STRUCT_363,0x38,byte,3
STRUCT_363,0x39,byte,3
STRUCT_363,0x3c,uint,3
STRUCT_363,0x40,uint,3
STRUCT_363,0x44,uint,3
STRUCT_363,0x48,byte,3
STRUCT_364,0x0,uint,3
STRUCT_364,0x4,uint,3
STRUCT_364,0x8,uint,3
STRUCT_364,0xc,byte,3
STRUCT_364,0x10,uint,3
STRUCT_364,0x14,uint,3
STRUCT_364,0x18,byte,3
STRUCT_364,0x38,byte,3
STRUCT_365,0x0,char/uint,3
STRUCT_365,0x4,uint,3
STRUCT_365,0x8,uint,3
STRUCT_365,0xc,uint,3
STRUCT_365,0x10,uint,3
STRUCT_365,0x14,uint,3
STRUCT_365,0x18,uint,3
STRUCT_365,0x1c,uint,3
STRUCT_366,0x0,uint,3
STRUCT_366,0x4,uint,3
STRUCT_366,0x8,uint,3
STRUCT_366,0x10,uint,3
STRUCT_366,0x1c,uint,3
STRUCT_366,0x20,uint,3
STRUCT_366,0x24,byte,3
STRUCT_366,0x28,uint,3
STRUCT_367,0x0,uint,3
STRUCT_367,0x4,uint,3
STRUCT_367,0x8,uint,3
STRUCT_367,0xc,uint,3
STRUCT_367,0x10,uint,3
STRUCT_367,0x14,uint,3
STRUCT_367,0x18,uint,3
STRUCT_367,0x1c,byte,3
STRUCT_368,0x2fc,uint,2
STRUCT_368,0x300,uint,2
STRUCT_368,0x380,uint,2
STRUCT_368,0x4d0,uint,2
STRUCT_368,0x4d4,uint,2
STRUCT_368,0x4d8,uint,2
STRUCT_368,0x4ed,byte,2
STRUCT_368,0x4ee,byte,2
STRUCT_369,0x4,uint,2
STRUCT_369,0xc,uint,2
STRUCT_369,0x10,uint,2
STRUCT_369,0x88,byte,2
STRUCT_369,0x600,char,2
STRUCT_369,0x60c,uint,2
STRUCT_369,0x610,byte,2
STRUCT_369,0x650,uint,2
STRUCT_370,0x164,uint,2
STRUCT_370,0x168,uint,2
STRUCT_370,0x16c,uint,2
STRUCT_370,0x178,uint,2
STRUCT_370,0x17c,uint,2
STRUCT_370,0x182,byte,2
STRUCT_370,0x183,byte,2
STRUCT_370,0x1a0,uint,2
STRUCT_371,0x0,ushort,2
STRUCT_371,0x2,ushort,2
STRUCT_371,0x6,ushort,2
STRUCT_371,0x8,uint,2
STRUCT_371,0xc,ushort,2
STRUCT_371,0xe,ushort,2
STRUCT_371,0x10,ushort,2
STRUCT_371,0x12,ushort,2
STRUCT_372,0x0,uint,2
STRUCT_372,0xd,byte,2
STRUCT_372,0x1e,ushort,2
STRUCT_372,0x30,uint,2
STRUCT_372,0x34,short/ushort,2
STRUCT_372,0x36,short/ushort,2
STRUCT_372,0x6e,byte,2
STRUCT_372,0x6f,byte,2
STRUCT_373,0x0,uint,2
STRUCT_373,0x4,uint,2
STRUCT_373,0x8,uint,2
STRUCT_373,0xc,uint,2
STRUCT_373,0x10,uint,2
STRUCT_373,0x14,uint,2
STRUCT_373,0x18,uint,2
STRUCT_373,0x1c,uint,2
STRUCT_374,0x28,uint,2
STRUCT_374,0x2c,uint,2
STRUCT_374,0xb4,uint,2
STRUCT_374,0xbc,uint,2
STRUCT_374,0xc0,uint,2
STRUCT_374,0xcc,uint,2
STRUCT_374,0xe0,uint,2
STRUCT_374,0xe4,uint,2
STRUCT_375,0x0,uint,2
STRUCT_375,0x4,uint,2
STRUCT_375,0x8,uint,2
STRUCT_375,0xc,uint,2
STRUCT_375,0x10,uint,2
STRUCT_375,0x14,uint,2
STRUCT_375,0x18,byte,2
STRUCT_375,0x19,byte,2
STRUCT_376,0xc,uint,2
STRUCT_376,0x10,uint,2
STRUCT_376,0x14,uint,2
STRUCT_376,0x18,uint,2
STRUCT_376,0x1c,uint,2
STRUCT_376,0x20,uint,2
STRUCT_376,0x24,uint,2
STRUCT_376,0x28,uint,2
STRUCT_377,0x0,uint,2
STRUCT_377,0x4,uint,2
STRUCT_377,0x8,uint,2
STRUCT_377,0xc,uint,2
STRUCT_377,0x10,uint,2
STRUCT_377,0x14,uint,2
STRUCT_377,0x18,uint,2
STRUCT_377,0x1c,uint,2
STRUCT_378,0x240,uint,2
STRUCT_378,0x290,uint,2
STRUCT_378,0x2b5,byte,2
STRUCT_378,0x2d0,uint,2
STRUCT_378,0x2dc,uint,2
STRUCT_378,0x2e7,byte,2
STRUCT_378,0x2e8,byte,2
STRUCT_378,0x2e9,byte,2
STRUCT_379,0x0,uint,1
STRUCT_379,0x4,uint,1
STRUCT_379,0x8,uint,1
STRUCT_379,0xc,uint,1
STRUCT_379,0x10,byte,1
STRUCT_379,0x1c,uint,1
STRUCT_379,0x20,uint,1
STRUCT_379,0x24,uint,1
STRUCT_380,0x1,byte,1
STRUCT_380,0x2,byte,1
STRUCT_380,0x3,byte,1
STRUCT_380,0x27,byte,1
STRUCT_380,0x28,ushort,1
STRUCT_380,0x2a,ushort,1
STRUCT_380,0x2c,uint,1
STRUCT_380,0x32,ushort,1
STRUCT_381,0x0,uint,1
STRUCT_381,0x4,uint,1
STRUCT_381,0x8,uint,1
STRUCT_381,0xc,uint,1
STRUCT_381,0x10,uint,1
STRUCT_381,0x14,uint,1
STRUCT_381,0x18,uint,1
STRUCT_381,0x1c,uint,1
STRUCT_382,0xac,uint,1
STRUCT_382,0xb0,byte,1
STRUCT_382,0x15c,uint,1
STRUCT_382,0x160,byte,1
STRUCT_382,0x20c,uint,1
STRUCT_382,0x210,byte,1
STRUCT_382,0x8c1,byte,1
STRUCT_382,0x8c8,byte,1
STRUCT_383,0xc0,uint,1
STRUCT_383,0xc4,byte,1
STRUCT_383,0xc5,byte,1
STRUCT_383,0xc8,uint,1
STRUCT_383,0xcc,uint,1
STRUCT_383,0xd0,uint,1
STRUCT_383,0xd4,byte,1
STRUCT_383,0xd5,byte,1
STRUCT_384,0x2c,uint,1
STRUCT_384,0x30,uint,1
STRUCT_384,0x38,uint,1
STRUCT_384,0x3c,uint,1
STRUCT_384,0x48,uint,1
STRUCT_384,0x4c,uint,1
STRUCT_384,0xbc,byte,1
STRUCT_384,0xc0,uint,1
STRUCT_385,0xc0,uint,1
STRUCT_385,0xc4,byte,1
STRUCT_385,0xc5,byte,1
STRUCT_385,0xc8,uint,1
STRUCT_385,0xcc,uint,1
STRUCT_385,0xd0,uint,1
STRUCT_385,0xd4,byte,1
STRUCT_385,0xd5,byte,1
STRUCT_386,0x0,uint,1
STRUCT_386,0x4,uint,1
STRUCT_386,0x8,uint,1
STRUCT_386,0xc,uint,1
STRUCT_386,0x10,uint,1
STRUCT_386,0x14,uint,1
STRUCT_386,0x48,byte,1
STRUCT_386,0x49,byte/char,1
STRUCT_387,0x4,uint,1
STRUCT_387,0x14,uint,1
STRUCT_387,0x18,uint,1
STRUCT_387,0x20,uint,1
STRUCT_387,0x24,byte,1
STRUCT_387,0x25,byte,1
STRUCT_387,0x26,byte,1
STRUCT_387,0x27,byte,1
STRUCT_388,0x0,uint,1
STRUCT_388,0x4,uint,1
STRUCT_388,0x8,uint,1
STRUCT_388,0xc,uint,1
STRUCT_388,0x10,uint,1
STRUCT_388,0x14,uint,1
STRUCT_388,0x18,uint,1
STRUCT_388,0x1c,uint,1
STRUCT_389,0x0,uint,1
STRUCT_389,0x4,byte,1
STRUCT_389,0x8,uint,1
STRUCT_389,0xc,uint,1
STRUCT_389,0x10,uint,1
STRUCT_389,0x14,uint,1
STRUCT_389,0x18,uint,1
STRUCT_389,0x1c,uint,1
STRUCT_390,0x0,uint,1
STRUCT_390,0x14,uint,1
STRUCT_390,0x18,uint,1
STRUCT_390,0x1c,uint,1
STRUCT_390,0x20,uint,1
STRUCT_390,0x28,uint,1
STRUCT_390,0x2c,byte,1
STRUCT_390,0x30,byte,1
STRUCT_391,0x1c8,uint,1
STRUCT_391,0x1cc,uint,1
STRUCT_391,0x1d0,uint,1
STRUCT_391,0x1d4,uint,1
STRUCT_391,0x1d8,uint,1
STRUCT_391,0x1dc,uint,1
STRUCT_391,0x1e0,uint,1
STRUCT_391,0x1e4,uint,1
STRUCT_392,0x0,uint,1
STRUCT_392,0x4,uint,1
STRUCT_392,0x8,uint,1
STRUCT_392,0xc,uint,1
STRUCT_392,0x1c,uint,1
STRUCT_392,0x20,uint,1
STRUCT_392,0x24,uint,1
STRUCT_392,0x28,uint,1
STRUCT_393,0x0,byte,1
STRUCT_393,0x1,byte,1
STRUCT_393,0x2,byte,1
STRUCT_393,0x3,byte,1
STRUCT_393,0x4,byte,1
STRUCT_393,0x5,byte,1
STRUCT_393,0x6,byte,1
STRUCT_393,0x7,byte,1
STRUCT_394,0x0,uint,1
STRUCT_394,0x4,uint,1
STRUCT_394,0x8,uint,1
STRUCT_394,0xc,uint,1
STRUCT_394,0x10,byte,1
STRUCT_394,0x14,uint,1
STRUCT_394,0x18,byte,1
STRUCT_394,0x19,byte,1
STRUCT_395,0x0,byte,1
STRUCT_395,0x1,byte,1
STRUCT_395,0x2,byte,1
STRUCT_395,0x3,byte,1
STRUCT_395,0x4,byte,1
STRUCT_395,0x5,byte,1
STRUCT_395,0x6,byte,1
STRUCT_395,0x7,byte,1
STRUCT_396,0x0,uint,1
STRUCT_396,0x4,float,1
STRUCT_396,0x8,float,1
STRUCT_396,0xc,float,1
STRUCT_396,0x10,float,1
STRUCT_396,0x14,float,1
STRUCT_396,0x18,float,1
STRUCT_396,0x1c,float,1
STRUCT_397,0x0,float,1
STRUCT_397,0x4,float,1
STRUCT_397,0x8,float,1
STRUCT_397,0xc,uint,1
STRUCT_397,0x10,float,1
STRUCT_397,0x14,float,1
STRUCT_397,0x18,float,1
STRUCT_397,0x1c,float,1
STRUCT_398,0x0,float,1
STRUCT_398,0x4,float,1
STRUCT_398,0x8,float,1
STRUCT_398,0xc,float,1
STRUCT_398,0x10,float,1
STRUCT_398,0x14,float,1
STRUCT_398,0x18,float,1
STRUCT_398,0x1c,float,1
STRUCT_399,0x0,uint,1
STRUCT_399,0x4,float,1
STRUCT_399,0x8,float,1
STRUCT_399,0xc,float,1
STRUCT_399,0x10,uint,1
STRUCT_399,0x14,float,1
STRUCT_399,0x18,float,1
STRUCT_399,0x1c,float,1
STRUCT_400,0x0,uint,1
STRUCT_400,0x4,uint,1
STRUCT_400,0x8,float,1
STRUCT_400,0xc,float,1
STRUCT_400,0x10,uint,1
STRUCT_400,0x14,uint,1
STRUCT_400,0x18,float,1
STRUCT_400,0x1c,float,1
