address	original	name	references_including_definition	string_anchors
00100000	FUN_00100000	runtime_entry_00100000	3	
00100024	FUN_00100024	zero_startup_memory_00100024	3	
00100048	FUN_00100048	FUN_00100048	3	
001000a0	FUN_001000a0	FUN_001000a0	3	
00100128	FUN_00100128	FUN_00100128	3	
0010013c	thunk_FUN_00100144	thunk_FUN_00100144	3	
00100144	FUN_00100144	FUN_00100144	4	
00100186	FUN_00100186	cstring_append_00100186	3	
001001a6	FUN_001001a6	FUN_001001a6	3	
001001f4	FUN_001001f4	FUN_001001f4	2	
001001fc	FUN_001001fc	FUN_001001fc	3	s_RWSTDERR_0010034c
0010036c	FUN_0010036c	FUN_0010036c	3	
00100378	FUN_00100378	FUN_00100378	3	
001003b8	FUN_001003b8	FUN_001003b8	3	
001003d0	FUN_001003d0	FUN_001003d0	4	
00100428	FUN_00100428	FUN_00100428	3	
0010044c	FUN_0010044c	FUN_0010044c	3	
00100596	FUN_00100596	FUN_00100596	3	
001006e0	FUN_001006e0	FUN_001006e0	3	
001007c4	FUN_001007c4	FUN_001007c4	3	
00100808	FUN_00100808	FUN_00100808	4	
00100870	FUN_00100870	FUN_00100870	3	
0010098c	FUN_0010098c	FUN_0010098c	3	
00100a70	FUN_00100a70	FUN_00100a70	3	
00100b3c	FUN_00100b3c	FUN_00100b3c	3	
00100b6e	FUN_00100b6e	FUN_00100b6e	3	
00100bf8	FUN_00100bf8	FUN_00100bf8	3	
00100c3c	FUN_00100c3c	FUN_00100c3c	3	
00100c70	FUN_00100c70	FUN_00100c70	3	
00100d18	FUN_00100d18	FUN_00100d18	3	
00100de8	FUN_00100de8	FUN_00100de8	4	
00101184	FUN_00101184	FUN_00101184	3	
00101398	FUN_00101398	FUN_00101398	2	
0010165c	FUN_0010165c	FUN_0010165c	4	
0010167c	FUN_0010167c	FUN_0010167c	4	
00101764	FUN_00101764	FUN_00101764	4	
00101778	FUN_00101778	FUN_00101778	3	
00101780	FUN_00101780	FUN_00101780	4	
00101910	FUN_00101910	FUN_00101910	3	
00101948	FUN_00101948	FUN_00101948	3	
00101978	FUN_00101978	FUN_00101978	4	
00101d3c	FUN_00101d3c	FUN_00101d3c	3	
00101d4e	FUN_00101d4e	FUN_00101d4e	4	
00101d64	FUN_00101d64	string_storage_add_reference_00101d64	4	
00101d78	FUN_00101d78	FUN_00101d78	3	
00101d88	FUN_00101d88	FUN_00101d88	3	
00101e10	FUN_00101e10	FUN_00101e10	2	
00102140	thunk_FUN_00101e10	thunk_FUN_00101e10	3	
00102144	FUN_00102144	FUN_00102144	3	s_INFINITY_00102280
0010228c	FUN_0010228c	FUN_0010228c	3	
001022a4	FUN_001022a4	FUN_001022a4	4	
001022bc	FUN_001022bc	FUN_001022bc	3	
001022cc	FUN_001022cc	FUN_001022cc	4	
001022d8	FUN_001022d8	FUN_001022d8	3	
00102394	FUN_00102394	FUN_00102394	4	
001023cc	FUN_001023cc	FUN_001023cc	3	
001023f0	FUN_001023f0	FUN_001023f0	4	
00102430	FUN_00102430	FUN_00102430	3	
00102470	FUN_00102470	FUN_00102470	3	
00102478	FUN_00102478	FUN_00102478	3	
00102480	FUN_00102480	FUN_00102480	3	
001024a2	FUN_001024a2	FUN_001024a2	3	
001024c6	FUN_001024c6	FUN_001024c6	4	
001024ec	thunk_FUN_001024f2	thunk_FUN_001024f2	4	
001024f2	FUN_001024f2	FUN_001024f2	2	
00102508	FUN_00102508	FUN_00102508	4	
00102520	FUN_00102520	FUN_00102520	3	
00102544	FUN_00102544	FUN_00102544	3	
00102550	FUN_00102550	FUN_00102550	4	
0010255c	FUN_0010255c	FUN_0010255c	4	
00102574	FUN_00102574	FUN_00102574	3	
0010260e	FUN_0010260e	FUN_0010260e	3	
00102634	FUN_00102634	FUN_00102634	3	
00102644	FUN_00102644	FUN_00102644	3	
0010269a	FUN_0010269a	FUN_0010269a	4	
00102742	FUN_00102742	FUN_00102742	3	
001027cc	FUN_001027cc	FUN_001027cc	3	
00102856	FUN_00102856	FUN_00102856	3	
001028c0	FUN_001028c0	FUN_001028c0	3	
0010293a	FUN_0010293a	FUN_0010293a	3	
00102a7a	FUN_00102a7a	FUN_00102a7a	3	
00102a86	FUN_00102a86	FUN_00102a86	3	
00102af8	FUN_00102af8	FUN_00102af8	3	
00102b20	FUN_00102b20	FUN_00102b20	4	
00102bf8	FUN_00102bf8	FUN_00102bf8	3	
00102c0e	FUN_00102c0e	FUN_00102c0e	2	
00102e0c	FUN_00102e0c	FUN_00102e0c	2	
00102ffc	FUN_00102ffc	FUN_00102ffc	3	
0010301c	FUN_0010301c	FUN_0010301c	3	
00103040	FUN_00103040	FUN_00103040	2	s_unknown_exception_00103090 s_unexpected_exception_001030a4 s_bad_alloc__out_of_memory_001030bc s_Exception___s__0010307c
001030d8	FUN_001030d8	FUN_001030d8	4	
00103168	FUN_00103168	FUN_00103168	3	
001031a0	FUN_001031a0	FUN_001031a0	2	
0010320e	FUN_0010320e	FUN_0010320e	2	
0010322c	FUN_0010322c	FUN_0010322c	2	
00103268	FUN_00103268	FUN_00103268	4	
001032e8	FUN_001032e8	FUN_001032e8	3	
0010332c	FUN_0010332c	FUN_0010332c	3	s_POSIX_001033e8
001033f4	FUN_001033f4	FUN_001033f4	2	
0010355c	FUN_0010355c	FUN_0010355c	3	
00103582	FUN_00103582	FUN_00103582	4	
00103594	FUN_00103594	FUN_00103594	2	
001036ae	FUN_001036ae	FUN_001036ae	2	
001036bc	FUN_001036bc	FUN_001036bc	3	
001036ec	FUN_001036ec	FUN_001036ec	4	
00103734	FUN_00103734	FUN_00103734	4	
00103758	FUN_00103758	FUN_00103758	3	
00103764	FUN_00103764	FUN_00103764	4	
00103798	FUN_00103798	FUN_00103798	3	
001037dc	FUN_001037dc	FUN_001037dc	2	
001037ea	FUN_001037ea	FUN_001037ea	3	
00103816	FUN_00103816	FUN_00103816	2	
001038e4	FUN_001038e4	FUN_001038e4	4	
001038ec	FUN_001038ec	FUN_001038ec	2	
001038fc	FUN_001038fc	FUN_001038fc	3	
00103a6c	FUN_00103a6c	FUN_00103a6c	3	
00103a7c	FUN_00103a7c	FUN_00103a7c	3	
00103b48	FUN_00103b48	FUN_00103b48	3	
00103de8	FUN_00103de8	FUN_00103de8	3	
00103e1c	FUN_00103e1c	FUN_00103e1c	3	
00103e70	FUN_00103e70	FUN_00103e70	3	
00103e90	FUN_00103e90	FUN_00103e90	3	
00103f00	FUN_00103f00	FUN_00103f00	3	
00103fc0	FUN_00103fc0	FUN_00103fc0	3	
00103fe8	FUN_00103fe8	FUN_00103fe8	3	
00104024	FUN_00104024	FUN_00104024	3	
00104078	FUN_00104078	FUN_00104078	4	
00104110	FUN_00104110	FUN_00104110	3	
00104164	FUN_00104164	FUN_00104164	4	
00104244	FUN_00104244	FUN_00104244	3	
00104254	FUN_00104254	FUN_00104254	3	
00104308	FUN_00104308	FUN_00104308	3	
00104320	FUN_00104320	FUN_00104320	3	
00104370	FUN_00104370	FUN_00104370	3	
001043ac	FUN_001043ac	FUN_001043ac	3	
00104458	FUN_00104458	FUN_00104458	3	
00104508	FUN_00104508	FUN_00104508	3	
001045b8	FUN_001045b8	FUN_001045b8	3	
00104668	FUN_00104668	FUN_00104668	3	
00104798	FUN_00104798	FUN_00104798	3	
00104ae0	FUN_00104ae0	FUN_00104ae0	3	
00104b14	FUN_00104b14	FUN_00104b14	3	
00104b78	FUN_00104b78	FUN_00104b78	3	
00104db0	FUN_00104db0	FUN_00104db0	3	
00104de0	FUN_00104de0	FUN_00104de0	2	
00104eb4	FUN_00104eb4	FUN_00104eb4	3	
00104ed0	FUN_00104ed0	FUN_00104ed0	3	
001050a0	FUN_001050a0	FUN_001050a0	3	
00105358	FUN_00105358	FUN_00105358	3	
001053a0	FUN_001053a0	FUN_001053a0	3	
001053b4	FUN_001053b4	FUN_001053b4	3	
0010542c	FUN_0010542c	FUN_0010542c	3	
00105470	FUN_00105470	FUN_00105470	3	
00105498	FUN_00105498	FUN_00105498	3	
0010561c	FUN_0010561c	FUN_0010561c	3	
00105648	FUN_00105648	FUN_00105648	3	
00105708	FUN_00105708	FUN_00105708	3	
00105738	FUN_00105738	FUN_00105738	3	
00105748	FUN_00105748	FUN_00105748	3	
001057e8	FUN_001057e8	FUN_001057e8	4	
001057f8	FUN_001057f8	FUN_001057f8	3	
00105834	FUN_00105834	FUN_00105834	4	
00105868	FUN_00105868	FUN_00105868	4	
00105874	FUN_00105874	FUN_00105874	3	
00105898	FUN_00105898	FUN_00105898	3	
00105900	FUN_00105900	FUN_00105900	3	
00105914	FUN_00105914	FUN_00105914	3	
00105928	FUN_00105928	FUN_00105928	4	
00105a04	FUN_00105a04	FUN_00105a04	3	
00105ac4	FUN_00105ac4	FUN_00105ac4	5	
00105aec	FUN_00105aec	FUN_00105aec	3	
00105c14	FUN_00105c14	FUN_00105c14	4	
00105c20	FUN_00105c20	FUN_00105c20	4	
00105d50	FUN_00105d50	FUN_00105d50	4	
00105d68	FUN_00105d68	FUN_00105d68	4	
00105d9c	FUN_00105d9c	FUN_00105d9c	3	
00105da0	FUN_00105da0	FUN_00105da0	2	
00105de0	FUN_00105de0	FUN_00105de0	4	
00105e98	FUN_00105e98	FUN_00105e98	3	
00105e9c	FUN_00105e9c	FUN_00105e9c	2	
00105f60	FUN_00105f60	FUN_00105f60	4	
00105ff0	FUN_00105ff0	FUN_00105ff0	4	
00106038	FUN_00106038	FUN_00106038	4	
0010610c	FUN_0010610c	FUN_0010610c	4	
00106138	FUN_00106138	FUN_00106138	3	
00106148	FUN_00106148	FUN_00106148	3	
001062e4	FUN_001062e4	FUN_001062e4	3	
001062f4	FUN_001062f4	FUN_001062f4	5	
00106490	FUN_00106490	FUN_00106490	3	
001064a4	FUN_001064a4	FUN_001064a4	3	
001064b0	FUN_001064b0	FUN_001064b0	3	
001064c0	FUN_001064c0	FUN_001064c0	3	
001064d0	FUN_001064d0	FUN_001064d0	4	
0010650c	FUN_0010650c	FUN_0010650c	3	
00106544	FUN_00106544	FUN_00106544	3	
00106584	FUN_00106584	FUN_00106584	3	
001065c4	FUN_001065c4	FUN_001065c4	3	
00106bb0	FUN_00106bb0	FUN_00106bb0	3	
00106be0	FUN_00106be0	FUN_00106be0	3	
00106cc0	FUN_00106cc0	FUN_00106cc0	3	s_aVertexIndex_00106ea0 s_dmp_FragOperation_mode_00106eb0 s_dmp_FragmentLighting_enabled_00106ecc s_aPosition_00106e94
00106eec	FUN_00106eec	FUN_00106eec	4	
00106fd4	FUN_00106fd4	FUN_00106fd4	3	
00107004	FUN_00107004	FUN_00107004	3	
0010709c	FUN_0010709c	FUN_0010709c	3	
001070b8	FUN_001070b8	FUN_001070b8	4	
001070f8	FUN_001070f8	FUN_001070f8	4	
0010725c	FUN_0010725c	FUN_0010725c	4	
0010729c	FUN_0010729c	FUN_0010729c	3	
00107370	FUN_00107370	FUN_00107370	2	
00107484	FUN_00107484	FUN_00107484	3	
001078c4	FUN_001078c4	FUN_001078c4	3	
0010791c	FUN_0010791c	FUN_0010791c	3	
00107938	FUN_00107938	FUN_00107938	2	
00107c54	FUN_00107c54	FUN_00107c54	2	
00107d18	FUN_00107d18	FUN_00107d18	2	
00108070	FUN_00108070	FUN_00108070	3	
001080bc	FUN_001080bc	FUN_001080bc	3	
001080e0	FUN_001080e0	FUN_001080e0	3	
001081cc	FUN_001081cc	FUN_001081cc	3	
00108304	FUN_00108304	FUN_00108304	3	
0010835c	FUN_0010835c	FUN_0010835c	3	
00109000	FUN_00109000	FUN_00109000	3	
00109034	FUN_00109034	FUN_00109034	4	
001090f8	FUN_001090f8	FUN_001090f8	2	
00109108	FUN_00109108	FUN_00109108	2	
00109154	FUN_00109154	FUN_00109154	2	
0010916c	FUN_0010916c	FUN_0010916c	2	
00109170	FUN_00109170	FUN_00109170	3	
00109188	FUN_00109188	FUN_00109188	3	
001091b8	FUN_001091b8	FUN_001091b8	3	
00109318	FUN_00109318	FUN_00109318	3	
00109350	FUN_00109350	FUN_00109350	3	
00109368	FUN_00109368	FUN_00109368	3	
001093dc	FUN_001093dc	FUN_001093dc	4	
00109424	FUN_00109424	FUN_00109424	4	
0010947c	FUN_0010947c	FUN_0010947c	3	
00109510	FUN_00109510	FUN_00109510	3	
001095a4	FUN_001095a4	FUN_001095a4	3	
001095b0	FUN_001095b0	FUN_001095b0	3	
00109634	FUN_00109634	FUN_00109634	3	
00109680	FUN_00109680	FUN_00109680	3	
001098fc	FUN_001098fc	FUN_001098fc	3	
00109990	FUN_00109990	FUN_00109990	3	
001099f4	FUN_001099f4	FUN_001099f4	3	
00109a6c	FUN_00109a6c	FUN_00109a6c	3	
00109a84	FUN_00109a84	FUN_00109a84	3	
00109ba0	FUN_00109ba0	FUN_00109ba0	2	
00109be8	FUN_00109be8	FUN_00109be8	2	
00109d4c	FUN_00109d4c	FUN_00109d4c	4	
00109e2c	FUN_00109e2c	FUN_00109e2c	3	
00109e40	FUN_00109e40	FUN_00109e40	3	
00109e60	FUN_00109e60	FUN_00109e60	3	
00109e70	FUN_00109e70	FUN_00109e70	6	
00109eb0	FUN_00109eb0	FUN_00109eb0	4	
00109ec0	FUN_00109ec0	FUN_00109ec0	3	
00109f54	FUN_00109f54	FUN_00109f54	4	
00109f64	FUN_00109f64	FUN_00109f64	3	
0010a038	FUN_0010a038	FUN_0010a038	3	
0010a04c	FUN_0010a04c	FUN_0010a04c	3	
0010a05c	FUN_0010a05c	FUN_0010a05c	4	
0010a0a8	FUN_0010a0a8	FUN_0010a0a8	3	
0010a0dc	FUN_0010a0dc	FUN_0010a0dc	3	
0010a0ec	FUN_0010a0ec	FUN_0010a0ec	3	
0010a114	FUN_0010a114	FUN_0010a114	3	
0010a2cc	FUN_0010a2cc	FUN_0010a2cc	3	
0010a31c	FUN_0010a31c	FUN_0010a31c	3	
0010a378	FUN_0010a378	FUN_0010a378	3	
0010a3cc	FUN_0010a3cc	FUN_0010a3cc	3	
0010a408	FUN_0010a408	FUN_0010a408	4	
0010a444	FUN_0010a444	FUN_0010a444	4	
0010a578	FUN_0010a578	FUN_0010a578	4	
0010a83c	FUN_0010a83c	FUN_0010a83c	4	
0010a850	FUN_0010a850	FUN_0010a850	3	
0010a9f8	FUN_0010a9f8	FUN_0010a9f8	3	
0010abd8	FUN_0010abd8	FUN_0010abd8	3	
0010ae14	FUN_0010ae14	FUN_0010ae14	3	
0010ae4c	FUN_0010ae4c	FUN_0010ae4c	3	
0010aed4	FUN_0010aed4	FUN_0010aed4	3	
0010aee4	FUN_0010aee4	FUN_0010aee4	4	
0010af18	FUN_0010af18	FUN_0010af18	4	
0010afa8	FUN_0010afa8	FUN_0010afa8	4	
0010afcc	FUN_0010afcc	FUN_0010afcc	3	
0010afe4	FUN_0010afe4	FUN_0010afe4	3	
0010b08c	FUN_0010b08c	FUN_0010b08c	3	
0010b0ac	FUN_0010b0ac	FUN_0010b0ac	3	
0010b12c	FUN_0010b12c	FUN_0010b12c	3	s_aPosition_0010b40c s_aPositionZ_0010b418 s_aColor_0010b424 s_aTexCoord_0010b42c s_uProjection_0010b438 s_uModelView_0010b444 s_dmp_FragmentLighting_enabled_0010b450 s_dmp_Texture_0__samplerType_0010b470 s_dmp_Fog_mode_0010b48c s_dmp_FragOperation_enableAlphaTes_0010b49c s_dmp_FragOperation_alphaRefValue_0010b4c0 s_dmp_FragOperation_alphaTestFunc_0010b4e0 s_dmp_TexEnv_3__srcRgb_0010b500 s_dmp_TexEnv_3__srcAlpha_0010b518 s_dmp_TexEnv_3__operandRgb_0010b530 s_dmp_TexEnv_3__operandAlpha_0010b54c s_dmp_TexEnv_3__combineRgb_0010b568 s_dmp_TexEnv_3__combineAlpha_0010b584 s_dmp_TexEnv_3__scaleRgb_0010b5a0 s_dmp_TexEnv_3__scaleAlpha_0010b5b8 s_dmp_TexEnv_3__constRgba_0010b5d4 s_dmp_TexEnv_4__srcRgb_0010b5ec s_dmp_TexEnv_4__srcAlpha_0010b604 s_dmp_TexEnv_4__operandRgb_0010b61c s_dmp_TexEnv_4__operandAlpha_0010b638 s_dmp_TexEnv_4__combineRgb_0010b654 s_dmp_TexEnv_4__combineAlpha_0010b670 s_dmp_TexEnv_4__scaleRgb_0010b68c s_dmp_TexEnv_4__scaleAlpha_0010b6a4 s_dmp_TexEnv_4__constRgba_0010b6c0 s_dmp_TexEnv_5__srcRgb_0010b6d8 s_dmp_TexEnv_5__srcAlpha_0010b6f0 s_dmp_TexEnv_5__operandRgb_0010b708 s_dmp_TexEnv_5__operandAlpha_0010b724 s_dmp_TexEnv_5__combineRgb_0010b740 s_dmp_TexEnv_5__combineAlpha_0010b75c s_dmp_TexEnv_5__scaleRgb_0010b778 s_dmp_TexEnv_5__scaleAlpha_0010b790 s_dmp_TexEnv_5__constRgba_0010b7ac
0010b7e0	FUN_0010b7e0	FUN_0010b7e0	3	
0010b81c	FUN_0010b81c	FUN_0010b81c	3	
0010b82c	FUN_0010b82c	FUN_0010b82c	3	
0010b874	FUN_0010b874	FUN_0010b874	3	
0010b8ec	FUN_0010b8ec	FUN_0010b8ec	4	
0010bae8	FUN_0010bae8	FUN_0010bae8	4	
0010bb2c	FUN_0010bb2c	FUN_0010bb2c	4	
0010bb64	FUN_0010bb64	FUN_0010bb64	3	
0010bba8	FUN_0010bba8	FUN_0010bba8	3	
0010c3f0	FUN_0010c3f0	FUN_0010c3f0	3	
0010c888	FUN_0010c888	FUN_0010c888	3	
0010ca3c	FUN_0010ca3c	FUN_0010ca3c	3	
0010cab0	FUN_0010cab0	FUN_0010cab0	3	
0010caf0	FUN_0010caf0	FUN_0010caf0	4	
0010caf8	FUN_0010caf8	FUN_0010caf8	2	
0010cf0c	FUN_0010cf0c	FUN_0010cf0c	3	
0010d074	FUN_0010d074	FUN_0010d074	4	
0010d090	FUN_0010d090	FUN_0010d090	3	
0010d598	FUN_0010d598	FUN_0010d598	4	
0010d5c8	FUN_0010d5c8	FUN_0010d5c8	4	
0010d6b0	FUN_0010d6b0	FUN_0010d6b0	4	
0010d7e4	FUN_0010d7e4	FUN_0010d7e4	3	
0010d820	FUN_0010d820	FUN_0010d820	4	
0010d894	FUN_0010d894	FUN_0010d894	3	
0010d8d4	FUN_0010d8d4	FUN_0010d8d4	4	
0010d91c	FUN_0010d91c	FUN_0010d91c	3	
0010dab4	FUN_0010dab4	FUN_0010dab4	3	
0010dfa4	FUN_0010dfa4	FUN_0010dfa4	3	
0010e02c	FUN_0010e02c	FUN_0010e02c	3	
0010e1a0	FUN_0010e1a0	FUN_0010e1a0	2	
0010e1e4	FUN_0010e1e4	FUN_0010e1e4	2	
0010e258	FUN_0010e258	FUN_0010e258	3	
0010e6ec	FUN_0010e6ec	FUN_0010e6ec	4	
0010e77c	FUN_0010e77c	FUN_0010e77c	3	
0010e804	FUN_0010e804	FUN_0010e804	3	
0010e828	FUN_0010e828	FUN_0010e828	3	
0010e844	FUN_0010e844	FUN_0010e844	6	
0010e850	FUN_0010e850	FUN_0010e850	4	
0010ec30	FUN_0010ec30	FUN_0010ec30	3	
0010ec90	FUN_0010ec90	FUN_0010ec90	4	
0010ed78	FUN_0010ed78	FUN_0010ed78	4	
0010ee5c	FUN_0010ee5c	FUN_0010ee5c	3	
0010ee6c	FUN_0010ee6c	FUN_0010ee6c	4	
0010ef18	FUN_0010ef18	FUN_0010ef18	4	
0010ef64	FUN_0010ef64	FUN_0010ef64	4	
0010efc8	FUN_0010efc8	FUN_0010efc8	4	
0010f064	FUN_0010f064	FUN_0010f064	4	
0010f140	FUN_0010f140	FUN_0010f140	13	
0010f190	FUN_0010f190	FUN_0010f190	5	
0010f214	FUN_0010f214	FUN_0010f214	3	
0010f240	FUN_0010f240	FUN_0010f240	3	
0010f26c	FUN_0010f26c	FUN_0010f26c	3	
0010f328	FUN_0010f328	FUN_0010f328	3	
0010f358	FUN_0010f358	FUN_0010f358	5	
0010f394	FUN_0010f394	FUN_0010f394	4	
0010f3d0	FUN_0010f3d0	FUN_0010f3d0	3	
0010f404	FUN_0010f404	FUN_0010f404	3	
0010f5b4	FUN_0010f5b4	FUN_0010f5b4	3	
0010f614	FUN_0010f614	FUN_0010f614	3	
0010f63c	FUN_0010f63c	FUN_0010f63c	3	
0010f7f8	FUN_0010f7f8	FUN_0010f7f8	3	
0010f8e4	FUN_0010f8e4	FUN_0010f8e4	3	
0010f924	FUN_0010f924	FUN_0010f924	4	
0010fb10	FUN_0010fb10	FUN_0010fb10	3	
0010fdc0	FUN_0010fdc0	FUN_0010fdc0	4	
0010ff04	FUN_0010ff04	FUN_0010ff04	4	
0010ffac	FUN_0010ffac	FUN_0010ffac	2	
0010ffe8	FUN_0010ffe8	FUN_0010ffe8	3	
00110020	FUN_00110020	FUN_00110020	3	
00110024	FUN_00110024	FUN_00110024	2	
00110128	FUN_00110128	FUN_00110128	5	
0011013c	FUN_0011013c	FUN_0011013c	3	
001101a4	FUN_001101a4	FUN_001101a4	3	
00110220	FUN_00110220	FUN_00110220	6	
00110224	FUN_00110224	FUN_00110224	2	
00110254	FUN_00110254	FUN_00110254	3	
0011026c	FUN_0011026c	FUN_0011026c	9	
00110270	FUN_00110270	FUN_00110270	2	
001102b8	FUN_001102b8	FUN_001102b8	3	
001102cc	FUN_001102cc	FUN_001102cc	3	
001102dc	FUN_001102dc	FUN_001102dc	3	
001102ec	FUN_001102ec	FUN_001102ec	2	
001107a4	FUN_001107a4	FUN_001107a4	2	
00110afc	FUN_00110afc	FUN_00110afc	3	
00110c30	FUN_00110c30	FUN_00110c30	3	
00110c40	FUN_00110c40	FUN_00110c40	3	
00110cb8	FUN_00110cb8	FUN_00110cb8	3	
00110dbc	FUN_00110dbc	FUN_00110dbc	3	
00110ea0	FUN_00110ea0	FUN_00110ea0	3	
0011106c	FUN_0011106c	FUN_0011106c	3	
00111140	FUN_00111140	FUN_00111140	3	
001112b4	FUN_001112b4	FUN_001112b4	3	
001112d4	FUN_001112d4	FUN_001112d4	3	
00111308	FUN_00111308	FUN_00111308	3	
0011131c	FUN_0011131c	FUN_0011131c	3	
001113c8	FUN_001113c8	FUN_001113c8	4	
00111ba0	FUN_00111ba0	FUN_00111ba0	2	
00111d58	FUN_00111d58	FUN_00111d58	3	
00111d64	FUN_00111d64	FUN_00111d64	4	
0011222c	FUN_0011222c	FUN_0011222c	3	
00112308	FUN_00112308	FUN_00112308	3	
00115d44	FUN_00115d44	FUN_00115d44	3	
00115d6c	FUN_00115d6c	FUN_00115d6c	4	
00115ed8	FUN_00115ed8	FUN_00115ed8	4	
00116038	FUN_00116038	FUN_00116038	3	
00116168	FUN_00116168	FUN_00116168	3	
001163a0	FUN_001163a0	FUN_001163a0	4	
001165d8	FUN_001165d8	FUN_001165d8	4	
001166e8	FUN_001166e8	FUN_001166e8	4	
00116778	FUN_00116778	FUN_00116778	3	
001167d0	FUN_001167d0	FUN_001167d0	3	
001167f0	FUN_001167f0	FUN_001167f0	4	
00116994	FUN_00116994	FUN_00116994	3	
0011b890	FUN_0011b890	FUN_0011b890	4	
0011b8e8	FUN_0011b8e8	FUN_0011b8e8	4	
0011bbd4	FUN_0011bbd4	FUN_0011bbd4	4	
0011c234	FUN_0011c234	FUN_0011c234	3	
0011c248	FUN_0011c248	FUN_0011c248	3	
0011c254	FUN_0011c254	FUN_0011c254	3	
0011c27c	FUN_0011c27c	FUN_0011c27c	7	
0011c294	FUN_0011c294	FUN_0011c294	3	
0011c2a0	FUN_0011c2a0	FUN_0011c2a0	3	
0011c368	FUN_0011c368	FUN_0011c368	3	
0011c3bc	FUN_0011c3bc	FUN_0011c3bc	4	
0011c3e8	FUN_0011c3e8	FUN_0011c3e8	3	
0011c41c	FUN_0011c41c	FUN_0011c41c	4	
0011c4c8	FUN_0011c4c8	FUN_0011c4c8	4	
0011c504	FUN_0011c504	FUN_0011c504	3	
0011c520	FUN_0011c520	FUN_0011c520	4	
0011c618	FUN_0011c618	FUN_0011c618	3	
0011c64c	FUN_0011c64c	FUN_0011c64c	4	
0011c684	FUN_0011c684	FUN_0011c684	4	
0011c744	FUN_0011c744	FUN_0011c744	4	
0011c75c	FUN_0011c75c	FUN_0011c75c	4	
0011c7b0	FUN_0011c7b0	FUN_0011c7b0	4	
0011c818	FUN_0011c818	FUN_0011c818	4	
0011c878	FUN_0011c878	FUN_0011c878	4	
0011c8d8	FUN_0011c8d8	FUN_0011c8d8	4	
0011c98c	FUN_0011c98c	FUN_0011c98c	4	
0011c9f8	FUN_0011c9f8	FUN_0011c9f8	3	
0011ca8c	FUN_0011ca8c	FUN_0011ca8c	4	
0011cc7c	FUN_0011cc7c	FUN_0011cc7c	4	
0011ccb8	FUN_0011ccb8	FUN_0011ccb8	2	
0011cce0	FUN_0011cce0	FUN_0011cce0	2	
0011cd28	FUN_0011cd28	FUN_0011cd28	5	
0011cd6c	FUN_0011cd6c	FUN_0011cd6c	3	
0011cdbc	FUN_0011cdbc	FUN_0011cdbc	4	
0011ce1c	FUN_0011ce1c	FUN_0011ce1c	15	
0011ce2c	FUN_0011ce2c	FUN_0011ce2c	15	
0011ce48	FUN_0011ce48	FUN_0011ce48	3	
0011ce5c	FUN_0011ce5c	FUN_0011ce5c	3	
0011ce6c	FUN_0011ce6c	FUN_0011ce6c	3	
0011ce80	FUN_0011ce80	FUN_0011ce80	3	
0011ce94	FUN_0011ce94	FUN_0011ce94	3	
0011cea4	FUN_0011cea4	FUN_0011cea4	3	
0011ced0	FUN_0011ced0	FUN_0011ced0	4	
0011cf24	FUN_0011cf24	FUN_0011cf24	4	
0011cf34	FUN_0011cf34	FUN_0011cf34	3	
0011cf44	FUN_0011cf44	FUN_0011cf44	3	
0011cf54	FUN_0011cf54	FUN_0011cf54	3	
0011cf68	FUN_0011cf68	FUN_0011cf68	3	
0011cf74	FUN_0011cf74	FUN_0011cf74	4	
0011cf80	FUN_0011cf80	FUN_0011cf80	3	
0011cf90	FUN_0011cf90	FUN_0011cf90	3	
0011cfa4	FUN_0011cfa4	FUN_0011cfa4	3	
0011cfc8	FUN_0011cfc8	FUN_0011cfc8	3	
0011d000	FUN_0011d000	FUN_0011d000	3	
0011d07c	FUN_0011d07c	FUN_0011d07c	4	
0011d108	FUN_0011d108	FUN_0011d108	3	
0011d14c	FUN_0011d14c	FUN_0011d14c	3	
0011d1e8	FUN_0011d1e8	FUN_0011d1e8	4	
0011d224	FUN_0011d224	FUN_0011d224	5	
0011d260	FUN_0011d260	FUN_0011d260	4	
0011d2a8	FUN_0011d2a8	FUN_0011d2a8	4	
0011d2d4	FUN_0011d2d4	FUN_0011d2d4	4	
0011d308	FUN_0011d308	FUN_0011d308	3	
0011d3e8	FUN_0011d3e8	FUN_0011d3e8	4	
0011dcdc	FUN_0011dcdc	FUN_0011dcdc	4	
0011e218	FUN_0011e218	FUN_0011e218	4	
0011e2d8	FUN_0011e2d8	FUN_0011e2d8	3	
0011e434	FUN_0011e434	FUN_0011e434	3	
0011e640	FUN_0011e640	FUN_0011e640	4	
0011e7dc	FUN_0011e7dc	FUN_0011e7dc	3	
0011e7f0	FUN_0011e7f0	FUN_0011e7f0	3	
0011e810	FUN_0011e810	FUN_0011e810	3	
0011e830	FUN_0011e830	FUN_0011e830	3	
0011e850	FUN_0011e850	FUN_0011e850	3	
0011f7f8	FUN_0011f7f8	FUN_0011f7f8	4	
0011fe38	FUN_0011fe38	FUN_0011fe38	3	
0011fff4	FUN_0011fff4	FUN_0011fff4	2	
00120040	FUN_00120040	FUN_00120040	3	
0012004c	FUN_0012004c	FUN_0012004c	3	
00120084	FUN_00120084	FUN_00120084	5	
00120198	FUN_00120198	FUN_00120198	3	
00120200	FUN_00120200	FUN_00120200	3	
00120280	FUN_00120280	FUN_00120280	5	
001202b8	FUN_001202b8	FUN_001202b8	4	
001202d0	FUN_001202d0	FUN_001202d0	3	
001202dc	FUN_001202dc	FUN_001202dc	3	
00120578	FUN_00120578	FUN_00120578	3	
001205f8	FUN_001205f8	FUN_001205f8	3	
00120658	FUN_00120658	FUN_00120658	3	
001206c8	FUN_001206c8	FUN_001206c8	6	
001206fc	FUN_001206fc	FUN_001206fc	3	
001207cc	FUN_001207cc	FUN_001207cc	3	
00120830	FUN_00120830	FUN_00120830	2	
00120860	FUN_00120860	FUN_00120860	19	
00120864	FUN_00120864	FUN_00120864	2	
00120910	FUN_00120910	FUN_00120910	2	
00120a68	FUN_00120a68	FUN_00120a68	3	
00120ad4	FUN_00120ad4	FUN_00120ad4	3	
00120b24	FUN_00120b24	FUN_00120b24	3	
00120b34	FUN_00120b34	FUN_00120b34	3	
00120bd4	FUN_00120bd4	FUN_00120bd4	3	
00120c2c	FUN_00120c2c	FUN_00120c2c	3	
00120c88	FUN_00120c88	FUN_00120c88	3	
00120d14	FUN_00120d14	FUN_00120d14	3	
00120d58	FUN_00120d58	FUN_00120d58	3	
00120d90	FUN_00120d90	FUN_00120d90	4	
00120ee0	FUN_00120ee0	FUN_00120ee0	4	
00120ff0	FUN_00120ff0	FUN_00120ff0	152	
00120ffc	FUN_00120ffc	FUN_00120ffc	4	
0012107c	FUN_0012107c	FUN_0012107c	4	
001210f8	FUN_001210f8	FUN_001210f8	4	
00121168	FUN_00121168	FUN_00121168	4	
001211e0	FUN_001211e0	FUN_001211e0	4	
0012126c	FUN_0012126c	FUN_0012126c	4	
001213cc	FUN_001213cc	FUN_001213cc	3	
001213dc	FUN_001213dc	FUN_001213dc	6	
001214c0	FUN_001214c0	FUN_001214c0	5	
0012150c	FUN_0012150c	FUN_0012150c	5	
00121524	FUN_00121524	FUN_00121524	6	
0012153c	FUN_0012153c	FUN_0012153c	3	
00121618	FUN_00121618	FUN_00121618	3	
00121640	FUN_00121640	FUN_00121640	4	
00121644	FUN_00121644	FUN_00121644	2	
00121648	FUN_00121648	FUN_00121648	4	
00121690	thunk_FUN_00101398	thunk_FUN_00101398	6	
00121694	FUN_00121694	FUN_00121694	4	
001216dc	FUN_001216dc	FUN_001216dc	3	
001216e8	FUN_001216e8	FUN_001216e8	3	
00121714	FUN_00121714	FUN_00121714	3	
00121744	FUN_00121744	FUN_00121744	3	
00121774	FUN_00121774	FUN_00121774	3	
001217f4	FUN_001217f4	FUN_001217f4	3	
0012182c	FUN_0012182c	FUN_0012182c	4	
00121b74	FUN_00121b74	FUN_00121b74	4	
00121bd0	FUN_00121bd0	FUN_00121bd0	4	
00121c00	FUN_00121c00	FUN_00121c00	4	
00121e64	FUN_00121e64	FUN_00121e64	3	
00121ea8	FUN_00121ea8	FUN_00121ea8	5	
00121fd8	FUN_00121fd8	FUN_00121fd8	4	
001220d0	FUN_001220d0	FUN_001220d0	3	
001221d0	FUN_001221d0	FUN_001221d0	3	
001221e8	FUN_001221e8	FUN_001221e8	3	
00122318	FUN_00122318	FUN_00122318	3	
00122344	FUN_00122344	FUN_00122344	2	
0012247c	FUN_0012247c	FUN_0012247c	3	
001224cc	FUN_001224cc	FUN_001224cc	3	
00122508	FUN_00122508	FUN_00122508	2	
00122600	FUN_00122600	FUN_00122600	4	
0012261c	FUN_0012261c	FUN_0012261c	4	
0012264c	FUN_0012264c	FUN_0012264c	2	
00122720	FUN_00122720	FUN_00122720	3	
00122748	thunk_FUN_00121644	thunk_FUN_00121644	3	
0012274c	FUN_0012274c	FUN_0012274c	3	
00122b34	FUN_00122b34	FUN_00122b34	3	
0012326c	FUN_0012326c	FUN_0012326c	3	
00123e20	FUN_00123e20	FUN_00123e20	3	
00124ce0	FUN_00124ce0	FUN_00124ce0	3	
00125b34	FUN_00125b34	FUN_00125b34	3	
0012645c	FUN_0012645c	FUN_0012645c	2	
0012648c	FUN_0012648c	FUN_0012648c	2	
001264c4	FUN_001264c4	FUN_001264c4	3	
001268ac	FUN_001268ac	FUN_001268ac	3	
00126fe4	FUN_00126fe4	FUN_00126fe4	3	
00127b98	FUN_00127b98	FUN_00127b98	3	
00128a58	FUN_00128a58	FUN_00128a58	3	
001298ac	FUN_001298ac	FUN_001298ac	3	
0012a1d4	FUN_0012a1d4	FUN_0012a1d4	2	
0012a204	FUN_0012a204	FUN_0012a204	2	
0012a23c	FUN_0012a23c	FUN_0012a23c	3	
0012a624	FUN_0012a624	FUN_0012a624	3	
0012ad5c	FUN_0012ad5c	FUN_0012ad5c	3	
0012b910	FUN_0012b910	FUN_0012b910	3	
0012c7d0	FUN_0012c7d0	FUN_0012c7d0	3	
0012d624	FUN_0012d624	FUN_0012d624	3	
0012df4c	FUN_0012df4c	FUN_0012df4c	2	
0012df7c	FUN_0012df7c	FUN_0012df7c	2	
0012dfb4	thunk_FUN_0012e9c0	thunk_FUN_0012e9c0	2	
0012e238	FUN_0012e238	FUN_0012e238	4	
0012e7e4	FUN_0012e7e4	FUN_0012e7e4	10	
0012e9c0	FUN_0012e9c0	FUN_0012e9c0	2	
0012f0c6	FUN_0012f0c6	FUN_0012f0c6	2	
0012f27a	FUN_0012f27a	FUN_0012f27a	2	
0012f400	thunk_FUN_00130ae4	thunk_FUN_00130ae4	2	s__________________________________00133c15
0012f490	FUN_0012f490	FUN_0012f490	22	
0012f6d0	FUN_0012f6d0	FUN_0012f6d0	4	
0012f744	FUN_0012f744	FUN_0012f744	22	
0012f938	FUN_0012f938	FUN_0012f938	4	
0012f98c	FUN_0012f98c	FUN_0012f98c	22	
0012fb70	FUN_0012fb70	FUN_0012fb70	4	
0012fbb4	FUN_0012fbb4	FUN_0012fbb4	22	
0012fd80	FUN_0012fd80	FUN_0012fd80	4	
0012feb4	FUN_0012feb4	FUN_0012feb4	4	
0012ffd8	FUN_0012ffd8	FUN_0012ffd8	4	
001300e4	FUN_001300e4	FUN_001300e4	4	
00130208	FUN_00130208	FUN_00130208	6	
0013033c	FUN_0013033c	FUN_0013033c	6	
00130448	FUN_00130448	FUN_00130448	6	
0013057c	FUN_0013057c	FUN_0013057c	6	
001306a0	FUN_001306a0	FUN_001306a0	6	
001307ac	FUN_001307ac	FUN_001307ac	6	
001308b8	FUN_001308b8	FUN_001308b8	6	
001309c4	FUN_001309c4	FUN_001309c4	6	
00130ab0	FUN_00130ab0	FUN_00130ab0	6	
00130ae4	FUN_00130ae4	FUN_00130ae4	2	s__________________________________00133c15
00130d04	caseD_6	caseD_6	0	
00130ea0	FUN_00130ea0	FUN_00130ea0	9	
001310dc	FUN_001310dc	FUN_001310dc	10	
00131134	FUN_00131134	FUN_00131134	2	
0013122c	FUN_0013122c	FUN_0013122c	8	
001313e8	FUN_001313e8	FUN_001313e8	6	
00131438	FUN_00131438	FUN_00131438	11	
00131468	FUN_00131468	FUN_00131468	42	
0013147c	FUN_0013147c	FUN_0013147c	15	
001314b8	FUN_001314b8	FUN_001314b8	2	
001314bc	FUN_001314bc	FUN_001314bc	4	
001319cc	FUN_001319cc	FUN_001319cc	6	
00132b98	FUN_00132b98	FUN_00132b98	2	
001331b4	FUN_001331b4	FUN_001331b4	2	
001333a0	FUN_001333a0	FUN_001333a0	4	
00133d70	FUN_00133d70	FUN_00133d70	6	s__________________________________00133c15
00133f24	FUN_00133f24	FUN_00133f24	2	
0013409c	FUN_0013409c	FUN_0013409c	2	
00134214	FUN_00134214	FUN_00134214	2	
001343f0	FUN_001343f0	FUN_001343f0	2	
00134564	FUN_00134564	FUN_00134564	2	
00134730	FUN_00134730	FUN_00134730	2	
0013487c	FUN_0013487c	FUN_0013487c	2	
00135a00	thunk_FUN_001370e4	thunk_FUN_001370e4	2	s__________________________________0013a215
00135a90	FUN_00135a90	FUN_00135a90	22	
00135cd0	FUN_00135cd0	FUN_00135cd0	4	
00135d44	FUN_00135d44	FUN_00135d44	22	
00135f38	FUN_00135f38	FUN_00135f38	4	
00135f8c	FUN_00135f8c	FUN_00135f8c	22	
00136170	FUN_00136170	FUN_00136170	4	
001361b4	FUN_001361b4	FUN_001361b4	22	
00136380	FUN_00136380	FUN_00136380	4	
001364b4	FUN_001364b4	FUN_001364b4	4	
001365d8	FUN_001365d8	FUN_001365d8	4	
001366e4	FUN_001366e4	FUN_001366e4	4	
00136808	FUN_00136808	FUN_00136808	6	
0013693c	FUN_0013693c	FUN_0013693c	6	
00136a48	FUN_00136a48	FUN_00136a48	6	
00136b7c	FUN_00136b7c	FUN_00136b7c	6	
00136ca0	FUN_00136ca0	FUN_00136ca0	6	
00136dac	FUN_00136dac	FUN_00136dac	6	
00136eb8	FUN_00136eb8	FUN_00136eb8	6	
00136fc4	FUN_00136fc4	FUN_00136fc4	6	
001370b0	FUN_001370b0	FUN_001370b0	6	
001370e4	FUN_001370e4	FUN_001370e4	2	s__________________________________0013a215
00137304	caseD_6	caseD_6	0	
001374a0	FUN_001374a0	FUN_001374a0	9	
001376dc	FUN_001376dc	FUN_001376dc	10	
00137734	FUN_00137734	FUN_00137734	2	
0013782c	FUN_0013782c	FUN_0013782c	8	
001379e8	FUN_001379e8	FUN_001379e8	6	
00137a38	FUN_00137a38	FUN_00137a38	11	
00137a68	FUN_00137a68	FUN_00137a68	40	
00137a7c	FUN_00137a7c	FUN_00137a7c	15	
00137ab8	FUN_00137ab8	FUN_00137ab8	2	
00137abc	FUN_00137abc	FUN_00137abc	4	
00137fcc	FUN_00137fcc	FUN_00137fcc	2	
00139198	FUN_00139198	FUN_00139198	2	
001397b4	FUN_001397b4	FUN_001397b4	2	
001399a0	FUN_001399a0	FUN_001399a0	4	
0013a370	FUN_0013a370	FUN_0013a370	6	s__________________________________0013a215
0013a524	FUN_0013a524	FUN_0013a524	2	
0013a69c	FUN_0013a69c	FUN_0013a69c	2	
0013a814	FUN_0013a814	FUN_0013a814	2	
0013a9f0	FUN_0013a9f0	FUN_0013a9f0	2	
0013ab64	FUN_0013ab64	FUN_0013ab64	2	
0013ad30	FUN_0013ad30	FUN_0013ad30	2	
0013ae7c	FUN_0013ae7c	FUN_0013ae7c	2	
0013c000	thunk_FUN_0013d6e4	thunk_FUN_0013d6e4	2	s__________________________________00140815
0013c090	FUN_0013c090	FUN_0013c090	22	
0013c2d0	FUN_0013c2d0	FUN_0013c2d0	4	
0013c344	FUN_0013c344	FUN_0013c344	22	
0013c538	FUN_0013c538	FUN_0013c538	4	
0013c58c	FUN_0013c58c	FUN_0013c58c	22	
0013c770	FUN_0013c770	FUN_0013c770	4	
0013c7b4	FUN_0013c7b4	FUN_0013c7b4	22	
0013c980	FUN_0013c980	FUN_0013c980	4	
0013cab4	FUN_0013cab4	FUN_0013cab4	4	
0013cbd8	FUN_0013cbd8	FUN_0013cbd8	4	
0013cce4	FUN_0013cce4	FUN_0013cce4	4	
0013ce08	FUN_0013ce08	FUN_0013ce08	6	
0013cf3c	FUN_0013cf3c	FUN_0013cf3c	6	
0013d048	FUN_0013d048	FUN_0013d048	6	
0013d17c	FUN_0013d17c	FUN_0013d17c	6	
0013d2a0	FUN_0013d2a0	FUN_0013d2a0	6	
0013d3ac	FUN_0013d3ac	FUN_0013d3ac	6	
0013d4b8	FUN_0013d4b8	FUN_0013d4b8	6	
0013d5c4	FUN_0013d5c4	FUN_0013d5c4	6	
0013d6b0	FUN_0013d6b0	FUN_0013d6b0	6	
0013d6e4	FUN_0013d6e4	FUN_0013d6e4	2	s__________________________________00140815
0013d904	caseD_6	caseD_6	0	
0013daa0	FUN_0013daa0	FUN_0013daa0	9	
0013dcdc	FUN_0013dcdc	FUN_0013dcdc	10	
0013dd34	FUN_0013dd34	FUN_0013dd34	2	
0013de2c	FUN_0013de2c	FUN_0013de2c	8	
0013dfe8	FUN_0013dfe8	FUN_0013dfe8	6	
0013e038	FUN_0013e038	FUN_0013e038	11	
0013e068	FUN_0013e068	FUN_0013e068	42	
0013e07c	FUN_0013e07c	FUN_0013e07c	15	
0013e0b8	FUN_0013e0b8	FUN_0013e0b8	2	
0013e0bc	FUN_0013e0bc	FUN_0013e0bc	4	
0013e5cc	FUN_0013e5cc	FUN_0013e5cc	6	
0013f798	FUN_0013f798	FUN_0013f798	2	
0013fdb4	FUN_0013fdb4	FUN_0013fdb4	2	
0013ffa0	FUN_0013ffa0	FUN_0013ffa0	4	
00140970	FUN_00140970	FUN_00140970	6	s__________________________________00140815
00140b24	FUN_00140b24	FUN_00140b24	2	
00140c9c	FUN_00140c9c	FUN_00140c9c	2	
00140e14	FUN_00140e14	FUN_00140e14	2	
00140ff0	FUN_00140ff0	FUN_00140ff0	2	
00141164	FUN_00141164	FUN_00141164	2	
00141330	FUN_00141330	FUN_00141330	2	
0014147c	FUN_0014147c	FUN_0014147c	2	
001426b8	FUN_001426b8	FUN_001426b8	3	
00142758	FUN_00142758	FUN_00142758	3	
00142a24	FUN_00142a24	FUN_00142a24	4	
00142a4c	FUN_00142a4c	FUN_00142a4c	3	
00142ac0	FUN_00142ac0	FUN_00142ac0	3	
00142b1c	FUN_00142b1c	FUN_00142b1c	3	
00142b8c	FUN_00142b8c	FUN_00142b8c	3	
00142c04	FUN_00142c04	FUN_00142c04	3	
00142f24	FUN_00142f24	FUN_00142f24	3	
00142fe8	FUN_00142fe8	FUN_00142fe8	2	
00143138	FUN_00143138	FUN_00143138	3	
00143160	FUN_00143160	FUN_00143160	2	
00143178	FUN_00143178	FUN_00143178	3	
001431f4	FUN_001431f4	FUN_001431f4	4	
00143304	FUN_00143304	message_file_create_00143304	3	s_LBL1_00143378 s_TXT2_00143380 s_ATR1_00143388 s_TSY1_00143390
00143398	FUN_00143398	FUN_00143398	3	
0014349c	FUN_0014349c	FUN_0014349c	4	
001434bc	FUN_001434bc	FUN_001434bc	3	
001434cc	FUN_001434cc	FUN_001434cc	3	
00143538	FUN_00143538	FUN_00143538	3	
00143578	FUN_00143578	FUN_00143578	4	
00143588	FUN_00143588	FUN_00143588	4	
00143864	FUN_00143864	FUN_00143864	3	
00143958	FUN_00143958	FUN_00143958	3	
00143ae4	FUN_00143ae4	FUN_00143ae4	4	
00144200	FUN_00144200	FUN_00144200	4	
001443e4	FUN_001443e4	FUN_001443e4	3	
00144694	FUN_00144694	FUN_00144694	4	
00144bc4	FUN_00144bc4	FUN_00144bc4	4	
00144cf4	FUN_00144cf4	FUN_00144cf4	3	s_QD_
001450fc	FUN_001450fc	FUN_001450fc	4	
001454e8	FUN_001454e8	FUN_001454e8	4	
001455ec	FUN_001455ec	FUN_001455ec	3	
00145684	FUN_00145684	FUN_00145684	3	
001456e8	FUN_001456e8	FUN_001456e8	3	
00145714	FUN_00145714	FUN_00145714	3	s_____
00145cc0	FUN_00145cc0	FUN_00145cc0	3	
00145cd0	FUN_00145cd0	FUN_00145cd0	3	
00145ce8	FUN_00145ce8	FUN_00145ce8	3	
00145d08	FUN_00145d08	FUN_00145d08	4	
00145d18	FUN_00145d18	FUN_00145d18	3	
00145f10	FUN_00145f10	FUN_00145f10	3	
00145f58	FUN_00145f58	FUN_00145f58	3	
00145f74	FUN_00145f74	FUN_00145f74	3	
00145fbc	FUN_00145fbc	FUN_00145fbc	4	s_Search_result01_04_00146198 s_Search_result01_06_001461b8 s_Search_result01_05_001461cc
001461e4	FUN_001461e4	FUN_001461e4	3	
00146208	FUN_00146208	FUN_00146208	3	
00146684	FUN_00146684	FUN_00146684	3	
00146694	FUN_00146694	FUN_00146694	4	
001467c4	FUN_001467c4	FUN_001467c4	3	
001467d0	FUN_001467d0	FUN_001467d0	4	
001467e0	FUN_001467e0	FUN_001467e0	3	
001467f0	FUN_001467f0	FUN_001467f0	3	
00146c04	FUN_00146c04	FUN_00146c04	3	
00146c1c	FUN_00146c1c	FUN_00146c1c	2	
00146c30	FUN_00146c30	FUN_00146c30	2	
00146c48	FUN_00146c48	FUN_00146c48	4	
00146e64	FUN_00146e64	FUN_00146e64	4	
00147078	FUN_00147078	FUN_00147078	3	
001470e8	FUN_001470e8	FUN_001470e8	3	
00147138	FUN_00147138	FUN_00147138	4	
00147148	FUN_00147148	FUN_00147148	3	
00147178	FUN_00147178	FUN_00147178	3	
00147204	FUN_00147204	FUN_00147204	3	
00147214	FUN_00147214	FUN_00147214	3	
00147228	FUN_00147228	FUN_00147228	3	
00147318	FUN_00147318	FUN_00147318	6	
00147344	FUN_00147344	FUN_00147344	3	s____
001474d8	FUN_001474d8	FUN_001474d8	3	
00147500	FUN_00147500	FUN_00147500	4	
00147568	FUN_00147568	FUN_00147568	3	
001475e8	FUN_001475e8	FUN_001475e8	4	
001475f8	FUN_001475f8	FUN_001475f8	3	s_QgfffHo
00148030	FUN_00148030	FUN_00148030	4	
00148040	FUN_00148040	FUN_00148040	3	
00148050	FUN_00148050	FUN_00148050	2	
00148178	FUN_00148178	FUN_00148178	3	
00148188	FUN_00148188	FUN_00148188	4	
001484b4	FUN_001484b4	FUN_001484b4	3	
001484c0	FUN_001484c0	FUN_001484c0	3	s_JSESSIONID_001488e8
00148f2c	FUN_00148f2c	FUN_00148f2c	3	
00148f3c	FUN_00148f3c	FUN_00148f3c	3	
00148f4c	FUN_00148f4c	FUN_00148f4c	3	
00148fd0	FUN_00148fd0	FUN_00148fd0	4	
001490c8	FUN_001490c8	FUN_001490c8	3	
00149b48	FUN_00149b48	FUN_00149b48	3	
00149b58	FUN_00149b58	FUN_00149b58	4	
00149de0	FUN_00149de0	FUN_00149de0	4	
00149df0	FUN_00149df0	FUN_00149df0	3	
00149e28	FUN_00149e28	FUN_00149e28	3	
00149e80	FUN_00149e80	FUN_00149e80	4	
00149f8c	FUN_00149f8c	FUN_00149f8c	4	
0014a100	FUN_0014a100	FUN_0014a100	3	
0014a110	FUN_0014a110	FUN_0014a110	4	
0014a140	FUN_0014a140	FUN_0014a140	3	
0014a73c	FUN_0014a73c	FUN_0014a73c	3	
0014a77c	FUN_0014a77c	FUN_0014a77c	4	
0014a7b0	FUN_0014a7b0	FUN_0014a7b0	3	
0014a7ec	FUN_0014a7ec	FUN_0014a7ec	4	
0014a7fc	FUN_0014a7fc	FUN_0014a7fc	4	
0014a80c	FUN_0014a80c	FUN_0014a80c	3	
0014a8e0	FUN_0014a8e0	FUN_0014a8e0	3	s_Search_result01_04_0014aabc s_Search_result01_06_0014aadc s_Search_result01_05_0014aaf0
0014ab24	FUN_0014ab24	FUN_0014ab24	4	
0014ab58	FUN_0014ab58	FUN_0014ab58	3	
0014b6e0	FUN_0014b6e0	FUN_0014b6e0	3	
0014b7c8	FUN_0014b7c8	FUN_0014b7c8	3	
0014b7d8	FUN_0014b7d8	FUN_0014b7d8	5	
0014b7e8	FUN_0014b7e8	FUN_0014b7e8	3	
0014bb44	FUN_0014bb44	FUN_0014bb44	3	
0014bf74	FUN_0014bf74	FUN_0014bf74	3	
0014c624	FUN_0014c624	FUN_0014c624	4	
0014c634	FUN_0014c634	FUN_0014c634	3	
0014c644	FUN_0014c644	FUN_0014c644	3	
0014c654	FUN_0014c654	FUN_0014c654	2	
0014c660	FUN_0014c660	FUN_0014c660	3	
0014c670	FUN_0014c670	FUN_0014c670	3	
0014c6ac	FUN_0014c6ac	FUN_0014c6ac	3	
0014c6bc	FUN_0014c6bc	FUN_0014c6bc	4	
0014cb50	FUN_0014cb50	FUN_0014cb50	4	
0014d0b4	FUN_0014d0b4	FUN_0014d0b4	3	
0014d0f4	FUN_0014d0f4	FUN_0014d0f4	3	
0014e0b8	FUN_0014e0b8	FUN_0014e0b8	4	
0014e1b8	FUN_0014e1b8	FUN_0014e1b8	3	
0014e1c8	FUN_0014e1c8	FUN_0014e1c8	4	
0014e564	FUN_0014e564	FUN_0014e564	4	
0014e7c0	FUN_0014e7c0	FUN_0014e7c0	3	
0014ec68	FUN_0014ec68	FUN_0014ec68	3	
0014ec9c	FUN_0014ec9c	FUN_0014ec9c	4	
0014ed98	FUN_0014ed98	FUN_0014ed98	3	
0014f990	FUN_0014f990	FUN_0014f990	3	
0014fa14	FUN_0014fa14	FUN_0014fa14	3	
0014fa24	FUN_0014fa24	FUN_0014fa24	2	
0014fadc	FUN_0014fadc	FUN_0014fadc	3	
0014faf0	FUN_0014faf0	FUN_0014faf0	3	
001505b4	FUN_001505b4	FUN_001505b4	3	
001505dc	FUN_001505dc	FUN_001505dc	4	
001506a8	FUN_001506a8	FUN_001506a8	4	
00150790	FUN_00150790	FUN_00150790	2	
001507f8	FUN_001507f8	FUN_001507f8	3	
00150804	FUN_00150804	FUN_00150804	3	
0015112c	FUN_0015112c	FUN_0015112c	4	
0015113c	FUN_0015113c	FUN_0015113c	3	
00151150	FUN_00151150	FUN_00151150	3	
001513f0	FUN_001513f0	FUN_001513f0	3	
00151400	FUN_00151400	FUN_00151400	2	
001515b0	FUN_001515b0	FUN_001515b0	3	
00151618	FUN_00151618	FUN_00151618	2	
00151828	FUN_00151828	FUN_00151828	2	
00151918	FUN_00151918	FUN_00151918	2	
00151b40	FUN_00151b40	FUN_00151b40	2	
00151bcc	FUN_00151bcc	FUN_00151bcc	2	
00151c08	FUN_00151c08	FUN_00151c08	2	
00151c60	FUN_00151c60	FUN_00151c60	2	
00151d58	FUN_00151d58	FUN_00151d58	2	
00151e30	FUN_00151e30	FUN_00151e30	2	
00151f10	FUN_00151f10	FUN_00151f10	2	
00151f74	FUN_00151f74	FUN_00151f74	2	
00152004	FUN_00152004	FUN_00152004	2	
0015204c	FUN_0015204c	FUN_0015204c	2	
00152098	FUN_00152098	FUN_00152098	2	
001520f8	FUN_001520f8	FUN_001520f8	4	s_TitleInfo_DTheading_08_00152360
00152398	FUN_00152398	FUN_00152398	2	
00152408	FUN_00152408	FUN_00152408	4	
00152744	FUN_00152744	FUN_00152744	2	
0015278c	FUN_0015278c	FUN_0015278c	3	s_TitleInfo_DTheading_04_00152c1c s_TitleInfo_DTheading_05_00152c34 s_TitleInfo_DTheading_06_00152c4c s_TitleInfo_DTheading_07_00152c70
00152c90	FUN_00152c90	FUN_00152c90	3	
00152e90	FUN_00152e90	FUN_00152e90	2	
00152f14	FUN_00152f14	FUN_00152f14	2	
00152f60	FUN_00152f60	FUN_00152f60	2	s_BN_popUp_D_00_001531cf s_N_tchArea_00_001531e0
001531f0	FUN_001531f0	FUN_001531f0	2	
0015347c	FUN_0015347c	FUN_0015347c	2	
0015356c	FUN_0015356c	FUN_0015356c	2	s_T_title_00_0015360c s_BW_ftbk_00_0015361b
00153b30	FUN_00153b30	FUN_00153b30	4	s_position_D_05_00154478 s__position_D_03_00153fa3 s__N_center_00_00153fb7 s_N_right_00_00153fc4 s_N_right_01_00153fd0 s__position_D_06_00153fe7 s_title_D_01_00153ff8 s_T_title_00_00154004 s_N_nextPos_00_00154010 s_popUp_D_00_00154020 s_N_popUp_D_00_0015402c s_inOut_00_0015403c
001545c8	FUN_001545c8	FUN_001545c8	2	
00154720	FUN_00154720	FUN_00154720	2	
0015477c	FUN_0015477c	FUN_0015477c	2	
00154814	FUN_00154814	FUN_00154814	2	
00154868	FUN_00154868	FUN_00154868	2	
00154a38	FUN_00154a38	FUN_00154a38	2	
00154bbc	FUN_00154bbc	FUN_00154bbc	2	
00154c18	FUN_00154c18	FUN_00154c18	2	
00154c60	FUN_00154c60	FUN_00154c60	3	s__title_D_00_0015514f s_T_title_00_0015515c s_TitleInfo_DTheading_11_00155168 s_listPos_D_01_00155180 s_listBtn_D_00_00155190 s_listBtn_D_01_001551a0 s_N_root_00_001553d0 s_T_listBtn_00_001553dc s_T_listBtn_01_001553ec
00155530	FUN_00155530	FUN_00155530	2	
001555a8	FUN_001555a8	FUN_001555a8	2	
00155638	FUN_00155638	FUN_00155638	3	s__title_D_00_001556b7 s_T_title_00_001556c4
001556d0	FUN_001556d0	FUN_001556d0	3	s_T_listBtn_00_001557ec s_T_listBtn_01_001557fc s_T_noticeBtn_00_001557cc s_T_noticeBtn_01_001557dc
00155810	FUN_00155810	FUN_00155810	4	s__listPos_D_01_00155bd7 s_listBtn_D_00_00155bf8 s_N_root_00_00155c0c s_noticeBtn_D_00_00155c44 s_noticeBtn_00_00155c54
00155cd8	FUN_00155cd8	FUN_00155cd8	2	s_T_text_00_00155d58
00155d64	FUN_00155d64	FUN_00155d64	2	
00155da8	FUN_00155da8	FUN_00155da8	2	
00155e38	FUN_00155e38	FUN_00155e38	3	s__detail_D_01_0015629f s_T_title_00_001562ac s_TitleInfo_DTheading_09_001562b8 s_T_text_00_001568a4 s_N_message_D_00_00156d70 s_N_nextPos_00_00156d80
00156da0	FUN_00156da0	FUN_00156da0	2	
00156fb4	FUN_00156fb4	FUN_00156fb4	2	
00157014	FUN_00157014	FUN_00157014	2	
0015708c	FUN_0015708c	FUN_0015708c	2	
001573b8	FUN_001573b8	FUN_001573b8	2	
00157440	FUN_00157440	FUN_00157440	2	
00157778	FUN_00157778	FUN_00157778	2	
00157b34	FUN_00157b34	FUN_00157b34	4	
00157c50	FUN_00157c50	FUN_00157c50	2	s__BG_D_00_00158057
00158370	FUN_00158370	FUN_00158370	2	
00158588	FUN_00158588	FUN_00158588	3	s_scShot_D_00_0015907c s_scShot_00_00159098 s_B_scShot_00_001590b4 s_N_nextPos_00_00159288
001592c0	FUN_001592c0	FUN_001592c0	2	
00159498	FUN_00159498	FUN_00159498	2	
00159608	FUN_00159608	FUN_00159608	3	s__euLangText_D_00_001597b7 s_T_euLang_00_001597ec s_N_nextPos_00_001597f8
0015982c	FUN_0015982c	FUN_0015982c	2	
001598c4	FUN_001598c4	FUN_001598c4	2	
00159a70	FUN_00159a70	FUN_00159a70	2	
00159bdc	FUN_00159bdc	FUN_00159bdc	2	
00159c0c	FUN_00159c0c	FUN_00159c0c	2	
00159d24	FUN_00159d24	FUN_00159d24	2	
00159e1c	FUN_00159e1c	FUN_00159e1c	2	
00159e88	FUN_00159e88	FUN_00159e88	3	s__closeBtn_D_00_0015a2f7 s_arrowPos_D_00_0015a308 s_N_tchArea_00_0015a318 s_inOut_00_0015a334 s_closeBtn_00_0015a35c
0015a394	FUN_0015a394	FUN_0015a394	2	
0015a414	FUN_0015a414	FUN_0015a414	2	s_BN_button_00_0015a59b s_N_button_01_0015a5a8 s_N_discountBtn_00_0015a5b4
0015a5c8	FUN_0015a5c8	FUN_0015a5c8	2	
0015a62c	FUN_0015a62c	FUN_0015a62c	2	
0015a770	FUN_0015a770	FUN_0015a770	2	
0015a7a8	FUN_0015a7a8	FUN_0015a7a8	3	s__upperEnd_D_00_0015acff s_N_nextPos_00_0015af70 s_discountBtn_D_01_0015ad20 s_TitleInfo_btn01_22_0015ad44 s_N_button_00_0015ad88 s_N_nextPos_01_0015ad94 s_TitleInfo_heading01_03_0015adc8 s_N_nextPos_02_0015adf8 s_discountBtn_D_00_0015af80 s_N_discountBtn_00_0015af94
0015b020	FUN_0015b020	FUN_0015b020	2	
0015b0d4	FUN_0015b0d4	field_2f4_is_zero_0015b0d4	4	
0015b0fc	FUN_0015b0fc	FUN_0015b0fc	2	
0015b148	FUN_0015b148	FUN_0015b148	3	s__detail_D_00_0015b2ff s_T_title_00_0015b30c s_P_title_00_0015b318 s__N_nextPos_00_0015b32b
0015b374	FUN_0015b374	FUN_0015b374	2	s_T_text_00_0015b400
0015b40c	FUN_0015b40c	FUN_0015b40c	2	
0015b488	FUN_0015b488	FUN_0015b488	2	
0015b4cc	FUN_0015b4cc	FUN_0015b4cc	2	
0015b510	FUN_0015b510	FUN_0015b510	2	
0015b5c8	FUN_0015b5c8	FUN_0015b5c8	3	s__detailESRB_D_01_0015ba6f s_N_nextPos_00_0015ba88 s__dh__0015ba9f s_T_message__02d_0015c200 s_N_loadingIcon_00_0015c348 s___h__0015c367
0015c390	FUN_0015c390	FUN_0015c390	2	
0015c4a0	FUN_0015c4a0	FUN_0015c4a0	2	
0015c53c	FUN_0015c53c	FUN_0015c53c	2	
0015c61c	FUN_0015c61c	FUN_0015c61c	2	
0015c810	FUN_0015c810	FUN_0015c810	2	
0015c888	FUN_0015c888	FUN_0015c888	2	
0015c8c0	FUN_0015c8c0	FUN_0015c8c0	2	s_TitleInfo_dlg06_01_0015ca14 s_CommonWin_dlg02_03_0015ca00 s__CommonWin_dlg01_02_0015c9eb
0015ca3c	FUN_0015ca3c	FUN_0015ca3c	2	
0015cab0	FUN_0015cab0	FUN_0015cab0	2	s_TitleInfo_dlg06_05_0015cba0 s_CommonWin_dlg01_02_0015cb8c s_TitleInfo_dlg06_04_0015cbb4
0015cbd0	FUN_0015cbd0	FUN_0015cbd0	2	s_TitleInfo_dlg06_04_0015cc88 s_TitleInfo_dlg06_06_0015ccc4 s_CommonWin_dlg02_03_0015ccb0 s_CommonWin_dlg01_02_0015cc9c
0015cce0	FUN_0015cce0	FUN_0015cce0	2	
0015cd50	FUN_0015cd50	FUN_0015cd50	2	
0015cdbc	FUN_0015cdbc	FUN_0015cdbc	2	
0015ce48	FUN_0015ce48	FUN_0015ce48	2	
0015cea8	FUN_0015cea8	FUN_0015cea8	2	
0015cf60	FUN_0015cf60	FUN_0015cf60	2	
0015d0bc	FUN_0015d0bc	FUN_0015d0bc	2	
0015d128	FUN_0015d128	FUN_0015d128	2	
0015d188	FUN_0015d188	FUN_0015d188	2	s_error_txt01_56_0015d328 s_CommonBtn_01_02_0015d318 s_TitleInfo_dlg06_03_0015d2f8 s_CommonBtn_01_07_0015d2e8 s_SE_CANCEL_0015d30c
0015d340	FUN_0015d340	FUN_0015d340	3	s__title_D_00_0015d797 s_T_title_00_0015d7a4 s_TitleInfo_DTheading_12_0015d7b0 s_homePage_D_00_0015d7c8 s_T_button_00_0015d7d8 s_TitleInfo_DTbtn_01_0015d7e4 s_T_button_01_0015d7f8 s_button_00_0015d824 s_N_nextPos_01_0015d830
0015d840	FUN_0015d840	FUN_0015d840	2	
0015d908	FUN_0015d908	FUN_0015d908	2	
0015d93c	FUN_0015d93c	FUN_0015d93c	2	
0015da20	FUN_0015da20	FUN_0015da20	2	
0015daa0	FUN_0015daa0	FUN_0015daa0	2	
0015db28	FUN_0015db28	FUN_0015db28	3	s__recommend_D_00_0015dcef s_T_countAll_00_0015dd04 s_TitleInfo_PRtxt01_02_0015dd14 s_graph_00_0015dd30 s_TitleInfo_PRtxt01_03_0015dd3c s_N_nextPos_00_0015dd54
0015de54	FUN_0015de54	FUN_0015de54	2	
0015ded8	FUN_0015ded8	FUN_0015ded8	4	s__recommend_D_02_0015e087 s_N_nextPos_00_0015e0a8
0015e0e0	FUN_0015e0e0	FUN_0015e0e0	3	
0015e380	FUN_0015e380	FUN_0015e380	2	
0015e3f0	FUN_0015e3f0	FUN_0015e3f0	2	
0015e424	FUN_0015e424	FUN_0015e424	2	s_BT_text_00_0015e4eb
0015e4f8	FUN_0015e4f8	FUN_0015e4f8	2	
0015e534	FUN_0015e534	FUN_0015e534	4	s_T_text_00_0015e5f8 s_N_nextPos_00_0015e608
0015e618	FUN_0015e618	FUN_0015e618	2	
0015e658	FUN_0015e658	FUN_0015e658	2	s_T_text_00_0015e6f4
0015e728	FUN_0015e728	FUN_0015e728	4	s__detailTop_D_00_0015e907 s_T_text_00_0015e918
0015e948	FUN_0015e948	FUN_0015e948	2	
0015e9a4	FUN_0015e9a4	FUN_0015e9a4	2	
0015eac8	FUN_0015eac8	FUN_0015eac8	2	
0015eb44	FUN_0015eb44	FUN_0015eb44	2	
0015eba8	FUN_0015eba8	FUN_0015eba8	2	
0015ec18	FUN_0015ec18	FUN_0015ec18	2	
0015ec68	FUN_0015ec68	FUN_0015ec68	2	
0015edfc	FUN_0015edfc	FUN_0015edfc	2	
0015eec8	FUN_0015eec8	FUN_0015eec8	2	
0015efe0	FUN_0015efe0	FUN_0015efe0	3	s_homePage_D_00_0015f694 s_T_title_00_0015f6a4 s_TitleInfo_DTheading_03_0015f710 s_T_button_00_0015f6b4 s_T_button_01_0015f6c0 s_button_00_0015f6dc s_N_button_01_0015f6e8 s_N_button_00_0015f6f4 s_N_nextPos_00_0015f700
0015f728	FUN_0015f728	FUN_0015f728	2	
0015f834	FUN_0015f834	FUN_0015f834	2	s_T_copyright_00_0015f8bc
0015f8d8	FUN_0015f8d8	FUN_0015f8d8	4	s__copyright_D_00_0015fa27 s_T_copyright_00_0015fa38 s_N_nextPos_00_0015fa48
0015fa7c	FUN_0015fa7c	FUN_0015fa7c	2	
0015fad8	FUN_0015fad8	FUN_0015fad8	2	
0015fb70	FUN_0015fb70	FUN_0015fb70	2	
0015fbc8	FUN_0015fbc8	FUN_0015fbc8	2	
0015fda0	FUN_0015fda0	FUN_0015fda0	2	
0015ff40	FUN_0015ff40	FUN_0015ff40	2	
0015ff9c	FUN_0015ff9c	FUN_0015ff9c	2	
0015ffe0	FUN_0015ffe0	FUN_0015ffe0	3	s__title_D_00_001604f7 s_T_title_00_00160504 s_TitleInfo_DTheading_02_00160510 s_listPos_D_01_00160528 s_listBtn_D_00_00160538 s_listBtn_D_01_00160548 s_N_root_00_001607a0 s_T_listBtn_00_001607ac s_T_listBtn_01_001607bc
00160adc	FUN_00160adc	FUN_00160adc	2	
00160b28	FUN_00160b28	FUN_00160b28	2	
00160b34	FUN_00160b34	FUN_00160b34	3	
00160d74	FUN_00160d74	FUN_00160d74	4	
00160e0c	FUN_00160e0c	FUN_00160e0c	2	
00160ed8	FUN_00160ed8	FUN_00160ed8	3	
00160f50	FUN_00160f50	FUN_00160f50	4	
00160f68	FUN_00160f68	FUN_00160f68	3	
00160f84	FUN_00160f84	FUN_00160f84	2	
0016109c	FUN_0016109c	FUN_0016109c	2	
001610c4	FUN_001610c4	FUN_001610c4	2	
00161100	FUN_00161100	FUN_00161100	2	s__error_txt01_57_001611e7
001611f8	FUN_001611f8	FUN_001611f8	2	
00161234	FUN_00161234	FUN_00161234	2	
001612b8	FUN_001612b8	FUN_001612b8	2	
001612e0	FUN_001612e0	FUN_001612e0	3	
00161314	FUN_00161314	FUN_00161314	3	
00161354	FUN_00161354	FUN_00161354	3	
001614b0	FUN_001614b0	FUN_001614b0	4	
00161640	FUN_00161640	FUN_00161640	2	
001617e0	FUN_001617e0	FUN_001617e0	3	
00161828	FUN_00161828	FUN_00161828	2	
001619c4	FUN_001619c4	FUN_001619c4	2	
00161ae4	FUN_00161ae4	FUN_00161ae4	2	
00161b1c	FUN_00161b1c	FUN_00161b1c	4	s_loading_00_00161be4 s_loadingIcon_00_00161e38
00161e78	FUN_00161e78	FUN_00161e78	2	
00162000	FUN_00162000	FUN_00162000	3	
00162068	FUN_00162068	FUN_00162068	2	
001620b0	FUN_001620b0	FUN_001620b0	4	
00162164	FUN_00162164	FUN_00162164	2	s_P_rating_00_0016220c
00162218	FUN_00162218	FUN_00162218	2	s_TitleInfo_title_01_001622e8 s___q__00162307
00162310	FUN_00162310	FUN_00162310	2	
001624e0	FUN_001624e0	FUN_001624e0	2	
001625b8	FUN_001625b8	FUN_001625b8	3	
001625d0	FUN_001625d0	FUN_001625d0	2	
001629bc	FUN_001629bc	FUN_001629bc	2	
00162a54	FUN_00162a54	FUN_00162a54	2	
00162b7c	FUN_00162b7c	FUN_00162b7c	2	
00162ee4	FUN_00162ee4	FUN_00162ee4	2	
0016304c	FUN_0016304c	FUN_0016304c	2	s__AgeGate_txt02_02_001630db s_AgeGate_txt02_01_001630f0
0016310c	FUN_0016310c	FUN_0016310c	2	
00163154	FUN_00163154	FUN_00163154	2	
0016323c	FUN_0016323c	FUN_0016323c	2	
00163a24	FUN_00163a24	FUN_00163a24	2	
00163a34	FUN_00163a34	FUN_00163a34	3	
00163c5c	FUN_00163c5c	FUN_00163c5c	2	
00163db0	FUN_00163db0	FUN_00163db0	2	
00164088	FUN_00164088	FUN_00164088	2	
00164108	FUN_00164108	FUN_00164108	2	
00164174	FUN_00164174	FUN_00164174	2	
0016439c	FUN_0016439c	FUN_0016439c	2	s__AgeGate_txt02_02_00164423 s_AgeGate_txt02_01_00164438
00164454	FUN_00164454	FUN_00164454	2	
00164498	FUN_00164498	FUN_00164498	2	
0016468c	FUN_0016468c	FUN_0016468c	2	
001647d0	FUN_001647d0	FUN_001647d0	2	s__OwnedCoupon_dlg01_01_0016495b
001649bc	FUN_001649bc	FUN_001649bc	2	
00164b78	FUN_00164b78	FUN_00164b78	2	
00164c14	FUN_00164c14	FUN_00164c14	2	
00164d2c	FUN_00164d2c	FUN_00164d2c	2	
00164ee8	FUN_00164ee8	FUN_00164ee8	4	
00164fc0	FUN_00164fc0	FUN_00164fc0	3	
00164ff8	FUN_00164ff8	FUN_00164ff8	3	s_movie_U_00_0016532c s__P_movie_00_0016531f s_inOut_00_00165340
00165378	FUN_00165378	FUN_00165378	2	
001654a8	FUN_001654a8	FUN_001654a8	2	
001654f4	FUN_001654f4	FUN_001654f4	2	
00165674	FUN_00165674	FUN_00165674	2	
00165780	FUN_00165780	FUN_00165780	2	
001658f8	FUN_001658f8	FUN_001658f8	2	
00165a04	FUN_00165a04	FUN_00165a04	2	
00165bf4	FUN_00165bf4	FUN_00165bf4	2	s_Search_txt04_02_00166400 s_Search_btn04_02_001663f0 s_Search_txt04_03_001666a0 s_Search_btn04_03_00166690
001666c0	FUN_001666c0	FUN_001666c0	3	
00166750	FUN_00166750	FUN_00166750	4	
00166c2c	FUN_00166c2c	FUN_00166c2c	2	s_T_genreBtn_00_00166d24 s_T_genreBtn_01_00166d34 s_Search_result02_02_00166d44
00166d58	FUN_00166d58	FUN_00166d58	2	s_Search_swkb01_01_0016716c s_Search_swkb01_02_00167190
001671a4	FUN_001671a4	FUN_001671a4	3	
0016734c	FUN_0016734c	FUN_0016734c	2	
00167484	FUN_00167484	FUN_00167484	2	s_T_hardBtn_00_0016757c s_T_hardBtn_01_0016758c s_Search_result02_06_0016759c
001676dc	FUN_001676dc	FUN_001676dc	2	
001677d8	FUN_001677d8	FUN_001677d8	2	
00167814	FUN_00167814	FUN_00167814	2	
00167930	FUN_00167930	FUN_00167930	3	
00167980	FUN_00167980	FUN_00167980	2	
00167b7c	FUN_00167b7c	FUN_00167b7c	4	s_T_content_00_00167c10 s_Search_result01_07_00167c20
00167c34	FUN_00167c34	FUN_00167c34	4	s_T_content_02_00167cc8 s_Search_result01_03_00167cd8
00167cf0	FUN_00167cf0	FUN_00167cf0	3	s__search_U_00_00167f8f s_T_item_00_00167f9c s_Search_txt02_07_00167fa8 s_Search_title_02_00167fd0
00167fec	FUN_00167fec	FUN_00167fec	4	s_T_content_01_00168080 s_Search_result01_02_00168090
001680a4	FUN_001680a4	FUN_001680a4	4	
001680ec	FUN_001680ec	FUN_001680ec	4	
00168284	FUN_00168284	FUN_00168284	2	
001682ec	FUN_001682ec	FUN_001682ec	2	
001683cc	FUN_001683cc	FUN_001683cc	2	
001684a8	FUN_001684a8	FUN_001684a8	2	
001684f8	FUN_001684f8	FUN_001684f8	2	
00168734	FUN_00168734	FUN_00168734	3	
00168798	FUN_00168798	FUN_00168798	3	s__infoMess_U_00_00168887 s_T_message_00_00168898 s_N_root_00_001688a8
001688c0	FUN_001688c0	FUN_001688c0	3	s_NewTitle_txt03_01_00168a50 s__infoNew_U_00_00168a6f s_N_root_00_00168a80 s_infoMess_U_00_00168a9c s_T_message_00_00168aac s_NewTitle_txt03_02_00168abc
00168b1c	FUN_00168b1c	FUN_00168b1c	3	s_T_message_01_00168b88 s_T_message_02_00168b98
00168ba8	FUN_00168ba8	FUN_00168ba8	3	s_T_message_00_00168be8
00168bf8	FUN_00168bf8	FUN_00168bf8	5	
00168c08	FUN_00168c08	FUN_00168c08	3	
00168c18	FUN_00168c18	FUN_00168c18	3	
00168c28	FUN_00168c28	FUN_00168c28	2	
0016924c	FUN_0016924c	FUN_0016924c	2	
00169300	FUN_00169300	FUN_00169300	4	
00169828	FUN_00169828	FUN_00169828	2	s__accordionBG_D_00_001699d7
00169aa4	FUN_00169aa4	FUN_00169aa4	3	
00169b38	FUN_00169b38	FUN_00169b38	3	
00169bc0	FUN_00169bc0	FUN_00169bc0	2	
00169c08	FUN_00169c08	FUN_00169c08	3	
00169c4c	FUN_00169c4c	FUN_00169c4c	3	
00169dd0	FUN_00169dd0	FUN_00169dd0	3	s_exsv__boss_xml1_0016a10c s_exsv__boss_xml2_0016a12c
0016a13c	FUN_0016a13c	FUN_0016a13c	3	s_exsv__boss_xml1_0016a4a4 s_exsv__boss_xml2_0016a4b4
0016a4dc	FUN_0016a4dc	FUN_0016a4dc	3	
0016a694	FUN_0016a694	FUN_0016a694	2	
0016a730	FUN_0016a730	FUN_0016a730	3	s_udtList_D_00_0016ab9c s_N_root_00_0016abac s_T_softlist_00_0016abc4 s_T_rating_00_0016abd4 s_T_update_00_0016abe0 s_T_update_01_0016abf0 s_P_icon_00_0016abfc s_color_00_0016ac08 s_titleInfo_00_0016ac30 s_update_00_0016ac40 s_N_titleInfo_00_0016ac4c s_Update_btn01_07_0016ac5c s_N_update_00_0016ada4
0016ae90	FUN_0016ae90	FUN_0016ae90	3	s__udtInfo_U_00_0016af8f s_T_message_00_0016afa4 s_T_title_00_0016afb4 s_T_count_00_0016afc4
0016afd0	FUN_0016afd0	FUN_0016afd0	3	
0016b050	FUN_0016b050	FUN_0016b050	3	s_T_cancel_00_0016b2f4 s_T_cancel_01_0016b300 s_T_decide_00_0016b30c s_T_decide_01_0016b318
0016b324	FUN_0016b324	FUN_0016b324	3	
0016b380	FUN_0016b380	FUN_0016b380	2	
0016b3d8	FUN_0016b3d8	FUN_0016b3d8	3	s__dialog_U_01_0016b5a7 s_T_title_00_0016b5b8 s_BootLanguage_dlg02_01_0016b5c4 s_T_message_00_0016b5dc s_T_language_00_0016b5f0 s_inOut_00_0016b600 s__CommonWin_dlg01_03_0016b60f
0016b648	FUN_0016b648	FUN_0016b648	2	s__P_movie_00_0016b7f7 s_inOut_00_0016b804
0016b818	FUN_0016b818	FUN_0016b818	4	
0016b8bc	FUN_0016b8bc	FUN_0016b8bc	2	
0016b9fc	FUN_0016b9fc	FUN_0016b9fc	3	
0016ba08	FUN_0016ba08	FUN_0016ba08	4	s_inOut_04_0016bd28
0016bd54	FUN_0016bd54	FUN_0016bd54	2	
0016be08	FUN_0016be08	FUN_0016be08	2	
0016be88	FUN_0016be88	FUN_0016be88	2	
0016becc	FUN_0016becc	FUN_0016becc	2	
0016bf64	FUN_0016bf64	FUN_0016bf64	2	
0016bfc0	FUN_0016bfc0	FUN_0016bfc0	2	
0016c280	FUN_0016c280	FUN_0016c280	4	
0016c3c0	FUN_0016c3c0	FUN_0016c3c0	2	s_loadingIcon_01_0016c4a8
0016c4d0	FUN_0016c4d0	FUN_0016c4d0	2	
0016c578	FUN_0016c578	FUN_0016c578	4	
0016c5cc	FUN_0016c5cc	FUN_0016c5cc	3	
0016c6a0	FUN_0016c6a0	FUN_0016c6a0	3	
0016c7e8	FUN_0016c7e8	FUN_0016c7e8	2	
0016c928	FUN_0016c928	FUN_0016c928	2	
0016cacc	FUN_0016cacc	FUN_0016cacc	2	
0016cc10	FUN_0016cc10	FUN_0016cc10	3	
0016cd70	FUN_0016cd70	FUN_0016cd70	2	
0016cdf8	FUN_0016cdf8	FUN_0016cdf8	2	
0016cf68	FUN_0016cf68	FUN_0016cf68	2	
0016cff0	FUN_0016cff0	FUN_0016cff0	2	
0016d0bc	FUN_0016d0bc	FUN_0016d0bc	2	
0016d1dc	FUN_0016d1dc	FUN_0016d1dc	2	
0016d218	FUN_0016d218	FUN_0016d218	2	s_Ranking_btn01_04_0016d54c s__position_D_02_0016d577 s__listPos_D_02_0016d597 s_movieBtn_D_00_0016d5a8 s_movieBtn_D_01_0016d5b8 s_N_tchArea_00_0016db08 s__Ranking_title_01_0016db5f s__Ranking_dlg01_01_0016d5eb
0016db7c	FUN_0016db7c	FUN_0016db7c	2	
0016dc04	FUN_0016dc04	FUN_0016dc04	2	
0016dc40	FUN_0016dc40	FUN_0016dc40	2	
0016ddc0	FUN_0016ddc0	FUN_0016ddc0	3	
0016e3c0	FUN_0016e3c0	FUN_0016e3c0	2	
0016e464	FUN_0016e464	FUN_0016e464	3	
0016e498	FUN_0016e498	FUN_0016e498	3	s_Ranking_txt05_02_0016ebe8
0016ec20	FUN_0016ec20	FUN_0016ec20	3	
0016ec40	FUN_0016ec40	FUN_0016ec40	4	
0016ed70	FUN_0016ed70	FUN_0016ed70	3	s__rankBtn_D_00_0016f16f s_N_root_00_0016f180 s_T_softlist_00_0016f18c s_T_softlist_01_0016f19c s_T_rank_00_0016f1b4 s_T_rank_01_0016f1c0 s_T_rating_00_0016f1cc s_T_rating_01_0016f1d8 s_P_icon_00_0016f1e4
0016ef48	FUN_0016ef48	FUN_0016ef48	2	
0016f224	FUN_0016f224	FUN_0016f224	2	
0016f2ac	FUN_0016f2ac	FUN_0016f2ac	2	
0016f418	FUN_0016f418	FUN_0016f418	2	
0016f4a4	FUN_0016f4a4	FUN_0016f4a4	2	
0016f540	FUN_0016f540	FUN_0016f540	2	
0016f5a0	FUN_0016f5a0	FUN_0016f5a0	2	
0016f664	FUN_0016f664	FUN_0016f664	2	
0016f698	FUN_0016f698	FUN_0016f698	2	s__position_D_02_0016fac7 s__listPos_D_02_0016fae7 s_movieBtn_D_00_0016faf8 s_movieBtn_D_01_0016fb08 s__chgDispBtn_D_00_0016fb37 s_T_chgDispBtn_00_0016fb48 s_T_chgDispBtn_01_0016fb68 s_chgDispBtn_00_0016fb78 s_N_tchArea_00_0016ffc0 s_Ranking_title_01_001701b4 s__Ranking_dlg01_01_0016ffab
001701d0	FUN_001701d0	FUN_001701d0	2	
00170258	FUN_00170258	FUN_00170258	2	
00170290	FUN_00170290	FUN_00170290	2	
00170330	FUN_00170330	FUN_00170330	4	
00170368	FUN_00170368	FUN_00170368	4	
00170a1c	FUN_00170a1c	FUN_00170a1c	4	
00170b28	FUN_00170b28	FUN_00170b28	3	s__movieBtn_D_00_00170f5f s_N_root_00_00170f70 s_T_softlist_00_00170f7c s_T_softlist_01_00170f8c s_T_rating_00_00170f9c s_T_rating_01_00170fa8 s_T_rank_00_00170fbc s_T_rank_01_00170fc8 s_T_time_00_00170fdc s_Ranking_txt06_01_00170fe8 s_T_time_01_00170ffc s_P_icon_00_00171008 s_movieBtn_00_00171030
00171044	FUN_00171044	FUN_00171044	2	
00171094	FUN_00171094	FUN_00171094	3	
001711f4	FUN_001711f4	FUN_001711f4	3	
001712f8	FUN_001712f8	FUN_001712f8	2	
00171410	FUN_00171410	FUN_00171410	2	s_T_message_00_00171708 s_Common_txt02_01_00171718 s_T_title_00_00171728 s__N_nextPos_00_00171757
001717a0	FUN_001717a0	FUN_001717a0	2	
00171868	FUN_00171868	FUN_00171868	4	s__message_U_00_00171987 s__position_D_00_001719a7 s_receipt_D_00_001719b8 s_T_message_00_001719c8
001719d8	FUN_001719d8	FUN_001719d8	2	
00171ac8	FUN_00171ac8	FUN_00171ac8	2	
00171b48	FUN_00171b48	FUN_00171b48	2	
00171b84	FUN_00171b84	FUN_00171b84	2	
00171c1c	FUN_00171c1c	FUN_00171c1c	2	
00171cfc	FUN_00171cfc	FUN_00171cfc	2	
00171d28	FUN_00171d28	FUN_00171d28	2	
00171e08	FUN_00171e08	FUN_00171e08	4	
001720a8	FUN_001720a8	FUN_001720a8	3	
0017236c	FUN_0017236c	FUN_0017236c	3	
00172378	FUN_00172378	FUN_00172378	3	
001723d8	FUN_001723d8	FUN_001723d8	4	
00172648	FUN_00172648	FUN_00172648	3	
001726ac	FUN_001726ac	FUN_001726ac	2	
0017277c	FUN_0017277c	FUN_0017277c	5	
001729d8	FUN_001729d8	FUN_001729d8	2	
00172b2c	FUN_00172b2c	FUN_00172b2c	2	
00172b74	FUN_00172b74	FUN_00172b74	2	
00172c80	FUN_00172c80	FUN_00172c80	3	
00172ca4	FUN_00172ca4	FUN_00172ca4	3	
00172cf8	FUN_00172cf8	FUN_00172cf8	2	s_Download_title_01_00172f40 s__xxx_U_00_00172f87 s_T_title_00_00172f94
00173008	FUN_00173008	FUN_00173008	3	
00173438	FUN_00173438	FUN_00173438	2	
001735e4	FUN_001735e4	FUN_001735e4	2	
00173648	FUN_00173648	FUN_00173648	2	
0017372c	FUN_0017372c	FUN_0017372c	2	
001737e0	FUN_001737e0	FUN_001737e0	2	
0017385c	FUN_0017385c	FUN_0017385c	2	
00173ad0	FUN_00173ad0	FUN_00173ad0	2	
00173bb0	FUN_00173bb0	FUN_00173bb0	2	
00173d58	FUN_00173d58	FUN_00173d58	2	
00173df8	FUN_00173df8	FUN_00173df8	2	
00173f38	FUN_00173f38	FUN_00173f38	2	
00173fc0	FUN_00173fc0	FUN_00173fc0	2	
0017400c	FUN_0017400c	FUN_0017400c	2	
001740a0	FUN_001740a0	FUN_001740a0	2	
001742c4	FUN_001742c4	FUN_001742c4	3	s_N_root_00_00174508 s_inOut_00_00174514 s_change_00_00174520 s_W_anchor_00_0017452c
00174554	FUN_00174554	FUN_00174554	3	
00174608	FUN_00174608	FUN_00174608	4	
00174644	FUN_00174644	FUN_00174644	2	
0017471c	FUN_0017471c	FUN_0017471c	2	
001748d8	FUN_001748d8	FUN_001748d8	2	
001749b0	FUN_001749b0	FUN_001749b0	2	
00174be0	FUN_00174be0	FUN_00174be0	2	
00174d10	FUN_00174d10	FUN_00174d10	2	
00174de8	FUN_00174de8	FUN_00174de8	2	
00174e24	FUN_00174e24	FUN_00174e24	2	
00174e8c	FUN_00174e8c	FUN_00174e8c	2	s__AutoCharge_dlg01_01_00174f27
00174f48	FUN_00174f48	FUN_00174f48	2	
00174fdc	FUN_00174fdc	FUN_00174fdc	3	
00175110	FUN_00175110	FUN_00175110	2	
001751ec	FUN_001751ec	FUN_001751ec	2	
001752b8	FUN_001752b8	FUN_001752b8	2	
00175454	FUN_00175454	FUN_00175454	2	
001754f4	FUN_001754f4	FUN_001754f4	2	
00175530	FUN_00175530	FUN_00175530	2	
00175678	FUN_00175678	FUN_00175678	2	
0017580c	FUN_0017580c	FUN_0017580c	2	
00175928	FUN_00175928	FUN_00175928	2	
00175a18	FUN_00175a18	FUN_00175a18	3	s__recordList_D_00_00175e07 s_N_root_00_00175e18 s_T_count_00_00175e28 s_Records_txt04_02_00175e34 s_T_date_00_00175e48 s_T_softlist_00_00175e54 s_change_00_00175e68 s_rewind_00_00175e90 s_titleInfo_00_00175e9c s_receipt_00_00175eac
00175f54	FUN_00175f54	FUN_00175f54	2	
00175fbc	FUN_00175fbc	FUN_00175fbc	3	
001761ec	FUN_001761ec	FUN_001761ec	4	s_T_date_00_001762c8 s_T_categori_01_001762d8 s_T_title_00_001762e8 s_T_point_01_001762f4 s_T_point_03_00176300
0017630c	FUN_0017630c	FUN_0017630c	2	
00176368	FUN_00176368	FUN_00176368	2	
00176448	FUN_00176448	FUN_00176448	2	
00176480	FUN_00176480	FUN_00176480	2	
00176560	FUN_00176560	FUN_00176560	2	s__Records_dlg05_01_00176623
00176654	FUN_00176654	FUN_00176654	2	
00176738	FUN_00176738	FUN_00176738	4	s__record_U_00_00176c5f s__mask_D_00_00176c77 s_udtList_D_00_00176c84 s_udtList_D_00_D_00176c94 s_recordList_D_01_00176ce8 s_T_next_00_00176cf8 s_Records_btn04_02_00176d04 s_T_next_01_00176d18 s_Records_btn04_03_0017731c s_Records_title01_01_00177354
00177388	FUN_00177388	FUN_00177388	2	
0017758c	FUN_0017758c	FUN_0017758c	2	
0017765c	FUN_0017765c	FUN_0017765c	2	
00177698	FUN_00177698	FUN_00177698	2	
00177798	FUN_00177798	FUN_00177798	2	
00177814	FUN_00177814	FUN_00177814	2	
00177894	FUN_00177894	FUN_00177894	2	
001778e0	FUN_001778e0	FUN_001778e0	4	
00177dd8	FUN_00177dd8	FUN_00177dd8	2	s_balloonIn_00_00177ea4
00177ed8	FUN_00177ed8	FUN_00177ed8	2	
00177f20	FUN_00177f20	FUN_00177f20	3	s__deleteFinish_U_00_0017813f s_deleteFinish_D_00_0017815c s_Remove_title_01_00178170
00178200	FUN_00178200	FUN_00178200	2	
00178308	FUN_00178308	FUN_00178308	2	
00178384	FUN_00178384	FUN_00178384	2	
0017845c	FUN_0017845c	FUN_0017845c	2	
00178498	FUN_00178498	FUN_00178498	2	
00178668	FUN_00178668	FUN_00178668	4	s__position_D_01_00178de7 s_N_start_00_00178df8 s__deleteTop_D_00_00178e0f s_N_root_00_00178e20 s_T_text_00_00178e2c s_Remove_txt01_03_00178e38 s_message_D_01_00178e48 s_delete_00_00178e68
00178fe4	FUN_00178fe4	FUN_00178fe4	2	
001790b8	FUN_001790b8	FUN_001790b8	2	
001791b8	FUN_001791b8	FUN_001791b8	2	
00179234	FUN_00179234	FUN_00179234	2	
001792bc	FUN_001792bc	FUN_001792bc	2	
001792f8	FUN_001792f8	FUN_001792f8	2	
001793a0	FUN_001793a0	FUN_001793a0	2	
0017952c	FUN_0017952c	FUN_0017952c	2	s__Remove_ERRdlg01_01_001796cb
001796e4	FUN_001796e4	FUN_001796e4	2	
001797dc	FUN_001797dc	get_field_1af0_undefined4_001797dc	3	
001797e8	FUN_001797e8	FUN_001797e8	2	
00179898	FUN_00179898	FUN_00179898	2	
001798d8	FUN_001798d8	FUN_001798d8	4	s__position_D_01_0017a0df s_T_delete_00_0017a0f0 s_Remove_btn02_01_0017a0fc s_T_delete_01_0017a10c s_N_start_00_0017a118 s__deleteTop_D_01_0017a12f s_N_root_00_0017a140 s_T_text_01_0017a14c s_Remove_txt02_02_0017a158 s_Remove_txt02_04_0017a728 s_deleteTop_D_02_0017a168 s_change_00_0017a178 s_T_text_00_0017a1a0 s_Remove_txt02_03_0017a738 s_T_text_00_0017a748 s_Remove_txt02_05_0017a754 s_delete_00_0017a194 s__h
0017a8b0	FUN_0017a8b0	FUN_0017a8b0	2	
0017a934	FUN_0017a934	FUN_0017a934	2	
0017a9b4	FUN_0017a9b4	FUN_0017a9b4	2	
0017a9f0	FUN_0017a9f0	FUN_0017a9f0	2	
0017aaa4	FUN_0017aaa4	FUN_0017aaa4	2	
0017ab34	FUN_0017ab34	FUN_0017ab34	2	
0017abb8	FUN_0017abb8	FUN_0017abb8	2	
0017acf0	FUN_0017acf0	FUN_0017acf0	2	
0017adcc	FUN_0017adcc	FUN_0017adcc	2	
0017adf8	FUN_0017adf8	FUN_0017adf8	3	s__deleteSelect_D_00_0017b3c7
0017b418	FUN_0017b418	FUN_0017b418	2	
0017b51c	FUN_0017b51c	FUN_0017b51c	2	s__DTL_dlg01_01_0017b5af
0017b5cc	FUN_0017b5cc	FUN_0017b5cc	2	
0017b674	FUN_0017b674	FUN_0017b674	2	
0017b6e4	FUN_0017b6e4	FUN_0017b6e4	2	
0017b760	FUN_0017b760	FUN_0017b760	2	
0017b788	FUN_0017b788	FUN_0017b788	2	
0017b804	FUN_0017b804	FUN_0017b804	2	
0017b838	FUN_0017b838	FUN_0017b838	3	s_DTL_title01_01_0017b9ac
0017b9e4	FUN_0017b9e4	FUN_0017b9e4	2	
0017bae4	FUN_0017bae4	FUN_0017bae4	2	
0017bbb4	FUN_0017bbb4	FUN_0017bbb4	2	
0017bc88	FUN_0017bc88	FUN_0017bc88	2	
0017bd78	FUN_0017bd78	FUN_0017bd78	2	
0017be7c	FUN_0017be7c	FUN_0017be7c	2	
0017bf78	FUN_0017bf78	FUN_0017bf78	2	
0017c044	FUN_0017c044	FUN_0017c044	2	
0017c158	FUN_0017c158	FUN_0017c158	2	
0017c260	FUN_0017c260	FUN_0017c260	2	
0017c2bc	FUN_0017c2bc	FUN_0017c2bc	2	
0017c39c	FUN_0017c39c	FUN_0017c39c	2	
0017c484	FUN_0017c484	FUN_0017c484	2	
0017c504	FUN_0017c504	FUN_0017c504	2	
0017c5c8	FUN_0017c5c8	FUN_0017c5c8	2	
0017c6d0	FUN_0017c6d0	FUN_0017c6d0	2	s__error_txt01_72_0017c7c7
0017c7d8	FUN_0017c7d8	FUN_0017c7d8	2	
0017c8b0	FUN_0017c8b0	FUN_0017c8b0	2	
0017c988	FUN_0017c988	FUN_0017c988	2	
0017c9d4	FUN_0017c9d4	FUN_0017c9d4	2	
0017ca30	FUN_0017ca30	FUN_0017ca30	2	
0017cb14	FUN_0017cb14	FUN_0017cb14	2	s_Exchange_dlg01_05_0017ce30 s_Exchange_dlg01_02_0017ce1c s_Exchange_dlg01_04_0017ce6c s_Exchange_dlg01_01_0017ce58 s_Exchange_dlg01_03_0017ce44
0017ce84	FUN_0017ce84	FUN_0017ce84	2	
0017cee0	FUN_0017cee0	FUN_0017cee0	2	
0017cf80	FUN_0017cf80	FUN_0017cf80	2	
0017d044	FUN_0017d044	FUN_0017d044	2	
0017d128	FUN_0017d128	FUN_0017d128	2	
0017d258	FUN_0017d258	FUN_0017d258	2	s_Exchange_dlg01_05_0017d5e4 s_Exchange_dlg01_02_0017d5d0 s_Exchange_dlg01_04_0017d620 s_Exchange_dlg01_01_0017d60c s_Exchange_dlg01_03_0017d5f8
0017d638	FUN_0017d638	FUN_0017d638	2	
0017d750	FUN_0017d750	FUN_0017d750	2	
0017d790	FUN_0017d790	FUN_0017d790	2	
0017d940	FUN_0017d940	FUN_0017d940	2	
0017da30	FUN_0017da30	FUN_0017da30	2	
0017da6c	FUN_0017da6c	FUN_0017da6c	2	
0017dc60	FUN_0017dc60	FUN_0017dc60	2	
0017dcf8	FUN_0017dcf8	FUN_0017dcf8	2	
0017dd24	FUN_0017dd24	FUN_0017dd24	2	
0017de0c	FUN_0017de0c	FUN_0017de0c	2	
0017df00	FUN_0017df00	FUN_0017df00	2	
0017dfd8	FUN_0017dfd8	FUN_0017dfd8	2	
0017e220	FUN_0017e220	FUN_0017e220	2	
0017e320	FUN_0017e320	FUN_0017e320	2	
0017e3f8	FUN_0017e3f8	FUN_0017e3f8	3	
0017e5f8	FUN_0017e5f8	FUN_0017e5f8	4	s_listBtn_D_00_0017e7f8 s_L_listPos_D_03_0017e816 s_listBtn_D_01_0017e828
0017e8d8	FUN_0017e8d8	FUN_0017e8d8	3	s__listPos_D_03_0017ebf7 s_listBtn_D_01_0017ec08 s_listBtn_D_00_0017ec18 s_N_root_00_0017ec38 s_T_listBtn_00_0017ec44 s_T_listBtn_01_0017ec58
0017ed3c	FUN_0017ed3c	FUN_0017ed3c	2	
0017edc8	FUN_0017edc8	FUN_0017edc8	2	
0017ee30	FUN_0017ee30	FUN_0017ee30	2	s__AutoCharge_dlg01_02_0017eefb
0017ef2c	FUN_0017ef2c	FUN_0017ef2c	2	
0017efe0	FUN_0017efe0	FUN_0017efe0	2	
0017f018	FUN_0017f018	FUN_0017f018	2	
0017f074	FUN_0017f074	FUN_0017f074	2	
0017f160	FUN_0017f160	FUN_0017f160	2	
0017f248	FUN_0017f248	FUN_0017f248	2	
0017f330	FUN_0017f330	FUN_0017f330	4	s__message_U_01_0017f827 s__position_D_00_0017f83f s_N_start_00_0017f87c s_T_listBtn_00_0017f8a4 s_AutoCharge_btn01_02_0017f8b4 s_T_listBtn_01_0017f8c8 s_AutoCharge_btn01_03_0017fee0 s_N_stop_00_0017fefc s_T_message_00_0017ff24 s_AutoCharge_txt01_01_0017ff34 s_T_title_00_0017ff48 s_AutoCharge_txt01_02_0017ff54 s_T_count_00_0017ff68 s_AutoCharge_txt01_03_0017ff74 s_AutoCharge_title_01_0017ff88
0018008c	FUN_0018008c	FUN_0018008c	2	
00180164	FUN_00180164	FUN_00180164	2	s_BT_text_00_001801ff
00180264	FUN_00180264	FUN_00180264	2	
00180394	FUN_00180394	FUN_00180394	2	
001803cc	FUN_001803cc	FUN_001803cc	2	
00180448	FUN_00180448	FUN_00180448	2	
0018052c	FUN_0018052c	FUN_0018052c	2	
00180620	FUN_00180620	FUN_00180620	3	s__message_U_00_00180af7 s_T_message_00_00180b08 s_AutoCharge_txt01_04_00180b18 s__position_D_01_00180b37 s_N_start_00_00180b48 s_T_delete_00_00180b54 s_AutoCharge_btn01_01_00180b60 s_T_delete_01_00180b74 s_message_D_02_00180b80 s_T_title_00_00180b90 s_T_item_00_00180b9c s_P_line_00_00180ba8 s_T_text_00_00180bb4 s_delete_00_00180bd4
00180e28	FUN_00180e28	FUN_00180e28	3	s__info_D_02_00181077 s_T_next_00_001810a8 s_WishList_btn01_03_001810d4 s_T_next_01_001810c8 s_WishList_btn01_04_001810b4
001810e8	FUN_001810e8	FUN_001810e8	2	
00181148	FUN_00181148	FUN_00181148	2	s__message_U_00_0018131f s_T_message_00_00181334 s_Common_txt02_01_00181344 s__position_D_03_0018135f s__Support_title01_01_00181397
001813b8	FUN_001813b8	FUN_001813b8	2	
00181458	FUN_00181458	FUN_00181458	4	
001814c4	FUN_001814c4	FUN_001814c4	2	
00181560	FUN_00181560	FUN_00181560	4	s_N_next_01_00181738 s_N_root_00_00181744 s_N_nextPos_00_00181750
00181760	FUN_00181760	FUN_00181760	2	
00181868	FUN_00181868	FUN_00181868	3	s_info_D_01_001819fc s_T_message_00_00181a10 s_N_nextPos_00_00181a20 s_N_root_00_00181a30
00181a3c	FUN_00181a3c	FUN_00181a3c	2	
00181b08	FUN_00181b08	FUN_00181b08	3	s_info_D_00_00181cf0 s_T_title_01_00181cfc s_T_message_02_00181d08 s_N_nextPos_00_00181d20 s_N_root_00_00181d30
00181d3c	FUN_00181d3c	FUN_00181d3c	2	
00181dbc	FUN_00181dbc	FUN_00181dbc	2	
00181e5c	FUN_00181e5c	FUN_00181e5c	2	
00181e98	FUN_00181e98	FUN_00181e98	2	
00181f30	FUN_00181f30	FUN_00181f30	2	
00181fb4	FUN_00181fb4	FUN_00181fb4	2	
00181fe0	FUN_00181fe0	FUN_00181fe0	2	
00182138	FUN_00182138	FUN_00182138	4	s__Support_txt01_01_0018233f s_Support_txt01_02_00182354 s_Support_txt01_03_00182368
00182380	FUN_00182380	FUN_00182380	3	s__d___0018269f
001827b8	FUN_001827b8	FUN_001827b8	2	
00182898	FUN_00182898	FUN_00182898	2	
001828c8	FUN_001828c8	FUN_001828c8	2	
001829a4	FUN_001829a4	FUN_001829a4	3	
001829e8	FUN_001829e8	FUN_001829e8	3	s__dialog_D_00_00182dbf s_inOut_00_00182dcc s_T_softList_00_00182ddc s_T_result_00_00182dec s_T_result_01_00182e00 s_Recommend_dlg04_03_00182e0c s_T_result_03_00182e2c s_T_result_04_00182e3c s_titleInfo_00_00182e70
00182ec0	FUN_00182ec0	FUN_00182ec0	3	s__softList_D_00_00183117 s_N_root_00_0018312c s_T_softlist_00_00183138 s_T_softlist_01_00183148 s_P_icon_00_00183158 s_softlist_00_00183180
00183260	FUN_00183260	FUN_00183260	2	
00183434	FUN_00183434	FUN_00183434	2	
00183514	FUN_00183514	FUN_00183514	2	
00183550	FUN_00183550	FUN_00183550	2	
00183938	FUN_00183938	FUN_00183938	3	
00183c80	FUN_00183c80	FUN_00183c80	2	
00183ca8	FUN_00183ca8	FUN_00183ca8	3	
00183f98	FUN_00183f98	FUN_00183f98	2	
001840d4	FUN_001840d4	FUN_001840d4	2	
00184140	FUN_00184140	FUN_00184140	2	
00184238	FUN_00184238	FUN_00184238	2	s_Recommend_dlg05_01_00184328 s_Recommend_dlg05_02_00184314 s__Recommend_dlg05_03_001842ff
00184344	FUN_00184344	FUN_00184344	2	
0018441c	FUN_0018441c	FUN_0018441c	2	
00184474	FUN_00184474	FUN_00184474	2	
0018450c	FUN_0018450c	FUN_0018450c	2	
00184544	FUN_00184544	FUN_00184544	2	
001845ec	FUN_001845ec	FUN_001845ec	2	s__Recommend_txt03_04_00184677
00184694	FUN_00184694	FUN_00184694	2	
00184710	FUN_00184710	FUN_00184710	2	
00184790	FUN_00184790	FUN_00184790	3	
001847b8	FUN_001847b8	FUN_001847b8	2	
00184894	FUN_00184894	FUN_00184894	2	
00184934	FUN_00184934	FUN_00184934	2	
00184980	FUN_00184980	FUN_00184980	4	s__position_D_01_001851ff s__listPos_D_00_00185217 s__softList_D_00_0018523f s_softList_D_01_00185250 s_delete_00_00185260 s_N_tchArea_00_00185270 s_T_next_00_001852a4 s_Recommend_btn01_02_001852b0 s_T_next_01_001852c4 s_Recommend_btn01_03_001859c8 s_N_start_00_001859e4 s_P_button_00_001859f0
00185a5c	FUN_00185a5c	FUN_00185a5c	4	
00185eec	FUN_00185eec	FUN_00185eec	2	
00185fec	FUN_00185fec	FUN_00185fec	2	
001860b4	FUN_001860b4	FUN_001860b4	2	
00186134	FUN_00186134	FUN_00186134	2	
00186170	FUN_00186170	FUN_00186170	2	
00186248	FUN_00186248	FUN_00186248	2	
00186344	FUN_00186344	FUN_00186344	2	
0018657c	FUN_0018657c	FUN_0018657c	2	
00186620	FUN_00186620	FUN_00186620	2	s_T_input_00_00186798
001867a4	FUN_001867a4	FUN_001867a4	2	
00186824	FUN_00186824	FUN_00186824	2	s_T_input_00_001869a0
001869b0	FUN_001869b0	FUN_001869b0	2	
00186a68	FUN_00186a68	FUN_00186a68	2	
00186b4c	FUN_00186b4c	FUN_00186b4c	2	
00186b90	FUN_00186b90	FUN_00186b90	4	
00186c54	FUN_00186c54	FUN_00186c54	2	
00186d28	FUN_00186d28	FUN_00186d28	2	
00186dcc	FUN_00186dcc	FUN_00186dcc	2	
00186ea0	FUN_00186ea0	FUN_00186ea0	2	
00186ed8	FUN_00186ed8	FUN_00186ed8	2	
001870d8	FUN_001870d8	FUN_001870d8	2	
001871c4	FUN_001871c4	FUN_001871c4	2	
001872c0	FUN_001872c0	FUN_001872c0	2	
00187394	FUN_00187394	FUN_00187394	2	
001873d0	FUN_001873d0	FUN_001873d0	2	
00187558	FUN_00187558	FUN_00187558	2	
00187700	FUN_00187700	FUN_00187700	4	
00187930	FUN_00187930	FUN_00187930	2	
00187b78	FUN_00187b78	FUN_00187b78	2	
00187c50	FUN_00187c50	FUN_00187c50	2	
00187c8c	FUN_00187c8c	FUN_00187c8c	2	
00187d64	FUN_00187d64	FUN_00187d64	2	
00187eb8	FUN_00187eb8	FUN_00187eb8	2	
00187fec	FUN_00187fec	FUN_00187fec	4	
00188134	FUN_00188134	FUN_00188134	2	
00188278	FUN_00188278	FUN_00188278	2	
0018850c	FUN_0018850c	FUN_0018850c	2	
00188708	FUN_00188708	FUN_00188708	3	
00188838	FUN_00188838	FUN_00188838	3	
00188850	FUN_00188850	FUN_00188850	4	
001888e0	FUN_001888e0	FUN_001888e0	4	
00188934	FUN_00188934	FUN_00188934	2	
001889f8	FUN_001889f8	FUN_001889f8	3	
00188a08	FUN_00188a08	FUN_00188a08	2	
00188a30	FUN_00188a30	FUN_00188a30	2	
00188b1c	FUN_00188b1c	FUN_00188b1c	2	
00188bf8	FUN_00188bf8	FUN_00188bf8	2	s__message_U_01_00188fcf s__T_message_00_00188fe7 s_mask_D_01_00189008 s_T_decide_00_00189014 s_T_decide_01_00189030 s_mask_D_00_0018903c s_Regi_title01_03_0018932c s_Regi_title01_01_00189350 s_Update_title01_02_0018933c s_Update_title01_01_00189370 s_Exchange_title01_01_00189318
00189384	FUN_00189384	FUN_00189384	2	
00189410	FUN_00189410	FUN_00189410	2	
0018944c	FUN_0018944c	FUN_0018944c	2	
0018957c	FUN_0018957c	FUN_0018957c	2	
0018962c	FUN_0018962c	FUN_0018962c	2	
00189710	FUN_00189710	FUN_00189710	2	s_CommonWin_dlg02_08_0018984c s__CommonWin_dlg02_10_00189837
00189870	FUN_00189870	FUN_00189870	2	
00189934	FUN_00189934	FUN_00189934	2	
00189a54	FUN_00189a54	FUN_00189a54	2	
00189b04	FUN_00189b04	FUN_00189b04	2	
00189ba8	FUN_00189ba8	FUN_00189ba8	2	
00189c6c	FUN_00189c6c	FUN_00189c6c	2	
00189ce8	FUN_00189ce8	FUN_00189ce8	2	
00189d50	FUN_00189d50	FUN_00189d50	2	s___l__00189e1f
00189e28	FUN_00189e28	FUN_00189e28	2	
00189ea8	FUN_00189ea8	FUN_00189ea8	2	
0018a04c	FUN_0018a04c	FUN_0018a04c	2	
0018a12c	FUN_0018a12c	FUN_0018a12c	2	
0018a160	FUN_0018a160	FUN_0018a160	2	
0018a608	FUN_0018a608	FUN_0018a608	3	
0018a654	FUN_0018a654	FUN_0018a654	3	
0018a6d8	FUN_0018a6d8	FUN_0018a6d8	3	
0018a734	FUN_0018a734	FUN_0018a734	3	s_PAnime_00_0018a82c
0018a844	FUN_0018a844	FUN_0018a844	2	
0018a8cc	FUN_0018a8cc	FUN_0018a8cc	2	
0018a920	FUN_0018a920	FUN_0018a920	2	
0018aa18	FUN_0018aa18	FUN_0018aa18	2	
0018aa78	FUN_0018aa78	FUN_0018aa78	4	
0018aa90	FUN_0018aa90	FUN_0018aa90	4	s_crane_00_0018ad38
0018ad60	FUN_0018ad60	FUN_0018ad60	3	s_M_Icon_01_0018ad70
0018ad7c	FUN_0018ad7c	FUN_0018ad7c	4	s__Anime_00_0018adeb
0018ae00	FUN_0018ae00	FUN_0018ae00	4	
0018aeac	FUN_0018aeac	FUN_0018aeac	4	s_Anime_00_0018b0a4 s_shadow_00_0018b0bc s_frame_00_0018b0c8
0018b0dc	FUN_0018b0dc	FUN_0018b0dc	2	
0018b168	FUN_0018b168	FUN_0018b168	4	
0018b200	FUN_0018b200	FUN_0018b200	4	s_Tiger_00_0018b358 s_TShadow_00_0018b390
0018b3a4	FUN_0018b3a4	FUN_0018b3a4	2	
0018b428	FUN_0018b428	FUN_0018b428	4	
0018b470	FUN_0018b470	FUN_0018b470	4	
0018b584	FUN_0018b584	FUN_0018b584	2	
0018b724	FUN_0018b724	FUN_0018b724	2	
0018b78c	FUN_0018b78c	FUN_0018b78c	2	
0018b8f4	FUN_0018b8f4	FUN_0018b8f4	2	
0018b9d0	FUN_0018b9d0	FUN_0018b9d0	4	s__xxx_U_00_0018bdc7 s_T_title_00_0018bdd4 s__info_D_00_0018bde7 s_T_message_01_0018bdf8 s_downloadBtn_D_00_0018be18 s_button_00_0018be44 s_Download_title_01_0018bf70
0018bf8c	FUN_0018bf8c	FUN_0018bf8c	2	
0018c07c	FUN_0018c07c	FUN_0018c07c	2	
0018c0b4	FUN_0018c0b4	FUN_0018c0b4	2	
0018c134	FUN_0018c134	FUN_0018c134	2	
0018c1b4	FUN_0018c1b4	FUN_0018c1b4	2	
0018c1e4	FUN_0018c1e4	FUN_0018c1e4	2	
0018c268	FUN_0018c268	FUN_0018c268	2	
0018c2b0	FUN_0018c2b0	FUN_0018c2b0	3	s___l__0018c517
0018c52c	FUN_0018c52c	FUN_0018c52c	2	s_N_dlgArea_00_0018c59c
0018c5ac	FUN_0018c5ac	FUN_0018c5ac	2	
0018c650	FUN_0018c650	FUN_0018c650	2	
0018c76c	FUN_0018c76c	FUN_0018c76c	2	
0018c868	FUN_0018c868	FUN_0018c868	2	
0018c89c	FUN_0018c89c	FUN_0018c89c	2	
0018c9cc	FUN_0018c9cc	FUN_0018c9cc	2	s__News_dlg01_01_0018ca37
0018cb14	FUN_0018cb14	FUN_0018cb14	2	
0018cbec	FUN_0018cbec	FUN_0018cbec	2	
0018cc38	FUN_0018cc38	FUN_0018cc38	4	s__position_D_01_0018d07f s_listPos_D_00_0018d090 s_listBtn_D_00_0018d0a0 s_listBtn_D_01_0018d0b0 s__dialogB_D_00_0018d0cf s_inOut_00_0018d0e4 s__dialogB_D_01_0018d0f7 s_N_tchArea_00_0018d108 s_button_00_0018d6ac s_SE_CANCEL_0018d6b8
0018d6c8	FUN_0018d6c8	FUN_0018d6c8	3	
0018d6ec	FUN_0018d6ec	FUN_0018d6ec	2	s_T_preorder_00_0018d884 s_Shelf_icon01_10_0018d894 s_N_preorder_00_0018d8a4 s_T_sale_00_0018d8b4 s_Shelf_icon01_08_0018d8c0 s_N_sale_00_0018d8d0 s_T_discount_00_0018d8dc s_Shelf_icon01_09_0018d8ec s_N_discount_00_0018d8fc
0018d914	FUN_0018d914	FUN_0018d914	2	s_T_preorder_00_0018dae8 s_Shelf_icon01_10_0018daf8 s_N_preorder_00_0018db08
0018db18	FUN_0018db18	FUN_0018db18	3	s__P_banner_00_0018df5f s_T_title_00_0018df78 s_N_title_00_0018df6c s_P_icon_00_0018df84
0018dfbc	FUN_0018dfbc	FUN_0018dfbc	2	
0018e1c4	FUN_0018e1c4	FUN_0018e1c4	3	
0018e33c	FUN_0018e33c	FUN_0018e33c	3	
0018e354	FUN_0018e354	FUN_0018e354	4	
0018e3e4	FUN_0018e3e4	FUN_0018e3e4	3	
0018e430	FUN_0018e430	FUN_0018e430	2	
0018e4f4	FUN_0018e4f4	FUN_0018e4f4	3	
0018e504	FUN_0018e504	FUN_0018e504	3	
0018e588	FUN_0018e588	FUN_0018e588	3	s__dlglistPos_D_00_0018e9cf s_T_label_00_0018e9e4 s_inOut_00_0018e9f0 s_listBtn_D_00_0018e9fc s_listBtn_D_01_0018ea0c s_N_next_00_0018ea1c s_dlglistBtn_D_00_0018eca4 s_N_root_00_0018ecb8 s_T_listBtn_00_0018ecc4 s_T_listBtn_01_0018ecd4 s_B_listBtn_00_0018ed04
0018ed14	FUN_0018ed14	FUN_0018ed14	4	
0018eddc	FUN_0018eddc	FUN_0018eddc	4	
0018ee08	FUN_0018ee08	FUN_0018ee08	4	s_N_root_00_0018ee90
0018eea8	FUN_0018eea8	FUN_0018eea8	3	s__position_U_00_0018eeff s_inOut_00_0018ef10
0018ef20	FUN_0018ef20	FUN_0018ef20	3	s_LBmove_00_0018f178 s__N_root_00_0018f15f s_N_right_00_0018f184 s_N_center_00_0018f16c s__RBmove_00_0018f197 s_N_left_00_0018f1a4
0018f1b0	FUN_0018f1b0	FUN_0018f1b0	2	
0018f288	FUN_0018f288	FUN_0018f288	2	
0018f3ac	FUN_0018f3ac	FUN_0018f3ac	2	
0018f3f4	FUN_0018f3f4	FUN_0018f3f4	2	
0018f5d8	FUN_0018f5d8	FUN_0018f5d8	2	
0018f628	FUN_0018f628	FUN_0018f628	3	s_NewTitle_txt01_01_0018fa7c s_NewTitle_txt01_03_0018fa68 s__dialogA_D_01_0018fa97 s_inOut_00_0018faac s__menuPos_D_00_0018fabf s_menuBtn_D_00_0018fae4 s_T_button_00_0018faf8 s_T_button_01_0018fb04 s_button_00_0018fb24 s_SE_CANCEL_0018fb30
0018fb50	FUN_0018fb50	FUN_0018fb50	2	s_N_dlgArea_00_0018fbb0
0018fbc0	FUN_0018fbc0	FUN_0018fbc0	2	
0018fc4c	FUN_0018fc4c	FUN_0018fc4c	2	
0018fdc0	FUN_0018fdc0	FUN_0018fdc0	2	
0018fdf8	FUN_0018fdf8	FUN_0018fdf8	2	
0018fed4	FUN_0018fed4	FUN_0018fed4	2	
0018ffd0	FUN_0018ffd0	FUN_0018ffd0	2	s_Ranking_txt01_01_001903b0 s_Ranking_txt01_02_0019039c s__dialogB_D_00_001903cf s_inOut_00_001903e4 s__dialogB_D_01_001903f7 s__position_D_03_0019040f s_N_tchArea_00_00190420 s_Ranking_btn01_04_00190438 s_button_00_0019072c s_SE_CANCEL_00190738
00190744	FUN_00190744	FUN_00190744	2	
0019084c	FUN_0019084c	FUN_0019084c	2	
00190884	FUN_00190884	FUN_00190884	2	
0019093c	FUN_0019093c	FUN_0019093c	2	s__Ranking_dlg01_01_001909af
00190a6c	FUN_00190a6c	FUN_00190a6c	2	
00190ac0	FUN_00190ac0	FUN_00190ac0	3	s__dialogB_D_00_00190e3f s_inOut_00_00190e54
00190e68	FUN_00190e68	FUN_00190e68	2	
00190f60	FUN_00190f60	FUN_00190f60	3	
001911ec	FUN_001911ec	FUN_001911ec	4	
0019123c	FUN_0019123c	FUN_0019123c	3	
00191244	FUN_00191244	FUN_00191244	3	
001912c8	FUN_001912c8	FUN_001912c8	3	s__SE_OK_0019134f
00191368	FUN_00191368	FUN_00191368	4	s__SE_OK_00191467
00191494	FUN_00191494	FUN_00191494	2	
001914f0	FUN_001914f0	FUN_001914f0	4	s__N_sale_00_0019194f s_N_discount_00_0019195c s_N_preorder_00_0019196c s_Shelf_icon01_01_00191988 s_N_root_00_001919ac s_T_title_00_001919b8 s_banner_00_001919e4 s_SE_DECIDE_SUB_00191a00 s_fadeIn_00_00191a24
00191a30	FUN_00191a30	FUN_00191a30	3	
00191a98	FUN_00191a98	FUN_00191a98	4	s_telop_U_00_00191e50 s__T_telop_00_00191e67 s_telop_U_01_00191e74 s_N_root_00_00191e80
00192044	FUN_00192044	FUN_00192044	2	
001920c8	FUN_001920c8	FUN_001920c8	3	
00192124	FUN_00192124	FUN_00192124	2	
00192130	FUN_00192130	FUN_00192130	2	
00192578	FUN_00192578	FUN_00192578	2	
001925c0	FUN_001925c0	FUN_001925c0	5	s_T_title_00_001926d0 s_BW_ftbk_00_001926e3
00192ef8	FUN_00192ef8	FUN_00192ef8	3	s_N_right_00_001930d8 s_N_left_00_001930e4
001930f0	FUN_001930f0	FUN_001930f0	3	
00193134	FUN_00193134	FUN_00193134	3	
00193180	FUN_00193180	FUN_00193180	4	s_banner_D_00_00193538 s_0_popUpA_D_00_00193a8e s__popUpB_D_00_00193a3f s_popUp_D_00_00193a4c s_inOut_00_00193a58
00193b0c	FUN_00193b0c	FUN_00193b0c	2	
00193ba8	FUN_00193ba8	FUN_00193ba8	2	
00193cec	FUN_00193cec	FUN_00193cec	3	
00193d10	FUN_00193d10	FUN_00193d10	3	s_bannerA_D_03_00193fd8 s_banner_U_00_0019400c s__P_banner_00_00193fff s_N_root_01_00194018 s_N_title_00_00194024 s_N_lump_00_00194030 s_P_icon_00_00194048 s_Receive_00_00194058
001940bc	FUN_001940bc	FUN_001940bc	4	
00194160	FUN_00194160	FUN_00194160	3	
00194188	FUN_00194188	FUN_00194188	3	s__listBtn_D_00_001943f7 s_N_root_00_00194408 s_T_listBtn_00_00194414 s_inOut_00_00194424 s_Receive_00_00194430 s_N_lump_00_0019443c
00194470	FUN_00194470	FUN_00194470	3	
001945e8	FUN_001945e8	FUN_001945e8	2	
001946f4	FUN_001946f4	FUN_001946f4	2	s_Entrance_swkb01_01_001947f8
00194828	FUN_00194828	FUN_00194828	2	s_T_keywordBtn_00_00194e64
00194e78	FUN_00194e78	FUN_00194e78	3	s__searchTop_D_00_0019516f s_T_keywordBtn_00_00195188 s_keywordBtn_00_001951b8
001951e8	FUN_001951e8	FUN_001951e8	4	
00195274	FUN_00195274	FUN_00195274	2	
001952dc	FUN_001952dc	FUN_001952dc	2	s_WishList_dlg02_01_00195438 s_WishList_dlg02_02_00195424 s__WishList_dlg02_03_0019540f
00195454	FUN_00195454	FUN_00195454	2	s__WishList_dlg03_01_001954e3
00195500	FUN_00195500	FUN_00195500	2	
00195580	FUN_00195580	FUN_00195580	2	
00195604	FUN_00195604	FUN_00195604	2	
001956e8	FUN_001956e8	FUN_001956e8	2	
0019573c	FUN_0019573c	FUN_0019573c	2	
00195804	FUN_00195804	FUN_00195804	2	
001958b4	FUN_001958b4	FUN_001958b4	2	
001958f0	FUN_001958f0	FUN_001958f0	2	
00195994	FUN_00195994	FUN_00195994	2	s__WishList_dlg01_01_00195a23
00195a40	FUN_00195a40	FUN_00195a40	2	
00195ac0	FUN_00195ac0	FUN_00195ac0	2	
00195b3c	FUN_00195b3c	FUN_00195b3c	2	
00195c40	FUN_00195c40	FUN_00195c40	2	
00195cf0	FUN_00195cf0	FUN_00195cf0	3	
00195d18	FUN_00195d18	FUN_00195d18	4	s__position_D_00_001965ff s_list_D_00_00196610 s_list_D_00_D_0019661c s__wishlistBar_D_00_00196647 s_N_WishlistBar_00_0019665c s_wishlistBtn_D_00_00196670 s_WishListBtn_00_00196684 s_SE_DECIDE_SUB_00196694 s_N_WishListBtn_00_001966a4 s_WishList_btn01_05_001966c4 s_change_001966e4 s_N_WishListBtn_01_00196afc s_list_D_01_00196b38 s_T_next_00_00196b44 s_WishList_btn01_03_00196b50 s_T_next_01_00196b64 s_WishList_btn01_04_00197118 s_N_start_00_00197134
001972dc	FUN_001972dc	FUN_001972dc	3	
00197588	FUN_00197588	FUN_00197588	3	s__wishlist_U_00_00197627 s_WishList_title_01_0019766c s_WishList_title_02_00197638 s_T_text_00_0019764c s_WishList_txt01_17_00197658
00197680	FUN_00197680	FUN_00197680	3	
001976c8	FUN_001976c8	FUN_001976c8	2	
00197724	FUN_00197724	FUN_00197724	3	
00197778	FUN_00197778	FUN_00197778	2	s_T_point_02_00197b58 s_T_point_03_00197b64 s_P_strike_01_00197b70 s_T_point_00_00197b7c s_T_point_01_00197b88 s_P_strike_00_00197b94 s_T_legal_00_00197bdc s_WishList_txt01_24_00197be8 s_WishList_txt01_28_00197e38 s_WishList_txt01_02_00197c24 s__WishList_txt01_30_00197e0f s_WishList_txt01_16_00197e24 s_WishList_txt01_29_00197c10 s_WishList_txt01_15_00197bfc s_WishList_txt01_14_00197bc4 s_WishList_txt01_12_00197ba8
00197e50	FUN_00197e50	FUN_00197e50	3	s__list_D_00_0019831f s_N_root_00_0019832c s_P_icon_00_00198338 s_P_loading_00_00198344 s_P_shadow_00_00198354 s_T_softlist_00_00198360 s_T_rating_00_00198374 s_T_point_00_00198380 s_T_point_01_0019838c s_P_strike_00_00198398 s_T_point_02_001983a4 s_T_point_03_001983b0 s_P_strike_01_001983bc s_T_legal_00_001983c8 s_price_00_001983d4 s_T_date_00_001983e4 s__dp__00198697 s_delete_00_001986a4 s_N_delete_00_0019865c s_titleInfo_00_001986b0 s_N_titleInfo_00_00198668
001987c4	FUN_001987c4	FUN_001987c4	4	
0019882c	FUN_0019882c	FUN_0019882c	4	
00198938	FUN_00198938	FUN_00198938	2	
00198b38	FUN_00198b38	FUN_00198b38	2	
00198c74	FUN_00198c74	FUN_00198c74	2	
00198ca0	FUN_00198ca0	FUN_00198ca0	2	
00198d78	FUN_00198d78	FUN_00198d78	2	s_N_dialog_00_00198e5c s_pCN_root_00_00198e6e
00198e7c	FUN_00198e7c	FUN_00198e7c	2	
00198fb8	FUN_00198fb8	FUN_00198fb8	2	
001990c8	FUN_001990c8	FUN_001990c8	3	s_Language_title01_01_00199518 s_Language_txt01_01_00199504 s_language_D_01_0019952c s_BootLanguage_dlg01_01_001994d8 s__BootLanguage_dlg01_02_001994bf s_language_D_00_001994f0 s_inOut_00_0019953c s_toggleBtn_D_00_001999d0 s_N_root_00_001999e4 s_T_button_00_001999f0 s_T_button_01_001999fc s_button_00_00199a18 s_decide_00_00199a28 s_cancel_00_00199a34 s_T_decide_00_00199a40 s_BootLanguage_btn01_01_00199a4c s_T_decide_01_00199a64 s_T_cancel_00_00199a70 s_CommonWin_dlg01_01_00199c60 s_T_cancel_01_00199c74
00199d58	FUN_00199d58	FUN_00199d58	4	
00199d90	FUN_00199d90	FUN_00199d90	3	
00199da8	FUN_00199da8	FUN_00199da8	2	
00199e6c	FUN_00199e6c	FUN_00199e6c	3	
00199e7c	FUN_00199e7c	FUN_00199e7c	3	
00199f70	FUN_00199f70	FUN_00199f70	2	
00199fec	FUN_00199fec	FUN_00199fec	2	
0019a144	FUN_0019a144	FUN_0019a144	2	
0019a210	FUN_0019a210	FUN_0019a210	2	
0019a258	FUN_0019a258	FUN_0019a258	2	
0019a370	FUN_0019a370	FUN_0019a370	4	s__position_D_02_0019a827 s__h___0019abf7
0019ac28	FUN_0019ac28	FUN_0019ac28	2	
0019ad1c	FUN_0019ad1c	FUN_0019ad1c	2	
0019aefc	FUN_0019aefc	FUN_0019aefc	2	
0019af40	FUN_0019af40	FUN_0019af40	3	
0019b068	FUN_0019b068	FUN_0019b068	2	
0019b5e4	FUN_0019b5e4	FUN_0019b5e4	2	s_ESHOP____14llu__0019ba00 s_ESHOP____0019ba10
0019bbbc	FUN_0019bbbc	get_field_8_undefined8_0019bbbc	4	
0019bbcc	FUN_0019bbcc	FUN_0019bbcc	2	
0019bc00	FUN_0019bc00	FUN_0019bc00	3	
0019bcd8	FUN_0019bcd8	FUN_0019bcd8	3	
0019be3c	FUN_0019be3c	FUN_0019be3c	2	
0019be8c	FUN_0019be8c	FUN_0019be8c	2	
0019bfac	FUN_0019bfac	FUN_0019bfac	2	
0019bfec	FUN_0019bfec	FUN_0019bfec	2	
0019c12c	FUN_0019c12c	FUN_0019c12c	2	s__error_txt01_97_0019c53f s__02X_0019c598
0019c6f0	FUN_0019c6f0	FUN_0019c6f0	2	
0019c758	FUN_0019c758	FUN_0019c758	3	s__check_U_00_0019c8af s_T_message_00_0019c8bc s_TitleInfo_dlg06_02_0019c8cc s_inOut_00_0019c8e0
0019c910	FUN_0019c910	FUN_0019c910	2	s__progbar_00_0019ca9f s_ProgStart_0019cab0 s_P_ProgBar_00_0019cabc s_N_root_00_0019cacc s__N_loadingIcon_01_0019cadf
0019cb00	FUN_0019cb00	FUN_0019cb00	3	
0019cb40	FUN_0019cb40	FUN_0019cb40	4	
0019cc18	FUN_0019cc18	FUN_0019cc18	3	
0019cd3c	FUN_0019cd3c	FUN_0019cd3c	3	
0019cdf8	FUN_0019cdf8	FUN_0019cdf8	2	
0019cf14	FUN_0019cf14	FUN_0019cf14	2	
0019cf98	FUN_0019cf98	FUN_0019cf98	2	
0019d038	FUN_0019d038	FUN_0019d038	2	
0019d1d0	FUN_0019d1d0	FUN_0019d1d0	2	
0019d284	FUN_0019d284	FUN_0019d284	2	
0019d2c4	FUN_0019d2c4	FUN_0019d2c4	2	
0019d34c	FUN_0019d34c	FUN_0019d34c	2	
0019d3cc	FUN_0019d3cc	FUN_0019d3cc	2	
0019d5b4	FUN_0019d5b4	FUN_0019d5b4	4	
0019d5d0	FUN_0019d5d0	FUN_0019d5d0	2	
0019d63c	FUN_0019d63c	FUN_0019d63c	2	
0019d6a8	FUN_0019d6a8	FUN_0019d6a8	2	
0019d80c	FUN_0019d80c	FUN_0019d80c	2	
0019de78	FUN_0019de78	FUN_0019de78	2	
0019df8c	FUN_0019df8c	FUN_0019df8c	2	
0019e0a0	FUN_0019e0a0	FUN_0019e0a0	2	
0019e258	FUN_0019e258	FUN_0019e258	2	
0019e3a8	FUN_0019e3a8	FUN_0019e3a8	2	
0019e4b0	FUN_0019e4b0	FUN_0019e4b0	2	
0019e5a8	FUN_0019e5a8	FUN_0019e5a8	2	
0019e84c	FUN_0019e84c	FUN_0019e84c	2	
0019e944	FUN_0019e944	FUN_0019e944	2	
0019ea3c	FUN_0019ea3c	FUN_0019ea3c	2	
0019eb54	FUN_0019eb54	FUN_0019eb54	2	
0019fa14	FUN_0019fa14	FUN_0019fa14	2	
0019fb0c	FUN_0019fb0c	FUN_0019fb0c	2	
0019fe34	FUN_0019fe34	FUN_0019fe34	2	
0019ffec	FUN_0019ffec	FUN_0019ffec	2	
001a01bc	FUN_001a01bc	FUN_001a01bc	2	
001a030c	FUN_001a030c	FUN_001a030c	2	
001a03e0	FUN_001a03e0	FUN_001a03e0	2	
001a04f8	FUN_001a04f8	FUN_001a04f8	2	
001a0710	FUN_001a0710	FUN_001a0710	2	
001a083c	FUN_001a083c	FUN_001a083c	2	
001a0c20	FUN_001a0c20	FUN_001a0c20	4	
001a0c80	FUN_001a0c80	FUN_001a0c80	2	
001a0d68	FUN_001a0d68	FUN_001a0d68	3	s_arrow_00_001a1088
001a10b0	FUN_001a10b0	FUN_001a10b0	3	
001a11bc	FUN_001a11bc	FUN_001a11bc	2	
001a1324	FUN_001a1324	FUN_001a1324	2	
001a13a0	FUN_001a13a0	FUN_001a13a0	3	
001a14a4	FUN_001a14a4	FUN_001a14a4	2	
001a15ac	FUN_001a15ac	FUN_001a15ac	2	
001a16b4	FUN_001a16b4	FUN_001a16b4	2	
001a17dc	FUN_001a17dc	FUN_001a17dc	2	
001a1834	FUN_001a1834	FUN_001a1834	3	
001a1858	FUN_001a1858	FUN_001a1858	2	
001a1994	FUN_001a1994	FUN_001a1994	2	s_T_message_00_001a1a40 s_BN_dlgArea_00_001a1a53
001a1aac	FUN_001a1aac	FUN_001a1aac	2	
001a1d3c	FUN_001a1d3c	set_field_1348_undefined1_001a1d3c	3	
001a1d48	FUN_001a1d48	FUN_001a1d48	2	
001a1f10	FUN_001a1f10	FUN_001a1f10	2	
001a1fe8	FUN_001a1fe8	FUN_001a1fe8	2	
001a205c	FUN_001a205c	FUN_001a205c	2	
001a222c	FUN_001a222c	FUN_001a222c	2	s_N_root_00_001a2388 s_CN_dialog_00_001a239a s_N_dlgArea_00_001a23a8
001a23b8	FUN_001a23b8	FUN_001a23b8	3	s__sysMenu_U_00_001a2927 s_T_points_01_001a293c s_T_wish_01_001a2960 s_inOut_00_001a297c s_sysMenu_D_00_001a2988 s__sysMenu_D_01_001a299f s_menuBtn_D_00_001a29bc s_menuBtn_D_01_001a29cc s_menuBtn_D_02_001a29dc s_menuBtn_D_03_001a29ec s_close_00_001a2a1c s__sysMenu_D_02_001a2a2f
001a2d84	FUN_001a2d84	FUN_001a2d84	4	
001a2f18	FUN_001a2f18	FUN_001a2f18	4	s__infoBtn_D_01_001a2fc7 s_N_info_00_001a30fc s_N_info_01_001a3108
001a2fdc	FUN_001a2fdc	FUN_001a2fdc	3	s_N_info_00_001a30fc s_N_info_01_001a3108
001a3140	FUN_001a3140	FUN_001a3140	4	
001a31a8	FUN_001a31a8	FUN_001a31a8	3	
001a31e8	FUN_001a31e8	FUN_001a31e8	4	
001a3200	FUN_001a3200	FUN_001a3200	3	
001a32ec	FUN_001a32ec	FUN_001a32ec	3	
001a334c	FUN_001a334c	get_field_3fc0_undefined4_001a334c	3	
001a3358	FUN_001a3358	get_field_3fbc_undefined4_001a3358	3	
001a3364	FUN_001a3364	FUN_001a3364	3	
001a338c	FUN_001a338c	FUN_001a338c	3	
001a33d8	FUN_001a33d8	FUN_001a33d8	3	
001a341c	FUN_001a341c	FUN_001a341c	3	
001a351c	FUN_001a351c	FUN_001a351c	4	
001a37e4	FUN_001a37e4	FUN_001a37e4	4	
001a3808	FUN_001a3808	FUN_001a3808	3	
001a3dd4	FUN_001a3dd4	FUN_001a3dd4	3	
001a4000	FUN_001a4000	FUN_001a4000	2	
001a40b8	FUN_001a40b8	FUN_001a40b8	2	s__ErrorDialog_D_03_001a4167 s_T_message_00_001a4180 s_inOut_00_001a4190
001a419c	FUN_001a419c	FUN_001a419c	2	
001a42bc	FUN_001a42bc	FUN_001a42bc	2	
001a4318	FUN_001a4318	FUN_001a4318	3	s__ErrorDialog_D_00_0026f8ef s_inOut_00_0026f908 s__ErrorDialog_D_01_0026f91f s_T_message_01_0026f94c s_T_close_00_0026f95c s_T_close_01_0026f968 s_close_00_0026f990 s_T_message_00_0026f99c
001a4434	FUN_001a4434	FUN_001a4434	2	
001a4548	FUN_001a4548	FUN_001a4548	2	s_T_message_00_001a45f4 s_BN_dlgArea_00_001a4607
001a4618	FUN_001a4618	FUN_001a4618	3	
001a462c	FUN_001a462c	FUN_001a462c	3	
001a46a4	FUN_001a46a4	FUN_001a46a4	3	
001a4780	FUN_001a4780	FUN_001a4780	3	
001a4868	FUN_001a4868	FUN_001a4868	4	
001a4bc0	FUN_001a4bc0	FUN_001a4bc0	2	
001a4c18	FUN_001a4c18	FUN_001a4c18	3	
001a4e38	FUN_001a4e38	FUN_001a4e38	2	
001a4eec	FUN_001a4eec	FUN_001a4eec	2	
001a5054	FUN_001a5054	FUN_001a5054	2	
001a512c	FUN_001a512c	FUN_001a512c	2	
001a5168	FUN_001a5168	FUN_001a5168	2	
001a5288	FUN_001a5288	FUN_001a5288	3	
001a52b0	FUN_001a52b0	FUN_001a52b0	3	s__message_U_00_001a5727 s_T_message_00_001a5738 s__positionList_D_00_001a5757 s_listPos_D_02_001a576c s_listBtn_D_00_001a577c s_listBtn_D_01_001a578c s_N_root_00_001a5d3c s_T_listBtn_00_001a5d48 s_T_listBtn_01_001a5d58 s_B_listBtn_00_001a5d78
001a5df8	FUN_001a5df8	FUN_001a5df8	2	
001a5f20	FUN_001a5f20	FUN_001a5f20	2	
001a5f64	FUN_001a5f64	FUN_001a5f64	2	
001a612c	FUN_001a612c	FUN_001a612c	2	
001a621c	FUN_001a621c	FUN_001a621c	2	
001a6250	FUN_001a6250	FUN_001a6250	2	
001a6328	FUN_001a6328	FUN_001a6328	3	s__dialog_U_00_001a665f s_T_yourPoints_01_001a6674 s_TitleInfo_dlg02_03_001a6684 s_T_needPoints_01_001a6698 s_TitleInfo_dlg02_05_001a66a8 s_inOut_00_001a66bc s_dialog_D_00_001a66c8 s_button_00_001a66f0 s_point_00_001a66fc
001a674c	FUN_001a674c	FUN_001a674c	2	
001a67d8	FUN_001a67d8	FUN_001a67d8	2	
001a6804	FUN_001a6804	FUN_001a6804	2	
001a6810	FUN_001a6810	FUN_001a6810	2	
001a6824	FUN_001a6824	FUN_001a6824	2	
001a6844	FUN_001a6844	FUN_001a6844	2	
001a6858	FUN_001a6858	FUN_001a6858	2	
001a689c	FUN_001a689c	FUN_001a689c	2	
001a68bc	FUN_001a68bc	FUN_001a68bc	2	
001a68dc	FUN_001a68dc	FUN_001a68dc	2	
001a68fc	FUN_001a68fc	FUN_001a68fc	2	
001a6910	FUN_001a6910	FUN_001a6910	2	
001a6938	FUN_001a6938	FUN_001a6938	2	
001a694c	FUN_001a694c	FUN_001a694c	3	
001a6c0c	FUN_001a6c0c	FUN_001a6c0c	3	
001a6ef0	FUN_001a6ef0	FUN_001a6ef0	4	
001a6f30	FUN_001a6f30	FUN_001a6f30	2	
001a7078	FUN_001a7078	FUN_001a7078	2	
001a7084	FUN_001a7084	FUN_001a7084	3	
001a711c	FUN_001a711c	FUN_001a711c	2	
001a71ec	FUN_001a71ec	FUN_001a71ec	4	
001a7200	FUN_001a7200	FUN_001a7200	3	s_N_root_00_001a726c
001a7278	FUN_001a7278	FUN_001a7278	3	
001a729c	FUN_001a729c	FUN_001a729c	3	
001a72ec	FUN_001a72ec	FUN_001a72ec	2	
001a737c	FUN_001a737c	FUN_001a737c	3	
001a7390	FUN_001a7390	FUN_001a7390	3	s_Download_txt02_17_001a7a1c s_Download_txt02_20_001a7a08 s__finish_D_03_001a7a37 s_T_message_00_001a7a44 s_N_root_00_001a7a54
001a7a60	FUN_001a7a60	FUN_001a7a60	3	
001a7b30	FUN_001a7b30	FUN_001a7b30	3	
001a7df0	FUN_001a7df0	FUN_001a7df0	5	
001a7e10	FUN_001a7e10	FUN_001a7e10	2	
001a7f14	FUN_001a7f14	FUN_001a7f14	2	
001a7fec	FUN_001a7fec	FUN_001a7fec	2	
001a80b8	FUN_001a80b8	FUN_001a80b8	2	
001a80f0	FUN_001a80f0	FUN_001a80f0	2	
001a81d0	FUN_001a81d0	FUN_001a81d0	4	
001a81e0	FUN_001a81e0	FUN_001a81e0	2	
001a8498	FUN_001a8498	FUN_001a8498	2	
001a85b0	FUN_001a85b0	FUN_001a85b0	2	
001a85c0	FUN_001a85c0	FUN_001a85c0	2	
001a8714	FUN_001a8714	FUN_001a8714	2	
001a89a8	FUN_001a89a8	FUN_001a89a8	2	
001a8b6c	FUN_001a8b6c	FUN_001a8b6c	2	
001a8ca8	FUN_001a8ca8	FUN_001a8ca8	2	s__mask_U_00_001a904f s__positionA_D_00_001a9067 s_positionB_D_00_001a9078 s__searchBtn_D_00_001a9687 s_search_00_001a96ac
001a9844	FUN_001a9844	FUN_001a9844	2	
001a994c	FUN_001a994c	FUN_001a994c	2	
001a9a10	FUN_001a9a10	FUN_001a9a10	2	
001a9b10	FUN_001a9b10	FUN_001a9b10	2	
001a9c74	FUN_001a9c74	FUN_001a9c74	2	
001a9e50	FUN_001a9e50	FUN_001a9e50	2	
001a9f14	FUN_001a9f14	FUN_001a9f14	2	
001a9f44	FUN_001a9f44	FUN_001a9f44	2	
001aa008	FUN_001aa008	FUN_001aa008	2	
001aa034	FUN_001aa034	FUN_001aa034	2	s__InfoSet_dlg01_05_001aa45b s_InfoSet_dlg01_04_001aa470
001aa608	FUN_001aa608	FUN_001aa608	2	
001aa684	FUN_001aa684	FUN_001aa684	2	
001aa798	FUN_001aa798	FUN_001aa798	2	
001aa81c	FUN_001aa81c	FUN_001aa81c	2	
001aa8a8	FUN_001aa8a8	FUN_001aa8a8	2	
001aa994	FUN_001aa994	FUN_001aa994	4	
001aa9bc	FUN_001aa9bc	FUN_001aa9bc	2	
001aaa50	FUN_001aaa50	FUN_001aaa50	2	
001aaae8	FUN_001aaae8	FUN_001aaae8	2	
001aaf0c	FUN_001aaf0c	FUN_001aaf0c	2	
001ab188	FUN_001ab188	FUN_001ab188	2	
001ab2e4	FUN_001ab2e4	FUN_001ab2e4	2	
001ab360	FUN_001ab360	FUN_001ab360	2	
001ab3c0	FUN_001ab3c0	FUN_001ab3c0	2	
001ab718	FUN_001ab718	FUN_001ab718	2	
001ab7b0	FUN_001ab7b0	FUN_001ab7b0	2	
001ab91c	FUN_001ab91c	FUN_001ab91c	2	
001ab980	FUN_001ab980	FUN_001ab980	2	
001ab9a8	FUN_001ab9a8	FUN_001ab9a8	4	
001ac2b4	FUN_001ac2b4	FUN_001ac2b4	2	
001ac610	FUN_001ac610	FUN_001ac610	2	
001ac78c	FUN_001ac78c	FUN_001ac78c	2	
001ac808	FUN_001ac808	FUN_001ac808	3	
001ac870	FUN_001ac870	FUN_001ac870	2	
001acab0	FUN_001acab0	FUN_001acab0	2	
001acb60	FUN_001acb60	FUN_001acb60	2	
001acc34	FUN_001acc34	FUN_001acc34	2	
001acca8	FUN_001acca8	FUN_001acca8	2	
001acd7c	FUN_001acd7c	FUN_001acd7c	2	s_InfoSet_dlg01_01_001acee8 s__InfoSet_dlg01_02_001aced3
001acf4c	FUN_001acf4c	FUN_001acf4c	2	
001acfc0	FUN_001acfc0	FUN_001acfc0	2	
001ad0e4	FUN_001ad0e4	FUN_001ad0e4	2	
001ad164	FUN_001ad164	FUN_001ad164	2	
001ad1a0	FUN_001ad1a0	FUN_001ad1a0	2	
001ad294	FUN_001ad294	FUN_001ad294	2	
001ad9f4	FUN_001ad9f4	FUN_001ad9f4	2	
001ada74	FUN_001ada74	FUN_001ada74	2	
001adab8	FUN_001adab8	FUN_001adab8	2	
001adaf4	FUN_001adaf4	FUN_001adaf4	2	
001adbd0	FUN_001adbd0	FUN_001adbd0	2	s__text_U_00_001ad77f s_T_message_00_001ad78c s_InfoSet_txt01_01_001ad79c s__eulaPos_D_02_001ad7b7 s__eulaTop_D_00_001ad7cf s_T_text_00_001ad7e0 s_InfoSet_btn01_01_001ad840 s_InfoSet_btn01_02_001ad82c s_InfoSet_btn01_03_001ad874 s_InfoSet_title01_01_001ad888
001adc00	FUN_001adc00	FUN_001adc00	4	s__XX__001adf4f
001adf64	FUN_001adf64	FUN_001adf64	2	s_BT_title_00_001ae03b s_T_message_00_001ae048
001ae058	FUN_001ae058	FUN_001ae058	2	
001ae1a8	FUN_001ae1a8	FUN_001ae1a8	2	
001ae304	FUN_001ae304	FUN_001ae304	2	
001ae3e4	FUN_001ae3e4	FUN_001ae3e4	2	
001ae41c	FUN_001ae41c	FUN_001ae41c	2	
001ae510	FUN_001ae510	FUN_001ae510	3	
001ae57c	FUN_001ae57c	FUN_001ae57c	2	
001ae698	FUN_001ae698	FUN_001ae698	2	
001ae828	FUN_001ae828	FUN_001ae828	2	
001ae9c8	FUN_001ae9c8	FUN_001ae9c8	2	
001aeaec	FUN_001aeaec	FUN_001aeaec	2	
001aeb78	FUN_001aeb78	FUN_001aeb78	4	
001aecb4	FUN_001aecb4	FUN_001aecb4	3	
001aecf0	FUN_001aecf0	FUN_001aecf0	2	
001aef8c	FUN_001aef8c	FUN_001aef8c	3	s_N_root_00_001af080 s_N_button_00_001af08c s_N_button_01_001af098
001af0b0	FUN_001af0b0	FUN_001af0b0	3	
001af11c	FUN_001af11c	FUN_001af11c	3	
001af150	FUN_001af150	FUN_001af150	3	s__finish_D_01_001af527 s_N_root_00_001af534 s_N_button_00_001af540 s_N_button_01_001af54c
001af56c	FUN_001af56c	FUN_001af56c	3	
001af5e0	FUN_001af5e0	FUN_001af5e0	2	
001af6b4	FUN_001af6b4	FUN_001af6b4	2	
001af6c0	FUN_001af6c0	FUN_001af6c0	3	
001af900	FUN_001af900	FUN_001af900	4	
001af998	FUN_001af998	FUN_001af998	2	
001afb3c	FUN_001afb3c	FUN_001afb3c	2	
001afc88	FUN_001afc88	FUN_001afc88	2	
001afd64	FUN_001afd64	FUN_001afd64	2	
001afee8	FUN_001afee8	FUN_001afee8	2	
001affa0	FUN_001affa0	FUN_001affa0	2	
001b0084	FUN_001b0084	FUN_001b0084	2	
001b0144	FUN_001b0144	FUN_001b0144	2	
001b0220	FUN_001b0220	FUN_001b0220	2	s__TitleInfo_dlg05_05_001b0453
001b0470	FUN_001b0470	FUN_001b0470	2	
001b0564	FUN_001b0564	FUN_001b0564	2	
001b05c0	FUN_001b05c0	FUN_001b05c0	2	
001b06a4	FUN_001b06a4	FUN_001b06a4	2	
001b0824	FUN_001b0824	FUN_001b0824	2	s__error_txt01_72_001b0913
001b09d0	FUN_001b09d0	FUN_001b09d0	2	s__Xg__001b0b17
001b0b44	FUN_001b0b44	FUN_001b0b44	2	
001b0ba0	FUN_001b0ba0	FUN_001b0ba0	2	
001b0c60	FUN_001b0c60	FUN_001b0c60	2	
001b0d3c	FUN_001b0d3c	FUN_001b0d3c	2	
001b11b0	thunk_FUN_00296124	thunk_FUN_00296124	3	
001b11b4	FUN_001b11b4	FUN_001b11b4	3	
001b1200	FUN_001b1200	FUN_001b1200	3	
001b1240	FUN_001b1240	FUN_001b1240	3	
001b13dc	FUN_001b13dc	FUN_001b13dc	3	
001b1444	FUN_001b1444	FUN_001b1444	3	
001b1540	FUN_001b1540	FUN_001b1540	2	
001b18b8	FUN_001b18b8	FUN_001b18b8	2	
001b1b4c	FUN_001b1b4c	FUN_001b1b4c	2	
001b1b84	FUN_001b1b84	FUN_001b1b84	2	
001b1c14	FUN_001b1c14	FUN_001b1c14	2	
001b2058	FUN_001b2058	FUN_001b2058	2	
001b2274	FUN_001b2274	FUN_001b2274	2	
001b23a0	FUN_001b23a0	FUN_001b23a0	2	
001b24e4	FUN_001b24e4	FUN_001b24e4	2	
001b2c10	FUN_001b2c10	FUN_001b2c10	2	
001b2c90	FUN_001b2c90	FUN_001b2c90	2	
001b2cd0	FUN_001b2cd0	FUN_001b2cd0	4	
001b2ea0	FUN_001b2ea0	FUN_001b2ea0	2	s_TitleInfo_dlg04_03_001b2f54 s_CommonWin_dlg02_03_001b2f40 s__TitleInfo_dlg04_04_001b2f2b s_TitleInfo_dlg04_01_001b2f7c s_TitleInfo_dlg04_02_001b2f68
001b2f98	FUN_001b2f98	FUN_001b2f98	2	
001b32fc	FUN_001b32fc	FUN_001b32fc	2	
001b3350	FUN_001b3350	FUN_001b3350	2	
001b343c	FUN_001b343c	FUN_001b343c	2	
001b3554	FUN_001b3554	FUN_001b3554	2	
001b3594	FUN_001b3594	FUN_001b3594	2	
001b35d0	FUN_001b35d0	FUN_001b35d0	2	
001b360c	FUN_001b360c	FUN_001b360c	2	
001b3738	FUN_001b3738	FUN_001b3738	4	
001b3838	FUN_001b3838	FUN_001b3838	2	
001b3910	FUN_001b3910	FUN_001b3910	2	
001b3c48	FUN_001b3c48	FUN_001b3c48	2	
001b3d60	FUN_001b3d60	FUN_001b3d60	3	
001b3de8	FUN_001b3de8	FUN_001b3de8	3	
001b3e70	FUN_001b3e70	FUN_001b3e70	3	
001b3f10	FUN_001b3f10	FUN_001b3f10	3	
001b3f94	FUN_001b3f94	FUN_001b3f94	2	
001b40c0	FUN_001b40c0	FUN_001b40c0	2	
001b4124	FUN_001b4124	FUN_001b4124	2	
001b429c	FUN_001b429c	FUN_001b429c	2	
001b4370	FUN_001b4370	FUN_001b4370	2	
001b43a8	FUN_001b43a8	FUN_001b43a8	2	
001b45f0	FUN_001b45f0	FUN_001b45f0	4	s__message_U_00_001b4a67 s_T_message_00_001b4a78 s_AddressSet_txt02_02_001b4a88 s_position_D_02_001b4a9c s_listPos_D_02_001b4aac s_listBtn_D_00_001b4abc s_listBtn_D_01_001b4acc s_AddressSet_title02_01_001b4fa4
001b4fc8	FUN_001b4fc8	FUN_001b4fc8	4	s__adrsOk_D_00_001b5177
001b538c	FUN_001b538c	FUN_001b538c	2	
001b54a8	FUN_001b54a8	FUN_001b54a8	2	
001b5524	FUN_001b5524	FUN_001b5524	2	
001b555c	FUN_001b555c	FUN_001b555c	2	
001b55f0	FUN_001b55f0	FUN_001b55f0	2	
001b566c	FUN_001b566c	FUN_001b566c	2	
001b56f8	FUN_001b56f8	FUN_001b56f8	2	
001b5794	FUN_001b5794	FUN_001b5794	2	
001b5810	FUN_001b5810	FUN_001b5810	2	
001b5934	FUN_001b5934	FUN_001b5934	2	s__CommonWin_dlg01_02_001b59cb
001b59e8	FUN_001b59e8	FUN_001b59e8	2	
001b5a90	FUN_001b5a90	FUN_001b5a90	4	s_AddressSet_title01_01_001b5ce0
001b5cf8	FUN_001b5cf8	FUN_001b5cf8	3	s_AddressSet_title01_01_001b5f30
001b5f48	FUN_001b5f48	FUN_001b5f48	3	s__adrsCheck_D_00_001b618f s_button_00_001b61bc s_button_01_001b61c8
001b61e8	FUN_001b61e8	FUN_001b61e8	2	
001b63a4	FUN_001b63a4	FUN_001b63a4	2	
001b6424	FUN_001b6424	FUN_001b6424	2	
001b6460	FUN_001b6460	FUN_001b6460	2	
001b6504	FUN_001b6504	FUN_001b6504	2	
001b6580	FUN_001b6580	FUN_001b6580	2	
001b65a8	FUN_001b65a8	FUN_001b65a8	2	
001b66d0	FUN_001b66d0	FUN_001b66d0	2	
001b6760	FUN_001b6760	FUN_001b6760	2	s___T__001b67ff
001b6808	FUN_001b6808	FUN_001b6808	2	
001b692c	FUN_001b692c	FUN_001b692c	2	
001b6b3c	FUN_001b6b3c	FUN_001b6b3c	1	
001b6de4	FUN_001b6de4	FUN_001b6de4	2	
001b6e64	FUN_001b6e64	FUN_001b6e64	2	
001b6ea0	FUN_001b6ea0	FUN_001b6ea0	2	
001b6f58	FUN_001b6f58	FUN_001b6f58	2	s__AddressSet_dlg05_01_001b703b
001b7050	FUN_001b7050	FUN_001b7050	2	
001b70dc	FUN_001b70dc	FUN_001b70dc	2	
001b7190	FUN_001b7190	FUN_001b7190	2	
001b7248	FUN_001b7248	FUN_001b7248	2	
001b72c8	FUN_001b72c8	FUN_001b72c8	2	s_T_input_00_001b76a4
001b76b0	FUN_001b76b0	FUN_001b76b0	2	
001b7758	FUN_001b7758	FUN_001b7758	2	
001b787c	FUN_001b787c	FUN_001b787c	2	
001b7948	FUN_001b7948	FUN_001b7948	3	s__listBtn_D_00_001b7b27 s_N_root_00_001b7b3c s_T_listBtn_00_001b7b48 s_T_listBtn_01_001b7b58
001b7b90	FUN_001b7b90	FUN_001b7b90	3	s__listBtn_D_01_001b7e27 s_N_root_00_001b7e38 s_T_listBtn_00_001b7e44 s_T_listBtn_01_001b7e54
001b7f10	FUN_001b7f10	FUN_001b7f10	4	s_T_message_09_001b7fa8 s_T_message_10_001b7fb8 s_T_message_12_001b7fc8
001b8018	FUN_001b8018	FUN_001b8018	2	
001b807c	FUN_001b807c	FUN_001b807c	2	
001b81c4	FUN_001b81c4	FUN_001b81c4	2	
001b829c	FUN_001b829c	FUN_001b829c	2	
001b82d8	FUN_001b82d8	FUN_001b82d8	2	
001b8500	FUN_001b8500	FUN_001b8500	4	s_AddressSet_title02_01_001b8bd0 s__position_D_02_001b8bef s_listPos_D_01_001b8c00 s_listBtn_D_00_001b8c10 s_listBtn_D_01_001b8c20
001b94f4	FUN_001b94f4	FUN_001b94f4	3	
001b99e4	FUN_001b99e4	FUN_001b99e4	2	
001b9ab4	FUN_001b9ab4	FUN_001b9ab4	2	
001b9af0	FUN_001b9af0	FUN_001b9af0	2	
001b9d10	FUN_001b9d10	FUN_001b9d10	4	s_message_U_00_001ba24c s_T_message_00_001ba25c s_BootAreaSet_txt02_01_001ba26c s_birthday_D_00_001ba284 s_T_month_00_001ba294 s_BootAreaSet_txt02_05_001ba2a0 s_BootAreaSet_txt02_04_001ba2c4 s__BootAreaSet_title02_01_001ba30f s_Number_001ba328 s__BootAreaSet_dlg01_01_001ba223
001baa60	FUN_001baa60	FUN_001baa60	2	
001baaa0	FUN_001baaa0	FUN_001baaa0	3	
001baaa8	FUN_001baaa8	FUN_001baaa8	3	
001baac4	FUN_001baac4	FUN_001baac4	3	
001baaf0	FUN_001baaf0	FUN_001baaf0	3	s__discountListBtn_D_00_001bafaf s_N_root_00_001bafcc s_T_title_00_001bafd8 s_T_title_01_001bafe8 s_W_label_00_001bb018 s__T_news_00_001baff7 s_Entrance_dlg03_04_001bb004 s_T_price_00_001bb508 s_Entrance_dlg03_06_001bb7c0 s_T_price_05_001bb514 s_Entrance_dlg03_05_001bb54c s_T_price_02_001bb07c s_T_price_04_001bb024 s_T_price_01_001bb030 s_T_price_03_001bb09c s_T_price_04_001bb564 s_T_price_01_001bb570 s_T_price_03_001bb7b4 s_P_strike_00_001bb4fc s_TitleInfo_dlg_09_02_001bb03c s_TitleInfo_dlg_09_04_001bb050 s_TitleInfo_dlg_09_03_001bb064 s_TitleInfo_dlg_09_01_001bb088 s_T_date_00_001bb520 s_T_date_01_001bb540 s_Entrance_dlg03_07_001bb52c s_inOut_00_001bb7d4
001bb808	FUN_001bb808	FUN_001bb808	2	
001bb888	FUN_001bb888	FUN_001bb888	3	
001bb8f8	FUN_001bb8f8	FUN_001bb8f8	3	
001bb950	FUN_001bb950	FUN_001bb950	4	s_Parental_txt01_04_001bba00 s_Parental_txt01_01_001bb9ec s_Parental_txt01_03_001bba14
001bba28	FUN_001bba28	FUN_001bba28	3	
001bba3c	FUN_001bba3c	FUN_001bba3c	3	
001bba50	FUN_001bba50	FUN_001bba50	2	
001bbb14	FUN_001bbb14	FUN_001bbb14	2	
001bbb78	FUN_001bbb78	FUN_001bbb78	2	s__error_txt01_47_001bbe6f s_CommonWin_ERRdlg01_08_001bbe84
001bbe9c	FUN_001bbe9c	FUN_001bbe9c	2	
001bbf90	FUN_001bbf90	FUN_001bbf90	2	
001bbfd4	FUN_001bbfd4	FUN_001bbfd4	3	
001bc020	FUN_001bc020	FUN_001bc020	2	
001bc0b0	FUN_001bc0b0	FUN_001bc0b0	2	
001bc1b4	FUN_001bc1b4	FUN_001bc1b4	2	
001bc36c	FUN_001bc36c	FUN_001bc36c	2	
001bc500	FUN_001bc500	FUN_001bc500	2	
001bc574	FUN_001bc574	FUN_001bc574	2	
001bc618	FUN_001bc618	FUN_001bc618	2	
001bc64c	FUN_001bc64c	FUN_001bc64c	3	
001bc988	FUN_001bc988	FUN_001bc988	2	
001bca58	FUN_001bca58	FUN_001bca58	2	
001bca94	FUN_001bca94	FUN_001bca94	2	
001bcb6c	FUN_001bcb6c	FUN_001bcb6c	2	
001bcc50	FUN_001bcc50	FUN_001bcc50	4	s_Membership_txt02_01_001bd13c s_Membership_txt02_02_001bd150 s_Membership_txt02_04_001bd128 s_IDsetOk_D_00_001bd1cc s_decide_00_001bd1f0 s_Membership_title01_01_001bd194 s_Common_txt02_01_001bd184 s__Membership_dlg01_02_001bd1af
001bd2c4	FUN_001bd2c4	FUN_001bd2c4	2	
001bd3c8	FUN_001bd3c8	FUN_001bd3c8	2	
001bd4b4	FUN_001bd4b4	FUN_001bd4b4	2	
001bd4f0	FUN_001bd4f0	FUN_001bd4f0	2	s_balloonIn_00_001bd618
001bd658	FUN_001bd658	FUN_001bd658	2	
001bd72c	FUN_001bd72c	FUN_001bd72c	2	
001bd770	FUN_001bd770	FUN_001bd770	3	s__IDsetFinish_U_00_001bd9c7 s_IDsetOk_D_00_001bd9e4 s_T_message_00_001bd9f4 s_Membership_txt03_01_001bda04 s_decide_00_001bda34
001bda60	FUN_001bda60	FUN_001bda60	4	
001bdbfc	FUN_001bdbfc	FUN_001bdbfc	2	
001bdc7c	FUN_001bdc7c	FUN_001bdc7c	2	
001bdcb8	FUN_001bdcb8	FUN_001bdcb8	2	
001bdd50	FUN_001bdd50	FUN_001bdd50	2	
001bde38	FUN_001bde38	FUN_001bde38	2	
001bde78	FUN_001bde78	FUN_001bde78	2	
001bdfd8	FUN_001bdfd8	FUN_001bdfd8	2	
001be058	FUN_001be058	FUN_001be058	2	s__XW__001be0ff
001be108	FUN_001be108	FUN_001be108	2	
001be1ec	FUN_001be1ec	FUN_001be1ec	2	
001be220	FUN_001be220	FUN_001be220	3	s_Membership_txt02_01_001be7dc s_Membership_txt02_02_001be7f0 s_Membership_txt02_04_001be7c8 s__IDsetTop_D_01_001be80f s_clear_00_001be838
001beadc	FUN_001beadc	FUN_001beadc	2	
001bec54	FUN_001bec54	FUN_001bec54	2	
001bec8c	FUN_001bec8c	FUN_001bec8c	2	
001bed10	FUN_001bed10	FUN_001bed10	2	
001bedf4	FUN_001bedf4	FUN_001bedf4	2	
001bee90	FUN_001bee90	FUN_001bee90	2	
001bef14	FUN_001bef14	FUN_001bef14	2	
001bef90	FUN_001bef90	FUN_001bef90	2	s_T_input_00_001bf3a4 s_T_input_01_001bf3c4
001bf3d0	FUN_001bf3d0	FUN_001bf3d0	2	
001bf478	FUN_001bf478	FUN_001bf478	2	
001bf554	FUN_001bf554	FUN_001bf554	2	
001bf5f0	FUN_001bf5f0	FUN_001bf5f0	3	s_Membership_title01_01_001bfb24 s_Membership_txt01_01_001bfb3c s_Membership_txt01_06_001bfb10 s__IDsetTop_D_00_001bfb57 s_T_cancel_00_001bfb68 s_T_cancel_01_001bfb78
001bfbac	FUN_001bfbac	FUN_001bfbac	3	s_T_message_00_001bfc0c
001bfc1c	FUN_001bfc1c	FUN_001bfc1c	2	
001bfce8	FUN_001bfce8	FUN_001bfce8	2	
001bfe40	FUN_001bfe40	FUN_001bfe40	2	
001bff2c	FUN_001bff2c	FUN_001bff2c	2	
001c0008	FUN_001c0008	FUN_001c0008	2	
001c0038	FUN_001c0038	FUN_001c0038	3	
001c05c0	FUN_001c05c0	FUN_001c05c0	2	
001c069c	FUN_001c069c	FUN_001c069c	2	
001c06c8	FUN_001c06c8	FUN_001c06c8	2	
001c07ac	FUN_001c07ac	FUN_001c07ac	3	
001c07e8	FUN_001c07e8	FUN_001c07e8	2	s__IDsetDialog_D_00_001c0a27 s_inOut_00_001c0a44
001c0a90	FUN_001c0a90	FUN_001c0a90	2	
001c0af8	FUN_001c0af8	FUN_001c0af8	2	
001c0b28	FUN_001c0b28	FUN_001c0b28	2	
001c0b54	FUN_001c0b54	FUN_001c0b54	2	
001c0c84	FUN_001c0c84	FUN_001c0c84	2	
001c0cb0	FUN_001c0cb0	FUN_001c0cb0	2	
001c0df8	FUN_001c0df8	FUN_001c0df8	2	
001c0f20	FUN_001c0f20	FUN_001c0f20	4	
001c1130	FUN_001c1130	FUN_001c1130	3	
001c16c8	FUN_001c16c8	FUN_001c16c8	3	
001c1794	FUN_001c1794	FUN_001c1794	4	
001c17b4	FUN_001c17b4	FUN_001c17b4	2	
001c1a14	FUN_001c1a14	FUN_001c1a14	3	
001c1b00	FUN_001c1b00	FUN_001c1b00	2	
001c1c5c	FUN_001c1c5c	FUN_001c1c5c	2	s_BlistBtn_D_00_001c19eb s_T_title_00_001c19fc s_T_text_00_001c1a08
001c1ce8	FUN_001c1ce8	FUN_001c1ce8	2	s__discountText_D_00_001c20b7 s__position_D_00_001c20d7 s__listBtn_D_00_001c210f s_T_listBtn_00_001c2120 s_OwnedCoupon_btn01_01_001c2130 s_T_listBtn_01_001c2148 s__discountBanner_U_00_001c216f s_T_message_00_001c2190 s_Common_txt02_01_001c21a0 s_N_banner_00_001c21b0 s_P_icon_00_001c2514 s_W_label_00_001c2520 s_OwnedCoupon_txt01_01_001c21c8 s_T_title_00_001c252c s_T_price_00_001c2540 s_OwnedCoupon_txt01_03_001c2594 s_OwnedCoupon_txt01_02_001c254c s_T_date_00_001c2564 s_OwnedCoupon_txt01_04_001c25ac s_OwnedCoupon_txt01_05_001c2978 s_OwnedCoupon_txt01_06_001c257c s_T_text_00_001c2994 s_N_endpos_00_001c29a0 s__OwnedCoupon_title_01_001c29d7
001c2a34	FUN_001c2a34	FUN_001c2a34	2	
001c2b08	FUN_001c2b08	FUN_001c2b08	2	
001c2b8c	FUN_001c2b8c	FUN_001c2b8c	2	
001c2c94	FUN_001c2c94	FUN_001c2c94	2	
001c301c	FUN_001c301c	FUN_001c301c	2	
001c32e8	FUN_001c32e8	FUN_001c32e8	3	
001c3310	FUN_001c3310	FUN_001c3310	2	
001c33b0	FUN_001c33b0	FUN_001c33b0	4	
001c33c4	FUN_001c33c4	FUN_001c33c4	4	
001c33f8	FUN_001c33f8	FUN_001c33f8	3	
001c3430	FUN_001c3430	FUN_001c3430	3	
001c3468	FUN_001c3468	FUN_001c3468	2	
001c34d0	FUN_001c34d0	FUN_001c34d0	3	
001c3500	FUN_001c3500	FUN_001c3500	3	
001c3560	FUN_001c3560	FUN_001c3560	2	
001c35c0	FUN_001c35c0	FUN_001c35c0	3	s_rom__sound_TigerSound_bcsar_001c3724
001c3768	FUN_001c3768	FUN_001c3768	2	
001c37a0	FUN_001c37a0	FUN_001c37a0	2	
001c37f0	FUN_001c37f0	FUN_001c37f0	3	
001c380c	FUN_001c380c	FUN_001c380c	4	
001c38a8	FUN_001c38a8	FUN_001c38a8	3	s__contentsBtn_D_01_001c3b1f s_N_root_00_001c3b34 s_T_softlist_00_001c3b40 s_T_softlist_01_001c3b50 s_T_price_00_001c3b64 s_TitleInfo_CTtext01_05_001c3b70 s_T_price_01_001c3b88 s_contentsBtn_00_001c3bb0
001c3bc0	FUN_001c3bc0	FUN_001c3bc0	2	
001c3c84	FUN_001c3c84	FUN_001c3c84	2	
001c3d44	FUN_001c3d44	FUN_001c3d44	2	
001c3dd8	FUN_001c3dd8	FUN_001c3dd8	2	
001c3e14	FUN_001c3e14	FUN_001c3e14	2	
001c3ea4	FUN_001c3ea4	FUN_001c3ea4	2	s__TitleInfo_dlg05_06_001c3f33
001c3f50	FUN_001c3f50	FUN_001c3f50	2	
001c3fe8	FUN_001c3fe8	FUN_001c3fe8	2	
001c4080	FUN_001c4080	FUN_001c4080	2	
001c4120	FUN_001c4120	FUN_001c4120	3	
001c4144	FUN_001c4144	FUN_001c4144	2	
001c41c0	FUN_001c41c0	FUN_001c41c0	2	
001c4208	FUN_001c4208	FUN_001c4208	2	s__LE__001c4297
001c42a0	FUN_001c42a0	FUN_001c42a0	2	
001c4418	FUN_001c4418	FUN_001c4418	2	
001c48f8	FUN_001c48f8	FUN_001c48f8	2	
001c49b4	FUN_001c49b4	FUN_001c49b4	2	
001c4ac4	FUN_001c4ac4	FUN_001c4ac4	2	
001c4b8c	FUN_001c4b8c	FUN_001c4b8c	2	
001c4c5c	FUN_001c4c5c	FUN_001c4c5c	2	
001c4c98	FUN_001c4c98	FUN_001c4c98	2	
001c4d80	FUN_001c4d80	FUN_001c4d80	3	s__message_U_00_001c523f s_T_message_00_001c5254 s_Common_txt02_01_001c5264 s_BGDLdetailPos_D_00_001c5274 s_BGDLdetail_D_00_001c529c s_T_text_00_001c52ac s_T_title_00_001c52b8 s_N_nextPos_00_001c52c4 s_N_root_00_001c52d4
001c53c4	FUN_001c53c4	FUN_001c53c4	2	
001c54cc	FUN_001c54cc	FUN_001c54cc	2	
001c55b8	FUN_001c55b8	FUN_001c55b8	2	
001c55f0	FUN_001c55f0	FUN_001c55f0	2	s_balloonIn_00_001c56bc
001c56f0	FUN_001c56f0	FUN_001c56f0	2	
001c57b8	FUN_001c57b8	FUN_001c57b8	2	
001c5800	FUN_001c5800	FUN_001c5800	2	
001c5904	FUN_001c5904	FUN_001c5904	2	
001c59f0	FUN_001c59f0	FUN_001c59f0	2	
001c5a24	FUN_001c5a24	FUN_001c5a24	2	
001c5aec	FUN_001c5aec	FUN_001c5aec	2	s_balloonIn_00_001c5bb8
001c5bec	FUN_001c5bec	FUN_001c5bec	2	
001c5cb4	FUN_001c5cb4	FUN_001c5cb4	2	
001c5cf8	FUN_001c5cf8	FUN_001c5cf8	3	s__finish_U_00_001c5ff7 s_finish_D_00_001c600c s_Regi_title01_03_001c6070 s_T_thankyou_00_001c6028 s_Regi_thankyou01_03_001c6080 s_T_message_00_001c604c s_Regi_thankyou01_04_001c6094 s_Regi_title01_02_001c6018 s_Regi_thankyou01_01_001c6038 s_Regi_thankyou01_02_001c605c
001c6128	FUN_001c6128	FUN_001c6128	3	s_N_root_00_001c61e4 s_N_nextPos_00_001c61f0
001c6244	FUN_001c6244	FUN_001c6244	2	
001c6408	FUN_001c6408	FUN_001c6408	3	
001c6474	FUN_001c6474	FUN_001c6474	2	
001c66a0	FUN_001c66a0	FUN_001c66a0	3	s__download_D_03_001c6af7 s_T_title_00_001c6b08 s_Download_txt02_19_001c6b14 s_N_nextPos_00_001c6b34 s_N_root_00_001c6b44
001c6e18	FUN_001c6e18	FUN_001c6e18	2	
001c6f54	FUN_001c6f54	FUN_001c6f54	2	
001c6fd4	FUN_001c6fd4	FUN_001c6fd4	2	
001c72d8	FUN_001c72d8	FUN_001c72d8	4	
001c73dc	FUN_001c73dc	FUN_001c73dc	2	
001c7484	FUN_001c7484	FUN_001c7484	2	
001c7548	FUN_001c7548	FUN_001c7548	2	
001c77a8	FUN_001c77a8	FUN_001c77a8	3	
001c781c	FUN_001c781c	FUN_001c781c	3	
001c7890	FUN_001c7890	FUN_001c7890	2	
001c7bec	FUN_001c7bec	FUN_001c7bec	3	
001c7c00	FUN_001c7c00	FUN_001c7c00	2	
001c7fe0	FUN_001c7fe0	FUN_001c7fe0	3	
001c83e8	FUN_001c83e8	FUN_001c83e8	2	s_P_icon__02d_001c84fc
001c8510	FUN_001c8510	FUN_001c8510	4	
001c8518	FUN_001c8518	FUN_001c8518	3	s_N_root_00_001c8564
001c8584	FUN_001c8584	FUN_001c8584	3	
001c85c0	FUN_001c85c0	FUN_001c85c0	3	
001c85c8	FUN_001c85c8	FUN_001c85c8	3	s__relationBtn_D_00_001c88df s_N_root_00_001c88f4 s_T_softlist_00_001c8900 s_T_softlist_01_001c8910 s_T_price_00_001c8920 s_T_price_01_001c892c s_P_icon_00_001c8938 s_relationBtn_00_001c8964
001c8974	FUN_001c8974	FUN_001c8974	3	
001c8b6c	FUN_001c8b6c	FUN_001c8b6c	3	
001c8d18	FUN_001c8d18	FUN_001c8d18	4	
001c8e54	FUN_001c8e54	FUN_001c8e54	3	
001c92b8	FUN_001c92b8	FUN_001c92b8	2	
001c9320	FUN_001c9320	FUN_001c9320	2	
001c9404	FUN_001c9404	FUN_001c9404	2	
001c943c	FUN_001c943c	FUN_001c943c	2	
001c9528	FUN_001c9528	FUN_001c9528	3	s__reco_D_07_001c97ef
001c985c	FUN_001c985c	FUN_001c985c	2	
001c9a98	FUN_001c9a98	FUN_001c9a98	2	
001c9b68	FUN_001c9b68	FUN_001c9b68	2	
001c9ba0	FUN_001c9ba0	FUN_001c9ba0	2	
001c9bcc	FUN_001c9bcc	FUN_001c9bcc	2	
001c9ca4	FUN_001c9ca4	FUN_001c9ca4	2	
001c9ce8	FUN_001c9ce8	FUN_001c9ce8	2	s_Recommend_reco02_04_001c9ec8
001c9ee8	FUN_001c9ee8	FUN_001c9ee8	3	s__reco_D_02_001ca20f s_Recommend_reco02_04_001ca25c
001ca33c	FUN_001ca33c	FUN_001ca33c	2	
001ca420	FUN_001ca420	FUN_001ca420	2	
001ca458	FUN_001ca458	FUN_001ca458	2	
001ca484	FUN_001ca484	FUN_001ca484	2	
001ca610	FUN_001ca610	FUN_001ca610	3	s__reco_D_01_001ca87f s_womanBtn_00_001ca8b4
001ca914	FUN_001ca914	FUN_001ca914	2	
001ca9a8	FUN_001ca9a8	FUN_001ca9a8	2	
001caad8	FUN_001caad8	FUN_001caad8	4	
001cabc0	FUN_001cabc0	FUN_001cabc0	2	
001cabfc	FUN_001cabfc	FUN_001cabfc	2	
001cad64	FUN_001cad64	FUN_001cad64	2	
001cad98	FUN_001cad98	FUN_001cad98	4	
001cb1b0	FUN_001cb1b0	FUN_001cb1b0	2	
001cb380	FUN_001cb380	FUN_001cb380	2	
001cb3e8	FUN_001cb3e8	FUN_001cb3e8	2	
001cb454	FUN_001cb454	FUN_001cb454	2	
001cb550	FUN_001cb550	FUN_001cb550	2	
001cb5a8	FUN_001cb5a8	FUN_001cb5a8	2	
001cb644	FUN_001cb644	FUN_001cb644	2	
001cb680	FUN_001cb680	FUN_001cb680	2	
001cb72c	FUN_001cb72c	FUN_001cb72c	2	s__Recommend_txt01_02_001cb7bb
001cb7d8	FUN_001cb7d8	FUN_001cb7d8	2	
001cb8a0	FUN_001cb8a0	FUN_001cb8a0	4	s__position_D_00_001cbc6f s_listPos_D_00_001cbc88 s_softList_D_00_001cbc98 s_softList_D_01_001cbca8 s_T_next_00_001cbd08 s_Recommend_btn01_02_001cbd14 s_T_next_01_001cbd28 s_Recommend_btn01_03_001cc340 s_N_start_00_001cc374 s_P_button_00_001cc380
001cc3f8	FUN_001cc3f8	FUN_001cc3f8	2	
001cc478	FUN_001cc478	FUN_001cc478	2	
001cc4fc	FUN_001cc4fc	FUN_001cc4fc	2	
001cc538	FUN_001cc538	FUN_001cc538	2	
001cc614	FUN_001cc614	FUN_001cc614	3	
001cc640	FUN_001cc640	FUN_001cc640	2	
001cc670	FUN_001cc670	FUN_001cc670	4	
001cce60	FUN_001cce60	FUN_001cce60	4	
001cd0f4	FUN_001cd0f4	FUN_001cd0f4	2	
001cd24c	FUN_001cd24c	FUN_001cd24c	2	
001cd360	FUN_001cd360	FUN_001cd360	2	
001cd448	FUN_001cd448	FUN_001cd448	3	
001cd790	FUN_001cd790	FUN_001cd790	2	
001cd954	FUN_001cd954	FUN_001cd954	2	
001cda24	FUN_001cda24	FUN_001cda24	2	
001cda5c	FUN_001cda5c	FUN_001cda5c	2	
001cdbb0	FUN_001cdbb0	FUN_001cdbb0	2	
001cdd40	FUN_001cdd40	FUN_001cdd40	2	
001cddf0	FUN_001cddf0	FUN_001cddf0	3	s__reco_D_03_001ce1e7 s_arrowL_00_001ce22c s_arrowR_00_001ce238
001ce31c	FUN_001ce31c	FUN_001ce31c	2	
001ce400	FUN_001ce400	FUN_001ce400	2	
001ce438	FUN_001ce438	FUN_001ce438	2	
001ce464	FUN_001ce464	FUN_001ce464	2	
001ce5f0	FUN_001ce5f0	FUN_001ce5f0	3	s__reco_D_05_001ce837 s_button_00_001ce860 s_button_01_001ce86c
001ce924	FUN_001ce924	FUN_001ce924	2	
001ce9f0	FUN_001ce9f0	FUN_001ce9f0	2	
001cea28	FUN_001cea28	FUN_001cea28	2	
001cea54	FUN_001cea54	FUN_001cea54	2	
001cebe0	FUN_001cebe0	FUN_001cebe0	3	s__reco_D_04_001cee27 s_button_00_001cee50 s_button_01_001cee5c
001ceecc	FUN_001ceecc	FUN_001ceecc	2	
001cef60	FUN_001cef60	FUN_001cef60	3	s__softList_D_00_001cf1a7 s_N_root_00_001cf1bc s_T_softlist_00_001cf1c8 s_T_softlist_01_001cf1d8 s_P_icon_00_001cf1e8 s_softlist_00_001cf210
001cf2ec	FUN_001cf2ec	FUN_001cf2ec	2	
001cfd8c	FUN_001cfd8c	FUN_001cfd8c	2	
001cfe90	FUN_001cfe90	FUN_001cfe90	2	
001cfebc	FUN_001cfebc	FUN_001cfebc	2	
001cffb4	FUN_001cffb4	FUN_001cffb4	3	
001cffd0	FUN_001cffd0	FUN_001cffd0	3	
001d0198	FUN_001d0198	FUN_001d0198	2	
001d0208	FUN_001d0208	FUN_001d0208	4	
001d0608	FUN_001d0608	FUN_001d0608	2	
001d0758	FUN_001d0758	FUN_001d0758	2	
001d0890	FUN_001d0890	FUN_001d0890	2	
001d08cc	FUN_001d08cc	FUN_001d08cc	2	
001d09cc	FUN_001d09cc	FUN_001d09cc	2	
001d0ad4	FUN_001d0ad4	FUN_001d0ad4	2	
001d0bac	FUN_001d0bac	FUN_001d0bac	2	
001d0c08	FUN_001d0c08	FUN_001d0c08	3	s__reco_D_08_001d0e67
001d0e90	FUN_001d0e90	FUN_001d0e90	3	s__reco_U_01_001d10bf s_T_title_00_001d10cc s_T_maker_01_001d10d8 s_T_hard_01_001d10e4 s_T_rating_00_001d10f0 s_T_release_00_001d10fc s_Recommend_txt02_05_001d1154 s_Recommend_txt02_02_001d110c s_T_release_01_001d1124 s_Recommend_txt02_03_001d1134 s_P_icon_00_001d1148
001d1168	FUN_001d1168	FUN_001d1168	3	
001d11b8	FUN_001d11b8	FUN_001d11b8	3	s__reco_U_04_001d12ff s_T_result_00_001d130c s_T_result_01_001d1320 s_Recommend_result02_01_001d132c s_T_result_03_001d1348 s_T_result_04_001d1358
001d1368	FUN_001d1368	FUN_001d1368	3	
001d13c8	FUN_001d13c8	FUN_001d13c8	2	s__TitleInfo_CTtext01_03_001d15bf
001d15d8	FUN_001d15d8	FUN_001d15d8	2	s__x___001d167f
001d1688	FUN_001d1688	FUN_001d1688	2	
001d1704	FUN_001d1704	FUN_001d1704	2	s__TitleInfo_CTtext01_07_001d178f
001d17b0	FUN_001d17b0	FUN_001d17b0	2	
001d182c	FUN_001d182c	FUN_001d182c	2	
001d18a8	FUN_001d18a8	FUN_001d18a8	2	
001d19c8	FUN_001d19c8	FUN_001d19c8	2	
001d1a94	FUN_001d1a94	FUN_001d1a94	2	s__TitleInfo_CTtext01_08_001d1b1f
001d1b48	FUN_001d1b48	FUN_001d1b48	2	
001d1c1c	FUN_001d1c1c	FUN_001d1c1c	2	
001d1c94	FUN_001d1c94	FUN_001d1c94	2	
001d1d2c	FUN_001d1d2c	FUN_001d1d2c	2	
001d1e10	FUN_001d1e10	FUN_001d1e10	2	
001d1f40	FUN_001d1f40	FUN_001d1f40	2	
001d2044	FUN_001d2044	FUN_001d2044	2	
001d20c8	FUN_001d20c8	FUN_001d20c8	2	
001d2154	FUN_001d2154	FUN_001d2154	2	
001d2228	FUN_001d2228	FUN_001d2228	2	
001d2298	FUN_001d2298	FUN_001d2298	2	s__TitleInfo_CTtext01_03_001d23b7
001d23d0	FUN_001d23d0	FUN_001d23d0	2	
001d24a4	FUN_001d24a4	FUN_001d24a4	2	
001d2598	FUN_001d2598	FUN_001d2598	2	
001d265c	FUN_001d265c	FUN_001d265c	2	s__p___001d2813 s_TitleInfo_CTtext01_03_001d2854 s_TitleInfo_CTtext01_06_001d28a0 s_TitleInfo_CTbtn01_02_001d2888 s_TitleInfo_CTbtn01_01_001d2870
001d2bc8	FUN_001d2bc8	FUN_001d2bc8	3	s_checkList_D_00_001d2fd0 s__checkList_D_04_001d2f5f s_T_block_02_001d2f70 s_T_message_02_001d2f90 s_T_message_03_001d2fb0 s_T_message_01_001d2fe0 s_N_regi_00_001d2ff0 s_T_legal_00_001d2ffc s_P_icon_00_001d3008 s_T_title_00_001d3014 s_T_message_00_001d3020 s_P_line_01_001d33f4 s_N_block_00_001d3400 s_N_preorder_00_001d340c s_T_discount_00_001d341c s_Regi_txt03_12_001d3778 s_N_block_01_001d3798 s_checkList_D_01_001d37a4 s_T_point_01_001d37c8 s_T_point_03_001d3810 s_T_point_05_001d3b78 s_T_point_00_001d37e4 s_T_point_02_001d3800 s_T_point_04_001d3ba4 s_T_hard_00_001d3be4 s_T_block_01_001d3bf0 s_N_root_00_001d3c10
001d3d28	FUN_001d3d28	FUN_001d3d28	3	s__checkList_D_02_001d40a7 s_T_block_02_001d40bc s_T_block_04_001d40d8 s_T_block_07_001d40f4 s_T_block_01_001d4110 s_T_block_06_001d4120 s_T_block_08_001d412c s_P_line_05_001d4138 s_N_root_00_001d4144
001d41dc	FUN_001d41dc	FUN_001d41dc	3	
001d41f8	FUN_001d41f8	FUN_001d41f8	3	s__checkList_D_05_001d464f s_T_block_00_001d4660 s_Regi_txt03_16_001d4698 s_CRegi_txt03_15_001d4687 s_T_block_01_001d46a8 s_T_button_00_001d46b4 s_TitleInfo_btn01_15_001d46c0 s_T_button_01_001d46d4 s_legal_00_001d46fc s_N_last_00_001d4708 s_N_root_00_001d4714
001d4850	FUN_001d4850	FUN_001d4850	3	s_checkList_D_01_001d4cf8 s_T_point_01_001d4d10 s_T_point_07_001d4d2c s_T_point_02_001d4d48 s_T_point_04_001d4d74 s_T_point_03_001d4d64 s_T_point_08_001d4d80 s_T_point_09_001d4dbc s_T_point_06_001d4f64 s__checkList_D_03_001d4caf s_T_point_00_001d4cc0 s_checkList_D_02_001d4cdc s_N_root_00_001d4cec
001d4fd4	FUN_001d4fd4	FUN_001d4fd4	2	s_N_dlgArea_00_001d5080 s_N_root_00_001d5090
001d50a0	FUN_001d50a0	FUN_001d50a0	2	s_BT_message_03_001d514b
001d5250	FUN_001d5250	FUN_001d5250	2	
001d5380	FUN_001d5380	FUN_001d5380	2	
001d54c8	FUN_001d54c8	FUN_001d54c8	2	
001d551c	FUN_001d551c	FUN_001d551c	2	
001d5630	FUN_001d5630	FUN_001d5630	2	s__inOut_00_001d578f
001d57b8	FUN_001d57b8	FUN_001d57b8	3	s__pF__001d62cf s_T_message__02d_001d62ac
001d64a0	FUN_001d64a0	FUN_001d64a0	2	
001d6504	FUN_001d6504	FUN_001d6504	2	
001d6534	FUN_001d6534	FUN_001d6534	2	
001d6564	FUN_001d6564	FUN_001d6564	2	
001d66c0	FUN_001d66c0	FUN_001d66c0	2	
001d69ec	FUN_001d69ec	FUN_001d69ec	2	
001d6b58	FUN_001d6b58	FUN_001d6b58	3	
001d6d68	FUN_001d6d68	FUN_001d6d68	2	
001d6f0c	FUN_001d6f0c	FUN_001d6f0c	2	
001d6fd4	FUN_001d6fd4	FUN_001d6fd4	2	
001d7058	FUN_001d7058	FUN_001d7058	2	s__CommonWin_dlg01_03_001d715f
001d71c8	FUN_001d71c8	FUN_001d71c8	2	
001d7248	FUN_001d7248	FUN_001d7248	2	
001d7284	FUN_001d7284	FUN_001d7284	2	
001d7310	FUN_001d7310	FUN_001d7310	3	s__message_U_00_001d75ff s_T_message_00_001d7610 s_Notification_txt01_01_001d7620 s_InfoSet_btn01_03_001d7684 s_Notification_title01_01_001d7698
001d7720	FUN_001d7720	FUN_001d7720	2	
001d77c8	FUN_001d77c8	FUN_001d77c8	2	
001d7818	FUN_001d7818	FUN_001d7818	2	s_CommonWin_dlg01_03_001d79b4 s_Notification_dlg01_04_001d79c8
001d79e4	FUN_001d79e4	FUN_001d79e4	2	s_Recommend_title_01_001d7af4
001d7b24	FUN_001d7b24	FUN_001d7b24	2	
001d7d14	FUN_001d7d14	FUN_001d7d14	2	
001d7e64	FUN_001d7e64	FUN_001d7e64	2	
001d8094	FUN_001d8094	FUN_001d8094	2	
001d83e8	FUN_001d83e8	FUN_001d83e8	2	
001d8484	FUN_001d8484	FUN_001d8484	2	
001d8578	FUN_001d8578	FUN_001d8578	2	s_CreditSet_dlg12_01_001d8638 s__CommonWin_dlg01_02_001d8623
001d8654	FUN_001d8654	FUN_001d8654	2	
001d86d8	FUN_001d86d8	FUN_001d86d8	2	
001d8970	FUN_001d8970	FUN_001d8970	2	
001d8a6c	FUN_001d8a6c	FUN_001d8a6c	2	
001d8aac	FUN_001d8aac	FUN_001d8aac	2	
001d8b74	FUN_001d8b74	FUN_001d8b74	2	
001d8bf0	FUN_001d8bf0	FUN_001d8bf0	2	
001d8c28	FUN_001d8c28	FUN_001d8c28	2	
001d8cac	FUN_001d8cac	FUN_001d8cac	2	
001d8db8	FUN_001d8db8	FUN_001d8db8	2	
001d8e6c	FUN_001d8e6c	FUN_001d8e6c	2	
001d8f38	FUN_001d8f38	FUN_001d8f38	2	
001d9000	FUN_001d9000	FUN_001d9000	2	
001d9078	FUN_001d9078	FUN_001d9078	3	s__cardInfo_D_04_001d95ff s_listBtn_D_01_001d9618 s_T_listBtn_00_001d9638 s_CreditSet_btn10_01_001d9648 s_T_listBtn_01_001d965c s_CreditSet_btn10_02_001d99d8 s_T_message_00_001d99ec s_CreditSet_txt10_02_001d99fc s_listBtn_D_00_001d9684 s_CreditSet_btn10_03_001d9694 s_CreditSet_title01_01_001d9a20
001d9a38	FUN_001d9a38	FUN_001d9a38	3	s_T_cardName_00_001d9acc s_Credit_txt02_04_001d9adc s_T_cardNumber_00_001d9aec s_T_limitDay_00_001d9afc
001d9b10	FUN_001d9b10	FUN_001d9b10	2	
001d9c60	FUN_001d9c60	FUN_001d9c60	2	
001d9d04	FUN_001d9d04	FUN_001d9d04	2	
001d9dd0	FUN_001d9dd0	FUN_001d9dd0	2	
001d9e08	FUN_001d9e08	FUN_001d9e08	2	
001d9efc	FUN_001d9efc	FUN_001d9efc	2	
001d9fdc	FUN_001d9fdc	FUN_001d9fdc	2	
001da0c0	FUN_001da0c0	FUN_001da0c0	3	s__CreditSet_dlg12_02_001da693 s__cardInfo_D_01_001da50f s_position_D_00_001da520 s_T_message_00_001da530 s_CreditSet_txt09_01_001da540 s_T_message_01_001da554 s_CreditSet_txt09_02_001da564 s__N_stop_00_001da5a7 s_CreditSet_title01_01_001da5e0
001da8b8	FUN_001da8b8	FUN_001da8b8	2	
001da94c	FUN_001da94c	FUN_001da94c	2	
001da95c	FUN_001da95c	FUN_001da95c	3	
001daba0	FUN_001daba0	FUN_001daba0	2	s__OwnedCoupon_dlg01_02_001db597 s__dialog_U_02_001daf1f s_T_title_00_001daf30 s_Entrance_dlg03_01_001daf3c s_T_discount_00_001daf50 s_Entrance_dlg03_02_001daf60 s_T_discount_01_001daf78 s_Entrance_dlg03_03_001daf88 s_T_info_00_001daf9c s_Entrance_dlg03_08_001db3c0 s_inOut_00_001dafa8 s__discountListPos_D_00_001dafc7 s_N_dscntListBtn00_001dafe4 s_N_dscntListBtn01_001daff8 s_N_tchArea_00_001db00c s_N_dlgArea_00_001db3d4
001db5b4	FUN_001db5b4	FUN_001db5b4	2	
001db6a8	FUN_001db6a8	FUN_001db6a8	2	
001db714	FUN_001db714	FUN_001db714	2	
001db7b0	FUN_001db7b0	FUN_001db7b0	2	
001db86c	FUN_001db86c	FUN_001db86c	2	
001db9bc	FUN_001db9bc	FUN_001db9bc	2	
001dba70	FUN_001dba70	FUN_001dba70	3	
001dbb78	FUN_001dbb78	FUN_001dbb78	3	
001dbc98	FUN_001dbc98	FUN_001dbc98	2	
001dbd48	FUN_001dbd48	FUN_001dbd48	2	
001dbe28	FUN_001dbe28	FUN_001dbe28	2	
001dbe70	FUN_001dbe70	FUN_001dbe70	2	
001dbf9c	FUN_001dbf9c	FUN_001dbf9c	2	
001dc3f0	FUN_001dc3f0	FUN_001dc3f0	2	
001dc3fc	FUN_001dc3fc	FUN_001dc3fc	3	
001dcab0	FUN_001dcab0	FUN_001dcab0	2	
001dcb48	FUN_001dcb48	FUN_001dcb48	2	
001dcbc8	FUN_001dcbc8	FUN_001dcbc8	2	
001dcecc	FUN_001dcecc	FUN_001dcecc	3	
001dcf2c	FUN_001dcf2c	FUN_001dcf2c	3	
001dcf58	FUN_001dcf58	FUN_001dcf58	3	
001dd77c	FUN_001dd77c	FUN_001dd77c	3	
001dd8d8	FUN_001dd8d8	FUN_001dd8d8	2	
001dd9ec	FUN_001dd9ec	FUN_001dd9ec	2	
001ddcfc	FUN_001ddcfc	FUN_001ddcfc	3	
001ddeb0	FUN_001ddeb0	FUN_001ddeb0	2	
001ddf74	FUN_001ddf74	FUN_001ddf74	2	
001ddff0	FUN_001ddff0	FUN_001ddff0	2	
001de090	FUN_001de090	FUN_001de090	3	s_N_nextPos_00_001de2e8 s_N_MsgOnlyPos_00_001de2f8 s_N_naMailPos_00_001de30c s_N_root_00_001de31c s_T_homeMenu_00_001de328
001de338	FUN_001de338	FUN_001de338	2	
001de3bc	FUN_001de3bc	FUN_001de3bc	2	
001de498	FUN_001de498	FUN_001de498	2	
001de7dc	FUN_001de7dc	FUN_001de7dc	2	
001de85c	FUN_001de85c	FUN_001de85c	2	
001de8ac	FUN_001de8ac	FUN_001de8ac	2	
001de8f0	FUN_001de8f0	FUN_001de8f0	4	s__8Q__001de957
001de95c	FUN_001de95c	FUN_001de95c	3	
001de98c	FUN_001de98c	FUN_001de98c	3	s_N_root_00_001dea54 s_T_text_00_001dea60
001dea6c	FUN_001dea6c	FUN_001dea6c	2	s_T_text_00_001deb08
001deb14	FUN_001deb14	FUN_001deb14	3	s_T_text_00_001debdc
001debe8	FUN_001debe8	FUN_001debe8	2	
001dec94	FUN_001dec94	FUN_001dec94	3	
001decb8	FUN_001decb8	FUN_001decb8	2	
001ded48	FUN_001ded48	FUN_001ded48	2	s_Cookie_001df0d8 s__llu_001df0e0
001df1a4	FUN_001df1a4	FUN_001df1a4	2	
001df2d4	FUN_001df2d4	FUN_001df2d4	2	
001df3a8	FUN_001df3a8	FUN_001df3a8	3	
001df5b4	FUN_001df5b4	FUN_001df5b4	3	
001df7bc	FUN_001df7bc	FUN_001df7bc	3	
001dfad4	FUN_001dfad4	FUN_001dfad4	4	
001dfb08	FUN_001dfb08	FUN_001dfb08	3	
001dfb44	FUN_001dfb44	FUN_001dfb44	3	
001dfd54	FUN_001dfd54	FUN_001dfd54	3	
001dff50	FUN_001dff50	FUN_001dff50	3	
001e00f0	FUN_001e00f0	FUN_001e00f0	3	
001e0100	FUN_001e0100	FUN_001e0100	3	
001e0128	FUN_001e0128	FUN_001e0128	4	
001e0188	FUN_001e0188	FUN_001e0188	3	
001e0340	FUN_001e0340	FUN_001e0340	3	
001e0370	FUN_001e0370	FUN_001e0370	3	
001e070c	FUN_001e070c	FUN_001e070c	3	
001e09fc	FUN_001e09fc	FUN_001e09fc	3	
001e0a24	FUN_001e0a24	FUN_001e0a24	4	
001e0b30	FUN_001e0b30	FUN_001e0b30	3	
001e0b58	FUN_001e0b58	FUN_001e0b58	3	
001e0b78	FUN_001e0b78	FUN_001e0b78	3	
001e0be4	FUN_001e0be4	get_field_148_undefined8_001e0be4	3	
001e0bf4	FUN_001e0bf4	FUN_001e0bf4	3	
001e0c54	FUN_001e0c54	FUN_001e0c54	3	
001e0db4	FUN_001e0db4	FUN_001e0db4	3	
001e0e4c	FUN_001e0e4c	FUN_001e0e4c	3	
001e1160	FUN_001e1160	FUN_001e1160	3	
001e1210	FUN_001e1210	FUN_001e1210	3	
001e147c	FUN_001e147c	FUN_001e147c	3	
001e14c8	FUN_001e14c8	FUN_001e14c8	3	
001e158c	FUN_001e158c	FUN_001e158c	3	
001e1600	FUN_001e1600	FUN_001e1600	3	
001e1640	FUN_001e1640	FUN_001e1640	2	
001e1690	FUN_001e1690	FUN_001e1690	2	
001e1710	FUN_001e1710	FUN_001e1710	3	
001e1818	FUN_001e1818	FUN_001e1818	3	
001e192c	FUN_001e192c	FUN_001e192c	3	
001e1a80	FUN_001e1a80	FUN_001e1a80	3	
001e1b88	FUN_001e1b88	FUN_001e1b88	3	
001e1c9c	FUN_001e1c9c	FUN_001e1c9c	3	
001e1ce8	FUN_001e1ce8	FUN_001e1ce8	3	
001e1d7c	FUN_001e1d7c	FUN_001e1d7c	3	
001e1dc8	FUN_001e1dc8	FUN_001e1dc8	3	
001e1e40	FUN_001e1e40	FUN_001e1e40	3	
001e1e9c	FUN_001e1e9c	FUN_001e1e9c	3	
001e24bc	FUN_001e24bc	FUN_001e24bc	3	
001e24f0	FUN_001e24f0	FUN_001e24f0	3	
001e251c	FUN_001e251c	FUN_001e251c	3	
001e252c	FUN_001e252c	FUN_001e252c	4	
001e2644	FUN_001e2644	FUN_001e2644	3	
001e2680	FUN_001e2680	FUN_001e2680	4	
001e2698	FUN_001e2698	FUN_001e2698	3	
001e27d4	FUN_001e27d4	FUN_001e27d4	3	
001e27f4	FUN_001e27f4	FUN_001e27f4	3	
001e280c	FUN_001e280c	FUN_001e280c	4	
001e2848	FUN_001e2848	FUN_001e2848	3	
001e2910	FUN_001e2910	FUN_001e2910	3	
001e29d4	FUN_001e29d4	FUN_001e29d4	3	
001e2a1c	FUN_001e2a1c	FUN_001e2a1c	3	
001e2a68	FUN_001e2a68	FUN_001e2a68	3	
001e2ac0	FUN_001e2ac0	FUN_001e2ac0	3	
001e2b20	FUN_001e2b20	FUN_001e2b20	3	
001e2b5c	FUN_001e2b5c	FUN_001e2b5c	3	
001e2b98	FUN_001e2b98	FUN_001e2b98	3	
001e2c24	FUN_001e2c24	FUN_001e2c24	3	
001e2c64	FUN_001e2c64	FUN_001e2c64	3	
001e2d58	FUN_001e2d58	FUN_001e2d58	3	
001e2dc8	FUN_001e2dc8	FUN_001e2dc8	3	
001e2e04	FUN_001e2e04	FUN_001e2e04	3	
001e2e3c	FUN_001e2e3c	FUN_001e2e3c	3	
001e2f0c	FUN_001e2f0c	FUN_001e2f0c	4	
001e2f28	FUN_001e2f28	FUN_001e2f28	3	
001e2f8c	FUN_001e2f8c	FUN_001e2f8c	3	
001e2fac	FUN_001e2fac	FUN_001e2fac	4	
001e2ff8	FUN_001e2ff8	FUN_001e2ff8	3	
001e304c	FUN_001e304c	FUN_001e304c	5	
001e309c	FUN_001e309c	FUN_001e309c	5	
001e30fc	FUN_001e30fc	FUN_001e30fc	4	
001e3168	FUN_001e3168	FUN_001e3168	3	
001e31d4	FUN_001e31d4	FUN_001e31d4	3	
001e3228	FUN_001e3228	FUN_001e3228	3	
001e3270	FUN_001e3270	FUN_001e3270	3	
001e32cc	FUN_001e32cc	FUN_001e32cc	3	
001e3320	FUN_001e3320	FUN_001e3320	3	
001e3390	FUN_001e3390	FUN_001e3390	4	
001e33d0	FUN_001e33d0	FUN_001e33d0	4	
001e3414	FUN_001e3414	FUN_001e3414	3	
001e34bc	FUN_001e34bc	FUN_001e34bc	3	
001e3500	FUN_001e3500	FUN_001e3500	3	
001e3534	FUN_001e3534	FUN_001e3534	3	
001e3564	FUN_001e3564	FUN_001e3564	4	
001e35a8	FUN_001e35a8	FUN_001e35a8	3	
001e363c	FUN_001e363c	FUN_001e363c	3	
001e36ac	FUN_001e36ac	FUN_001e36ac	3	
001e3738	FUN_001e3738	FUN_001e3738	3	
001e37bc	FUN_001e37bc	FUN_001e37bc	3	
001e380c	FUN_001e380c	FUN_001e380c	3	
001e3860	FUN_001e3860	FUN_001e3860	3	
001e388c	FUN_001e388c	FUN_001e388c	4	
001e38a0	FUN_001e38a0	FUN_001e38a0	3	s_gE_X_
001e3998	FUN_001e3998	FUN_001e3998	3	
001e3a60	FUN_001e3a60	FUN_001e3a60	3	
001e3d3c	FUN_001e3d3c	FUN_001e3d3c	2	
001e3e64	FUN_001e3e64	FUN_001e3e64	2	
001e3eb4	FUN_001e3eb4	FUN_001e3eb4	2	
001e3f5c	FUN_001e3f5c	FUN_001e3f5c	2	
001e4230	FUN_001e4230	FUN_001e4230	3	
001e4294	FUN_001e4294	FUN_001e4294	4	
001e4310	FUN_001e4310	FUN_001e4310	3	
001e436c	FUN_001e436c	FUN_001e436c	3	
001e438c	FUN_001e438c	FUN_001e438c	4	
001e43ac	FUN_001e43ac	FUN_001e43ac	3	
001e4460	FUN_001e4460	FUN_001e4460	3	
001e44cc	FUN_001e44cc	FUN_001e44cc	3	
001e4688	FUN_001e4688	FUN_001e4688	3	
001e475c	FUN_001e475c	FUN_001e475c	2	
001e47cc	FUN_001e47cc	FUN_001e47cc	2	
001e4828	FUN_001e4828	FUN_001e4828	2	
001e4878	FUN_001e4878	FUN_001e4878	2	
001e48d4	FUN_001e48d4	FUN_001e48d4	2	
001e4930	FUN_001e4930	FUN_001e4930	2	
001e4958	FUN_001e4958	FUN_001e4958	2	
001e4978	FUN_001e4978	FUN_001e4978	2	
001e4998	FUN_001e4998	FUN_001e4998	2	
001e4a08	FUN_001e4a08	FUN_001e4a08	2	
001e4a48	FUN_001e4a48	FUN_001e4a48	2	
001e4ad8	FUN_001e4ad8	FUN_001e4ad8	2	
001e4b1c	FUN_001e4b1c	FUN_001e4b1c	2	
001e4b44	FUN_001e4b44	FUN_001e4b44	3	
001e4c04	FUN_001e4c04	FUN_001e4c04	2	
001e4c5c	FUN_001e4c5c	FUN_001e4c5c	3	
001e4d90	FUN_001e4d90	FUN_001e4d90	2	
001e4ddc	FUN_001e4ddc	FUN_001e4ddc	2	
001e4e30	FUN_001e4e30	FUN_001e4e30	2	
001e4ec0	FUN_001e4ec0	FUN_001e4ec0	3	
001e4f1c	FUN_001e4f1c	FUN_001e4f1c	3	
001e4f6c	FUN_001e4f6c	FUN_001e4f6c	3	
001e4fb0	FUN_001e4fb0	FUN_001e4fb0	3	
001e4ff4	FUN_001e4ff4	FUN_001e4ff4	3	
001e5080	FUN_001e5080	FUN_001e5080	3	
001e50dc	FUN_001e50dc	FUN_001e50dc	3	
001e5148	FUN_001e5148	FUN_001e5148	3	
001e5180	FUN_001e5180	FUN_001e5180	3	
001e51b8	FUN_001e51b8	FUN_001e51b8	3	
001e520c	FUN_001e520c	FUN_001e520c	3	
001e5254	FUN_001e5254	FUN_001e5254	3	
001e529c	FUN_001e529c	FUN_001e529c	3	
001e52f8	FUN_001e52f8	FUN_001e52f8	3	
001e5334	FUN_001e5334	FUN_001e5334	3	
001e5384	FUN_001e5384	FUN_001e5384	3	
001e53d4	FUN_001e53d4	FUN_001e53d4	3	
001e5408	FUN_001e5408	FUN_001e5408	3	
001e5458	FUN_001e5458	FUN_001e5458	3	
001e54cc	FUN_001e54cc	FUN_001e54cc	3	
001e54fc	FUN_001e54fc	FUN_001e54fc	3	
001e5534	FUN_001e5534	FUN_001e5534	4	
001e558c	FUN_001e558c	FUN_001e558c	4	
001e55b8	FUN_001e55b8	FUN_001e55b8	3	
001e5618	FUN_001e5618	FUN_001e5618	3	
001e5664	FUN_001e5664	FUN_001e5664	3	
001e569c	FUN_001e569c	FUN_001e569c	3	
001e56cc	FUN_001e56cc	FUN_001e56cc	3	
001e57b4	FUN_001e57b4	FUN_001e57b4	3	
001e5870	FUN_001e5870	FUN_001e5870	3	
001e5894	FUN_001e5894	FUN_001e5894	4	
001e58f0	FUN_001e58f0	FUN_001e58f0	3	
001e5920	FUN_001e5920	FUN_001e5920	3	
001e5a30	FUN_001e5a30	FUN_001e5a30	3	
001e5acc	FUN_001e5acc	FUN_001e5acc	5	
001e5b84	FUN_001e5b84	FUN_001e5b84	4	
001e5bf0	FUN_001e5bf0	FUN_001e5bf0	2	
001e5c1c	FUN_001e5c1c	FUN_001e5c1c	3	
001e5c2c	FUN_001e5c2c	FUN_001e5c2c	2	
001e5cb4	FUN_001e5cb4	FUN_001e5cb4	2	
001e5d74	FUN_001e5d74	FUN_001e5d74	2	
001e5e78	FUN_001e5e78	FUN_001e5e78	3	
001e5f14	FUN_001e5f14	FUN_001e5f14	4	
001e5f94	FUN_001e5f94	FUN_001e5f94	2	
001e5fc0	FUN_001e5fc0	FUN_001e5fc0	2	
001e6018	FUN_001e6018	FUN_001e6018	2	
001e60bc	FUN_001e60bc	FUN_001e60bc	2	
001e6118	FUN_001e6118	FUN_001e6118	4	
001e6190	FUN_001e6190	FUN_001e6190	2	
001e61b8	FUN_001e61b8	FUN_001e61b8	2	
001e61e0	FUN_001e61e0	FUN_001e61e0	2	
001e620c	FUN_001e620c	FUN_001e620c	3	
001e622c	FUN_001e622c	FUN_001e622c	4	
001e623c	FUN_001e623c	FUN_001e623c	3	
001e6258	FUN_001e6258	FUN_001e6258	3	
001e6274	FUN_001e6274	FUN_001e6274	3	
001e628c	FUN_001e628c	FUN_001e628c	3	
001e62d8	FUN_001e62d8	FUN_001e62d8	4	
001e633c	FUN_001e633c	FUN_001e633c	3	
001e636c	FUN_001e636c	FUN_001e636c	3	
001e6388	FUN_001e6388	FUN_001e6388	3	
001e63a4	FUN_001e63a4	FUN_001e63a4	3	
001e63f4	FUN_001e63f4	FUN_001e63f4	3	
001e6410	FUN_001e6410	FUN_001e6410	4	
001e6460	FUN_001e6460	FUN_001e6460	3	
001e64e4	FUN_001e64e4	FUN_001e64e4	3	
001e6668	FUN_001e6668	FUN_001e6668	3	
001e66f0	FUN_001e66f0	FUN_001e66f0	4	
001e6700	FUN_001e6700	FUN_001e6700	3	
001e6890	FUN_001e6890	FUN_001e6890	3	
001e68bc	FUN_001e68bc	FUN_001e68bc	3	
001e690c	FUN_001e690c	FUN_001e690c	3	
001e6950	FUN_001e6950	FUN_001e6950	3	
001e6980	FUN_001e6980	FUN_001e6980	3	
001e69c4	FUN_001e69c4	FUN_001e69c4	3	
001e6a40	FUN_001e6a40	FUN_001e6a40	3	
001e6a4c	FUN_001e6a4c	FUN_001e6a4c	4	
001e6aa0	FUN_001e6aa0	FUN_001e6aa0	3	
001e6bf4	FUN_001e6bf4	FUN_001e6bf4	3	s__
001e6e3c	FUN_001e6e3c	FUN_001e6e3c	3	
001e6e8c	FUN_001e6e8c	FUN_001e6e8c	3	
001e6ee4	FUN_001e6ee4	FUN_001e6ee4	3	
001e6f20	FUN_001e6f20	FUN_001e6f20	4	
001e6fd0	FUN_001e6fd0	FUN_001e6fd0	3	
001e7058	FUN_001e7058	FUN_001e7058	3	
001e70fc	FUN_001e70fc	FUN_001e70fc	3	
001e7174	FUN_001e7174	FUN_001e7174	4	
001e71f4	FUN_001e71f4	FUN_001e71f4	3	
001e720c	FUN_001e720c	FUN_001e720c	3	
001e7244	FUN_001e7244	FUN_001e7244	3	
001e7274	FUN_001e7274	FUN_001e7274	4	
001e7294	FUN_001e7294	FUN_001e7294	4	
001e72bc	FUN_001e72bc	FUN_001e72bc	3	
001e732c	FUN_001e732c	FUN_001e732c	3	
001e7494	FUN_001e7494	FUN_001e7494	3	
001e753c	FUN_001e753c	FUN_001e753c	3	
001e75e8	FUN_001e75e8	FUN_001e75e8	4	
001e76a0	FUN_001e76a0	FUN_001e76a0	4	
001e7708	FUN_001e7708	FUN_001e7708	4	
001e7750	FUN_001e7750	FUN_001e7750	7	
001e7788	FUN_001e7788	FUN_001e7788	6	
001e781c	FUN_001e781c	FUN_001e781c	3	
001e7868	FUN_001e7868	FUN_001e7868	3	
001e78a4	FUN_001e78a4	FUN_001e78a4	4	
001e78fc	FUN_001e78fc	FUN_001e78fc	4	
001e7938	FUN_001e7938	FUN_001e7938	36	
001e793c	FUN_001e793c	FUN_001e793c	3	
001e7958	FUN_001e7958	FUN_001e7958	4	
001e79bc	FUN_001e79bc	FUN_001e79bc	4	
001e79f4	FUN_001e79f4	FUN_001e79f4	3	
001e7a40	FUN_001e7a40	FUN_001e7a40	4	
001e7ae4	FUN_001e7ae4	FUN_001e7ae4	3	
001e7b50	FUN_001e7b50	FUN_001e7b50	4	
001e7c08	FUN_001e7c08	FUN_001e7c08	3	
001e7c20	FUN_001e7c20	FUN_001e7c20	4	
001e7d2c	FUN_001e7d2c	FUN_001e7d2c	3	
001e7de0	FUN_001e7de0	FUN_001e7de0	3	
001e7e6c	FUN_001e7e6c	FUN_001e7e6c	4	
001e7ea8	FUN_001e7ea8	FUN_001e7ea8	4	
001e7ef8	FUN_001e7ef8	FUN_001e7ef8	2	
001e7ffc	FUN_001e7ffc	FUN_001e7ffc	3	
001e808c	FUN_001e808c	FUN_001e808c	4	
001e80b4	FUN_001e80b4	FUN_001e80b4	4	
001e8148	FUN_001e8148	FUN_001e8148	4	
001e81d4	FUN_001e81d4	FUN_001e81d4	3	
001e856c	FUN_001e856c	FUN_001e856c	3	
001e8890	FUN_001e8890	FUN_001e8890	3	
001e89cc	FUN_001e89cc	FUN_001e89cc	3	
001e8b14	FUN_001e8b14	FUN_001e8b14	3	
001e8b24	FUN_001e8b24	FUN_001e8b24	3	
001e8b44	FUN_001e8b44	FUN_001e8b44	4	
001e8d28	FUN_001e8d28	FUN_001e8d28	3	
001e8d38	FUN_001e8d38	FUN_001e8d38	4	
001e8e30	FUN_001e8e30	FUN_001e8e30	4	
001e8ea0	FUN_001e8ea0	FUN_001e8ea0	3	
001e8f5c	FUN_001e8f5c	FUN_001e8f5c	2	
001e9004	FUN_001e9004	FUN_001e9004	2	
001e902c	FUN_001e902c	FUN_001e902c	3	
001e9054	FUN_001e9054	FUN_001e9054	3	
001e9090	FUN_001e9090	FUN_001e9090	3	
001e90d4	FUN_001e90d4	FUN_001e90d4	6	
001e9114	FUN_001e9114	FUN_001e9114	3	
001e9148	FUN_001e9148	FUN_001e9148	4	
001e9190	FUN_001e9190	FUN_001e9190	3	
001e91bc	FUN_001e91bc	FUN_001e91bc	3	
001e920c	FUN_001e920c	FUN_001e920c	3	
001e924c	FUN_001e924c	FUN_001e924c	3	
001e9270	FUN_001e9270	FUN_001e9270	3	
001e92b0	FUN_001e92b0	FUN_001e92b0	3	
001e92f4	FUN_001e92f4	FUN_001e92f4	2	
001e9328	FUN_001e9328	FUN_001e9328	3	
001e9380	FUN_001e9380	FUN_001e9380	3	
001e93b4	FUN_001e93b4	FUN_001e93b4	3	
001e93e0	FUN_001e93e0	FUN_001e93e0	3	
001e9404	FUN_001e9404	FUN_001e9404	3	
001e9444	FUN_001e9444	FUN_001e9444	3	
001e948c	FUN_001e948c	FUN_001e948c	4	
001e950c	FUN_001e950c	FUN_001e950c	3	
001e9670	FUN_001e9670	FUN_001e9670	2	
001e9674	FUN_001e9674	FUN_001e9674	2	
001e96c4	FUN_001e96c4	FUN_001e96c4	3	
001e9718	FUN_001e9718	FUN_001e9718	4	
001e9774	FUN_001e9774	FUN_001e9774	4	
001e97dc	FUN_001e97dc	FUN_001e97dc	4	
001e9964	FUN_001e9964	FUN_001e9964	4	
001e9998	FUN_001e9998	FUN_001e9998	3	
001e99e0	FUN_001e99e0	FUN_001e99e0	4	
001e9a70	FUN_001e9a70	FUN_001e9a70	3	
001e9ab8	FUN_001e9ab8	FUN_001e9ab8	5	
001e9bc0	FUN_001e9bc0	FUN_001e9bc0	4	
001e9c00	FUN_001e9c00	FUN_001e9c00	5	
001e9c9c	FUN_001e9c9c	FUN_001e9c9c	3	
001e9ce4	FUN_001e9ce4	FUN_001e9ce4	3	
001e9d20	FUN_001e9d20	FUN_001e9d20	3	
001e9d54	FUN_001e9d54	FUN_001e9d54	5	
001e9d88	FUN_001e9d88	FUN_001e9d88	3	
001e9dd8	FUN_001e9dd8	FUN_001e9dd8	4	
001e9de8	FUN_001e9de8	FUN_001e9de8	4	
001e9e40	FUN_001e9e40	FUN_001e9e40	3	
001e9e58	FUN_001e9e58	FUN_001e9e58	3	
001e9eac	FUN_001e9eac	FUN_001e9eac	3	
001e9f14	FUN_001e9f14	FUN_001e9f14	3	
001e9f6c	FUN_001e9f6c	FUN_001e9f6c	4	
001e9fac	FUN_001e9fac	FUN_001e9fac	4	
001e9fec	FUN_001e9fec	FUN_001e9fec	3	
001ea2a8	FUN_001ea2a8	FUN_001ea2a8	3	
001ea2f0	FUN_001ea2f0	FUN_001ea2f0	3	
001ea380	FUN_001ea380	FUN_001ea380	3	
001ea40c	FUN_001ea40c	FUN_001ea40c	3	
001ea4d8	FUN_001ea4d8	FUN_001ea4d8	3	s_C33s_33s__001ea633
001ea644	FUN_001ea644	FUN_001ea644	3	
001ea654	FUN_001ea654	FUN_001ea654	3	
001ea69c	FUN_001ea69c	FUN_001ea69c	3	
001ea6f4	FUN_001ea6f4	FUN_001ea6f4	3	
001ea780	FUN_001ea780	FUN_001ea780	3	
001ea84c	FUN_001ea84c	FUN_001ea84c	3	s_C33s_33s__001eac2f
001eac4c	FUN_001eac4c	FUN_001eac4c	3	
001eacc0	FUN_001eacc0	FUN_001eacc0	4	
001eace0	FUN_001eace0	FUN_001eace0	4	
001eacf4	FUN_001eacf4	FUN_001eacf4	3	
001eaf70	FUN_001eaf70	FUN_001eaf70	3	
001eafa4	FUN_001eafa4	FUN_001eafa4	3	
001eb11c	FUN_001eb11c	FUN_001eb11c	3	
001eb150	FUN_001eb150	FUN_001eb150	3	
001eb15c	FUN_001eb15c	FUN_001eb15c	4	
001eb218	FUN_001eb218	FUN_001eb218	3	
001eb278	FUN_001eb278	FUN_001eb278	3	
001eb2f8	FUN_001eb2f8	FUN_001eb2f8	4	
001eb444	FUN_001eb444	FUN_001eb444	3	
001eb470	FUN_001eb470	FUN_001eb470	3	
001eb5f0	FUN_001eb5f0	FUN_001eb5f0	3	
001eb630	FUN_001eb630	FUN_001eb630	3	
001eb754	FUN_001eb754	FUN_001eb754	2	
001eb7e4	FUN_001eb7e4	FUN_001eb7e4	3	
001eb80c	FUN_001eb80c	FUN_001eb80c	4	
001eb81c	FUN_001eb81c	FUN_001eb81c	3	
001eb900	FUN_001eb900	FUN_001eb900	2	
001eb918	FUN_001eb918	FUN_001eb918	2	
001eba9c	FUN_001eba9c	FUN_001eba9c	3	
001ebb94	FUN_001ebb94	FUN_001ebb94	3	
001ebbbc	FUN_001ebbbc	FUN_001ebbbc	2	
001ebc10	FUN_001ebc10	FUN_001ebc10	3	
001ebc28	FUN_001ebc28	FUN_001ebc28	3	
001ebdbc	FUN_001ebdbc	FUN_001ebdbc	4	
001ebf00	FUN_001ebf00	FUN_001ebf00	3	
001ec024	FUN_001ec024	FUN_001ec024	2	
001ec068	FUN_001ec068	FUN_001ec068	3	
001ec074	FUN_001ec074	FUN_001ec074	3	
001ec084	FUN_001ec084	FUN_001ec084	6	
001ec120	FUN_001ec120	FUN_001ec120	5	
001ec224	FUN_001ec224	FUN_001ec224	3	
001ec238	FUN_001ec238	FUN_001ec238	3	
001ec244	FUN_001ec244	FUN_001ec244	3	
001ec46c	FUN_001ec46c	FUN_001ec46c	3	
001ec490	FUN_001ec490	FUN_001ec490	3	
001ec4a4	FUN_001ec4a4	FUN_001ec4a4	4	
001ec4b4	FUN_001ec4b4	FUN_001ec4b4	4	
001ec4c0	FUN_001ec4c0	FUN_001ec4c0	3	
001ec584	FUN_001ec584	FUN_001ec584	2	
001ec63c	FUN_001ec63c	FUN_001ec63c	4	
001ec64c	FUN_001ec64c	FUN_001ec64c	3	
001ec65c	FUN_001ec65c	FUN_001ec65c	3	
001ec738	FUN_001ec738	FUN_001ec738	4	
001ec76c	FUN_001ec76c	FUN_001ec76c	4	
001ec78c	FUN_001ec78c	FUN_001ec78c	3	
001ec818	FUN_001ec818	FUN_001ec818	3	
001ec858	FUN_001ec858	FUN_001ec858	3	
001ec9c0	FUN_001ec9c0	FUN_001ec9c0	6	
001eca34	FUN_001eca34	FUN_001eca34	3	
001ecaa4	FUN_001ecaa4	FUN_001ecaa4	3	
001ecb14	FUN_001ecb14	FUN_001ecb14	3	
001ecbf0	FUN_001ecbf0	FUN_001ecbf0	4	
001ecc58	FUN_001ecc58	FUN_001ecc58	3	
001ecdd4	FUN_001ecdd4	FUN_001ecdd4	3	
001ecefc	FUN_001ecefc	FUN_001ecefc	4	
001ecf6c	FUN_001ecf6c	FUN_001ecf6c	4	
001ecfc4	FUN_001ecfc4	FUN_001ecfc4	3	
001ed190	FUN_001ed190	FUN_001ed190	2	
001ed1d8	FUN_001ed1d8	FUN_001ed1d8	3	
001ed280	FUN_001ed280	FUN_001ed280	3	
001ed370	FUN_001ed370	FUN_001ed370	3	
001ed3f0	FUN_001ed3f0	FUN_001ed3f0	3	
001ed4fc	FUN_001ed4fc	FUN_001ed4fc	3	
001ed72c	FUN_001ed72c	FUN_001ed72c	3	s_C33s_33s__001ed90f
001eda50	FUN_001eda50	FUN_001eda50	3	
001edabc	FUN_001edabc	FUN_001edabc	3	
001edaf8	FUN_001edaf8	FUN_001edaf8	3	
001edc80	FUN_001edc80	FUN_001edc80	4	
001edcb4	FUN_001edcb4	FUN_001edcb4	3	
001edeec	FUN_001edeec	FUN_001edeec	3	
001edf0c	FUN_001edf0c	FUN_001edf0c	3	
001edf30	FUN_001edf30	FUN_001edf30	3	
001ee03c	FUN_001ee03c	FUN_001ee03c	3	
001ee0a8	FUN_001ee0a8	FUN_001ee0a8	4	
001ee0c4	FUN_001ee0c4	FUN_001ee0c4	4	
001ee0e4	FUN_001ee0e4	FUN_001ee0e4	3	
001ee0f8	FUN_001ee0f8	FUN_001ee0f8	3	
001ee12c	FUN_001ee12c	FUN_001ee12c	3	
001ee17c	FUN_001ee17c	FUN_001ee17c	3	
001ee1cc	FUN_001ee1cc	FUN_001ee1cc	11	
001ee1f8	FUN_001ee1f8	FUN_001ee1f8	3	
001ee264	FUN_001ee264	FUN_001ee264	4	
001ee284	FUN_001ee284	FUN_001ee284	3	
001ee304	FUN_001ee304	FUN_001ee304	3	
001ee33c	FUN_001ee33c	FUN_001ee33c	3	
001ee358	FUN_001ee358	FUN_001ee358	3	
001ee410	FUN_001ee410	FUN_001ee410	3	
001ee4c8	FUN_001ee4c8	FUN_001ee4c8	3	
001ee580	FUN_001ee580	FUN_001ee580	4	
001ee5bc	FUN_001ee5bc	FUN_001ee5bc	4	
001ee674	FUN_001ee674	FUN_001ee674	3	
001ee690	FUN_001ee690	FUN_001ee690	3	
001ee748	FUN_001ee748	FUN_001ee748	4	
001ee7f0	FUN_001ee7f0	FUN_001ee7f0	3	
001ee80c	FUN_001ee80c	FUN_001ee80c	4	
001ee828	FUN_001ee828	FUN_001ee828	3	
001ee844	FUN_001ee844	FUN_001ee844	4	
001ee86c	FUN_001ee86c	FUN_001ee86c	4	
001ee888	FUN_001ee888	FUN_001ee888	3	
001ee8a4	FUN_001ee8a4	FUN_001ee8a4	3	
001ee8c0	FUN_001ee8c0	FUN_001ee8c0	3	
001ee904	FUN_001ee904	FUN_001ee904	4	
001ee944	FUN_001ee944	FUN_001ee944	3	
001ee960	FUN_001ee960	FUN_001ee960	3	
001ee998	FUN_001ee998	FUN_001ee998	3	
001ee9b4	FUN_001ee9b4	FUN_001ee9b4	4	
001ee9d0	FUN_001ee9d0	FUN_001ee9d0	3	
001eea0c	FUN_001eea0c	FUN_001eea0c	3	
001eea68	FUN_001eea68	FUN_001eea68	3	
001eeac4	FUN_001eeac4	FUN_001eeac4	3	
001eeb20	FUN_001eeb20	FUN_001eeb20	3	
001eeb7c	FUN_001eeb7c	FUN_001eeb7c	3	
001eebb8	FUN_001eebb8	FUN_001eebb8	3	
001eec14	FUN_001eec14	FUN_001eec14	3	
001eec44	FUN_001eec44	FUN_001eec44	3	
001eec80	FUN_001eec80	FUN_001eec80	3	
001eecb0	FUN_001eecb0	FUN_001eecb0	3	
001eecec	FUN_001eecec	FUN_001eecec	3	
001eed1c	FUN_001eed1c	FUN_001eed1c	3	
001eed4c	FUN_001eed4c	FUN_001eed4c	3	
001eed88	FUN_001eed88	FUN_001eed88	3	
001eedc4	FUN_001eedc4	FUN_001eedc4	3	
001eee00	FUN_001eee00	FUN_001eee00	3	
001eee3c	FUN_001eee3c	FUN_001eee3c	3	
001eee84	FUN_001eee84	FUN_001eee84	3	
001eeec0	FUN_001eeec0	FUN_001eeec0	3	
001eeefc	FUN_001eeefc	FUN_001eeefc	3	
001eef38	FUN_001eef38	FUN_001eef38	3	
001eef54	FUN_001eef54	FUN_001eef54	3	
001eef94	FUN_001eef94	FUN_001eef94	6	
001eef9c	FUN_001eef9c	FUN_001eef9c	4	
001eefb4	FUN_001eefb4	FUN_001eefb4	4	
001eefe0	FUN_001eefe0	FUN_001eefe0	4	
001ef018	FUN_001ef018	FUN_001ef018	4	
001ef03c	FUN_001ef03c	FUN_001ef03c	3	
001ef04c	FUN_001ef04c	FUN_001ef04c	4	
001ef078	FUN_001ef078	FUN_001ef078	3	
001ef0a4	FUN_001ef0a4	FUN_001ef0a4	4	
001ef28c	FUN_001ef28c	FUN_001ef28c	4	
001ef2f8	FUN_001ef2f8	FUN_001ef2f8	4	
001ef378	FUN_001ef378	FUN_001ef378	3	
001ef480	FUN_001ef480	FUN_001ef480	3	
001ef510	FUN_001ef510	FUN_001ef510	4	
001ef5bc	FUN_001ef5bc	FUN_001ef5bc	4	
001ef5d4	FUN_001ef5d4	FUN_001ef5d4	3	
001ef61c	FUN_001ef61c	FUN_001ef61c	4	
001ef6a8	FUN_001ef6a8	FUN_001ef6a8	3	
001ef734	FUN_001ef734	FUN_001ef734	3	
001ef754	FUN_001ef754	FUN_001ef754	3	
001ef820	FUN_001ef820	FUN_001ef820	3	
001ef8ac	FUN_001ef8ac	FUN_001ef8ac	3	
001ef950	FUN_001ef950	FUN_001ef950	3	
001ef990	FUN_001ef990	FUN_001ef990	3	
001ef9f4	FUN_001ef9f4	FUN_001ef9f4	3	
001efa24	FUN_001efa24	FUN_001efa24	3	
001efa78	FUN_001efa78	FUN_001efa78	3	
001efac4	FUN_001efac4	FUN_001efac4	3	
001efaf8	FUN_001efaf8	FUN_001efaf8	3	
001efb20	FUN_001efb20	FUN_001efb20	3	
001efb58	FUN_001efb58	FUN_001efb58	3	
001efba4	FUN_001efba4	FUN_001efba4	3	
001efc10	FUN_001efc10	FUN_001efc10	3	
001efc68	FUN_001efc68	FUN_001efc68	3	
001efca8	FUN_001efca8	FUN_001efca8	3	
001efcd0	FUN_001efcd0	FUN_001efcd0	3	
001efd14	FUN_001efd14	FUN_001efd14	4	
001efd68	FUN_001efd68	FUN_001efd68	3	
001efda8	FUN_001efda8	FUN_001efda8	3	
001efe1c	FUN_001efe1c	FUN_001efe1c	3	
001efe54	FUN_001efe54	FUN_001efe54	4	
001efeb0	FUN_001efeb0	FUN_001efeb0	3	
001efef0	FUN_001efef0	FUN_001efef0	4	
001eff28	FUN_001eff28	FUN_001eff28	3	
001f00fc	FUN_001f00fc	FUN_001f00fc	3	
001f016c	FUN_001f016c	FUN_001f016c	3	
001f01e8	FUN_001f01e8	FUN_001f01e8	3	
001f0228	FUN_001f0228	FUN_001f0228	3	
001f031c	FUN_001f031c	FUN_001f031c	3	
001f0344	FUN_001f0344	FUN_001f0344	3	
001f0440	FUN_001f0440	FUN_001f0440	4	
001f04ec	FUN_001f04ec	FUN_001f04ec	4	
001f05ec	FUN_001f05ec	FUN_001f05ec	3	
001f062c	FUN_001f062c	FUN_001f062c	3	
001f0690	FUN_001f0690	FUN_001f0690	3	
001f06c0	FUN_001f06c0	FUN_001f06c0	3	
001f0714	FUN_001f0714	FUN_001f0714	3	
001f0760	FUN_001f0760	FUN_001f0760	3	
001f0794	FUN_001f0794	FUN_001f0794	3	
001f07bc	FUN_001f07bc	FUN_001f07bc	3	
001f07f4	FUN_001f07f4	FUN_001f07f4	3	
001f0840	FUN_001f0840	FUN_001f0840	3	
001f08ac	FUN_001f08ac	FUN_001f08ac	3	
001f0904	FUN_001f0904	FUN_001f0904	3	
001f0944	FUN_001f0944	FUN_001f0944	3	
001f096c	FUN_001f096c	FUN_001f096c	3	
001f09b0	FUN_001f09b0	FUN_001f09b0	4	
001f0a04	FUN_001f0a04	FUN_001f0a04	3	
001f0a44	FUN_001f0a44	FUN_001f0a44	3	
001f0a84	FUN_001f0a84	FUN_001f0a84	4	
001f0aa4	FUN_001f0aa4	FUN_001f0aa4	3	
001f0ae8	FUN_001f0ae8	FUN_001f0ae8	3	
001f0b44	FUN_001f0b44	FUN_001f0b44	3	
001f0b60	FUN_001f0b60	FUN_001f0b60	3	
001f0b80	FUN_001f0b80	FUN_001f0b80	3	
001f0ba8	FUN_001f0ba8	FUN_001f0ba8	3	
001f0bd0	FUN_001f0bd0	FUN_001f0bd0	3	
001f0bf4	FUN_001f0bf4	FUN_001f0bf4	3	
001f0c64	FUN_001f0c64	FUN_001f0c64	3	
001f0c88	FUN_001f0c88	FUN_001f0c88	3	
001f0ca8	FUN_001f0ca8	FUN_001f0ca8	3	
001f0ccc	FUN_001f0ccc	FUN_001f0ccc	4	
001f0d0c	FUN_001f0d0c	FUN_001f0d0c	3	
001f0d30	FUN_001f0d30	FUN_001f0d30	3	
001f0d44	FUN_001f0d44	FUN_001f0d44	3	
001f0dd0	FUN_001f0dd0	FUN_001f0dd0	3	
001f0e30	FUN_001f0e30	FUN_001f0e30	3	
001f0e58	FUN_001f0e58	FUN_001f0e58	3	
001f0ef8	FUN_001f0ef8	FUN_001f0ef8	3	
001f0f60	FUN_001f0f60	FUN_001f0f60	3	
001f0ff4	FUN_001f0ff4	FUN_001f0ff4	3	
001f1084	FUN_001f1084	FUN_001f1084	3	
001f10dc	FUN_001f10dc	FUN_001f10dc	3	
001f110c	FUN_001f110c	FUN_001f110c	3	
001f113c	FUN_001f113c	FUN_001f113c	4	
001f116c	FUN_001f116c	FUN_001f116c	3	
001f123c	FUN_001f123c	FUN_001f123c	3	
001f1378	FUN_001f1378	FUN_001f1378	3	
001f13b4	FUN_001f13b4	FUN_001f13b4	3	
001f13f8	FUN_001f13f8	FUN_001f13f8	3	
001f14a8	FUN_001f14a8	FUN_001f14a8	3	
001f14e8	FUN_001f14e8	FUN_001f14e8	3	
001f1520	FUN_001f1520	FUN_001f1520	3	
001f1720	FUN_001f1720	FUN_001f1720	3	
001f1780	FUN_001f1780	FUN_001f1780	3	
001f17c4	FUN_001f17c4	FUN_001f17c4	3	
001f1820	FUN_001f1820	FUN_001f1820	3	
001f183c	FUN_001f183c	FUN_001f183c	3	
001f1904	FUN_001f1904	FUN_001f1904	3	
001f1958	FUN_001f1958	FUN_001f1958	3	
001f19d4	FUN_001f19d4	FUN_001f19d4	3	
001f1a70	FUN_001f1a70	FUN_001f1a70	3	
001f1d24	FUN_001f1d24	FUN_001f1d24	3	
001f1d30	FUN_001f1d30	FUN_001f1d30	3	
001f23ac	FUN_001f23ac	FUN_001f23ac	3	
001f2ac4	FUN_001f2ac4	FUN_001f2ac4	2	
001f2bc8	FUN_001f2bc8	FUN_001f2bc8	2	
001f2ccc	FUN_001f2ccc	FUN_001f2ccc	2	
001f2e3c	FUN_001f2e3c	FUN_001f2e3c	2	
001f2fac	FUN_001f2fac	FUN_001f2fac	2	
001f3120	FUN_001f3120	FUN_001f3120	2	
001f3294	FUN_001f3294	FUN_001f3294	2	
001f345c	FUN_001f345c	FUN_001f345c	2	
001f3624	FUN_001f3624	FUN_001f3624	2	
001f3788	FUN_001f3788	FUN_001f3788	2	
001f38ec	FUN_001f38ec	FUN_001f38ec	2	
001f3a84	FUN_001f3a84	FUN_001f3a84	2	
001f3c1c	FUN_001f3c1c	FUN_001f3c1c	2	
001f3dd8	FUN_001f3dd8	FUN_001f3dd8	2	
001f3f94	FUN_001f3f94	FUN_001f3f94	2	
001f4198	FUN_001f4198	FUN_001f4198	2	
001f439c	FUN_001f439c	FUN_001f439c	2	
001f44a0	FUN_001f44a0	FUN_001f44a0	2	
001f4664	FUN_001f4664	FUN_001f4664	2	
001f47d4	FUN_001f47d4	FUN_001f47d4	2	
001f4940	FUN_001f4940	FUN_001f4940	2	
001f4a3c	FUN_001f4a3c	FUN_001f4a3c	2	
001f4bb0	FUN_001f4bb0	FUN_001f4bb0	2	
001f4d24	FUN_001f4d24	FUN_001f4d24	2	
001f4e18	FUN_001f4e18	FUN_001f4e18	2	
001f4fe4	FUN_001f4fe4	FUN_001f4fe4	2	
001f51ac	FUN_001f51ac	FUN_001f51ac	2	
001f52fc	FUN_001f52fc	FUN_001f52fc	2	
001f546c	FUN_001f546c	FUN_001f546c	2	
001f55dc	FUN_001f55dc	FUN_001f55dc	2	
001f56d4	FUN_001f56d4	FUN_001f56d4	2	
001f5888	FUN_001f5888	FUN_001f5888	2	
001f5a3c	FUN_001f5a3c	FUN_001f5a3c	2	
001f5b80	FUN_001f5b80	FUN_001f5b80	2	
001f5d3c	FUN_001f5d3c	FUN_001f5d3c	2	
001f5ef8	FUN_001f5ef8	FUN_001f5ef8	2	
001f603c	FUN_001f603c	FUN_001f603c	2	
001f6240	FUN_001f6240	FUN_001f6240	2	
001f6444	FUN_001f6444	FUN_001f6444	2	
001f65d0	FUN_001f65d0	FUN_001f65d0	2	
001f66d8	FUN_001f66d8	FUN_001f66d8	2	
001f6838	FUN_001f6838	FUN_001f6838	2	
001f699c	FUN_001f699c	FUN_001f699c	2	
001f6b58	FUN_001f6b58	FUN_001f6b58	2	
001f6cc0	FUN_001f6cc0	FUN_001f6cc0	2	
001f6e60	FUN_001f6e60	FUN_001f6e60	2	
001f700c	FUN_001f700c	FUN_001f700c	2	
001f7200	FUN_001f7200	FUN_001f7200	2	
001f733c	FUN_001f733c	FUN_001f733c	2	
001f74e4	FUN_001f74e4	FUN_001f74e4	2	
001f767c	FUN_001f767c	FUN_001f767c	2	
001f7898	FUN_001f7898	FUN_001f7898	2	
001f7a40	FUN_001f7a40	FUN_001f7a40	2	
001f7c48	FUN_001f7c48	FUN_001f7c48	2	
001f7e60	FUN_001f7e60	FUN_001f7e60	2	
001f80bc	FUN_001f80bc	FUN_001f80bc	2	
001f8210	FUN_001f8210	FUN_001f8210	2	
001f83ec	FUN_001f83ec	FUN_001f83ec	2	
001f85b4	FUN_001f85b4	FUN_001f85b4	2	
001f87ec	FUN_001f87ec	FUN_001f87ec	2	
001f89a8	FUN_001f89a8	FUN_001f89a8	2	
001f8bac	FUN_001f8bac	FUN_001f8bac	2	
001f8dbc	FUN_001f8dbc	FUN_001f8dbc	2	
001f9044	FUN_001f9044	FUN_001f9044	2	
001f9158	FUN_001f9158	FUN_001f9158	2	
001f92e0	FUN_001f92e0	FUN_001f92e0	2	
001f943c	FUN_001f943c	FUN_001f943c	2	
001f953c	FUN_001f953c	FUN_001f953c	2	
001f9614	FUN_001f9614	FUN_001f9614	2	
001f97a4	FUN_001f97a4	FUN_001f97a4	2	
001f9970	FUN_001f9970	FUN_001f9970	2	
001f9b48	FUN_001f9b48	FUN_001f9b48	2	
001f9da4	FUN_001f9da4	FUN_001f9da4	3	
001f9de8	FUN_001f9de8	FUN_001f9de8	4	
001f9e44	FUN_001f9e44	FUN_001f9e44	4	
001fa104	FUN_001fa104	FUN_001fa104	3	
001fa120	FUN_001fa120	FUN_001fa120	3	s__
001fa37c	FUN_001fa37c	FUN_001fa37c	3	
001fa7c8	FUN_001fa7c8	FUN_001fa7c8	4	
001fa884	FUN_001fa884	FUN_001fa884	3	
001fa8dc	FUN_001fa8dc	FUN_001fa8dc	4	
001faabc	FUN_001faabc	FUN_001faabc	4	
001faadc	FUN_001faadc	FUN_001faadc	3	
001fab38	FUN_001fab38	FUN_001fab38	3	
001fac24	FUN_001fac24	FUN_001fac24	4	
001fac3c	FUN_001fac3c	FUN_001fac3c	2	
001fac6c	FUN_001fac6c	FUN_001fac6c	2	
001faca8	FUN_001faca8	FUN_001faca8	3	
001facbc	FUN_001facbc	FUN_001facbc	3	s_d__cibuild_nlib_exi_sources_nn_n_001fad88
001fadc8	FUN_001fadc8	FUN_001fadc8	4	s_d__cibuild_nlib_exi_sources_nn_n_001fb024
001fb064	FUN_001fb064	FUN_001fb064	4	
001fb164	FUN_001fb164	FUN_001fb164	3	
001fb18c	FUN_001fb18c	FUN_001fb18c	3	s_d__cibuild_nlib_exi_sources_nn_n_001fb20c
001fb248	FUN_001fb248	FUN_001fb248	3	s_d__cibuild_nlib_exi_sources_nn_n_001fb2dc
001fb318	FUN_001fb318	FUN_001fb318	3	
001fb4d8	FUN_001fb4d8	FUN_001fb4d8	3	
001fb51c	FUN_001fb51c	FUN_001fb51c	3	
001fb54c	FUN_001fb54c	FUN_001fb54c	3	s_d__cibuild_nlib_exi_sources_nn_n_001fb718
001fb754	FUN_001fb754	FUN_001fb754	3	s_d__cibuild_nlib_exi_sources_nn_n_001fb83c
001fb878	FUN_001fb878	FUN_001fb878	4	s_CDATA_001fbcd8 s_d__cibuild_nlib_exi_sources_nn_n_001fbce0
001fbd28	FUN_001fbd28	FUN_001fbd28	3	
001fbd7c	FUN_001fbd7c	FUN_001fbd7c	3	
001fbdcc	FUN_001fbdcc	FUN_001fbdcc	3	
001fbf20	FUN_001fbf20	FUN_001fbf20	2	
001fbf84	FUN_001fbf84	FUN_001fbf84	2	
001fbfd4	FUN_001fbfd4	FUN_001fbfd4	3	
001fc1b4	FUN_001fc1b4	FUN_001fc1b4	2	
001fc1cc	FUN_001fc1cc	FUN_001fc1cc	3	
001fc418	FUN_001fc418	FUN_001fc418	2	
001fc428	FUN_001fc428	FUN_001fc428	4	
001fc51c	FUN_001fc51c	FUN_001fc51c	2	
001fc564	FUN_001fc564	FUN_001fc564	2	
001fc5b4	FUN_001fc5b4	FUN_001fc5b4	2	
001fc628	FUN_001fc628	FUN_001fc628	2	
001fc6ec	FUN_001fc6ec	FUN_001fc6ec	2	
001fc754	FUN_001fc754	FUN_001fc754	3	
001fc848	FUN_001fc848	FUN_001fc848	3	
001fc968	FUN_001fc968	FUN_001fc968	2	
001fc9c4	FUN_001fc9c4	FUN_001fc9c4	3	
001fcab8	FUN_001fcab8	FUN_001fcab8	3	
001fcbf4	FUN_001fcbf4	FUN_001fcbf4	3	
001fcd74	FUN_001fcd74	FUN_001fcd74	2	
001fcdb4	FUN_001fcdb4	FUN_001fcdb4	4	
001fd064	FUN_001fd064	FUN_001fd064	3	
001fd0b8	FUN_001fd0b8	FUN_001fd0b8	4	
001fd1bc	FUN_001fd1bc	FUN_001fd1bc	4	
001fd35c	FUN_001fd35c	FUN_001fd35c	4	
001fd4fc	FUN_001fd4fc	FUN_001fd4fc	3	
001fde80	FUN_001fde80	FUN_001fde80	2	s_d__cibuild_nlib_exi_sources_nn_n_001fdf0c
001fdf50	FUN_001fdf50	FUN_001fdf50	3	
001fe0d0	FUN_001fe0d0	FUN_001fe0d0	2	
001fe4dc	FUN_001fe4dc	FUN_001fe4dc	3	
001fe6c4	FUN_001fe6c4	FUN_001fe6c4	2	s_d__cibuild_nlib_exi_sources_nn_n_001fe778
001fe7bc	FUN_001fe7bc	FUN_001fe7bc	2	
001fe850	FUN_001fe850	FUN_001fe850	2	
001fe8e0	FUN_001fe8e0	FUN_001fe8e0	4	
001fecc8	FUN_001fecc8	FUN_001fecc8	4	
001ff108	FUN_001ff108	FUN_001ff108	3	
001ff130	FUN_001ff130	FUN_001ff130	3	
001ff1dc	FUN_001ff1dc	FUN_001ff1dc	2	
001ff244	FUN_001ff244	FUN_001ff244	3	
001ff3ec	FUN_001ff3ec	FUN_001ff3ec	2	
001ff3fc	FUN_001ff3fc	FUN_001ff3fc	3	
001ff504	FUN_001ff504	FUN_001ff504	4	s_http___www_w3_org_XML_1998_names_001ff87c s_base_001ff8a8 s_lang_001ff8b4 s_space_001ff8bc s_http___www_w3_org_2001_XMLSchema_001ff8c4 s_type_001ff8f8 s_d__cibuild_nlib_exi_sources_nn_n_001ff964
001ff9a0	FUN_001ff9a0	FUN_001ff9a0	4	
001ffa4c	FUN_001ffa4c	FUN_001ffa4c	3	
001ffab0	FUN_001ffab0	FUN_001ffab0	4	
001ffb1c	FUN_001ffb1c	FUN_001ffb1c	4	
001ffb88	FUN_001ffb88	FUN_001ffb88	4	
001ffbf4	FUN_001ffbf4	FUN_001ffbf4	4	
001ffc60	FUN_001ffc60	FUN_001ffc60	3	
001ffd94	FUN_001ffd94	FUN_001ffd94	2	
001ffe64	FUN_001ffe64	FUN_001ffe64	4	
001fffac	FUN_001fffac	FUN_001fffac	3	s_d__cibuild_nlib_exi_sources_nn_n_0020014c
0020018c	FUN_0020018c	FUN_0020018c	3	s_d__cibuild_nlib_exi_sources_nn_n_00200420
00200468	FUN_00200468	FUN_00200468	3	s_SYSTEM_00200874 s_PUBLIC_0020086c
00200ad4	FUN_00200ad4	FUN_00200ad4	3	s_version_00200ea8 s_encoding_00200eb0 s_standalone_00200ebc s_d__cibuild_nlib_exi_sources_nn_n_00200fd0
002016f0	FUN_002016f0	FUN_002016f0	4	s_d__cibuild_nlib_exi_sources_nn_n_00201d7c s_d__cibuild_nlib_exi_sources_nn_n_00201474 s_CDATA_002016e0
00201dc8	FUN_00201dc8	FUN_00201dc8	4	s_d__cibuild_nlib_exi_sources_nn_n_00201f84 s_d__cibuild_nlib_exi_sources_nn_n_00201fbc
00202000	FUN_00202000	FUN_00202000	4	s_d__cibuild_nlib_exi_sources_nn_n_002021e0
00202224	FUN_00202224	FUN_00202224	3	
002022dc	FUN_002022dc	FUN_002022dc	3	
0020237c	FUN_0020237c	FUN_0020237c	4	
00202894	FUN_00202894	FUN_00202894	4	
002029cc	FUN_002029cc	FUN_002029cc	3	
00202abc	FUN_00202abc	FUN_00202abc	2	s_d__cibuild_nlib_exi_sources_nn_n_00202b34
00202b74	FUN_00202b74	FUN_00202b74	2	
00202e98	FUN_00202e98	FUN_00202e98	2	s_d__cibuild_nlib_exi_sources_nn_n_00202f54
00202f94	FUN_00202f94	FUN_00202f94	2	
00203008	FUN_00203008	FUN_00203008	2	
00203078	FUN_00203078	FUN_00203078	3	
00203320	FUN_00203320	FUN_00203320	3	
00203398	FUN_00203398	FUN_00203398	3	
00203418	FUN_00203418	FUN_00203418	3	
002034a4	FUN_002034a4	FUN_002034a4	3	
00203524	FUN_00203524	FUN_00203524	3	
002035b0	FUN_002035b0	FUN_002035b0	4	
00203658	FUN_00203658	FUN_00203658	3	
00203c94	FUN_00203c94	FUN_00203c94	4	
002040d8	FUN_002040d8	FUN_002040d8	4	
00204108	FUN_00204108	FUN_00204108	3	s_name_002044d4 s_value_002044ec
00204688	FUN_00204688	FUN_00204688	4	s_privilege_description_00204944
0020497c	FUN_0020497c	FUN_0020497c	5	s_name_00204d34 s_type_00204d44 s_small_00204d4c
00204e98	FUN_00204e98	FUN_00204e98	3	s_name_0020517c s_search_category_0020518c
0020519c	FUN_0020519c	FUN_0020519c	3	s_name_002053d8
002053e8	FUN_002053e8	FUN_002053e8	4	s_name_00205754 s_format_002057b4 s_moflex_002057bc s_dimension_002057c4 s_height_00205bfc s_width_00205c04 s_movie_url_00205c34 s_play_time_sec_00205f94 s_thumbnail_url_00205ffc s_banner_url_0020600c s_rating_info_00206018 s_display_00206024 s__alternate_rating_image_url_002067e7
00206164	FUN_00206164	FUN_00206164	2	
00206864	FUN_00206864	FUN_00206864	3	s_name_00206ba0 s_type_00206bbc s_small_00206bc4
00206eac	FUN_00206eac	FUN_00206eac	4	s_name_002071c4 s_banner_url_0020721c s_icon_url_00207260
002072ac	FUN_002072ac	FUN_002072ac	3	
0020730c	FUN_0020730c	FUN_0020730c	3	
00207370	FUN_00207370	FUN_00207370	3	
002073d0	FUN_002073d0	FUN_002073d0	4	
00207464	FUN_00207464	FUN_00207464	3	
00207500	FUN_00207500	FUN_00207500	4	
00207594	FUN_00207594	FUN_00207594	4	
002075ac	FUN_002075ac	FUN_002075ac	4	
002075e0	FUN_002075e0	FUN_002075e0	4	
0020760c	FUN_0020760c	FUN_0020760c	4	
00207624	FUN_00207624	FUN_00207624	3	s_https____c_npns_app_nintendo_net_00207654
00207680	FUN_00207680	FUN_00207680	3	s__splatforms_3ds_devices_json_002076b8
002076d8	FUN_002076d8	FUN_002076d8	3	s_User_Agent_00207a20 s_Content_Type_00207a2c s_application_x_www_form_urlencode_00207a3c s_service_token_00207a60 s_device_id_00207a70 s_serial_00207a7c
00207a88	FUN_00207a88	FUN_00207a88	3	s__splatforms_3ds_devices__s_json_00207ac4
00207ae4	FUN_00207ae4	FUN_00207ae4	3	s_User_Agent_00207ce8
00207d00	thunk_FUN_00253d90	thunk_FUN_00253d90	3	
00207d04	FUN_00207d04	FUN_00207d04	3	s_device_token_00207e44
00207d74	FUN_00207d74	FUN_00207d74	2	
00207e58	FUN_00207e58	FUN_00207e58	3	
00207ef4	FUN_00207ef4	FUN_00207ef4	4	
00207f24	FUN_00207f24	FUN_00207f24	4	s_Qerrors_0020809f s_code_002080a8
002080c0	FUN_002080c0	FUN_002080c0	4	
002080e0	FUN_002080e0	FUN_002080e0	3	
00208130	FUN_00208130	FUN_00208130	3	
0020851c	FUN_0020851c	FUN_0020851c	3	
00208868	FUN_00208868	FUN_00208868	3	
00208880	FUN_00208880	FUN_00208880	4	
002089b4	FUN_002089b4	FUN_002089b4	3	
00208a50	FUN_00208a50	FUN_00208a50	3	
00208b5c	FUN_00208b5c	FUN_00208b5c	3	
00208b68	FUN_00208b68	FUN_00208b68	4	
00208b98	FUN_00208b98	FUN_00208b98	3	
00208c94	FUN_00208c94	FUN_00208c94	4	
00208d9c	FUN_00208d9c	FUN_00208d9c	5	
00208e34	FUN_00208e34	FUN_00208e34	3	
00208f4c	FUN_00208f4c	FUN_00208f4c	3	
00208f9c	FUN_00208f9c	FUN_00208f9c	3	
00209160	FUN_00209160	FUN_00209160	3	
0020923c	FUN_0020923c	FUN_0020923c	3	
002092d8	FUN_002092d8	FUN_002092d8	3	
00209428	FUN_00209428	FUN_00209428	3	
00209458	FUN_00209458	FUN_00209458	3	
0020952c	FUN_0020952c	FUN_0020952c	3	
00209694	FUN_00209694	FUN_00209694	3	
002096a4	FUN_002096a4	FUN_002096a4	3	
002096c8	FUN_002096c8	FUN_002096c8	3	
002096e8	FUN_002096e8	FUN_002096e8	3	
00209790	FUN_00209790	FUN_00209790	3	
002097a0	FUN_002097a0	FUN_002097a0	2	
002097f0	FUN_002097f0	FUN_002097f0	3	
00209898	FUN_00209898	FUN_00209898	2	
0020998c	FUN_0020998c	FUN_0020998c	4	
00209b6c	FUN_00209b6c	FUN_00209b6c	2	
00209cd4	FUN_00209cd4	FUN_00209cd4	3	
00209d4c	FUN_00209d4c	FUN_00209d4c	4	
00209d90	FUN_00209d90	FUN_00209d90	4	
00209dac	FUN_00209dac	FUN_00209dac	3	
00209ddc	FUN_00209ddc	FUN_00209ddc	3	
00209e08	FUN_00209e08	FUN_00209e08	4	
00209e50	FUN_00209e50	FUN_00209e50	3	
00209e54	FUN_00209e54	FUN_00209e54	3	
00209ec0	FUN_00209ec0	FUN_00209ec0	4	
00209ed4	FUN_00209ed4	FUN_00209ed4	3	
00209fec	FUN_00209fec	FUN_00209fec	3	
0020a000	FUN_0020a000	FUN_0020a000	3	
0020a010	FUN_0020a010	FUN_0020a010	3	
0020a124	FUN_0020a124	FUN_0020a124	3	
0020a138	FUN_0020a138	FUN_0020a138	4	
0020a148	FUN_0020a148	FUN_0020a148	3	
0020a15c	FUN_0020a15c	FUN_0020a15c	3	
0020a1dc	FUN_0020a1dc	FUN_0020a1dc	3	
0020a200	FUN_0020a200	FUN_0020a200	2	
0020a268	FUN_0020a268	FUN_0020a268	3	
0020a39c	FUN_0020a39c	FUN_0020a39c	5	
0020a440	FUN_0020a440	FUN_0020a440	3	
0020a46c	FUN_0020a46c	FUN_0020a46c	4	
0020a4d0	FUN_0020a4d0	FUN_0020a4d0	4	
0020a624	FUN_0020a624	FUN_0020a624	2	
0020a774	FUN_0020a774	FUN_0020a774	2	
0020a7f0	FUN_0020a7f0	FUN_0020a7f0	4	
0020a974	FUN_0020a974	FUN_0020a974	3	
0020a9f8	FUN_0020a9f8	FUN_0020a9f8	3	
0020aa1c	FUN_0020aa1c	FUN_0020aa1c	2	
0020aaec	FUN_0020aaec	FUN_0020aaec	4	
0020ad00	FUN_0020ad00	FUN_0020ad00	2	
0020ad08	FUN_0020ad08	FUN_0020ad08	2	
0020ad64	FUN_0020ad64	FUN_0020ad64	3	
0020ad74	FUN_0020ad74	FUN_0020ad74	4	
0020ae70	FUN_0020ae70	FUN_0020ae70	4	
0020afa4	FUN_0020afa4	FUN_0020afa4	4	
0020afd0	thunk_FUN_002532d4	thunk_FUN_002532d4	3	
0020afd4	FUN_0020afd4	FUN_0020afd4	4	
0020b060	FUN_0020b060	FUN_0020b060	4	
0020b0fc	FUN_0020b0fc	FUN_0020b0fc	3	
0020b110	FUN_0020b110	FUN_0020b110	4	
0020b21c	FUN_0020b21c	FUN_0020b21c	4	
0020b2e8	FUN_0020b2e8	FUN_0020b2e8	3	
0020b30c	FUN_0020b30c	FUN_0020b30c	4	
0020b328	FUN_0020b328	FUN_0020b328	3	
0020b398	FUN_0020b398	FUN_0020b398	3	
0020b3e0	FUN_0020b3e0	FUN_0020b3e0	3	
0020b434	FUN_0020b434	FUN_0020b434	3	
0020b498	FUN_0020b498	FUN_0020b498	3	
0020b4e4	FUN_0020b4e4	FUN_0020b4e4	4	
0020b554	FUN_0020b554	FUN_0020b554	5	
0020b5b8	FUN_0020b5b8	FUN_0020b5b8	3	
0020b5f8	FUN_0020b5f8	FUN_0020b5f8	3	
0020b680	FUN_0020b680	FUN_0020b680	3	
0020b6d0	FUN_0020b6d0	FUN_0020b6d0	4	
0020b73c	FUN_0020b73c	FUN_0020b73c	3	
0020b78c	FUN_0020b78c	FUN_0020b78c	5	
0020b7d0	FUN_0020b7d0	FUN_0020b7d0	3	
0020b808	FUN_0020b808	FUN_0020b808	3	
0020b854	FUN_0020b854	FUN_0020b854	4	
0020b890	FUN_0020b890	FUN_0020b890	3	
0020b8c0	FUN_0020b8c0	FUN_0020b8c0	3	
0020b90c	FUN_0020b90c	FUN_0020b90c	3	
0020b944	FUN_0020b944	FUN_0020b944	3	
0020b97c	FUN_0020b97c	FUN_0020b97c	3	
0020b998	FUN_0020b998	FUN_0020b998	3	
0020b9bc	FUN_0020b9bc	FUN_0020b9bc	3	
0020b9d8	FUN_0020b9d8	FUN_0020b9d8	4	
0020b9f4	FUN_0020b9f4	FUN_0020b9f4	3	
0020ba30	FUN_0020ba30	FUN_0020ba30	3	
0020bab4	FUN_0020bab4	FUN_0020bab4	4	
0020bad0	FUN_0020bad0	FUN_0020bad0	3	
0020bc54	FUN_0020bc54	FUN_0020bc54	3	
0020bc74	FUN_0020bc74	FUN_0020bc74	3	
0020bc90	FUN_0020bc90	FUN_0020bc90	3	
0020bcd0	FUN_0020bcd0	FUN_0020bcd0	3	
0020bcf4	FUN_0020bcf4	FUN_0020bcf4	3	
0020bd34	FUN_0020bd34	FUN_0020bd34	3	
0020bdb0	FUN_0020bdb0	FUN_0020bdb0	3	
0020bdec	FUN_0020bdec	FUN_0020bdec	3	
0020be40	FUN_0020be40	FUN_0020be40	3	
0020be88	FUN_0020be88	FUN_0020be88	3	
0020bec4	FUN_0020bec4	FUN_0020bec4	3	
0020bf0c	FUN_0020bf0c	FUN_0020bf0c	3	
0020bf74	FUN_0020bf74	FUN_0020bf74	3	
0020bfb0	FUN_0020bfb0	FUN_0020bfb0	3	
0020bfe0	FUN_0020bfe0	FUN_0020bfe0	3	
0020c010	FUN_0020c010	FUN_0020c010	3	
0020c05c	FUN_0020c05c	FUN_0020c05c	3	
0020c0b4	FUN_0020c0b4	FUN_0020c0b4	3	
0020c100	FUN_0020c100	FUN_0020c100	3	
0020c160	FUN_0020c160	FUN_0020c160	3	
0020c1ac	FUN_0020c1ac	FUN_0020c1ac	3	
0020c1e8	FUN_0020c1e8	FUN_0020c1e8	3	
0020c238	FUN_0020c238	FUN_0020c238	3	
0020c2c4	FUN_0020c2c4	FUN_0020c2c4	3	
0020c46c	FUN_0020c46c	FUN_0020c46c	3	
0020c4f0	FUN_0020c4f0	FUN_0020c4f0	7	
0020c58c	FUN_0020c58c	FUN_0020c58c	3	
0020c6d4	FUN_0020c6d4	FUN_0020c6d4	4	
0020c744	FUN_0020c744	FUN_0020c744	3	
0020c7d4	FUN_0020c7d4	FUN_0020c7d4	3	
0020c804	FUN_0020c804	FUN_0020c804	3	
0020c810	FUN_0020c810	FUN_0020c810	4	
0020c98c	FUN_0020c98c	FUN_0020c98c	6	
0020c9c8	FUN_0020c9c8	FUN_0020c9c8	5	
0020ca34	FUN_0020ca34	FUN_0020ca34	5	
0020ca90	FUN_0020ca90	FUN_0020ca90	4	
0020cb00	FUN_0020cb00	FUN_0020cb00	3	
0020cb9c	FUN_0020cb9c	FUN_0020cb9c	3	
0020cbf8	FUN_0020cbf8	FUN_0020cbf8	3	
0020cc48	FUN_0020cc48	FUN_0020cc48	3	
0020cc90	FUN_0020cc90	FUN_0020cc90	3	
0020ccd4	FUN_0020ccd4	FUN_0020ccd4	3	
0020cd44	FUN_0020cd44	FUN_0020cd44	3	
0020cdf8	FUN_0020cdf8	FUN_0020cdf8	4	
0020ceb0	FUN_0020ceb0	FUN_0020ceb0	3	
0020cef4	FUN_0020cef4	FUN_0020cef4	4	
0020cfd4	FUN_0020cfd4	FUN_0020cfd4	3	
0020d040	FUN_0020d040	FUN_0020d040	6	
0020d0d0	FUN_0020d0d0	FUN_0020d0d0	4	
0020d0fc	FUN_0020d0fc	FUN_0020d0fc	4	
0020d140	FUN_0020d140	FUN_0020d140	3	
0020d17c	FUN_0020d17c	FUN_0020d17c	4	
0020d194	FUN_0020d194	FUN_0020d194	5	
0020d24c	FUN_0020d24c	FUN_0020d24c	3	
0020d2e0	FUN_0020d2e0	FUN_0020d2e0	2	
0020d8b8	FUN_0020d8b8	FUN_0020d8b8	2	
0020d928	FUN_0020d928	FUN_0020d928	3	
0020dc3c	FUN_0020dc3c	FUN_0020dc3c	2	
0020dc8c	FUN_0020dc8c	FUN_0020dc8c	3	
0020e828	FUN_0020e828	FUN_0020e828	3	
0020e920	FUN_0020e920	FUN_0020e920	2	
0020ecf0	FUN_0020ecf0	FUN_0020ecf0	3	
0020eebc	FUN_0020eebc	FUN_0020eebc	2	
0020ef10	FUN_0020ef10	FUN_0020ef10	2	
0020efe0	FUN_0020efe0	FUN_0020efe0	3	
0020f0cc	FUN_0020f0cc	FUN_0020f0cc	3	
0020f1c4	FUN_0020f1c4	FUN_0020f1c4	2	
0020f214	FUN_0020f214	FUN_0020f214	3	
0020f42c	FUN_0020f42c	FUN_0020f42c	2	
0020f778	FUN_0020f778	FUN_0020f778	2	
0020f7cc	FUN_0020f7cc	FUN_0020f7cc	3	
0020f8a8	FUN_0020f8a8	FUN_0020f8a8	3	
0020f9a0	FUN_0020f9a0	FUN_0020f9a0	2	
0020f9f0	FUN_0020f9f0	FUN_0020f9f0	3	
0020fbf8	FUN_0020fbf8	FUN_0020fbf8	2	
0020ff44	FUN_0020ff44	FUN_0020ff44	3	
0021004c	FUN_0021004c	FUN_0021004c	3	
002104f4	FUN_002104f4	FUN_002104f4	3	
002106b0	FUN_002106b0	FUN_002106b0	3	
00210c38	FUN_00210c38	FUN_00210c38	3	
00210d34	FUN_00210d34	FUN_00210d34	3	
002111e4	FUN_002111e4	FUN_002111e4	3	
002112e0	FUN_002112e0	FUN_002112e0	3	
00212c58	FUN_00212c58	FUN_00212c58	3	
00213128	FUN_00213128	FUN_00213128	2	
0021333c	FUN_0021333c	FUN_0021333c	3	
0021378c	FUN_0021378c	FUN_0021378c	3	
002138d0	FUN_002138d0	FUN_002138d0	4	
00213968	FUN_00213968	FUN_00213968	2	
002139f0	FUN_002139f0	FUN_002139f0	3	
00213ae0	FUN_00213ae0	FUN_00213ae0	2	
00213bc4	FUN_00213bc4	FUN_00213bc4	2	
00213c18	FUN_00213c18	FUN_00213c18	2	
00213ce8	FUN_00213ce8	FUN_00213ce8	3	
00213e44	FUN_00213e44	FUN_00213e44	3	
00213f3c	FUN_00213f3c	FUN_00213f3c	3	
00213fec	FUN_00213fec	FUN_00213fec	2	
0021403c	FUN_0021403c	FUN_0021403c	3	
00214104	FUN_00214104	FUN_00214104	2	
00214424	FUN_00214424	FUN_00214424	2	
0021489c	FUN_0021489c	FUN_0021489c	3	
00214978	FUN_00214978	FUN_00214978	3	
00214e3c	FUN_00214e3c	FUN_00214e3c	3	
00214ec4	FUN_00214ec4	FUN_00214ec4	2	
00214f14	FUN_00214f14	FUN_00214f14	3	
002155d0	FUN_002155d0	FUN_002155d0	2	
00215ca4	FUN_00215ca4	FUN_00215ca4	3	
00216318	FUN_00216318	FUN_00216318	3	
0021635c	FUN_0021635c	FUN_0021635c	3	
002163cc	FUN_002163cc	FUN_002163cc	3	
00216588	FUN_00216588	FUN_00216588	2	
002165fc	FUN_002165fc	FUN_002165fc	3	
002167f8	FUN_002167f8	FUN_002167f8	4	
00216900	FUN_00216900	FUN_00216900	3	
002169f0	FUN_002169f0	FUN_002169f0	2	
00216b5c	FUN_00216b5c	FUN_00216b5c	3	
00216ed0	FUN_00216ed0	FUN_00216ed0	3	
002171f4	FUN_002171f4	FUN_002171f4	8	
00217494	FUN_00217494	FUN_00217494	8	
002174d0	FUN_002174d0	FUN_002174d0	5	
002175cc	FUN_002175cc	FUN_002175cc	5	
002177e0	FUN_002177e0	FUN_002177e0	7	
002179d4	FUN_002179d4	FUN_002179d4	4	
00217b8c	FUN_00217b8c	FUN_00217b8c	7	
00217d18	FUN_00217d18	FUN_00217d18	6	
00217e28	FUN_00217e28	FUN_00217e28	9	
00217e9c	FUN_00217e9c	FUN_00217e9c	6	
00217f14	FUN_00217f14	FUN_00217f14	8	
00217fc4	FUN_00217fc4	FUN_00217fc4	4	
00218358	FUN_00218358	FUN_00218358	4	
00218718	FUN_00218718	FUN_00218718	4	
00218ad0	FUN_00218ad0	FUN_00218ad0	4	
00218ee8	FUN_00218ee8	FUN_00218ee8	6	
00218f94	FUN_00218f94	FUN_00218f94	6	
002191c4	FUN_002191c4	FUN_002191c4	5	
00219250	FUN_00219250	FUN_00219250	6	
002193e8	FUN_002193e8	FUN_002193e8	10	
0021949c	FUN_0021949c	FUN_0021949c	4	
002194d8	FUN_002194d8	FUN_002194d8	4	
00219514	FUN_00219514	FUN_00219514	4	
0021955c	FUN_0021955c	FUN_0021955c	4	
00219598	FUN_00219598	FUN_00219598	4	
002195e0	FUN_002195e0	FUN_002195e0	4	
00219670	FUN_00219670	FUN_00219670	4	
002196b8	FUN_002196b8	FUN_002196b8	6	
00219ab0	FUN_00219ab0	FUN_00219ab0	6	
00219b8c	FUN_00219b8c	FUN_00219b8c	8	
00219bd8	FUN_00219bd8	FUN_00219bd8	5	
00219c84	FUN_00219c84	FUN_00219c84	5	
00219d60	FUN_00219d60	FUN_00219d60	5	
00219e18	FUN_00219e18	FUN_00219e18	5	
00219ec8	FUN_00219ec8	FUN_00219ec8	5	
00219f8c	FUN_00219f8c	FUN_00219f8c	5	
0021a040	FUN_0021a040	FUN_0021a040	4	
0021a05c	FUN_0021a05c	FUN_0021a05c	4	
0021a240	FUN_0021a240	FUN_0021a240	7	
0021a2b8	FUN_0021a2b8	FUN_0021a2b8	6	
0021a330	FUN_0021a330	FUN_0021a330	4	
0021a3a8	FUN_0021a3a8	FUN_0021a3a8	6	
0021a448	FUN_0021a448	FUN_0021a448	5	
0021ae88	FUN_0021ae88	FUN_0021ae88	13	
0021aea4	FUN_0021aea4	FUN_0021aea4	5	
0021aecc	FUN_0021aecc	FUN_0021aecc	4	
0021af08	FUN_0021af08	FUN_0021af08	4	
0021af74	FUN_0021af74	FUN_0021af74	5	
0021b0b8	FUN_0021b0b8	FUN_0021b0b8	11	
0021b0c8	FUN_0021b0c8	FUN_0021b0c8	8	
0021b0f4	FUN_0021b0f4	FUN_0021b0f4	5	
0021b178	FUN_0021b178	FUN_0021b178	4	
0021b1bc	FUN_0021b1bc	FUN_0021b1bc	4	
0021b354	FUN_0021b354	FUN_0021b354	4	
0021b3dc	FUN_0021b3dc	FUN_0021b3dc	4	
0021b50c	FUN_0021b50c	message_lookup_text_0021b50c	36	
0021b56c	FUN_0021b56c	FUN_0021b56c	5	
0021b644	FUN_0021b644	FUN_0021b644	5	
0021b73c	FUN_0021b73c	FUN_0021b73c	20	
0021b844	FUN_0021b844	FUN_0021b844	10	
0021b994	FUN_0021b994	FUN_0021b994	5	
0021b9c0	FUN_0021b9c0	FUN_0021b9c0	5	
0021b9fc	FUN_0021b9fc	FUN_0021b9fc	8	
0021ba2c	FUN_0021ba2c	FUN_0021ba2c	11	
0021ba68	FUN_0021ba68	FUN_0021ba68	2	
0021bae8	FUN_0021bae8	FUN_0021bae8	9	
0021bba8	FUN_0021bba8	FUN_0021bba8	45	
0021bc24	FUN_0021bc24	FUN_0021bc24	5	
0021c558	FUN_0021c558	FUN_0021c558	2	
0021c600	FUN_0021c600	FUN_0021c600	2	
0021ca54	FUN_0021ca54	FUN_0021ca54	2	
0021ced8	FUN_0021ced8	FUN_0021ced8	4	
0021cf64	FUN_0021cf64	FUN_0021cf64	8	
0021cf98	FUN_0021cf98	FUN_0021cf98	6	
0021d0a4	FUN_0021d0a4	FUN_0021d0a4	15	
0021d0f8	FUN_0021d0f8	FUN_0021d0f8	6	
0021d310	FUN_0021d310	FUN_0021d310	10	
0021d348	FUN_0021d348	FUN_0021d348	6	
0021d3a4	FUN_0021d3a4	FUN_0021d3a4	8	
0021d484	FUN_0021d484	FUN_0021d484	8	
0021d5f8	FUN_0021d5f8	FUN_0021d5f8	5	
0021d798	FUN_0021d798	FUN_0021d798	5	
0021d7a8	FUN_0021d7a8	FUN_0021d7a8	6	
0021d81c	FUN_0021d81c	FUN_0021d81c	6	
0021d830	FUN_0021d830	FUN_0021d830	6	
0021db78	FUN_0021db78	FUN_0021db78	20	
0021dd90	FUN_0021dd90	FUN_0021dd90	5	
0021e2dc	FUN_0021e2dc	FUN_0021e2dc	13	
0021e448	FUN_0021e448	FUN_0021e448	6	
0021e454	FUN_0021e454	FUN_0021e454	5	
0021e47c	FUN_0021e47c	FUN_0021e47c	5	
0021e7a8	FUN_0021e7a8	FUN_0021e7a8	4	
0021e7dc	FUN_0021e7dc	FUN_0021e7dc	11	
0021e9c4	FUN_0021e9c4	FUN_0021e9c4	6	
0021e9f0	FUN_0021e9f0	FUN_0021e9f0	5	
0021ea20	FUN_0021ea20	FUN_0021ea20	11	
0021ea94	FUN_0021ea94	FUN_0021ea94	12	
0021eaf0	FUN_0021eaf0	FUN_0021eaf0	14	
0021eb34	FUN_0021eb34	FUN_0021eb34	11	
0021eba8	FUN_0021eba8	FUN_0021eba8	9	
0021ebc0	FUN_0021ebc0	FUN_0021ebc0	7	
0021ec98	FUN_0021ec98	FUN_0021ec98	4	
0021eca0	FUN_0021eca0	FUN_0021eca0	9	
0021ecd4	FUN_0021ecd4	FUN_0021ecd4	17	
0021ed54	FUN_0021ed54	FUN_0021ed54	6	
0021ed5c	FUN_0021ed5c	FUN_0021ed5c	6	
0021eda4	FUN_0021eda4	FUN_0021eda4	11	
0021ee5c	FUN_0021ee5c	FUN_0021ee5c	6	
0021eff8	FUN_0021eff8	FUN_0021eff8	7	
0021f2e0	FUN_0021f2e0	FUN_0021f2e0	13	
0021f35c	FUN_0021f35c	FUN_0021f35c	5	
0021f370	FUN_0021f370	FUN_0021f370	5	
0021f928	FUN_0021f928	FUN_0021f928	5	
0021f938	FUN_0021f938	FUN_0021f938	6	
0021f948	FUN_0021f948	FUN_0021f948	4	
0021f980	FUN_0021f980	FUN_0021f980	6	
0021fc38	FUN_0021fc38	FUN_0021fc38	5	
0021fc48	FUN_0021fc48	FUN_0021fc48	7	
0021fd08	FUN_0021fd08	FUN_0021fd08	7	
0021fddc	FUN_0021fddc	FUN_0021fddc	6	
0021fdec	FUN_0021fdec	FUN_0021fdec	4	
0021ff10	FUN_0021ff10	FUN_0021ff10	5	s__opening_U_00_0022027f s_region_00_00220290 s_loopIn_00_0022029c s_change_00_002202a8 s_welcome_00_002202b4 s_opening_D_00_002202c4 s_opening_00_002202dc
00220310	FUN_00220310	FUN_00220310	10	
00220394	FUN_00220394	FUN_00220394	7	
002203b4	FUN_002203b4	FUN_002203b4	11	
00220428	FUN_00220428	FUN_00220428	128	
0022049c	FUN_0022049c	FUN_0022049c	10	
00220510	FUN_00220510	FUN_00220510	7	
00220824	FUN_00220824	FUN_00220824	5	
002208bc	FUN_002208bc	FUN_002208bc	5	
0022096c	FUN_0022096c	FUN_0022096c	10	
00220a94	FUN_00220a94	FUN_00220a94	8	
00220b40	FUN_00220b40	FUN_00220b40	5	
00220b58	FUN_00220b58	FUN_00220b58	6	
00220c04	FUN_00220c04	FUN_00220c04	7	
00220c7c	FUN_00220c7c	FUN_00220c7c	4	
00220c88	FUN_00220c88	FUN_00220c88	5	
00220cb0	FUN_00220cb0	FUN_00220cb0	4	
00220cc4	FUN_00220cc4	FUN_00220cc4	3	
00220d7c	FUN_00220d7c	FUN_00220d7c	27	
00220df0	FUN_00220df0	FUN_00220df0	4	
00220e10	FUN_00220e10	FUN_00220e10	4	
00220e8c	FUN_00220e8c	FUN_00220e8c	16	
00220f00	FUN_00220f00	FUN_00220f00	9	
00220f74	FUN_00220f74	FUN_00220f74	7	
00220fe8	FUN_00220fe8	FUN_00220fe8	6	
002210b0	FUN_002210b0	FUN_002210b0	15	
00221124	FUN_00221124	FUN_00221124	6	
0022115c	FUN_0022115c	FUN_0022115c	6	
00221188	FUN_00221188	FUN_00221188	11	
002212d0	FUN_002212d0	FUN_002212d0	5	
00221324	FUN_00221324	FUN_00221324	4	
002213f8	FUN_002213f8	FUN_002213f8	4	
002214f4	FUN_002214f4	FUN_002214f4	8	
00221550	FUN_00221550	FUN_00221550	15	
002215c4	FUN_002215c4	FUN_002215c4	6	
002216c4	FUN_002216c4	FUN_002216c4	7	
00221754	FUN_00221754	FUN_00221754	6	
00221768	FUN_00221768	FUN_00221768	5	s__ErrorDialog_D_00_0026f8ef s_inOut_00_0026f908 s__ErrorDialog_D_01_0026f91f s_T_message_01_0026f94c s_T_close_00_0026f95c s_T_close_01_0026f968 s_close_00_0026f990 s_T_message_00_0026f99c
002218bc	FUN_002218bc	FUN_002218bc	19	
00221930	FUN_00221930	FUN_00221930	6	
002219c8	FUN_002219c8	FUN_002219c8	5	
00221c80	FUN_00221c80	FUN_00221c80	5	
00221c98	FUN_00221c98	FUN_00221c98	7	
00221cf4	FUN_00221cf4	FUN_00221cf4	22	
00221d68	FUN_00221d68	FUN_00221d68	14	
00221ddc	FUN_00221ddc	FUN_00221ddc	13	
00221e50	FUN_00221e50	FUN_00221e50	5	
00221e70	FUN_00221e70	FUN_00221e70	6	
00221f6c	FUN_00221f6c	FUN_00221f6c	18	
00221f84	FUN_00221f84	get_field_3fc4_undefined4_00221f84	6	
00221f90	FUN_00221f90	get_field_3fb8_undefined4_00221f90	6	
00221f9c	FUN_00221f9c	FUN_00221f9c	8	
00221fd4	FUN_00221fd4	FUN_00221fd4	6	
00222014	FUN_00222014	FUN_00222014	6	
00222030	FUN_00222030	FUN_00222030	10	
002220b4	FUN_002220b4	FUN_002220b4	6	
002220f8	FUN_002220f8	FUN_002220f8	5	
00222140	FUN_00222140	FUN_00222140	6	
002221a0	FUN_002221a0	FUN_002221a0	7	
002221ec	FUN_002221ec	set_field_1b5_undefined1_002221ec	5	
002221f4	FUN_002221f4	FUN_002221f4	17	
00222418	FUN_00222418	FUN_00222418	4	
00222458	FUN_00222458	FUN_00222458	4	s__checkDiscountList_D_00_002228b7 s__mask_D_00_002228d7 s_decide_00_00222904 s_cancel_00_00222910 s_T_decide_00_0022291c s_T_decide_01_00222938 s__message_U_00_0022294f s_T_message_00_00222964 s_Common_txt02_01_00222974 s_W_label_00_002229a8 s_OwnedCoupon_txt01_01_00222990 s_T_title_00_002229b4 s_T_price_02_002229c0 s_T_price_01_002229cc s_Regi_txt11_04_002229d8 s_Regi_txt11_06_002229e8 s_P_strike_00_00222e10 s__T_date_00_00222e1f s_T_use_00_00222e3c s_P_line_04_00222e48 s_N_use_size_00_00222e54 s_P_line_03_00222e68 s__OwnedCoupon_title_01_002230ff s_Regi_title01_04_00223118
0022316c	FUN_0022316c	FUN_0022316c	6	
002232fc	FUN_002232fc	FUN_002232fc	4	
002233e0	FUN_002233e0	FUN_002233e0	56	
00223454	FUN_00223454	FUN_00223454	8	
0022350c	FUN_0022350c	FUN_0022350c	10	
00223594	FUN_00223594	FUN_00223594	12	
00223608	FUN_00223608	FUN_00223608	4	
002236cc	FUN_002236cc	FUN_002236cc	5	
00223754	FUN_00223754	FUN_00223754	12	
00223830	FUN_00223830	FUN_00223830	6	
00223954	FUN_00223954	FUN_00223954	4	
002239a4	FUN_002239a4	FUN_002239a4	5	
00223a48	FUN_00223a48	FUN_00223a48	5	
00223ac4	FUN_00223ac4	FUN_00223ac4	5	
00223c04	FUN_00223c04	FUN_00223c04	4	
00223c44	FUN_00223c44	FUN_00223c44	4	
00223cb4	FUN_00223cb4	FUN_00223cb4	6	
00223d2c	FUN_00223d2c	FUN_00223d2c	5	
00223dc8	FUN_00223dc8	FUN_00223dc8	4	s__s_ninja_ws__s_tax_locations_lan_00223e4c s__s_postal_code__s_00223e88
00223e9c	FUN_00223e9c	FUN_00223e9c	4	
00223ed0	FUN_00223ed0	FUN_00223ed0	4	
00223efc	FUN_00223efc	FUN_00223efc	4	
00223f58	FUN_00223f58	FUN_00223f58	11	
00223f68	FUN_00223f68	FUN_00223f68	4	
00223ff8	FUN_00223ff8	FUN_00223ff8	5	
00224008	FUN_00224008	FUN_00224008	4	
00224038	FUN_00224038	FUN_00224038	7	
00224098	FUN_00224098	FUN_00224098	4	
00224240	FUN_00224240	FUN_00224240	13	
00224274	FUN_00224274	FUN_00224274	4	
002245f8	FUN_002245f8	FUN_002245f8	6	
002247a0	FUN_002247a0	FUN_002247a0	8	
00224ed4	FUN_00224ed4	FUN_00224ed4	8	
00225608	FUN_00225608	FUN_00225608	8	
00225d30	FUN_00225d30	FUN_00225d30	5	
002260fc	FUN_002260fc	FUN_002260fc	12	
00226234	FUN_00226234	FUN_00226234	4	
00226248	FUN_00226248	FUN_00226248	4	
0022627c	FUN_0022627c	FUN_0022627c	4	
0022635c	FUN_0022635c	FUN_0022635c	4	
00226390	FUN_00226390	FUN_00226390	4	
00226ae8	FUN_00226ae8	FUN_00226ae8	5	
00226ea8	FUN_00226ea8	FUN_00226ea8	8	
00226f54	FUN_00226f54	FUN_00226f54	4	
00227234	FUN_00227234	FUN_00227234	7	
0022732c	FUN_0022732c	FUN_0022732c	4	
0022754c	FUN_0022754c	FUN_0022754c	12	
002275c0	FUN_002275c0	FUN_002275c0	10	
002276cc	FUN_002276cc	FUN_002276cc	5	
00227aac	FUN_00227aac	FUN_00227aac	4	s__s_ninja_ws_my_transaction__llu__00227b0c
00227b4c	FUN_00227b4c	FUN_00227b4c	4	
00227c54	FUN_00227c54	FUN_00227c54	5	s__s_samurai_ws__s_titles_lang__s__00227cb4
00227cec	FUN_00227cec	FUN_00227cec	5	
00227e64	FUN_00227e64	FUN_00227e64	4	s__publisher__5B__5D__u_00228274 s__price_min__d_00228290 s__price_max__d_002282a0 s__video_format_moflex_002282b0 s__freeword__s_002282cc s__limit__u_002282dc s__offset__u_002282e8 s__sort_new_002282f4 s__sort_popular_0022855c s__sort_score_0022856c s__release_date_before___2B_u_00228588 s__release_date_after___u_002285a4
002285bc	FUN_002285bc	FUN_002285bc	4	
002286ec	FUN_002286ec	FUN_002286ec	4	
002288c4	FUN_002288c4	FUN_002288c4	3	
0022897c	FUN_0022897c	FUN_0022897c	4	s_transaction_result_00228b7c s_transaction_id_00228b90
00228ba4	FUN_00228ba4	FUN_00228ba4	2	
00228bc8	FUN_00228bc8	FUN_00228bc8	4	
00228c3c	FUN_00228c3c	FUN_00228c3c	4	s__llu_00228f30
00228f58	FUN_00228f58	FUN_00228f58	4	
002290c8	FUN_002290c8	FUN_002290c8	4	
00229108	FUN_00229108	FUN_00229108	5	
0022926c	FUN_0022926c	FUN_0022926c	10	
0022932c	FUN_0022932c	FUN_0022932c	10	
002293cc	FUN_002293cc	FUN_002293cc	10	
00229440	FUN_00229440	FUN_00229440	7	
0022945c	FUN_0022945c	FUN_0022945c	3	
00229488	FUN_00229488	FUN_00229488	4	
00229568	FUN_00229568	FUN_00229568	14	
00229630	FUN_00229630	FUN_00229630	8	
002298a8	FUN_002298a8	FUN_002298a8	10	
00229938	FUN_00229938	FUN_00229938	8	
00229a18	FUN_00229a18	FUN_00229a18	3	
00229ae4	FUN_00229ae4	FUN_00229ae4	3	
00229dc4	FUN_00229dc4	FUN_00229dc4	4	
00229eb0	FUN_00229eb0	FUN_00229eb0	10	
00229f0c	FUN_00229f0c	FUN_00229f0c	6	
0022a0d8	FUN_0022a0d8	FUN_0022a0d8	7	
0022a30c	FUN_0022a30c	FUN_0022a30c	7	
0022a39c	FUN_0022a39c	FUN_0022a39c	2	
0022a894	FUN_0022a894	FUN_0022a894	4	
0022ab00	FUN_0022ab00	FUN_0022ab00	11	
0022ab28	FUN_0022ab28	FUN_0022ab28	11	
0022ab6c	FUN_0022ab6c	FUN_0022ab6c	23	
0022ab8c	FUN_0022ab8c	FUN_0022ab8c	4	
0022ac34	FUN_0022ac34	FUN_0022ac34	4	
0022acd4	FUN_0022acd4	FUN_0022acd4	3	
0022ad74	FUN_0022ad74	FUN_0022ad74	3	
0022ae24	FUN_0022ae24	FUN_0022ae24	4	s_MaxUserFileSize_0022b180 s_Version_0022b194
0022b1b4	FUN_0022b1b4	FUN_0022b1b4	5	
0022b454	FUN_0022b454	FUN_0022b454	4	
0022b48c	FUN_0022b48c	FUN_0022b48c	7	
0022b56c	FUN_0022b56c	FUN_0022b56c	4	
0022b7c0	FUN_0022b7c0	FUN_0022b7c0	3	
0022bbf0	FUN_0022bbf0	FUN_0022bbf0	5	
0022bc20	FUN_0022bc20	FUN_0022bc20	5	
0022bc88	FUN_0022bc88	FUN_0022bc88	5	
0022bc98	FUN_0022bc98	FUN_0022bc98	10	
0022bcac	FUN_0022bcac	FUN_0022bcac	5	
0022bce0	FUN_0022bce0	FUN_0022bce0	7	
0022bdd0	FUN_0022bdd0	FUN_0022bdd0	19	
0022be94	FUN_0022be94	FUN_0022be94	5	
0022bfe0	FUN_0022bfe0	FUN_0022bfe0	6	
0022c0f4	FUN_0022c0f4	FUN_0022c0f4	4	
0022c33c	FUN_0022c33c	FUN_0022c33c	4	
0022c53c	FUN_0022c53c	FUN_0022c53c	4	
0022c644	FUN_0022c644	FUN_0022c644	6	
0022cd38	FUN_0022cd38	FUN_0022cd38	4	
0022ce98	FUN_0022ce98	FUN_0022ce98	4	
0022cff0	FUN_0022cff0	FUN_0022cff0	4	
0022d0d8	FUN_0022d0d8	FUN_0022d0d8	5	
0022d4f0	FUN_0022d4f0	FUN_0022d4f0	8	
0022d5b8	FUN_0022d5b8	FUN_0022d5b8	4	
0022d760	FUN_0022d760	FUN_0022d760	5	
0022d898	FUN_0022d898	FUN_0022d898	4	
0022d9ac	FUN_0022d9ac	FUN_0022d9ac	7	
0022dad0	FUN_0022dad0	FUN_0022dad0	4	
0022db18	FUN_0022db18	FUN_0022db18	10	
0022db2c	FUN_0022db2c	FUN_0022db2c	7	
0022dd30	FUN_0022dd30	FUN_0022dd30	4	
0022e11c	FUN_0022e11c	FUN_0022e11c	5	
0022e18c	FUN_0022e18c	FUN_0022e18c	17	
0022e1c0	FUN_0022e1c0	FUN_0022e1c0	4	
0022e7ec	FUN_0022e7ec	FUN_0022e7ec	4	
0022ecfc	FUN_0022ecfc	FUN_0022ecfc	4	
0022f0e0	FUN_0022f0e0	FUN_0022f0e0	4	
0022f12c	FUN_0022f12c	FUN_0022f12c	5	
0022f24c	FUN_0022f24c	FUN_0022f24c	6	
0022f2e8	FUN_0022f2e8	FUN_0022f2e8	7	
0022f310	FUN_0022f310	FUN_0022f310	5	
0022f388	FUN_0022f388	FUN_0022f388	17	
0022f3e4	FUN_0022f3e4	FUN_0022f3e4	16	
0022f59c	FUN_0022f59c	FUN_0022f59c	5	
0022f624	FUN_0022f624	FUN_0022f624	13	
0022f668	FUN_0022f668	FUN_0022f668	5	
0022f7c0	FUN_0022f7c0	FUN_0022f7c0	6	
0022f838	FUN_0022f838	FUN_0022f838	6	
0022fa88	FUN_0022fa88	FUN_0022fa88	5	
0022fbe8	FUN_0022fbe8	FUN_0022fbe8	12	
0022fc5c	FUN_0022fc5c	FUN_0022fc5c	4	
0022fe84	FUN_0022fe84	FUN_0022fe84	13	
0022ff08	FUN_0022ff08	FUN_0022ff08	35	
0022ffbc	FUN_0022ffbc	FUN_0022ffbc	8	
0023001c	FUN_0023001c	FUN_0023001c	10	
00230088	FUN_00230088	FUN_00230088	26	
0023075c	FUN_0023075c	FUN_0023075c	7	
002307b8	FUN_002307b8	FUN_002307b8	7	
002307e8	FUN_002307e8	FUN_002307e8	5	
00230804	FUN_00230804	FUN_00230804	6	
00230884	FUN_00230884	FUN_00230884	27	
002308d4	FUN_002308d4	FUN_002308d4	16	
0023090c	FUN_0023090c	FUN_0023090c	5	
002309a8	FUN_002309a8	FUN_002309a8	4	
00230c18	FUN_00230c18	FUN_00230c18	5	
00230c58	FUN_00230c58	FUN_00230c58	5	
00230d18	FUN_00230d18	FUN_00230d18	4	s__llu_00231200 s_device_id_0023160c s_ready_00231620 s_true_00231618
0023168c	FUN_0023168c	FUN_0023168c	5	
002319c4	FUN_002319c4	FUN_002319c4	4	
00231ae4	FUN_00231ae4	FUN_00231ae4	6	
00231b74	FUN_00231b74	FUN_00231b74	8	
00231c9c	FUN_00231c9c	FUN_00231c9c	7	
00231df0	FUN_00231df0	FUN_00231df0	4	s_eshop_sales_status_00232228 s_unreleased_0023223c s_onsale_00232248 s_sales_termination_00232250 s_price_00232264 s_pre_order_0023226c s_regular_price_00232278 s_raw_value_0023228c s__discount_price_0023229b s_description_002322b0 s_start_datetime_002322bc s_end_datetime_00232610 s_raw_value_002329d8 s_coupon_price_00233070 s_raw_value_00233080
00233090	FUN_00233090	FUN_00233090	6	
00233144	FUN_00233144	FUN_00233144	8	
002331f0	FUN_002331f0	FUN_002331f0	5	
002333a4	FUN_002333a4	FUN_002333a4	7	
002333e0	FUN_002333e0	FUN_002333e0	4	
00233a1c	FUN_00233a1c	FUN_00233a1c	12	
00233a94	FUN_00233a94	FUN_00233a94	11	
00233bac	FUN_00233bac	FUN_00233bac	4	
00233bc8	FUN_00233bc8	FUN_00233bc8	4	
00233e0c	FUN_00233e0c	FUN_00233e0c	7	
00233ed4	FUN_00233ed4	FUN_00233ed4	2	
0023400c	FUN_0023400c	get_field_30_undefined8_0023400c	7	
0023401c	FUN_0023401c	FUN_0023401c	4	
0023415c	FUN_0023415c	FUN_0023415c	4	
002344d4	FUN_002344d4	FUN_002344d4	4	
00234758	FUN_00234758	FUN_00234758	7	
002348fc	FUN_002348fc	FUN_002348fc	4	
0023498c	FUN_0023498c	FUN_0023498c	4	
002349fc	FUN_002349fc	FUN_002349fc	7	
00234a08	FUN_00234a08	FUN_00234a08	4	
00234aec	FUN_00234aec	FUN_00234aec	10	
00234dc8	FUN_00234dc8	FUN_00234dc8	5	
00235018	FUN_00235018	FUN_00235018	5	
00235100	FUN_00235100	FUN_00235100	6	
00235184	FUN_00235184	FUN_00235184	4	
002352c4	FUN_002352c4	FUN_002352c4	4	
00235374	FUN_00235374	FUN_00235374	4	
0023560c	FUN_0023560c	FUN_0023560c	4	
002356cc	FUN_002356cc	FUN_002356cc	5	
00235830	FUN_00235830	FUN_00235830	7	
00235b64	FUN_00235b64	FUN_00235b64	8	
00235c50	FUN_00235c50	FUN_00235c50	4	
00235ca0	FUN_00235ca0	FUN_00235ca0	4	
00235ea0	FUN_00235ea0	FUN_00235ea0	7	
00235ed0	FUN_00235ed0	FUN_00235ed0	4	
00235ef4	FUN_00235ef4	FUN_00235ef4	4	
0023644c	FUN_0023644c	FUN_0023644c	5	
00236568	FUN_00236568	FUN_00236568	93	
0023661c	FUN_0023661c	FUN_0023661c	21	
0023671c	FUN_0023671c	FUN_0023671c	39	
00236880	FUN_00236880	FUN_00236880	6	
002369b0	FUN_002369b0	FUN_002369b0	17	
00236aa0	FUN_00236aa0	FUN_00236aa0	14	
00236b58	FUN_00236b58	FUN_00236b58	41	
00236b80	FUN_00236b80	FUN_00236b80	83	
00236c90	FUN_00236c90	FUN_00236c90	6	
00236d48	FUN_00236d48	FUN_00236d48	4	
00236da8	FUN_00236da8	FUN_00236da8	4	
00236e90	FUN_00236e90	FUN_00236e90	5	
00236fa4	FUN_00236fa4	FUN_00236fa4	4	
00236ff4	FUN_00236ff4	FUN_00236ff4	4	
00237020	FUN_00237020	FUN_00237020	6	
002370e8	FUN_002370e8	FUN_002370e8	18	
0023711c	FUN_0023711c	FUN_0023711c	4	
00237220	FUN_00237220	FUN_00237220	4	
0023724c	FUN_0023724c	FUN_0023724c	5	
0023725c	FUN_0023725c	FUN_0023725c	50	
002373a8	FUN_002373a8	FUN_002373a8	3	
002373b0	FUN_002373b0	FUN_002373b0	3	
00237678	FUN_00237678	FUN_00237678	15	
002376e0	FUN_002376e0	FUN_002376e0	7	
0023778c	FUN_0023778c	FUN_0023778c	4	s__02X_02X_02X_02X_02X_02X_00237848
00237790	FUN_00237790	FUN_00237790	3	s__02X_02X_02X_02X_02X_02X_00237848
00237864	FUN_00237864	FUN_00237864	15	
002379b8	FUN_002379b8	FUN_002379b8	10	
00237b28	FUN_00237b28	FUN_00237b28	9	
00237b94	FUN_00237b94	FUN_00237b94	5	
00237c00	FUN_00237c00	FUN_00237c00	9	
00237e38	FUN_00237e38	FUN_00237e38	11	
00237f10	FUN_00237f10	FUN_00237f10	5	
00238028	FUN_00238028	FUN_00238028	6	
002380d8	FUN_002380d8	FUN_002380d8	4	
0023822c	FUN_0023822c	FUN_0023822c	9	
00238274	FUN_00238274	FUN_00238274	7	
0023828c	FUN_0023828c	FUN_0023828c	7	
002382b4	FUN_002382b4	FUN_002382b4	19	
0023837c	FUN_0023837c	FUN_0023837c	5	s_name_002387f4 s_description_002387fc s_icon_url_0023880c s_icon_width_00238818 s_icon_height_00238824 s_banner_url_00238830 s_standard_00238840 s_type_0023884c s_normal_00238b58 s_search_00238b60 s_ranking_00238b68 s_recommend_00238b70 s_single_00238b7c s_component_00238b84 s_title_00238b94 s_movie_00238b9c s_alias_00238ba4 s_demo_00238bb0
00238d5c	FUN_00238d5c	FUN_00238d5c	7	
00238e2c	FUN_00238e2c	FUN_00238e2c	10	
00238ea0	FUN_00238ea0	FUN_00238ea0	11	
00238f18	FUN_00238f18	FUN_00238f18	6	
00238fa8	FUN_00238fa8	FUN_00238fa8	11	
00239140	FUN_00239140	FUN_00239140	8	
00239174	FUN_00239174	FUN_00239174	8	
002391e0	FUN_002391e0	FUN_002391e0	5	
0023926c	FUN_0023926c	FUN_0023926c	7	
002392f4	FUN_002392f4	FUN_002392f4	6	s_MoLive__Allocator__not_enough_me_0023940c
00239450	FUN_00239450	FUN_00239450	2	
00239750	FUN_00239750	FUN_00239750	5	
00239778	FUN_00239778	FUN_00239778	8	
00239864	FUN_00239864	FUN_00239864	6	
00239b6c	FUN_00239b6c	FUN_00239b6c	14	
00239be8	FUN_00239be8	FUN_00239be8	5	s_T_message_00_0023a028 s_T_button_00_0023a038 s_T_button_01_0023a044 s_T_cancel_00_0023a050 s_T_cancel_01_0023a05c s_T_decide_00_0023a068 s_T_decide_01_0023a074 s_inOut_00_0023a080 s_button_00_0023a0a8 s_SE_CANCEL_0023a0b4 s_cancel_00_0023a0c0 s_decide_00_0023a0cc
0023a18c	FUN_0023a18c	FUN_0023a18c	19	
0023a200	FUN_0023a200	FUN_0023a200	15	
0023a3a8	FUN_0023a3a8	FUN_0023a3a8	8	s__position_D_01_0023ab57 s__search_D_01_0023ab6f s_searchBtn_00_0023aba8 s_N_tchArea_00_0023abb8 s__B_clearBtn_00_0023aee7
0023afa4	FUN_0023afa4	FUN_0023afa4	5	
0023b1c8	FUN_0023b1c8	FUN_0023b1c8	6	
0023b290	FUN_0023b290	FUN_0023b290	11	
0023b308	FUN_0023b308	FUN_0023b308	5	s_Sinfo_U_00_0023b6d8 s_N_root_00_0023b6e4 s__T_message_00_0023b6f7 s_banner_U_00_0023b6b4 s__P_banner_00_0023b6a7 s_N_title_00_0023b6c4
0023b708	FUN_0023b708	FUN_0023b708	7	
0023b860	FUN_0023b860	FUN_0023b860	6	
0023b86c	FUN_0023b86c	FUN_0023b86c	5	s_T_price_01_0023bbac s_P_strike_00_0023bbb8 s_T_legal_00_0023bbc4 s__T_title_00_0023bbdb s_Shelf_txt01_10_0023bbec s_Shelf_txt01_11_0023bbfc s_T_hard_00_0023bc1c s_T_star_00_0023bc38 s_N_tiger_00_0023bc44 s_P_line_00_0023bc50 s_T_movie_00_0023bc0c
0023be8c	FUN_0023be8c	FUN_0023be8c	14	
0023bf00	FUN_0023bf00	FUN_0023bf00	7	
0023bf0c	FUN_0023bf0c	FUN_0023bf0c	6	
0023bf18	FUN_0023bf18	FUN_0023bf18	2	
0023bfb0	FUN_0023bfb0	FUN_0023bfb0	2	
0023bff8	FUN_0023bff8	FUN_0023bff8	3	
0023c07c	FUN_0023c07c	FUN_0023c07c	4	
0023c0b8	FUN_0023c0b8	FUN_0023c0b8	3	s__N_center_00_0023c367 s_LBmove_00_0023c374 s_N_right_00_0023c380 s_RBmove_00_0023c38c s_N_left_00_0023c398
0023c3a8	FUN_0023c3a8	FUN_0023c3a8	4	
0023c3b4	FUN_0023c3b4	FUN_0023c3b4	5	
0023c424	FUN_0023c424	FUN_0023c424	7	
0023c42c	FUN_0023c42c	FUN_0023c42c	7	
0023c4f0	FUN_0023c4f0	FUN_0023c4f0	5	s__dlglistPos_D_00_0023c947 s_T_label_00_0023c95c s_inOut_00_0023c968 s_listBtn_D_00_0023c974 s_listBtn_D_01_0023c984 s_N_next_00_0023c994 s_dlglistBtn_D_00_0023cc08 s_N_root_00_0023cc1c s_T_listBtn_00_0023cc28 s_T_listBtn_01_0023cc38 s_B_listBtn_00_0023cc64
0023cc74	FUN_0023cc74	FUN_0023cc74	8	
0023ccc0	FUN_0023ccc0	FUN_0023ccc0	7	s__position_U_00_0023d307 s_position_D_00_0023d318 s_N_center_00_0023d328 s_N_right_00_0023d334 s_N_right_01_0023d340 s__mask_U_00_0023d357 s_inOut_00_0023d364 s__popUp_D_01_0023d377 s_T_title_00_0023d384 s__popUp_D_00_0023d3a7 s_T_price_00_0023d3b4 s_T_price_01_0023d3c0 s_price_00_0023d3cc s_color_02_0023d3d8 s_chgDispBtn_D_00_0023d734 s_chgDispBtn_00_0023d744 s_T_chgDispBtn_00_0023d754 s_T_chgDispBtn_01_0023d774 s__N_root_00_0023e2ff s_Shelf_dlg01_01_0023e440 s_CommonWin_dlg02_03_0023e42c s_CommonWin_dlg02_06_0023e418 s_Recommend_dlg02_02_0023e450
0023e464	FUN_0023e464	FUN_0023e464	6	
0023e48c	FUN_0023e48c	FUN_0023e48c	6	
0023e498	FUN_0023e498	FUN_0023e498	5	
0023e644	FUN_0023e644	FUN_0023e644	5	
0023e650	FUN_0023e650	FUN_0023e650	23	
0023e6c4	FUN_0023e6c4	FUN_0023e6c4	9	
0023e938	FUN_0023e938	FUN_0023e938	12	
0023e950	FUN_0023e950	FUN_0023e950	5	
0023ea58	FUN_0023ea58	FUN_0023ea58	5	
0023eb28	FUN_0023eb28	FUN_0023eb28	8	s__N_root_00_0023eed7 s_T_banner_00_0023eee4 s_Shelf_icon01_07_0023eef0 s_T_banner_01_0023ef00 s_banner_00_0023ef28 s_SE_DECIDE_SUB_0023ef40
0023ef88	FUN_0023ef88	FUN_0023ef88	5	
0023efd8	FUN_0023efd8	FUN_0023efd8	5	
0023f108	FUN_0023f108	FUN_0023f108	5	
0023f194	FUN_0023f194	FUN_0023f194	24	
0023f1f8	FUN_0023f1f8	FUN_0023f1f8	5	
0023f240	FUN_0023f240	FUN_0023f240	8	
0023f458	FUN_0023f458	FUN_0023f458	6	
0023f4ec	FUN_0023f4ec	FUN_0023f4ec	5	
0023f61c	FUN_0023f61c	FUN_0023f61c	3	
0023f630	FUN_0023f630	FUN_0023f630	10	
0023f69c	FUN_0023f69c	FUN_0023f69c	17	
0023f6e8	FUN_0023f6e8	FUN_0023f6e8	16	
0023f75c	FUN_0023f75c	FUN_0023f75c	6	
0023f7d8	FUN_0023f7d8	FUN_0023f7d8	5	
0023f7ec	FUN_0023f7ec	FUN_0023f7ec	16	
0023f84c	FUN_0023f84c	FUN_0023f84c	11	
0023f8e0	FUN_0023f8e0	FUN_0023f8e0	9	
0023f94c	FUN_0023f94c	FUN_0023f94c	5	
0023f9ac	FUN_0023f9ac	FUN_0023f9ac	5	
0023fa58	FUN_0023fa58	FUN_0023fa58	6	
0023fa64	FUN_0023fa64	FUN_0023fa64	6	
0023facc	FUN_0023facc	FUN_0023facc	6	
0023fae8	FUN_0023fae8	FUN_0023fae8	14	
0023fafc	FUN_0023fafc	field_4_is_nonzero_0023fafc	9	
0023fb0c	FUN_0023fb0c	FUN_0023fb0c	5	
0023fba4	FUN_0023fba4	FUN_0023fba4	6	
0023fbbc	FUN_0023fbbc	FUN_0023fbbc	5	
0023fbe8	FUN_0023fbe8	FUN_0023fbe8	7	
0023fc20	FUN_0023fc20	FUN_0023fc20	6	
0023fc54	FUN_0023fc54	FUN_0023fc54	7	
0023fca8	FUN_0023fca8	FUN_0023fca8	5	
0023fd70	FUN_0023fd70	FUN_0023fd70	5	
0023fd74	FUN_0023fd74	FUN_0023fd74	7	
0023fdc0	FUN_0023fdc0	FUN_0023fdc0	9	
0023fe54	FUN_0023fe54	FUN_0023fe54	7	
0023fe78	FUN_0023fe78	FUN_0023fe78	9	
0023fee8	FUN_0023fee8	FUN_0023fee8	5	
0023fef4	FUN_0023fef4	FUN_0023fef4	177	
0023ff00	FUN_0023ff00	pane_handle_initialize_0023ff00	7	
0023ff30	FUN_0023ff30	FUN_0023ff30	5	
0023ff3c	FUN_0023ff3c	FUN_0023ff3c	10	
0023ff58	FUN_0023ff58	FUN_0023ff58	3	
0023ffa0	FUN_0023ffa0	FUN_0023ffa0	5	
0023ffe4	FUN_0023ffe4	FUN_0023ffe4	184	s__bclan_0024053c
0023ffe8	FUN_0023ffe8	FUN_0023ffe8	5	s__bclan_0024053c
00240570	thunk_FUN_0023fd74	thunk_FUN_0023fd74	7	
00240574	FUN_00240574	FUN_00240574	5	
002405a8	FUN_002405a8	FUN_002405a8	28	
002408b0	FUN_002408b0	FUN_002408b0	15	
002408d8	FUN_002408d8	FUN_002408d8	9	
002408e8	FUN_002408e8	FUN_002408e8	9	
0024094c	FUN_0024094c	FUN_0024094c	8	
0024096c	FUN_0024096c	FUN_0024096c	9	
002409dc	FUN_002409dc	FUN_002409dc	6	s_name_00240da4 s_formal_name_00240dac s_title_id_00240dbc s_title_version_00240dc8 s_icon_url_00240de0 s_banner_url_00240dec s_description_00240df8 s_disclaimer_00240e04 s_display_genre_00240e10 s_number_of_players_00240e20 s_aoc_available_00240e34 s_type_00241208 s_small_00241210 s_name_00241674 s_eshop_sales_0024167c s_retail_sales_00241688 s_price_on_retail_detail_002419e8 s_raw_value_00241a04 s_downloadable_002419d8 s_name_00241f3c s_preference_00242b14 s_rating_info_00242b4c s__alternate_rating_image_url_002433db s_image_url_002433fc s_type_00243408 s_upper_00243410 s_value_00243418 s_lower_00243420 s_star_rating_info_002438dc s_votes_002438f0 s_score_002438fc s__star1_0024390b s_name_00243938 s_type_00243dd0 s_small_00243dd8 s_release_date_on_retail_00244210 s_release_date_on_eshop_002441f4 s_in_app_purchase_00244228
00244238	FUN_00244238	FUN_00244238	7	
002442a4	FUN_002442a4	FUN_002442a4	4	
00244420	FUN_00244420	FUN_00244420	9	
00244494	FUN_00244494	FUN_00244494	5	
002446f0	FUN_002446f0	FUN_002446f0	10	
002447a0	FUN_002447a0	FUN_002447a0	17	
002447d4	FUN_002447d4	FUN_002447d4	8	
00244904	FUN_00244904	FUN_00244904	9	
00245054	FUN_00245054	FUN_00245054	20	
00245108	FUN_00245108	FUN_00245108	26	
002451bc	FUN_002451bc	FUN_002451bc	11	
002452d8	FUN_002452d8	FUN_002452d8	5	
00245698	FUN_00245698	FUN_00245698	4	
002456b8	FUN_002456b8	FUN_002456b8	9	
00245844	FUN_00245844	FUN_00245844	8	
002458b8	FUN_002458b8	FUN_002458b8	4	
0024590c	FUN_0024590c	FUN_0024590c	8	
00245924	FUN_00245924	FUN_00245924	17	
00245998	FUN_00245998	FUN_00245998	5	
00245b40	FUN_00245b40	FUN_00245b40	4	
00245d20	FUN_00245d20	FUN_00245d20	5	
00245d7c	FUN_00245d7c	FUN_00245d7c	6	
00245e24	FUN_00245e24	FUN_00245e24	15	
00245e44	FUN_00245e44	FUN_00245e44	5	
00245e58	FUN_00245e58	FUN_00245e58	4	
002460e8	FUN_002460e8	FUN_002460e8	9	
002461b4	FUN_002461b4	FUN_002461b4	4	
00246288	FUN_00246288	FUN_00246288	7	
002464cc	FUN_002464cc	FUN_002464cc	8	
00246528	FUN_00246528	FUN_00246528	6	
002467a4	FUN_002467a4	FUN_002467a4	6	
002467f0	FUN_002467f0	FUN_002467f0	5	
00246880	FUN_00246880	FUN_00246880	16	
00246bdc	FUN_00246bdc	FUN_00246bdc	9	
00246be8	FUN_00246be8	FUN_00246be8	4	
00246e0c	FUN_00246e0c	FUN_00246e0c	4	
00246f28	FUN_00246f28	FUN_00246f28	9	
00246fa4	FUN_00246fa4	FUN_00246fa4	23	
00247040	FUN_00247040	FUN_00247040	14	
00247194	FUN_00247194	FUN_00247194	5	
002474b4	FUN_002474b4	FUN_002474b4	5	
002475c4	FUN_002475c4	FUN_002475c4	42	
002476c0	FUN_002476c0	FUN_002476c0	5	
00247798	FUN_00247798	FUN_00247798	12	
00247828	FUN_00247828	FUN_00247828	12	
00247870	FUN_00247870	FUN_00247870	13	
0024790c	FUN_0024790c	FUN_0024790c	5	
00247920	FUN_00247920	FUN_00247920	6	
002479b8	FUN_002479b8	FUN_002479b8	5	
00247a54	FUN_00247a54	FUN_00247a54	2	
00247adc	FUN_00247adc	FUN_00247adc	6	
00247b18	FUN_00247b18	FUN_00247b18	5	
00247b34	FUN_00247b34	FUN_00247b34	5	
00247b44	FUN_00247b44	FUN_00247b44	6	
00247b58	FUN_00247b58	FUN_00247b58	8	
00247bd8	FUN_00247bd8	FUN_00247bd8	8	
00247c54	FUN_00247c54	FUN_00247c54	6	
00247cb8	FUN_00247cb8	FUN_00247cb8	5	
00247cdc	FUN_00247cdc	FUN_00247cdc	6	
00247d48	FUN_00247d48	FUN_00247d48	6	
00247d54	FUN_00247d54	FUN_00247d54	5	
00247d94	FUN_00247d94	FUN_00247d94	5	
00247e88	FUN_00247e88	FUN_00247e88	6	
00247ec8	FUN_00247ec8	FUN_00247ec8	6	
00247f80	FUN_00247f80	FUN_00247f80	6	
00247f9c	FUN_00247f9c	FUN_00247f9c	14	
00248004	FUN_00248004	FUN_00248004	9	
00248060	FUN_00248060	FUN_00248060	5	
002480fc	FUN_002480fc	FUN_002480fc	3	
00248188	FUN_00248188	FUN_00248188	5	
002481f0	FUN_002481f0	FUN_002481f0	6	
00248224	FUN_00248224	FUN_00248224	4	
00248278	FUN_00248278	FUN_00248278	8	
00248288	FUN_00248288	FUN_00248288	10	
00248378	FUN_00248378	FUN_00248378	9	
002483c8	FUN_002483c8	FUN_002483c8	5	
002483e0	FUN_002483e0	FUN_002483e0	4	
002483e8	FUN_002483e8	FUN_002483e8	4	
0024841c	FUN_0024841c	FUN_0024841c	5	
00248434	FUN_00248434	FUN_00248434	7	
00248444	FUN_00248444	FUN_00248444	5	
0024846c	FUN_0024846c	FUN_0024846c	7	
002484b0	FUN_002484b0	FUN_002484b0	5	
002484d0	FUN_002484d0	FUN_002484d0	5	
00248548	FUN_00248548	FUN_00248548	5	
0024855c	FUN_0024855c	FUN_0024855c	5	
002485cc	FUN_002485cc	FUN_002485cc	5	
002485d8	FUN_002485d8	FUN_002485d8	8	
0024861c	FUN_0024861c	FUN_0024861c	7	
00248694	FUN_00248694	FUN_00248694	7	
00248a2c	FUN_00248a2c	FUN_00248a2c	7	
00248a4c	FUN_00248a4c	FUN_00248a4c	9	
00248a64	FUN_00248a64	FUN_00248a64	5	
00248b04	FUN_00248b04	FUN_00248b04	5	
00248b30	FUN_00248b30	FUN_00248b30	6	
00248bb8	FUN_00248bb8	FUN_00248bb8	7	
00248cc0	FUN_00248cc0	FUN_00248cc0	5	
00248da4	FUN_00248da4	FUN_00248da4	7	
00248dd0	FUN_00248dd0	FUN_00248dd0	7	
00248de8	FUN_00248de8	FUN_00248de8	5	
00248dfc	FUN_00248dfc	FUN_00248dfc	5	
00248e88	FUN_00248e88	FUN_00248e88	3	
00248eac	FUN_00248eac	FUN_00248eac	4	
00248eb8	FUN_00248eb8	FUN_00248eb8	6	
00248ff0	FUN_00248ff0	FUN_00248ff0	8	
0024900c	FUN_0024900c	FUN_0024900c	8	
00249070	FUN_00249070	FUN_00249070	10	
002490a0	FUN_002490a0	FUN_002490a0	5	
00249214	FUN_00249214	FUN_00249214	6	
00249410	FUN_00249410	FUN_00249410	5	
0024961c	FUN_0024961c	FUN_0024961c	6	
002496d8	FUN_002496d8	FUN_002496d8	7	
0024973c	FUN_0024973c	FUN_0024973c	14	
00249864	FUN_00249864	FUN_00249864	5	
002498c8	FUN_002498c8	FUN_002498c8	6	
002498d0	FUN_002498d0	FUN_002498d0	8	
002498e0	FUN_002498e0	FUN_002498e0	13	
00249934	FUN_00249934	FUN_00249934	8	
00249964	FUN_00249964	FUN_00249964	4	
00249a00	FUN_00249a00	FUN_00249a00	6	
00249ac8	FUN_00249ac8	FUN_00249ac8	3	
00249ad8	FUN_00249ad8	FUN_00249ad8	4	
00249ae4	FUN_00249ae4	FUN_00249ae4	3	
00249af8	FUN_00249af8	FUN_00249af8	4	
00249bc4	FUN_00249bc4	FUN_00249bc4	8	
00249c24	FUN_00249c24	FUN_00249c24	3	
00249c48	FUN_00249c48	FUN_00249c48	4	
00249d08	FUN_00249d08	FUN_00249d08	5	
00249dd4	FUN_00249dd4	FUN_00249dd4	5	
00249f54	FUN_00249f54	FUN_00249f54	4	
0024a0fc	FUN_0024a0fc	FUN_0024a0fc	8	
0024a1ac	FUN_0024a1ac	FUN_0024a1ac	15	
0024a1ec	FUN_0024a1ec	FUN_0024a1ec	7	
0024a1fc	FUN_0024a1fc	FUN_0024a1fc	22	
0024a248	FUN_0024a248	FUN_0024a248	3	
0024a370	FUN_0024a370	FUN_0024a370	7	
0024a3c8	FUN_0024a3c8	FUN_0024a3c8	5	
0024a438	FUN_0024a438	FUN_0024a438	5	
0024a580	FUN_0024a580	FUN_0024a580	5	
0024a5d8	FUN_0024a5d8	FUN_0024a5d8	7	
0024a630	FUN_0024a630	FUN_0024a630	5	
0024a67c	FUN_0024a67c	FUN_0024a67c	5	
0024a688	FUN_0024a688	FUN_0024a688	5	
0024a6e0	FUN_0024a6e0	field_4_is_nonzero_0024a6e0	5	
0024a6f0	FUN_0024a6f0	FUN_0024a6f0	5	
0024a794	FUN_0024a794	FUN_0024a794	6	
0024a7a0	FUN_0024a7a0	FUN_0024a7a0	8	
0024a7e8	FUN_0024a7e8	FUN_0024a7e8	7	
0024a830	FUN_0024a830	FUN_0024a830	9	
0024a874	FUN_0024a874	FUN_0024a874	5	
0024a8a8	FUN_0024a8a8	FUN_0024a8a8	9	
0024a900	FUN_0024a900	FUN_0024a900	10	
0024a9b8	FUN_0024a9b8	FUN_0024a9b8	11	
0024aa10	FUN_0024aa10	FUN_0024aa10	5	
0024aa1c	FUN_0024aa1c	FUN_0024aa1c	3	
0024aa28	FUN_0024aa28	FUN_0024aa28	5	
0024aa80	FUN_0024aa80	FUN_0024aa80	11	
0024aad0	FUN_0024aad0	FUN_0024aad0	5	
0024ab40	FUN_0024ab40	FUN_0024ab40	3	
0024ab9c	FUN_0024ab9c	FUN_0024ab9c	8	
0024ac00	FUN_0024ac00	FUN_0024ac00	14	
0024acbc	FUN_0024acbc	FUN_0024acbc	5	
0024ad18	FUN_0024ad18	FUN_0024ad18	35	
0024ad3c	FUN_0024ad3c	FUN_0024ad3c	37	
0024aeb4	FUN_0024aeb4	FUN_0024aeb4	5	
0024aec4	FUN_0024aec4	FUN_0024aec4	15	
0024af20	FUN_0024af20	FUN_0024af20	5	
0024af2c	FUN_0024af2c	FUN_0024af2c	22	
0024af94	FUN_0024af94	FUN_0024af94	14	
0024b044	FUN_0024b044	FUN_0024b044	9	
0024b0a0	FUN_0024b0a0	FUN_0024b0a0	43	
0024b0f8	FUN_0024b0f8	FUN_0024b0f8	5	
0024c0bc	FUN_0024c0bc	FUN_0024c0bc	2	
0024c0ec	FUN_0024c0ec	FUN_0024c0ec	3	
0024c1a8	FUN_0024c1a8	FUN_0024c1a8	5	
0024c1bc	FUN_0024c1bc	FUN_0024c1bc	5	
0024c1d8	FUN_0024c1d8	FUN_0024c1d8	5	
0024c238	FUN_0024c238	FUN_0024c238	5	
0024c314	FUN_0024c314	FUN_0024c314	6	
0024c994	FUN_0024c994	FUN_0024c994	5	
0024cabc	FUN_0024cabc	FUN_0024cabc	4	
0024cc44	FUN_0024cc44	FUN_0024cc44	7	
0024cc9c	FUN_0024cc9c	FUN_0024cc9c	22	
0024ccc4	FUN_0024ccc4	FUN_0024ccc4	19	
0024ce24	FUN_0024ce24	FUN_0024ce24	2	
0024ce94	FUN_0024ce94	FUN_0024ce94	3	
0024cef4	FUN_0024cef4	FUN_0024cef4	5	
0024cf10	FUN_0024cf10	FUN_0024cf10	5	
0024cf3c	FUN_0024cf3c	FUN_0024cf3c	5	
0024d004	FUN_0024d004	FUN_0024d004	8	
0024d0a4	FUN_0024d0a4	FUN_0024d0a4	5	
0024d0f8	FUN_0024d0f8	FUN_0024d0f8	16	
0024d130	FUN_0024d130	FUN_0024d130	10	
0024d2b8	FUN_0024d2b8	FUN_0024d2b8	8	
0024d42c	FUN_0024d42c	FUN_0024d42c	5	
0024d4c4	FUN_0024d4c4	FUN_0024d4c4	5	
0024d698	FUN_0024d698	FUN_0024d698	4	
0024d6b0	FUN_0024d6b0	FUN_0024d6b0	26	
0024d6fc	FUN_0024d6fc	FUN_0024d6fc	7	
0024d738	FUN_0024d738	FUN_0024d738	7	
0024d7b8	FUN_0024d7b8	FUN_0024d7b8	8	
0024d7cc	FUN_0024d7cc	FUN_0024d7cc	5	
0024d98c	FUN_0024d98c	FUN_0024d98c	10	
0024db5c	FUN_0024db5c	FUN_0024db5c	14	
0024db88	FUN_0024db88	FUN_0024db88	8	
0024dcc8	FUN_0024dcc8	FUN_0024dcc8	3	
0024dcd0	FUN_0024dcd0	FUN_0024dcd0	6	
0024dce4	FUN_0024dce4	FUN_0024dce4	5	
0024dd74	FUN_0024dd74	FUN_0024dd74	5	
0024de30	FUN_0024de30	FUN_0024de30	5	
0024dec0	FUN_0024dec0	FUN_0024dec0	6	
0024df2c	FUN_0024df2c	FUN_0024df2c	8	
0024df60	FUN_0024df60	FUN_0024df60	11	
0024dfb0	FUN_0024dfb0	FUN_0024dfb0	11	
0024e034	FUN_0024e034	FUN_0024e034	3	
0024e160	FUN_0024e160	FUN_0024e160	7	
0024e1fc	FUN_0024e1fc	FUN_0024e1fc	6	
0024e328	FUN_0024e328	FUN_0024e328	8	
0024e358	FUN_0024e358	FUN_0024e358	6	
0024e398	FUN_0024e398	FUN_0024e398	8	
0024e3fc	FUN_0024e3fc	FUN_0024e3fc	6	
0024e504	FUN_0024e504	FUN_0024e504	5	
0024e978	FUN_0024e978	FUN_0024e978	9	
0024e9e0	FUN_0024e9e0	FUN_0024e9e0	4	
0024eaa0	FUN_0024eaa0	FUN_0024eaa0	6	
0024ead4	FUN_0024ead4	FUN_0024ead4	6	
0024eb30	FUN_0024eb30	FUN_0024eb30	6	
0024eb60	FUN_0024eb60	FUN_0024eb60	6	
0024ed84	FUN_0024ed84	FUN_0024ed84	5	
0024ee90	FUN_0024ee90	FUN_0024ee90	11	
0024ef80	FUN_0024ef80	FUN_0024ef80	8	
0024efbc	FUN_0024efbc	FUN_0024efbc	16	
0024efe0	FUN_0024efe0	FUN_0024efe0	10	
0024f014	FUN_0024f014	FUN_0024f014	7	
0024f02c	FUN_0024f02c	FUN_0024f02c	17	
0024f0cc	FUN_0024f0cc	FUN_0024f0cc	5	
0024f1d8	FUN_0024f1d8	FUN_0024f1d8	13	
0024f2ec	FUN_0024f2ec	FUN_0024f2ec	7	
0024f3f8	FUN_0024f3f8	FUN_0024f3f8	16	
0024f504	FUN_0024f504	FUN_0024f504	18	
0024f584	FUN_0024f584	FUN_0024f584	7	
0024f5b8	FUN_0024f5b8	FUN_0024f5b8	5	
0024f934	FUN_0024f934	FUN_0024f934	21	
0024f9dc	FUN_0024f9dc	FUN_0024f9dc	7	
002507e0	FUN_002507e0	FUN_002507e0	7	
0025088c	FUN_0025088c	FUN_0025088c	9	
00250910	FUN_00250910	FUN_00250910	21	
00250944	FUN_00250944	FUN_00250944	3	
00250998	FUN_00250998	FUN_00250998	7	
002509d0	FUN_002509d0	FUN_002509d0	15	
00250a54	FUN_00250a54	FUN_00250a54	5	
00250aa0	FUN_00250aa0	FUN_00250aa0	12	
00250c50	FUN_00250c50	FUN_00250c50	6	
00250e00	FUN_00250e00	FUN_00250e00	6	
00250fe8	FUN_00250fe8	FUN_00250fe8	18	
00251004	FUN_00251004	FUN_00251004	3	
00251084	FUN_00251084	FUN_00251084	3	
002510b4	FUN_002510b4	FUN_002510b4	3	
002514a4	FUN_002514a4	FUN_002514a4	3	
00251574	FUN_00251574	FUN_00251574	12	
0025160c	FUN_0025160c	FUN_0025160c	8	
0025165c	FUN_0025165c	FUN_0025165c	8	
002517c8	FUN_002517c8	FUN_002517c8	5	
0025254c	FUN_0025254c	FUN_0025254c	33	
00252630	FUN_00252630	FUN_00252630	6	
00252658	FUN_00252658	FUN_00252658	14	
002529e0	FUN_002529e0	FUN_002529e0	11	
00252a88	FUN_00252a88	FUN_00252a88	10	
00252bf8	FUN_00252bf8	FUN_00252bf8	6	
00252e3c	FUN_00252e3c	FUN_00252e3c	9	
00252e74	FUN_00252e74	FUN_00252e74	12	
00252eb0	FUN_00252eb0	FUN_00252eb0	17	
00252ed0	FUN_00252ed0	FUN_00252ed0	11	
00252edc	FUN_00252edc	FUN_00252edc	32	
00252f08	FUN_00252f08	FUN_00252f08	5	
00252f60	FUN_00252f60	FUN_00252f60	10	
00252f9c	FUN_00252f9c	FUN_00252f9c	5	
00252fac	FUN_00252fac	FUN_00252fac	5	
00253020	FUN_00253020	FUN_00253020	5	
0025308c	FUN_0025308c	FUN_0025308c	3	
00253120	FUN_00253120	FUN_00253120	6	
002532c4	FUN_002532c4	FUN_002532c4	3	
002532d4	FUN_002532d4	FUN_002532d4	3	
0025340c	FUN_0025340c	FUN_0025340c	13	
00253444	FUN_00253444	FUN_00253444	17	
00253454	FUN_00253454	FUN_00253454	5	
00253460	FUN_00253460	FUN_00253460	5	
00253488	FUN_00253488	FUN_00253488	7	
00253544	FUN_00253544	FUN_00253544	8	
002535e0	FUN_002535e0	FUN_002535e0	5	
0025371c	FUN_0025371c	FUN_0025371c	12	
00253838	FUN_00253838	FUN_00253838	6	
00253930	FUN_00253930	FUN_00253930	6	
00253a1c	FUN_00253a1c	FUN_00253a1c	6	
00253ac0	FUN_00253ac0	FUN_00253ac0	7	
00253ad0	FUN_00253ad0	FUN_00253ad0	5	
00253bf8	FUN_00253bf8	FUN_00253bf8	8	
00253c4c	FUN_00253c4c	FUN_00253c4c	6	
00253d70	FUN_00253d70	FUN_00253d70	14	
00253d8c	FUN_00253d8c	FUN_00253d8c	3	
00253d90	FUN_00253d90	FUN_00253d90	7	
00253dcc	FUN_00253dcc	FUN_00253dcc	6	
00253e24	FUN_00253e24	FUN_00253e24	7	
00253e80	FUN_00253e80	FUN_00253e80	6	
00253ecc	FUN_00253ecc	FUN_00253ecc	9	
00253f44	FUN_00253f44	FUN_00253f44	5	
00253fb4	FUN_00253fb4	FUN_00253fb4	5	
00254034	FUN_00254034	FUN_00254034	6	
00254054	FUN_00254054	FUN_00254054	20	
002540c0	FUN_002540c0	FUN_002540c0	12	
00254130	FUN_00254130	FUN_00254130	11	
0025414c	FUN_0025414c	FUN_0025414c	7	
00254308	FUN_00254308	FUN_00254308	6	
00254314	FUN_00254314	FUN_00254314	7	
00254438	FUN_00254438	FUN_00254438	15	
002544d8	FUN_002544d8	FUN_002544d8	10	
002544ec	FUN_002544ec	FUN_002544ec	7	
00254718	FUN_00254718	FUN_00254718	5	
00254728	FUN_00254728	FUN_00254728	6	
00254880	FUN_00254880	FUN_00254880	12	
002548b0	FUN_002548b0	FUN_002548b0	10	
002549f4	FUN_002549f4	FUN_002549f4	32	
00254a50	FUN_00254a50	FUN_00254a50	7	
00254bc4	FUN_00254bc4	FUN_00254bc4	18	
00254c60	FUN_00254c60	FUN_00254c60	27	
00254d30	FUN_00254d30	FUN_00254d30	6	
00254e1c	FUN_00254e1c	FUN_00254e1c	14	
00254ecc	FUN_00254ecc	FUN_00254ecc	5	
00254fe0	FUN_00254fe0	FUN_00254fe0	4	
00255178	FUN_00255178	FUN_00255178	23	
002553f0	FUN_002553f0	FUN_002553f0	8	
00255480	FUN_00255480	FUN_00255480	77	
002554e4	FUN_002554e4	FUN_002554e4	15	
00255580	FUN_00255580	FUN_00255580	9	
00255630	FUN_00255630	FUN_00255630	17	
002556a8	FUN_002556a8	FUN_002556a8	6	
002556b8	FUN_002556b8	FUN_002556b8	6	
002556c8	FUN_002556c8	FUN_002556c8	8	
00255734	FUN_00255734	FUN_00255734	30	
00255798	FUN_00255798	FUN_00255798	29	
002557fc	FUN_002557fc	FUN_002557fc	6	
00255870	FUN_00255870	FUN_00255870	6	
0025589c	FUN_0025589c	FUN_0025589c	19	
0025593c	FUN_0025593c	FUN_0025593c	107	
0025599c	FUN_0025599c	FUN_0025599c	117	
002559cc	FUN_002559cc	FUN_002559cc	54	
00255a48	FUN_00255a48	FUN_00255a48	48	s__lt__00255dec s__gt__00255df8
00255ea0	FUN_00255ea0	FUN_00255ea0	5	
00255ff0	FUN_00255ff0	FUN_00255ff0	5	
00256114	FUN_00256114	FUN_00256114	6	s_false_002564a0 s_null_002564a8 s_true_00256498
00256804	FUN_00256804	FUN_00256804	125	
0025686c	FUN_0025686c	FUN_0025686c	13	
00256874	FUN_00256874	FUN_00256874	29	
002568ec	FUN_002568ec	FUN_002568ec	7	
00256bd0	FUN_00256bd0	FUN_00256bd0	6	
00256d28	FUN_00256d28	FUN_00256d28	6	
00256f04	FUN_00256f04	FUN_00256f04	9	
00256f40	FUN_00256f40	FUN_00256f40	6	
00256fa8	FUN_00256fa8	FUN_00256fa8	6	
002570b4	FUN_002570b4	FUN_002570b4	15	
0025713c	FUN_0025713c	FUN_0025713c	22	
002571a0	FUN_002571a0	FUN_002571a0	10	
00257530	FUN_00257530	FUN_00257530	15	
002576c4	FUN_002576c4	FUN_002576c4	43	
00257774	FUN_00257774	FUN_00257774	5	
002578d8	FUN_002578d8	FUN_002578d8	7	s_DOCTYPE_00257bec
00257bf4	FUN_00257bf4	FUN_00257bf4	5	
00257e54	FUN_00257e54	FUN_00257e54	8	
00257f88	FUN_00257f88	FUN_00257f88	5	
0025809c	FUN_0025809c	FUN_0025809c	5	s_d__cibuild_nlib_exi_sources_nn_n_0025821c
00258254	FUN_00258254	FUN_00258254	5	
00258298	FUN_00258298	FUN_00258298	5	
0025837c	FUN_0025837c	FUN_0025837c	6	s_d__cibuild_nlib_exi_sources_nn_n_002584b8
002584f4	FUN_002584f4	FUN_002584f4	11	
0025874c	FUN_0025874c	FUN_0025874c	8	
0025893c	FUN_0025893c	FUN_0025893c	5	
00258964	FUN_00258964	FUN_00258964	34	
00258a24	FUN_00258a24	FUN_00258a24	8	s_d__cibuild_nlib_exi_sources_nn_n_00258c60
00258c9c	FUN_00258c9c	FUN_00258c9c	9	
00258d48	FUN_00258d48	FUN_00258d48	6	
00258d90	FUN_00258d90	FUN_00258d90	23	
00258de8	FUN_00258de8	FUN_00258de8	13	
00258e0c	FUN_00258e0c	FUN_00258e0c	14	
00258e24	FUN_00258e24	FUN_00258e24	5	
00259114	FUN_00259114	FUN_00259114	6	
00259150	FUN_00259150	FUN_00259150	5	
00259190	FUN_00259190	FUN_00259190	10	
002591b8	FUN_002591b8	FUN_002591b8	7	
00259250	FUN_00259250	FUN_00259250	2	
00259260	FUN_00259260	FUN_00259260	58	
002592b4	FUN_002592b4	FUN_002592b4	9	
00259304	FUN_00259304	FUN_00259304	15	
00259424	thunk_FUN_00101398	thunk_FUN_00101398	6	
00259454	FUN_00259454	FUN_00259454	10	
002594a4	FUN_002594a4	FUN_002594a4	5	
00259828	FUN_00259828	FUN_00259828	5	
00259b34	FUN_00259b34	FUN_00259b34	5	s_d__cibuild_nlib_exi_sources_nn_n_00259e00 s_d__cibuild_nlib_exi_sources_nn_n_00259e3c
00259e74	FUN_00259e74	FUN_00259e74	6	
00259fc4	FUN_00259fc4	FUN_00259fc4	7	
0025a1e0	FUN_0025a1e0	FUN_0025a1e0	5	
0025a280	FUN_0025a280	FUN_0025a280	3	
0025a294	FUN_0025a294	FUN_0025a294	4	
0025a570	FUN_0025a570	FUN_0025a570	6	s_d__cibuild_nlib_exi_sources_nn_n_0025a9e8
0025aa28	FUN_0025aa28	FUN_0025aa28	7	
0025aae8	FUN_0025aae8	FUN_0025aae8	28	
0025ade4	FUN_0025ade4	FUN_0025ade4	40	
0025b008	FUN_0025b008	FUN_0025b008	39	
0025b068	FUN_0025b068	FUN_0025b068	11	
0025b0ac	FUN_0025b0ac	FUN_0025b0ac	6	
0025b130	FUN_0025b130	FUN_0025b130	73	
0025b148	FUN_0025b148	FUN_0025b148	5	
0025b468	FUN_0025b468	FUN_0025b468	8	
0025b54c	FUN_0025b54c	FUN_0025b54c	81	
0025b614	FUN_0025b614	FUN_0025b614	27	
0025b67c	FUN_0025b67c	FUN_0025b67c	8	
0025b6dc	FUN_0025b6dc	FUN_0025b6dc	11	
0025b768	FUN_0025b768	FUN_0025b768	11	
0025b874	FUN_0025b874	FUN_0025b874	30	
0025b8cc	FUN_0025b8cc	FUN_0025b8cc	12	
0025b9bc	FUN_0025b9bc	FUN_0025b9bc	22	
0025ba7c	FUN_0025ba7c	FUN_0025ba7c	11	
0025ba84	FUN_0025ba84	FUN_0025ba84	14	
0025bcb4	FUN_0025bcb4	FUN_0025bcb4	22	
0025bd58	FUN_0025bd58	FUN_0025bd58	9	
0025bd74	FUN_0025bd74	FUN_0025bd74	8	
0025bd90	FUN_0025bd90	FUN_0025bd90	5	
0025be68	FUN_0025be68	FUN_0025be68	4	
0025beb8	FUN_0025beb8	FUN_0025beb8	5	
0025beec	FUN_0025beec	FUN_0025beec	5	
0025c34c	FUN_0025c34c	FUN_0025c34c	5	
0025e92c	FUN_0025e92c	FUN_0025e92c	10	
0025e974	FUN_0025e974	FUN_0025e974	9	
0025ea90	FUN_0025ea90	FUN_0025ea90	9	
0025eb90	FUN_0025eb90	FUN_0025eb90	6	
0025ec50	FUN_0025ec50	FUN_0025ec50	7	
0025fd28	FUN_0025fd28	FUN_0025fd28	7	
0025ff60	FUN_0025ff60	FUN_0025ff60	31	
00260018	FUN_00260018	FUN_00260018	5	
00260080	FUN_00260080	FUN_00260080	17	
002600b4	FUN_002600b4	FUN_002600b4	17	
002600e8	FUN_002600e8	FUN_002600e8	7	
00260100	FUN_00260100	FUN_00260100	5	
00260114	FUN_00260114	FUN_00260114	4	
00260130	FUN_00260130	FUN_00260130	10	
002601d8	FUN_002601d8	FUN_002601d8	6	
00260300	FUN_00260300	FUN_00260300	5	
00260318	FUN_00260318	FUN_00260318	7	
0026037c	FUN_0026037c	FUN_0026037c	5	
002603bc	FUN_002603bc	FUN_002603bc	5	
00260408	FUN_00260408	FUN_00260408	6	
00260b68	FUN_00260b68	FUN_00260b68	7	
00260b6c	FUN_00260b6c	FUN_00260b6c	4	
00260ba8	FUN_00260ba8	FUN_00260ba8	4	
00260c48	FUN_00260c48	FUN_00260c48	8	
00260ca8	FUN_00260ca8	FUN_00260ca8	39	
00260cbc	FUN_00260cbc	FUN_00260cbc	5	
00260d28	FUN_00260d28	FUN_00260d28	3	
00260d2c	FUN_00260d2c	FUN_00260d2c	5	
00260d78	FUN_00260d78	FUN_00260d78	5	
00260dbc	FUN_00260dbc	FUN_00260dbc	5	
00260e98	FUN_00260e98	FUN_00260e98	6	
00260ea4	FUN_00260ea4	FUN_00260ea4	6	
00261014	FUN_00261014	FUN_00261014	5	
002610a8	FUN_002610a8	FUN_002610a8	6	
00261244	FUN_00261244	FUN_00261244	18	
002612a4	FUN_002612a4	FUN_002612a4	8	
002612f4	FUN_002612f4	FUN_002612f4	11	
00261330	FUN_00261330	FUN_00261330	15	
0026138c	FUN_0026138c	FUN_0026138c	5	
002613f4	FUN_002613f4	FUN_002613f4	10	
0026141c	FUN_0026141c	FUN_0026141c	14	
00261444	FUN_00261444	FUN_00261444	5	
0026145c	FUN_0026145c	FUN_0026145c	7	
0026146c	FUN_0026146c	FUN_0026146c	7	
00261508	FUN_00261508	FUN_00261508	5	
00261548	FUN_00261548	FUN_00261548	6	
00261554	FUN_00261554	FUN_00261554	6	
002616c4	FUN_002616c4	FUN_002616c4	5	
002618b4	FUN_002618b4	FUN_002618b4	7	
002618c4	FUN_002618c4	FUN_002618c4	5	
002618d4	FUN_002618d4	FUN_002618d4	6	
002619a8	FUN_002619a8	FUN_002619a8	25	
002619f8	FUN_002619f8	FUN_002619f8	9	
00261a38	FUN_00261a38	FUN_00261a38	14	
00261aa8	FUN_00261aa8	FUN_00261aa8	5	
00261ad0	FUN_00261ad0	FUN_00261ad0	4	
00261af0	FUN_00261af0	FUN_00261af0	8	
00261b00	FUN_00261b00	FUN_00261b00	6	
00261b24	FUN_00261b24	FUN_00261b24	8	
00261b38	FUN_00261b38	FUN_00261b38	5	
00261b50	FUN_00261b50	FUN_00261b50	44	
00261ba8	FUN_00261ba8	FUN_00261ba8	4	
00261c8c	FUN_00261c8c	FUN_00261c8c	5	
00261cc8	FUN_00261cc8	FUN_00261cc8	4	
00261d04	FUN_00261d04	FUN_00261d04	4	
00261d48	FUN_00261d48	FUN_00261d48	66	
00261df8	FUN_00261df8	FUN_00261df8	10	
00262014	FUN_00262014	FUN_00262014	5	
00262164	FUN_00262164	FUN_00262164	4	
00262274	FUN_00262274	FUN_00262274	4	s__s_ninja_ws_my_wishlist__llu__de_002622d4
00262310	FUN_00262310	FUN_00262310	4	s__s_ninja_ws_my_wishlist__put_sho_00262360
00262394	FUN_00262394	FUN_00262394	10	
00262560	FUN_00262560	FUN_00262560	8	
0026275c	FUN_0026275c	FUN_0026275c	55	
002627d4	FUN_002627d4	FUN_002627d4	4	s_T_text_00_002628b8 s_N_root_00_002628c4 s_N_nextPos_00_002628d0
002628e0	FUN_002628e0	FUN_002628e0	4	s_N_root_00_00262964
00262970	FUN_00262970	FUN_00262970	4	s__finish_D_00_00262d47 s_finish_D_02_00262d54 s__mask_D_00_00262d67 s_N_nextPos_00_00262d74 s_N_MsgOnlyPos_00_00262d84 s_N_tchArea_00_00262d94 s_naMail_00_002634a8 s_N_naMailPos_00_002634b4 s_N_root_00_002634c4 s_decide_00_002634d4 s_cancel_00_002635c8 s_invalid_00_002634e0 s_T_homeMenu_00_002634ec
002635d4	FUN_002635d4	FUN_002635d4	4	
002636d0	FUN_002636d0	FUN_002636d0	6	
00263798	FUN_00263798	FUN_00263798	5	
00263810	FUN_00263810	FUN_00263810	16	
00263844	FUN_00263844	FUN_00263844	2	
002638b0	FUN_002638b0	FUN_002638b0	12	
0026393c	FUN_0026393c	FUN_0026393c	6	
002639f0	FUN_002639f0	FUN_002639f0	5	
00263a00	FUN_00263a00	FUN_00263a00	4	
00263a70	FUN_00263a70	FUN_00263a70	4	s_N_nextPos_00_00263acc
00263adc	FUN_00263adc	FUN_00263adc	4	
00263b1c	FUN_00263b1c	FUN_00263b1c	8	
00263b88	FUN_00263b88	FUN_00263b88	54	
00263c94	FUN_00263c94	FUN_00263c94	4	s_N_nextPos_00_00263cf0
00263d00	FUN_00263d00	FUN_00263d00	4	
00263d44	FUN_00263d44	FUN_00263d44	4	
00263d94	FUN_00263d94	FUN_00263d94	8	
00264054	FUN_00264054	FUN_00264054	23	
0026410c	FUN_0026410c	FUN_0026410c	4	
0026448c	FUN_0026448c	FUN_0026448c	6	
0026461c	FUN_0026461c	FUN_0026461c	5	
00264770	FUN_00264770	FUN_00264770	5	
00264830	FUN_00264830	FUN_00264830	7	
002648b0	FUN_002648b0	FUN_002648b0	3	
002648c0	FUN_002648c0	FUN_002648c0	4	s__dialogB_D_00_00264a2f s_inOut_00_00264a44 s__dialogB_D_01_00264a57 s_button_00_00264a84 s_SE_CANCEL_00264a90
00264a9c	FUN_00264a9c	FUN_00264a9c	4	
00264d10	FUN_00264d10	FUN_00264d10	5	
00264de4	FUN_00264de4	FUN_00264de4	17	
00264e58	FUN_00264e58	FUN_00264e58	12	
00264eb4	FUN_00264eb4	FUN_00264eb4	4	
00264f58	FUN_00264f58	FUN_00264f58	4	
00264f88	FUN_00264f88	FUN_00264f88	4	
00264fa8	thunk_FUN_00296060	thunk_FUN_00296060	7	
00264fb0	FUN_00264fb0	FUN_00264fb0	4	s__cardInfo_U_01_002651a7 s_T_cardName_00_002651c8 s_T_cardNumber_00_002651e0 s_Credit_txt02_08_002651f0 s_T_limitDay_00_00265200 s_Credit_txt02_09_00265210
00265228	FUN_00265228	FUN_00265228	4	
0026532c	FUN_0026532c	FUN_0026532c	21	
002653a0	FUN_002653a0	FUN_002653a0	5	
0026540c	FUN_0026540c	FUN_0026540c	6	
002654fc	FUN_002654fc	FUN_002654fc	6	
002655b0	FUN_002655b0	FUN_002655b0	5	
0026583c	FUN_0026583c	FUN_0026583c	15	
002658b0	FUN_002658b0	FUN_002658b0	7	
0026590c	FUN_0026590c	FUN_0026590c	4	
00265990	FUN_00265990	FUN_00265990	5	
00265a50	FUN_00265a50	FUN_00265a50	5	
00265a84	FUN_00265a84	FUN_00265a84	8	
00265a94	FUN_00265a94	FUN_00265a94	5	
00265bb4	FUN_00265bb4	FUN_00265bb4	9	
00265bc4	FUN_00265bc4	FUN_00265bc4	5	
00265c98	FUN_00265c98	FUN_00265c98	4	s__buyDialog_D_00_00266067 s_inOut_00_00266078 s__buyDialog_D_01_0026608f s_ratingTxt_D_01_00266120 s_T_message_03_002660e0 s_N_stop_00_00266130 s__ratingTxt_D_00_002660af s_T_message_00_002660c0 s_T_message_02_002660d0 s_P_line_00_002660f0 s_P_line_01_002660fc s_P_line_02_00266108 s_P_line_03_00266114 s_cancel_00_00266158 s_decide_00_00266164
002663a0	FUN_002663a0	FUN_002663a0	6	
002663b0	FUN_002663b0	FUN_002663b0	4	
002663dc	FUN_002663dc	FUN_002663dc	6	
002665c8	FUN_002665c8	FUN_002665c8	6	s__message_U_00_00266a77 s_T_message_00_00266a88 s_TitleInfo_CTtext01_04_00266a98 s__positionList_D_00_00266ab7 s_contentsPos_D_00_00266acc s_listBtn_D_00_00266ae0 s_listBtn_D_01_00266af0 s_N_tchArea_00_00266f64 s__4S__00266f9f s_BTitleInfo_CTheading01_01_00266fbb
00267028	FUN_00267028	FUN_00267028	36	
0026709c	FUN_0026709c	FUN_0026709c	5	
0026737c	FUN_0026737c	FUN_0026737c	4	
002673c8	FUN_002673c8	FUN_002673c8	4	s_star_D_00_00267540 s_N_root_01_0026756c s__N_root_00_0026755f
00267578	FUN_00267578	FUN_00267578	9	
0026759c	FUN_0026759c	FUN_0026759c	3	
00267644	FUN_00267644	FUN_00267644	7	
00267744	FUN_00267744	FUN_00267744	5	
002677e8	FUN_002677e8	FUN_002677e8	5	
00267810	FUN_00267810	FUN_00267810	5	
0026788c	FUN_0026788c	FUN_0026788c	4	
00267eb4	FUN_00267eb4	FUN_00267eb4	15	
00267f28	FUN_00267f28	FUN_00267f28	9	
00267f84	FUN_00267f84	FUN_00267f84	4	
00268018	FUN_00268018	FUN_00268018	5	
002680ec	FUN_002680ec	FUN_002680ec	5	
002681dc	FUN_002681dc	FUN_002681dc	7	
002683e4	FUN_002683e4	FUN_002683e4	5	
002685d0	FUN_002685d0	FUN_002685d0	7	s__backBtnPos_D_00_0026879f
002687d8	FUN_002687d8	FUN_002687d8	7	
002687ec	FUN_002687ec	FUN_002687ec	4	
002688a4	FUN_002688a4	FUN_002688a4	18	
002688d8	FUN_002688d8	FUN_002688d8	195	
00268900	FUN_00268900	FUN_00268900	6	
00268914	FUN_00268914	FUN_00268914	5	
00268980	FUN_00268980	FUN_00268980	16	
002689cc	FUN_002689cc	FUN_002689cc	6	
00268a28	FUN_00268a28	FUN_00268a28	6	
00268b48	FUN_00268b48	FUN_00268b48	16	
00268b68	FUN_00268b68	FUN_00268b68	4	
00268bd0	FUN_00268bd0	FUN_00268bd0	8	
00268c88	FUN_00268c88	FUN_00268c88	4	
00268fc0	FUN_00268fc0	FUN_00268fc0	4	s__text_D_00_00269207 s_N_root_00_00269214 s_T_text_00_00269220
00269230	FUN_00269230	FUN_00269230	8	
0026923c	FUN_0026923c	FUN_0026923c	4	
00269310	FUN_00269310	FUN_00269310	6	s_N_nextPos_00_002693b0
002693c4	FUN_002693c4	FUN_002693c4	7	
0026941c	FUN_0026941c	FUN_0026941c	2	
002694c8	FUN_002694c8	FUN_002694c8	15	
00269500	FUN_00269500	FUN_00269500	15	
00269574	FUN_00269574	FUN_00269574	11	
002695e8	FUN_002695e8	FUN_002695e8	6	
002696f8	FUN_002696f8	FUN_002696f8	9	
002697e8	FUN_002697e8	FUN_002697e8	4	
00269868	FUN_00269868	FUN_00269868	7	
002699bc	FUN_002699bc	FUN_002699bc	6	
00269a78	FUN_00269a78	FUN_00269a78	4	
00269b68	FUN_00269b68	FUN_00269b68	4	
00269c20	FUN_00269c20	FUN_00269c20	9	
00269c38	FUN_00269c38	FUN_00269c38	5	
00269d00	FUN_00269d00	FUN_00269d00	58	
00269d58	FUN_00269d58	FUN_00269d58	14	
00269dcc	FUN_00269dcc	FUN_00269dcc	7	
00269e50	FUN_00269e50	FUN_00269e50	5	
00269e8c	FUN_00269e8c	FUN_00269e8c	12	
00269f00	FUN_00269f00	FUN_00269f00	8	s__message_U_00_00269f9f s_T_message_00_00269fb0
00269fc0	FUN_00269fc0	FUN_00269fc0	6	
0026a008	FUN_0026a008	FUN_0026a008	15	
0026a0bc	FUN_0026a0bc	FUN_0026a0bc	11	
0026a130	FUN_0026a130	FUN_0026a130	5	
0026a210	FUN_0026a210	FUN_0026a210	4	
0026a220	FUN_0026a220	FUN_0026a220	5	
0026a22c	FUN_0026a22c	FUN_0026a22c	2	
0026a280	FUN_0026a280	FUN_0026a280	8	
0026a308	FUN_0026a308	FUN_0026a308	5	
0026a3d0	FUN_0026a3d0	FUN_0026a3d0	17	
0026a444	FUN_0026a444	FUN_0026a444	5	
0026a48c	FUN_0026a48c	FUN_0026a48c	5	
0026a514	FUN_0026a514	FUN_0026a514	15	
0026a588	FUN_0026a588	FUN_0026a588	17	
0026a5a0	FUN_0026a5a0	FUN_0026a5a0	7	s__adrsCheck_U_00_0026a77f s_T_message_00_0026a790 s_AddressSet_txt01_01_0026a7a0 s_N_Canada_00_0026a7f4 s_T_message_09_0026a800 s_T_message_10_0026a814 s_T_message_11_0026a824 s_T_message_12_0026a834 s_T_message_13_0026a7c0 s_AddressSet_txt01_06_0026a7d0 s_T_message_15_0026a7e4
0026a844	FUN_0026a844	FUN_0026a844	15	
0026a8b8	FUN_0026a8b8	FUN_0026a8b8	5	
0026a8f4	FUN_0026a8f4	FUN_0026a8f4	5	
0026a904	FUN_0026a904	FUN_0026a904	10	
0026a978	FUN_0026a978	FUN_0026a978	3	
0026ab38	FUN_0026ab38	FUN_0026ab38	7	
0026ab4c	FUN_0026ab4c	FUN_0026ab4c	7	
0026ad54	FUN_0026ad54	FUN_0026ad54	4	
0026ad7c	FUN_0026ad7c	FUN_0026ad7c	5	
0026adcc	FUN_0026adcc	FUN_0026adcc	4	
0026ae04	FUN_0026ae04	FUN_0026ae04	9	
0026ae18	FUN_0026ae18	FUN_0026ae18	5	
0026ae44	FUN_0026ae44	FUN_0026ae44	9	
0026b028	FUN_0026b028	FUN_0026b028	6	s__message_U_00_0026b587 s_T_message_00_0026b598 s_AddressSet_txt02_01_0026b5a8 s_AddressSet_txt02_05_0026b5cc s_T_input_00_0026b5e0 s_input_00_0026b604 s__AddressSet_title02_01_0026b617
0026b638	FUN_0026b638	FUN_0026b638	4	
0026b964	FUN_0026b964	FUN_0026b964	8	
0026bb40	FUN_0026bb40	FUN_0026bb40	5	s_AddressSet_title01_01_0026c298
0026c2b0	FUN_0026c2b0	FUN_0026c2b0	8	
0026c2e0	FUN_0026c2e0	FUN_0026c2e0	37	
0026c354	FUN_0026c354	FUN_0026c354	18	
0026c40c	FUN_0026c40c	FUN_0026c40c	8	
0026c5e4	FUN_0026c5e4	FUN_0026c5e4	10	
0026c6f4	FUN_0026c6f4	FUN_0026c6f4	7	
0026c894	FUN_0026c894	FUN_0026c894	4	
0026c8dc	FUN_0026c8dc	FUN_0026c8dc	7	
0026c930	FUN_0026c930	FUN_0026c930	31	
0026c9a4	FUN_0026c9a4	FUN_0026c9a4	5	
0026cb00	FUN_0026cb00	FUN_0026cb00	82	
0026cbc4	FUN_0026cbc4	FUN_0026cbc4	5	
0026cc20	FUN_0026cc20	FUN_0026cc20	5	
0026cd80	FUN_0026cd80	FUN_0026cd80	8	
0026cdc8	FUN_0026cdc8	FUN_0026cdc8	4	
0026cde8	FUN_0026cde8	FUN_0026cde8	5	
0026cdf4	FUN_0026cdf4	FUN_0026cdf4	7	
0026ce08	FUN_0026ce08	FUN_0026ce08	4	
0026ce30	FUN_0026ce30	FUN_0026ce30	40	
0026ce6c	FUN_0026ce6c	FUN_0026ce6c	6	
0026cf38	FUN_0026cf38	FUN_0026cf38	5	
0026cfa0	FUN_0026cfa0	FUN_0026cfa0	5	
0026cfc0	FUN_0026cfc0	FUN_0026cfc0	5	
0026cff4	FUN_0026cff4	FUN_0026cff4	5	s_lang_0026d1ec
0026d20c	FUN_0026d20c	FUN_0026d20c	6	
0026d23c	FUN_0026d23c	FUN_0026d23c	7	
0026d24c	FUN_0026d24c	FUN_0026d24c	10	
0026d2b4	FUN_0026d2b4	FUN_0026d2b4	12	
0026d320	FUN_0026d320	FUN_0026d320	7	
0026d38c	FUN_0026d38c	FUN_0026d38c	13	
0026d39c	FUN_0026d39c	FUN_0026d39c	12	
0026d3f4	FUN_0026d3f4	FUN_0026d3f4	13	
0026d44c	FUN_0026d44c	FUN_0026d44c	14	
0026d4a4	FUN_0026d4a4	FUN_0026d4a4	12	
0026d518	FUN_0026d518	FUN_0026d518	9	
0026d564	FUN_0026d564	FUN_0026d564	5	
0026d5ac	FUN_0026d5ac	FUN_0026d5ac	5	
0026d850	FUN_0026d850	FUN_0026d850	6	
0026d898	FUN_0026d898	FUN_0026d898	5	
0026d8c4	FUN_0026d8c4	FUN_0026d8c4	8	
0026db04	FUN_0026db04	FUN_0026db04	12	
0026dc5c	FUN_0026dc5c	FUN_0026dc5c	6	
0026de8c	FUN_0026de8c	FUN_0026de8c	13	
0026df00	FUN_0026df00	FUN_0026df00	4	
0026df1c	FUN_0026df1c	FUN_0026df1c	4	
0026df48	FUN_0026df48	FUN_0026df48	4	
0026e0ec	FUN_0026e0ec	FUN_0026e0ec	7	
0026e110	FUN_0026e110	FUN_0026e110	5	
0026e170	FUN_0026e170	FUN_0026e170	6	
0026e380	FUN_0026e380	FUN_0026e380	3	
0026e3f8	FUN_0026e3f8	FUN_0026e3f8	9	
0026e46c	FUN_0026e46c	FUN_0026e46c	5	
0026e478	FUN_0026e478	FUN_0026e478	7	
0026e4b8	FUN_0026e4b8	FUN_0026e4b8	8	
0026e4c0	FUN_0026e4c0	FUN_0026e4c0	6	
0026e6dc	FUN_0026e6dc	FUN_0026e6dc	3	
0026e6ec	FUN_0026e6ec	FUN_0026e6ec	8	s_point_U_00_0026e75c s_T_point_00_0026e76c s_Common_txt01_01_0026e778
0026e788	FUN_0026e788	FUN_0026e788	30	
0026e7fc	FUN_0026e7fc	FUN_0026e7fc	15	
0026e85c	FUN_0026e85c	FUN_0026e85c	23	
0026e8fc	FUN_0026e8fc	FUN_0026e8fc	5	
0026ea88	FUN_0026ea88	FUN_0026ea88	6	s_finishA_U_00_0026ee04 s__finishB_U_00_0026edef s_Download_title_02_0026ee24 s_Regi_title01_02_0026ee14
0026ee58	FUN_0026ee58	FUN_0026ee58	8	
0026ef18	FUN_0026ef18	FUN_0026ef18	4	
0026ef3c	FUN_0026ef3c	FUN_0026ef3c	11	
0026efb0	FUN_0026efb0	FUN_0026efb0	11	
0026f248	FUN_0026f248	FUN_0026f248	6	
0026f258	FUN_0026f258	FUN_0026f258	4	
0026f2ec	FUN_0026f2ec	FUN_0026f2ec	4	s_N_nextPos_00_0026f36c
0026f37c	FUN_0026f37c	FUN_0026f37c	6	
0026f408	FUN_0026f408	FUN_0026f408	10	
0026f424	FUN_0026f424	FUN_0026f424	3	
0026fa24	FUN_0026fa24	FUN_0026fa24	3	
0026fa2c	FUN_0026fa2c	FUN_0026fa2c	9	
0026fa68	FUN_0026fa68	FUN_0026fa68	7	
0026fa7c	FUN_0026fa7c	FUN_0026fa7c	67	
0026faa0	FUN_0026faa0	FUN_0026faa0	5	
0026fcfc	FUN_0026fcfc	FUN_0026fcfc	6	
0026fd3c	FUN_0026fd3c	FUN_0026fd3c	10	
0026fe18	FUN_0026fe18	FUN_0026fe18	12	
0026fe4c	FUN_0026fe4c	FUN_0026fe4c	7	
0026fea4	FUN_0026fea4	FUN_0026fea4	6	
0026ff00	FUN_0026ff00	FUN_0026ff00	13	
0026ffb4	FUN_0026ffb4	FUN_0026ffb4	5	
0026ffe4	FUN_0026ffe4	FUN_0026ffe4	5	
002700f0	FUN_002700f0	FUN_002700f0	20	
00270258	FUN_00270258	FUN_00270258	9	
00270298	FUN_00270298	FUN_00270298	4	s__dialog_D_04_002706df s_inOut_00_002706f0 s__dialog_D_05_00270707 s_dialog_D_06_00270714 s__dialog_D_07_00270727 s_T_message_00_00270734 s_T_button_00_00270754 s_T_button_01_00270760 s_button_00_00270778 s_T_cancel_00_00270784 s_T_cancel_01_00270790 s_cancel_00_0027079c s_T_decide_00_002707a8 s_T_decide_01_002707b4 s_decide_00_002707c0 s_N_stop_00_00270a00
0027083c	FUN_0027083c	FUN_0027083c	2	
00270a58	FUN_00270a58	FUN_00270a58	2	
00270b0c	FUN_00270b0c	FUN_00270b0c	5	
00270ba0	FUN_00270ba0	FUN_00270ba0	8	
00270ed0	FUN_00270ed0	FUN_00270ed0	5	
00270f18	FUN_00270f18	FUN_00270f18	7	
00270f90	FUN_00270f90	FUN_00270f90	22	
00271000	FUN_00271000	get_field_249c_undefined4_00271000	5	
0027100c	FUN_0027100c	FUN_0027100c	4	
00271090	FUN_00271090	FUN_00271090	6	
002711a4	FUN_002711a4	FUN_002711a4	2	
00271208	FUN_00271208	FUN_00271208	15	
002712c0	FUN_002712c0	FUN_002712c0	10	
00271428	FUN_00271428	FUN_00271428	5	s___U__002716d7
002716f0	FUN_002716f0	FUN_002716f0	5	
00271a70	FUN_00271a70	FUN_00271a70	8	
00271bf0	FUN_00271bf0	FUN_00271bf0	6	
00271e1c	FUN_00271e1c	FUN_00271e1c	19	
00271e24	FUN_00271e24	FUN_00271e24	9	
00271f98	FUN_00271f98	FUN_00271f98	5	
00271fc4	FUN_00271fc4	FUN_00271fc4	4	
00272144	FUN_00272144	FUN_00272144	9	
00272210	FUN_00272210	FUN_00272210	5	
00272284	FUN_00272284	get_field_2e50_undefined4_00272284	5	
00272290	FUN_00272290	FUN_00272290	4	
00272308	FUN_00272308	FUN_00272308	9	
0027236c	FUN_0027236c	FUN_0027236c	8	
00272438	FUN_00272438	field_cf8_is_zero_00272438	5	
00272458	FUN_00272458	get_field_249c_undefined4_00272458	5	
00272464	FUN_00272464	FUN_00272464	4	
00272548	FUN_00272548	FUN_00272548	4	
0027269c	FUN_0027269c	FUN_0027269c	43	
00272798	FUN_00272798	FUN_00272798	23	s__con_U_00_00272c87 s__position_D_00_00272c9f s_Setup_txt01_01_00272ce8 s_Setup_btn01_10_00272d48 s_Setup_btn01_13_00273158 s_Setup_btn01_12_00273168 s_Setup_btn01_16_00273178 s_N_start_00_00273198 s_Setup_title01_01_002734d4
002734ec	FUN_002734ec	FUN_002734ec	4	
002734fc	FUN_002734fc	FUN_002734fc	5	
0027369c	FUN_0027369c	FUN_0027369c	5	
00273778	FUN_00273778	FUN_00273778	5	
00273844	FUN_00273844	FUN_00273844	6	
00273918	FUN_00273918	FUN_00273918	5	
00273b8c	FUN_00273b8c	FUN_00273b8c	52	
00273c00	FUN_00273c00	FUN_00273c00	7	
00273e24	FUN_00273e24	FUN_00273e24	4	
002741f0	FUN_002741f0	FUN_002741f0	4	
00274238	FUN_00274238	FUN_00274238	8	
00274254	FUN_00274254	FUN_00274254	6	
0027444c	FUN_0027444c	FUN_0027444c	5	
002744e8	FUN_002744e8	FUN_002744e8	9	
0027455c	FUN_0027455c	FUN_0027455c	11	
00274580	FUN_00274580	FUN_00274580	4	
002745e0	FUN_002745e0	FUN_002745e0	15	
00274710	FUN_00274710	FUN_00274710	5	
002747e4	FUN_002747e4	FUN_002747e4	123	
00274820	FUN_00274820	FUN_00274820	5	
002749d4	FUN_002749d4	FUN_002749d4	10	
00274ad4	FUN_00274ad4	FUN_00274ad4	3	
00274adc	FUN_00274adc	FUN_00274adc	9	
00274bb0	FUN_00274bb0	FUN_00274bb0	5	
00274c3c	FUN_00274c3c	FUN_00274c3c	5	
00274d20	FUN_00274d20	FUN_00274d20	4	s__listPos_D_01_0027517f s_chage_00_00275190 s_T_label_00_0027519c s_Search_btn04_04_002751c8 s_listBtn_D_00_002751a8 s_listBtn_D_01_002751b8 s_button_00_0027584c s_N_root_00_00275860 s_N_picture_00_0027586c s_T_button_00_0027587c s_Search_txt03_07_00275888 s_T_button_01_00275898 s_P_line_00_0027594c s_B_button_00_00275958
00275964	FUN_00275964	FUN_00275964	4	
002759f4	FUN_002759f4	FUN_002759f4	8	
00275a58	FUN_00275a58	FUN_00275a58	3	
00275b60	FUN_00275b60	FUN_00275b60	6	s__listBtn_D_01_00275caf s_N_root_00_00275cc4 s_T_button_00_00275cd4 s_Search_btn04_04_00275ce0 s_T_button_01_00275cf0
00275cfc	FUN_00275cfc	FUN_00275cfc	7	
00275d0c	FUN_00275d0c	FUN_00275d0c	6	
00275d64	FUN_00275d64	FUN_00275d64	5	
00275db4	FUN_00275db4	FUN_00275db4	9	
00275dc4	FUN_00275dc4	FUN_00275dc4	4	
00275dd4	FUN_00275dd4	FUN_00275dd4	6	
00275e7c	FUN_00275e7c	FUN_00275e7c	8	
00275f58	FUN_00275f58	FUN_00275f58	5	
00276028	FUN_00276028	FUN_00276028	3	
002760dc	FUN_002760dc	FUN_002760dc	8	
00276140	FUN_00276140	FUN_00276140	12	
0027614c	FUN_0027614c	FUN_0027614c	7	
00276158	FUN_00276158	FUN_00276158	9	
002761a0	FUN_002761a0	FUN_002761a0	10	
002761b8	FUN_002761b8	FUN_002761b8	5	
00276280	FUN_00276280	FUN_00276280	5	
00276290	FUN_00276290	FUN_00276290	7	
002762a8	FUN_002762a8	FUN_002762a8	19	
0027631c	FUN_0027631c	FUN_0027631c	12	
002763b0	FUN_002763b0	FUN_002763b0	5	
0027643c	FUN_0027643c	FUN_0027643c	13	
002764cc	FUN_002764cc	FUN_002764cc	4	
002764fc	FUN_002764fc	FUN_002764fc	5	
00276508	FUN_00276508	FUN_00276508	7	
00276514	FUN_00276514	FUN_00276514	8	
00276520	FUN_00276520	FUN_00276520	5	
002765a0	FUN_002765a0	FUN_002765a0	3	
002765b0	FUN_002765b0	FUN_002765b0	5	
0027675c	FUN_0027675c	FUN_0027675c	4	
00276784	FUN_00276784	FUN_00276784	4	s_SE_DECIDE_SUB_00276804
00276814	FUN_00276814	FUN_00276814	11	
00276824	FUN_00276824	FUN_00276824	5	
00276830	FUN_00276830	FUN_00276830	3	
00276834	FUN_00276834	FUN_00276834	3	
002768f4	FUN_002768f4	FUN_002768f4	5	
00276964	FUN_00276964	FUN_00276964	16	
00276994	FUN_00276994	FUN_00276994	7	
002769f4	FUN_002769f4	FUN_002769f4	14	
00276a38	FUN_00276a38	FUN_00276a38	11	
00276a54	FUN_00276a54	FUN_00276a54	6	
00276b4c	FUN_00276b4c	FUN_00276b4c	15	
00276b7c	FUN_00276b7c	FUN_00276b7c	8	
00276b98	FUN_00276b98	FUN_00276b98	7	
00276be0	FUN_00276be0	FUN_00276be0	13	
00276c58	FUN_00276c58	FUN_00276c58	10	s__dialog_U_01_00276d17 s_T_title_00_00276d28 s_T_message_00_00276d34 s_inOut_00_00276d44
00276d50	FUN_00276d50	FUN_00276d50	6	
00276d58	thunk_FUN_002930d0	thunk_FUN_002930d0	5	
00276d5c	FUN_00276d5c	FUN_00276d5c	9	
00276d68	FUN_00276d68	FUN_00276d68	3	
00276d70	FUN_00276d70	FUN_00276d70	13	
00276e04	FUN_00276e04	FUN_00276e04	5	
00276e3c	FUN_00276e3c	FUN_00276e3c	2	
00276e68	FUN_00276e68	FUN_00276e68	4	
00276ee4	FUN_00276ee4	FUN_00276ee4	2	
00276f08	FUN_00276f08	FUN_00276f08	6	
00276f68	FUN_00276f68	FUN_00276f68	11	
00276fdc	FUN_00276fdc	FUN_00276fdc	8	
00276fe4	FUN_00276fe4	FUN_00276fe4	15	
00277058	FUN_00277058	FUN_00277058	6	
0027707c	FUN_0027707c	FUN_0027707c	11	
00277090	FUN_00277090	FUN_00277090	5	
002771ac	FUN_002771ac	FUN_002771ac	6	
002772c8	FUN_002772c8	FUN_002772c8	5	
00277368	FUN_00277368	FUN_00277368	3	
00277390	FUN_00277390	FUN_00277390	9	
002773f4	thunk_FUN_002ec1c0	thunk_FUN_002ec1c0	10	
002773f8	FUN_002773f8	FUN_002773f8	12	
00277750	FUN_00277750	FUN_00277750	8	
00277ab0	FUN_00277ab0	FUN_00277ab0	11	
00277af4	FUN_00277af4	FUN_00277af4	6	
00277b00	FUN_00277b00	FUN_00277b00	11	
00277c7c	FUN_00277c7c	FUN_00277c7c	11	
00277c90	FUN_00277c90	FUN_00277c90	7	
00277ca4	FUN_00277ca4	FUN_00277ca4	11	
00277ce0	FUN_00277ce0	FUN_00277ce0	4	
00277ce8	FUN_00277ce8	FUN_00277ce8	7	
00277d60	FUN_00277d60	FUN_00277d60	6	
00277d9c	FUN_00277d9c	FUN_00277d9c	7	
00277da8	FUN_00277da8	FUN_00277da8	21	
00277ddc	FUN_00277ddc	FUN_00277ddc	4	
00277fdc	FUN_00277fdc	FUN_00277fdc	5	
00278104	FUN_00278104	FUN_00278104	4	
00278240	FUN_00278240	FUN_00278240	7	
002783c0	FUN_002783c0	FUN_002783c0	11	
00278460	FUN_00278460	FUN_00278460	9	
00278500	FUN_00278500	FUN_00278500	8	
00278634	FUN_00278634	FUN_00278634	7	
0027864c	FUN_0027864c	FUN_0027864c	8	
00278660	FUN_00278660	FUN_00278660	4	
00278690	FUN_00278690	FUN_00278690	14	
002786f8	FUN_002786f8	FUN_002786f8	10	
002788d8	FUN_002788d8	FUN_002788d8	9	
002789a0	FUN_002789a0	FUN_002789a0	17	
00278a14	FUN_00278a14	FUN_00278a14	4	
00278c48	FUN_00278c48	FUN_00278c48	6	
00278c58	FUN_00278c58	FUN_00278c58	6	
00278c64	FUN_00278c64	set_field_d_undefined1_00278c64	4	
00278c68	FUN_00278c68	FUN_00278c68	4	
00278c74	FUN_00278c74	FUN_00278c74	19	
00278ce8	FUN_00278ce8	FUN_00278ce8	6	
00278e44	FUN_00278e44	FUN_00278e44	7	
002790a4	FUN_002790a4	FUN_002790a4	6	
00279248	FUN_00279248	FUN_00279248	6	
00279350	FUN_00279350	FUN_00279350	10	
002793c4	FUN_002793c4	FUN_002793c4	7	
00279694	FUN_00279694	FUN_00279694	8	
002796a4	FUN_002796a4	FUN_002796a4	12	
00279830	FUN_00279830	FUN_00279830	12	
002799b0	FUN_002799b0	FUN_002799b0	7	
00279a58	FUN_00279a58	FUN_00279a58	6	s__title_D_00_00279eb7 s_T_title_00_00279ec4 s_listPos_D_00_00279ed0 s_softlist_D_00_00279ee0 s_softlist_D_01_00279ef0 s_N_nextPos_00_00279f00 s_listBtn_D_00_0027a19c s_N_root_00_0027a1ac s_T_listBtn_00_0027a1b8 s_T_listBtn_01_0027a1c8 s_B_listBtn_00_0027a1f4
0027a204	FUN_0027a204	FUN_0027a204	9	
0027a24c	FUN_0027a24c	FUN_0027a24c	6	
0027a2e0	FUN_0027a2e0	FUN_0027a2e0	6	s_T_cancel_00_0027a5c0 s_T_cancel_01_0027a5cc s_T_decide_00_0027a5d8 s_T_decide_01_0027a5e4
0027a5f0	FUN_0027a5f0	FUN_0027a5f0	11	
0027a618	FUN_0027a618	FUN_0027a618	5	
0027a630	FUN_0027a630	FUN_0027a630	6	
0027a644	FUN_0027a644	FUN_0027a644	6	
0027a6f0	FUN_0027a6f0	FUN_0027a6f0	6	
0027a89c	FUN_0027a89c	FUN_0027a89c	17	
0027a910	FUN_0027a910	FUN_0027a910	22	
0027a928	FUN_0027a928	FUN_0027a928	6	
0027a970	FUN_0027a970	FUN_0027a970	16	
0027a9e4	FUN_0027a9e4	FUN_0027a9e4	5	
0027aa40	FUN_0027aa40	FUN_0027aa40	13	
0027aab8	FUN_0027aab8	FUN_0027aab8	5	
0027ab48	FUN_0027ab48	FUN_0027ab48	10	
0027abbc	FUN_0027abbc	FUN_0027abbc	4	
0027abf0	FUN_0027abf0	FUN_0027abf0	5	s_message_D_00_0027ad24 s_T_message_00_0027ad34 s_N_nextPos_00_0027ad44 s_N_root_00_0027ad54
0027ad60	FUN_0027ad60	FUN_0027ad60	22	
0027ae7c	FUN_0027ae7c	FUN_0027ae7c	7	
0027af18	FUN_0027af18	FUN_0027af18	5	
0027afb8	FUN_0027afb8	FUN_0027afb8	7	
0027b034	FUN_0027b034	FUN_0027b034	6	
0027b1b4	FUN_0027b1b4	FUN_0027b1b4	5	
0027b2c8	FUN_0027b2c8	FUN_0027b2c8	2	
0027b350	FUN_0027b350	FUN_0027b350	7	
0027b3b0	FUN_0027b3b0	FUN_0027b3b0	15	
0027b424	FUN_0027b424	FUN_0027b424	5	
0027b484	FUN_0027b484	FUN_0027b484	10	
0027b4f0	FUN_0027b4f0	FUN_0027b4f0	4	
0027b5b8	FUN_0027b5b8	FUN_0027b5b8	5	
0027b61c	FUN_0027b61c	FUN_0027b61c	4	
0027b664	FUN_0027b664	FUN_0027b664	12	
0027b680	FUN_0027b680	FUN_0027b680	9	
0027b724	FUN_0027b724	FUN_0027b724	11	
0027b7e4	FUN_0027b7e4	FUN_0027b7e4	6	
0027b81c	FUN_0027b81c	FUN_0027b81c	7	
0027b838	FUN_0027b838	FUN_0027b838	6	
0027b848	FUN_0027b848	FUN_0027b848	7	
0027b8f0	FUN_0027b8f0	FUN_0027b8f0	4	
0027bb38	FUN_0027bb38	FUN_0027bb38	20	
0027bbac	FUN_0027bbac	FUN_0027bbac	5	
0027bbbc	FUN_0027bbbc	FUN_0027bbbc	4	
0027bbcc	FUN_0027bbcc	FUN_0027bbcc	6	
0027bce0	FUN_0027bce0	FUN_0027bce0	5	
0027c114	FUN_0027c114	FUN_0027c114	7	
0027c1cc	FUN_0027c1cc	FUN_0027c1cc	6	
0027c338	FUN_0027c338	FUN_0027c338	6	
0027c37c	FUN_0027c37c	FUN_0027c37c	7	
0027c394	FUN_0027c394	FUN_0027c394	7	
0027c3a8	FUN_0027c3a8	FUN_0027c3a8	8	
0027c45c	FUN_0027c45c	FUN_0027c45c	7	
0027c47c	FUN_0027c47c	FUN_0027c47c	11	
0027c630	FUN_0027c630	FUN_0027c630	5	
0027c8e4	FUN_0027c8e4	get_field_21b0_undefined4_0027c8e4	5	
0027c8f0	FUN_0027c8f0	FUN_0027c8f0	8	
0027c918	FUN_0027c918	FUN_0027c918	17	
0027c978	FUN_0027c978	FUN_0027c978	8	
0027cb2c	FUN_0027cb2c	FUN_0027cb2c	5	
0027cb3c	FUN_0027cb3c	FUN_0027cb3c	43	
0027cbb0	FUN_0027cbb0	FUN_0027cbb0	7	
0027ccb0	FUN_0027ccb0	FUN_0027ccb0	6	s__message_U_00_0027d26f s_T_message_00_0027d284 s_Exchange_txt01_01_0027d294 s_position_D_04_0027d2a8 s_input_D_00_0027d2b8 s_input_00_0027d2e0 s_T_input_00_0027d2ec s_button_00_0027d318 s_CommonBtn_01_03_0027d340 s_CommonBtn_01_04_0027d330 s__Exchange_title01_01_0027d357
0027d480	FUN_0027d480	FUN_0027d480	9	
0027d570	FUN_0027d570	get_field_1f38_undefined4_0027d570	4	
0027d57c	FUN_0027d57c	FUN_0027d57c	3	
0027d5a8	FUN_0027d5a8	FUN_0027d5a8	10	
0027d61c	FUN_0027d61c	FUN_0027d61c	11	
0027d668	FUN_0027d668	FUN_0027d668	5	
0027d68c	FUN_0027d68c	FUN_0027d68c	10	
0027d700	FUN_0027d700	FUN_0027d700	5	
0027d7c8	FUN_0027d7c8	FUN_0027d7c8	6	
0027d854	FUN_0027d854	FUN_0027d854	5	
0027d884	FUN_0027d884	FUN_0027d884	6	
0027d908	FUN_0027d908	FUN_0027d908	4	
0027db30	FUN_0027db30	FUN_0027db30	14	
0027dba4	FUN_0027dba4	FUN_0027dba4	5	
0027dc38	FUN_0027dc38	FUN_0027dc38	5	s__deleteTop_U_00_0027dd27 s_T_message_01_0027dd48 s_T_message_02_0027dd38 s_Remove_title_01_0027dd58
0027dc60	FUN_0027dc60	FUN_0027dc60	2	s_Remove_title_01_0027dd58
0027dd68	FUN_0027dd68	FUN_0027dd68	5	
0027ddb0	FUN_0027ddb0	FUN_0027ddb0	17	
0027ddc8	FUN_0027ddc8	FUN_0027ddc8	4	
0027de00	FUN_0027de00	FUN_0027de00	10	
0027de64	FUN_0027de64	FUN_0027de64	18	
0027deb4	FUN_0027deb4	FUN_0027deb4	16	
0027df20	FUN_0027df20	FUN_0027df20	13	
0027df34	FUN_0027df34	FUN_0027df34	5	
0027e014	FUN_0027e014	FUN_0027e014	5	
0027e0d8	FUN_0027e0d8	FUN_0027e0d8	6	
0027e120	FUN_0027e120	FUN_0027e120	24	
0027e1d4	FUN_0027e1d4	FUN_0027e1d4	4	
0027e220	FUN_0027e220	FUN_0027e220	5	
0027e2e0	FUN_0027e2e0	FUN_0027e2e0	7	
0027e310	FUN_0027e310	FUN_0027e310	5	s__saveDialog_D_00_0027e417 s_inOut_00_0027e42c s_loadingIcon_00_0027e438
0027e448	FUN_0027e448	FUN_0027e448	9	
0027e4bc	FUN_0027e4bc	FUN_0027e4bc	5	
0027e524	FUN_0027e524	FUN_0027e524	6	
0027e61c	FUN_0027e61c	FUN_0027e61c	19	
0027e6f4	FUN_0027e6f4	FUN_0027e6f4	10	
0027e710	FUN_0027e710	FUN_0027e710	12	
0027e890	FUN_0027e890	FUN_0027e890	13	s_N_root_00_0027ea44
0027ea6c	FUN_0027ea6c	FUN_0027ea6c	18	
0027eafc	FUN_0027eafc	FUN_0027eafc	7	
0027eb68	FUN_0027eb68	FUN_0027eb68	3	
0027ec2c	FUN_0027ec2c	FUN_0027ec2c	2	
0027ece8	FUN_0027ece8	FUN_0027ece8	81	
0027ed1c	FUN_0027ed1c	FUN_0027ed1c	18	
0027ed28	FUN_0027ed28	FUN_0027ed28	28	
0027ee0c	FUN_0027ee0c	FUN_0027ee0c	12	
0027ee38	FUN_0027ee38	FUN_0027ee38	6	
0027f020	FUN_0027f020	FUN_0027f020	4	s__udtMask_D_00_0027f757 s_udtList_D_00_0027f768 s_udtList_D_00_D_0027f778 s__udtBtn_D_00_0027f79f s_N_WishListBtn_00_0027f7ac s_noticeBtn_00_0027f7c4 s_T_noticeBtn_00_0027f7d4 s_Update_btn01_08_0027fca0 s_T_noticeBtn_01_0027f7f4 s_Update_btn01_09_0027f7e4 s__udtBar_D_00_0027f80f s_N_WishlistBar_00_0027f81c s_finish_D_00_00280284 s_N_empty_00_00280290 s_T_message_00_0028029c s_Update_txt05_02_002802ac s_N_stop_00_002802bc s_udtList_D_01_0027fc4c s_T_next_00_0027fc5c s_Update_btn01_05_0027fc68 s_T_next_01_0027fc78 s_Update_btn01_06_002800f0 s_N_start_00_00280108
002802cc	FUN_002802cc	FUN_002802cc	6	
00280300	FUN_00280300	FUN_00280300	5	
002803c0	FUN_002803c0	FUN_002803c0	4	
002803e0	FUN_002803e0	FUN_002803e0	14	
00280454	FUN_00280454	FUN_00280454	4	
00280508	FUN_00280508	FUN_00280508	6	
00280674	FUN_00280674	FUN_00280674	6	
00280938	FUN_00280938	FUN_00280938	5	s______00280a2f
00280a40	FUN_00280a40	FUN_00280a40	15	
00280ab4	FUN_00280ab4	FUN_00280ab4	5	
00280afc	FUN_00280afc	FUN_00280afc	5	
00280b0c	FUN_00280b0c	FUN_00280b0c	11	
00280b80	FUN_00280b80	FUN_00280b80	6	
00280c90	FUN_00280c90	FUN_00280c90	3	
00280c94	FUN_00280c94	FUN_00280c94	95	
00280d08	FUN_00280d08	FUN_00280d08	7	
00280d0c	FUN_00280d0c	FUN_00280d0c	4	
00280d2c	FUN_00280d2c	FUN_00280d2c	2	
00280de8	FUN_00280de8	FUN_00280de8	7	
00280e90	FUN_00280e90	FUN_00280e90	13	
00280ed0	FUN_00280ed0	FUN_00280ed0	5	s_CAPos_00_0028112c
0028116c	FUN_0028116c	FUN_0028116c	15	
00281180	FUN_00281180	FUN_00281180	7	
00281194	FUN_00281194	FUN_00281194	11	
00281208	FUN_00281208	FUN_00281208	5	
0028123c	FUN_0028123c	FUN_0028123c	5	
00281280	FUN_00281280	FUN_00281280	5	
002812d8	thunk_FUN_00293fa4	thunk_FUN_00293fa4	5	
002812dc	FUN_002812dc	FUN_002812dc	19	
00281318	FUN_00281318	FUN_00281318	7	
00281380	FUN_00281380	FUN_00281380	6	
00281478	FUN_00281478	FUN_00281478	8	
002814a8	FUN_002814a8	FUN_002814a8	7	
002814fc	FUN_002814fc	FUN_002814fc	5	
00281508	FUN_00281508	FUN_00281508	13	
0028151c	FUN_0028151c	FUN_0028151c	7	
0028157c	FUN_0028157c	FUN_0028157c	5	
00281588	FUN_00281588	FUN_00281588	9	
00281600	FUN_00281600	FUN_00281600	11	
00281674	FUN_00281674	FUN_00281674	29	s_scrollBG_D_00_002817d8 s_N_stop_00_002817fc s_AN_root_00_0028180b
00281818	FUN_00281818	FUN_00281818	5	
00281874	FUN_00281874	FUN_00281874	10	
00281888	FUN_00281888	FUN_00281888	5	
002818c0	FUN_002818c0	FUN_002818c0	3	
00281940	FUN_00281940	FUN_00281940	13	
002819b4	FUN_002819b4	FUN_002819b4	10	
00281a18	FUN_00281a18	FUN_00281a18	8	
00281a28	FUN_00281a28	FUN_00281a28	7	
00281ab0	FUN_00281ab0	FUN_00281ab0	9	
00281b44	FUN_00281b44	FUN_00281b44	4	
00281b84	FUN_00281b84	FUN_00281b84	7	
00281bbc	FUN_00281bbc	FUN_00281bbc	12	
00281e18	FUN_00281e18	FUN_00281e18	6	
00281e50	FUN_00281e50	FUN_00281e50	6	
00281ec0	FUN_00281ec0	FUN_00281ec0	6	
00281ed4	FUN_00281ed4	FUN_00281ed4	4	
00281f1c	FUN_00281f1c	FUN_00281f1c	6	
0028202c	FUN_0028202c	FUN_0028202c	14	
00282090	FUN_00282090	FUN_00282090	14	
00282298	FUN_00282298	FUN_00282298	15	
002824c0	FUN_002824c0	FUN_002824c0	4	
00282530	FUN_00282530	FUN_00282530	5	s__infoRank_U_00_00282657 s_N_root_00_00282668
00282688	FUN_00282688	FUN_00282688	8	
00282690	FUN_00282690	FUN_00282690	12	
00282704	FUN_00282704	FUN_00282704	6	
002827f0	FUN_002827f0	FUN_002827f0	6	
00282c0c	FUN_00282c0c	FUN_00282c0c	15	
00282cb0	FUN_00282cb0	FUN_00282cb0	22	
00282ce0	FUN_00282ce0	FUN_00282ce0	8	
00283024	FUN_00283024	FUN_00283024	5	
00283120	FUN_00283120	FUN_00283120	5	
00283198	FUN_00283198	FUN_00283198	5	
00283280	FUN_00283280	FUN_00283280	7	
002832e4	FUN_002832e4	FUN_002832e4	6	
0028348c	FUN_0028348c	FUN_0028348c	5	
002834a0	FUN_002834a0	FUN_002834a0	10	
00283514	FUN_00283514	FUN_00283514	8	
00283540	FUN_00283540	FUN_00283540	9	
0028354c	FUN_0028354c	FUN_0028354c	5	
002835e0	FUN_002835e0	FUN_002835e0	6	
00283654	FUN_00283654	FUN_00283654	2	
00283670	FUN_00283670	FUN_00283670	5	
0028367c	FUN_0028367c	FUN_0028367c	15	s_loading_00_00283778 s_loadingIcon_00_002e5d90
00283784	FUN_00283784	FUN_00283784	15	
0028383c	FUN_0028383c	FUN_0028383c	11	
002838a4	FUN_002838a4	set_field_3fc4_undefined4_002838a4	5	
002838b0	FUN_002838b0	FUN_002838b0	6	
002838c0	FUN_002838c0	FUN_002838c0	4	
00283c20	FUN_00283c20	FUN_00283c20	4	
00283eb8	FUN_00283eb8	FUN_00283eb8	4	
00283f48	FUN_00283f48	FUN_00283f48	5	
002841ec	FUN_002841ec	FUN_002841ec	4	
00284314	FUN_00284314	FUN_00284314	4	
0028434c	FUN_0028434c	FUN_0028434c	5	
002843d0	FUN_002843d0	FUN_002843d0	13	
00284530	FUN_00284530	FUN_00284530	4	s_version_002849c0 s_task_002849c8 s_priority_002849d0 s_beginYear_002849dc s_beginMonth_002849e8 s_beginDay_002849f4 s_beginHour_00284a00 s_beginMinute_00284a0c s_beginSecond_00284a18 s_endYear_00284a24 s_endMonth_00284a2c s_endHour_00284a40 s_endMinute_00284a48 s_endSecond_00284d5c s_indefinite_00284d68 s_dataSize_00284d74 s_loopStartFrame_00284d80 s_loopEndFrame_00284d90
002850d0	FUN_002850d0	FUN_002850d0	5	
00285370	FUN_00285370	FUN_00285370	6	
002853ac	FUN_002853ac	FUN_002853ac	12	
002853d0	FUN_002853d0	FUN_002853d0	12	
002853e4	FUN_002853e4	FUN_002853e4	3	
002853fc	FUN_002853fc	FUN_002853fc	115	
00285434	FUN_00285434	FUN_00285434	17	
00285444	FUN_00285444	FUN_00285444	5	
002854b8	FUN_002854b8	FUN_002854b8	6	
00285558	FUN_00285558	FUN_00285558	4	
00285688	FUN_00285688	FUN_00285688	4	
00285944	FUN_00285944	FUN_00285944	5	
002859e0	FUN_002859e0	FUN_002859e0	4	
00285ad0	FUN_00285ad0	FUN_00285ad0	7	
00285b74	FUN_00285b74	FUN_00285b74	9	
00285bd4	FUN_00285bd4	FUN_00285bd4	9	
00285bf8	FUN_00285bf8	FUN_00285bf8	5	
00285cd0	FUN_00285cd0	FUN_00285cd0	5	
00285d3c	FUN_00285d3c	FUN_00285d3c	7	
00285dd8	FUN_00285dd8	FUN_00285dd8	3	
00285df0	FUN_00285df0	FUN_00285df0	29	
00285ebc	FUN_00285ebc	FUN_00285ebc	5	
002861ec	FUN_002861ec	FUN_002861ec	3	
002861f0	FUN_002861f0	FUN_002861f0	9	
002863c8	FUN_002863c8	FUN_002863c8	24	
002864f0	FUN_002864f0	FUN_002864f0	5	s__position_U_01_00286607 s_infoTitle_U_00_0028661c s_T_title_00_0028662c s_N_root_00_00286638
00286650	FUN_00286650	FUN_00286650	33	
00286754	FUN_00286754	FUN_00286754	7	s_scrollBG_D_00_00286868 s_AN_root_00_0028688f
0028689c	FUN_0028689c	FUN_0028689c	33	
002868ec	FUN_002868ec	FUN_002868ec	7	
00286904	FUN_00286904	FUN_00286904	47	
00286948	FUN_00286948	FUN_00286948	5	
00286a10	FUN_00286a10	FUN_00286a10	42	
00286a68	FUN_00286a68	FUN_00286a68	88	
00286ad0	FUN_00286ad0	FUN_00286ad0	38	
00286ce8	FUN_00286ce8	FUN_00286ce8	13	s_N_stop_00_00286d50
00286d64	FUN_00286d64	FUN_00286d64	43	s_backBtn_D_00_00286ef8
00286f34	FUN_00286f34	FUN_00286f34	36	
00286f54	FUN_00286f54	FUN_00286f54	53	
00286fdc	FUN_00286fdc	FUN_00286fdc	164	
00287048	FUN_00287048	FUN_00287048	96	
002870b0	FUN_002870b0	FUN_002870b0	39	
00287164	FUN_00287164	FUN_00287164	5	s_Search_result02_05_00287230
0028724c	FUN_0028724c	FUN_0028724c	5	s_Search_result02_04_00287314
00287330	FUN_00287330	FUN_00287330	7	
00287590	FUN_00287590	FUN_00287590	7	
002875bc	thunk_FUN_002f36bc	thunk_FUN_002f36bc	12	
002875c0	FUN_002875c0	FUN_002875c0	12	
002875e4	FUN_002875e4	FUN_002875e4	5	
002876f0	FUN_002876f0	FUN_002876f0	99	
00287714	FUN_00287714	FUN_00287714	41	
00287748	FUN_00287748	FUN_00287748	44	
00287760	FUN_00287760	FUN_00287760	12	
00287778	FUN_00287778	FUN_00287778	6	s_T_content_03_0028780c
00287824	FUN_00287824	FUN_00287824	30	
0028782c	FUN_0028782c	FUN_0028782c	88	
00287858	FUN_00287858	FUN_00287858	6	s__position_D_00_00287dcf s_listPos_D_00_00287de4 s_T_label_00_00287df4 s_listBtn_D_00_00287e00 s_listBtn_D_01_00287e10
00287f68	FUN_00287f68	FUN_00287f68	6	
00287f70	FUN_00287f70	FUN_00287f70	10	
002880d4	FUN_002880d4	FUN_002880d4	6	
00288104	FUN_00288104	FUN_00288104	12	
00288178	FUN_00288178	FUN_00288178	13	
00288338	FUN_00288338	FUN_00288338	7	s__position_D_01_00288af7 s__search_D_00_00288b0f s_searchBtn_00_00288b48 s_N_tchArea_00_00288b58 s__B_clearBtn_00_00288e97
00288f54	FUN_00288f54	FUN_00288f54	12	
0028907c	FUN_0028907c	FUN_0028907c	6	
002890b0	FUN_002890b0	FUN_002890b0	5	
00289100	FUN_00289100	FUN_00289100	8	
0028915c	FUN_0028915c	FUN_0028915c	8	
00289200	FUN_00289200	FUN_00289200	7	
0028920c	FUN_0028920c	FUN_0028920c	3	
00289258	FUN_00289258	FUN_00289258	4	
00289280	FUN_00289280	FUN_00289280	5	
002892a4	FUN_002892a4	FUN_002892a4	54	
002892ec	FUN_002892ec	get_field_1f2c_undefined4_002892ec	7	
002892f8	FUN_002892f8	FUN_002892f8	11	
0028936c	FUN_0028936c	FUN_0028936c	26	
00289394	FUN_00289394	FUN_00289394	4	
0028954c	FUN_0028954c	FUN_0028954c	5	
00289834	FUN_00289834	FUN_00289834	8	
0028985c	FUN_0028985c	FUN_0028985c	9	
00289914	FUN_00289914	FUN_00289914	4	
00289990	FUN_00289990	FUN_00289990	12	
00289a04	FUN_00289a04	FUN_00289a04	8	
00289a3c	FUN_00289a3c	FUN_00289a3c	23	
00289b54	FUN_00289b54	FUN_00289b54	11	
00289ba0	FUN_00289ba0	FUN_00289ba0	9	
00289c30	FUN_00289c30	FUN_00289c30	6	
00289c5c	FUN_00289c5c	FUN_00289c5c	5	
00289ca4	FUN_00289ca4	FUN_00289ca4	6	
00289cec	FUN_00289cec	FUN_00289cec	38	
00289d8c	FUN_00289d8c	FUN_00289d8c	6	
00289dd0	FUN_00289dd0	FUN_00289dd0	8	
00289dec	FUN_00289dec	FUN_00289dec	3	
00289e1c	FUN_00289e1c	FUN_00289e1c	3	
00289f98	FUN_00289f98	FUN_00289f98	17	
0028a258	FUN_0028a258	FUN_0028a258	11	
0028a2b8	FUN_0028a2b8	FUN_0028a2b8	28	
0028a35c	FUN_0028a35c	FUN_0028a35c	14	
0028a414	FUN_0028a414	FUN_0028a414	7	
0028a438	FUN_0028a438	FUN_0028a438	14	
0028a45c	FUN_0028a45c	FUN_0028a45c	23	
0028a468	FUN_0028a468	FUN_0028a468	8	
0028a528	FUN_0028a528	FUN_0028a528	5	
0028a69c	FUN_0028a69c	FUN_0028a69c	6	
0028a6d4	FUN_0028a6d4	FUN_0028a6d4	13	
0028a6f0	FUN_0028a6f0	FUN_0028a6f0	6	
0028a734	FUN_0028a734	FUN_0028a734	8	
0028a744	FUN_0028a744	FUN_0028a744	7	
0028a760	FUN_0028a760	FUN_0028a760	7	
0028a788	FUN_0028a788	FUN_0028a788	15	
0028a7b4	FUN_0028a7b4	FUN_0028a7b4	53	
0028a934	FUN_0028a934	FUN_0028a934	6	
0028a994	FUN_0028a994	FUN_0028a994	35	
0028a9d0	FUN_0028a9d0	FUN_0028a9d0	66	s_error_txt01_53_0028ab4c
0028ab5c	FUN_0028ab5c	FUN_0028ab5c	6	
0028ac08	FUN_0028ac08	FUN_0028ac08	5	s__position_D_00_0028b05f s_slideIn_00_0028b070 s_N_tchArea_00_0028b620 s_TitleInfo_PRheading_03_0028be5c s_TitleInfo_heading01_06_0028be74 s_TitleInfo_btn01_16_0028c240 s___c__0028c267 s_wishBtn_D_00_0028c704 s_T_whish_00_0028c714 s_TitleInfo_txt01_17_0028c720 s_inOut_00_0028c734 s_N_wishBtn_D_00_0028c75c s_N_root_00_0028c76c
0028c860	FUN_0028c860	FUN_0028c860	12	
0028c870	FUN_0028c870	FUN_0028c870	5	
0028ca18	FUN_0028ca18	FUN_0028ca18	7	
0028ca28	FUN_0028ca28	FUN_0028ca28	4	
0028ca60	FUN_0028ca60	FUN_0028ca60	429	
0028cac8	FUN_0028cac8	FUN_0028cac8	21	
0028cb3c	FUN_0028cb3c	FUN_0028cb3c	17	
0028cb80	FUN_0028cb80	FUN_0028cb80	52	s_T_info_00_0028cc30 s_N_info_00_0028cc48
0028cc54	FUN_0028cc54	FUN_0028cc54	36	
0028ccf4	FUN_0028ccf4	FUN_0028ccf4	7	
0028cd0c	FUN_0028cd0c	FUN_0028cd0c	37	
0028cd1c	FUN_0028cd1c	FUN_0028cd1c	11	
0028cda4	FUN_0028cda4	field_4_is_nonzero_0028cda4	38	
0028cdb4	FUN_0028cdb4	FUN_0028cdb4	28	
0028ce4c	FUN_0028ce4c	FUN_0028ce4c	19	
0028cf70	FUN_0028cf70	FUN_0028cf70	12	
0028cfb8	FUN_0028cfb8	FUN_0028cfb8	11	
0028cfec	FUN_0028cfec	FUN_0028cfec	10	
0028d048	FUN_0028d048	set_field_d_undefined1_0028d048	4	
0028d054	FUN_0028d054	FUN_0028d054	10	s_N_info_00_0028d0a0
0028d0ac	FUN_0028d0ac	FUN_0028d0ac	18	
0028d0d0	FUN_0028d0d0	FUN_0028d0d0	46	
0028d0e0	FUN_0028d0e0	FUN_0028d0e0	9	
0028d174	FUN_0028d174	FUN_0028d174	35	
0028d2d8	FUN_0028d2d8	FUN_0028d2d8	19	
0028d3a0	FUN_0028d3a0	FUN_0028d3a0	8	
0028d3b0	FUN_0028d3b0	FUN_0028d3b0	8	
0028d3bc	FUN_0028d3bc	FUN_0028d3bc	8	
0028d3cc	FUN_0028d3cc	FUN_0028d3cc	10	
0028d3dc	FUN_0028d3dc	FUN_0028d3dc	10	
0028d3ec	FUN_0028d3ec	FUN_0028d3ec	24	
0028d400	FUN_0028d400	FUN_0028d400	8	
0028d410	FUN_0028d410	FUN_0028d410	59	
0028d420	FUN_0028d420	FUN_0028d420	13	
0028d458	FUN_0028d458	FUN_0028d458	3	
0028d678	FUN_0028d678	FUN_0028d678	5	
0028d6b0	FUN_0028d6b0	FUN_0028d6b0	13	
0028d7b0	FUN_0028d7b0	FUN_0028d7b0	9	s__message_U_00_0028dc8f s_T_message_00_0028dca4 s_Common_txt02_01_0028dcb4 s__position_D_01_0028dccf s__4R__0028dcef s_message_D_00_0028dcf4 s_N_nextPos_00_0028dd04 s_N_root_00_0028dd14 s__t___0028dd47
0028dd78	FUN_0028dd78	FUN_0028dd78	5	
0028dec8	FUN_0028dec8	FUN_0028dec8	5	s__register_U_00_0028e3d7 s_T_hard_00_0028e3e8 s_T_title_00_0028e3f4 s_T_rating_00_0028e400 s_T_block_01_0028e410 s_MemoryCheck_txt01_03_0028e41c s_T_message_00_0028e438 s_P_icon_00_0028e448 s_save_D_00_0028e454 s_T_message_01_0028e468 s_T_button_00_0028e47c s_T_button_01_0028e48c s_T_message_02_0028e498 s_button_00_0028e5f8 s__MemoryCheck_title01_01_0028e60f
0028e630	FUN_0028e630	field_860_is_zero_0028e630	5	
0028e64c	FUN_0028e64c	FUN_0028e64c	66	
0028e71c	FUN_0028e71c	FUN_0028e71c	12	
0028e790	FUN_0028e790	FUN_0028e790	5	
0028e7c4	FUN_0028e7c4	FUN_0028e7c4	10	
0028e804	FUN_0028e804	FUN_0028e804	4	
0028e854	FUN_0028e854	FUN_0028e854	4	
0028e8ec	FUN_0028e8ec	FUN_0028e8ec	6	
0028e958	FUN_0028e958	FUN_0028e958	7	
0028e9c0	FUN_0028e9c0	FUN_0028e9c0	7	
0028ea10	FUN_0028ea10	FUN_0028ea10	7	s__BG_U_01_0028eb1f s_inOut_00_0028eb2c
0028eb40	FUN_0028eb40	FUN_0028eb40	5	
0028eb70	FUN_0028eb70	FUN_0028eb70	85	
0028ebcc	FUN_0028ebcc	FUN_0028ebcc	6	
0028ebdc	FUN_0028ebdc	FUN_0028ebdc	4	
0028ebe8	FUN_0028ebe8	FUN_0028ebe8	33	
0028ec40	FUN_0028ec40	FUN_0028ec40	4	
0028ed54	FUN_0028ed54	FUN_0028ed54	4	
0028ee48	FUN_0028ee48	FUN_0028ee48	52	
0028ee78	FUN_0028ee78	FUN_0028ee78	6	
0028eea0	FUN_0028eea0	FUN_0028eea0	56	
0028ef04	FUN_0028ef04	FUN_0028ef04	4	
0028f004	FUN_0028f004	FUN_0028f004	4	
0028f01c	FUN_0028f01c	FUN_0028f01c	10	
0028f048	FUN_0028f048	FUN_0028f048	20	
0028f070	FUN_0028f070	FUN_0028f070	5	
0028f090	FUN_0028f090	FUN_0028f090	12	s__dialog_U_00_0028f11f s_T_message_00_0028f130 s_inOut_00_0028f140
0028f14c	FUN_0028f14c	FUN_0028f14c	6	
0028f158	FUN_0028f158	FUN_0028f158	18	
0028f188	FUN_0028f188	FUN_0028f188	2	
0028f1d0	FUN_0028f1d0	FUN_0028f1d0	91	
0028f2bc	FUN_0028f2bc	FUN_0028f2bc	126	
0028f2d0	FUN_0028f2d0	FUN_0028f2d0	18	
0028f344	FUN_0028f344	FUN_0028f344	7	
0028f448	FUN_0028f448	FUN_0028f448	7	
0028f45c	FUN_0028f45c	FUN_0028f45c	25	
0028f494	FUN_0028f494	FUN_0028f494	13	
0028f6d4	FUN_0028f6d4	FUN_0028f6d4	18	
0028f6e4	FUN_0028f6e4	FUN_0028f6e4	17	
0028f798	FUN_0028f798	FUN_0028f798	5	
0028f9d0	FUN_0028f9d0	FUN_0028f9d0	6	
0028fa04	FUN_0028fa04	FUN_0028fa04	8	
0028fa90	FUN_0028fa90	FUN_0028fa90	5	
0028fc40	FUN_0028fc40	FUN_0028fc40	19	
0028fc54	FUN_0028fc54	FUN_0028fc54	7	s_P_rating_00_0028fdb0
0028fdc8	FUN_0028fdc8	FUN_0028fdc8	9	s_T_message__02d_002901a8
00290204	FUN_00290204	FUN_00290204	45	
0029024c	FUN_0029024c	FUN_0029024c	14	
00290264	FUN_00290264	FUN_00290264	34	
0029028c	FUN_0029028c	FUN_0029028c	4	
002902b8	FUN_002902b8	FUN_002902b8	4	
00290358	FUN_00290358	FUN_00290358	5	
002903a0	FUN_002903a0	FUN_002903a0	6	
002904e8	FUN_002904e8	FUN_002904e8	10	
00290504	FUN_00290504	FUN_00290504	10	
00290578	FUN_00290578	FUN_00290578	26	
00290670	FUN_00290670	FUN_00290670	8	
002906d0	FUN_002906d0	FUN_002906d0	6	
002908d0	FUN_002908d0	FUN_002908d0	23	
0029093c	FUN_0029093c	FUN_0029093c	5	
00290a0c	FUN_00290a0c	FUN_00290a0c	6	
00290a88	FUN_00290a88	FUN_00290a88	5	
00290bb4	FUN_00290bb4	FUN_00290bb4	5	
00290bf8	FUN_00290bf8	FUN_00290bf8	7	
00290c00	FUN_00290c00	FUN_00290c00	26	
00290c60	FUN_00290c60	FUN_00290c60	21	
00290cb8	FUN_00290cb8	FUN_00290cb8	97	
00290ccc	FUN_00290ccc	FUN_00290ccc	6	
00290d08	FUN_00290d08	FUN_00290d08	6	
00290d34	FUN_00290d34	FUN_00290d34	22	
00290d6c	FUN_00290d6c	FUN_00290d6c	19	
00290da0	FUN_00290da0	FUN_00290da0	5	
00290dac	FUN_00290dac	FUN_00290dac	5	s_T_page_00_00290e08 s_TitleInfo_SSbtn01_02_00290e14
00290e2c	FUN_00290e2c	FUN_00290e2c	5	
00290e6c	FUN_00290e6c	FUN_00290e6c	9	
00290ea8	FUN_00290ea8	FUN_00290ea8	28	
00290f04	FUN_00290f04	FUN_00290f04	15	
00290f50	FUN_00290f50	FUN_00290f50	18	
00290f90	FUN_00290f90	FUN_00290f90	179	
00290fa8	FUN_00290fa8	FUN_00290fa8	10	
00290fb8	FUN_00290fb8	FUN_00290fb8	7	
0029114c	FUN_0029114c	FUN_0029114c	26	
00291174	FUN_00291174	FUN_00291174	5	s_P_icon__02d_00291278
00291294	FUN_00291294	FUN_00291294	43	
002912e8	FUN_002912e8	FUN_002912e8	24	
00291304	FUN_00291304	FUN_00291304	31	
00291668	FUN_00291668	FUN_00291668	37	
0029179c	FUN_0029179c	FUN_0029179c	4	
002917a4	FUN_002917a4	FUN_002917a4	21	
002917b4	FUN_002917b4	FUN_002917b4	60	
00291810	FUN_00291810	FUN_00291810	182	
0029187c	FUN_0029187c	FUN_0029187c	3	
00291884	FUN_00291884	FUN_00291884	53	
00291910	FUN_00291910	FUN_00291910	6	
002919d4	FUN_002919d4	FUN_002919d4	39	
00291a18	FUN_00291a18	FUN_00291a18	5	
00291af4	FUN_00291af4	FUN_00291af4	7	
00291b1c	FUN_00291b1c	FUN_00291b1c	8	
00291b30	FUN_00291b30	FUN_00291b30	4	s__dialog_D_03_00291e57 s_T_message_00_00291e68 s_T_message_01_00291e7c s_T_message_02_00291e90 s_T_decide_00_00291ea0 s_T_decide_01_00291eb0 s_inOut_00_00291ebc s_cancel_00_00291ee4 s_decide_00_00291ef0
00291f20	FUN_00291f20	FUN_00291f20	549	
00291f60	FUN_00291f60	FUN_00291f60	52	
00291fa8	FUN_00291fa8	FUN_00291fa8	18	
00292034	FUN_00292034	FUN_00292034	7	
00292040	FUN_00292040	FUN_00292040	8	
00292050	FUN_00292050	FUN_00292050	7	s_N_tchArea_00_00292394
002923e4	FUN_002923e4	FUN_002923e4	18	
002923f8	FUN_002923f8	FUN_002923f8	536	
00292600	FUN_00292600	FUN_00292600	51	
00292620	FUN_00292620	FUN_00292620	53	
0029270c	FUN_0029270c	FUN_0029270c	2	
00292738	FUN_00292738	FUN_00292738	8	
00292780	FUN_00292780	FUN_00292780	2	
002927ec	FUN_002927ec	FUN_002927ec	3	
0029286c	FUN_0029286c	FUN_0029286c	2	
00292960	FUN_00292960	FUN_00292960	4	
00292984	FUN_00292984	FUN_00292984	64	
002929e0	FUN_002929e0	FUN_002929e0	2	
00292a24	FUN_00292a24	FUN_00292a24	37	
00292a90	FUN_00292a90	FUN_00292a90	3	
00292b48	FUN_00292b48	FUN_00292b48	15	
00292b60	FUN_00292b60	FUN_00292b60	91	
00292c10	FUN_00292c10	FUN_00292c10	234	
00292c5c	FUN_00292c5c	FUN_00292c5c	2	
00292d1c	FUN_00292d1c	FUN_00292d1c	34	
00292dcc	FUN_00292dcc	FUN_00292dcc	6	
00292e20	FUN_00292e20	FUN_00292e20	6	
00292e84	FUN_00292e84	FUN_00292e84	6	
00292ee0	FUN_00292ee0	FUN_00292ee0	71	
00293064	FUN_00293064	FUN_00293064	133	
002930c8	FUN_002930c8	field_18_is_nonzero_002930c8	5	
002930d0	FUN_002930d0	field_10_is_nonzero_002930d0	128	
002930e0	FUN_002930e0	FUN_002930e0	4	
00293230	FUN_00293230	FUN_00293230	7	
002932cc	FUN_002932cc	FUN_002932cc	9	s_SE_DECIDE_SUB_00293380
00293460	FUN_00293460	FUN_00293460	72	
00293510	FUN_00293510	FUN_00293510	48	
00293518	FUN_00293518	FUN_00293518	10	
00293558	FUN_00293558	FUN_00293558	6	s__lookBtn_D_00_002936df s_P_line_00_002936f4 s_N_nextPos_00_00293724
00293734	FUN_00293734	FUN_00293734	3	
0029373c	FUN_0029373c	FUN_0029373c	24	
002937e0	FUN_002937e0	FUN_002937e0	6	
002937f8	FUN_002937f8	FUN_002937f8	6	
00293814	FUN_00293814	FUN_00293814	25	
002938a8	FUN_002938a8	FUN_002938a8	20	
00293904	FUN_00293904	FUN_00293904	6	
00293920	FUN_00293920	FUN_00293920	11	s__other_D_00_00293a8f s_T_title_00_00293a9c s_T_text_00_00293aa8 s_N_nextPos_00_00293ab4
00293ac4	FUN_00293ac4	FUN_00293ac4	11	
00293ae8	FUN_00293ae8	FUN_00293ae8	6	s__other_D_00_00293c6f s_T_title_00_00293c7c s_T_text_00_00293c88 s_N_nextPos_00_00293c94
00293ca4	FUN_00293ca4	FUN_00293ca4	16	
00293cdc	FUN_00293cdc	FUN_00293cdc	12	
00293d1c	FUN_00293d1c	FUN_00293d1c	5	
00293d38	FUN_00293d38	FUN_00293d38	7	
00293db8	FUN_00293db8	FUN_00293db8	6	
00293dd4	FUN_00293dd4	FUN_00293dd4	6	
00293e10	FUN_00293e10	FUN_00293e10	7	
00293e34	FUN_00293e34	FUN_00293e34	18	
00293e40	FUN_00293e40	FUN_00293e40	8	
00293e74	FUN_00293e74	FUN_00293e74	402	
00293e88	FUN_00293e88	FUN_00293e88	8	
00293f64	FUN_00293f64	FUN_00293f64	54	
00293fa0	FUN_00293fa0	FUN_00293fa0	5	
00293fa4	FUN_00293fa4	FUN_00293fa4	593	
00294068	FUN_00294068	FUN_00294068	10	
002940a0	FUN_002940a0	FUN_002940a0	11	
002940e4	FUN_002940e4	FUN_002940e4	6	
00294198	FUN_00294198	FUN_00294198	9	
0029427c	FUN_0029427c	FUN_0029427c	32	
002942d4	FUN_002942d4	FUN_002942d4	61	
00294320	FUN_00294320	FUN_00294320	227	
00294334	FUN_00294334	FUN_00294334	60	
00294348	FUN_00294348	FUN_00294348	128	
00294394	FUN_00294394	FUN_00294394	63	
002943f0	FUN_002943f0	FUN_002943f0	4	s__finishB_U_00_002946d7
002946f8	FUN_002946f8	field_2680_is_zero_002946f8	5	
00294718	FUN_00294718	FUN_00294718	5	
00294750	FUN_00294750	FUN_00294750	56	
00294768	FUN_00294768	FUN_00294768	90	s_error_txt01_107_00294ae8 s_error_txt01_53_00294b14
00294b24	FUN_00294b24	FUN_00294b24	45	
00294b84	FUN_00294b84	FUN_00294b84	4	
00294bd8	FUN_00294bd8	FUN_00294bd8	93	s_loadingIcon_00_00294d98 s_N_root_00_00294db4
00294df8	FUN_00294df8	FUN_00294df8	8	
00294e40	FUN_00294e40	FUN_00294e40	4	s__finish_U_00_00295137 s_Regi_title01_02_0029515c s_Regi_thankyou02_03_00295194 s_Regi_thankyou02_04_00295180 s__SE_OK_002951af s_noticeBtn_00_002951cc s_Regi_title01_03_0029539c s_T_thankyou_00_002951dc s_Regi_thankyou01_03_002953ac s_T_message_00_00295200 s_Regi_thankyou02_06_002953c0 s_Regi_thankyou01_01_002951ec s_Regi_thankyou02_01_00295210
002953f4	FUN_002953f4	FUN_002953f4	5	
002954f4	FUN_002954f4	callback_assign_002954f4	936	
0029555c	FUN_0029555c	FUN_0029555c	13	
002955d0	FUN_002955d0	FUN_002955d0	10	
002958f4	FUN_002958f4	get_field_210c_undefined4_002958f4	4	
00295900	FUN_00295900	FUN_00295900	2	s__error_txt01_64_00295c6f
00295d80	FUN_00295d80	FUN_00295d80	406	
00295e1c	FUN_00295e1c	FUN_00295e1c	10	
00295ee4	FUN_00295ee4	FUN_00295ee4	294	
00295f04	FUN_00295f04	FUN_00295f04	474	
00295f10	FUN_00295f10	FUN_00295f10	474	
00295f28	FUN_00295f28	FUN_00295f28	4	
00295f50	FUN_00295f50	FUN_00295f50	44	
00295f80	FUN_00295f80	FUN_00295f80	97	
00296060	FUN_00296060	FUN_00296060	491	
0029610c	FUN_0029610c	FUN_0029610c	3	
00296124	FUN_00296124	FUN_00296124	70	
002961ac	FUN_002961ac	FUN_002961ac	41	
002961f4	FUN_002961f4	FUN_002961f4	8	
00296200	FUN_00296200	FUN_00296200	148	
0029654c	FUN_0029654c	FUN_0029654c	38	
002965a8	FUN_002965a8	FUN_002965a8	213	
002965d0	FUN_002965d0	FUN_002965d0	3	
002965d8	FUN_002965d8	layout_find_pane_handle_002965d8	591	
00296618	FUN_00296618	FUN_00296618	389	
00296a18	FUN_00296a18	FUN_00296a18	10	
00296a38	FUN_00296a38	FUN_00296a38	8	
00296a70	FUN_00296a70	FUN_00296a70	22	
00296a8c	FUN_00296a8c	FUN_00296a8c	6	
00296dfc	FUN_00296dfc	FUN_00296dfc	6	
00297170	FUN_00297170	FUN_00297170	14	
00297980	FUN_00297980	FUN_00297980	8	
00297a0c	FUN_00297a0c	FUN_00297a0c	6	
00297bc4	FUN_00297bc4	FUN_00297bc4	56	
00297c78	FUN_00297c78	FUN_00297c78	8	
00297d54	FUN_00297d54	FUN_00297d54	7	
00297e30	FUN_00297e30	FUN_00297e30	6	
00297f4c	FUN_00297f4c	FUN_00297f4c	18	
00297fa8	FUN_00297fa8	FUN_00297fa8	15	
00298028	FUN_00298028	FUN_00298028	5	
00298154	FUN_00298154	FUN_00298154	22	
00298288	FUN_00298288	FUN_00298288	30	
00298394	FUN_00298394	FUN_00298394	30	
00298458	FUN_00298458	FUN_00298458	13	
002988a0	FUN_002988a0	FUN_002988a0	40	
002989d8	FUN_002989d8	FUN_002989d8	40	
00298b10	FUN_00298b10	FUN_00298b10	20	
00298b5c	FUN_00298b5c	FUN_00298b5c	5	
00298b6c	FUN_00298b6c	FUN_00298b6c	6	
00298b74	FUN_00298b74	FUN_00298b74	6	
00298c14	FUN_00298c14	FUN_00298c14	29	
00298f28	FUN_00298f28	FUN_00298f28	10	
002991f0	FUN_002991f0	FUN_002991f0	12	
00299254	FUN_00299254	FUN_00299254	14	
00299360	FUN_00299360	FUN_00299360	5	
00299418	FUN_00299418	FUN_00299418	9	
00299498	FUN_00299498	FUN_00299498	11	
002994f8	FUN_002994f8	FUN_002994f8	5	
00299508	FUN_00299508	FUN_00299508	85	
0029955c	FUN_0029955c	FUN_0029955c	5	
00299724	FUN_00299724	FUN_00299724	6	
0029989c	FUN_0029989c	FUN_0029989c	20	
002998d8	FUN_002998d8	FUN_002998d8	3	
00299aee	FUN_00299aee	FUN_00299aee	4	
00299b78	FUN_00299b78	FUN_00299b78	21	
00299bd0	FUN_00299bd0	FUN_00299bd0	19	
00299c28	FUN_00299c28	get_field_20_undefined8_00299c28	81	
00299c38	FUN_00299c38	FUN_00299c38	95	
00299f50	FUN_00299f50	FUN_00299f50	61	
0029a184	FUN_0029a184	FUN_0029a184	18	
0029a238	FUN_0029a238	FUN_0029a238	183	
0029a29c	FUN_0029a29c	FUN_0029a29c	104	
0029a360	FUN_0029a360	FUN_0029a360	158	
0029a3d0	FUN_0029a3d0	FUN_0029a3d0	21	
0029a3f4	FUN_0029a3f4	FUN_0029a3f4	161	
0029a404	FUN_0029a404	FUN_0029a404	5	
0029a488	FUN_0029a488	FUN_0029a488	19	
0029a578	FUN_0029a578	FUN_0029a578	24	
0029a5a4	FUN_0029a5a4	FUN_0029a5a4	8	
0029a5bc	FUN_0029a5bc	FUN_0029a5bc	7	
0029a5c8	FUN_0029a5c8	FUN_0029a5c8	7	
0029a6fc	FUN_0029a6fc	FUN_0029a6fc	8	
0029a744	FUN_0029a744	FUN_0029a744	12	
0029a7a0	FUN_0029a7a0	FUN_0029a7a0	5	
0029a7cc	FUN_0029a7cc	FUN_0029a7cc	6	
0029aa44	FUN_0029aa44	FUN_0029aa44	8	
0029aa78	FUN_0029aa78	FUN_0029aa78	13	
0029aaf8	FUN_0029aaf8	FUN_0029aaf8	9	
0029af70	FUN_0029af70	FUN_0029af70	14	
0029af88	FUN_0029af88	FUN_0029af88	7	
0029b004	FUN_0029b004	FUN_0029b004	6	
0029b16c	FUN_0029b16c	FUN_0029b16c	9	
0029b1f8	FUN_0029b1f8	FUN_0029b1f8	34	
0029b2cc	FUN_0029b2cc	FUN_0029b2cc	13	
0029b318	FUN_0029b318	section_find_fourcc_0029b318	6	
0029b380	FUN_0029b380	FUN_0029b380	5	
0029b410	FUN_0029b410	FUN_0029b410	180	
0029b468	FUN_0029b468	FUN_0029b468	76	
0029b4b0	FUN_0029b4b0	FUN_0029b4b0	16	
0029b7a0	FUN_0029b7a0	copy_bytes_forward_0029b7a0	43	
0029bec4	thunk_FUN_0029bed6	thunk_FUN_0029bed6	4	
0029bed6	FUN_0029bed6	FUN_0029bed6	20	
0029bee4	FUN_0029bee4	FUN_0029bee4	5	
0029bfc0	FUN_0029bfc0	FUN_0029bfc0	9	
0029bfd0	FUN_0029bfd0	FUN_0029bfd0	15	
0029bfe0	FUN_0029bfe0	FUN_0029bfe0	11	
0029bff8	FUN_0029bff8	FUN_0029bff8	19	
0029c04c	FUN_0029c04c	FUN_0029c04c	8	
0029c144	FUN_0029c144	FUN_0029c144	4	
0029c1a4	FUN_0029c1a4	FUN_0029c1a4	10	
0029c234	FUN_0029c234	FUN_0029c234	10	
0029c2fc	FUN_0029c2fc	FUN_0029c2fc	5	
0029c3e0	FUN_0029c3e0	FUN_0029c3e0	60	
0029c420	FUN_0029c420	FUN_0029c420	5	
0029c448	FUN_0029c448	FUN_0029c448	14	
0029c500	FUN_0029c500	FUN_0029c500	18	
0029c518	FUN_0029c518	FUN_0029c518	5	
0029c6cc	FUN_0029c6cc	FUN_0029c6cc	5	
0029c748	FUN_0029c748	FUN_0029c748	20	
0029c778	FUN_0029c778	FUN_0029c778	20	
0029c85c	FUN_0029c85c	FUN_0029c85c	58	
0029c9f0	FUN_0029c9f0	FUN_0029c9f0	10	
0029ca50	thunk_FUN_00120864	thunk_FUN_00120864	27	
0029ca54	FUN_0029ca54	FUN_0029ca54	20	
0029ca80	FUN_0029ca80	FUN_0029ca80	3	
0029cb10	thunk_FUN_00120830	thunk_FUN_00120830	15	
0029cb14	FUN_0029cb14	FUN_0029cb14	5	
0029cb60	FUN_0029cb60	FUN_0029cb60	5	
0029cb70	FUN_0029cb70	FUN_0029cb70	6	
0029cb80	FUN_0029cb80	FUN_0029cb80	6	
0029cbbc	FUN_0029cbbc	FUN_0029cbbc	9	
0029cc40	FUN_0029cc40	FUN_0029cc40	9	
0029cc90	FUN_0029cc90	FUN_0029cc90	5	
0029ccb4	FUN_0029ccb4	FUN_0029ccb4	6	
0029cea8	FUN_0029cea8	FUN_0029cea8	10	
0029ced4	FUN_0029ced4	FUN_0029ced4	13	
0029cee4	FUN_0029cee4	FUN_0029cee4	7	
0029cef4	FUN_0029cef4	FUN_0029cef4	5	
0029cf04	FUN_0029cf04	FUN_0029cf04	11	
0029cf14	FUN_0029cf14	FUN_0029cf14	6	
0029cf24	FUN_0029cf24	FUN_0029cf24	19	
0029cf30	FUN_0029cf30	FUN_0029cf30	6	
0029cf44	FUN_0029cf44	FUN_0029cf44	5	
0029cf98	FUN_0029cf98	FUN_0029cf98	11	
0029cfe0	FUN_0029cfe0	FUN_0029cfe0	8	
0029d078	FUN_0029d078	FUN_0029d078	70	
0029d084	FUN_0029d084	FUN_0029d084	37	
0029d090	FUN_0029d090	FUN_0029d090	50	
0029d0a0	FUN_0029d0a0	FUN_0029d0a0	5	
0029d10c	FUN_0029d10c	FUN_0029d10c	6	
0029d198	FUN_0029d198	FUN_0029d198	9	
0029d224	FUN_0029d224	FUN_0029d224	6	
0029d29c	FUN_0029d29c	FUN_0029d29c	7	
0029d2fc	FUN_0029d2fc	FUN_0029d2fc	5	
0029d468	FUN_0029d468	FUN_0029d468	5	
0029d56c	FUN_0029d56c	FUN_0029d56c	18	
0029d634	FUN_0029d634	FUN_0029d634	7	
0029d64c	FUN_0029d64c	FUN_0029d64c	5	
0029d6dc	FUN_0029d6dc	FUN_0029d6dc	5	
0029d77c	FUN_0029d77c	FUN_0029d77c	41	
0029d78c	FUN_0029d78c	FUN_0029d78c	2	
0029d858	FUN_0029d858	FUN_0029d858	3	
0029d864	FUN_0029d864	FUN_0029d864	4	
0029da80	FUN_0029da80	FUN_0029da80	11	
0029da90	FUN_0029da90	FUN_0029da90	5	
0029daa8	FUN_0029daa8	FUN_0029daa8	10	
0029e000	FUN_0029e000	FUN_0029e000	6	
0029e080	FUN_0029e080	FUN_0029e080	5	
0029e130	FUN_0029e130	FUN_0029e130	7	
0029e218	FUN_0029e218	FUN_0029e218	6	
0029e2a8	FUN_0029e2a8	FUN_0029e2a8	5	
0029e370	FUN_0029e370	FUN_0029e370	5	
0029e408	FUN_0029e408	FUN_0029e408	32	
0029e418	FUN_0029e418	FUN_0029e418	5	
0029e480	FUN_0029e480	FUN_0029e480	5	
0029e4ac	FUN_0029e4ac	FUN_0029e4ac	16	
0029e4e4	thunk_FUN_0029e4f0	thunk_FUN_0029e4f0	12	
0029e4f0	FUN_0029e4f0	compare_bytes_0029e4f0	76	
0029e564	FUN_0029e564	FUN_0029e564	8	
0029e594	FUN_0029e594	FUN_0029e594	10	
0029e630	FUN_0029e630	FUN_0029e630	93	
0029e654	FUN_0029e654	FUN_0029e654	6	
0029e790	FUN_0029e790	FUN_0029e790	6	
0029ebd4	FUN_0029ebd4	FUN_0029ebd4	5	
0029ec98	FUN_0029ec98	FUN_0029ec98	6	
0029eddc	FUN_0029eddc	FUN_0029eddc	6	
0029ede8	FUN_0029ede8	FUN_0029ede8	5	
0029edf8	FUN_0029edf8	FUN_0029edf8	6	
0029ee08	FUN_0029ee08	FUN_0029ee08	9	
0029ee28	FUN_0029ee28	FUN_0029ee28	7	
0029ee6c	FUN_0029ee6c	FUN_0029ee6c	13	
0029ee84	FUN_0029ee84	FUN_0029ee84	3	
0029ee98	FUN_0029ee98	FUN_0029ee98	7	
0029ef08	FUN_0029ef08	FUN_0029ef08	6	
0029ef18	FUN_0029ef18	FUN_0029ef18	5	
0029ef44	FUN_0029ef44	FUN_0029ef44	5	
0029ef94	FUN_0029ef94	FUN_0029ef94	6	
0029f07c	FUN_0029f07c	FUN_0029f07c	11	
0029f0a8	FUN_0029f0a8	FUN_0029f0a8	30	
0029f658	FUN_0029f658	FUN_0029f658	17	
0029f68c	FUN_0029f68c	FUN_0029f68c	5	
0029f694	FUN_0029f694	FUN_0029f694	20	
0029f74c	FUN_0029f74c	FUN_0029f74c	7	
0029f874	FUN_0029f874	FUN_0029f874	7	
0029f940	FUN_0029f940	FUN_0029f940	7	
0029faf0	FUN_0029faf0	FUN_0029faf0	7	
0029fc34	thunk_FUN_0011ccb8	thunk_FUN_0011ccb8	66	
0029fc38	FUN_0029fc38	FUN_0029fc38	6	
0029fc50	FUN_0029fc50	FUN_0029fc50	13	
0029feb4	FUN_0029feb4	FUN_0029feb4	34	
0029ffe4	FUN_0029ffe4	FUN_0029ffe4	6	
002a0278	FUN_002a0278	FUN_002a0278	8	
002a02a4	FUN_002a02a4	FUN_002a02a4	11	
002a0324	FUN_002a0324	FUN_002a0324	8	
002a0388	FUN_002a0388	FUN_002a0388	39	
002a03e0	FUN_002a03e0	FUN_002a03e0	14	
002a0450	FUN_002a0450	FUN_002a0450	6	
002a05ac	FUN_002a05ac	FUN_002a05ac	18	
002a0620	FUN_002a0620	FUN_002a0620	6	
002a0650	FUN_002a0650	FUN_002a0650	10	
002a0964	FUN_002a0964	string16_length_002a0964	91	
002a0978	FUN_002a0978	FUN_002a0978	7	
002a097c	FUN_002a097c	FUN_002a097c	12	
002a09b0	FUN_002a09b0	FUN_002a09b0	9	
002a0b48	FUN_002a0b48	FUN_002a0b48	9	
002a1384	FUN_002a1384	FUN_002a1384	10	
002a1568	FUN_002a1568	FUN_002a1568	5	
002a1820	FUN_002a1820	FUN_002a1820	4	
002a182c	FUN_002a182c	FUN_002a182c	12	
002a1994	FUN_002a1994	FUN_002a1994	6	
002a19d8	FUN_002a19d8	FUN_002a19d8	22	
002a19fc	FUN_002a19fc	FUN_002a19fc	2	
002a1b5c	FUN_002a1b5c	FUN_002a1b5c	34	
002a1b78	FUN_002a1b78	FUN_002a1b78	5	
002a3610	FUN_002a3610	FUN_002a3610	8	
002a375c	FUN_002a375c	FUN_002a375c	5	
002a384c	FUN_002a384c	FUN_002a384c	8	
002a3908	FUN_002a3908	FUN_002a3908	5	
002a4b14	FUN_002a4b14	FUN_002a4b14	5	
002a4c34	FUN_002a4c34	FUN_002a4c34	5	
002a4d4c	FUN_002a4d4c	FUN_002a4d4c	40	
002a4ec4	FUN_002a4ec4	FUN_002a4ec4	4	
002a4f08	FUN_002a4f08	FUN_002a4f08	68	
002a4f28	FUN_002a4f28	FUN_002a4f28	5	
002a4fb4	FUN_002a4fb4	FUN_002a4fb4	10	
002a4fc8	FUN_002a4fc8	FUN_002a4fc8	12	
002a5040	FUN_002a5040	FUN_002a5040	11	
002a5050	FUN_002a5050	FUN_002a5050	5	
002a5060	FUN_002a5060	FUN_002a5060	5	
002a5070	FUN_002a5070	FUN_002a5070	5	
002a50a8	FUN_002a50a8	FUN_002a50a8	5	
002a50d0	FUN_002a50d0	FUN_002a50d0	85	
002a5140	FUN_002a5140	FUN_002a5140	10	
002a5230	FUN_002a5230	FUN_002a5230	17	
002a523c	FUN_002a523c	FUN_002a523c	5	
002a524c	FUN_002a524c	FUN_002a524c	10	
002a5260	FUN_002a5260	FUN_002a5260	9	
002a5270	FUN_002a5270	FUN_002a5270	6	
002a5280	FUN_002a5280	FUN_002a5280	5	
002a5344	FUN_002a5344	FUN_002a5344	12	
002a5374	FUN_002a5374	FUN_002a5374	6	
002a53d4	FUN_002a53d4	FUN_002a53d4	12	
002a5438	FUN_002a5438	FUN_002a5438	7	
002a54d8	FUN_002a54d8	FUN_002a54d8	7	
002a54e8	FUN_002a54e8	FUN_002a54e8	9	
002a582c	FUN_002a582c	FUN_002a582c	11	
002a597c	FUN_002a597c	FUN_002a597c	9	
002a59f0	FUN_002a59f0	FUN_002a59f0	4	
002a5aa8	FUN_002a5aa8	FUN_002a5aa8	40	
002a5ac0	FUN_002a5ac0	FUN_002a5ac0	16	
002a5b48	FUN_002a5b48	FUN_002a5b48	13	
002a5ba0	FUN_002a5ba0	FUN_002a5ba0	20	
002a5c34	FUN_002a5c34	FUN_002a5c34	18	
002a5cec	FUN_002a5cec	FUN_002a5cec	5	
002a5d88	FUN_002a5d88	FUN_002a5d88	26	
002a5da8	FUN_002a5da8	FUN_002a5da8	26	
002a5dd0	FUN_002a5dd0	FUN_002a5dd0	6	
002a5ecc	FUN_002a5ecc	FUN_002a5ecc	5	
002a5fd4	FUN_002a5fd4	FUN_002a5fd4	3	
002a5ff4	FUN_002a5ff4	FUN_002a5ff4	56	
002a6010	FUN_002a6010	FUN_002a6010	14	
002a6020	FUN_002a6020	FUN_002a6020	20	
002a6030	FUN_002a6030	FUN_002a6030	345	
002a6188	FUN_002a6188	scheduled_callback_initialize_002a6188	990	
002a61ac	FUN_002a61ac	FUN_002a61ac	11	
002a65e4	FUN_002a65e4	FUN_002a65e4	12	
002a6600	FUN_002a6600	FUN_002a6600	6	
002a6610	FUN_002a6610	FUN_002a6610	9	
002a6630	FUN_002a6630	FUN_002a6630	15	
002a6640	FUN_002a6640	FUN_002a6640	8	
002a67b4	FUN_002a67b4	FUN_002a67b4	7	
002a67b8	FUN_002a67b8	FUN_002a67b8	139	
002a6814	FUN_002a6814	FUN_002a6814	3	
002a685c	FUN_002a685c	FUN_002a685c	316	
002a687c	FUN_002a687c	FUN_002a687c	5	
002a68d8	FUN_002a68d8	FUN_002a68d8	7	
002a68ec	FUN_002a68ec	FUN_002a68ec	237	
002a6924	FUN_002a6924	FUN_002a6924	11	
002a69c4	FUN_002a69c4	FUN_002a69c4	6	
002a69e8	FUN_002a69e8	FUN_002a69e8	7	
002a6b44	FUN_002a6b44	FUN_002a6b44	7	
002a6b78	FUN_002a6b78	FUN_002a6b78	25	
002a6bac	FUN_002a6bac	FUN_002a6bac	75	
002a6bdc	FUN_002a6bdc	FUN_002a6bdc	3	
002a6c00	FUN_002a6c00	FUN_002a6c00	52	
002a6c70	FUN_002a6c70	FUN_002a6c70	53	
002a6ca4	FUN_002a6ca4	FUN_002a6ca4	3	
002a6cb4	FUN_002a6cb4	FUN_002a6cb4	20	
002a6dd8	FUN_002a6dd8	FUN_002a6dd8	20	
002a6e2c	FUN_002a6e2c	FUN_002a6e2c	44	
002a6e74	FUN_002a6e74	FUN_002a6e74	12	
002a6e8c	FUN_002a6e8c	FUN_002a6e8c	16	
002a6ea4	FUN_002a6ea4	FUN_002a6ea4	16	
002a6ec8	FUN_002a6ec8	FUN_002a6ec8	5	
002a6fe8	FUN_002a6fe8	FUN_002a6fe8	5	
002a7000	FUN_002a7000	FUN_002a7000	12	
002a7018	FUN_002a7018	FUN_002a7018	12	
002a7030	FUN_002a7030	heap_allocate_aligned4_002a7030	2514	
002a707c	FUN_002a707c	FUN_002a707c	11	
002a708c	FUN_002a708c	FUN_002a708c	12	
002a709c	FUN_002a709c	FUN_002a709c	7	
002a7218	FUN_002a7218	FUN_002a7218	5	
002a7320	FUN_002a7320	FUN_002a7320	7	
002a73a0	FUN_002a73a0	FUN_002a73a0	5	s_std__ios__badbit__std__ios__fail_002a7410
002a7490	FUN_002a7490	FUN_002a7490	113	
002a7504	FUN_002a7504	FUN_002a7504	8	
002a7508	FUN_002a7508	FUN_002a7508	26	
002a7518	FUN_002a7518	FUN_002a7518	3	
002a764c	FUN_002a764c	FUN_002a764c	69	
002a7740	FUN_002a7740	FUN_002a7740	5	
002a7764	FUN_002a7764	FUN_002a7764	5	
002a77aa	FUN_002a77aa	FUN_002a77aa	6	
002a77c4	FUN_002a77c4	FUN_002a77c4	5	
002a7804	FUN_002a7804	FUN_002a7804	6	
002a783c	FUN_002a783c	guard_set_once_002a783c	81	
002a7850	FUN_002a7850	FUN_002a7850	5	
002a7864	FUN_002a7864	FUN_002a7864	4	
002a7902	FUN_002a7902	FUN_002a7902	3	
002a796c	FUN_002a796c	FUN_002a796c	3	
002a7a54	FUN_002a7a54	FUN_002a7a54	2	
002a7b94	FUN_002a7b94	FUN_002a7b94	195	
002a7b98	FUN_002a7b98	FUN_002a7b98	5	
002a7be8	FUN_002a7be8	FUN_002a7be8	3	
002a7bec	FUN_002a7bec	heap_free_if_nonnull_002a7bec	351	
002a7c18	FUN_002a7c18	FUN_002a7c18	4	
002a7c2c	FUN_002a7c2c	FUN_002a7c2c	5	
002a7c78	FUN_002a7c78	FUN_002a7c78	3	
002a7cc4	FUN_002a7cc4	FUN_002a7cc4	3	
002a7d08	FUN_002a7d08	FUN_002a7d08	8	
002a7d24	FUN_002a7d24	FUN_002a7d24	50	
002a7d54	FUN_002a7d54	FUN_002a7d54	13	
002a7dc8	FUN_002a7dc8	FUN_002a7dc8	9	
002a7e38	FUN_002a7e38	FUN_002a7e38	43	
002a7ec4	FUN_002a7ec4	FUN_002a7ec4	3	
002a7f5c	FUN_002a7f5c	heap_free_wrapper_002a7f5c	1461	
002a7f64	FUN_002a7f64	heap_allocate_or_report_002a7f64	540	
002a7f88	FUN_002a7f88	FUN_002a7f88	100	
002a8104	FUN_002a8104	FUN_002a8104	15	
002a8134	FUN_002a8134	FUN_002a8134	58	
002a8158	FUN_002a8158	FUN_002a8158	3	
002a81f0	FUN_002a81f0	copy_bytes_forward_002a81f0	335	
002a8278	FUN_002a8278	FUN_002a8278	29	
002a84a6	FUN_002a84a6	FUN_002a84a6	2	
002a88b4	FUN_002a88b4	FUN_002a88b4	6	
002a88e4	FUN_002a88e4	FUN_002a88e4	159	
002a892c	FUN_002a892c	FUN_002a892c	17	
002a8938	FUN_002a8938	FUN_002a8938	97	
002a8974	FUN_002a8974	FUN_002a8974	6	
002a8984	FUN_002a8984	FUN_002a8984	17	
002a8990	FUN_002a8990	FUN_002a8990	23	
002a899c	FUN_002a899c	FUN_002a899c	7	
002a89a4	FUN_002a89a4	FUN_002a89a4	23	
002a89b8	FUN_002a89b8	FUN_002a89b8	5	
002a8a50	FUN_002a8a50	FUN_002a8a50	6	
002a8b00	FUN_002a8b00	FUN_002a8b00	3	
002a8b16	FUN_002a8b16	FUN_002a8b16	4	
002a8b2c	FUN_002a8b2c	FUN_002a8b2c	11	
002a8b58	FUN_002a8b58	FUN_002a8b58	9	
002a8b7a	FUN_002a8b7a	FUN_002a8b7a	4	
002a8b94	FUN_002a8b94	cow_string_assign_cstring_002a8b94	45	
002a8be4	FUN_002a8be4	FUN_002a8be4	5	
002a8c28	FUN_002a8c28	FUN_002a8c28	6	
002a8c68	FUN_002a8c68	FUN_002a8c68	6	
002a8c7e	FUN_002a8c7e	FUN_002a8c7e	7	
002a8ca4	FUN_002a8ca4	FUN_002a8ca4	14	
002a8cc4	FUN_002a8cc4	FUN_002a8cc4	7	
002a8cdc	FUN_002a8cdc	FUN_002a8cdc	22	
002a8d5c	FUN_002a8d5c	copy_bytes_return_destination_002a8d5c	7	
002a8d68	thunk_FUN_002a8d70	thunk_FUN_002a8d70	8	
002a8d70	FUN_002a8d70	FUN_002a8d70	6	
002a8df8	FUN_002a8df8	FUN_002a8df8	278	
002a8e04	thunk_FUN_002a8e0c	forward_cow_string_copy_construct_002a8e04	15	
002a8e0c	FUN_002a8e0c	cow_string_copy_construct_002a8e0c	64	
002a8e48	FUN_002a8e48	cow_string_construct_from_cstring_002a8e48	124	
002a8e8c	FUN_002a8e8c	FUN_002a8e8c	3	
002a8ea8	FUN_002a8ea8	heap_allocate_aligned4_002a8ea8	3	
002a8eac	FUN_002a8eac	heap_allocate_aligned4_002a8eac	204	
002a8ef8	FUN_002a8ef8	heap_free_if_nonnull_002a8ef8	90	
002a8f1c	FUN_002a8f1c	cstring_copy_002a8f1c	6	
002a8f84	FUN_002a8f84	heap_allocate_wrapper_002a8f84	12	
002a8f8c	FUN_002a8f8c	cstring_length_002a8f8c	252	
002a8fec	FUN_002a8fec	FUN_002a8fec	2	
002a8ffc	FUN_002a8ffc	heap_free_if_nonnull_002a8ffc	1534	
002a9020	FUN_002a9020	runtime_report_error_002a9020	331	
002a9080	FUN_002a9080	heap_allocate_with_retry_002a9080	8	
002a90a8	FUN_002a90a8	FUN_002a90a8	3	
002a97c8	FUN_002a97c8	FUN_002a97c8	3	
002a98b0	FUN_002a98b0	FUN_002a98b0	3	
002a9a48	FUN_002a9a48	FUN_002a9a48	3	
002a9ae8	FUN_002a9ae8	FUN_002a9ae8	3	
002a9b90	FUN_002a9b90	FUN_002a9b90	3	
002a9d1c	FUN_002a9d1c	FUN_002a9d1c	3	
002a9fac	FUN_002a9fac	FUN_002a9fac	3	
002aa178	FUN_002aa178	FUN_002aa178	2	
002aa1cc	FUN_002aa1cc	FUN_002aa1cc	3	
002aa570	FUN_002aa570	FUN_002aa570	2	
002aa5c0	FUN_002aa5c0	FUN_002aa5c0	3	
002aaca0	FUN_002aaca0	FUN_002aaca0	2	
002ab328	FUN_002ab328	FUN_002ab328	4	
002ab384	FUN_002ab384	FUN_002ab384	3	
002ab4e0	FUN_002ab4e0	FUN_002ab4e0	2	
002ab810	FUN_002ab810	FUN_002ab810	2	
002ab860	FUN_002ab860	FUN_002ab860	3	
002aba2c	FUN_002aba2c	FUN_002aba2c	2	
002abd18	FUN_002abd18	FUN_002abd18	3	
002abd3c	FUN_002abd3c	FUN_002abd3c	4	
002abe74	FUN_002abe74	FUN_002abe74	2	
002abedc	FUN_002abedc	FUN_002abedc	2	
002abf0c	FUN_002abf0c	FUN_002abf0c	2	
002abf3c	FUN_002abf3c	FUN_002abf3c	2	
002ac060	FUN_002ac060	FUN_002ac060	2	
002ac070	FUN_002ac070	FUN_002ac070	2	
002ac19c	FUN_002ac19c	FUN_002ac19c	2	
002ac2cc	FUN_002ac2cc	FUN_002ac2cc	2	
002ac3fc	FUN_002ac3fc	FUN_002ac3fc	2	
002ac52c	FUN_002ac52c	FUN_002ac52c	2	
002ac558	FUN_002ac558	FUN_002ac558	2	
002ac65c	FUN_002ac65c	FUN_002ac65c	2	
002ac78c	FUN_002ac78c	FUN_002ac78c	2	
002ac79c	FUN_002ac79c	FUN_002ac79c	2	
002ac8cc	FUN_002ac8cc	FUN_002ac8cc	2	
002ac9e4	FUN_002ac9e4	FUN_002ac9e4	3	
002ac9f0	FUN_002ac9f0	FUN_002ac9f0	3	
002aca70	FUN_002aca70	FUN_002aca70	3	
002acab0	FUN_002acab0	FUN_002acab0	2	
002acbd8	FUN_002acbd8	FUN_002acbd8	2	
002acc2c	FUN_002acc2c	FUN_002acc2c	3	
002acd00	FUN_002acd00	FUN_002acd00	3	
002acdf8	FUN_002acdf8	FUN_002acdf8	2	
002ace48	FUN_002ace48	FUN_002ace48	3	
002ad050	FUN_002ad050	FUN_002ad050	2	
002ad39c	FUN_002ad39c	FUN_002ad39c	3	
002ad664	FUN_002ad664	FUN_002ad664	2	
002ad6b4	FUN_002ad6b4	FUN_002ad6b4	3	
002adb64	FUN_002adb64	FUN_002adb64	2	
002ade68	FUN_002ade68	FUN_002ade68	4	
002adea4	FUN_002adea4	FUN_002adea4	3	
002adee0	FUN_002adee0	FUN_002adee0	3	
002ae03c	FUN_002ae03c	FUN_002ae03c	3	
002ae0e0	FUN_002ae0e0	FUN_002ae0e0	3	
002ae1c0	FUN_002ae1c0	FUN_002ae1c0	2	
002ae220	FUN_002ae220	FUN_002ae220	2	
002ae268	FUN_002ae268	FUN_002ae268	2	
002ae2bc	FUN_002ae2bc	FUN_002ae2bc	3	
002ae2cc	FUN_002ae2cc	FUN_002ae2cc	3	
002ae374	FUN_002ae374	FUN_002ae374	3	
002ae44c	FUN_002ae44c	FUN_002ae44c	3	
002aedcc	FUN_002aedcc	FUN_002aedcc	3	
002af1f4	FUN_002af1f4	FUN_002af1f4	2	
002af27c	FUN_002af27c	FUN_002af27c	3	
002af2b4	FUN_002af2b4	FUN_002af2b4	2	
002b0028	FUN_002b0028	FUN_002b0028	3	
002b0074	FUN_002b0074	FUN_002b0074	2	
002b086c	FUN_002b086c	FUN_002b086c	2	
002b0b9c	FUN_002b0b9c	FUN_002b0b9c	3	
002b0cf0	FUN_002b0cf0	FUN_002b0cf0	3	
002b18c0	FUN_002b18c0	FUN_002b18c0	2	
002b192c	FUN_002b192c	FUN_002b192c	4	
002b1968	FUN_002b1968	FUN_002b1968	4	
002b1b98	FUN_002b1b98	FUN_002b1b98	4	
002b1dcc	FUN_002b1dcc	FUN_002b1dcc	3	
002b20b4	FUN_002b20b4	FUN_002b20b4	3	
002b2100	FUN_002b2100	FUN_002b2100	2	
002b23e8	FUN_002b23e8	FUN_002b23e8	2	
002b2440	FUN_002b2440	FUN_002b2440	3	
002b26c4	FUN_002b26c4	FUN_002b26c4	2	
002b2704	FUN_002b2704	FUN_002b2704	2	
002b27bc	FUN_002b27bc	FUN_002b27bc	2	
002b2858	FUN_002b2858	FUN_002b2858	3	
002b2a44	FUN_002b2a44	FUN_002b2a44	3	
002b3070	FUN_002b3070	FUN_002b3070	2	
002b319c	FUN_002b319c	FUN_002b319c	3	
002b3270	FUN_002b3270	FUN_002b3270	3	
002b32bc	FUN_002b32bc	FUN_002b32bc	2	
002b3480	FUN_002b3480	FUN_002b3480	2	
002b34c0	FUN_002b34c0	FUN_002b34c0	3	
002b3e94	FUN_002b3e94	FUN_002b3e94	3	
002b3fcc	FUN_002b3fcc	FUN_002b3fcc	3	
002b4698	FUN_002b4698	FUN_002b4698	3	
002b48a0	FUN_002b48a0	FUN_002b48a0	3	
002b48d8	FUN_002b48d8	FUN_002b48d8	2	
002b4b5e	FUN_002b4b5e	FUN_002b4b5e	2	
002b566c	FUN_002b566c	FUN_002b566c	3	
002b58f4	FUN_002b58f4	FUN_002b58f4	2	
002b5938	FUN_002b5938	FUN_002b5938	2	
002b62d4	FUN_002b62d4	FUN_002b62d4	3	
002b6680	FUN_002b6680	FUN_002b6680	2	
002b6cc8	FUN_002b6cc8	FUN_002b6cc8	3	
002b6dc4	FUN_002b6dc4	FUN_002b6dc4	3	
002b6e2c	FUN_002b6e2c	FUN_002b6e2c	2	
002b7000	FUN_002b7000	FUN_002b7000	2	
002b7050	FUN_002b7050	FUN_002b7050	2	
002b7140	FUN_002b7140	FUN_002b7140	3	
002b7208	FUN_002b7208	FUN_002b7208	3	
002b7638	FUN_002b7638	FUN_002b7638	3	
002b76d0	FUN_002b76d0	FUN_002b76d0	3	
002b77e0	FUN_002b77e0	FUN_002b77e0	2	
002b7830	FUN_002b7830	FUN_002b7830	3	
002b7a4c	FUN_002b7a4c	FUN_002b7a4c	3	
002b7b7c	FUN_002b7b7c	FUN_002b7b7c	2	
002b7fdc	FUN_002b7fdc	FUN_002b7fdc	5	
002b8054	FUN_002b8054	FUN_002b8054	3	
002b81a8	FUN_002b81a8	FUN_002b81a8	3	
002b8534	FUN_002b8534	FUN_002b8534	3	
002b8604	FUN_002b8604	FUN_002b8604	3	
002b88b0	FUN_002b88b0	FUN_002b88b0	3	
002b8a68	FUN_002b8a68	FUN_002b8a68	3	
002b8b7c	FUN_002b8b7c	FUN_002b8b7c	3	
002b8c14	FUN_002b8c14	FUN_002b8c14	3	
002b8dfc	FUN_002b8dfc	FUN_002b8dfc	2	
002b8e14	FUN_002b8e14	FUN_002b8e14	3	
002b8edc	FUN_002b8edc	FUN_002b8edc	4	
002b8fac	FUN_002b8fac	FUN_002b8fac	4	
002b9454	FUN_002b9454	FUN_002b9454	4	
002b96cc	FUN_002b96cc	FUN_002b96cc	3	
002b97f0	FUN_002b97f0	FUN_002b97f0	4	
002b98b4	FUN_002b98b4	FUN_002b98b4	4	
002b9914	FUN_002b9914	FUN_002b9914	3	
002b9954	FUN_002b9954	FUN_002b9954	4	
002b99a4	FUN_002b99a4	FUN_002b99a4	4	
002b99d8	FUN_002b99d8	FUN_002b99d8	3	
002b9c4c	FUN_002b9c4c	FUN_002b9c4c	3	
002b9cac	FUN_002b9cac	FUN_002b9cac	3	
002b9cd8	FUN_002b9cd8	FUN_002b9cd8	2	
002b9ce0	FUN_002b9ce0	FUN_002b9ce0	3	
002b9d8c	FUN_002b9d8c	FUN_002b9d8c	3	
002b9e1c	FUN_002b9e1c	FUN_002b9e1c	3	
002b9e98	FUN_002b9e98	FUN_002b9e98	3	
002ba068	FUN_002ba068	FUN_002ba068	3	
002ba1b0	FUN_002ba1b0	FUN_002ba1b0	3	
002ba4b4	FUN_002ba4b4	FUN_002ba4b4	2	
002ba4bc	FUN_002ba4bc	FUN_002ba4bc	2	
002ba558	FUN_002ba558	FUN_002ba558	2	
002ba65c	FUN_002ba65c	FUN_002ba65c	4	
002ba788	FUN_002ba788	FUN_002ba788	3	
002bab60	FUN_002bab60	FUN_002bab60	3	
002bacd8	FUN_002bacd8	FUN_002bacd8	2	
002bad30	FUN_002bad30	FUN_002bad30	2	
002badb0	FUN_002badb0	FUN_002badb0	2	
002baf28	FUN_002baf28	FUN_002baf28	2	
002bafa4	FUN_002bafa4	FUN_002bafa4	4	
002bb184	FUN_002bb184	FUN_002bb184	4	
002bb2dc	FUN_002bb2dc	FUN_002bb2dc	4	
002bb5f4	FUN_002bb5f4	FUN_002bb5f4	2	
002bb6f0	FUN_002bb6f0	FUN_002bb6f0	3	
002bb89c	FUN_002bb89c	FUN_002bb89c	2	
002bb948	FUN_002bb948	FUN_002bb948	2	
002bba24	FUN_002bba24	FUN_002bba24	2	
002bba4c	FUN_002bba4c	FUN_002bba4c	2	
002bbb44	FUN_002bbb44	FUN_002bbb44	2	
002bbc1c	FUN_002bbc1c	FUN_002bbc1c	3	
002bbc28	FUN_002bbc28	FUN_002bbc28	3	
002bbcc4	FUN_002bbcc4	FUN_002bbcc4	2	
002bbd24	FUN_002bbd24	FUN_002bbd24	3	
002bbd9c	FUN_002bbd9c	FUN_002bbd9c	3	
002bc1e8	FUN_002bc1e8	FUN_002bc1e8	3	
002bc324	FUN_002bc324	FUN_002bc324	3	
002bc4ec	FUN_002bc4ec	FUN_002bc4ec	3	
002bc564	FUN_002bc564	FUN_002bc564	4	
002bc5bc	FUN_002bc5bc	FUN_002bc5bc	2	
002bc60c	FUN_002bc60c	FUN_002bc60c	2	
002bc8fc	FUN_002bc8fc	FUN_002bc8fc	4	
002bca84	FUN_002bca84	FUN_002bca84	3	
002bcd2c	FUN_002bcd2c	FUN_002bcd2c	3	
002bcf40	FUN_002bcf40	FUN_002bcf40	3	
002bd24c	FUN_002bd24c	FUN_002bd24c	3	
002bd4e4	FUN_002bd4e4	FUN_002bd4e4	3	
002bd688	FUN_002bd688	FUN_002bd688	4	
002bd6d0	FUN_002bd6d0	FUN_002bd6d0	3	
002bda48	FUN_002bda48	FUN_002bda48	4	
002bdd5c	FUN_002bdd5c	FUN_002bdd5c	3	
002be0cc	FUN_002be0cc	FUN_002be0cc	2	
002be11c	FUN_002be11c	FUN_002be11c	3	
002be4f4	FUN_002be4f4	FUN_002be4f4	2	
002beb28	FUN_002beb28	FUN_002beb28	2	
002beb70	FUN_002beb70	FUN_002beb70	3	
002bee24	FUN_002bee24	FUN_002bee24	4	
002bf1f0	FUN_002bf1f0	FUN_002bf1f0	3	
002bf470	FUN_002bf470	FUN_002bf470	3	
002bf520	FUN_002bf520	FUN_002bf520	3	
002bf924	FUN_002bf924	FUN_002bf924	3	
002bfb78	FUN_002bfb78	FUN_002bfb78	2	
002bfbc8	FUN_002bfbc8	FUN_002bfbc8	3	
002bffd0	FUN_002bffd0	FUN_002bffd0	4	
002c00a4	FUN_002c00a4	FUN_002c00a4	2	
002c0460	FUN_002c0460	FUN_002c0460	3	
002c06bc	FUN_002c06bc	FUN_002c06bc	3	
002c084c	FUN_002c084c	FUN_002c084c	3	
002c0d8c	FUN_002c0d8c	FUN_002c0d8c	4	
002c0f10	FUN_002c0f10	FUN_002c0f10	4	
002c1394	FUN_002c1394	FUN_002c1394	3	
002c168c	FUN_002c168c	FUN_002c168c	3	
002c195c	FUN_002c195c	FUN_002c195c	3	
002c1abc	FUN_002c1abc	FUN_002c1abc	3	
002c1b80	FUN_002c1b80	FUN_002c1b80	2	
002c1c24	FUN_002c1c24	FUN_002c1c24	3	
002c1e9c	FUN_002c1e9c	FUN_002c1e9c	2	
002c1fec	FUN_002c1fec	FUN_002c1fec	4	
002c22e8	FUN_002c22e8	FUN_002c22e8	4	
002c26d8	FUN_002c26d8	FUN_002c26d8	4	
002c2ca4	FUN_002c2ca4	FUN_002c2ca4	4	
002c3338	FUN_002c3338	FUN_002c3338	4	
002c37e8	FUN_002c37e8	FUN_002c37e8	3	
002c397c	FUN_002c397c	FUN_002c397c	4	
002c39ac	FUN_002c39ac	FUN_002c39ac	3	
002c39e8	FUN_002c39e8	FUN_002c39e8	3	
002c3be0	FUN_002c3be0	FUN_002c3be0	3	
002c3de8	FUN_002c3de8	FUN_002c3de8	3	
002c3e5c	FUN_002c3e5c	FUN_002c3e5c	3	
002c3fe8	FUN_002c3fe8	FUN_002c3fe8	3	
002c4040	FUN_002c4040	FUN_002c4040	2	
002c40a0	FUN_002c40a0	FUN_002c40a0	3	
002c44a0	FUN_002c44a0	FUN_002c44a0	3	
002c45fc	FUN_002c45fc	FUN_002c45fc	3	
002c4a34	FUN_002c4a34	FUN_002c4a34	2	
002c4a84	FUN_002c4a84	FUN_002c4a84	3	
002c4ca4	FUN_002c4ca4	FUN_002c4ca4	2	
002c4eb8	FUN_002c4eb8	FUN_002c4eb8	4	
002c4f04	FUN_002c4f04	FUN_002c4f04	4	
002c5228	FUN_002c5228	FUN_002c5228	3	
002c5324	FUN_002c5324	FUN_002c5324	3	
002c53cc	FUN_002c53cc	FUN_002c53cc	3	
002c5418	FUN_002c5418	FUN_002c5418	4	
002c548c	FUN_002c548c	FUN_002c548c	5	
002c5498	FUN_002c5498	FUN_002c5498	3	
002c5524	FUN_002c5524	FUN_002c5524	3	
002c55ac	FUN_002c55ac	FUN_002c55ac	3	
002c55fc	FUN_002c55fc	FUN_002c55fc	3	
002c56a4	FUN_002c56a4	FUN_002c56a4	3	
002c56b4	FUN_002c56b4	FUN_002c56b4	3	
002c5734	FUN_002c5734	FUN_002c5734	2	
002c57d0	FUN_002c57d0	FUN_002c57d0	2	
002c5884	FUN_002c5884	FUN_002c5884	3	
002c5898	FUN_002c5898	FUN_002c5898	4	
002c58a0	FUN_002c58a0	FUN_002c58a0	3	
002c5948	FUN_002c5948	FUN_002c5948	3	
002c597c	FUN_002c597c	FUN_002c597c	3	
002c5a04	FUN_002c5a04	FUN_002c5a04	3	
002c5a68	FUN_002c5a68	FUN_002c5a68	2	
002c5d38	FUN_002c5d38	FUN_002c5d38	2	
002c6010	FUN_002c6010	FUN_002c6010	2	
002c61a4	FUN_002c61a4	FUN_002c61a4	2	
002c6384	FUN_002c6384	FUN_002c6384	3	
002c63bc	FUN_002c63bc	FUN_002c63bc	2	
002c63f0	FUN_002c63f0	FUN_002c63f0	3	
002c6458	FUN_002c6458	FUN_002c6458	6	
002c6468	FUN_002c6468	FUN_002c6468	3	
002c64c0	FUN_002c64c0	FUN_002c64c0	4	
002c6528	FUN_002c6528	FUN_002c6528	3	
002c653c	FUN_002c653c	FUN_002c653c	2	
002c6590	FUN_002c6590	FUN_002c6590	3	
002c65d8	FUN_002c65d8	FUN_002c65d8	4	
002c65e8	FUN_002c65e8	FUN_002c65e8	2	
002c6870	FUN_002c6870	FUN_002c6870	3	
002c6914	FUN_002c6914	FUN_002c6914	2	
002c69cc	FUN_002c69cc	FUN_002c69cc	5	
002c69d8	FUN_002c69d8	FUN_002c69d8	3	
002c69fc	FUN_002c69fc	FUN_002c69fc	2	
002c6dcc	FUN_002c6dcc	FUN_002c6dcc	2	
002c6e5c	FUN_002c6e5c	FUN_002c6e5c	2	
002c6ec0	FUN_002c6ec0	FUN_002c6ec0	2	
002c6ed0	FUN_002c6ed0	FUN_002c6ed0	2	
002c6f98	FUN_002c6f98	FUN_002c6f98	5	
002c6fa0	FUN_002c6fa0	FUN_002c6fa0	3	
002c7018	FUN_002c7018	FUN_002c7018	4	
002c7124	FUN_002c7124	FUN_002c7124	2	
002c7190	FUN_002c7190	FUN_002c7190	3	
002c7284	FUN_002c7284	FUN_002c7284	4	
002c7470	FUN_002c7470	FUN_002c7470	3	
002c7560	FUN_002c7560	FUN_002c7560	2	
002c75b8	FUN_002c75b8	FUN_002c75b8	2	
002c76c4	FUN_002c76c4	FUN_002c76c4	3	
002c77d0	FUN_002c77d0	FUN_002c77d0	3	
002c78e4	FUN_002c78e4	FUN_002c78e4	3	
002c7a28	FUN_002c7a28	FUN_002c7a28	3	
002c7da8	FUN_002c7da8	FUN_002c7da8	2	
002c7de0	FUN_002c7de0	FUN_002c7de0	2	
002c8004	FUN_002c8004	FUN_002c8004	2	
002c8040	FUN_002c8040	FUN_002c8040	2	
002c808c	FUN_002c808c	FUN_002c808c	2	
002c80e4	FUN_002c80e4	FUN_002c80e4	2	
002c8134	FUN_002c8134	FUN_002c8134	2	
002c83f4	FUN_002c83f4	FUN_002c83f4	3	
002c8440	FUN_002c8440	FUN_002c8440	2	
002c8530	FUN_002c8530	FUN_002c8530	3	
002c8578	FUN_002c8578	FUN_002c8578	2	
002c866c	FUN_002c866c	FUN_002c866c	2	
002c88c4	FUN_002c88c4	FUN_002c88c4	2	
002c89a4	FUN_002c89a4	FUN_002c89a4	2	
002c8ae8	FUN_002c8ae8	FUN_002c8ae8	2	
002c8b48	FUN_002c8b48	FUN_002c8b48	3	
002c8cc0	FUN_002c8cc0	FUN_002c8cc0	2	
002c8d20	FUN_002c8d20	FUN_002c8d20	3	
002c8df4	FUN_002c8df4	FUN_002c8df4	3	
002c8e84	FUN_002c8e84	FUN_002c8e84	2	
002c9034	FUN_002c9034	FUN_002c9034	2	
002c91b8	FUN_002c91b8	FUN_002c91b8	3	
002c944c	FUN_002c944c	FUN_002c944c	4	
002c9460	FUN_002c9460	FUN_002c9460	3	
002c95a8	FUN_002c95a8	FUN_002c95a8	4	
002c95f0	FUN_002c95f0	FUN_002c95f0	2	
002c9600	FUN_002c9600	FUN_002c9600	3	
002c9638	FUN_002c9638	FUN_002c9638	2	
002c96c4	FUN_002c96c4	FUN_002c96c4	4	
002c9750	FUN_002c9750	FUN_002c9750	4	
002c977c	FUN_002c977c	FUN_002c977c	4	
002c97fc	FUN_002c97fc	FUN_002c97fc	4	
002c9810	FUN_002c9810	FUN_002c9810	3	
002c982c	FUN_002c982c	FUN_002c982c	4	
002c98c8	FUN_002c98c8	FUN_002c98c8	3	
002c9928	FUN_002c9928	FUN_002c9928	2	
002c998c	FUN_002c998c	FUN_002c998c	2	
002c99c0	FUN_002c99c0	FUN_002c99c0	3	
002c9a04	FUN_002c9a04	FUN_002c9a04	3	
002c9a70	FUN_002c9a70	FUN_002c9a70	3	
002c9b64	FUN_002c9b64	FUN_002c9b64	3	
002c9b90	FUN_002c9b90	FUN_002c9b90	3	
002c9bc8	FUN_002c9bc8	FUN_002c9bc8	2	
002c9bdc	FUN_002c9bdc	FUN_002c9bdc	4	
002c9c18	FUN_002c9c18	FUN_002c9c18	4	
002c9c40	FUN_002c9c40	FUN_002c9c40	3	
002c9d20	FUN_002c9d20	FUN_002c9d20	3	
002c9de0	FUN_002c9de0	FUN_002c9de0	3	
002c9e48	FUN_002c9e48	FUN_002c9e48	3	
002c9e94	FUN_002c9e94	FUN_002c9e94	4	
002c9ec0	FUN_002c9ec0	FUN_002c9ec0	3	
002c9ef4	FUN_002c9ef4	FUN_002c9ef4	3	
002ca0a0	FUN_002ca0a0	FUN_002ca0a0	4	
002ca0e0	FUN_002ca0e0	FUN_002ca0e0	3	
002ca16c	FUN_002ca16c	FUN_002ca16c	3	
002ca3a0	FUN_002ca3a0	FUN_002ca3a0	3	
002ca400	FUN_002ca400	FUN_002ca400	3	
002ca410	FUN_002ca410	FUN_002ca410	3	
002ca4a0	FUN_002ca4a0	FUN_002ca4a0	3	
002ca52c	FUN_002ca52c	FUN_002ca52c	3	
002ca56c	FUN_002ca56c	FUN_002ca56c	2	
002ca6d0	FUN_002ca6d0	FUN_002ca6d0	3	
002ca724	FUN_002ca724	FUN_002ca724	2	
002ca738	FUN_002ca738	FUN_002ca738	4	
002ca7d0	FUN_002ca7d0	FUN_002ca7d0	2	
002ca830	FUN_002ca830	FUN_002ca830	2	
002ca860	FUN_002ca860	FUN_002ca860	3	
002ca88c	FUN_002ca88c	FUN_002ca88c	3	
002ca8b0	FUN_002ca8b0	FUN_002ca8b0	2	
002ca904	FUN_002ca904	FUN_002ca904	4	
002ca9a0	FUN_002ca9a0	FUN_002ca9a0	3	
002ca9d8	FUN_002ca9d8	FUN_002ca9d8	3	
002caa00	FUN_002caa00	FUN_002caa00	2	
002caa78	FUN_002caa78	FUN_002caa78	2	
002cac68	FUN_002cac68	FUN_002cac68	2	
002cad08	FUN_002cad08	FUN_002cad08	3	
002cad24	FUN_002cad24	FUN_002cad24	3	
002cadb0	FUN_002cadb0	FUN_002cadb0	3	
002cae30	FUN_002cae30	FUN_002cae30	2	
002cae68	FUN_002cae68	FUN_002cae68	3	
002caeec	FUN_002caeec	FUN_002caeec	2	
002caf60	FUN_002caf60	FUN_002caf60	3	
002cb038	FUN_002cb038	FUN_002cb038	3	
002cb128	FUN_002cb128	FUN_002cb128	3	
002cb1b8	FUN_002cb1b8	FUN_002cb1b8	3	
002cb2c4	FUN_002cb2c4	FUN_002cb2c4	2	
002cb40c	FUN_002cb40c	FUN_002cb40c	3	
002cb46c	FUN_002cb46c	FUN_002cb46c	3	
002cb480	FUN_002cb480	FUN_002cb480	3	
002cb6a8	FUN_002cb6a8	FUN_002cb6a8	3	
002cb76c	FUN_002cb76c	FUN_002cb76c	3	
002cb7b0	FUN_002cb7b0	FUN_002cb7b0	3	
002cb870	FUN_002cb870	FUN_002cb870	3	
002cb8d4	FUN_002cb8d4	FUN_002cb8d4	3	
002cba30	FUN_002cba30	FUN_002cba30	4	
002cbbac	FUN_002cbbac	FUN_002cbbac	3	
002cbbc4	FUN_002cbbc4	FUN_002cbbc4	3	
002cbdb8	FUN_002cbdb8	FUN_002cbdb8	3	
002cbf6c	FUN_002cbf6c	FUN_002cbf6c	2	
002cbf9c	FUN_002cbf9c	FUN_002cbf9c	3	
002cc1c8	FUN_002cc1c8	FUN_002cc1c8	3	
002cc42c	FUN_002cc42c	FUN_002cc42c	3	
002cca20	FUN_002cca20	FUN_002cca20	2	
002ccaa4	FUN_002ccaa4	FUN_002ccaa4	3	
002cd028	FUN_002cd028	FUN_002cd028	3	
002cd0fc	FUN_002cd0fc	FUN_002cd0fc	3	
002cd3c8	FUN_002cd3c8	FUN_002cd3c8	3	
002cd684	FUN_002cd684	FUN_002cd684	3	
002cd854	FUN_002cd854	FUN_002cd854	3	
002cd87c	FUN_002cd87c	FUN_002cd87c	3	
002cd8a0	FUN_002cd8a0	FUN_002cd8a0	3	
002cd8c4	FUN_002cd8c4	FUN_002cd8c4	2	
002cd9a8	FUN_002cd9a8	FUN_002cd9a8	2	
002cda20	FUN_002cda20	FUN_002cda20	2	
002cdae4	FUN_002cdae4	FUN_002cdae4	2	
002cdbfc	FUN_002cdbfc	FUN_002cdbfc	2	
002cde6c	FUN_002cde6c	FUN_002cde6c	4	s_C33s_33s__002ce02b
002ce03c	FUN_002ce03c	FUN_002ce03c	3	
002ce054	FUN_002ce054	FUN_002ce054	3	
002ce060	FUN_002ce060	FUN_002ce060	3	
002ce154	FUN_002ce154	FUN_002ce154	3	
002ce2e0	FUN_002ce2e0	FUN_002ce2e0	3	
002ce444	FUN_002ce444	FUN_002ce444	3	
002ce4c4	FUN_002ce4c4	FUN_002ce4c4	4	
002ce520	FUN_002ce520	FUN_002ce520	3	
002ce6d8	FUN_002ce6d8	FUN_002ce6d8	3	
002ce734	FUN_002ce734	FUN_002ce734	3	
002ce774	FUN_002ce774	FUN_002ce774	3	
002ce780	FUN_002ce780	FUN_002ce780	4	
002ce79c	FUN_002ce79c	FUN_002ce79c	3	
002ce7dc	FUN_002ce7dc	FUN_002ce7dc	3	
002ce80c	FUN_002ce80c	FUN_002ce80c	3	
002ce834	FUN_002ce834	FUN_002ce834	4	
002ce850	FUN_002ce850	FUN_002ce850	3	
002ce858	FUN_002ce858	field_8_is_nonzero_002ce858	3	
002ce868	FUN_002ce868	field_c_is_nonzero_002ce868	3	
002ce980	FUN_002ce980	FUN_002ce980	4	
002ce9f0	FUN_002ce9f0	FUN_002ce9f0	3	
002ceee0	FUN_002ceee0	FUN_002ceee0	3	
002cef38	FUN_002cef38	FUN_002cef38	4	
002cef80	FUN_002cef80	FUN_002cef80	3	
002cef9c	FUN_002cef9c	FUN_002cef9c	3	
002cf0ac	FUN_002cf0ac	FUN_002cf0ac	3	
002cf0cc	FUN_002cf0cc	FUN_002cf0cc	4	
002cf22c	FUN_002cf22c	FUN_002cf22c	4	
002cf2a8	FUN_002cf2a8	FUN_002cf2a8	4	
002cf308	FUN_002cf308	FUN_002cf308	4	
002cf314	FUN_002cf314	FUN_002cf314	3	
002cf340	FUN_002cf340	FUN_002cf340	3	
002cf374	FUN_002cf374	FUN_002cf374	2	
002cf400	FUN_002cf400	FUN_002cf400	4	
002cf47c	FUN_002cf47c	FUN_002cf47c	3	
002cf548	FUN_002cf548	FUN_002cf548	2	
002cf588	FUN_002cf588	FUN_002cf588	2	
002cf640	FUN_002cf640	FUN_002cf640	2	
002cf708	FUN_002cf708	FUN_002cf708	3	
002cf760	FUN_002cf760	FUN_002cf760	2	
002cf818	FUN_002cf818	FUN_002cf818	2	
002cf8dc	FUN_002cf8dc	FUN_002cf8dc	3	
002cf944	FUN_002cf944	FUN_002cf944	3	
002cf9a8	FUN_002cf9a8	FUN_002cf9a8	2	
002cfa18	FUN_002cfa18	FUN_002cfa18	3	
002cfad0	FUN_002cfad0	FUN_002cfad0	3	
002cfc08	FUN_002cfc08	FUN_002cfc08	3	
002cfcac	FUN_002cfcac	FUN_002cfcac	4	
002cfcbc	FUN_002cfcbc	FUN_002cfcbc	2	
002cfcd0	FUN_002cfcd0	FUN_002cfcd0	2	
002cfe70	FUN_002cfe70	FUN_002cfe70	2	
002cfec0	FUN_002cfec0	FUN_002cfec0	2	
002d0048	FUN_002d0048	FUN_002d0048	3	
002d01f4	FUN_002d01f4	FUN_002d01f4	2	
002d0208	FUN_002d0208	FUN_002d0208	3	
002d0998	FUN_002d0998	FUN_002d0998	3	
002d09e8	FUN_002d09e8	FUN_002d09e8	4	
002d0a34	FUN_002d0a34	FUN_002d0a34	3	
002d0a7c	FUN_002d0a7c	FUN_002d0a7c	3	
002d0b24	FUN_002d0b24	FUN_002d0b24	2	
002d0bc8	FUN_002d0bc8	FUN_002d0bc8	3	
002d0c40	FUN_002d0c40	FUN_002d0c40	3	
002d0d74	FUN_002d0d74	FUN_002d0d74	2	
002d0dd4	FUN_002d0dd4	FUN_002d0dd4	3	
002d0e38	FUN_002d0e38	FUN_002d0e38	4	
002d0e8c	FUN_002d0e8c	FUN_002d0e8c	4	
002d0ec0	FUN_002d0ec0	FUN_002d0ec0	4	
002d0f78	FUN_002d0f78	FUN_002d0f78	3	
002d101c	FUN_002d101c	FUN_002d101c	2	
002d1168	FUN_002d1168	FUN_002d1168	2	
002d1234	FUN_002d1234	FUN_002d1234	3	
002d12dc	FUN_002d12dc	FUN_002d12dc	2	
002d1344	FUN_002d1344	FUN_002d1344	3	
002d1424	FUN_002d1424	FUN_002d1424	3	
002d1570	FUN_002d1570	FUN_002d1570	3	
002d15f0	FUN_002d15f0	FUN_002d15f0	4	
002d1784	FUN_002d1784	FUN_002d1784	3	
002d1934	FUN_002d1934	FUN_002d1934	3	
002d198c	FUN_002d198c	FUN_002d198c	3	
002d1a70	FUN_002d1a70	FUN_002d1a70	4	
002d1b30	FUN_002d1b30	FUN_002d1b30	3	
002d1cb8	FUN_002d1cb8	FUN_002d1cb8	3	
002d21d0	FUN_002d21d0	FUN_002d21d0	2	
002d22f0	FUN_002d22f0	FUN_002d22f0	3	
002d2378	FUN_002d2378	FUN_002d2378	4	
002d2394	FUN_002d2394	FUN_002d2394	3	
002d2464	FUN_002d2464	FUN_002d2464	3	
002d24b8	FUN_002d24b8	FUN_002d24b8	3	
002d2528	FUN_002d2528	FUN_002d2528	3	
002d2574	FUN_002d2574	FUN_002d2574	4	
002d25ec	FUN_002d25ec	FUN_002d25ec	2	
002d2628	FUN_002d2628	FUN_002d2628	4	
002d2684	FUN_002d2684	FUN_002d2684	6	
002d26d0	FUN_002d26d0	FUN_002d26d0	4	
002d2768	FUN_002d2768	FUN_002d2768	4	
002d27d4	FUN_002d27d4	FUN_002d27d4	4	
002d27f4	FUN_002d27f4	FUN_002d27f4	4	
002d284c	FUN_002d284c	FUN_002d284c	3	
002d28f4	FUN_002d28f4	FUN_002d28f4	3	
002d2920	FUN_002d2920	FUN_002d2920	3	
002d2964	FUN_002d2964	FUN_002d2964	3	
002d2b08	FUN_002d2b08	FUN_002d2b08	3	
002d2bd8	FUN_002d2bd8	FUN_002d2bd8	3	
002d2c24	FUN_002d2c24	FUN_002d2c24	3	
002d2c34	FUN_002d2c34	FUN_002d2c34	4	
002d2cdc	FUN_002d2cdc	FUN_002d2cdc	4	
002d2d2c	FUN_002d2d2c	FUN_002d2d2c	3	
002d2d68	FUN_002d2d68	FUN_002d2d68	3	
002d2dd0	FUN_002d2dd0	FUN_002d2dd0	3	
002d2ddc	FUN_002d2ddc	FUN_002d2ddc	3	
002d2de8	FUN_002d2de8	FUN_002d2de8	4	
002d2dfc	FUN_002d2dfc	FUN_002d2dfc	3	s_CSTPINFOPDAT_002d2e70
002d2e7c	FUN_002d2e7c	FUN_002d2e7c	3	
002d2e90	FUN_002d2e90	FUN_002d2e90	2	
002d2f4c	FUN_002d2f4c	FUN_002d2f4c	3	
002d2fe4	FUN_002d2fe4	FUN_002d2fe4	3	
002d3110	FUN_002d3110	FUN_002d3110	4	
002d3168	FUN_002d3168	FUN_002d3168	4	
002d31d8	FUN_002d31d8	FUN_002d31d8	4	
002d32ac	FUN_002d32ac	FUN_002d32ac	4	
002d32d0	FUN_002d32d0	FUN_002d32d0	4	
002d32f0	FUN_002d32f0	FUN_002d32f0	4	
002d3334	FUN_002d3334	FUN_002d3334	4	
002d3354	FUN_002d3354	FUN_002d3354	4	
002d33ac	FUN_002d33ac	FUN_002d33ac	3	
002d36bc	FUN_002d36bc	FUN_002d36bc	3	
002d3728	FUN_002d3728	FUN_002d3728	4	
002d374c	FUN_002d374c	FUN_002d374c	4	
002d37b4	FUN_002d37b4	FUN_002d37b4	3	
002d37c0	FUN_002d37c0	FUN_002d37c0	4	
002d3814	FUN_002d3814	FUN_002d3814	3	
002d3878	FUN_002d3878	FUN_002d3878	3	
002d38c0	FUN_002d38c0	FUN_002d38c0	2	
002d3910	FUN_002d3910	FUN_002d3910	2	
002d39f8	FUN_002d39f8	FUN_002d39f8	3	
002d3c44	FUN_002d3c44	FUN_002d3c44	3	
002d3ddc	FUN_002d3ddc	FUN_002d3ddc	4	
002d3dfc	FUN_002d3dfc	FUN_002d3dfc	3	
002d3fec	FUN_002d3fec	FUN_002d3fec	4	
002d40b4	FUN_002d40b4	FUN_002d40b4	4	
002d40d8	FUN_002d40d8	FUN_002d40d8	4	
002d4114	FUN_002d4114	FUN_002d4114	4	
002d414c	FUN_002d414c	FUN_002d414c	3	
002d417c	FUN_002d417c	FUN_002d417c	3	
002d41a8	FUN_002d41a8	FUN_002d41a8	3	
002d41b0	FUN_002d41b0	FUN_002d41b0	2	
002d422c	FUN_002d422c	FUN_002d422c	2	
002d4394	FUN_002d4394	FUN_002d4394	3	
002d45c8	FUN_002d45c8	FUN_002d45c8	3	
002d461c	FUN_002d461c	FUN_002d461c	3	
002d4758	FUN_002d4758	FUN_002d4758	3	
002d47ac	FUN_002d47ac	FUN_002d47ac	4	
002d47e0	FUN_002d47e0	FUN_002d47e0	6	
002d4810	FUN_002d4810	FUN_002d4810	3	
002d483c	FUN_002d483c	FUN_002d483c	3	
002d48b0	FUN_002d48b0	FUN_002d48b0	2	
002d494c	FUN_002d494c	set_field_83_undefined1_002d494c	2	
002d4954	FUN_002d4954	set_field_f4_undefined1_002d4954	2	
002d495c	FUN_002d495c	FUN_002d495c	4	
002d4a8c	FUN_002d4a8c	FUN_002d4a8c	4	
002d4ac8	FUN_002d4ac8	FUN_002d4ac8	3	
002d4b1c	FUN_002d4b1c	FUN_002d4b1c	2	
002d4b28	FUN_002d4b28	FUN_002d4b28	3	
002d4b38	FUN_002d4b38	set_field_f0_undefined1_002d4b38	2	
002d4b40	FUN_002d4b40	FUN_002d4b40	4	
002d4b94	FUN_002d4b94	FUN_002d4b94	2	
002d4c10	FUN_002d4c10	FUN_002d4c10	4	
002d4c8c	FUN_002d4c8c	FUN_002d4c8c	3	
002d4fa4	FUN_002d4fa4	FUN_002d4fa4	3	
002d5070	FUN_002d5070	FUN_002d5070	3	
002d51f0	FUN_002d51f0	FUN_002d51f0	3	
002d5294	FUN_002d5294	FUN_002d5294	2	
002d530c	FUN_002d530c	FUN_002d530c	3	
002d5350	FUN_002d5350	FUN_002d5350	3	
002d5390	FUN_002d5390	FUN_002d5390	4	
002d53c8	FUN_002d53c8	FUN_002d53c8	3	
002d5400	FUN_002d5400	FUN_002d5400	3	
002d545c	FUN_002d545c	FUN_002d545c	3	
002d5548	FUN_002d5548	FUN_002d5548	3	
002d55bc	FUN_002d55bc	FUN_002d55bc	3	
002d568c	FUN_002d568c	FUN_002d568c	3	
002d575c	FUN_002d575c	FUN_002d575c	3	
002d57c0	FUN_002d57c0	FUN_002d57c0	3	
002d5824	FUN_002d5824	FUN_002d5824	3	
002d58d4	FUN_002d58d4	FUN_002d58d4	2	
002d5994	FUN_002d5994	FUN_002d5994	4	
002d5b98	FUN_002d5b98	FUN_002d5b98	3	
002d5bf0	FUN_002d5bf0	FUN_002d5bf0	2	
002d5d14	FUN_002d5d14	FUN_002d5d14	2	
002d5e30	FUN_002d5e30	FUN_002d5e30	3	
002d5e4c	FUN_002d5e4c	FUN_002d5e4c	3	
002d5e64	FUN_002d5e64	FUN_002d5e64	2	
002d5ee4	FUN_002d5ee4	FUN_002d5ee4	3	
002d5f2c	FUN_002d5f2c	FUN_002d5f2c	3	
002d6088	FUN_002d6088	FUN_002d6088	4	
002d62d8	FUN_002d62d8	FUN_002d62d8	2	
002d6368	FUN_002d6368	FUN_002d6368	2	
002d65e4	FUN_002d65e4	FUN_002d65e4	3	
002d66a0	FUN_002d66a0	FUN_002d66a0	2	
002d67c0	FUN_002d67c0	FUN_002d67c0	3	
002d6894	FUN_002d6894	FUN_002d6894	3	
002d68a0	FUN_002d68a0	FUN_002d68a0	3	
002d68ac	FUN_002d68ac	FUN_002d68ac	3	
002d68c4	FUN_002d68c4	FUN_002d68c4	3	
002d6908	FUN_002d6908	FUN_002d6908	3	
002d69bc	FUN_002d69bc	FUN_002d69bc	4	
002d69d4	FUN_002d69d4	FUN_002d69d4	3	
002d6a4c	FUN_002d6a4c	FUN_002d6a4c	4	
002d6aa8	FUN_002d6aa8	FUN_002d6aa8	4	
002d6b34	FUN_002d6b34	FUN_002d6b34	3	
002d6ba8	FUN_002d6ba8	FUN_002d6ba8	4	
002d6bf4	FUN_002d6bf4	FUN_002d6bf4	3	
002d6c64	FUN_002d6c64	FUN_002d6c64	3	
002d6d04	FUN_002d6d04	FUN_002d6d04	3	
002d6d4c	FUN_002d6d4c	FUN_002d6d4c	3	
002d706c	FUN_002d706c	FUN_002d706c	3	
002d7250	FUN_002d7250	FUN_002d7250	4	
002d72e8	FUN_002d72e8	FUN_002d72e8	3	
002d7300	FUN_002d7300	FUN_002d7300	4	
002d7414	FUN_002d7414	FUN_002d7414	4	
002d754c	FUN_002d754c	FUN_002d754c	2	
002d7644	FUN_002d7644	FUN_002d7644	2	
002d7670	FUN_002d7670	FUN_002d7670	2	
002d7704	FUN_002d7704	FUN_002d7704	3	
002d7868	FUN_002d7868	FUN_002d7868	3	
002d78d4	FUN_002d78d4	FUN_002d78d4	3	
002d78ec	FUN_002d78ec	FUN_002d78ec	3	
002d80c8	FUN_002d80c8	FUN_002d80c8	3	
002d84ec	FUN_002d84ec	FUN_002d84ec	3	
002d8568	FUN_002d8568	FUN_002d8568	2	
002d85ac	FUN_002d85ac	FUN_002d85ac	2	
002d8670	FUN_002d8670	FUN_002d8670	3	
002d8b50	FUN_002d8b50	FUN_002d8b50	3	
002d8b98	FUN_002d8b98	FUN_002d8b98	2	
002d8e98	FUN_002d8e98	FUN_002d8e98	3	
002d8eb8	FUN_002d8eb8	FUN_002d8eb8	4	
002d9084	FUN_002d9084	FUN_002d9084	3	
002d90c4	FUN_002d90c4	FUN_002d90c4	3	
002d92f8	FUN_002d92f8	FUN_002d92f8	3	
002d95f8	FUN_002d95f8	FUN_002d95f8	2	
002d9630	FUN_002d9630	FUN_002d9630	3	
002d9754	FUN_002d9754	FUN_002d9754	3	
002d9af4	FUN_002d9af4	FUN_002d9af4	4	
002d9bc4	FUN_002d9bc4	FUN_002d9bc4	3	
002d9c04	FUN_002d9c04	FUN_002d9c04	3	
002d9c48	FUN_002d9c48	FUN_002d9c48	2	
002d9cb8	FUN_002d9cb8	FUN_002d9cb8	2	
002d9d38	FUN_002d9d38	FUN_002d9d38	3	
002d9e64	FUN_002d9e64	FUN_002d9e64	2	
002d9fb8	FUN_002d9fb8	FUN_002d9fb8	2	
002da0f4	FUN_002da0f4	FUN_002da0f4	3	
002da1c8	FUN_002da1c8	FUN_002da1c8	2	
002da28c	FUN_002da28c	FUN_002da28c	3	
002da60c	FUN_002da60c	FUN_002da60c	3	
002da628	FUN_002da628	FUN_002da628	3	
002da640	FUN_002da640	FUN_002da640	3	
002da66c	FUN_002da66c	FUN_002da66c	2	
002da748	FUN_002da748	FUN_002da748	3	
002da920	FUN_002da920	FUN_002da920	3	
002da974	FUN_002da974	FUN_002da974	3	
002da98c	FUN_002da98c	FUN_002da98c	3	
002daa10	FUN_002daa10	FUN_002daa10	3	
002daa28	FUN_002daa28	FUN_002daa28	4	
002daa3c	FUN_002daa3c	FUN_002daa3c	3	
002daa58	FUN_002daa58	FUN_002daa58	3	
002daa70	FUN_002daa70	FUN_002daa70	3	
002daaf8	FUN_002daaf8	FUN_002daaf8	3	
002dab04	FUN_002dab04	FUN_002dab04	3	
002dab1c	FUN_002dab1c	FUN_002dab1c	3	
002dab30	FUN_002dab30	FUN_002dab30	3	
002dabcc	FUN_002dabcc	FUN_002dabcc	3	
002dac50	FUN_002dac50	FUN_002dac50	3	
002dac68	FUN_002dac68	FUN_002dac68	3	
002dacf8	FUN_002dacf8	FUN_002dacf8	3	
002dad7c	FUN_002dad7c	FUN_002dad7c	3	
002dada8	FUN_002dada8	FUN_002dada8	3	
002dadb4	FUN_002dadb4	FUN_002dadb4	3	
002dae24	FUN_002dae24	FUN_002dae24	3	
002dae68	FUN_002dae68	FUN_002dae68	2	
002daea8	FUN_002daea8	FUN_002daea8	3	
002daf80	FUN_002daf80	FUN_002daf80	3	
002dafb8	FUN_002dafb8	FUN_002dafb8	2	
002db350	FUN_002db350	FUN_002db350	3	
002db444	FUN_002db444	FUN_002db444	2	
002db528	FUN_002db528	FUN_002db528	3	
002db718	FUN_002db718	FUN_002db718	3	
002db84c	FUN_002db84c	FUN_002db84c	3	
002db95c	FUN_002db95c	FUN_002db95c	2	
002db994	FUN_002db994	FUN_002db994	2	
002db9d0	FUN_002db9d0	FUN_002db9d0	4	
002db9e8	FUN_002db9e8	FUN_002db9e8	3	
002dba44	FUN_002dba44	FUN_002dba44	3	
002dba64	FUN_002dba64	FUN_002dba64	4	
002dbaec	FUN_002dbaec	FUN_002dbaec	4	
002dbb04	FUN_002dbb04	FUN_002dbb04	4	
002dbb10	FUN_002dbb10	FUN_002dbb10	3	
002dbd78	FUN_002dbd78	FUN_002dbd78	4	
002dbe08	FUN_002dbe08	FUN_002dbe08	3	
002dc1b4	FUN_002dc1b4	FUN_002dc1b4	3	
002dc204	FUN_002dc204	FUN_002dc204	2	
002dc36c	FUN_002dc36c	FUN_002dc36c	3	
002dc4a4	FUN_002dc4a4	FUN_002dc4a4	3	
002dc540	FUN_002dc540	FUN_002dc540	4	
002dc55c	FUN_002dc55c	FUN_002dc55c	3	
002dc594	FUN_002dc594	FUN_002dc594	3	
002dc5ec	FUN_002dc5ec	FUN_002dc5ec	3	
002dc618	FUN_002dc618	FUN_002dc618	3	
002dc6d4	FUN_002dc6d4	FUN_002dc6d4	2	
002dc710	FUN_002dc710	FUN_002dc710	5	
002dc734	FUN_002dc734	FUN_002dc734	3	
002dc7c0	FUN_002dc7c0	FUN_002dc7c0	3	
002dc8c0	FUN_002dc8c0	FUN_002dc8c0	3	
002dc930	FUN_002dc930	FUN_002dc930	3	
002dc9b4	FUN_002dc9b4	FUN_002dc9b4	4	
002dc9f0	FUN_002dc9f0	FUN_002dc9f0	3	
002dca30	FUN_002dca30	FUN_002dca30	2	
002dca58	FUN_002dca58	FUN_002dca58	3	
002dcad8	FUN_002dcad8	FUN_002dcad8	3	
002dcb28	FUN_002dcb28	FUN_002dcb28	2	
002dcbd0	FUN_002dcbd0	FUN_002dcbd0	3	
002dcc38	FUN_002dcc38	FUN_002dcc38	2	
002dcc98	FUN_002dcc98	FUN_002dcc98	3	
002dccfc	FUN_002dccfc	FUN_002dccfc	2	
002dcd40	FUN_002dcd40	FUN_002dcd40	2	
002dcda4	FUN_002dcda4	FUN_002dcda4	3	
002dcdf8	FUN_002dcdf8	FUN_002dcdf8	3	
002dce38	FUN_002dce38	FUN_002dce38	3	
002dceb0	FUN_002dceb0	FUN_002dceb0	3	
002dcf5c	FUN_002dcf5c	FUN_002dcf5c	2	
002dcffc	FUN_002dcffc	FUN_002dcffc	3	
002dd03c	FUN_002dd03c	FUN_002dd03c	3	
002dd0d0	FUN_002dd0d0	FUN_002dd0d0	3	
002dd194	FUN_002dd194	FUN_002dd194	3	
002dd378	FUN_002dd378	FUN_002dd378	3	
002dd4a0	FUN_002dd4a0	FUN_002dd4a0	3	
002dd5e0	FUN_002dd5e0	FUN_002dd5e0	3	
002dd68c	FUN_002dd68c	FUN_002dd68c	2	
002dd6dc	FUN_002dd6dc	FUN_002dd6dc	2	
002dd710	FUN_002dd710	FUN_002dd710	2	
002dd760	FUN_002dd760	FUN_002dd760	2	
002dd794	FUN_002dd794	FUN_002dd794	3	
002dda68	FUN_002dda68	FUN_002dda68	3	
002dda84	FUN_002dda84	FUN_002dda84	3	
002ddc84	FUN_002ddc84	FUN_002ddc84	3	
002ddc94	FUN_002ddc94	FUN_002ddc94	3	
002ddcc8	FUN_002ddcc8	FUN_002ddcc8	3	
002ddd98	FUN_002ddd98	FUN_002ddd98	5	
002ddda0	FUN_002ddda0	FUN_002ddda0	4	
002dde0c	FUN_002dde0c	FUN_002dde0c	3	
002dde50	FUN_002dde50	FUN_002dde50	3	
002de588	FUN_002de588	FUN_002de588	3	
002de5d8	FUN_002de5d8	FUN_002de5d8	2	
002de608	FUN_002de608	FUN_002de608	2	
002de640	FUN_002de640	FUN_002de640	2	
002de690	FUN_002de690	FUN_002de690	2	
002de708	FUN_002de708	FUN_002de708	3	
002de7b8	FUN_002de7b8	FUN_002de7b8	3	
002de848	FUN_002de848	FUN_002de848	3	
002de854	FUN_002de854	FUN_002de854	3	
002de8ac	FUN_002de8ac	FUN_002de8ac	4	
002de924	FUN_002de924	FUN_002de924	3	
002dea2c	FUN_002dea2c	FUN_002dea2c	3	
002deaa8	FUN_002deaa8	FUN_002deaa8	3	
002deadc	FUN_002deadc	FUN_002deadc	3	
002deae8	FUN_002deae8	FUN_002deae8	4	
002deb00	FUN_002deb00	FUN_002deb00	3	
002deb30	FUN_002deb30	FUN_002deb30	3	
002decc8	FUN_002decc8	FUN_002decc8	3	
002ded0c	FUN_002ded0c	FUN_002ded0c	4	
002def78	FUN_002def78	FUN_002def78	3	
002def98	FUN_002def98	FUN_002def98	4	
002defec	FUN_002defec	FUN_002defec	4	
002df080	FUN_002df080	FUN_002df080	3	
002df0d8	FUN_002df0d8	FUN_002df0d8	4	
002df174	FUN_002df174	FUN_002df174	3	
002df6d4	FUN_002df6d4	FUN_002df6d4	3	
002dfbf8	FUN_002dfbf8	FUN_002dfbf8	3	
002dfd14	FUN_002dfd14	FUN_002dfd14	3	
002dfd28	FUN_002dfd28	FUN_002dfd28	3	
002dfd40	FUN_002dfd40	FUN_002dfd40	3	
002dfe28	FUN_002dfe28	FUN_002dfe28	3	
002e0558	FUN_002e0558	FUN_002e0558	3	
002e08f8	FUN_002e08f8	FUN_002e08f8	3	
002e0b1c	FUN_002e0b1c	FUN_002e0b1c	3	
002e0c4c	FUN_002e0c4c	FUN_002e0c4c	3	
002e0da4	FUN_002e0da4	FUN_002e0da4	3	
002e0db0	FUN_002e0db0	FUN_002e0db0	3	
002e0e70	FUN_002e0e70	FUN_002e0e70	3	
002e0ff8	FUN_002e0ff8	FUN_002e0ff8	3	
002e1014	FUN_002e1014	FUN_002e1014	2	
002e10a0	FUN_002e10a0	FUN_002e10a0	2	
002e10f8	FUN_002e10f8	FUN_002e10f8	2	
002e11d8	FUN_002e11d8	FUN_002e11d8	2	
002e1258	FUN_002e1258	FUN_002e1258	2	
002e13c0	FUN_002e13c0	FUN_002e13c0	2	
002e14c8	FUN_002e14c8	FUN_002e14c8	2	
002e15c8	FUN_002e15c8	FUN_002e15c8	2	
002e16b8	FUN_002e16b8	FUN_002e16b8	2	
002e1780	FUN_002e1780	FUN_002e1780	2	
002e1874	FUN_002e1874	FUN_002e1874	2	
002e19a8	FUN_002e19a8	FUN_002e19a8	3	
002e1b7c	FUN_002e1b7c	FUN_002e1b7c	3	
002e1c9c	FUN_002e1c9c	FUN_002e1c9c	2	
002e1db8	FUN_002e1db8	FUN_002e1db8	2	
002e1e5c	FUN_002e1e5c	FUN_002e1e5c	2	
002e1f28	FUN_002e1f28	FUN_002e1f28	2	
002e1f68	FUN_002e1f68	FUN_002e1f68	2	
002e2050	FUN_002e2050	FUN_002e2050	3	s__nnid_D_00_002e253f s_T_label_00_002e2550 s_T_message_00_002e255c s_T_message_01_002e256c s_T_message_02_002e257c s_T_message_03_002e258c s_P_line_00_002e259c s_BootAccount_txt01_01_002e25b4 s_BootAccount_txt01_02_002e25cc s_BootAccount_txt01_03_002e25e4 s_BootAccount_txt01_04_002e25fc s_BootAccount_txt01_05_002e2614
002e27a8	FUN_002e27a8	FUN_002e27a8	2	
002e2a4c	FUN_002e2a4c	FUN_002e2a4c	2	
002e2b1c	FUN_002e2b1c	FUN_002e2b1c	2	
002e2ba0	FUN_002e2ba0	FUN_002e2ba0	2	
002e2bd8	FUN_002e2bd8	FUN_002e2bd8	2	
002e2c64	FUN_002e2c64	FUN_002e2c64	2	
002e2d20	FUN_002e2d20	FUN_002e2d20	3	s__message_U_00_002e317f s_T_message_00_002e3190 s_BootCountryChg_txt01_01_002e31a0 s__position_D_00_002e31bf s__message_D_00_002e31d7 s_T_text_00_002e31e8 s_N_nextPos_00_002e31f4 s_BootCountryChg_txt01_02_002e3204 s___d__002e36a7 s_BootCountryChg_dlg02_05_002e36cc s_BootCountryChg_dlg02_04_002e36e4
002e3758	FUN_002e3758	FUN_002e3758	2	
002e3858	FUN_002e3858	FUN_002e3858	2	
002e389c	FUN_002e389c	FUN_002e389c	2	
002e3a50	FUN_002e3a50	FUN_002e3a50	2	s__dialog_U_00_002e3eef s_T_title_00_002e3efc s_BootCountryChg_title01_01_002e3f70 s_T_country_02_002e3f8c s_T_country_03_002e3f9c s_BootCountryChg_title02_01_002e3f08 s_T_country_00_002e3f38 s_T_country_01_002e3f48 s_T_money_00_002e3f58 s_T_money_01_002e3f64 s_inOut_00_002e3fac s_dialog_D_00_002e3fb8 s_cancel_00_002e3fe0 s_decide_00_002e3fec
002e40c8	FUN_002e40c8	FUN_002e40c8	4	
002e4110	FUN_002e4110	FUN_002e4110	3	s__message_D_01_002e42e7 s_T_text_01_002e42f8 s_N_nextPos_00_002e4304 s_T_text_00_002e4314 s_N_root_00_002e4320
002e432c	thunk_FUN_00296060	thunk_FUN_00296060	7	
002e4330	FUN_002e4330	FUN_002e4330	2	
002e436c	FUN_002e436c	FUN_002e436c	2	
002e4464	FUN_002e4464	FUN_002e4464	2	
002e458c	FUN_002e458c	FUN_002e458c	2	
002e45d0	FUN_002e45d0	FUN_002e45d0	2	
002e46d0	FUN_002e46d0	FUN_002e46d0	2	
002e4700	FUN_002e4700	FUN_002e4700	3	s__splash_U_00_002e4a5f s_region_00_002e4a6c s_loadingIcon_00_002e4a80 s_splash_D_00_002e4a90
002e4abc	FUN_002e4abc	FUN_002e4abc	2	
002e4c50	FUN_002e4c50	FUN_002e4c50	2	
002e4d18	FUN_002e4d18	FUN_002e4d18	2	
002e4e90	FUN_002e4e90	FUN_002e4e90	2	
002e4fa4	FUN_002e4fa4	FUN_002e4fa4	2	
002e5088	FUN_002e5088	FUN_002e5088	2	
002e5248	FUN_002e5248	FUN_002e5248	2	
002e534c	FUN_002e534c	FUN_002e534c	2	
002e5438	FUN_002e5438	FUN_002e5438	2	
002e5470	FUN_002e5470	FUN_002e5470	2	s_balloonIn_00_002e553c
002e5570	FUN_002e5570	FUN_002e5570	2	
002e5644	FUN_002e5644	FUN_002e5644	2	
002e5688	FUN_002e5688	FUN_002e5688	3	s__welcome_U_00_002e5997 s_welcome_D_00_002e59b0
002e5a10	FUN_002e5a10	FUN_002e5a10	2	
002e5a48	FUN_002e5a48	FUN_002e5a48	3	s_loading_00_002e5b1c s_loadingIcon_00_002e5d90
002e5d1c	FUN_002e5d1c	FUN_002e5d1c	2	
002e5dd0	FUN_002e5dd0	FUN_002e5dd0	4	
002e5df0	FUN_002e5df0	FUN_002e5df0	2	
002e5fa8	FUN_002e5fa8	FUN_002e5fa8	2	
002e5ff0	FUN_002e5ff0	FUN_002e5ff0	2	s_CommonSWKB_btn01_01_002e6550 s_CommonSWKB_btn01_02_002e6564 s__BG_U_00_002e657f
002e6c98	FUN_002e6c98	FUN_002e6c98	3	
002e6de0	FUN_002e6de0	FUN_002e6de0	3	
002e6e94	FUN_002e6e94	FUN_002e6e94	3	
002e7154	FUN_002e7154	FUN_002e7154	3	
002e7208	FUN_002e7208	FUN_002e7208	2	
002e72a8	FUN_002e72a8	FUN_002e72a8	3	
002e72d8	FUN_002e72d8	FUN_002e72d8	3	s__BG_U_00_002e73e7 s_inOut_00_002e73f4
002e7408	FUN_002e7408	FUN_002e7408	4	
002e76c8	FUN_002e76c8	FUN_002e76c8	3	
002e76e4	FUN_002e76e4	FUN_002e76e4	2	
002e7748	FUN_002e7748	FUN_002e7748	3	
002e7798	FUN_002e7798	FUN_002e7798	2	
002e7c98	FUN_002e7c98	FUN_002e7c98	3	
002e7ca8	FUN_002e7ca8	FUN_002e7ca8	3	
002e7f0c	FUN_002e7f0c	FUN_002e7f0c	3	
002e8154	FUN_002e8154	FUN_002e8154	3	
002e839c	FUN_002e839c	FUN_002e839c	2	
002e83d4	FUN_002e83d4	FUN_002e83d4	3	
002e83e4	FUN_002e83e4	FUN_002e83e4	3	
002e83f0	FUN_002e83f0	FUN_002e83f0	3	
002e8638	FUN_002e8638	FUN_002e8638	4	
002e8648	FUN_002e8648	FUN_002e8648	3	
002e89c4	FUN_002e89c4	FUN_002e89c4	3	
002e8c24	FUN_002e8c24	FUN_002e8c24	2	
002e8c54	FUN_002e8c54	FUN_002e8c54	3	
002e8e9c	FUN_002e8e9c	FUN_002e8e9c	3	
002e90dc	FUN_002e90dc	FUN_002e90dc	3	
002e926c	FUN_002e926c	FUN_002e926c	2	
002e96ec	FUN_002e96ec	FUN_002e96ec	4	
002e9710	FUN_002e9710	FUN_002e9710	3	
002e9720	FUN_002e9720	FUN_002e9720	3	
002e9730	FUN_002e9730	FUN_002e9730	3	
002e97fc	FUN_002e97fc	FUN_002e97fc	3	
002e980c	FUN_002e980c	FUN_002e980c	4	
002e9954	FUN_002e9954	FUN_002e9954	4	
002e9a7c	FUN_002e9a7c	FUN_002e9a7c	2	
002e9aac	FUN_002e9aac	FUN_002e9aac	2	
002e9b08	FUN_002e9b08	FUN_002e9b08	3	
002e9b94	FUN_002e9b94	FUN_002e9b94	3	
002e9c58	FUN_002e9c58	FUN_002e9c58	3	
002e9c64	FUN_002e9c64	FUN_002e9c64	3	
002e9c88	FUN_002e9c88	FUN_002e9c88	2	
002e9eb0	FUN_002e9eb0	FUN_002e9eb0	3	
002ea0e0	FUN_002ea0e0	FUN_002ea0e0	3	
002ea144	FUN_002ea144	FUN_002ea144	3	
002ea16c	FUN_002ea16c	FUN_002ea16c	3	
002ea308	FUN_002ea308	FUN_002ea308	2	
002ea360	FUN_002ea360	FUN_002ea360	3	
002ea37c	FUN_002ea37c	FUN_002ea37c	2	
002ea3a8	FUN_002ea3a8	FUN_002ea3a8	3	
002ea3d4	FUN_002ea3d4	FUN_002ea3d4	3	
002ea480	FUN_002ea480	FUN_002ea480	2	
002ea584	FUN_002ea584	FUN_002ea584	4	s_touchOff_00_002ea738 s_touchOn_00_002ea744 s_invalid_00_002ea750 s_sndID_002ea778
002ea780	FUN_002ea780	FUN_002ea780	2	
002eab7c	FUN_002eab7c	FUN_002eab7c	2	
002eaba8	FUN_002eaba8	FUN_002eaba8	2	
002eabd8	FUN_002eabd8	FUN_002eabd8	5	
002eac10	FUN_002eac10	FUN_002eac10	2	
002eac84	FUN_002eac84	FUN_002eac84	3	s_sndID_002eaf04
002eaf18	FUN_002eaf18	FUN_002eaf18	2	
002eb1d0	FUN_002eb1d0	FUN_002eb1d0	2	
002eb1fc	FUN_002eb1fc	FUN_002eb1fc	2	
002eb214	FUN_002eb214	FUN_002eb214	4	
002eb2e8	FUN_002eb2e8	FUN_002eb2e8	5	
002eb318	FUN_002eb318	FUN_002eb318	4	
002eb340	FUN_002eb340	FUN_002eb340	3	
002eb938	FUN_002eb938	FUN_002eb938	3	
002eba08	FUN_002eba08	FUN_002eba08	2	
002eba44	FUN_002eba44	FUN_002eba44	3	
002eba58	FUN_002eba58	FUN_002eba58	3	
002eba78	FUN_002eba78	FUN_002eba78	3	
002ebaa8	FUN_002ebaa8	FUN_002ebaa8	3	s__P_
002ebb90	FUN_002ebb90	FUN_002ebb90	4	
002ebc60	FUN_002ebc60	FUN_002ebc60	2	
002ebce0	FUN_002ebce0	FUN_002ebce0	2	
002ebd0c	FUN_002ebd0c	FUN_002ebd0c	3	
002ebd28	FUN_002ebd28	FUN_002ebd28	3	
002ebd30	FUN_002ebd30	FUN_002ebd30	4	
002ebd58	FUN_002ebd58	FUN_002ebd58	5	
002ebd6c	FUN_002ebd6c	FUN_002ebd6c	40	
002ebe08	FUN_002ebe08	FUN_002ebe08	4	
002ebe54	FUN_002ebe54	FUN_002ebe54	3	
002ebe90	FUN_002ebe90	FUN_002ebe90	4	
002ebe9c	FUN_002ebe9c	FUN_002ebe9c	3	
002ebed8	FUN_002ebed8	FUN_002ebed8	3	
002ebf30	FUN_002ebf30	FUN_002ebf30	4	
002ebfa0	FUN_002ebfa0	FUN_002ebfa0	4	
002ebff8	FUN_002ebff8	FUN_002ebff8	6	
002ec028	FUN_002ec028	FUN_002ec028	2	
002ec124	FUN_002ec124	FUN_002ec124	38	
002ec194	FUN_002ec194	FUN_002ec194	4	
002ec1a0	FUN_002ec1a0	FUN_002ec1a0	4	
002ec1ac	FUN_002ec1ac	FUN_002ec1ac	4	
002ec1bc	FUN_002ec1bc	FUN_002ec1bc	7	
002ec1c0	FUN_002ec1c0	FUN_002ec1c0	2	
002ec1c4	FUN_002ec1c4	FUN_002ec1c4	2	
002ec220	FUN_002ec220	FUN_002ec220	3	
002ec28c	FUN_002ec28c	FUN_002ec28c	4	s_rom__002ec2b0
002ec2d8	FUN_002ec2d8	FUN_002ec2d8	4	
002ec4dc	FUN_002ec4dc	FUN_002ec4dc	4	
002ec4ec	FUN_002ec4ec	FUN_002ec4ec	3	
002ec510	FUN_002ec510	FUN_002ec510	3	
002ec52c	FUN_002ec52c	FUN_002ec52c	6	
002ec5d0	FUN_002ec5d0	FUN_002ec5d0	2	
002ec6f0	FUN_002ec6f0	FUN_002ec6f0	3	
002ec7a0	FUN_002ec7a0	FUN_002ec7a0	2	
002ec898	FUN_002ec898	FUN_002ec898	2	
002eca28	FUN_002eca28	FUN_002eca28	3	
002eca80	FUN_002eca80	FUN_002eca80	3	
002ecac8	FUN_002ecac8	FUN_002ecac8	4	
002ecb48	FUN_002ecb48	FUN_002ecb48	4	
002ecb80	FUN_002ecb80	FUN_002ecb80	4	
002ecb90	FUN_002ecb90	FUN_002ecb90	2	
002ecc40	FUN_002ecc40	FUN_002ecc40	4	
002ecc74	FUN_002ecc74	FUN_002ecc74	3	
002eccd8	FUN_002eccd8	FUN_002eccd8	3	
002ed224	FUN_002ed224	FUN_002ed224	4	
002ed2b0	FUN_002ed2b0	FUN_002ed2b0	3	
002ed2c4	FUN_002ed2c4	FUN_002ed2c4	3	
002ed2f0	FUN_002ed2f0	FUN_002ed2f0	3	
002ed35c	FUN_002ed35c	FUN_002ed35c	2	
002ed3d0	FUN_002ed3d0	FUN_002ed3d0	3	s_touchOn_00_002ed550 s_invalid_00_002ed55c s_sndID_002ed584
002ed7b4	FUN_002ed7b4	FUN_002ed7b4	2	
002ed7e8	FUN_002ed7e8	FUN_002ed7e8	2	
002ed970	FUN_002ed970	FUN_002ed970	2	
002eda10	FUN_002eda10	FUN_002eda10	4	
002edc88	FUN_002edc88	FUN_002edc88	3	
002ede4c	FUN_002ede4c	FUN_002ede4c	2	
002edf2c	FUN_002edf2c	FUN_002edf2c	2	
002ee1e4	FUN_002ee1e4	FUN_002ee1e4	2	
002ee2f4	FUN_002ee2f4	FUN_002ee2f4	4	
002ee32c	FUN_002ee32c	FUN_002ee32c	3	
002ee3ec	FUN_002ee3ec	FUN_002ee3ec	3	
002ee488	FUN_002ee488	FUN_002ee488	3	
002ee4dc	FUN_002ee4dc	FUN_002ee4dc	2	
002ee50c	FUN_002ee50c	FUN_002ee50c	2	
002ee568	FUN_002ee568	FUN_002ee568	2	
002ee5c4	FUN_002ee5c4	FUN_002ee5c4	4	
002ee5d4	FUN_002ee5d4	FUN_002ee5d4	3	
002ee64c	FUN_002ee64c	FUN_002ee64c	3	
002ee66c	FUN_002ee66c	FUN_002ee66c	4	
002ee6c0	FUN_002ee6c0	FUN_002ee6c0	3	
002ee6e8	FUN_002ee6e8	FUN_002ee6e8	4	
002ee708	FUN_002ee708	FUN_002ee708	4	
002ee73c	FUN_002ee73c	FUN_002ee73c	4	
002ee78c	FUN_002ee78c	FUN_002ee78c	4	
002ee7e4	FUN_002ee7e4	FUN_002ee7e4	4	
002ee808	FUN_002ee808	FUN_002ee808	52	
002ee810	FUN_002ee810	FUN_002ee810	4	
002ee834	FUN_002ee834	FUN_002ee834	4	
002ee840	FUN_002ee840	FUN_002ee840	20	
002ee86c	FUN_002ee86c	FUN_002ee86c	4	
002ee8ac	FUN_002ee8ac	FUN_002ee8ac	4	
002ee9a4	FUN_002ee9a4	FUN_002ee9a4	2	
002eeb30	FUN_002eeb30	FUN_002eeb30	4	
002eee04	FUN_002eee04	FUN_002eee04	2	
002eee7c	FUN_002eee7c	FUN_002eee7c	3	
002eeed4	FUN_002eeed4	FUN_002eeed4	2	
002eef2c	FUN_002eef2c	FUN_002eef2c	2	
002eef54	FUN_002eef54	FUN_002eef54	3	
002eeff8	FUN_002eeff8	FUN_002eeff8	3	
002ef07c	FUN_002ef07c	FUN_002ef07c	3	
002ef108	FUN_002ef108	FUN_002ef108	3	
002ef12c	FUN_002ef12c	FUN_002ef12c	3	
002ef23c	FUN_002ef23c	FUN_002ef23c	3	
002ef24c	FUN_002ef24c	FUN_002ef24c	2	
002ef290	FUN_002ef290	FUN_002ef290	3	s__HomeNixSign_00_002ef3af s_InOut_002ef3c0
002ef3e8	FUN_002ef3e8	FUN_002ef3e8	3	
002ef404	FUN_002ef404	FUN_002ef404	3	
002ef41c	FUN_002ef41c	FUN_002ef41c	3	
002ef434	FUN_002ef434	FUN_002ef434	3	
002ef44c	FUN_002ef44c	FUN_002ef44c	3	
002ef464	FUN_002ef464	FUN_002ef464	3	
002ef47c	FUN_002ef47c	FUN_002ef47c	3	
002ef494	FUN_002ef494	FUN_002ef494	4	
002ef4f4	FUN_002ef4f4	FUN_002ef4f4	3	
002ef50c	FUN_002ef50c	FUN_002ef50c	8	
002ef570	FUN_002ef570	FUN_002ef570	2	
002ef6f8	FUN_002ef6f8	FUN_002ef6f8	3	
002ef718	FUN_002ef718	FUN_002ef718	4	
002ef7cc	FUN_002ef7cc	FUN_002ef7cc	2	
002ef8e4	FUN_002ef8e4	FUN_002ef8e4	2	
002efa14	FUN_002efa14	FUN_002efa14	4	
002efac0	FUN_002efac0	FUN_002efac0	3	
002efad0	FUN_002efad0	FUN_002efad0	4	
002efdac	FUN_002efdac	FUN_002efdac	2	
002efeac	FUN_002efeac	FUN_002efeac	3	
002efebc	FUN_002efebc	FUN_002efebc	4	
002eff88	FUN_002eff88	FUN_002eff88	2	
002f0264	FUN_002f0264	FUN_002f0264	2	
002f0294	FUN_002f0294	FUN_002f0294	4	
002f02a0	FUN_002f02a0	FUN_002f02a0	3	
002f02e0	FUN_002f02e0	FUN_002f02e0	2	
002f04c8	FUN_002f04c8	FUN_002f04c8	4	
002f063c	FUN_002f063c	FUN_002f063c	4	
002f064c	FUN_002f064c	FUN_002f064c	4	
002f0690	FUN_002f0690	FUN_002f0690	3	
002f06cc	FUN_002f06cc	FUN_002f06cc	4	
002f0710	FUN_002f0710	FUN_002f0710	3	
002f087c	FUN_002f087c	FUN_002f087c	3	
002f08f8	FUN_002f08f8	FUN_002f08f8	4	
002f0974	FUN_002f0974	FUN_002f0974	4	
002f0980	FUN_002f0980	FUN_002f0980	4	
002f0a18	FUN_002f0a18	FUN_002f0a18	2	
002f0b14	FUN_002f0b14	FUN_002f0b14	2	
002f0d54	FUN_002f0d54	FUN_002f0d54	2	
002f0f08	FUN_002f0f08	FUN_002f0f08	3	
002f0f38	FUN_002f0f38	FUN_002f0f38	2	
002f10b8	FUN_002f10b8	FUN_002f10b8	4	
002f1148	FUN_002f1148	FUN_002f1148	3	
002f115c	FUN_002f115c	FUN_002f115c	4	s_TSY1_002f1680
002f16a4	FUN_002f16a4	FUN_002f16a4	2	
002f16c4	FUN_002f16c4	FUN_002f16c4	2	
002f1700	FUN_002f1700	FUN_002f1700	4	
002f182c	FUN_002f182c	FUN_002f182c	3	
002f1838	FUN_002f1838	set_field_d4_undefined4_002f1838	4	
002f1848	FUN_002f1848	set_field_99_undefined1_002f1848	3	
002f1850	FUN_002f1850	set_field_d0_undefined4_002f1850	4	
002f1860	FUN_002f1860	FUN_002f1860	3	
002f1b20	FUN_002f1b20	FUN_002f1b20	3	s_touchOn_00_002f1c48
002f1c78	FUN_002f1c78	FUN_002f1c78	2	
002f1d3c	FUN_002f1d3c	FUN_002f1d3c	4	
002f1d4c	FUN_002f1d4c	FUN_002f1d4c	2	
002f1ee0	FUN_002f1ee0	FUN_002f1ee0	2	
002f2014	FUN_002f2014	FUN_002f2014	3	
002f2078	FUN_002f2078	FUN_002f2078	3	
002f20d0	FUN_002f20d0	FUN_002f20d0	3	
002f20e8	FUN_002f20e8	FUN_002f20e8	2	
002f21fc	FUN_002f21fc	FUN_002f21fc	4	
002f2608	FUN_002f2608	FUN_002f2608	4	
002f2b74	FUN_002f2b74	FUN_002f2b74	3	
002f2ddc	FUN_002f2ddc	FUN_002f2ddc	4	
002f2f54	FUN_002f2f54	FUN_002f2f54	3	
002f2f84	FUN_002f2f84	FUN_002f2f84	3	
002f2fc4	FUN_002f2fc4	FUN_002f2fc4	4	
002f31f0	FUN_002f31f0	FUN_002f31f0	3	
002f3200	FUN_002f3200	FUN_002f3200	4	
002f3210	FUN_002f3210	FUN_002f3210	2	
002f36bc	FUN_002f36bc	FUN_002f36bc	2	
002f36fc	FUN_002f36fc	FUN_002f36fc	3	
002f370c	FUN_002f370c	FUN_002f370c	4	
002f3764	FUN_002f3764	layout_find_typed_pane_handle_002f3764	946	
002f37a0	FUN_002f37a0	FUN_002f37a0	3	
002f3800	FUN_002f3800	FUN_002f3800	2	
002f382c	FUN_002f382c	FUN_002f382c	3	
002f3840	FUN_002f3840	FUN_002f3840	3	
002f3938	FUN_002f3938	FUN_002f3938	3	
002f3a30	FUN_002f3a30	FUN_002f3a30	2	
002f3a90	FUN_002f3a90	FUN_002f3a90	3	
002f3ab8	FUN_002f3ab8	FUN_002f3ab8	3	
002f3b30	FUN_002f3b30	FUN_002f3b30	3	
002f3c4c	FUN_002f3c4c	FUN_002f3c4c	3	
002f3e00	FUN_002f3e00	FUN_002f3e00	3	
002f3e40	FUN_002f3e40	FUN_002f3e40	2	
002f3ee0	FUN_002f3ee0	FUN_002f3ee0	4	
002f3f24	FUN_002f3f24	FUN_002f3f24	2	
002f4088	FUN_002f4088	FUN_002f4088	4	
002f4564	FUN_002f4564	FUN_002f4564	3	
002f4950	FUN_002f4950	FUN_002f4950	4	
002f4998	FUN_002f4998	FUN_002f4998	4	
002f4d14	FUN_002f4d14	FUN_002f4d14	3	
002f4e44	FUN_002f4e44	FUN_002f4e44	4	
002f4e4c	FUN_002f4e4c	FUN_002f4e4c	3	s_N_root_00_002f4ee0 s_N_button_00_002f4eec
002f4f04	FUN_002f4f04	FUN_002f4f04	3	
002f4f64	FUN_002f4f64	FUN_002f4f64	3	
002f4f70	FUN_002f4f70	FUN_002f4f70	3	s__download_D_02_002f5217 s_listBtn_D_01_002f5228 s_T_button_00_002f523c s_Download_txt02_12_002f5248 s_T_button_01_002f525c s_N_root_00_002f5268 s_N_button_00_002f5274 s_button_00_002f5294
002f52a0	FUN_002f52a0	FUN_002f52a0	3	
002f52f4	FUN_002f52f4	FUN_002f52f4	3	
002f5324	FUN_002f5324	FUN_002f5324	2	
002f5358	FUN_002f5358	FUN_002f5358	2	
002f539c	FUN_002f539c	FUN_002f539c	2	s_T_preorder_00_002f5534 s_Shelf_icon01_10_002f5544 s_N_preorder_00_002f5554 s_T_sale_00_002f5564 s_Shelf_icon01_08_002f5570 s_N_sale_00_002f5580 s_T_discount_00_002f558c s_Shelf_icon01_09_002f559c s_N_discount_00_002f55ac
002f55ec	FUN_002f55ec	FUN_002f55ec	2	s_T_preorder_00_002f57c0 s_Shelf_icon01_10_002f57d0 s_N_preorder_00_002f57e0
002f57f0	FUN_002f57f0	FUN_002f57f0	4	s_P_banner_00_002f5d4c s_T_title_00_002f5d5c s_N_title_00_002f5d68 s_N_sale_00_002f5d74 s_N_discount_00_002f5d80 s_N_preorder_00_002f5d90 s_Shelf_icon01_01_002f5dac s_P_icon_00_002f5dc8
002f6088	FUN_002f6088	FUN_002f6088	3	s_Sinfo_D_00_002f6100
002f617c	FUN_002f617c	FUN_002f617c	2	s_T_genreBtn_00_002f6274 s_T_genreBtn_01_002f6284 s_Search_result02_02_002f6294
002f62a8	FUN_002f62a8	FUN_002f62a8	3	
002f63e8	FUN_002f63e8	FUN_002f63e8	2	
002f651c	FUN_002f651c	FUN_002f651c	2	s_T_hardBtn_00_002f6614 s_T_hardBtn_01_002f6624 s_Search_result02_06_002f6634
002f6774	FUN_002f6774	FUN_002f6774	2	
002f686c	FUN_002f686c	FUN_002f686c	2	
002f68a8	FUN_002f68a8	FUN_002f68a8	2	
002f69c8	FUN_002f69c8	FUN_002f69c8	3	
002f6a00	FUN_002f6a00	FUN_002f6a00	2	
002f6a58	FUN_002f6a58	FUN_002f6a58	2	
002f6acc	FUN_002f6acc	FUN_002f6acc	2	
002f6bd8	FUN_002f6bd8	FUN_002f6bd8	3	s_Sinfo_D_00_002f6f24 s_NewTitle_txt02_01_002f6f94 s_NewTitle_txt02_02_002f6f80 s_NewTitle_txt03_03_002f6f3c
002f7070	FUN_002f7070	FUN_002f7070	4	s_T_content_01_002f7104 s_Search_result01_07_002f7114
002f7128	FUN_002f7128	FUN_002f7128	4	s_T_content_03_002f71bc s_Search_result01_03_002f71cc
002f71e0	FUN_002f71e0	FUN_002f71e0	4	s_search_U_01_002f759c s__search_U_00_002f74ff s_T_item_00_002f750c s_Search_txt02_06_002f7518 s_T_content_00_002f7528 s_T_item_01_002f753c s_Search_txt02_07_002f7548 s_Search_txt02_03_002f7564 s_Search_txt02_04_002f7580
002f75f0	FUN_002f75f0	FUN_002f75f0	4	s_T_content_02_002f7684 s_Search_result01_02_002f7694
002f76a8	FUN_002f76a8	FUN_002f76a8	4	
002f7740	FUN_002f7740	set_field_335_undefined1_002f7740	2	
002f7780	FUN_002f7780	FUN_002f7780	3	s_Sinfo_D_00_002f7800
002f7918	FUN_002f7918	FUN_002f7918	3	s_MbP_changeDisp_U_02_002f7c8c s_T_title_00_002f7ca4 s_Shelf_result_01_002f7cb0 s_T_content_00_002f7cc4 s_T_content_01_002f7cd4 s_T_content_02_002f7ce4 s_T_condition_01_002f7cf8
002f7d60	FUN_002f7d60	FUN_002f7d60	3	
002f7dcc	FUN_002f7dcc	FUN_002f7dcc	5	
002f7de8	FUN_002f7de8	FUN_002f7de8	4	
002f7e58	FUN_002f7e58	FUN_002f7e58	4	
002f7ea4	FUN_002f7ea4	FUN_002f7ea4	2	
002f7ed8	FUN_002f7ed8	FUN_002f7ed8	3	
002f7f20	FUN_002f7f20	FUN_002f7f20	4	s__SE_OK_002f7fef
002f7ffc	FUN_002f7ffc	FUN_002f7ffc	3	
002f8038	FUN_002f8038	FUN_002f8038	4	
002f8050	FUN_002f8050	FUN_002f8050	2	s__N_root_00_002f82ff
002f831c	FUN_002f831c	FUN_002f831c	3	
002f8328	FUN_002f8328	FUN_002f8328	4	s__SE_OK_002f8477
002f8484	FUN_002f8484	FUN_002f8484	2	
002f84e0	FUN_002f84e0	FUN_002f84e0	2	
002f8584	FUN_002f8584	FUN_002f8584	2	
002f85b8	FUN_002f85b8	FUN_002f85b8	2	
002f86ac	FUN_002f86ac	FUN_002f86ac	2	
002f870c	FUN_002f870c	FUN_002f870c	2	
002f87b4	FUN_002f87b4	FUN_002f87b4	2	
002f8970	FUN_002f8970	FUN_002f8970	2	
002f8b70	FUN_002f8b70	FUN_002f8b70	2	s_NewTitle_dlg03_01_002f8e80
002f8e94	FUN_002f8e94	FUN_002f8e94	2	
002f8f64	FUN_002f8f64	FUN_002f8f64	2	
002f8ff0	FUN_002f8ff0	FUN_002f8ff0	2	
002f919c	FUN_002f919c	FUN_002f919c	2	
002f9248	FUN_002f9248	FUN_002f9248	2	
002f93e0	FUN_002f93e0	FUN_002f93e0	4	s_Ranking_btn02_01_002f9744 s_NewTitle_dlg03_01_002f999c
002f99b0	FUN_002f99b0	FUN_002f99b0	3	
002f9dc8	FUN_002f9dc8	FUN_002f9dc8	2	s_N_dlgArea_00_002f9e38
002f9e88	FUN_002f9e88	FUN_002f9e88	2	
002f9f68	FUN_002f9f68	FUN_002f9f68	2	
002fa0ac	FUN_002fa0ac	FUN_002fa0ac	2	
002fa1e4	FUN_002fa1e4	FUN_002fa1e4	2	
002fa220	FUN_002fa220	FUN_002fa220	2	
002fa444	FUN_002fa444	FUN_002fa444	2	
002fa478	FUN_002fa478	FUN_002fa478	3	s__dialogB_D_00_002fa8f7 s_inOut_00_002fa90c s__dialogB_D_01_002fa91f s__position_D_03_002fa937 s_N_root_00_002fa948 s_N_dialog_00_002fa954 s_N_tchArea_00_002fa984 s_button_00_002fb344 s_SE_CANCEL_002fb350
002fb388	FUN_002fb388	FUN_002fb388	2	
002fb8a0	FUN_002fb8a0	FUN_002fb8a0	2	
002fbfb0	FUN_002fbfb0	FUN_002fbfb0	3	s_T_legal_00_002fc364 s_T_price_00_002fc378 s_Shelf_txt01_15_002fc398 s_Shelf_txt01_19_002fc3ac s_Shelf_txt01_20_002fc6f8 s_Shelf_txt01_01_002fc708 s_Shelf_txt01_22_002fc6d8 s_Shelf_txt01_17_002fc6e8 s_Shelf_txt01_21_002fc3cc s_Shelf_txt01_16_002fc3bc s_T_price_01_002fc718 s_P_strike_00_002fc724 s__N_right_00_002fc733 s_N_left_00_002fc740 s_T_shop_00_002fca98 s_Shelf_txt01_14_002fcaa4 s_T_tiger_00_002fca7c s_Shelf_txt01_18_002fca88
002fcac0	FUN_002fcac0	FUN_002fcac0	2	s_N_root_00_002fcbe8
002fcc08	FUN_002fcc08	FUN_002fcc08	2	
002fcc44	FUN_002fcc44	FUN_002fcc44	2	
002fccdc	FUN_002fccdc	FUN_002fccdc	2	
002fcdb0	FUN_002fcdb0	FUN_002fcdb0	2	
002fcebc	FUN_002fcebc	FUN_002fcebc	2	
002fcee4	FUN_002fcee4	FUN_002fcee4	3	
002fcfec	FUN_002fcfec	FUN_002fcfec	2	
002fd0b8	FUN_002fd0b8	FUN_002fd0b8	2	
002fd0f0	FUN_002fd0f0	FUN_002fd0f0	2	
002fd1c8	FUN_002fd1c8	FUN_002fd1c8	3	s__message_D_00_002fd407
002fd450	FUN_002fd450	FUN_002fd450	4	
002fd47c	FUN_002fd47c	FUN_002fd47c	2	s_Shelf_title_04_002fd8bc
002fd948	FUN_002fd948	FUN_002fd948	2	
002fdb30	FUN_002fdb30	FUN_002fdb30	2	s_Shelf_title_04_002fdea0
002fe0a8	FUN_002fe0a8	FUN_002fe0a8	2	
002fe0f0	FUN_002fe0f0	FUN_002fe0f0	4	
002fe5b0	FUN_002fe5b0	FUN_002fe5b0	3	
002fe7bc	FUN_002fe7bc	FUN_002fe7bc	3	
002fe8e0	FUN_002fe8e0	FUN_002fe8e0	2	
002fea10	FUN_002fea10	FUN_002fea10	2	
002feb24	FUN_002feb24	FUN_002feb24	2	
002febc4	FUN_002febc4	FUN_002febc4	2	
002fed44	FUN_002fed44	FUN_002fed44	2	
002fee58	FUN_002fee58	FUN_002fee58	2	
002fefd8	FUN_002fefd8	FUN_002fefd8	2	
002ff1d0	FUN_002ff1d0	FUN_002ff1d0	2	s_Search_txt04_02_002ff9e8 s_Search_btn04_02_002ff9d8 s_Search_txt04_03_002ffc54 s_Search_btn04_03_002ffc44
002ffc78	FUN_002ffc78	FUN_002ffc78	2	
002ffd00	FUN_002ffd00	FUN_002ffd00	2	
002ffd58	FUN_002ffd58	FUN_002ffd58	3	
00300450	FUN_00300450	set_field_335_undefined1_00300450	2	
00300490	FUN_00300490	FUN_00300490	4	
00300544	FUN_00300544	FUN_00300544	3	
0030055c	FUN_0030055c	FUN_0030055c	4	
003005ec	FUN_003005ec	FUN_003005ec	3	
00300638	FUN_00300638	FUN_00300638	2	
003006fc	FUN_003006fc	FUN_003006fc	3	
0030070c	FUN_0030070c	FUN_0030070c	3	
0030078c	FUN_0030078c	FUN_0030078c	3	
00300850	FUN_00300850	FUN_00300850	3	s_T_title_00_00300be0 s_Shelf_result_01_00300bec s_T_keyword_01_00300cb8 s_T_item_00_00300c08 s_Shelf_result_15_00300c30 s_T_item_01_00300c24 s_Shelf_result_05_00300c4c s_Shelf_result_06_00300c68 s_Shelf_result_07_00300ee4 s_T_content_00_00300c78 s_T_content_01_00300c88 s_T_content_02_00300c98 s_T_content_03_00300ca8 s_Shelf_result_16_00300c14
00300efc	FUN_00300efc	FUN_00300efc	2	s_T_condition_01_00300f40
00300f80	FUN_00300f80	FUN_00300f80	4	s__sale_U_00_003011af
003011c0	FUN_003011c0	FUN_003011c0	4	s__sale_U_00_0030152f s_N_price_00_0030158c s_Shelf_banner01_03_003017a8 s_Shelf_banner01_04_003017bc s_Shelf_banner01_01_003015ac s_Shelf_banner01_02_003015c0 s_P_strike_00_003015a0 s_N_discount_00_003015d8 s_T_discount_00_00301544 s_Shelf_banner01_07_00301554 s_T_discount_01_00301568 s_Shelf_banner01_08_00301578 s_change_00_003015e8 s_T_sale_00_003015f4 s_Shelf_banner01_05_003017d0 s_Shelf_banner01_06_00301600
00301808	FUN_00301808	FUN_00301808	2	
00301830	FUN_00301830	FUN_00301830	3	s_loadingIcon_00_00301b20
00301b60	FUN_00301b60	FUN_00301b60	2	s_change_00_00301d44 s_N_title_00_00301d38
00301d50	FUN_00301d50	FUN_00301d50	2	
00301ea0	FUN_00301ea0	FUN_00301ea0	2	
00301f74	FUN_00301f74	FUN_00301f74	2	
00301fec	FUN_00301fec	FUN_00301fec	2	
003020e8	FUN_003020e8	FUN_003020e8	2	
003021a8	FUN_003021a8	FUN_003021a8	4	
003027e8	FUN_003027e8	FUN_003027e8	4	
0030297c	FUN_0030297c	FUN_0030297c	4	
00302b00	FUN_00302b00	FUN_00302b00	3	
00302bec	FUN_00302bec	FUN_00302bec	4	
00302cb4	FUN_00302cb4	FUN_00302cb4	2	
00302da0	FUN_00302da0	FUN_00302da0	2	
00302ec4	FUN_00302ec4	FUN_00302ec4	3	
00302f2c	FUN_00302f2c	FUN_00302f2c	2	
00302fd0	FUN_00302fd0	FUN_00302fd0	4	
003030b8	FUN_003030b8	FUN_003030b8	2	
003032d0	FUN_003032d0	FUN_003032d0	3	s_error__reader_could_not_change_i_0030387c
003038b0	FUN_003038b0	FUN_003038b0	4	
0030395c	FUN_0030395c	FUN_0030395c	3	
003039f8	FUN_003039f8	FUN_003039f8	4	
00303b30	FUN_00303b30	FUN_00303b30	3	
00303bf4	FUN_00303bf4	FUN_00303bf4	3	
00303dc0	FUN_00303dc0	FUN_00303dc0	3	s_MoLive__Allocator__not_enough_me_00304420
00305004	FUN_00305004	FUN_00305004	4	
0030509c	FUN_0030509c	FUN_0030509c	3	
0030514c	FUN_0030514c	FUN_0030514c	3	
003051c4	FUN_003051c4	FUN_003051c4	4	
00305270	FUN_00305270	FUN_00305270	3	s_ReadEp__cannot_find_stream__d_00305714 s_ReadEp__stream__d_already_disabl_00305758 s_Ep_goes_beyond_end_of_packet_00305738
00305aa0	FUN_00305aa0	FUN_00305aa0	3	
00305bf4	FUN_00305bf4	FUN_00305bf4	4	
00305d1c	FUN_00305d1c	FUN_00305d1c	4	s_rating_system_003060dc s_rating_003060ec
003061a0	FUN_003061a0	FUN_003061a0	4	
003062ac	FUN_003062ac	FUN_003062ac	3	
00306408	FUN_00306408	FUN_00306408	3	
003065a8	FUN_003065a8	FUN_003065a8	4	s_AgeGate_title01_01_00306690 s_AgeGate_txt02_01_0030667c s__AgeGate_txt02_02_003066a7
003066e0	FUN_003066e0	FUN_003066e0	3	s_AgeGate_title01_01_00306ae0 s_AgeGate_txt01_01_00306acc s_birthday_D_01_00306b14 s__birthday_D_00_00306aff s_T_month_00_00306b24 s_AgeGate_txt01_03_00306b30 s_AgeGate_txt01_04_00306b50 s_inOut_00_00306b64 s_button_00_00306b8c s_Number_00306bbc
00307590	FUN_00307590	FUN_00307590	2	
0030766c	FUN_0030766c	FUN_0030766c	2	
003076b4	FUN_003076b4	FUN_003076b4	4	
003077ac	FUN_003077ac	FUN_003077ac	2	
003079a0	FUN_003079a0	FUN_003079a0	2	
00307a74	FUN_00307a74	FUN_00307a74	3	
00307aac	FUN_00307aac	FUN_00307aac	2	
00307adc	FUN_00307adc	FUN_00307adc	4	
00307c1c	FUN_00307c1c	FUN_00307c1c	2	
00307d40	FUN_00307d40	FUN_00307d40	2	
00307de0	FUN_00307de0	FUN_00307de0	2	
00307eb4	FUN_00307eb4	FUN_00307eb4	2	
00307f54	FUN_00307f54	FUN_00307f54	2	
00307ff8	FUN_00307ff8	FUN_00307ff8	2	
00308090	FUN_00308090	FUN_00308090	2	
003080c8	FUN_003080c8	FUN_003080c8	2	
00308170	FUN_00308170	FUN_00308170	2	
0030820c	FUN_0030820c	FUN_0030820c	2	
003082a8	FUN_003082a8	FUN_003082a8	3	
00308380	FUN_00308380	FUN_00308380	2	
003083b4	FUN_003083b4	FUN_003083b4	2	
00308604	FUN_00308604	FUN_00308604	3	s_type_003087b4 s_normal_003087bc s_search_003087e4 s_ranking_003087ec s_recommend_003087f4 s_single_00308800
0030880c	FUN_0030880c	FUN_0030880c	2	
003088bc	FUN_003088bc	FUN_003088bc	2	
003088cc	FUN_003088cc	FUN_003088cc	3	
00308a8c	FUN_00308a8c	FUN_00308a8c	3	
00308aa8	FUN_00308aa8	FUN_00308aa8	2	
00308ae4	FUN_00308ae4	FUN_00308ae4	2	
00308b1c	FUN_00308b1c	FUN_00308b1c	3	
00308b2c	FUN_00308b2c	FUN_00308b2c	2	
00308cec	FUN_00308cec	FUN_00308cec	3	
00308d38	FUN_00308d38	FUN_00308d38	3	
00308d7c	FUN_00308d7c	FUN_00308d7c	2	
00308db8	FUN_00308db8	FUN_00308db8	2	
00308df0	FUN_00308df0	FUN_00308df0	3	
00308e18	FUN_00308e18	FUN_00308e18	3	
00308e20	FUN_00308e20	FUN_00308e20	2	
00308e64	FUN_00308e64	FUN_00308e64	2	
00308f6c	FUN_00308f6c	FUN_00308f6c	3	
0030915c	FUN_0030915c	FUN_0030915c	3	
0030916c	FUN_0030916c	FUN_0030916c	4	
0030924c	FUN_0030924c	FUN_0030924c	4	
003094a0	FUN_003094a0	FUN_003094a0	2	
00309524	FUN_00309524	FUN_00309524	3	
00309628	FUN_00309628	FUN_00309628	3	
00309634	FUN_00309634	FUN_00309634	4	
0030982c	FUN_0030982c	FUN_0030982c	3	
00309838	FUN_00309838	FUN_00309838	3	
00309884	FUN_00309884	FUN_00309884	2	
003098e4	FUN_003098e4	FUN_003098e4	3	
003099b4	FUN_003099b4	FUN_003099b4	3	
00309a9c	FUN_00309a9c	get_field_38_undefined8_00309a9c	3	
00309aac	FUN_00309aac	FUN_00309aac	3	
00309b9c	FUN_00309b9c	FUN_00309b9c	3	
00309bb8	FUN_00309bb8	FUN_00309bb8	3	
0030a5d8	FUN_0030a5d8	FUN_0030a5d8	3	
0030a6a8	FUN_0030a6a8	FUN_0030a6a8	2	
0030a720	FUN_0030a720	FUN_0030a720	3	
0030a774	FUN_0030a774	FUN_0030a774	3	
0030a878	FUN_0030a878	FUN_0030a878	2	
0030a8c4	FUN_0030a8c4	FUN_0030a8c4	3	
0030a90c	FUN_0030a90c	FUN_0030a90c	3	
0030a9b0	FUN_0030a9b0	FUN_0030a9b0	3	
0030a9fc	FUN_0030a9fc	FUN_0030a9fc	3	
0030aafc	FUN_0030aafc	FUN_0030aafc	3	
0030abb0	FUN_0030abb0	FUN_0030abb0	3	
0030ac14	FUN_0030ac14	FUN_0030ac14	3	
0030ac68	FUN_0030ac68	FUN_0030ac68	2	
0030b6f8	FUN_0030b6f8	FUN_0030b6f8	2	
0030b8e0	FUN_0030b8e0	FUN_0030b8e0	2	
0030bb14	FUN_0030bb14	FUN_0030bb14	2	
0030bcbc	FUN_0030bcbc	FUN_0030bcbc	2	
0030bec8	FUN_0030bec8	FUN_0030bec8	2	
0030c308	FUN_0030c308	FUN_0030c308	2	s_card_number_0030c67c
0030c6a4	FUN_0030c6a4	FUN_0030c6a4	3	
0030c748	FUN_0030c748	FUN_0030c748	2	
0030c9d8	FUN_0030c9d8	FUN_0030c9d8	2	
0030ca3c	FUN_0030ca3c	FUN_0030ca3c	2	
0030ccc4	FUN_0030ccc4	FUN_0030ccc4	3	
0030cd68	FUN_0030cd68	FUN_0030cd68	2	
0030cfe8	FUN_0030cfe8	FUN_0030cfe8	2	
0030d024	FUN_0030d024	FUN_0030d024	3	s_name_0030d35c
0030d6f0	FUN_0030d6f0	FUN_0030d6f0	3	
0030db28	FUN_0030db28	FUN_0030db28	2	
0030dc24	FUN_0030dc24	FUN_0030dc24	3	s_card_number_0030e0e8 s_titleId_0030e0fc
0030e13c	FUN_0030e13c	FUN_0030e13c	3	
0030e208	FUN_0030e208	FUN_0030e208	3	s_raw_value_0030e5dc s_title_0030e5f0
0030e890	FUN_0030e890	FUN_0030e890	2	
0030e920	FUN_0030e920	FUN_0030e920	3	
0030ea4c	FUN_0030ea4c	FUN_0030ea4c	2	
0030eb44	FUN_0030eb44	FUN_0030eb44	3	
0030ed30	FUN_0030ed30	FUN_0030ed30	2	
0030ee00	FUN_0030ee00	FUN_0030ee00	2	
0030ef30	FUN_0030ef30	FUN_0030ef30	3	
0030f138	FUN_0030f138	FUN_0030f138	3	s_title_0030f2f8
0030f300	FUN_0030f300	FUN_0030f300	2	
0030f3a4	FUN_0030f3a4	FUN_0030f3a4	3	
0030f5c0	FUN_0030f5c0	FUN_0030f5c0	3	s_seed_published_0030fd68 s_playable_date_0030fd8c s_external_seed_0030fd7c
00310068	FUN_00310068	FUN_00310068	2	
00310128	FUN_00310128	FUN_00310128	2	
00310188	FUN_00310188	FUN_00310188	2	
003103a0	FUN_003103a0	FUN_003103a0	2	
00310568	FUN_00310568	FUN_00310568	2	
00310600	FUN_00310600	FUN_00310600	2	
003106e0	FUN_003106e0	FUN_003106e0	2	
00310a50	FUN_00310a50	FUN_00310a50	2	
003112e0	FUN_003112e0	FUN_003112e0	2	
00311340	FUN_00311340	FUN_00311340	2	
00311550	FUN_00311550	FUN_00311550	3	
0031161c	FUN_0031161c	FUN_0031161c	2	
00311984	FUN_00311984	FUN_00311984	3	s_text_00311c68 s_body_00311c70
00311ce4	FUN_00311ce4	FUN_00311ce4	3	
00311ef0	FUN_00311ef0	FUN_00311ef0	2	
003120e4	FUN_003120e4	FUN_003120e4	2	
003124ec	FUN_003124ec	FUN_003124ec	3	s_movie_003126b8
003126c0	FUN_003126c0	FUN_003126c0	2	
00312754	FUN_00312754	FUN_00312754	3	
003128cc	FUN_003128cc	FUN_003128cc	2	
00312974	FUN_00312974	FUN_00312974	2	
00312a60	FUN_00312a60	FUN_00312a60	3	s__04d_02d_02d_02d_02d_02d_00312b64
00312cfc	FUN_00312cfc	FUN_00312cfc	2	
00312f04	FUN_00312f04	FUN_00312f04	2	
0031311c	FUN_0031311c	FUN_0031311c	3	s_index_003134bc s_date_003134cc s_type_003134d4 s_description_003134dc s_traceable_00313858 s_receipt_00313864
00313d58	FUN_00313d58	FUN_00313d58	2	
00313f94	FUN_00313f94	FUN_00313f94	3	
00314008	FUN_00314008	FUN_00314008	2	
00314180	FUN_00314180	FUN_00314180	2	
003143b4	FUN_003143b4	FUN_003143b4	2	
0031441c	FUN_0031441c	FUN_0031441c	2	
0031447c	FUN_0031447c	FUN_0031447c	2	
003145e8	FUN_003145e8	FUN_003145e8	2	s_loyalty_account_id_00314a8c s_loyalty_account_password_00314aa0
00314ad4	FUN_00314ad4	FUN_00314ad4	2	
00314c50	FUN_00314c50	FUN_00314c50	2	
00314d68	FUN_00314d68	FUN_00314d68	2	
00315024	FUN_00315024	FUN_00315024	2	s_name_003155ec
003157c8	FUN_003157c8	FUN_003157c8	3	
00315804	FUN_00315804	FUN_00315804	2	
00315954	FUN_00315954	FUN_00315954	3	
00315964	FUN_00315964	FUN_00315964	2	
00315a7c	FUN_00315a7c	FUN_00315a7c	3	
00315b28	FUN_00315b28	FUN_00315b28	3	
00315e10	FUN_00315e10	FUN_00315e10	2	
00315ee0	FUN_00315ee0	FUN_00315ee0	2	
00315f94	FUN_00315f94	FUN_00315f94	3	
00316128	FUN_00316128	FUN_00316128	3	
00316164	FUN_00316164	FUN_00316164	2	
003161c0	FUN_003161c0	FUN_003161c0	3	
00316310	FUN_00316310	FUN_00316310	2	s_friend_code_003164ec
003164f8	FUN_003164f8	FUN_003164f8	2	
00316668	FUN_00316668	FUN_00316668	2	s_gender_003168f4
003169e4	FUN_003169e4	FUN_003169e4	2	
00316c44	FUN_00316c44	FUN_00316c44	3	s_name_00317028
0031716c	FUN_0031716c	FUN_0031716c	2	
0031722c	FUN_0031722c	FUN_0031722c	2	
0031748c	FUN_0031748c	FUN_0031748c	3	
003178a8	FUN_003178a8	FUN_003178a8	2	
00317968	FUN_00317968	FUN_00317968	2	
00317bc8	FUN_00317bc8	FUN_00317bc8	3	s_name_00317fac
003180f0	FUN_003180f0	FUN_003180f0	2	
003181c0	FUN_003181c0	FUN_003181c0	2	
00318438	FUN_00318438	FUN_00318438	3	
00318464	FUN_00318464	FUN_00318464	2	
003185dc	FUN_003185dc	FUN_003185dc	3	
0031862c	FUN_0031862c	FUN_0031862c	3	
003186d8	FUN_003186d8	FUN_003186d8	2	
00318ab8	FUN_00318ab8	FUN_00318ab8	3	
00318b38	FUN_00318b38	FUN_00318b38	3	
00318ef0	FUN_00318ef0	FUN_00318ef0	3	
00318fa4	FUN_00318fa4	FUN_00318fa4	3	
003190e8	FUN_003190e8	FUN_003190e8	2	
00319268	FUN_00319268	FUN_00319268	3	
00319334	FUN_00319334	FUN_00319334	2	
003193e0	FUN_003193e0	FUN_003193e0	2	
0031948c	FUN_0031948c	FUN_0031948c	3	
00319560	FUN_00319560	FUN_00319560	3	
00319a60	FUN_00319a60	FUN_00319a60	2	
00319b10	FUN_00319b10	FUN_00319b10	3	
00319b50	FUN_00319b50	FUN_00319b50	2	
00319b84	FUN_00319b84	FUN_00319b84	2	
00319d38	FUN_00319d38	FUN_00319d38	3	s__Content_Length_0031a36f s_Content_Range_0031a380
0031aad4	FUN_0031aad4	FUN_0031aad4	2	
0031b138	FUN_0031b138	FUN_0031b138	3	s__Content_Length_0031b6d3 s_Content_Range_0031b6e4
0031b898	FUN_0031b898	FUN_0031b898	3	s_error_0031bccc s_errorCode_0031bce8 s_code_0031bcd8 s_message_0031bce0
0031bd40	FUN_0031bd40	FUN_0031bd40	3	s_Unknown__d__0031c010 s___W__TIGER___2f__s__s__s__s__016_0031c023
0031c054	FUN_0031c054	FUN_0031c054	3	
0031c1c8	FUN_0031c1c8	FUN_0031c1c8	3	s_Connection_0031c564 s_close_0031c55c s_Keep_Alive_0031c570 s_bytes__u__0031c588 s_bytes__u__u_0031c57c s_Range_0031c594 s_User_Agent_0031c59c s_Referer_0031c5ac
0031c5bc	FUN_0031c5bc	FUN_0031c5bc	2	
0031c6f8	FUN_0031c6f8	FUN_0031c6f8	2	
0031c998	FUN_0031c998	FUN_0031c998	2	
0031ca94	FUN_0031ca94	FUN_0031ca94	2	
0031cb04	FUN_0031cb04	FUN_0031cb04	2	
0031cc34	FUN_0031cc34	FUN_0031cc34	3	
0031cc5c	FUN_0031cc5c	FUN_0031cc5c	3	
0031d0a4	FUN_0031d0a4	FUN_0031d0a4	2	
0031d0b4	FUN_0031d0b4	FUN_0031d0b4	3	
0031d230	FUN_0031d230	FUN_0031d230	3	
0031d468	FUN_0031d468	FUN_0031d468	2	
0031d478	FUN_0031d478	FUN_0031d478	2	
0031d690	FUN_0031d690	FUN_0031d690	3	
0031d9f4	FUN_0031d9f4	FUN_0031d9f4	3	
0031dc34	FUN_0031dc34	FUN_0031dc34	3	
0031dcf8	FUN_0031dcf8	FUN_0031dcf8	3	
0031dd60	FUN_0031dd60	FUN_0031dd60	2	s_Accept_0031de0c s_application_xml_0031de14 s_application_json_0031de24
0031de38	FUN_0031de38	FUN_0031de38	2	
0031de94	FUN_0031de94	FUN_0031de94	3	
0031dea0	FUN_0031dea0	FUN_0031dea0	2	
0031df08	FUN_0031df08	FUN_0031df08	3	
0031e0b8	FUN_0031e0b8	FUN_0031e0b8	3	
0031e1e0	FUN_0031e1e0	FUN_0031e1e0	3	
0031e1f8	FUN_0031e1f8	FUN_0031e1f8	3	
0031e204	FUN_0031e204	FUN_0031e204	2	
0031e388	FUN_0031e388	FUN_0031e388	3	
0031e3d8	FUN_0031e3d8	FUN_0031e3d8	3	
0031e3e8	FUN_0031e3e8	FUN_0031e3e8	2	s_Cookie_0031e448
0031e450	FUN_0031e450	FUN_0031e450	2	
0031e4ac	FUN_0031e4ac	FUN_0031e4ac	3	
0031e4b8	FUN_0031e4b8	FUN_0031e4b8	2	
0031e4c8	FUN_0031e4c8	FUN_0031e4c8	3	
0031e57c	FUN_0031e57c	FUN_0031e57c	3	
0031e828	FUN_0031e828	FUN_0031e828	2	
0031ed98	FUN_0031ed98	FUN_0031ed98	2	
0031edfc	FUN_0031edfc	FUN_0031edfc	3	
0031ee60	FUN_0031ee60	FUN_0031ee60	3	s__s_ninja_ws__s_title__llu_ec_inf_0031eed8
0031ef18	FUN_0031ef18	FUN_0031ef18	3	s__s_ninja_ws_my_wishlist_notice_s_0031ef68
0031ef9c	FUN_0031ef9c	FUN_0031ef9c	3	s__s_ninja_ws__s_title__014llu__re_0031f000
0031f03c	FUN_0031f03c	FUN_0031f03c	3	s__s_eou_referer__s__s_eoufile_0031f09c
0031f0bc	FUN_0031f0bc	FUN_0031f0bc	3	s__s_samurai_ws__s_news_lang__s_sh_0031f11c
0031f150	FUN_0031f150	FUN_0031f150	3	s__s_ninja_ws_my_balance_current_s_0031f1a0
0031f1d4	FUN_0031f1d4	FUN_0031f1d4	3	s__s_ninja_ws_country__s_lang__s_s_0031f234
0031f268	FUN_0031f268	FUN_0031f268	3	
0031f2bc	FUN_0031f2bc	FUN_0031f2bc	3	s__s_ninja_ws__s_title__llu_ec_inf_0031f334
0031f374	FUN_0031f374	FUN_0031f374	3	s__s_samurai_layout_rating_info__d_0031f3d4
0031f400	FUN_0031f400	FUN_0031f400	3	s__s_ninja_ws__s_title__llu__purch_0031f464
0031f4a0	FUN_0031f4a0	FUN_0031f4a0	3	s__s_ninja_ws_my_wishlist_sort_rel_0031f550 s__s_ninja_ws_my_wishlist_sort_reg_0031f510
0031f58c	FUN_0031f58c	FUN_0031f58c	3	s__s_samurai_ws__s_telops_lang__s__0031f5ec
0031f624	FUN_0031f624	FUN_0031f624	3	s__s_ninja_ws_my_wishlist_notice___0031f674
0031f6b0	FUN_0031f6b0	FUN_0031f6b0	3	s__filter__u_0031f790
0031f79c	FUN_0031f79c	FUN_0031f79c	4	s__s_ninja_ws_my_credit_card__shop_0031f7ec
0031f820	FUN_0031f820	FUN_0031f820	3	s__s_ninja_ws_my_npns_status_shop__0031f870
0031f8a0	FUN_0031f8a0	FUN_0031f8a0	3	s__s_ninja_ws_my_language_shop_id__0031f8f0
0031f920	FUN_0031f920	FUN_0031f920	3	s__s_ninja_ws__s_coupon__check_sho_0031f978
0031f9ac	FUN_0031f9ac	FUN_0031f9ac	3	s__s_ninja_ws__s_movie__llu__play__0031fa10
0031fa3c	FUN_0031fa3c	FUN_0031fa3c	3	s__s_ninja_ws__s_title__llu_prepur_0031fadc
0031fb1c	FUN_0031fb1c	FUN_0031fb1c	3	s__s_ninja_ws_my_votes_shop_id_1_l_0031fb7c
0031fbbc	FUN_0031fbbc	FUN_0031fbbc	3	s__s_ninja_ws_my_session__open__ty_0031fc0c
0031fc34	FUN_0031fc34	FUN_0031fc34	3	s__s_ninja_ws_my_tax_location_shop_0031fc84
0031fcb8	FUN_0031fcb8	FUN_0031fcb8	3	s__s_samurai_ws__s_directory__llu__0031fdb4 s__s_samurai_ws__s_directory___s_l_0031fd78
0031fdf4	FUN_0031fdf4	FUN_0031fdf4	3	s__s_samurai_ws__s_languages_lang__0031fe54
0031fe8c	FUN_0031fe8c	FUN_0031fe8c	3	
0031fec4	FUN_0031fec4	FUN_0031fec4	3	
0031ff28	FUN_0031ff28	FUN_0031ff28	3	s__s_ninja_ws_my_owned_coupons_ns__0031ff88
0031ffc8	FUN_0031ffc8	FUN_0031ffc8	3	s__s_ninja_ws__s_title_public_stat_003200a0 s__ns_uid__llu_003200f4 s__title_id__016llx_003200e0
00320104	FUN_00320104	FUN_00320104	3	s__s_ninja_ws__s_demo__llu__purcha_00320168
003201a0	FUN_003201a0	FUN_003201a0	3	s__s_ninja_ws_my_votes__put_shop_i_003201f0
00320220	FUN_00320220	FUN_00320220	3	
00320298	FUN_00320298	FUN_00320298	3	s__s_ninja_ws_my_session__close__t_003202e8
00320314	FUN_00320314	FUN_00320314	4	
00320378	FUN_00320378	FUN_00320378	3	s__s_ninja_ws_titles_id_pair_lang__003203d8
00320410	FUN_00320410	FUN_00320410	3	
00320474	FUN_00320474	FUN_00320474	3	s_https___tagaya_dev_ctr_cdn_ninte_0032055c s_https___tagaya_ctr_cdn_nintendo__00320520
00320598	FUN_00320598	FUN_00320598	3	s__s_ninja_ws_my_balance_current___003205e8
00320624	FUN_00320624	FUN_00320624	3	
00320688	FUN_00320688	FUN_00320688	3	s__s_ninja_ws_my_wishlist__merge_s_003206d8
0032070c	FUN_0032070c	FUN_0032070c	3	
0032078c	FUN_0032078c	FUN_0032078c	3	s__s_samurai_ws__s_title__llu_lang_00320804
00320840	FUN_00320840	FUN_00320840	3	s__s_samurai_ws__s_movie__llu_shop_003208b8
003208f4	FUN_003208f4	FUN_003208f4	3	s__s_samurai_ws__s_rankings_shop_i_00320954
00320994	FUN_00320994	FUN_00320994	3	s__s_samurai_ws__s_genres_lang__s__003209f4
00320a2c	FUN_00320a2c	FUN_00320a2c	3	s__s_CCIF_services_credit_card__in_00320a7c
00320aa0	FUN_00320aa0	FUN_00320aa0	4	s__s_ninja_ws_my_shared_title_ids__00320af0
00320b28	FUN_00320b28	FUN_00320b28	3	s__s_ninja_ws_my_tax_location__put_00320b78
00320bb0	FUN_00320bb0	FUN_00320bb0	3	s__s_ninja_ws_my_owned_coupons_sho_00320c00
00320c34	FUN_00320c34	FUN_00320c34	3	s__s_ninja_ws_my_votes__delete_sho_00320c84
00320cb8	FUN_00320cb8	FUN_00320cb8	3	s__s_ninja_ws_redeemable_card__che_00320d08
00320d40	FUN_00320d40	FUN_00320d40	3	
00320dbc	FUN_00320dbc	FUN_00320dbc	3	s__s_samurai_ws__s_contents_lang___00320e1c
00320e54	FUN_00320e54	FUN_00320e54	3	
00320ecc	FUN_00320ecc	FUN_00320ecc	3	
00320f30	FUN_00320f30	FUN_00320f30	3	s__s_ninja_ws_my_loyalty_account___00320f80
00320fbc	FUN_00320fbc	FUN_00320fbc	3	s__s_ninja_ws_my_credit_card__dele_0032100c
00321044	FUN_00321044	FUN_00321044	3	s__s_ninja_ws_my_votes__migrate_ct_00321094
003210cc	FUN_003210cc	FUN_003210cc	3	
00321130	FUN_00321130	FUN_00321130	3	s__s_samurai_ws__s_searchcategory__00321190
003211d0	FUN_003211d0	FUN_003211d0	3	
00321234	FUN_00321234	FUN_00321234	3	
003212b0	FUN_003212b0	FUN_003212b0	3	s__s_ninja_ws_my_tax_location__del_00321300
0032133c	FUN_0032133c	FUN_0032133c	3	
003213a0	FUN_003213a0	FUN_003213a0	3	s__s_samurai_ws__s_movies_lang__s__00321400
00321438	FUN_00321438	FUN_00321438	3	s__s_samurai_ws__s_directory__llu__00321884 s__s_samurai_ws__s_directory___s_l_00321834 s__limit__u_offset__u_00321870 s__sort_new_003218c4 s__sort_popular_003218d0 s__sort_score_003218e0 s__publisher__5B__5D__u_00321918 s__component_title_003219bc s__component_movie_00321930
003219d0	FUN_003219d0	FUN_003219d0	3	s__s_samurai_ws__s_publishers_lang_00321a30
00321a6c	FUN_00321a6c	FUN_00321a6c	3	s__s_ninja_ws_my_loyalty_account___00321abc
00321af8	FUN_00321af8	FUN_00321af8	3	s__s_ninja_ws_my_parental_control__00321b48
00321b84	FUN_00321b84	FUN_00321b84	3	s__s_ninja_ws_my_loyalty_account_s_00321bd4
00321c08	FUN_00321c08	FUN_00321c08	3	s__s_ninja_ws_my_votable_titles__p_00321c58
00321c90	FUN_00321c90	FUN_00321c90	3	
00321d14	FUN_00321d14	FUN_00321d14	3	
00321d8c	FUN_00321d8c	FUN_00321d8c	3	s__s_ninja_ws_my_session__open_wit_00321ddc
00321e08	FUN_00321e08	FUN_00321e08	3	s_SAMURAI_CTR_00321f48 s_CCIF_00321f54 s_CP3S_00321f60 s_CP3S_MOVIE_00321f68
00321f84	FUN_00321f84	FUN_00321f84	2	
0032251c	FUN_0032251c	FUN_0032251c	2	
0032285c	FUN_0032285c	FUN_0032285c	3	
003229cc	FUN_003229cc	FUN_003229cc	2	
00322c9c	FUN_00322c9c	FUN_00322c9c	3	
00322f84	FUN_00322f84	FUN_00322f84	3	
00322fa0	FUN_00322fa0	FUN_00322fa0	3	
00323084	FUN_00323084	FUN_00323084	3	
003230b0	FUN_003230b0	FUN_003230b0	3	
00323278	FUN_00323278	FUN_00323278	3	
003233a8	FUN_003233a8	FUN_003233a8	3	s_false_003237f8 s_true_003237f0
00323854	FUN_00323854	FUN_00323854	2	
003238f8	FUN_003238f8	FUN_003238f8	3	
00323940	FUN_00323940	FUN_00323940	2	
00323af4	FUN_00323af4	FUN_00323af4	2	
00323b68	FUN_00323b68	FUN_00323b68	2	
00324dd8	FUN_00324dd8	FUN_00324dd8	2	
00324ee0	FUN_00324ee0	FUN_00324ee0	3	
00325010	FUN_00325010	FUN_00325010	3	
00325068	FUN_00325068	FUN_00325068	3	
003250cc	FUN_003250cc	FUN_003250cc	3	
003251b0	FUN_003251b0	FUN_003251b0	2	
00325290	FUN_00325290	FUN_00325290	2	
00325ab8	FUN_00325ab8	FUN_00325ab8	3	
00325cd0	FUN_00325cd0	FUN_00325cd0	3	
00325e24	FUN_00325e24	FUN_00325e24	2	
00325f68	FUN_00325f68	FUN_00325f68	2	
00326024	FUN_00326024	FUN_00326024	2	s___d__d__d_003263f4 s___d__d__d__d_00326418 s___d__d__d__d__d_003267a0 s___lld__d__d__d_003267b0 s___x__x__lld__d__s__d_003267d8 s___x__x__016llx__d__s__d_003267c0 s___d__d__d_003267f4 s__lld_00326964 s___lld__d__d__d__d_00326970
00326b4c	FUN_00326b4c	FUN_00326b4c	3	s_country_detail_00326f70 s_name_00326f80 s_loyalty_system_available_00326f88 s_legal_payment_message_required_00326fa4 s_legal_business_message_required_00326fc4 s_prepaid_card_available_00326fe4 s_credit_card_available_00326ffc s_jcb_security_code_available_00327014 s_nfc_available_00327030 s_coupon_available_00327040 s_my_coupon_available_00327054 s_price_format_00327068 s_positive_prefix_00327078 s_positive_suffix_00327088 s_max_cash_003270a0 s_raw_value_003270ac s_currency_003270b8 s_default_timezone_003274e8 s_Date_00327500
00327854	FUN_00327854	FUN_00327854	3	
003279ac	FUN_003279ac	FUN_003279ac	2	
00327a4c	FUN_00327a4c	FUN_00327a4c	3	
00327cd0	FUN_00327cd0	FUN_00327cd0	3	s_name_00328180 s_description_00328188 s_target_type_00328194 s_AllTitle_003281a0 s_FIXED_00328654 s__w_280_h_158_00328a6c s_use_at_once_flag_00328a7c s_instance_code_00328a90
003292e0	FUN_003292e0	FUN_003292e0	2	
00329500	FUN_00329500	FUN_00329500	2	s_owned_titles_003299a4 s_total_003299b4 s_owned_title_003299bc s_title_id_003299d4
003299e8	FUN_003299e8	FUN_003299e8	3	
00329a0c	FUN_00329a0c	FUN_00329a0c	2	s_owned_titles_00329df8 s_total_00329e08 s_owned_title_00329e10 s_title_id_00329e28
00329fbc	FUN_00329fbc	FUN_00329fbc	3	
0032a100	FUN_0032a100	FUN_0032a100	3	
0032a1c4	FUN_0032a1c4	get_field_40_undefined8_0032a1c4	3	
0032a1d4	FUN_0032a1d4	FUN_0032a1d4	3	
0032a294	FUN_0032a294	FUN_0032a294	3	
0032a2f4	FUN_0032a2f4	FUN_0032a2f4	3	s_movie_0032a948 s_title_0032a718
0032a950	FUN_0032a950	FUN_0032a950	2	
0032a9b4	FUN_0032a9b4	FUN_0032a9b4	2	
0032acf8	FUN_0032acf8	FUN_0032acf8	3	
0032ad3c	FUN_0032ad3c	FUN_0032ad3c	2	
0032ae08	FUN_0032ae08	FUN_0032ae08	2	
0032b108	FUN_0032b108	FUN_0032b108	3	
0032b3a8	FUN_0032b3a8	FUN_0032b3a8	3	s_PUBLIC_0032b73c s_NONPUBLIC_0032b744 s_UNSEARCHABLE_0032b750
0032b760	FUN_0032b760	FUN_0032b760	2	
0032bac0	FUN_0032bac0	FUN_0032bac0	3	
0032bb30	FUN_0032bb30	FUN_0032bb30	2	
0032bc44	FUN_0032bc44	FUN_0032bc44	3	s_name_0032c038 s_phone_number_0032c044 s_email_0032c06c
0032c088	FUN_0032c088	FUN_0032c088	2	
0032c348	FUN_0032c348	FUN_0032c348	3	
0032c8d8	FUN_0032c8d8	FUN_0032c8d8	2	
0032c94c	FUN_0032c94c	FUN_0032c94c	2	
0032ca78	FUN_0032ca78	FUN_0032ca78	2	s_title_0032d320
0032d37c	FUN_0032d37c	FUN_0032d37c	2	
0032d680	FUN_0032d680	FUN_0032d680	3	
0032d6bc	FUN_0032d6bc	FUN_0032d6bc	2	
0032d7a4	FUN_0032d7a4	FUN_0032d7a4	3	
0032dcac	FUN_0032dcac	FUN_0032dcac	3	s__title_id_0032dfe7
0032dff8	FUN_0032dff8	FUN_0032dff8	2	
0032e25c	FUN_0032e25c	FUN_0032e25c	3	
0032e2bc	FUN_0032e2bc	FUN_0032e2bc	2	
0032e418	FUN_0032e418	FUN_0032e418	3	
0032e5e8	FUN_0032e5e8	FUN_0032e5e8	3	s_title_0032ea48
0032ea50	FUN_0032ea50	FUN_0032ea50	2	
0032eb04	FUN_0032eb04	FUN_0032eb04	2	
0032ec38	FUN_0032ec38	FUN_0032ec38	2	s_title_0032f0a4
0032f0b4	FUN_0032f0b4	FUN_0032f0b4	2	s_titleIds___0032f3cc
0032f3dc	FUN_0032f3dc	FUN_0032f3dc	2	
0032f5dc	FUN_0032f5dc	FUN_0032f5dc	3	
0032f618	FUN_0032f618	FUN_0032f618	2	
0032f700	FUN_0032f700	FUN_0032f700	2	
0032f7dc	FUN_0032f7dc	FUN_0032f7dc	2	
0032f904	FUN_0032f904	FUN_0032f904	3	
00330000	FUN_00330000	FUN_00330000	2	
00330038	FUN_00330038	FUN_00330038	3	
00330078	FUN_00330078	FUN_00330078	2	
00330110	FUN_00330110	FUN_00330110	2	
003301a8	FUN_003301a8	FUN_003301a8	2	
0033034c	FUN_0033034c	FUN_0033034c	2	
00330528	FUN_00330528	FUN_00330528	3	
00330700	FUN_00330700	FUN_00330700	2	
00330928	FUN_00330928	FUN_00330928	2	
00330ad8	FUN_00330ad8	FUN_00330ad8	2	
00330e4c	FUN_00330e4c	FUN_00330e4c	2	
00330e98	FUN_00330e98	FUN_00330e98	2	s_coupon_instance_code_00331258
003312f8	FUN_003312f8	FUN_003312f8	2	s__llu_00331710 s_price_id_00331718 s_discount_id_00331724 s_coupon_code_00331730 s_coupon_instance_code_0033173c
00331754	FUN_00331754	FUN_00331754	3	
00331ec0	FUN_00331ec0	FUN_00331ec0	3	s_raw_value_00332644 s_description_00332650
00332824	FUN_00332824	FUN_00332824	3	
00332938	FUN_00332938	FUN_00332938	2	
00332a24	FUN_00332a24	FUN_00332a24	3	s_coupon_code_00332a6c
00332a78	FUN_00332a78	FUN_00332a78	3	s_coupon_instance_code_00332ac0
00332ad8	FUN_00332ad8	FUN_00332ad8	3	s_RATE_0033319c s_FIXED_003331a4 s_AllTitle_0033347c
00333488	FUN_00333488	FUN_00333488	2	
003336f8	FUN_003336f8	FUN_003336f8	2	
0033371c	FUN_0033371c	FUN_0033371c	2	
003338b8	FUN_003338b8	FUN_003338b8	2	s_credit_card_00333cf4 s_masked_number_00333d08 s_type_name_00333d18 s_Master_00333d28 s_VISA_00333d30 s_exp_year_00333d38 s_exp_month_00333d44 s_auto_billing_00333d50
00333f64	FUN_00333f64	FUN_00333f64	3	
00334114	FUN_00334114	FUN_00334114	2	
00334190	FUN_00334190	FUN_00334190	2	s_Origin_0033439c s_ninja_ctr_shop_nintendo_net_00334380 s_request_id_003343a4 s_application_id_003343b0 s_cc_number_003343c0 s_exp_month_003343cc s_exp_year_003343d8 s_sec_code_003343e4
00334408	FUN_00334408	FUN_00334408	2	s_requestId_00334570
00334768	FUN_00334768	FUN_00334768	3	s_request_id_00334938 s_postal_code_00334944 s_application_id_00334950 s_password_00334960
00334984	FUN_00334984	FUN_00334984	2	
00334a44	FUN_00334a44	FUN_00334a44	2	
00334b04	FUN_00334b04	FUN_00334b04	3	
00334cf4	FUN_00334cf4	FUN_00334cf4	3	
00334e84	FUN_00334e84	FUN_00334e84	2	s_raw_value_0033526c
003352b8	FUN_003352b8	FUN_003352b8	3	
003354f8	FUN_003354f8	FUN_003354f8	3	
003357d0	FUN_003357d0	FUN_003357d0	3	
0033592c	FUN_0033592c	FUN_0033592c	3	s_title_id_00335cd4
00335f44	FUN_00335f44	FUN_00335f44	2	
00335ff8	FUN_00335ff8	FUN_00335ff8	3	
00336024	FUN_00336024	FUN_00336024	2	
00336090	FUN_00336090	FUN_00336090	3	s__llu_00336220
0033622c	FUN_0033622c	FUN_0033622c	3	
0033628c	FUN_0033628c	FUN_0033628c	3	
00336300	FUN_00336300	FUN_00336300	3	s_title_00336698 s_demo_003366a0 s_movie_003366a8
003366b0	FUN_003366b0	FUN_003366b0	3	
003366bc	FUN_003366bc	FUN_003366bc	2	
003367f0	FUN_003367f0	FUN_003367f0	3	
003369f4	FUN_003369f4	FUN_003369f4	3	
00336a88	FUN_00336a88	FUN_00336a88	3	
00336b78	FUN_00336b78	FUN_00336b78	3	s_receipt_00336f08 s_transaction_id_00336f10 s_header_00336f20 s_statement_003372e4 s_content_003372f0
003373bc	FUN_003373bc	FUN_003373bc	2	
00337420	FUN_00337420	FUN_00337420	3	
00337468	FUN_00337468	FUN_00337468	3	
00337550	FUN_00337550	FUN_00337550	3	
00337714	FUN_00337714	FUN_00337714	3	s_iso_code_00337bf8
00337f44	FUN_00337f44	FUN_00337f44	2	
00337fd4	FUN_00337fd4	FUN_00337fd4	2	
003381fc	FUN_003381fc	FUN_003381fc	2	s_gfffname_00338b9c s_type_00338698 s_title_00338ba8 s_Ranking_btn02_01_00338f20
00339530	FUN_00339530	FUN_00339530	2	
0033983c	FUN_0033983c	FUN_0033983c	3	
00339858	FUN_00339858	FUN_00339858	2	
00339924	FUN_00339924	FUN_00339924	2	
00339c00	FUN_00339c00	FUN_00339c00	3	s_name_0033a0a8 s_origin_fqdn_0033a0bc
0033a0c8	FUN_0033a0c8	FUN_0033a0c8	2	
0033a428	FUN_0033a428	FUN_0033a428	2	
0033a578	FUN_0033a578	FUN_0033a578	3	
0033a7b8	FUN_0033a7b8	FUN_0033a7b8	2	
0033a878	FUN_0033a878	FUN_0033a878	2	
0033a938	FUN_0033a938	FUN_0033a938	3	
0033af98	FUN_0033af98	FUN_0033af98	2	
0033b068	FUN_0033b068	FUN_0033b068	2	
0033b4e8	FUN_0033b4e8	FUN_0033b4e8	3	s_headline_0033b948 s_description_0033b958 s_index_0033bec4
0033c3c4	FUN_0033c3c4	FUN_0033c3c4	3	
0033c4c8	FUN_0033c4c8	FUN_0033c4c8	2	
0033c5b4	FUN_0033c5b4	FUN_0033c5b4	3	
0033c5d0	FUN_0033c5d0	FUN_0033c5d0	6	
0033c5dc	FUN_0033c5dc	FUN_0033c5dc	3	
0033c8cc	FUN_0033c8cc	FUN_0033c8cc	2	
0033caf0	FUN_0033caf0	FUN_0033caf0	2	
0033ce50	FUN_0033ce50	FUN_0033ce50	3	
0033d0c0	FUN_0033d0c0	FUN_0033d0c0	2	
0033d1dc	FUN_0033d1dc	FUN_0033d1dc	2	
0033d258	FUN_0033d258	FUN_0033d258	2	
0033d308	FUN_0033d308	FUN_0033d308	2	
0033d3b8	FUN_0033d3b8	FUN_0033d3b8	2	
0033d450	FUN_0033d450	FUN_0033d450	2	
0033d490	FUN_0033d490	FUN_0033d490	2	
0033d4f4	FUN_0033d4f4	FUN_0033d4f4	2	
0033d578	FUN_0033d578	FUN_0033d578	3	
0033de50	FUN_0033de50	FUN_0033de50	3	
0033e278	FUN_0033e278	FUN_0033e278	3	s_title_0033ea50
0033ea64	FUN_0033ea64	FUN_0033ea64	3	
003404f0	FUN_003404f0	FUN_003404f0	2	
003405e0	FUN_003405e0	FUN_003405e0	2	
00340624	FUN_00340624	FUN_00340624	2	
0034082c	FUN_0034082c	FUN_0034082c	3	
003408e8	FUN_003408e8	FUN_003408e8	2	
00340b10	FUN_00340b10	FUN_00340b10	2	s_device_account_00340cc4
00340cf8	FUN_00340cf8	FUN_00340cf8	2	s_mac_address_00341778 s_friend_code_00341768 s_serial_number_00341784 s_X_Nintendo_ServiceToken_00341750 s_country_00341794 s_lang_0034179c s_shop_id_003417a8 s__llu_003417b0 s_device_token_003417b8 s_device_account_003417c8 s_device_id_003417d8
00341ea0	FUN_00341ea0	FUN_00341ea0	2	s__llu_003426cc
00342b04	FUN_00342b04	FUN_00342b04	2	s_game_rating_lock_003431e4 s_game_rating_age_003431fc s_shopping_0034320c
00343230	FUN_00343230	FUN_00343230	2	
0034332c	FUN_0034332c	FUN_0034332c	3	s_name_003437bc s_initial_device_account_id_003437c8 s_npns_ready_003437e8 s_device_00343c04 s_type_00343c0c s_game_rating_lock_00343c14 s_value_00343c28 s_game_rating_age_00343c30 s_shopping_00343f28
00343f54	FUN_00343f54	FUN_00343f54	3	
00344000	FUN_00344000	FUN_00344000	2	
003441e4	FUN_003441e4	FUN_003441e4	2	
00344238	FUN_00344238	FUN_00344238	2	
00344278	FUN_00344278	FUN_00344278	3	
00344408	FUN_00344408	FUN_00344408	3	s_tax_location_0034464c
00344660	FUN_00344660	FUN_00344660	2	
00344728	FUN_00344728	FUN_00344728	3	s_postal_code_00344acc s_city_00344ad8 s_county_00344ae0 s_state_00344ae8 s_state_code_00345088
00345338	FUN_00345338	FUN_00345338	2	
003453f4	FUN_003453f4	FUN_003453f4	2	
00345470	FUN_00345470	FUN_00345470	2	
00345640	FUN_00345640	FUN_00345640	2	s_tax_location_id_00345824
00345834	FUN_00345834	FUN_00345834	3	
003459d8	FUN_003459d8	FUN_003459d8	3	s_postal_code_00345b04 s_city_00345b10 s_county_00345b18 s_state_00345b20 s_state_code_00345b2c
00345d1c	FUN_00345d1c	FUN_00345d1c	3	
00345da8	FUN_00345da8	FUN_00345da8	2	
003460f8	FUN_003460f8	FUN_003460f8	2	
003461c8	FUN_003461c8	FUN_003461c8	3	
00346204	FUN_00346204	FUN_00346204	2	
003462c8	FUN_003462c8	FUN_003462c8	2	
00346314	FUN_00346314	FUN_00346314	2	
00346350	FUN_00346350	FUN_00346350	2	
00346470	FUN_00346470	FUN_00346470	2	
003465a0	FUN_003465a0	FUN_003465a0	3	
003466a4	FUN_003466a4	FUN_003466a4	2	
003468ec	FUN_003468ec	FUN_003468ec	3	
00346a70	FUN_00346a70	FUN_00346a70	3	
00346b90	FUN_00346b90	FUN_00346b90	2	s__llu_00346d7c
00346da4	FUN_00346da4	FUN_00346da4	2	s__llu_00346fb8
00346fe4	FUN_00346fe4	FUN_00346fe4	2	
00347188	FUN_00347188	FUN_00347188	2	
00347324	FUN_00347324	FUN_00347324	3	s_wishlist_0034752c s_wished_title_00347538
00347548	FUN_00347548	FUN_00347548	2	
00347870	FUN_00347870	FUN_00347870	3	
003478bc	FUN_003478bc	FUN_003478bc	2	
003479d4	FUN_003479d4	FUN_003479d4	2	
00347ba8	FUN_00347ba8	FUN_00347ba8	2	
00347dc0	FUN_00347dc0	FUN_00347dc0	2	
0034800c	FUN_0034800c	FUN_0034800c	3	s_normal_00348678 s_search_00348680 s_ranking_00348688 s_recommend_00348690 s_single_0034869c s_directory_003486a8
003486b4	FUN_003486b4	FUN_003486b4	2	
0034873c	FUN_0034873c	FUN_0034873c	3	
00348770	FUN_00348770	FUN_00348770	2	
0034883c	FUN_0034883c	FUN_0034883c	3	
00348888	FUN_00348888	FUN_00348888	3	
0034890c	FUN_0034890c	FUN_0034890c	3	
00348964	FUN_00348964	FUN_00348964	2	
00348ce4	FUN_00348ce4	FUN_00348ce4	2	
00348ed8	FUN_00348ed8	FUN_00348ed8	3	
00348f88	FUN_00348f88	FUN_00348f88	2	
00349018	FUN_00349018	FUN_00349018	3	
003490a8	FUN_003490a8	FUN_003490a8	3	
003490d8	FUN_003490d8	FUN_003490d8	3	
00349124	FUN_00349124	FUN_00349124	2	
00349170	FUN_00349170	FUN_00349170	3	
003491d8	FUN_003491d8	FUN_003491d8	3	s_fail_02_bclim_00349240 s_fail_01_bclim_00349258 s_fail_00_bclim_0034926c s_fail_04_bclim_00349280 s_fail_03_bclim_00349294 s_fail_05_bclim_003492a8
003492bc	FUN_003492bc	FUN_003492bc	3	
00349374	FUN_00349374	FUN_00349374	3	
003493c8	FUN_003493c8	FUN_003493c8	3	
00349414	FUN_00349414	FUN_00349414	3	
00349c28	FUN_00349c28	FUN_00349c28	3	
00349e68	FUN_00349e68	FUN_00349e68	2	
00349f14	FUN_00349f14	FUN_00349f14	3	
0034a088	FUN_0034a088	FUN_0034a088	2	
0034a178	FUN_0034a178	FUN_0034a178	3	
0034a1f4	FUN_0034a1f4	FUN_0034a1f4	2	
0034a2a0	FUN_0034a2a0	FUN_0034a2a0	2	
0034a39c	FUN_0034a39c	FUN_0034a39c	2	
0034a43c	FUN_0034a43c	FUN_0034a43c	4	
0034a4a4	FUN_0034a4a4	FUN_0034a4a4	3	
0034a6a4	FUN_0034a6a4	FUN_0034a6a4	2	
0034a6d4	FUN_0034a6d4	FUN_0034a6d4	2	
0034a700	FUN_0034a700	FUN_0034a700	2	s_newsBanner_D_00_0034abd0 s_bannerA_D_00_0034aba8 s_banner_00_0034abc4 s_N_icon_title_00_0034abe0 s_bannerA_D_01_0034abf0 s_P_playMark_00_0034ac00 s_N_icon_movie_00_0034ac10 s_bannerA_D_02_0034ac20 s_N_icon_shelf_00_0034ac30 s_N_sale_00_0034ac64 s_N_discount_00_0034ac70 s_N_preorder_00_0034ac80 s_T_title_00_0034ac90 s_P_icon_00_0034ac9c
0034ad38	FUN_0034ad38	FUN_0034ad38	3	
0034afd8	FUN_0034afd8	FUN_0034afd8	2	
0034b110	FUN_0034b110	FUN_0034b110	2	s__newsBanner_D_01_0034b2b7 s_N_banner_00_0034b2c8 s_P_icon_00_0034b2d4
0034b2e8	FUN_0034b2e8	FUN_0034b2e8	3	
0034b578	FUN_0034b578	FUN_0034b578	2	
0034b6b0	FUN_0034b6b0	FUN_0034b6b0	2	s_N_button_00_0034bab0 s__listBtn_D_01_0034bac7 s_T_listBtn_00_0034baf4 s_T_listBtn_01_0034bb14
0034bb48	FUN_0034bb48	FUN_0034bb48	3	
0034bd28	FUN_0034bd28	FUN_0034bd28	4	s__T_text_00_0034be6b
0034be78	FUN_0034be78	FUN_0034be78	2	
0034bf28	FUN_0034bf28	FUN_0034bf28	2	
0034c134	FUN_0034c134	FUN_0034c134	2	
0034c1e8	FUN_0034c1e8	FUN_0034c1e8	2	
0034c288	FUN_0034c288	FUN_0034c288	2	
0034c2c4	FUN_0034c2c4	FUN_0034c2c4	2	
0034c358	FUN_0034c358	FUN_0034c358	2	
0034c3dc	FUN_0034c3dc	FUN_0034c3dc	2	
0034c4d0	FUN_0034c4d0	FUN_0034c4d0	3	s__banner_U_00_0034c9f7 s_N_root_01_0034ca08 s_N_title_00_0034ca14 s_news_UL_00_bclim_0034ca20 s_P_banner_00_0034ca34 s_inOut_00_0034ca40 s__position_D_02_0034ca57 s__newsText_D_00_0034ca6f s_N_icon_title_00_0034ca80 s_N_icon_movie_00_0034ca90 s_N_icon_shelf_00_0034caa0 s_N_banner_00_0034cab0 s_N_button_00_0034cabc s_T_title_00_0034cac8 s_T_text_00_0034cad4 s__News_title_01_0034cee7
0034d300	FUN_0034d300	FUN_0034d300	3	
0034d5c0	FUN_0034d5c0	FUN_0034d5c0	3	
0034d5f0	FUN_0034d5f0	FUN_0034d5f0	2	
0034d670	FUN_0034d670	FUN_0034d670	2	
0034d78c	FUN_0034d78c	FUN_0034d78c	2	
0034d878	FUN_0034d878	FUN_0034d878	2	
0034dcf8	FUN_0034dcf8	FUN_0034dcf8	2	
0034ddc4	FUN_0034ddc4	FUN_0034ddc4	2	
0034e02c	FUN_0034e02c	FUN_0034e02c	2	
0034e0e4	FUN_0034e0e4	FUN_0034e0e4	2	
0034e230	FUN_0034e230	FUN_0034e230	2	
0034e330	FUN_0034e330	FUN_0034e330	2	
0034e3f4	FUN_0034e3f4	FUN_0034e3f4	3	
0034e41c	FUN_0034e41c	FUN_0034e41c	2	
0034e55c	FUN_0034e55c	FUN_0034e55c	2	
0034e6c4	FUN_0034e6c4	FUN_0034e6c4	2	
0034e768	FUN_0034e768	FUN_0034e768	2	
0034e8ac	FUN_0034e8ac	FUN_0034e8ac	4	
0034e900	FUN_0034e900	FUN_0034e900	2	s__0g__0034e9af
0034e9b8	FUN_0034e9b8	FUN_0034e9b8	2	
0034e9c8	FUN_0034e9c8	FUN_0034e9c8	2	
0034ea50	FUN_0034ea50	FUN_0034ea50	2	
0034ebc8	FUN_0034ebc8	FUN_0034ebc8	2	
0034ecd0	FUN_0034ecd0	FUN_0034ecd0	2	
0034ed98	FUN_0034ed98	FUN_0034ed98	2	
0034ee5c	FUN_0034ee5c	FUN_0034ee5c	2	
0034f14c	FUN_0034f14c	FUN_0034f14c	2	
0034f30c	FUN_0034f30c	FUN_0034f30c	2	s__error_txt01_72_0034f3f7
0034f408	FUN_0034f408	FUN_0034f408	2	s___f__0034f5c7
0034f5f4	FUN_0034f5f4	FUN_0034f5f4	2	
0034f630	FUN_0034f630	FUN_0034f630	2	
0034f6c8	FUN_0034f6c8	FUN_0034f6c8	2	
0034f7a4	FUN_0034f7a4	FUN_0034f7a4	2	
0034f94c	FUN_0034f94c	FUN_0034f94c	2	
0034fa28	FUN_0034fa28	FUN_0034fa28	2	
0034fc90	FUN_0034fc90	FUN_0034fc90	2	
0034fde8	FUN_0034fde8	FUN_0034fde8	2	
003502f8	FUN_003502f8	FUN_003502f8	2	
003505e8	FUN_003505e8	FUN_003505e8	2	
0035075c	FUN_0035075c	FUN_0035075c	2	
0035078c	FUN_0035078c	FUN_0035078c	2	
00350900	FUN_00350900	FUN_00350900	3	
00350a58	FUN_00350a58	FUN_00350a58	3	
00350bb0	FUN_00350bb0	FUN_00350bb0	4	
00350be8	FUN_00350be8	FUN_00350be8	4	
00350c1c	FUN_00350c1c	FUN_00350c1c	3	
00350c64	FUN_00350c64	FUN_00350c64	4	
00350e3c	FUN_00350e3c	FUN_00350e3c	2	s_BT_message_00_00350ecb
00350edc	FUN_00350edc	FUN_00350edc	2	
00350ff0	FUN_00350ff0	FUN_00350ff0	2	
003510d4	FUN_003510d4	FUN_003510d4	2	
003511a0	FUN_003511a0	FUN_003511a0	2	
003511d8	FUN_003511d8	FUN_003511d8	2	
003512b8	FUN_003512b8	FUN_003512b8	3	s__message_U_00_003516cf s_T_message_00_003516e4 s_Common_txt02_01_003516f4 s__position_D_00_0035170f s_message_D_00_00351720 s__N_nextPos_00_0035174f s__
003517a0	FUN_003517a0	FUN_003517a0	4	
00351a28	FUN_00351a28	FUN_00351a28	4	
00351ad8	FUN_00351ad8	FUN_00351ad8	4	
00351b6c	FUN_00351b6c	FUN_00351b6c	4	
00351b98	FUN_00351b98	FUN_00351b98	3	
00351c1c	FUN_00351c1c	FUN_00351c1c	3	
00351ca0	FUN_00351ca0	FUN_00351ca0	4	
00351cdc	FUN_00351cdc	FUN_00351cdc	3	
00351d88	FUN_00351d88	FUN_00351d88	3	
00351da0	FUN_00351da0	FUN_00351da0	3	
00351dbc	FUN_00351dbc	FUN_00351dbc	3	
00351e78	FUN_00351e78	FUN_00351e78	3	
00351f28	FUN_00351f28	FUN_00351f28	3	s_rom__sound_dspaudio_cdc_003520d4
003520f4	FUN_003520f4	FUN_003520f4	4	
003521bc	FUN_003521bc	FUN_003521bc	3	
003521cc	FUN_003521cc	FUN_003521cc	3	
00352210	FUN_00352210	FUN_00352210	5	
003522bc	FUN_003522bc	FUN_003522bc	3	
00352344	FUN_00352344	FUN_00352344	4	
00352380	FUN_00352380	FUN_00352380	3	
003523bc	FUN_003523bc	FUN_003523bc	3	
00352468	FUN_00352468	FUN_00352468	3	
00352478	FUN_00352478	FUN_00352478	3	
0035248c	FUN_0035248c	FUN_0035248c	3	
00352568	FUN_00352568	FUN_00352568	6	
00352638	FUN_00352638	FUN_00352638	3	
00352648	FUN_00352648	FUN_00352648	3	
00352a80	FUN_00352a80	FUN_00352a80	4	
00352b08	FUN_00352b08	FUN_00352b08	3	
00352cac	FUN_00352cac	FUN_00352cac	2	s_About_dlg01_01_00352e40 s__About_dlg01_02_00352e2f
00352e50	FUN_00352e50	FUN_00352e50	2	
00352f18	FUN_00352f18	FUN_00352f18	2	
00352f98	FUN_00352f98	FUN_00352f98	2	
00352fd4	FUN_00352fd4	FUN_00352fd4	2	
0035309c	FUN_0035309c	FUN_0035309c	2	
003535f4	FUN_003535f4	FUN_003535f4	2	
00353680	FUN_00353680	FUN_00353680	2	
003536c0	FUN_003536c0	FUN_003536c0	2	
00353780	FUN_00353780	FUN_00353780	2	
0035385c	FUN_0035385c	FUN_0035385c	2	s__text_U_00_003534f7 s_T_message_00_00353504 s_InfoSet_txt01_01_00353514 s__eulaTop_D_00_0035353f s_T_text_00_00353550 s_CommonBtn_01_04_003535a4 s_About_title01_01_003535d8
00353890	FUN_00353890	FUN_00353890	4	s__TR__00353b7f
00353b94	FUN_00353b94	FUN_00353b94	2	
00353c28	FUN_00353c28	FUN_00353c28	2	
00353ea0	FUN_00353ea0	FUN_00353ea0	2	
00353f70	FUN_00353f70	FUN_00353f70	2	
00353fa8	FUN_00353fa8	FUN_00353fa8	2	
00353fe0	FUN_00353fe0	FUN_00353fe0	2	
003540b8	FUN_003540b8	FUN_003540b8	3	s__error_txt01_72_00354463
0035448c	FUN_0035448c	FUN_0035448c	3	
0035453c	FUN_0035453c	FUN_0035453c	2	
003545f0	FUN_003545f0	FUN_003545f0	2	
0035463c	FUN_0035463c	FUN_0035463c	2	s_CommonWin_dlg02_03_00354e6c s__CommonWin_dlg02_07_00354e57 s__QR_text01_04_00354987
00354f38	FUN_00354f38	FUN_00354f38	2	s__QR_text01_01_0035505f
00355078	FUN_00355078	FUN_00355078	2	
003550e8	FUN_003550e8	FUN_003550e8	2	
00355120	FUN_00355120	FUN_00355120	2	
00355214	FUN_00355214	FUN_00355214	2	
0035529c	FUN_0035529c	FUN_0035529c	2	s__QR_text01_01_00355323
00355340	FUN_00355340	FUN_00355340	2	
003554e0	FUN_003554e0	FUN_003554e0	2	s__QR_text01_01_0035561b
00355630	FUN_00355630	FUN_00355630	4	
00355670	FUN_00355670	FUN_00355670	3	s__QR_U_00_0035597f s__QR_U_01_00355997 s_inOut_00_003559a0 s_QR_Line_00_003559ac s___P__003559c7
003559ec	FUN_003559ec	FUN_003559ec	2	
00355a2c	FUN_00355a2c	FUN_00355a2c	3	
00355a7c	FUN_00355a7c	FUN_00355a7c	2	
00355ba4	FUN_00355ba4	FUN_00355ba4	2	
00355c44	FUN_00355c44	FUN_00355c44	2	
00355d08	FUN_00355d08	FUN_00355d08	2	
00355de0	FUN_00355de0	FUN_00355de0	2	
00355e54	FUN_00355e54	FUN_00355e54	2	
00355ee4	FUN_00355ee4	FUN_00355ee4	2	
00355f80	FUN_00355f80	FUN_00355f80	3	
00356014	FUN_00356014	FUN_00356014	2	
00356088	FUN_00356088	FUN_00356088	3	
003561b0	FUN_003561b0	FUN_003561b0	4	
003561bc	FUN_003561bc	FUN_003561bc	3	
0035621c	FUN_0035621c	FUN_0035621c	3	
00356470	FUN_00356470	FUN_00356470	4	
00356490	FUN_00356490	FUN_00356490	3	
003564c4	FUN_003564c4	FUN_003564c4	2	
00356520	FUN_00356520	FUN_00356520	2	
0035660c	FUN_0035660c	FUN_0035660c	3	s_TitleInfo_dlg01_01_00356790 s_TitleInfo_dlg01_03_0035677c s__TitleInfo_dlg01_02_00356767
003567c0	FUN_003567c0	FUN_003567c0	2	
0035686c	FUN_0035686c	FUN_0035686c	2	
00356fc0	FUN_00356fc0	FUN_00356fc0	2	
00357308	FUN_00357308	FUN_00357308	2	s__4r__0035754f s_T_whish_00_00357568 s_TitleInfo_txt01_26_0035758c s_TitleInfo_txt01_17_00357574
003575a0	FUN_003575a0	FUN_003575a0	2	
003575fc	FUN_003575fc	FUN_003575fc	2	
00357750	FUN_00357750	FUN_00357750	2	
00357978	FUN_00357978	FUN_00357978	2	
00357b34	FUN_00357b34	FUN_00357b34	2	
00357b8c	FUN_00357b8c	FUN_00357b8c	3	
00357c3c	FUN_00357c3c	FUN_00357c3c	3	s_TitleInfo_btn01_08_00357da8
00357dd4	FUN_00357dd4	FUN_00357dd4	2	s_TitleInfo_btn01_20_00357e8c s_TitleInfo_btn01_13_00357ea0
00357ec0	FUN_00357ec0	FUN_00357ec0	3	s__buyBtn_D_00_00358247 s_N_root_00_00358254 s_invalid_00_00358294 s_updata_00_003582a0
00358614	FUN_00358614	FUN_00358614	2	s_TitleInfo_btn01_12_003586a8
003586c0	FUN_003586c0	FUN_003586c0	2	s_TitleInfo_btn01_17_00358754
0035876c	FUN_0035876c	FUN_0035876c	2	s_TitleInfo_btn01_01_00358800
00358818	FUN_00358818	FUN_00358818	3	
0035891c	FUN_0035891c	FUN_0035891c	2	s_TitleInfo_btn01_19_003589d4 s_TitleInfo_btn01_11_003589e8
00358a04	FUN_00358a04	FUN_00358a04	2	s_TitleInfo_btn01_05_00358ab8
00358ad8	FUN_00358ad8	FUN_00358ad8	2	s_TitleInfo_btn01_07_00358b90
00358ba8	FUN_00358ba8	FUN_00358ba8	2	
00358c60	FUN_00358c60	FUN_00358c60	2	
00358cf4	FUN_00358cf4	FUN_00358cf4	2	s_TitleInfo_btn01_21_00358dac s_TitleInfo_btn01_14_00358dc0
00358ddc	FUN_00358ddc	FUN_00358ddc	2	
00358e1c	FUN_00358e1c	FUN_00358e1c	2	s_TitleInfo_btn01_18_00358ec8
00358ee4	FUN_00358ee4	FUN_00358ee4	2	s_N_slideIn_00_003590e4
00359114	FUN_00359114	FUN_00359114	2	
003598a8	FUN_003598a8	FUN_003598a8	3	s__dialog_D_00_00359c8f s_T_message_00_00359c9c s_TitleInfo_dlg_08_01_00359cac s_T_input_00_00359cc0 s_TitleInfo_dlg_08_02_00359ccc s_T_decide_00_00359ce0 s_CommonWin_dlg01_02_00359cec s_T_decide_01_00359d00 s_T_cancel_00_00359d0c s_CommonWin_dlg01_01_00359d18 s_T_cancel_01_00359d2c s_inOut_00_00359d38 s_invalid_00_00359d44 s_decide_00_00359d6c s_cancel_00_00359d78 s_SE_CANCEL_00359d84 s_input_00_00359d90
00359f44	FUN_00359f44	FUN_00359f44	2	
00359fc0	FUN_00359fc0	FUN_00359fc0	2	
0035a0c0	FUN_0035a0c0	FUN_0035a0c0	2	s_T_input_00_0035a3e4 s__TitleInfo_dlg_08_04_0035a3f7
0035a40c	FUN_0035a40c	FUN_0035a40c	3	
0035a4b8	FUN_0035a4b8	FUN_0035a4b8	3	
0035a5f0	FUN_0035a5f0	FUN_0035a5f0	2	s__message_U_00_0035a92f s_T_message_00_0035a944 s_Common_txt02_01_0035a954 s__positionList_D_00_0035a96f s__ratingInformation_0035a98f s_N_stop_00_0035a9a4
0035aac8	FUN_0035aac8	FUN_0035aac8	2	
0035ab68	FUN_0035ab68	FUN_0035ab68	2	
0035abf4	FUN_0035abf4	FUN_0035abf4	2	
0035ac30	FUN_0035ac30	FUN_0035ac30	2	
0035acc8	FUN_0035acc8	FUN_0035acc8	2	
0035ad4c	FUN_0035ad4c	FUN_0035ad4c	2	
0035ad78	FUN_0035ad78	FUN_0035ad78	2	
0035ae50	FUN_0035ae50	FUN_0035ae50	3	
0035b1c0	FUN_0035b1c0	FUN_0035b1c0	3	s_TitleInfo_dlg_09_05_0035b510 s__dialogMyCoupon_D_00_0035b52f s_TitleInfo_dlg_09_06_0035b554 s_T_price_02_0035b57c s_TitleInfo_dlg_09_11_0035b5a8 s_T_price_03_0035b59c s_TitleInfo_dlg_09_07_0035b5bc s_TitleInfo_dlg_09_10_0035b588 s_T_button_00_0035b5d0 s_TitleInfo_dlg_09_08_0035b5dc s_T_button_01_0035b5f0 s_T_price_00_0035b5fc s_TitleInfo_dlg_09_13_0035b8c8 s_T_price_01_0035b61c s_TitleInfo_dlg_09_09_0035b8dc s_TitleInfo_dlg_09_12_0035b608 s_inOut_00_0035b8f0 s_button_00_0035b924
0035b950	FUN_0035b950	FUN_0035b950	2	
0035bb24	FUN_0035bb24	FUN_0035bb24	2	
0035bb60	FUN_0035bb60	FUN_0035bb60	4	
0035bbb4	FUN_0035bbb4	FUN_0035bbb4	3	
0035bc58	FUN_0035bc58	FUN_0035bc58	3	
0035bd10	FUN_0035bd10	FUN_0035bd10	2	
0035be8c	FUN_0035be8c	FUN_0035be8c	2	
0035bf50	FUN_0035bf50	FUN_0035bf50	3	
0035bfe4	FUN_0035bfe4	FUN_0035bfe4	2	
0035c168	FUN_0035c168	FUN_0035c168	2	s_TitleInfo_dlg07_01_0035c234 s_CommonWin_dlg01_01_0035c220 s_MemoryCheck_dlgbtn01_01_0035c208
0035c250	FUN_0035c250	FUN_0035c250	2	s_TitleInfo_dlg07_02_0035c31c s_CommonWin_dlg01_01_0035c308 s_MemoryCheck_dlgbtn01_01_0035c2f0
0035c344	FUN_0035c344	FUN_0035c344	2	
0035c3c8	FUN_0035c3c8	FUN_0035c3c8	2	
0035c62c	FUN_0035c62c	FUN_0035c62c	2	
0035c6b4	FUN_0035c6b4	FUN_0035c6b4	2	
0035c7c0	FUN_0035c7c0	FUN_0035c7c0	2	
0035c868	FUN_0035c868	FUN_0035c868	3	
0035c97c	FUN_0035c97c	FUN_0035c97c	3	
0035ca8c	FUN_0035ca8c	FUN_0035ca8c	2	
0035cc14	FUN_0035cc14	FUN_0035cc14	2	
0035cd30	FUN_0035cd30	FUN_0035cd30	2	
0035cf24	FUN_0035cf24	FUN_0035cf24	2	
0035d078	FUN_0035d078	FUN_0035d078	3	s__Xs__0035d527 s_T_legal_00_0035d52c s_T_legal_01_0035d538 s_T_softTitle_02_0035d550 s_T_softTitle_03_0035d560 s_N_title_00_0035d570 s__label_00_0035d587 s_N_label_00_0035d598 s_change_00_0035d5a4 s_T_label_00_0035d5b0 s_Shelf_icon01_01_0035d948 s_Shelf_icon01_09_0035d938 s_Shelf_icon01_08_0035d928 s_Shelf_icon01_10_0035d5bc s_T_softTitle_00_0035d958 s_T_softTitle_01_0035d968 s_N_title_01_0035d978 s_T_price_00_0035d984 s_TitleInfo_txt01_14_0035d9b4 s_T_legal_00_0035dd6c s_TitleInfo_txt01_27_0035dd78 s_T_legal_01_0035dd8c s_TitleInfo_txt01_28_0035ddfc s_TitleInfo_txt01_01_0035de10 s_TitleInfo_txt01_30_0035ddd4 s_TitleInfo_txt01_16_0035dde8 s_TitleInfo_txt01_29_0035ddb0 s_TitleInfo_txt01_15_0035dd9c s_TitleInfo_txt01_08_0035d99c s_price_00_0035ddc4 s_P_strike_00_0035de24 s_T_price_00_0035e298 s_T_day_00_0035e2a4 s_T_hard_00_0035e2c4 s_T_star_00_0035e2d4 s_TitleInfo_txt01_13_0035e2e0 s_P_loading_00_0035e6fc s_T_message_00_0035e2f4 s_P_image_00_0035e304 s_P_image_01_0035e310 s_loadingIcon_00_0035e714 s__loading_00_0035e72f
0035e7b0	FUN_0035e7b0	FUN_0035e7b0	2	
0035e9c4	FUN_0035e9c4	FUN_0035e9c4	2	
0035ebe8	FUN_0035ebe8	FUN_0035ebe8	2	
0035ec7c	FUN_0035ec7c	FUN_0035ec7c	2	
0035eccc	FUN_0035eccc	FUN_0035eccc	2	
0035ee90	FUN_0035ee90	FUN_0035ee90	2	
0035ef84	FUN_0035ef84	FUN_0035ef84	2	
0035f1ec	FUN_0035f1ec	FUN_0035f1ec	2	
0035f294	FUN_0035f294	FUN_0035f294	2	
0035f32c	FUN_0035f32c	FUN_0035f32c	2	
0035f490	FUN_0035f490	FUN_0035f490	2	
0035f558	FUN_0035f558	FUN_0035f558	2	
0035f66c	FUN_0035f66c	FUN_0035f66c	2	s_inOut_02_0035f77c s_inOut_01_0035f770
0035f788	FUN_0035f788	FUN_0035f788	2	
0035f8dc	FUN_0035f8dc	FUN_0035f8dc	2	
0035f91c	FUN_0035f91c	FUN_0035f91c	2	s_inOut_03_0035f9c0
0035f9d8	FUN_0035f9d8	FUN_0035f9d8	2	
0035fa84	FUN_0035fa84	FUN_0035fa84	2	
0035fb48	FUN_0035fb48	FUN_0035fb48	4	s__player_D_00_00360127 s_T_title_00_00360134 s_P_gauge_00_00360140 s_T_time_00_0036014c s__movie_U_00_0036015f s_inOut_00_00360508 s_loadingIcon_D_00_00360514 s_B_moveBtn_00_00360540 s_slideBtn_00_00360550 s_titleInfo_00_00360628 s_N_titleInfo_00_0036059c
00360638	FUN_00360638	FUN_00360638	3	s__inOut_00_003606a3
003606b0	FUN_003606b0	FUN_003606b0	3	s__ratESRB_U_02_00360abf s_T_message__02d_003611c0
00361224	FUN_00361224	FUN_00361224	3	
00361260	FUN_00361260	FUN_00361260	3	
00361354	FUN_00361354	FUN_00361354	3	s_xxx____003615b1
003615b8	FUN_003615b8	FUN_003615b8	3	
00361618	FUN_00361618	FUN_00361618	2	
003616cc	FUN_003616cc	FUN_003616cc	4	
00361798	FUN_00361798	FUN_00361798	2	
003618e0	FUN_003618e0	FUN_003618e0	2	
00361a2c	FUN_00361a2c	FUN_00361a2c	2	
00361c34	FUN_00361c34	FUN_00361c34	4	
00361ef4	FUN_00361ef4	FUN_00361ef4	3	
00361f10	FUN_00361f10	FUN_00361f10	2	
00362148	FUN_00362148	FUN_00362148	2	
003621c8	FUN_003621c8	FUN_003621c8	2	
00362278	FUN_00362278	FUN_00362278	2	
00362310	FUN_00362310	FUN_00362310	2	
00362400	FUN_00362400	FUN_00362400	2	
003624d0	FUN_003624d0	FUN_003624d0	2	
00362564	FUN_00362564	FUN_00362564	2	
003625f8	FUN_003625f8	FUN_003625f8	2	
00362680	FUN_00362680	FUN_00362680	2	
00362754	FUN_00362754	FUN_00362754	2	
003629c4	FUN_003629c4	FUN_003629c4	2	
00362b0c	FUN_00362b0c	FUN_00362b0c	2	s__error_txt01_73_00362b9f
00362c30	FUN_00362c30	FUN_00362c30	2	
00362d3c	FUN_00362d3c	FUN_00362d3c	2	
00362dc4	FUN_00362dc4	FUN_00362dc4	2	
00362e54	FUN_00362e54	FUN_00362e54	2	
0036300c	FUN_0036300c	FUN_0036300c	2	
0036308c	FUN_0036308c	FUN_0036308c	2	
00363130	FUN_00363130	FUN_00363130	2	
00363218	FUN_00363218	FUN_00363218	2	
0036324c	FUN_0036324c	FUN_0036324c	2	
00363384	FUN_00363384	FUN_00363384	2	
003633f4	FUN_003633f4	FUN_003633f4	2	
00363438	FUN_00363438	FUN_00363438	2	
003634d8	FUN_003634d8	FUN_003634d8	2	
00363734	FUN_00363734	FUN_00363734	2	
003637c8	FUN_003637c8	FUN_003637c8	2	
003638e0	FUN_003638e0	FUN_003638e0	2	s__error_txt01_73_0036395b
00363974	FUN_00363974	FUN_00363974	2	
00363aa0	FUN_00363aa0	FUN_00363aa0	2	
00363ad0	FUN_00363ad0	FUN_00363ad0	2	
00363c80	FUN_00363c80	FUN_00363c80	2	
00363cf4	FUN_00363cf4	FUN_00363cf4	2	
00363ed4	FUN_00363ed4	FUN_00363ed4	2	
00363fb0	FUN_00363fb0	FUN_00363fb0	2	
00364204	FUN_00364204	FUN_00364204	2	
00364364	FUN_00364364	FUN_00364364	2	
003646a4	FUN_003646a4	FUN_003646a4	2	
00364718	FUN_00364718	FUN_00364718	2	
003647d0	FUN_003647d0	FUN_003647d0	2	s_error_txt01_68_00364b60 s_error_txt01_67_00364e84 s_CommonWin_dlg02_03_00364e70 s_CommonWin_ERRdlg01_09_00364e58 s_error_txt01_88_00364eac
00364ec4	FUN_00364ec4	FUN_00364ec4	2	
00364f4c	FUN_00364f4c	FUN_00364f4c	2	s_CommonWin_dlg02_03_00364fe4 s__MemoryCheck_dlgbtn01_01_00364fcb
00365010	FUN_00365010	FUN_00365010	2	
00365220	FUN_00365220	FUN_00365220	2	
00365328	FUN_00365328	FUN_00365328	2	
00365390	FUN_00365390	FUN_00365390	2	
00365478	FUN_00365478	FUN_00365478	2	
00365598	FUN_00365598	FUN_00365598	2	
00365600	FUN_00365600	FUN_00365600	2	
00365720	FUN_00365720	FUN_00365720	4	
00365894	FUN_00365894	FUN_00365894	2	
003659d0	FUN_003659d0	FUN_003659d0	2	s__Boot_txt01_04_00365a9b s_CommonWin_dlg03_01_00365aac
00365ac0	FUN_00365ac0	FUN_00365ac0	2	
003661b8	FUN_003661b8	FUN_003661b8	2	
003662e0	FUN_003662e0	FUN_003662e0	2	s__error_txt01_73_003663ab
003663c4	FUN_003663c4	FUN_003663c4	2	
00366478	FUN_00366478	FUN_00366478	2	
003666b8	FUN_003666b8	FUN_003666b8	2	
00366730	FUN_00366730	FUN_00366730	2	
00366758	FUN_00366758	FUN_00366758	2	
00366858	FUN_00366858	FUN_00366858	2	
003668fc	FUN_003668fc	FUN_003668fc	2	
003669ac	FUN_003669ac	FUN_003669ac	2	s_BootNotice_dlg01_01_00366afc s_CommonWin_dlg03_01_00366ae8 s_BootNotice_dlg01_02_00366b3c s_BootNotice_dlg01_03_00366b28 s__BootNotice_dlg01_04_00366b13
00366b58	FUN_00366b58	FUN_00366b58	2	
00366bb0	FUN_00366bb0	FUN_00366bb0	2	
00366ca0	FUN_00366ca0	FUN_00366ca0	2	
00366db0	FUN_00366db0	FUN_00366db0	2	
00366e38	FUN_00366e38	FUN_00366e38	2	
00366f18	FUN_00366f18	FUN_00366f18	2	
00366fe4	FUN_00366fe4	FUN_00366fe4	2	
0036718c	FUN_0036718c	FUN_0036718c	2	
003671e8	FUN_003671e8	FUN_003671e8	2	
00367270	FUN_00367270	FUN_00367270	2	s__error_txt01_108_0036745b
00367470	FUN_00367470	FUN_00367470	2	
00368434	FUN_00368434	FUN_00368434	2	
00368580	FUN_00368580	FUN_00368580	2	
003685fc	FUN_003685fc	FUN_003685fc	3	
0036860c	FUN_0036860c	FUN_0036860c	2	
00368708	FUN_00368708	FUN_00368708	2	
00368750	FUN_00368750	FUN_00368750	2	
003687c0	FUN_003687c0	FUN_003687c0	2	
0036889c	FUN_0036889c	FUN_0036889c	2	
00368914	FUN_00368914	FUN_00368914	2	
003689f8	FUN_003689f8	FUN_003689f8	2	
00368b14	FUN_00368b14	FUN_00368b14	2	
00368c2c	FUN_00368c2c	FUN_00368c2c	2	
00368c8c	FUN_00368c8c	FUN_00368c8c	2	
00368cfc	FUN_00368cfc	FUN_00368cfc	2	
00368e78	FUN_00368e78	FUN_00368e78	3	s_slideBtn_D_00_00369310 s__W_bar_00_0036932b s_N_down_00_00369344 s_N_slide_00_00369350 s_Cslide_00_0036939f s_N_tchArea_00_003693c8
00369518	FUN_00369518	FUN_00369518	3	
0036963c	FUN_0036963c	FUN_0036963c	3	
00369760	FUN_00369760	FUN_00369760	4	
00369768	FUN_00369768	FUN_00369768	2	
003697a8	FUN_003697a8	FUN_003697a8	2	
003698cc	FUN_003698cc	FUN_003698cc	2	
00369b00	FUN_00369b00	FUN_00369b00	3	
00369b60	FUN_00369b60	FUN_00369b60	2	
00369b90	FUN_00369b90	FUN_00369b90	2	
00369ca0	FUN_00369ca0	FUN_00369ca0	2	
00369d4c	FUN_00369d4c	FUN_00369d4c	4	
00369e24	FUN_00369e24	FUN_00369e24	2	
00369e80	FUN_00369e80	FUN_00369e80	3	s_listBtn_D_00_0036a260 s_listBtn_D_01_0036a270 s_N_tchArea_00_0036a280 s_N_root_00_0036a290 s_dlglistBtn_D_00_0036a2bc s_T_listBtn_00_0036a2d0 s_T_listBtn_01_0036a2e0 s_N_dialog_00_0036a2f0 s_B_listBtn_00_0036a318
0036a3d0	FUN_0036a3d0	FUN_0036a3d0	2	s_N_dlgArea_00_0036a458
0036a468	FUN_0036a468	FUN_0036a468	2	
0036a52c	FUN_0036a52c	FUN_0036a52c	2	
0036a63c	FUN_0036a63c	FUN_0036a63c	2	
0036a73c	FUN_0036a73c	FUN_0036a73c	2	
0036a818	FUN_0036a818	FUN_0036a818	2	
0036a850	FUN_0036a850	FUN_0036a850	2	
0036a8d8	FUN_0036a8d8	FUN_0036a8d8	4	s__dialogB_D_00_0036ad9f s_inOut_00_0036adb4 s__dialogB_D_01_0036adc7 s_button_00_0036adf4 s_SE_CANCEL_0036ae00 s__position_D_03_0036ae17 s__listPos_D_03_0036ae2f s_T_message_00_0036ae40 s_N_root_00_0036ae50 s_N_dialog_00_0036ae5c
0036aeb8	FUN_0036aeb8	FUN_0036aeb8	4	s__dialogB_D_00_0036b3a7 s_inOut_00_0036b3bc s__dialogB_D_01_0036b3cf s_button_00_0036b3fc s_SE_CANCEL_0036b408 s__position_D_03_0036b41f s__listPos_D_03_0036b437 s_T_message_00_0036b448 s_N_root_00_0036b458 s_N_dialog_00_0036b464 s__listBtn_D_00_0036b477 s_listBtn_D_01_0036b488 s_N_tchArea_00_0036b498 s_dlglistBtn_D_00_0036b4a8 s_T_listBtn_00_0036b4bc s_T_listBtn_01_0036b4cc s_B_listBtn_00_0036b800
0036b830	FUN_0036b830	FUN_0036b830	2	
0036ba10	FUN_0036ba10	FUN_0036ba10	4	
0036bcc8	FUN_0036bcc8	FUN_0036bcc8	2	
0036bea0	FUN_0036bea0	FUN_0036bea0	3	
0036bebc	FUN_0036bebc	FUN_0036bebc	4	
0036bf00	FUN_0036bf00	FUN_0036bf00	4	
0036bf60	FUN_0036bf60	FUN_0036bf60	2	s_lau_connect0_0036c0a4 s_lau_connect4_0036c0b4 s_lau_connect3_0036c090
0036c0c4	FUN_0036c0c4	FUN_0036c0c4	2	
0036c388	FUN_0036c388	FUN_0036c388	3	
0036c42c	FUN_0036c42c	FUN_0036c42c	3	
0036c4c8	FUN_0036c4c8	FUN_0036c4c8	3	
0036c564	FUN_0036c564	FUN_0036c564	3	s_T_info_00_0036c628 s_N_info_00_0036c644
0036c650	FUN_0036c650	FUN_0036c650	3	s_lau_date_0036c918
0036c958	FUN_0036c958	FUN_0036c958	3	s_N_info_00_0036c9a4
0036c9b0	FUN_0036c9b0	FUN_0036c9b0	4	s__HudMenu_00_0036ceef s_P_NetAtn_00_0036cefc s_T_TimeC_00_0036cf08 s_NetMode_0036cf28 s_P_NetModeL_00_0036cf30 s_T_NetMode_00_0036cf44 s_T_Date_00_0036cf54 s_T_TimeL_00_0036cf60 s_T_TimeR_00_0036cf6c s__info_U_00_0036cf7f s_T_info_00_0036cf90 s_N_info_00_0036cfa8
0036cfdc	FUN_0036cfdc	FUN_0036cfdc	4	
0036d074	FUN_0036d074	FUN_0036d074	3	
0036d7ac	FUN_0036d7ac	FUN_0036d7ac	4	
0036dda8	FUN_0036dda8	FUN_0036dda8	4	
0036df08	FUN_0036df08	FUN_0036df08	3	
0036df2c	FUN_0036df2c	FUN_0036df2c	2	
0036dfd0	FUN_0036dfd0	FUN_0036dfd0	3	
0036dfe0	FUN_0036dfe0	FUN_0036dfe0	4	
0036e22c	FUN_0036e22c	FUN_0036e22c	2	
0036e544	FUN_0036e544	FUN_0036e544	4	
0036e558	FUN_0036e558	FUN_0036e558	4	
0036e9d8	FUN_0036e9d8	FUN_0036e9d8	4	
0036f358	FUN_0036f358	FUN_0036f358	4	
0036f4b8	FUN_0036f4b8	FUN_0036f4b8	3	
0036f4d8	FUN_0036f4d8	FUN_0036f4d8	4	
0036f530	FUN_0036f530	FUN_0036f530	3	
0036f540	FUN_0036f540	FUN_0036f540	4	
0036f5b4	FUN_0036f5b4	FUN_0036f5b4	3	
0036f758	FUN_0036f758	FUN_0036f758	2	
0036f764	FUN_0036f764	FUN_0036f764	3	
0036f770	FUN_0036f770	FUN_0036f770	3	
0036f77c	FUN_0036f77c	FUN_0036f77c	4	
0036f80c	FUN_0036f80c	FUN_0036f80c	4	
0036f824	FUN_0036f824	FUN_0036f824	4	
0036f860	FUN_0036f860	FUN_0036f860	3	
0036f8b0	FUN_0036f8b0	field_4e0_is_zero_0036f8b0	3	
0036f8cc	FUN_0036f8cc	FUN_0036f8cc	4	
0036f8e8	FUN_0036f8e8	FUN_0036f8e8	3	
0036f904	FUN_0036f904	FUN_0036f904	3	
0036f928	FUN_0036f928	FUN_0036f928	3	
0036f978	FUN_0036f978	FUN_0036f978	3	
0036f988	FUN_0036f988	FUN_0036f988	3	s_B_movieBtn_00_0036f9c0
0036f9d0	FUN_0036f9d0	FUN_0036f9d0	3	
0036f9e0	FUN_0036f9e0	FUN_0036f9e0	3	
0036fa44	FUN_0036fa44	FUN_0036fa44	3	
0036fae4	FUN_0036fae4	FUN_0036fae4	3	
0036fb90	FUN_0036fb90	FUN_0036fb90	4	
0036fb98	FUN_0036fb98	get_field_12c_undefined4_0036fb98	3	
0036fba8	FUN_0036fba8	get_field_2330_undefined1_0036fba8	3	
0036fbb4	FUN_0036fbb4	get_field_2498_undefined1_0036fbb4	3	
0036fbc0	FUN_0036fbc0	FUN_0036fbc0	4	
0036fbc8	FUN_0036fbc8	FUN_0036fbc8	3	
0036fbdc	FUN_0036fbdc	FUN_0036fbdc	3	
0036fbf0	FUN_0036fbf0	FUN_0036fbf0	3	
0036fc10	FUN_0036fc10	FUN_0036fc10	3	
0036fc24	FUN_0036fc24	get_field_2350_undefined1_0036fc24	3	
0036fc30	FUN_0036fc30	get_field_2358_undefined4_0036fc30	3	
0036fc3c	FUN_0036fc3c	FUN_0036fc3c	3	
0036fc60	FUN_0036fc60	FUN_0036fc60	3	
0036fc8c	FUN_0036fc8c	FUN_0036fc8c	3	
0036fcb8	FUN_0036fcb8	field_2320_is_zero_0036fcb8	3	
0036fcd4	FUN_0036fcd4	FUN_0036fcd4	3	
0036fd00	FUN_0036fd00	get_field_3898_undefined1_0036fd00	3	
0036fd0c	FUN_0036fd0c	FUN_0036fd0c	4	
0036fd1c	FUN_0036fd1c	FUN_0036fd1c	3	
0036fd24	FUN_0036fd24	FUN_0036fd24	3	
0036fd48	FUN_0036fd48	FUN_0036fd48	3	
0036fd6c	FUN_0036fd6c	field_28e8_is_zero_0036fd6c	3	
0036fd94	FUN_0036fd94	get_field_1f3c_undefined4_0036fd94	3	
0036fda0	FUN_0036fda0	get_field_1f38_undefined1_0036fda0	3	
0036fdac	FUN_0036fdac	FUN_0036fdac	3	
0036fdc8	FUN_0036fdc8	FUN_0036fdc8	3	
0036fde4	FUN_0036fde4	FUN_0036fde4	3	
0036fe0c	FUN_0036fe0c	get_field_3284_undefined4_0036fe0c	3	
0036fe18	FUN_0036fe18	FUN_0036fe18	3	
0036fe38	FUN_0036fe38	get_field_2498_undefined1_0036fe38	3	
0036fe44	FUN_0036fe44	get_field_1f20_undefined1_0036fe44	3	
0036fe50	FUN_0036fe50	get_field_1f24_undefined4_0036fe50	3	
0036fe5c	FUN_0036fe5c	FUN_0036fe5c	3	
0036fe70	FUN_0036fe70	FUN_0036fe70	3	
0036fe94	FUN_0036fe94	get_field_23dc_undefined4_0036fe94	4	
0036fea0	FUN_0036fea0	FUN_0036fea0	4	
0036feb4	FUN_0036feb4	FUN_0036feb4	4	
0036febc	FUN_0036febc	FUN_0036febc	4	
0036fec4	FUN_0036fec4	FUN_0036fec4	3	
0036feec	FUN_0036feec	FUN_0036feec	3	
0036ff00	FUN_0036ff00	FUN_0036ff00	3	
0036ff58	FUN_0036ff58	FUN_0036ff58	3	
0036ff64	FUN_0036ff64	FUN_0036ff64	4	
0036ff94	FUN_0036ff94	FUN_0036ff94	3	
0036ffa4	FUN_0036ffa4	FUN_0036ffa4	4	
0036ffac	FUN_0036ffac	FUN_0036ffac	5	
0036ffbc	FUN_0036ffbc	FUN_0036ffbc	3	
00370084	FUN_00370084	FUN_00370084	3	
003700e4	FUN_003700e4	FUN_003700e4	3	
003700f8	FUN_003700f8	FUN_003700f8	3	
00370120	FUN_00370120	FUN_00370120	3	
00370130	FUN_00370130	FUN_00370130	3	
00370140	FUN_00370140	FUN_00370140	3	
0037014c	FUN_0037014c	FUN_0037014c	4	
00370178	FUN_00370178	get_field_2334_undefined4_00370178	4	
003704ec	FUN_003704ec	FUN_003704ec	3	
003704f8	FUN_003704f8	FUN_003704f8	4	
003705b0	FUN_003705b0	FUN_003705b0	3	
00370608	FUN_00370608	FUN_00370608	3	
00370630	FUN_00370630	FUN_00370630	2	s_Search_result01_02_00370678
00370690	FUN_00370690	FUN_00370690	2	
00370744	FUN_00370744	FUN_00370744	2	s_Search_result01_07_0037078c
003707a4	FUN_003707a4	FUN_003707a4	2	s_Search_result01_03_003707ec
003708b0	FUN_003708b0	FUN_003708b0	4	
003708dc	FUN_003708dc	FUN_003708dc	3	
00370918	FUN_00370918	FUN_00370918	3	
00370938	FUN_00370938	FUN_00370938	3	
003709c4	FUN_003709c4	FUN_003709c4	2	
00370a40	FUN_00370a40	FUN_00370a40	3	
00370a4c	FUN_00370a4c	FUN_00370a4c	3	
00370a5c	FUN_00370a5c	FUN_00370a5c	4	
00370ab4	FUN_00370ab4	FUN_00370ab4	3	
00370afc	FUN_00370afc	FUN_00370afc	3	
00370b04	FUN_00370b04	FUN_00370b04	3	
00370b24	FUN_00370b24	FUN_00370b24	3	
00370b4c	FUN_00370b4c	FUN_00370b4c	3	
00370b78	FUN_00370b78	get_field_2f64_undefined4_00370b78	3	
00370b84	FUN_00370b84	FUN_00370b84	3	
00370bb0	FUN_00370bb0	FUN_00370bb0	3	s_B_listBtn_00_00370bf4
00370c04	FUN_00370c04	FUN_00370c04	3	
00370c14	FUN_00370c14	FUN_00370c14	3	
00370c1c	FUN_00370c1c	FUN_00370c1c	3	
00370c24	FUN_00370c24	FUN_00370c24	3	
00370c48	FUN_00370c48	FUN_00370c48	3	
00370c94	FUN_00370c94	FUN_00370c94	3	
00370cac	FUN_00370cac	FUN_00370cac	3	
00370cd0	FUN_00370cd0	FUN_00370cd0	3	
00370cf0	FUN_00370cf0	FUN_00370cf0	3	
00370d1c	FUN_00370d1c	FUN_00370d1c	3	
00370d44	FUN_00370d44	FUN_00370d44	3	
00370d70	FUN_00370d70	field_1f18_is_zero_00370d70	4	
00370d90	FUN_00370d90	FUN_00370d90	4	
00370d9c	FUN_00370d9c	FUN_00370d9c	3	s_B_contentsBtn_00_00370dd8
00370dec	FUN_00370dec	FUN_00370dec	3	
00370df4	FUN_00370df4	FUN_00370df4	3	
00370e14	FUN_00370e14	FUN_00370e14	3	
00370e38	FUN_00370e38	FUN_00370e38	3	
00370e58	FUN_00370e58	FUN_00370e58	3	
00370f20	FUN_00370f20	FUN_00370f20	2	s_Search_result01_02_00370f70
00370f88	FUN_00370f88	FUN_00370f88	2	
00371010	FUN_00371010	FUN_00371010	2	
003710a0	FUN_003710a0	FUN_003710a0	2	s_Search_result01_07_003710f0
00371108	FUN_00371108	FUN_00371108	2	s_Search_result01_03_00371158
00371238	FUN_00371238	FUN_00371238	4	s_N_nextPos_00_003712a0
003712b8	FUN_003712b8	FUN_003712b8	3	
00371380	FUN_00371380	FUN_00371380	4	
00371398	FUN_00371398	FUN_00371398	3	
003713b8	FUN_003713b8	get_field_1f30_undefined1_003713b8	3	
003713e4	FUN_003713e4	FUN_003713e4	3	
00371420	FUN_00371420	FUN_00371420	3	
00371430	FUN_00371430	FUN_00371430	3	
00371440	FUN_00371440	FUN_00371440	3	
00371450	FUN_00371450	FUN_00371450	3	
0037147c	FUN_0037147c	FUN_0037147c	3	
003714a4	FUN_003714a4	FUN_003714a4	3	
003714cc	FUN_003714cc	FUN_003714cc	3	
003714fc	FUN_003714fc	FUN_003714fc	4	
00371520	FUN_00371520	FUN_00371520	2	
0037155c	FUN_0037155c	FUN_0037155c	4	
003715f4	FUN_003715f4	FUN_003715f4	3	
00371624	FUN_00371624	FUN_00371624	4	
003716a8	FUN_003716a8	FUN_003716a8	3	
00371924	FUN_00371924	FUN_00371924	4	
00371a44	FUN_00371a44	FUN_00371a44	2	
00371a64	FUN_00371a64	FUN_00371a64	3	
00371a74	FUN_00371a74	FUN_00371a74	3	
00371aa4	FUN_00371aa4	FUN_00371aa4	3	
00371af8	FUN_00371af8	FUN_00371af8	3	
00371b28	FUN_00371b28	FUN_00371b28	3	
00371bb8	FUN_00371bb8	FUN_00371bb8	4	
00371c9c	FUN_00371c9c	FUN_00371c9c	4	
00371cd4	FUN_00371cd4	FUN_00371cd4	3	
00371d28	FUN_00371d28	FUN_00371d28	4	
00371d50	FUN_00371d50	FUN_00371d50	4	
00371d7c	FUN_00371d7c	FUN_00371d7c	3	
00371e94	FUN_00371e94	FUN_00371e94	3	
00372124	FUN_00372124	FUN_00372124	3	
00372158	FUN_00372158	FUN_00372158	4	
00372294	FUN_00372294	FUN_00372294	2	
0037242c	FUN_0037242c	FUN_0037242c	3	
0037257c	FUN_0037257c	FUN_0037257c	4	
00372610	FUN_00372610	FUN_00372610	2	
00372d88	FUN_00372d88	FUN_00372d88	4	
00372fac	FUN_00372fac	FUN_00372fac	3	
003731cc	FUN_003731cc	FUN_003731cc	3	
003732e8	FUN_003732e8	FUN_003732e8	4	
003733d8	FUN_003733d8	FUN_003733d8	3	
003737e0	FUN_003737e0	FUN_003737e0	3	
003738dc	FUN_003738dc	FUN_003738dc	4	
00373a64	FUN_00373a64	FUN_00373a64	3	
00373b80	FUN_00373b80	FUN_00373b80	3	
00373c4c	FUN_00373c4c	FUN_00373c4c	3	
00373d50	FUN_00373d50	FUN_00373d50	3	
00373fc4	FUN_00373fc4	FUN_00373fc4	3	
0037415c	FUN_0037415c	FUN_0037415c	3	
003744c4	FUN_003744c4	FUN_003744c4	3	
003744cc	FUN_003744cc	FUN_003744cc	2	
00374654	FUN_00374654	FUN_00374654	4	
00374c04	FUN_00374c04	FUN_00374c04	4	
00374eec	FUN_00374eec	FUN_00374eec	4	
00374f50	FUN_00374f50	FUN_00374f50	3	
00374f9c	FUN_00374f9c	FUN_00374f9c	3	
00374fb8	FUN_00374fb8	FUN_00374fb8	3	
00374ff8	FUN_00374ff8	FUN_00374ff8	2	
00375024	FUN_00375024	FUN_00375024	2	
003750b4	FUN_003750b4	FUN_003750b4	2	
00375144	FUN_00375144	FUN_00375144	4	
00375158	FUN_00375158	FUN_00375158	2	
00375160	FUN_00375160	FUN_00375160	4	
00375218	FUN_00375218	FUN_00375218	2	
00375220	FUN_00375220	FUN_00375220	4	
003752f0	FUN_003752f0	FUN_003752f0	2	
003764e4	FUN_003764e4	FUN_003764e4	3	
00376668	FUN_00376668	FUN_00376668	3	
003767dc	FUN_003767dc	FUN_003767dc	3	
003767f0	FUN_003767f0	FUN_003767f0	3	
0037683c	FUN_0037683c	FUN_0037683c	3	
0037687c	FUN_0037687c	FUN_0037687c	3	
003768a4	FUN_003768a4	FUN_003768a4	3	
003768d8	FUN_003768d8	FUN_003768d8	3	
00376930	FUN_00376930	FUN_00376930	4	
00376988	FUN_00376988	FUN_00376988	3	
003769e0	FUN_003769e0	FUN_003769e0	3	
00376a28	FUN_00376a28	FUN_00376a28	4	
00376b38	FUN_00376b38	FUN_00376b38	3	
00376b90	FUN_00376b90	FUN_00376b90	3	
00376bec	FUN_00376bec	FUN_00376bec	4	
00376c44	FUN_00376c44	FUN_00376c44	3	
00376c9c	FUN_00376c9c	FUN_00376c9c	3	
00376ca4	FUN_00376ca4	FUN_00376ca4	2	
00376cec	FUN_00376cec	FUN_00376cec	2	
00376d50	FUN_00376d50	FUN_00376d50	3	
00376d9c	FUN_00376d9c	FUN_00376d9c	4	
00376f00	FUN_00376f00	FUN_00376f00	4	
00376f30	FUN_00376f30	FUN_00376f30	4	
00376f6c	FUN_00376f6c	FUN_00376f6c	4	
00377024	FUN_00377024	FUN_00377024	3	
00377058	FUN_00377058	FUN_00377058	3	
003770c4	FUN_003770c4	FUN_003770c4	3	
003770d0	FUN_003770d0	FUN_003770d0	4	
00377104	FUN_00377104	FUN_00377104	3	
00377140	FUN_00377140	FUN_00377140	3	
0037714c	FUN_0037714c	FUN_0037714c	3	
00377170	FUN_00377170	FUN_00377170	3	
0037725c	FUN_0037725c	FUN_0037725c	3	
00377294	FUN_00377294	FUN_00377294	3	
003772bc	FUN_003772bc	FUN_003772bc	3	
003772e4	FUN_003772e4	FUN_003772e4	3	
0037730c	FUN_0037730c	FUN_0037730c	3	
00377330	FUN_00377330	FUN_00377330	3	
003773a0	FUN_003773a0	FUN_003773a0	3	
003773dc	FUN_003773dc	FUN_003773dc	3	
00377404	FUN_00377404	FUN_00377404	3	
00377430	FUN_00377430	FUN_00377430	3	
00377458	FUN_00377458	FUN_00377458	3	
003774cc	FUN_003774cc	FUN_003774cc	3	
003774f4	FUN_003774f4	FUN_003774f4	3	
00377680	FUN_00377680	FUN_00377680	4	
0037784c	FUN_0037784c	FUN_0037784c	4	
0037785c	FUN_0037785c	FUN_0037785c	4	
0037789c	FUN_0037789c	FUN_0037789c	3	
003778f0	FUN_003778f0	FUN_003778f0	3	
0037790c	FUN_0037790c	FUN_0037790c	3	
00377928	FUN_00377928	FUN_00377928	3	
0037793c	FUN_0037793c	FUN_0037793c	3	
00377954	FUN_00377954	FUN_00377954	4	
00377968	FUN_00377968	FUN_00377968	3	
00377980	FUN_00377980	FUN_00377980	3	
00377998	FUN_00377998	FUN_00377998	4	
003779b0	FUN_003779b0	FUN_003779b0	4	
003779cc	FUN_003779cc	FUN_003779cc	3	
00377a00	FUN_00377a00	FUN_00377a00	4	
00377a34	FUN_00377a34	FUN_00377a34	3	
00377a68	FUN_00377a68	FUN_00377a68	4	
00377a94	FUN_00377a94	FUN_00377a94	3	
00377b18	FUN_00377b18	FUN_00377b18	4	
00377b58	FUN_00377b58	FUN_00377b58	3	
00377b98	FUN_00377b98	FUN_00377b98	3	
00377bd8	FUN_00377bd8	FUN_00377bd8	4	
00377c10	FUN_00377c10	FUN_00377c10	3	
00377c48	FUN_00377c48	FUN_00377c48	3	
00377c68	FUN_00377c68	FUN_00377c68	4	
00377ca4	FUN_00377ca4	FUN_00377ca4	4	
00377cd0	FUN_00377cd0	FUN_00377cd0	3	
00377e98	FUN_00377e98	FUN_00377e98	3	
00377ed4	FUN_00377ed4	FUN_00377ed4	3	
00378114	FUN_00378114	FUN_00378114	3	
003781b4	FUN_003781b4	FUN_003781b4	3	
003781c0	FUN_003781c0	FUN_003781c0	3	
003781cc	FUN_003781cc	FUN_003781cc	3	
003781d8	FUN_003781d8	FUN_003781d8	3	
003781e4	FUN_003781e4	FUN_003781e4	3	
003781f0	FUN_003781f0	FUN_003781f0	3	
00378218	FUN_00378218	FUN_00378218	3	
00378244	FUN_00378244	FUN_00378244	3	
00378250	FUN_00378250	FUN_00378250	3	
0037826c	FUN_0037826c	FUN_0037826c	4	
00378294	FUN_00378294	FUN_00378294	4	
003783a8	FUN_003783a8	FUN_003783a8	3	
003783c8	FUN_003783c8	FUN_003783c8	3	
00378428	FUN_00378428	FUN_00378428	3	
00378448	FUN_00378448	FUN_00378448	3	
00378470	FUN_00378470	FUN_00378470	3	
003784a4	FUN_003784a4	FUN_003784a4	3	
003784c4	FUN_003784c4	FUN_003784c4	3	
003784e4	FUN_003784e4	FUN_003784e4	3	
0037850c	FUN_0037850c	FUN_0037850c	3	
00378528	FUN_00378528	FUN_00378528	3	
0037855c	FUN_0037855c	FUN_0037855c	4	
00378588	FUN_00378588	FUN_00378588	4	
003785ac	FUN_003785ac	FUN_003785ac	4	
003785d4	FUN_003785d4	FUN_003785d4	3	
003785f8	FUN_003785f8	FUN_003785f8	3	
00378648	FUN_00378648	FUN_00378648	3	
0037866c	FUN_0037866c	FUN_0037866c	3	
00378694	FUN_00378694	FUN_00378694	3	
003786c0	FUN_003786c0	FUN_003786c0	3	
003786cc	FUN_003786cc	FUN_003786cc	3	
003786f4	FUN_003786f4	FUN_003786f4	4	
00378700	FUN_00378700	FUN_00378700	3	
0037870c	FUN_0037870c	FUN_0037870c	4	
00378718	FUN_00378718	FUN_00378718	3	
00378784	FUN_00378784	FUN_00378784	3	
003787ec	FUN_003787ec	FUN_003787ec	3	
00378a04	FUN_00378a04	FUN_00378a04	4	
00378ae8	FUN_00378ae8	FUN_00378ae8	3	
00378c04	FUN_00378c04	FUN_00378c04	3	
00378c7c	FUN_00378c7c	FUN_00378c7c	3	
00378cac	FUN_00378cac	FUN_00378cac	4	
00378d94	FUN_00378d94	FUN_00378d94	3	
00378e38	FUN_00378e38	FUN_00378e38	3	
00378e58	FUN_00378e58	FUN_00378e58	3	
00378ea8	FUN_00378ea8	FUN_00378ea8	3	
00378ed0	FUN_00378ed0	FUN_00378ed0	3	
00378f0c	FUN_00378f0c	FUN_00378f0c	3	
00378f4c	FUN_00378f4c	FUN_00378f4c	5	
00378fa4	FUN_00378fa4	FUN_00378fa4	7	
00378fcc	FUN_00378fcc	FUN_00378fcc	3	
00378ff4	FUN_00378ff4	FUN_00378ff4	4	
00379068	FUN_00379068	FUN_00379068	15	
00379078	FUN_00379078	FUN_00379078	3	
00379104	FUN_00379104	FUN_00379104	3	
00379178	FUN_00379178	FUN_00379178	4	
00379194	FUN_00379194	FUN_00379194	3	
003791c4	FUN_003791c4	FUN_003791c4	3	
00379210	FUN_00379210	FUN_00379210	3	
00379230	FUN_00379230	FUN_00379230	3	
0037929c	FUN_0037929c	FUN_0037929c	3	
003792d8	FUN_003792d8	FUN_003792d8	3	
003792f4	FUN_003792f4	FUN_003792f4	3	
00379584	FUN_00379584	FUN_00379584	3	
003795c0	FUN_003795c0	FUN_003795c0	3	
0037967c	FUN_0037967c	FUN_0037967c	3	
0037968c	FUN_0037968c	FUN_0037968c	4	
00379788	FUN_00379788	FUN_00379788	3	
003797f8	FUN_003797f8	FUN_003797f8	3	
00379894	FUN_00379894	FUN_00379894	3	
00379900	FUN_00379900	FUN_00379900	3	
00379968	FUN_00379968	FUN_00379968	3	
00379974	FUN_00379974	FUN_00379974	3	
0037999c	FUN_0037999c	FUN_0037999c	3	
003799d8	FUN_003799d8	FUN_003799d8	4	
00379a28	FUN_00379a28	FUN_00379a28	3	
00379a3c	FUN_00379a3c	FUN_00379a3c	3	
00379a5c	FUN_00379a5c	FUN_00379a5c	3	
00379a70	FUN_00379a70	FUN_00379a70	4	
00379aac	FUN_00379aac	FUN_00379aac	3	
00379b08	FUN_00379b08	FUN_00379b08	4	
00379b28	FUN_00379b28	FUN_00379b28	3	
00379b34	FUN_00379b34	FUN_00379b34	3	
00379cc0	FUN_00379cc0	FUN_00379cc0	2	
0037aa24	FUN_0037aa24	FUN_0037aa24	2	
0037aa60	FUN_0037aa60	FUN_0037aa60	2	
0037afdc	FUN_0037afdc	FUN_0037afdc	4	
0037b048	FUN_0037b048	FUN_0037b048	3	
0037b0fc	FUN_0037b0fc	FUN_0037b0fc	3	
0037b140	FUN_0037b140	FUN_0037b140	4	
0037b14c	FUN_0037b14c	FUN_0037b14c	3	
0037b158	FUN_0037b158	FUN_0037b158	3	
0037b184	FUN_0037b184	FUN_0037b184	3	
0037b1c0	FUN_0037b1c0	FUN_0037b1c0	3	
0037b1e8	FUN_0037b1e8	FUN_0037b1e8	3	
0037b214	FUN_0037b214	FUN_0037b214	3	
0037b22c	FUN_0037b22c	FUN_0037b22c	3	
0037b258	FUN_0037b258	FUN_0037b258	3	
0037b280	FUN_0037b280	FUN_0037b280	3	
0037b2f4	FUN_0037b2f4	FUN_0037b2f4	3	
0037b31c	FUN_0037b31c	FUN_0037b31c	3	
0037b400	FUN_0037b400	FUN_0037b400	3	
0037b468	FUN_0037b468	FUN_0037b468	3	
0037b4d4	FUN_0037b4d4	FUN_0037b4d4	3	
0037b4e0	FUN_0037b4e0	FUN_0037b4e0	3	
0037b4ec	FUN_0037b4ec	FUN_0037b4ec	3	
0037b50c	FUN_0037b50c	FUN_0037b50c	3	
0037b574	FUN_0037b574	FUN_0037b574	3	
0037b5e0	FUN_0037b5e0	FUN_0037b5e0	3	
0037b7c0	FUN_0037b7c0	FUN_0037b7c0	3	
0037b89c	FUN_0037b89c	FUN_0037b89c	4	
0037b908	FUN_0037b908	FUN_0037b908	3	
0037ba0c	FUN_0037ba0c	FUN_0037ba0c	4	
0037bc30	FUN_0037bc30	FUN_0037bc30	3	
0037bd48	FUN_0037bd48	FUN_0037bd48	3	
0037c2b0	FUN_0037c2b0	FUN_0037c2b0	4	
0037c49c	FUN_0037c49c	FUN_0037c49c	2	
0037c68c	FUN_0037c68c	FUN_0037c68c	3	
0037c760	FUN_0037c760	FUN_0037c760	3	
0037ca0c	FUN_0037ca0c	FUN_0037ca0c	3	
0037cb84	FUN_0037cb84	FUN_0037cb84	3	
0037cc10	FUN_0037cc10	FUN_0037cc10	3	
0037ccc0	FUN_0037ccc0	FUN_0037ccc0	3	
0037cd94	FUN_0037cd94	FUN_0037cd94	3	
0037cdc0	FUN_0037cdc0	FUN_0037cdc0	4	
0037cdec	FUN_0037cdec	FUN_0037cdec	3	
0037cdf8	FUN_0037cdf8	FUN_0037cdf8	3	
0037ce34	FUN_0037ce34	FUN_0037ce34	2	
0037ce50	FUN_0037ce50	FUN_0037ce50	2	
0037cecc	FUN_0037cecc	FUN_0037cecc	4	
0037cff8	FUN_0037cff8	FUN_0037cff8	2	
0037d030	FUN_0037d030	FUN_0037d030	2	
0037d198	FUN_0037d198	FUN_0037d198	4	
0037d1d8	FUN_0037d1d8	field_2098_is_zero_0037d1d8	3	
0037d1f8	FUN_0037d1f8	FUN_0037d1f8	3	
0037d218	FUN_0037d218	FUN_0037d218	3	
0037d238	FUN_0037d238	FUN_0037d238	3	
0037d258	FUN_0037d258	field_20b0_is_zero_0037d258	4	
0037d278	FUN_0037d278	FUN_0037d278	3	
0037d2a0	FUN_0037d2a0	FUN_0037d2a0	3	
0037d2d0	FUN_0037d2d0	FUN_0037d2d0	4	
0037d2fc	FUN_0037d2fc	FUN_0037d2fc	3	
0037d308	FUN_0037d308	FUN_0037d308	4	
0037d314	FUN_0037d314	FUN_0037d314	4	
0037d34c	FUN_0037d34c	FUN_0037d34c	3	
0037d3b4	FUN_0037d3b4	FUN_0037d3b4	4	
0037d4c8	FUN_0037d4c8	FUN_0037d4c8	4	
0037d4d8	FUN_0037d4d8	FUN_0037d4d8	3	
0037d564	FUN_0037d564	FUN_0037d564	4	
0037d570	FUN_0037d570	FUN_0037d570	2	
0037d5c8	FUN_0037d5c8	FUN_0037d5c8	3	
0037d61c	FUN_0037d61c	FUN_0037d61c	2	
0037d648	FUN_0037d648	FUN_0037d648	3	
0037d754	FUN_0037d754	FUN_0037d754	4	
0037d770	FUN_0037d770	FUN_0037d770	3	
0037d7d0	FUN_0037d7d0	FUN_0037d7d0	3	
0037d7e4	FUN_0037d7e4	FUN_0037d7e4	3	
0037d7f0	FUN_0037d7f0	FUN_0037d7f0	3	
0037d800	FUN_0037d800	FUN_0037d800	4	
0037d834	FUN_0037d834	FUN_0037d834	3	
0037d84c	FUN_0037d84c	FUN_0037d84c	4	
0037d858	FUN_0037d858	FUN_0037d858	3	
0037d874	FUN_0037d874	FUN_0037d874	2	
0037d888	FUN_0037d888	FUN_0037d888	3	
0037d89c	FUN_0037d89c	FUN_0037d89c	4	
0037d914	FUN_0037d914	FUN_0037d914	4	
0037d924	FUN_0037d924	FUN_0037d924	3	
0037da14	FUN_0037da14	FUN_0037da14	3	
0037dad4	FUN_0037dad4	FUN_0037dad4	3	
0037db84	FUN_0037db84	FUN_0037db84	3	
0037db94	FUN_0037db94	FUN_0037db94	3	
0037dbb4	FUN_0037dbb4	FUN_0037dbb4	3	
0037dc14	FUN_0037dc14	FUN_0037dc14	2	
0037dc6c	FUN_0037dc6c	FUN_0037dc6c	3	
0037dc94	FUN_0037dc94	FUN_0037dc94	4	
0037dcbc	FUN_0037dcbc	FUN_0037dcbc	4	
0037dcf8	FUN_0037dcf8	FUN_0037dcf8	3	
0037dd38	FUN_0037dd38	FUN_0037dd38	3	
0037dd70	FUN_0037dd70	FUN_0037dd70	3	
0037ddd0	FUN_0037ddd0	FUN_0037ddd0	3	
0037de24	FUN_0037de24	FUN_0037de24	2	
0037e064	FUN_0037e064	FUN_0037e064	4	
0037e110	FUN_0037e110	FUN_0037e110	4	
0037e124	FUN_0037e124	FUN_0037e124	3	
0037e134	FUN_0037e134	get_field_30_undefined8_0037e134	3	
0037e144	FUN_0037e144	FUN_0037e144	3	
0037e168	FUN_0037e168	FUN_0037e168	3	
0037e284	FUN_0037e284	FUN_0037e284	3	
0037e294	FUN_0037e294	FUN_0037e294	3	
0037e380	FUN_0037e380	FUN_0037e380	4	
0037e38c	FUN_0037e38c	FUN_0037e38c	4	
0037e3f0	FUN_0037e3f0	FUN_0037e3f0	3	
0037e418	FUN_0037e418	layout_find_active_root_pane_0037e418	2	s_N_root_00_0037e460
0037e478	FUN_0037e478	FUN_0037e478	3	
0037e488	FUN_0037e488	FUN_0037e488	3	
0037e4c4	FUN_0037e4c4	FUN_0037e4c4	3	
0037e4dc	FUN_0037e4dc	get_field_1db0_undefined1_0037e4dc	3	
0037e4e8	FUN_0037e4e8	get_field_1dc0_undefined1_0037e4e8	4	
0037e4fc	FUN_0037e4fc	FUN_0037e4fc	3	
0037e50c	FUN_0037e50c	FUN_0037e50c	3	
0037e518	FUN_0037e518	FUN_0037e518	3	
0037e538	FUN_0037e538	get_field_1f30_undefined4_0037e538	4	
0037e544	FUN_0037e544	get_field_1f20_undefined1_0037e544	3	
0037e550	FUN_0037e550	get_field_206c_undefined1_0037e550	3	
0037e55c	FUN_0037e55c	get_field_20a9_undefined1_0037e55c	3	
0037e588	FUN_0037e588	FUN_0037e588	3	
0037e8e0	FUN_0037e8e0	FUN_0037e8e0	4	
0037e9f8	FUN_0037e9f8	FUN_0037e9f8	4	
0037ea38	FUN_0037ea38	FUN_0037ea38	3	
0037ebc8	FUN_0037ebc8	FUN_0037ebc8	3	
0037edc0	FUN_0037edc0	FUN_0037edc0	3	
0037eddc	FUN_0037eddc	FUN_0037eddc	3	
0037ee4c	FUN_0037ee4c	FUN_0037ee4c	3	
0037eea0	FUN_0037eea0	FUN_0037eea0	3	
0037ef10	FUN_0037ef10	FUN_0037ef10	3	
0037ef48	FUN_0037ef48	FUN_0037ef48	4	
0037efc0	FUN_0037efc0	FUN_0037efc0	3	
0037efe0	FUN_0037efe0	FUN_0037efe0	3	
0037f120	FUN_0037f120	FUN_0037f120	2	
0037f138	FUN_0037f138	FUN_0037f138	2	
0037f150	FUN_0037f150	FUN_0037f150	2	
0037f1d8	FUN_0037f1d8	FUN_0037f1d8	2	
0037f204	FUN_0037f204	FUN_0037f204	2	
0037f238	FUN_0037f238	get_field_20_undefined8_0037f238	3	
0037f248	FUN_0037f248	FUN_0037f248	3	
0037f27c	FUN_0037f27c	FUN_0037f27c	2	
0037f45c	FUN_0037f45c	FUN_0037f45c	2	
0037f494	FUN_0037f494	FUN_0037f494	2	
0037f4d4	FUN_0037f4d4	FUN_0037f4d4	2	
0037f64c	FUN_0037f64c	FUN_0037f64c	2	
0037f694	FUN_0037f694	FUN_0037f694	2	
0037f6e8	FUN_0037f6e8	FUN_0037f6e8	2	
0037f714	FUN_0037f714	FUN_0037f714	2	
0037f7d0	FUN_0037f7d0	FUN_0037f7d0	2	
0037f870	FUN_0037f870	FUN_0037f870	2	
0037f88c	FUN_0037f88c	FUN_0037f88c	2	
0037f930	FUN_0037f930	FUN_0037f930	2	
0037f94c	FUN_0037f94c	FUN_0037f94c	2	
0037fa24	FUN_0037fa24	FUN_0037fa24	2	
0037fb48	FUN_0037fb48	FUN_0037fb48	2	
0037fcac	FUN_0037fcac	FUN_0037fcac	2	
0037fda0	FUN_0037fda0	FUN_0037fda0	3	
0037fddc	FUN_0037fddc	FUN_0037fddc	2	
0037fe28	FUN_0037fe28	FUN_0037fe28	2	
0037ff24	FUN_0037ff24	FUN_0037ff24	2	
00380074	FUN_00380074	FUN_00380074	2	
0038008c	FUN_0038008c	FUN_0038008c	3	
003800dc	FUN_003800dc	FUN_003800dc	2	
00380290	FUN_00380290	FUN_00380290	2	
003802fc	FUN_003802fc	FUN_003802fc	3	
00380364	FUN_00380364	http_extract_set_cookie_00380364	2	s_Set_Cookie_003803d0
00380420	FUN_00380420	FUN_00380420	2	
0038051c	FUN_0038051c	FUN_0038051c	3	
00380570	FUN_00380570	FUN_00380570	2	
0038059c	FUN_0038059c	get_field_28_undefined8_0038059c	3	
003805ac	FUN_003805ac	get_field_20_undefined8_003805ac	3	
003805f0	FUN_003805f0	FUN_003805f0	2	
003806a8	FUN_003806a8	FUN_003806a8	2	
003807a4	FUN_003807a4	FUN_003807a4	2	
003807d8	FUN_003807d8	FUN_003807d8	2	
00380808	FUN_00380808	FUN_00380808	2	
00380854	FUN_00380854	FUN_00380854	2	
003808b4	FUN_003808b4	FUN_003808b4	2	
00380914	FUN_00380914	FUN_00380914	3	
00380984	FUN_00380984	FUN_00380984	2	
00380b5c	FUN_00380b5c	FUN_00380b5c	2	
00380c1c	FUN_00380c1c	FUN_00380c1c	2	
00380c48	FUN_00380c48	FUN_00380c48	2	
00380d1c	FUN_00380d1c	FUN_00380d1c	2	
00380d50	FUN_00380d50	FUN_00380d50	2	
00380d84	FUN_00380d84	FUN_00380d84	2	
00380dc8	FUN_00380dc8	FUN_00380dc8	2	
00380e88	FUN_00380e88	FUN_00380e88	2	
00380ec4	FUN_00380ec4	FUN_00380ec4	2	
00380f00	FUN_00380f00	FUN_00380f00	2	
00380f54	FUN_00380f54	FUN_00380f54	2	
00380f90	FUN_00380f90	FUN_00380f90	2	
0038102c	FUN_0038102c	FUN_0038102c	2	
00381060	FUN_00381060	FUN_00381060	2	
003810c0	FUN_003810c0	FUN_003810c0	2	
003810fc	FUN_003810fc	FUN_003810fc	2	
00381184	FUN_00381184	FUN_00381184	2	
003811c0	FUN_003811c0	FUN_003811c0	2	
003811fc	FUN_003811fc	FUN_003811fc	2	
00381274	FUN_00381274	FUN_00381274	2	
003812fc	FUN_003812fc	FUN_003812fc	2	
00381338	FUN_00381338	FUN_00381338	2	
00381388	FUN_00381388	FUN_00381388	2	
00381490	FUN_00381490	FUN_00381490	2	
003814b0	FUN_003814b0	FUN_003814b0	2	
00381540	FUN_00381540	FUN_00381540	2	
003815f8	FUN_003815f8	FUN_003815f8	2	
00381624	FUN_00381624	FUN_00381624	3	
00381630	FUN_00381630	FUN_00381630	3	
00381690	FUN_00381690	FUN_00381690	4	
003816a0	FUN_003816a0	FUN_003816a0	3	
003816b4	FUN_003816b4	FUN_003816b4	3	
00381700	FUN_00381700	FUN_00381700	3	
00381720	FUN_00381720	FUN_00381720	4	
0038174c	FUN_0038174c	get_field_4268_undefined4_0038174c	4	
00381764	FUN_00381764	FUN_00381764	2	
00381780	FUN_00381780	FUN_00381780	2	
003818a8	FUN_003818a8	FUN_003818a8	2	
003818f0	FUN_003818f0	FUN_003818f0	3	
00381904	FUN_00381904	FUN_00381904	3	
00381a10	FUN_00381a10	FUN_00381a10	4	
00381b08	FUN_00381b08	get_field_18_undefined8_00381b08	4	
00381b18	FUN_00381b18	FUN_00381b18	3	
00381ba8	FUN_00381ba8	FUN_00381ba8	2	
00381c68	FUN_00381c68	field_2798_is_zero_00381c68	3	
00381c88	FUN_00381c88	FUN_00381c88	3	
00381cb8	FUN_00381cb8	FUN_00381cb8	3	
00381d00	FUN_00381d00	FUN_00381d00	3	
00381d2c	FUN_00381d2c	FUN_00381d2c	3	
00381d98	FUN_00381d98	FUN_00381d98	4	
00381dcc	FUN_00381dcc	FUN_00381dcc	3	
00381dec	FUN_00381dec	FUN_00381dec	3	
00381e54	FUN_00381e54	FUN_00381e54	3	
00381e78	FUN_00381e78	FUN_00381e78	3	
00381e90	FUN_00381e90	FUN_00381e90	3	
00381eac	FUN_00381eac	get_field_480_undefined4_00381eac	2	
00381ebc	FUN_00381ebc	FUN_00381ebc	3	
00381ef4	FUN_00381ef4	FUN_00381ef4	4	
00381f8c	FUN_00381f8c	FUN_00381f8c	2	
00381fbc	FUN_00381fbc	FUN_00381fbc	2	
00382018	FUN_00382018	FUN_00382018	2	
00382048	FUN_00382048	FUN_00382048	2	
003820a4	FUN_003820a4	FUN_003820a4	2	
003820d4	FUN_003820d4	FUN_003820d4	2	
00382130	FUN_00382130	FUN_00382130	2	
00382160	FUN_00382160	FUN_00382160	2	
0038225c	FUN_0038225c	FUN_0038225c	2	
003823a0	FUN_003823a0	FUN_003823a0	2	
00382480	FUN_00382480	FUN_00382480	3	
00382490	FUN_00382490	FUN_00382490	4	
003824a0	FUN_003824a0	FUN_003824a0	3	
003824b8	switch8_r3	switch8_r3	0	
003824d0	FUN_003824d0	FUN_003824d0	4	
00382608	FUN_00382608	FUN_00382608	3	
0038287c	FUN_0038287c	FUN_0038287c	3	
00382ab0	FUN_00382ab0	FUN_00382ab0	3	
00382ae8	FUN_00382ae8	FUN_00382ae8	4	
00382b20	FUN_00382b20	FUN_00382b20	3	
00382cd0	FUN_00382cd0	FUN_00382cd0	3	
00382cd4	FUN_00382cd4	FUN_00382cd4	3	
00382d90	FUN_00382d90	FUN_00382d90	3	s_7_PD_00384bd3
003867ac	FUN_003867ac	FUN_003867ac	2	
00387504	FUN_00387504	FUN_00387504	2	
00388c68	FUN_00388c68	FUN_00388c68	2	
00388f60	FUN_00388f60	FUN_00388f60	2	
0038baf4	FUN_0038baf4	FUN_0038baf4	3	
0038bb34	FUN_0038bb34	FUN_0038bb34	3	
0038bbcc	FUN_0038bbcc	FUN_0038bbcc	3	
0038bbd4	FUN_0038bbd4	FUN_0038bbd4	3	
0038bbe4	FUN_0038bbe4	FUN_0038bbe4	3	
0038bbec	FUN_0038bbec	FUN_0038bbec	3	
0038bbf4	FUN_0038bbf4	FUN_0038bbf4	3	
0038c0e8	FUN_0038c0e8	FUN_0038c0e8	3	
0038c18c	FUN_0038c18c	FUN_0038c18c	3	
0038c37c	FUN_0038c37c	FUN_0038c37c	3	
0038c53c	FUN_0038c53c	FUN_0038c53c	3	
0038c714	FUN_0038c714	FUN_0038c714	4	
0038cd24	FUN_0038cd24	FUN_0038cd24	4	
0038cf44	FUN_0038cf44	FUN_0038cf44	4	
0038cf5c	FUN_0038cf5c	FUN_0038cf5c	3	
0038d290	FUN_0038d290	FUN_0038d290	3	
0038d568	FUN_0038d568	FUN_0038d568	3	
0038d5a8	FUN_0038d5a8	FUN_0038d5a8	2	
0038d6c4	FUN_0038d6c4	FUN_0038d6c4	3	
0038d704	FUN_0038d704	FUN_0038d704	3	
0038d730	FUN_0038d730	FUN_0038d730	2	
0038d888	FUN_0038d888	FUN_0038d888	3	
0038d8d8	FUN_0038d8d8	FUN_0038d8d8	3	
0038d8f0	FUN_0038d8f0	FUN_0038d8f0	3	
0038d91c	FUN_0038d91c	FUN_0038d91c	2	
0038d984	FUN_0038d984	FUN_0038d984	3	
0038d9cc	FUN_0038d9cc	FUN_0038d9cc	3	
0038da10	FUN_0038da10	FUN_0038da10	2	
0038db70	FUN_0038db70	FUN_0038db70	2	
0038db78	FUN_0038db78	FUN_0038db78	2	
0038dc90	FUN_0038dc90	FUN_0038dc90	3	
0038ddf4	FUN_0038ddf4	FUN_0038ddf4	3	
0038dea8	FUN_0038dea8	FUN_0038dea8	2	
0038dfb8	FUN_0038dfb8	FUN_0038dfb8	3	
0038e1c0	FUN_0038e1c0	FUN_0038e1c0	3	
0038e1d8	FUN_0038e1d8	FUN_0038e1d8	3	
0038e2d4	FUN_0038e2d4	FUN_0038e2d4	3	
0038e300	FUN_0038e300	FUN_0038e300	3	
0038e3e8	FUN_0038e3e8	FUN_0038e3e8	4	
0038e42c	thunk_FUN_00122508	thunk_FUN_00122508	3	
0038e430	FUN_0038e430	FUN_0038e430	4	
0038e440	FUN_0038e440	FUN_0038e440	4	
0038e63c	FUN_0038e63c	FUN_0038e63c	3	
0038e820	FUN_0038e820	FUN_0038e820	3	
0038eac0	FUN_0038eac0	FUN_0038eac0	4	
0038ed04	FUN_0038ed04	FUN_0038ed04	3	
0038ef1c	FUN_0038ef1c	FUN_0038ef1c	3	
0038f114	FUN_0038f114	FUN_0038f114	3	
0038f174	FUN_0038f174	FUN_0038f174	4	
0038f18c	FUN_0038f18c	FUN_0038f18c	3	
0038f1dc	FUN_0038f1dc	FUN_0038f1dc	4	
0038f200	FUN_0038f200	FUN_0038f200	4	
0038f3d8	FUN_0038f3d8	FUN_0038f3d8	4	
0038f4ac	FUN_0038f4ac	FUN_0038f4ac	4	
0038f554	FUN_0038f554	FUN_0038f554	4	
0038f558	FUN_0038f558	FUN_0038f558	3	
0038fa88	FUN_0038fa88	FUN_0038fa88	3	
0038fb18	FUN_0038fb18	FUN_0038fb18	3	
0038fb28	FUN_0038fb28	FUN_0038fb28	3	
0038fb4c	FUN_0038fb4c	FUN_0038fb4c	4	
0038fb9c	FUN_0038fb9c	FUN_0038fb9c	3	
0038fd2c	FUN_0038fd2c	FUN_0038fd2c	4	
0038fe04	FUN_0038fe04	FUN_0038fe04	3	
0038ff54	FUN_0038ff54	FUN_0038ff54	3	
00390044	FUN_00390044	FUN_00390044	7	
003900cc	FUN_003900cc	FUN_003900cc	4	
003901a8	FUN_003901a8	FUN_003901a8	3	
0039027c	FUN_0039027c	FUN_0039027c	3	
00390500	FUN_00390500	FUN_00390500	3	
003905d8	FUN_003905d8	FUN_003905d8	3	
003908a8	FUN_003908a8	FUN_003908a8	3	
00390980	FUN_00390980	FUN_00390980	3	
003909b4	FUN_003909b4	FUN_003909b4	3	
003909d8	FUN_003909d8	FUN_003909d8	3	
003909fc	FUN_003909fc	FUN_003909fc	2	
00390a58	FUN_00390a58	FUN_00390a58	2	
00390ab4	FUN_00390ab4	FUN_00390ab4	2	
00390b10	FUN_00390b10	FUN_00390b10	2	
00390b6c	FUN_00390b6c	FUN_00390b6c	2	
00390bc8	FUN_00390bc8	FUN_00390bc8	2	
00390c24	FUN_00390c24	FUN_00390c24	2	
00390c80	FUN_00390c80	FUN_00390c80	2	
00390cdc	FUN_00390cdc	FUN_00390cdc	2	
00390d38	FUN_00390d38	FUN_00390d38	2	
00390d94	FUN_00390d94	FUN_00390d94	2	
00390df0	FUN_00390df0	FUN_00390df0	2	
00390e4c	FUN_00390e4c	FUN_00390e4c	2	
00390ea8	FUN_00390ea8	FUN_00390ea8	2	
00390f94	FUN_00390f94	FUN_00390f94	3	
003911f8	FUN_003911f8	FUN_003911f8	2	
003912ac	FUN_003912ac	FUN_003912ac	4	
00391424	FUN_00391424	FUN_00391424	2	
003914dc	FUN_003914dc	FUN_003914dc	3	
00391870	FUN_00391870	FUN_00391870	3	
0039203c	FUN_0039203c	FUN_0039203c	2	
003920a0	FUN_003920a0	FUN_003920a0	2	
003922e4	FUN_003922e4	FUN_003922e4	2	
00392488	FUN_00392488	FUN_00392488	2	
003924bc	FUN_003924bc	FUN_003924bc	2	
003924e4	FUN_003924e4	FUN_003924e4	2	
003924f4	FUN_003924f4	FUN_003924f4	2	
00392524	FUN_00392524	FUN_00392524	2	
00392550	FUN_00392550	FUN_00392550	2	
00392560	FUN_00392560	FUN_00392560	2	
003927ec	FUN_003927ec	FUN_003927ec	2	
003928d8	FUN_003928d8	FUN_003928d8	2	
003929b0	FUN_003929b0	FUN_003929b0	2	
00392a20	FUN_00392a20	FUN_00392a20	2	
00392b00	FUN_00392b00	FUN_00392b00	2	
00392bd4	FUN_00392bd4	FUN_00392bd4	2	
00392c44	FUN_00392c44	FUN_00392c44	2	
00392d5c	FUN_00392d5c	FUN_00392d5c	2	
00392e50	FUN_00392e50	FUN_00392e50	2	
00392eb8	FUN_00392eb8	FUN_00392eb8	2	
00392fd0	FUN_00392fd0	FUN_00392fd0	2	
003930c4	FUN_003930c4	FUN_003930c4	2	
00393128	FUN_00393128	FUN_00393128	3	
003932f4	FUN_003932f4	FUN_003932f4	4	
00393370	FUN_00393370	FUN_00393370	3	
00393424	FUN_00393424	FUN_00393424	4	
00393900	FUN_00393900	FUN_00393900	2	
003939cc	FUN_003939cc	FUN_003939cc	3	
00393ba8	FUN_00393ba8	FUN_00393ba8	4	
00394718	FUN_00394718	FUN_00394718	4	
00395300	FUN_00395300	FUN_00395300	3	
00395a58	FUN_00395a58	FUN_00395a58	3	
00396244	FUN_00396244	FUN_00396244	4	
00396358	FUN_00396358	FUN_00396358	4	
003969c0	FUN_003969c0	FUN_003969c0	4	
00396b64	FUN_00396b64	FUN_00396b64	4	
00396c04	FUN_00396c04	FUN_00396c04	3	
00396f28	FUN_00396f28	FUN_00396f28	3	
00397650	FUN_00397650	FUN_00397650	4	
0039768c	FUN_0039768c	FUN_0039768c	3	
00397dc0	FUN_00397dc0	FUN_00397dc0	4	
00397dfc	FUN_00397dfc	FUN_00397dfc	4	
003981a0	FUN_003981a0	FUN_003981a0	3	
003988c8	FUN_003988c8	FUN_003988c8	4	
00398904	FUN_00398904	FUN_00398904	4	
00398ca8	FUN_00398ca8	FUN_00398ca8	3	
003993dc	FUN_003993dc	FUN_003993dc	4	
00399418	FUN_00399418	FUN_00399418	4	
003997ac	FUN_003997ac	FUN_003997ac	3	
00399ee0	FUN_00399ee0	FUN_00399ee0	4	
00399f1c	FUN_00399f1c	FUN_00399f1c	4	
0039a2b0	FUN_0039a2b0	FUN_0039a2b0	3	
0039a9e4	FUN_0039a9e4	FUN_0039a9e4	4	
0039aa20	FUN_0039aa20	FUN_0039aa20	4	
0039adb4	FUN_0039adb4	FUN_0039adb4	4	
0039b0d0	FUN_0039b0d0	FUN_0039b0d0	2	
0039b11c	FUN_0039b11c	FUN_0039b11c	2	
0039b12c	FUN_0039b12c	FUN_0039b12c	2	
0039b188	FUN_0039b188	FUN_0039b188	2	
0039b1d4	FUN_0039b1d4	FUN_0039b1d4	2	
0039b1e4	FUN_0039b1e4	FUN_0039b1e4	2	
0039b230	FUN_0039b230	FUN_0039b230	2	
0039b240	FUN_0039b240	FUN_0039b240	2	
0039b28c	FUN_0039b28c	FUN_0039b28c	2	
0039b29c	FUN_0039b29c	FUN_0039b29c	2	
0039b2f8	FUN_0039b2f8	FUN_0039b2f8	2	
0039b354	FUN_0039b354	FUN_0039b354	2	
0039b3b0	FUN_0039b3b0	FUN_0039b3b0	2	
0039b3fc	FUN_0039b3fc	FUN_0039b3fc	2	
0039b40c	FUN_0039b40c	FUN_0039b40c	2	
0039b458	FUN_0039b458	FUN_0039b458	2	
0039b468	FUN_0039b468	FUN_0039b468	2	
0039b4b4	FUN_0039b4b4	FUN_0039b4b4	2	
0039b4c4	FUN_0039b4c4	FUN_0039b4c4	2	
0039b510	FUN_0039b510	FUN_0039b510	2	
0039b520	FUN_0039b520	FUN_0039b520	2	
0039b57c	FUN_0039b57c	FUN_0039b57c	2	
0039b5d8	FUN_0039b5d8	FUN_0039b5d8	2	
0039b624	FUN_0039b624	FUN_0039b624	2	
0039b634	FUN_0039b634	FUN_0039b634	2	
0039b690	FUN_0039b690	FUN_0039b690	2	
0039b6ec	FUN_0039b6ec	FUN_0039b6ec	2	
0039b748	FUN_0039b748	FUN_0039b748	2	
0039b79c	FUN_0039b79c	FUN_0039b79c	2	
0039b7ac	FUN_0039b7ac	FUN_0039b7ac	2	
0039b7f8	FUN_0039b7f8	FUN_0039b7f8	2	
0039b808	FUN_0039b808	FUN_0039b808	2	
0039b854	FUN_0039b854	FUN_0039b854	2	
0039b864	FUN_0039b864	FUN_0039b864	2	
0039b8b8	FUN_0039b8b8	FUN_0039b8b8	2	
0039b8c8	FUN_0039b8c8	FUN_0039b8c8	2	
0039b91c	FUN_0039b91c	FUN_0039b91c	2	
0039b92c	FUN_0039b92c	FUN_0039b92c	2	
0039b978	FUN_0039b978	FUN_0039b978	2	
0039b988	FUN_0039b988	FUN_0039b988	2	
0039b9d4	FUN_0039b9d4	FUN_0039b9d4	2	
0039b9e4	FUN_0039b9e4	FUN_0039b9e4	2	
0039ba30	FUN_0039ba30	FUN_0039ba30	2	
0039ba40	FUN_0039ba40	FUN_0039ba40	2	
0039ba9c	FUN_0039ba9c	FUN_0039ba9c	2	
0039bae8	FUN_0039bae8	FUN_0039bae8	2	
0039baf8	FUN_0039baf8	FUN_0039baf8	2	
0039bb54	FUN_0039bb54	FUN_0039bb54	2	
0039bba0	FUN_0039bba0	FUN_0039bba0	2	
0039bbb0	FUN_0039bbb0	FUN_0039bbb0	2	
0039bbfc	FUN_0039bbfc	FUN_0039bbfc	2	
0039bc0c	FUN_0039bc0c	FUN_0039bc0c	2	
0039bc58	FUN_0039bc58	FUN_0039bc58	2	
0039bc68	FUN_0039bc68	FUN_0039bc68	2	
0039bcb4	FUN_0039bcb4	FUN_0039bcb4	2	
0039bcc4	FUN_0039bcc4	FUN_0039bcc4	2	
0039bd10	FUN_0039bd10	FUN_0039bd10	2	
0039bd20	FUN_0039bd20	FUN_0039bd20	2	
0039bd6c	FUN_0039bd6c	FUN_0039bd6c	2	
0039bd7c	FUN_0039bd7c	FUN_0039bd7c	2	
0039bdc8	FUN_0039bdc8	FUN_0039bdc8	2	
0039bdd8	FUN_0039bdd8	FUN_0039bdd8	2	
0039be24	FUN_0039be24	FUN_0039be24	2	
0039be34	FUN_0039be34	FUN_0039be34	2	
0039be80	FUN_0039be80	FUN_0039be80	2	
0039be90	FUN_0039be90	FUN_0039be90	2	
0039beec	FUN_0039beec	FUN_0039beec	2	
0039bf48	FUN_0039bf48	FUN_0039bf48	2	
0039bf94	FUN_0039bf94	FUN_0039bf94	2	
0039bfa4	FUN_0039bfa4	FUN_0039bfa4	2	
0039c000	FUN_0039c000	FUN_0039c000	2	
0039c04c	FUN_0039c04c	FUN_0039c04c	2	
0039c05c	FUN_0039c05c	FUN_0039c05c	2	
0039c0a8	FUN_0039c0a8	FUN_0039c0a8	2	
0039c0b8	FUN_0039c0b8	FUN_0039c0b8	2	
0039c114	FUN_0039c114	FUN_0039c114	2	
0039c170	FUN_0039c170	FUN_0039c170	2	
0039c1cc	FUN_0039c1cc	FUN_0039c1cc	2	
0039c218	FUN_0039c218	FUN_0039c218	2	
0039c228	FUN_0039c228	FUN_0039c228	2	
0039c284	FUN_0039c284	FUN_0039c284	2	
0039c2d0	FUN_0039c2d0	FUN_0039c2d0	2	
0039c2e0	FUN_0039c2e0	FUN_0039c2e0	2	
0039c32c	FUN_0039c32c	FUN_0039c32c	2	
0039c33c	FUN_0039c33c	FUN_0039c33c	2	
0039c388	FUN_0039c388	FUN_0039c388	2	
0039c398	FUN_0039c398	FUN_0039c398	2	
0039c3e4	FUN_0039c3e4	FUN_0039c3e4	2	
0039c3f4	FUN_0039c3f4	FUN_0039c3f4	2	
0039c440	FUN_0039c440	FUN_0039c440	2	
0039c450	FUN_0039c450	FUN_0039c450	2	
0039c49c	FUN_0039c49c	FUN_0039c49c	2	
0039c4ac	FUN_0039c4ac	FUN_0039c4ac	2	
0039c4f8	FUN_0039c4f8	FUN_0039c4f8	2	
0039c508	FUN_0039c508	FUN_0039c508	2	
0039c564	FUN_0039c564	FUN_0039c564	2	
0039c5b0	FUN_0039c5b0	FUN_0039c5b0	2	
0039c5c0	FUN_0039c5c0	FUN_0039c5c0	2	
0039c61c	FUN_0039c61c	FUN_0039c61c	2	
0039c668	FUN_0039c668	FUN_0039c668	2	
0039c678	FUN_0039c678	FUN_0039c678	2	
0039c6d4	FUN_0039c6d4	FUN_0039c6d4	2	
0039c720	FUN_0039c720	FUN_0039c720	2	
0039c730	FUN_0039c730	FUN_0039c730	2	
0039c77c	FUN_0039c77c	FUN_0039c77c	2	
0039c78c	FUN_0039c78c	FUN_0039c78c	2	
0039c7d8	FUN_0039c7d8	FUN_0039c7d8	2	
0039c7e8	FUN_0039c7e8	FUN_0039c7e8	2	
0039c834	FUN_0039c834	FUN_0039c834	2	
0039c844	FUN_0039c844	FUN_0039c844	2	
0039c890	FUN_0039c890	FUN_0039c890	2	
0039c8a0	FUN_0039c8a0	FUN_0039c8a0	2	
0039c8fc	FUN_0039c8fc	FUN_0039c8fc	2	
0039c948	FUN_0039c948	FUN_0039c948	2	
0039c958	FUN_0039c958	FUN_0039c958	2	
0039c9a4	FUN_0039c9a4	FUN_0039c9a4	2	
0039c9b4	FUN_0039c9b4	FUN_0039c9b4	2	
0039ca00	FUN_0039ca00	FUN_0039ca00	2	
0039ca10	FUN_0039ca10	FUN_0039ca10	2	
0039ca6c	FUN_0039ca6c	FUN_0039ca6c	2	
0039cab8	FUN_0039cab8	FUN_0039cab8	2	
0039cac8	FUN_0039cac8	FUN_0039cac8	2	
0039cb14	FUN_0039cb14	FUN_0039cb14	2	
0039cb24	FUN_0039cb24	FUN_0039cb24	2	
0039cb80	FUN_0039cb80	FUN_0039cb80	2	
0039cbdc	FUN_0039cbdc	FUN_0039cbdc	2	
0039cc38	FUN_0039cc38	FUN_0039cc38	2	
0039cc94	FUN_0039cc94	FUN_0039cc94	2	
0039cce0	FUN_0039cce0	FUN_0039cce0	2	
0039ccf0	FUN_0039ccf0	FUN_0039ccf0	2	
0039cd4c	FUN_0039cd4c	FUN_0039cd4c	2	
0039cda8	FUN_0039cda8	FUN_0039cda8	2	
0039cdf4	FUN_0039cdf4	FUN_0039cdf4	2	
0039ce04	FUN_0039ce04	FUN_0039ce04	2	
0039ce50	FUN_0039ce50	FUN_0039ce50	2	
0039ce60	FUN_0039ce60	FUN_0039ce60	2	
0039cebc	FUN_0039cebc	FUN_0039cebc	2	
0039cf18	FUN_0039cf18	FUN_0039cf18	2	
0039cf64	FUN_0039cf64	FUN_0039cf64	2	
0039cf74	FUN_0039cf74	FUN_0039cf74	2	
0039cfc0	FUN_0039cfc0	FUN_0039cfc0	2	
0039cfd0	FUN_0039cfd0	FUN_0039cfd0	2	
0039d01c	FUN_0039d01c	FUN_0039d01c	2	
0039d02c	FUN_0039d02c	FUN_0039d02c	2	
0039d078	FUN_0039d078	FUN_0039d078	2	
0039d088	FUN_0039d088	FUN_0039d088	2	
0039d0d4	FUN_0039d0d4	FUN_0039d0d4	2	
0039d0e4	FUN_0039d0e4	FUN_0039d0e4	2	
0039d130	FUN_0039d130	FUN_0039d130	2	
0039d140	FUN_0039d140	FUN_0039d140	2	
0039d19c	FUN_0039d19c	FUN_0039d19c	2	
0039d1e8	FUN_0039d1e8	FUN_0039d1e8	2	
0039d1f8	FUN_0039d1f8	FUN_0039d1f8	2	
0039d254	FUN_0039d254	FUN_0039d254	2	
0039d2a0	FUN_0039d2a0	FUN_0039d2a0	2	
0039d2b0	FUN_0039d2b0	FUN_0039d2b0	2	
0039d2fc	FUN_0039d2fc	FUN_0039d2fc	2	
0039d30c	FUN_0039d30c	FUN_0039d30c	2	
0039d368	FUN_0039d368	FUN_0039d368	2	
0039d3b4	FUN_0039d3b4	FUN_0039d3b4	2	
0039d3c4	FUN_0039d3c4	FUN_0039d3c4	2	
0039d410	FUN_0039d410	FUN_0039d410	2	
0039d420	FUN_0039d420	FUN_0039d420	2	
0039d47c	FUN_0039d47c	FUN_0039d47c	2	
0039d4c8	FUN_0039d4c8	FUN_0039d4c8	2	
0039d4d8	FUN_0039d4d8	FUN_0039d4d8	2	
0039d534	FUN_0039d534	FUN_0039d534	2	
0039d590	FUN_0039d590	FUN_0039d590	2	
0039d5ec	FUN_0039d5ec	FUN_0039d5ec	2	
0039d638	FUN_0039d638	FUN_0039d638	2	
0039d648	FUN_0039d648	FUN_0039d648	2	
0039d6a4	FUN_0039d6a4	FUN_0039d6a4	2	
0039d6f0	FUN_0039d6f0	FUN_0039d6f0	2	
0039d700	FUN_0039d700	FUN_0039d700	2	
0039d74c	FUN_0039d74c	FUN_0039d74c	2	
0039d75c	FUN_0039d75c	FUN_0039d75c	2	
0039d7b8	FUN_0039d7b8	FUN_0039d7b8	2	
0039d814	FUN_0039d814	FUN_0039d814	2	
0039d870	FUN_0039d870	FUN_0039d870	2	
0039d8cc	FUN_0039d8cc	FUN_0039d8cc	2	
0039d928	FUN_0039d928	FUN_0039d928	2	
0039d974	FUN_0039d974	FUN_0039d974	2	
0039d984	FUN_0039d984	FUN_0039d984	2	
0039d9d0	FUN_0039d9d0	FUN_0039d9d0	2	
0039d9e0	FUN_0039d9e0	FUN_0039d9e0	2	
0039da3c	FUN_0039da3c	FUN_0039da3c	2	
0039da88	FUN_0039da88	FUN_0039da88	2	
0039da98	FUN_0039da98	FUN_0039da98	2	
0039daf4	FUN_0039daf4	FUN_0039daf4	2	
0039db50	FUN_0039db50	FUN_0039db50	2	
0039dbac	FUN_0039dbac	FUN_0039dbac	2	
0039dbf8	FUN_0039dbf8	FUN_0039dbf8	2	
0039dc08	FUN_0039dc08	FUN_0039dc08	2	
0039dc54	FUN_0039dc54	FUN_0039dc54	2	
0039dc64	FUN_0039dc64	FUN_0039dc64	2	
0039dcc0	FUN_0039dcc0	FUN_0039dcc0	2	
0039dd0c	FUN_0039dd0c	FUN_0039dd0c	2	
0039dd1c	FUN_0039dd1c	FUN_0039dd1c	2	
0039dd78	FUN_0039dd78	FUN_0039dd78	2	
0039ddc4	FUN_0039ddc4	FUN_0039ddc4	2	
0039ddd4	FUN_0039ddd4	FUN_0039ddd4	2	
0039de20	FUN_0039de20	FUN_0039de20	2	
0039de30	FUN_0039de30	FUN_0039de30	2	
0039de8c	FUN_0039de8c	FUN_0039de8c	2	
0039dee8	FUN_0039dee8	FUN_0039dee8	2	
0039df34	FUN_0039df34	FUN_0039df34	2	
0039df44	FUN_0039df44	FUN_0039df44	2	
0039df90	FUN_0039df90	FUN_0039df90	2	
0039dfa0	FUN_0039dfa0	FUN_0039dfa0	2	
0039dffc	FUN_0039dffc	FUN_0039dffc	2	
0039e048	FUN_0039e048	FUN_0039e048	2	
0039e058	FUN_0039e058	FUN_0039e058	2	
0039e0a4	FUN_0039e0a4	FUN_0039e0a4	2	
0039e0b4	FUN_0039e0b4	FUN_0039e0b4	2	
0039e100	FUN_0039e100	FUN_0039e100	2	
0039e110	FUN_0039e110	FUN_0039e110	2	
0039e15c	FUN_0039e15c	FUN_0039e15c	2	
0039e16c	FUN_0039e16c	FUN_0039e16c	2	
0039e1c8	FUN_0039e1c8	FUN_0039e1c8	2	
0039e214	FUN_0039e214	FUN_0039e214	2	
0039e224	FUN_0039e224	FUN_0039e224	2	
0039e270	FUN_0039e270	FUN_0039e270	2	
0039e280	FUN_0039e280	FUN_0039e280	2	
0039e2cc	FUN_0039e2cc	FUN_0039e2cc	2	
0039e2dc	FUN_0039e2dc	FUN_0039e2dc	2	
0039e338	FUN_0039e338	FUN_0039e338	2	
0039e394	FUN_0039e394	FUN_0039e394	2	
0039e3f0	FUN_0039e3f0	FUN_0039e3f0	2	
0039e43c	FUN_0039e43c	FUN_0039e43c	2	
0039e44c	FUN_0039e44c	FUN_0039e44c	2	
0039e498	FUN_0039e498	FUN_0039e498	2	
0039e4a8	FUN_0039e4a8	FUN_0039e4a8	2	
0039e4f4	FUN_0039e4f4	FUN_0039e4f4	2	
0039e504	FUN_0039e504	FUN_0039e504	2	
0039e550	FUN_0039e550	FUN_0039e550	2	
0039e560	FUN_0039e560	FUN_0039e560	2	
0039e5bc	FUN_0039e5bc	FUN_0039e5bc	2	
0039e618	FUN_0039e618	FUN_0039e618	2	
0039e664	FUN_0039e664	FUN_0039e664	2	
0039e674	FUN_0039e674	FUN_0039e674	2	
0039e6c0	FUN_0039e6c0	FUN_0039e6c0	2	
0039e6d0	FUN_0039e6d0	FUN_0039e6d0	2	
0039e72c	FUN_0039e72c	FUN_0039e72c	2	
0039e788	FUN_0039e788	FUN_0039e788	2	
0039e7d4	FUN_0039e7d4	FUN_0039e7d4	2	
0039e7e4	FUN_0039e7e4	FUN_0039e7e4	2	
0039e830	FUN_0039e830	FUN_0039e830	2	
0039e840	FUN_0039e840	FUN_0039e840	2	
0039e88c	FUN_0039e88c	FUN_0039e88c	2	
0039e89c	FUN_0039e89c	FUN_0039e89c	2	
0039e8e8	FUN_0039e8e8	FUN_0039e8e8	2	
0039e8f8	FUN_0039e8f8	FUN_0039e8f8	2	
0039e944	FUN_0039e944	FUN_0039e944	2	
0039e954	FUN_0039e954	FUN_0039e954	2	
0039e9a0	FUN_0039e9a0	FUN_0039e9a0	2	
0039e9b0	FUN_0039e9b0	FUN_0039e9b0	2	
0039e9fc	FUN_0039e9fc	FUN_0039e9fc	2	
0039ea0c	FUN_0039ea0c	FUN_0039ea0c	2	
0039ea58	FUN_0039ea58	FUN_0039ea58	2	
0039ea68	FUN_0039ea68	FUN_0039ea68	2	
0039eac4	FUN_0039eac4	FUN_0039eac4	2	
0039eb10	FUN_0039eb10	FUN_0039eb10	2	
0039eb20	FUN_0039eb20	FUN_0039eb20	2	
0039eb6c	FUN_0039eb6c	FUN_0039eb6c	2	
0039eb7c	FUN_0039eb7c	FUN_0039eb7c	2	
0039ebc8	FUN_0039ebc8	FUN_0039ebc8	2	
0039ebd8	FUN_0039ebd8	FUN_0039ebd8	2	
0039ec24	FUN_0039ec24	FUN_0039ec24	2	
0039ec34	FUN_0039ec34	FUN_0039ec34	2	
0039ec80	FUN_0039ec80	FUN_0039ec80	2	
0039ec90	FUN_0039ec90	FUN_0039ec90	2	
0039ecdc	FUN_0039ecdc	FUN_0039ecdc	2	
0039ecec	FUN_0039ecec	FUN_0039ecec	2	
0039ed38	FUN_0039ed38	FUN_0039ed38	2	
0039ed48	FUN_0039ed48	FUN_0039ed48	2	
0039ed94	FUN_0039ed94	FUN_0039ed94	2	
0039eda4	FUN_0039eda4	FUN_0039eda4	2	
0039edf0	FUN_0039edf0	FUN_0039edf0	2	
0039ee00	FUN_0039ee00	FUN_0039ee00	2	
0039ee5c	FUN_0039ee5c	FUN_0039ee5c	2	
0039eea8	FUN_0039eea8	FUN_0039eea8	2	
0039eeb8	FUN_0039eeb8	FUN_0039eeb8	2	
0039ef14	FUN_0039ef14	FUN_0039ef14	2	
0039ef60	FUN_0039ef60	FUN_0039ef60	2	
0039ef70	FUN_0039ef70	FUN_0039ef70	2	
0039efcc	FUN_0039efcc	FUN_0039efcc	2	
0039f018	FUN_0039f018	FUN_0039f018	2	
0039f028	FUN_0039f028	FUN_0039f028	2	
0039f074	FUN_0039f074	FUN_0039f074	2	
0039f084	FUN_0039f084	FUN_0039f084	2	
0039f0d0	FUN_0039f0d0	FUN_0039f0d0	2	
0039f0e0	FUN_0039f0e0	FUN_0039f0e0	2	
0039f12c	FUN_0039f12c	FUN_0039f12c	2	
0039f13c	FUN_0039f13c	FUN_0039f13c	2	
0039f188	FUN_0039f188	FUN_0039f188	2	
0039f198	FUN_0039f198	FUN_0039f198	2	
0039f1e4	FUN_0039f1e4	FUN_0039f1e4	2	
0039f1f4	FUN_0039f1f4	FUN_0039f1f4	2	
0039f240	FUN_0039f240	FUN_0039f240	2	
0039f250	FUN_0039f250	FUN_0039f250	2	
0039f2ac	FUN_0039f2ac	FUN_0039f2ac	2	
0039f2f8	FUN_0039f2f8	FUN_0039f2f8	2	
0039f308	FUN_0039f308	FUN_0039f308	2	
0039f364	FUN_0039f364	FUN_0039f364	2	
0039f3b0	FUN_0039f3b0	FUN_0039f3b0	2	
0039f3c0	FUN_0039f3c0	FUN_0039f3c0	2	
0039f41c	FUN_0039f41c	FUN_0039f41c	2	
0039f478	FUN_0039f478	FUN_0039f478	2	
0039f4c4	FUN_0039f4c4	FUN_0039f4c4	2	
0039f4d4	FUN_0039f4d4	FUN_0039f4d4	2	
0039f520	FUN_0039f520	FUN_0039f520	2	
0039f530	FUN_0039f530	FUN_0039f530	2	
0039f57c	FUN_0039f57c	FUN_0039f57c	2	
0039f58c	FUN_0039f58c	FUN_0039f58c	2	
0039f5d8	FUN_0039f5d8	FUN_0039f5d8	2	
0039f5e8	FUN_0039f5e8	FUN_0039f5e8	2	
0039f634	FUN_0039f634	FUN_0039f634	2	
0039f644	FUN_0039f644	FUN_0039f644	2	
0039f690	FUN_0039f690	FUN_0039f690	2	
0039f6a0	FUN_0039f6a0	FUN_0039f6a0	2	
0039f6ec	FUN_0039f6ec	FUN_0039f6ec	2	
0039f6fc	FUN_0039f6fc	FUN_0039f6fc	2	
0039f748	FUN_0039f748	FUN_0039f748	2	
0039f758	FUN_0039f758	FUN_0039f758	2	
0039f7a4	FUN_0039f7a4	FUN_0039f7a4	2	
0039f7b4	FUN_0039f7b4	FUN_0039f7b4	2	
0039f800	FUN_0039f800	FUN_0039f800	2	
0039f810	FUN_0039f810	FUN_0039f810	2	
0039f85c	FUN_0039f85c	FUN_0039f85c	2	
0039f86c	FUN_0039f86c	FUN_0039f86c	2	
0039f8b8	FUN_0039f8b8	FUN_0039f8b8	2	
0039f8c8	FUN_0039f8c8	FUN_0039f8c8	2	
0039f914	FUN_0039f914	FUN_0039f914	2	
0039f924	FUN_0039f924	FUN_0039f924	2	
0039f970	FUN_0039f970	FUN_0039f970	2	
0039f980	FUN_0039f980	FUN_0039f980	2	
0039f9cc	FUN_0039f9cc	FUN_0039f9cc	2	
0039f9dc	FUN_0039f9dc	FUN_0039f9dc	2	
0039fa28	FUN_0039fa28	FUN_0039fa28	2	
0039fa38	FUN_0039fa38	FUN_0039fa38	2	
0039fa84	FUN_0039fa84	FUN_0039fa84	2	
0039fa94	FUN_0039fa94	FUN_0039fa94	2	
0039fae0	FUN_0039fae0	FUN_0039fae0	2	
0039faf0	FUN_0039faf0	FUN_0039faf0	2	
0039fb3c	FUN_0039fb3c	FUN_0039fb3c	2	
0039fb4c	FUN_0039fb4c	FUN_0039fb4c	2	
0039fb98	FUN_0039fb98	FUN_0039fb98	2	
0039fba8	FUN_0039fba8	FUN_0039fba8	2	
0039fbf4	FUN_0039fbf4	FUN_0039fbf4	2	
0039fc04	FUN_0039fc04	FUN_0039fc04	2	
0039fc58	FUN_0039fc58	FUN_0039fc58	2	
0039fc68	FUN_0039fc68	FUN_0039fc68	2	
0039fcb4	FUN_0039fcb4	FUN_0039fcb4	2	
0039fcc4	FUN_0039fcc4	FUN_0039fcc4	2	
0039fd10	FUN_0039fd10	FUN_0039fd10	2	
0039fd20	FUN_0039fd20	FUN_0039fd20	2	
0039fd6c	FUN_0039fd6c	FUN_0039fd6c	2	
0039fd7c	FUN_0039fd7c	FUN_0039fd7c	2	
0039fdc8	FUN_0039fdc8	FUN_0039fdc8	2	
0039fdd8	FUN_0039fdd8	FUN_0039fdd8	2	
0039fe24	FUN_0039fe24	FUN_0039fe24	2	
0039fe34	FUN_0039fe34	FUN_0039fe34	2	
0039fe80	FUN_0039fe80	FUN_0039fe80	2	
0039fe90	FUN_0039fe90	FUN_0039fe90	2	
0039fee0	FUN_0039fee0	FUN_0039fee0	2	
0039fef0	FUN_0039fef0	FUN_0039fef0	2	
0039ff18	FUN_0039ff18	FUN_0039ff18	2	
0039ff54	FUN_0039ff54	FUN_0039ff54	2	
0039ff64	FUN_0039ff64	FUN_0039ff64	2	
0039ff8c	FUN_0039ff8c	FUN_0039ff8c	2	
0039ffc0	FUN_0039ffc0	FUN_0039ffc0	2	
0039ffd0	FUN_0039ffd0	FUN_0039ffd0	2	
003a001c	FUN_003a001c	FUN_003a001c	2	
003a002c	FUN_003a002c	FUN_003a002c	2	
003a0078	FUN_003a0078	FUN_003a0078	2	
003a0088	FUN_003a0088	FUN_003a0088	2	
003a00d4	FUN_003a00d4	FUN_003a00d4	2	
003a00e4	FUN_003a00e4	FUN_003a00e4	2	
003a0130	FUN_003a0130	FUN_003a0130	2	
003a0140	FUN_003a0140	FUN_003a0140	2	
003a018c	FUN_003a018c	FUN_003a018c	2	
003a019c	FUN_003a019c	FUN_003a019c	2	
003a01e8	FUN_003a01e8	FUN_003a01e8	2	
003a01f8	FUN_003a01f8	FUN_003a01f8	2	
003a0244	FUN_003a0244	FUN_003a0244	2	
003a0254	FUN_003a0254	FUN_003a0254	2	
003a02a0	FUN_003a02a0	FUN_003a02a0	2	
003a02b0	FUN_003a02b0	FUN_003a02b0	2	
003a02fc	FUN_003a02fc	FUN_003a02fc	2	
003a030c	FUN_003a030c	FUN_003a030c	2	
003a0358	FUN_003a0358	FUN_003a0358	2	
003a0368	FUN_003a0368	FUN_003a0368	2	
003a03b4	FUN_003a03b4	FUN_003a03b4	2	
003a03c4	FUN_003a03c4	FUN_003a03c4	2	
003a0410	FUN_003a0410	FUN_003a0410	2	
003a0420	FUN_003a0420	FUN_003a0420	2	
003a047c	FUN_003a047c	FUN_003a047c	2	
003a04c8	FUN_003a04c8	FUN_003a04c8	2	
003a04d8	FUN_003a04d8	FUN_003a04d8	2	
003a0524	FUN_003a0524	FUN_003a0524	2	
003a0534	FUN_003a0534	FUN_003a0534	2	
003a0580	FUN_003a0580	FUN_003a0580	2	
003a0590	FUN_003a0590	FUN_003a0590	2	
003a05dc	FUN_003a05dc	FUN_003a05dc	2	
003a05ec	FUN_003a05ec	FUN_003a05ec	2	
003a0638	FUN_003a0638	FUN_003a0638	2	
003a0648	FUN_003a0648	FUN_003a0648	2	
003a0694	FUN_003a0694	FUN_003a0694	2	
003a06a4	FUN_003a06a4	FUN_003a06a4	2	
003a06f0	FUN_003a06f0	FUN_003a06f0	2	
003a0700	FUN_003a0700	FUN_003a0700	2	
003a074c	FUN_003a074c	FUN_003a074c	2	
003a075c	FUN_003a075c	FUN_003a075c	2	
003a07a8	FUN_003a07a8	FUN_003a07a8	2	
003a07b8	FUN_003a07b8	FUN_003a07b8	2	
003a0804	FUN_003a0804	FUN_003a0804	2	
003a0814	FUN_003a0814	FUN_003a0814	2	
003a0860	FUN_003a0860	FUN_003a0860	2	
003a0870	FUN_003a0870	FUN_003a0870	2	
003a08bc	FUN_003a08bc	FUN_003a08bc	2	
003a08cc	FUN_003a08cc	FUN_003a08cc	2	
003a0918	FUN_003a0918	FUN_003a0918	2	
003a0928	FUN_003a0928	FUN_003a0928	2	
003a0974	FUN_003a0974	FUN_003a0974	2	
003a0984	FUN_003a0984	FUN_003a0984	2	
003a09d0	FUN_003a09d0	FUN_003a09d0	2	
003a09e0	FUN_003a09e0	FUN_003a09e0	2	
003a0a2c	FUN_003a0a2c	FUN_003a0a2c	2	
003a0a3c	FUN_003a0a3c	FUN_003a0a3c	2	
003a0a88	FUN_003a0a88	FUN_003a0a88	2	
003a0a98	FUN_003a0a98	FUN_003a0a98	2	
003a0ae4	FUN_003a0ae4	FUN_003a0ae4	2	
003a0af4	FUN_003a0af4	FUN_003a0af4	2	
003a0b40	FUN_003a0b40	FUN_003a0b40	2	
003a0b50	FUN_003a0b50	FUN_003a0b50	2	
003a0b9c	FUN_003a0b9c	FUN_003a0b9c	2	
003a0bac	FUN_003a0bac	FUN_003a0bac	2	
003a0c08	FUN_003a0c08	FUN_003a0c08	2	
003a0c64	FUN_003a0c64	FUN_003a0c64	2	
003a0cc0	FUN_003a0cc0	FUN_003a0cc0	2	
003a0d1c	FUN_003a0d1c	FUN_003a0d1c	2	
003a0d68	FUN_003a0d68	FUN_003a0d68	2	
003a0d78	FUN_003a0d78	FUN_003a0d78	2	
003a0dc4	FUN_003a0dc4	FUN_003a0dc4	2	
003a0dd4	FUN_003a0dd4	FUN_003a0dd4	2	
003a0e30	FUN_003a0e30	FUN_003a0e30	2	
003a0e7c	FUN_003a0e7c	FUN_003a0e7c	2	
003a0e8c	FUN_003a0e8c	FUN_003a0e8c	2	
003a0ee8	FUN_003a0ee8	FUN_003a0ee8	2	
003a0f34	FUN_003a0f34	FUN_003a0f34	2	
003a0f44	FUN_003a0f44	FUN_003a0f44	2	
003a0f90	FUN_003a0f90	FUN_003a0f90	2	
003a0fa0	FUN_003a0fa0	FUN_003a0fa0	2	
003a0fec	FUN_003a0fec	FUN_003a0fec	2	
003a0ffc	FUN_003a0ffc	FUN_003a0ffc	2	
003a1048	FUN_003a1048	FUN_003a1048	2	
003a1058	FUN_003a1058	FUN_003a1058	2	
003a10a4	FUN_003a10a4	FUN_003a10a4	2	
003a10b4	FUN_003a10b4	FUN_003a10b4	2	
003a1110	FUN_003a1110	FUN_003a1110	2	
003a115c	FUN_003a115c	FUN_003a115c	2	
003a116c	FUN_003a116c	FUN_003a116c	2	
003a11c8	FUN_003a11c8	FUN_003a11c8	2	
003a1224	FUN_003a1224	FUN_003a1224	2	
003a1270	FUN_003a1270	FUN_003a1270	2	
003a1280	FUN_003a1280	FUN_003a1280	2	
003a12dc	FUN_003a12dc	FUN_003a12dc	2	
003a1328	FUN_003a1328	FUN_003a1328	2	
003a1338	FUN_003a1338	FUN_003a1338	2	
003a1384	FUN_003a1384	FUN_003a1384	2	
003a1394	FUN_003a1394	FUN_003a1394	2	
003a13e0	FUN_003a13e0	FUN_003a13e0	2	
003a13f0	FUN_003a13f0	FUN_003a13f0	2	
003a143c	FUN_003a143c	FUN_003a143c	2	
003a144c	FUN_003a144c	FUN_003a144c	2	
003a149c	thunk_FUN_002a8ffc	thunk_FUN_002a8ffc	532	
003a14a0	FUN_003a14a0	FUN_003a14a0	2	
003a14f0	thunk_FUN_002a8ffc	thunk_FUN_002a8ffc	532	
003a14f4	FUN_003a14f4	FUN_003a14f4	2	
003a1544	thunk_FUN_002a8ffc	thunk_FUN_002a8ffc	532	
003a1548	FUN_003a1548	FUN_003a1548	2	
003a1598	thunk_FUN_002a8ffc	thunk_FUN_002a8ffc	532	
003a159c	FUN_003a159c	FUN_003a159c	2	
003a15ec	thunk_FUN_002a8ffc	thunk_FUN_002a8ffc	532	
003a15f0	FUN_003a15f0	FUN_003a15f0	2	
003a1640	thunk_FUN_002a8ffc	thunk_FUN_002a8ffc	532	
003a1644	FUN_003a1644	FUN_003a1644	2	
003a1694	thunk_FUN_002a8ffc	thunk_FUN_002a8ffc	532	
003a1698	FUN_003a1698	FUN_003a1698	2	
003a16e8	thunk_FUN_002a8ffc	thunk_FUN_002a8ffc	532	
003a16ec	FUN_003a16ec	FUN_003a16ec	2	
003a173c	thunk_FUN_002a8ffc	thunk_FUN_002a8ffc	532	
003a1740	FUN_003a1740	FUN_003a1740	2	
003a1790	thunk_FUN_002a8ffc	thunk_FUN_002a8ffc	532	
003a1794	FUN_003a1794	FUN_003a1794	2	
003a17e4	thunk_FUN_002a8ffc	thunk_FUN_002a8ffc	532	
003a17e8	FUN_003a17e8	FUN_003a17e8	2	
003a1838	thunk_FUN_002a8ffc	thunk_FUN_002a8ffc	532	
003a183c	FUN_003a183c	FUN_003a183c	2	
003a188c	thunk_FUN_002a8ffc	thunk_FUN_002a8ffc	532	
003a1890	FUN_003a1890	FUN_003a1890	2	
003a18e0	thunk_FUN_002a8ffc	thunk_FUN_002a8ffc	532	
003a18e4	FUN_003a18e4	FUN_003a18e4	2	
003a1934	thunk_FUN_002a8ffc	thunk_FUN_002a8ffc	532	
003a1938	FUN_003a1938	FUN_003a1938	2	
003a1988	thunk_FUN_002a8ffc	thunk_FUN_002a8ffc	532	
003a198c	FUN_003a198c	FUN_003a198c	2	
003a19dc	thunk_FUN_002a8ffc	thunk_FUN_002a8ffc	532	
003a19e0	FUN_003a19e0	FUN_003a19e0	2	
003a1a30	thunk_FUN_002a8ffc	thunk_FUN_002a8ffc	532	
003a1a34	FUN_003a1a34	FUN_003a1a34	2	
003a1a84	thunk_FUN_002a8ffc	thunk_FUN_002a8ffc	532	
003a1a88	FUN_003a1a88	FUN_003a1a88	2	
003a1ad8	thunk_FUN_002a8ffc	thunk_FUN_002a8ffc	532	
003a1adc	FUN_003a1adc	FUN_003a1adc	2	
003a1b18	FUN_003a1b18	FUN_003a1b18	2	
003a1b74	thunk_FUN_002a8ffc	thunk_FUN_002a8ffc	532	
003a1b78	FUN_003a1b78	FUN_003a1b78	2	
003a1bd0	thunk_FUN_002a8ffc	thunk_FUN_002a8ffc	532	
003a1bd4	FUN_003a1bd4	FUN_003a1bd4	2	
003a1c2c	thunk_FUN_002a8ffc	thunk_FUN_002a8ffc	532	
003a1c30	FUN_003a1c30	FUN_003a1c30	2	
003a1c8c	thunk_FUN_002a8ffc	thunk_FUN_002a8ffc	532	
003a1c90	FUN_003a1c90	FUN_003a1c90	2	
003a1ce8	thunk_FUN_002a8ffc	thunk_FUN_002a8ffc	532	
003a1cec	FUN_003a1cec	FUN_003a1cec	2	
003a1d44	thunk_FUN_002a8ffc	thunk_FUN_002a8ffc	532	
003a1d48	FUN_003a1d48	FUN_003a1d48	2	
003a1da4	thunk_FUN_002a8ffc	thunk_FUN_002a8ffc	532	
003a1da8	FUN_003a1da8	FUN_003a1da8	2	
003a1e00	thunk_FUN_002a8ffc	thunk_FUN_002a8ffc	532	
003a1e04	FUN_003a1e04	FUN_003a1e04	2	
003a1e60	thunk_FUN_002a8ffc	thunk_FUN_002a8ffc	532	
003a1e64	FUN_003a1e64	FUN_003a1e64	2	
003a1ec0	thunk_FUN_002a8ffc	thunk_FUN_002a8ffc	532	
003a1ec4	FUN_003a1ec4	FUN_003a1ec4	2	
003a1f20	thunk_FUN_002a8ffc	thunk_FUN_002a8ffc	532	
003a1f24	FUN_003a1f24	FUN_003a1f24	2	
003a1f80	thunk_FUN_002a8ffc	thunk_FUN_002a8ffc	532	
003a1f84	FUN_003a1f84	FUN_003a1f84	2	
003a1fe0	thunk_FUN_002a8ffc	thunk_FUN_002a8ffc	532	
003a1fe4	FUN_003a1fe4	FUN_003a1fe4	2	
003a203c	thunk_FUN_002a8ffc	thunk_FUN_002a8ffc	532	
003a2040	FUN_003a2040	FUN_003a2040	2	
003a209c	thunk_FUN_002a8ffc	thunk_FUN_002a8ffc	532	
003a20a0	FUN_003a20a0	FUN_003a20a0	2	
003a20fc	thunk_FUN_002a8ffc	thunk_FUN_002a8ffc	532	
003a2100	FUN_003a2100	FUN_003a2100	2	
003a2158	thunk_FUN_002a8ffc	thunk_FUN_002a8ffc	532	
003a215c	FUN_003a215c	FUN_003a215c	2	
003a21b8	thunk_FUN_002a8ffc	thunk_FUN_002a8ffc	532	
003a21bc	FUN_003a21bc	FUN_003a21bc	2	
003a2214	thunk_FUN_002a8ffc	thunk_FUN_002a8ffc	532	
003a2218	FUN_003a2218	FUN_003a2218	2	
003a2274	thunk_FUN_002a8ffc	thunk_FUN_002a8ffc	532	
003a2278	FUN_003a2278	FUN_003a2278	2	
003a22d0	thunk_FUN_002a8ffc	thunk_FUN_002a8ffc	532	
003a22d4	FUN_003a22d4	FUN_003a22d4	2	
003a232c	thunk_FUN_002a8ffc	thunk_FUN_002a8ffc	532	
003a2330	FUN_003a2330	FUN_003a2330	2	
003a238c	thunk_FUN_002a8ffc	thunk_FUN_002a8ffc	532	
003a2390	FUN_003a2390	FUN_003a2390	2	
003a23ec	thunk_FUN_002a8ffc	thunk_FUN_002a8ffc	532	
003a23f0	FUN_003a23f0	FUN_003a23f0	2	
003a2448	thunk_FUN_002a8ffc	thunk_FUN_002a8ffc	532	
003a244c	FUN_003a244c	FUN_003a244c	2	
003a24a8	thunk_FUN_002a8ffc	thunk_FUN_002a8ffc	532	
003a24ac	FUN_003a24ac	FUN_003a24ac	2	
003a2508	thunk_FUN_002a8ffc	thunk_FUN_002a8ffc	532	
003a250c	FUN_003a250c	FUN_003a250c	2	
003a2568	thunk_FUN_002a8ffc	thunk_FUN_002a8ffc	532	
003a256c	FUN_003a256c	FUN_003a256c	2	
003a25c8	thunk_FUN_002a8ffc	thunk_FUN_002a8ffc	532	
003a25cc	FUN_003a25cc	FUN_003a25cc	2	
003a2628	thunk_FUN_002a8ffc	thunk_FUN_002a8ffc	532	
003a262c	FUN_003a262c	FUN_003a262c	2	
003a2684	thunk_FUN_002a8ffc	thunk_FUN_002a8ffc	532	
003a2688	FUN_003a2688	FUN_003a2688	2	
003a26e4	thunk_FUN_002a8ffc	thunk_FUN_002a8ffc	532	
003a26e8	FUN_003a26e8	FUN_003a26e8	2	
003a2744	thunk_FUN_002a8ffc	thunk_FUN_002a8ffc	532	
003a2748	FUN_003a2748	FUN_003a2748	2	
003a27a0	thunk_FUN_002a8ffc	thunk_FUN_002a8ffc	532	
003a27a4	FUN_003a27a4	FUN_003a27a4	2	
003a2800	thunk_FUN_002a8ffc	thunk_FUN_002a8ffc	532	
003a2804	FUN_003a2804	FUN_003a2804	2	
003a2860	thunk_FUN_002a8ffc	thunk_FUN_002a8ffc	532	
003a2864	FUN_003a2864	FUN_003a2864	2	
003a28c0	thunk_FUN_002a8ffc	thunk_FUN_002a8ffc	532	
003a28c4	FUN_003a28c4	FUN_003a28c4	2	
003a291c	thunk_FUN_002a8ffc	thunk_FUN_002a8ffc	532	
003a2920	FUN_003a2920	FUN_003a2920	2	
003a297c	thunk_FUN_002a8ffc	thunk_FUN_002a8ffc	532	
003a2980	FUN_003a2980	FUN_003a2980	2	
003a29dc	thunk_FUN_002a8ffc	thunk_FUN_002a8ffc	532	
003a29e0	FUN_003a29e0	FUN_003a29e0	2	
003a2a3c	thunk_FUN_002a8ffc	thunk_FUN_002a8ffc	532	
003a2a40	FUN_003a2a40	FUN_003a2a40	2	
003a2a9c	thunk_FUN_002a8ffc	thunk_FUN_002a8ffc	532	
003a2aa0	FUN_003a2aa0	FUN_003a2aa0	2	
003a2af8	thunk_FUN_002a8ffc	thunk_FUN_002a8ffc	532	
003a2afc	FUN_003a2afc	FUN_003a2afc	2	
003a2b58	thunk_FUN_002a8ffc	thunk_FUN_002a8ffc	532	
003a2b5c	FUN_003a2b5c	FUN_003a2b5c	2	
003a2bb4	thunk_FUN_002a8ffc	thunk_FUN_002a8ffc	532	
003a2bb8	FUN_003a2bb8	FUN_003a2bb8	2	
003a2c14	thunk_FUN_002a8ffc	thunk_FUN_002a8ffc	532	
003a2c18	FUN_003a2c18	FUN_003a2c18	2	
003a2c74	thunk_FUN_002a8ffc	thunk_FUN_002a8ffc	532	
003a2c78	FUN_003a2c78	FUN_003a2c78	2	
003a2cd4	thunk_FUN_002a8ffc	thunk_FUN_002a8ffc	532	
003a2cd8	FUN_003a2cd8	FUN_003a2cd8	2	
003a2d34	thunk_FUN_002a8ffc	thunk_FUN_002a8ffc	532	
003a2d38	FUN_003a2d38	FUN_003a2d38	2	
003a2d94	thunk_FUN_002a8ffc	thunk_FUN_002a8ffc	532	
003a2d98	FUN_003a2d98	FUN_003a2d98	2	
003a2df0	thunk_FUN_002a8ffc	thunk_FUN_002a8ffc	532	
003a2df4	FUN_003a2df4	FUN_003a2df4	2	
003a2e50	thunk_FUN_002a8ffc	thunk_FUN_002a8ffc	532	
003a2e54	FUN_003a2e54	FUN_003a2e54	2	
003a2eb0	thunk_FUN_002a8ffc	thunk_FUN_002a8ffc	532	
003a2eb4	FUN_003a2eb4	FUN_003a2eb4	2	
003a2f10	thunk_FUN_002a8ffc	thunk_FUN_002a8ffc	532	
003a2f14	FUN_003a2f14	FUN_003a2f14	2	
003a2f6c	thunk_FUN_002a8ffc	thunk_FUN_002a8ffc	532	
003a2f70	FUN_003a2f70	FUN_003a2f70	2	
003a2fcc	thunk_FUN_002a8ffc	thunk_FUN_002a8ffc	532	
003a2fd0	FUN_003a2fd0	FUN_003a2fd0	2	
003a3028	thunk_FUN_002a8ffc	thunk_FUN_002a8ffc	532	
003a302c	FUN_003a302c	FUN_003a302c	2	
003a3088	thunk_FUN_002a8ffc	thunk_FUN_002a8ffc	532	
003a308c	FUN_003a308c	FUN_003a308c	2	
003a30e8	thunk_FUN_002a8ffc	thunk_FUN_002a8ffc	532	
003a30ec	FUN_003a30ec	FUN_003a30ec	2	
003a3148	thunk_FUN_002a8ffc	thunk_FUN_002a8ffc	532	
003a314c	FUN_003a314c	FUN_003a314c	2	
003a31a8	thunk_FUN_002a8ffc	thunk_FUN_002a8ffc	532	
003a31ac	FUN_003a31ac	FUN_003a31ac	2	
003a3204	thunk_FUN_002a8ffc	thunk_FUN_002a8ffc	532	
003a3208	FUN_003a3208	FUN_003a3208	2	
003a3230	FUN_003a3230	FUN_003a3230	2	
003a3280	thunk_FUN_002a8ffc	thunk_FUN_002a8ffc	532	
003a3284	FUN_003a3284	FUN_003a3284	2	
003a32e0	thunk_FUN_002a8ffc	thunk_FUN_002a8ffc	532	
003a32e4	FUN_003a32e4	FUN_003a32e4	2	
003a3340	thunk_FUN_002a8ffc	thunk_FUN_002a8ffc	532	
003a3344	FUN_003a3344	FUN_003a3344	2	
003a336c	FUN_003a336c	FUN_003a336c	2	
003a33bc	thunk_FUN_002a8ffc	thunk_FUN_002a8ffc	532	
003a33c0	FUN_003a33c0	FUN_003a33c0	2	
003a3418	thunk_FUN_002a8ffc	thunk_FUN_002a8ffc	532	
003a341c	FUN_003a341c	FUN_003a341c	2	
003a3478	thunk_FUN_002a8ffc	thunk_FUN_002a8ffc	532	
003a347c	FUN_003a347c	FUN_003a347c	2	
003a34d4	thunk_FUN_002a8ffc	thunk_FUN_002a8ffc	532	
003a34d8	FUN_003a34d8	FUN_003a34d8	2	
003a3534	thunk_FUN_002a8ffc	thunk_FUN_002a8ffc	532	
003a3538	FUN_003a3538	FUN_003a3538	2	
003a3594	thunk_FUN_002a8ffc	thunk_FUN_002a8ffc	532	
003a3598	FUN_003a3598	FUN_003a3598	2	
003a35c0	FUN_003a35c0	FUN_003a35c0	2	
003a3610	thunk_FUN_002a8ffc	thunk_FUN_002a8ffc	532	
003a3614	FUN_003a3614	FUN_003a3614	2	
003a3670	thunk_FUN_002a8ffc	thunk_FUN_002a8ffc	532	
003a3674	FUN_003a3674	FUN_003a3674	2	
003a36d0	thunk_FUN_002a8ffc	thunk_FUN_002a8ffc	532	
003a36d4	FUN_003a36d4	FUN_003a36d4	2	
003a3730	thunk_FUN_002a8ffc	thunk_FUN_002a8ffc	532	
003a3734	FUN_003a3734	FUN_003a3734	2	
003a3790	thunk_FUN_002a8ffc	thunk_FUN_002a8ffc	532	
003a3794	FUN_003a3794	FUN_003a3794	2	
003a37f0	thunk_FUN_002a8ffc	thunk_FUN_002a8ffc	532	
003a37f4	FUN_003a37f4	FUN_003a37f4	2	
003a3850	thunk_FUN_002a8ffc	thunk_FUN_002a8ffc	532	
003a3854	FUN_003a3854	FUN_003a3854	2	
003a38b0	thunk_FUN_002a8ffc	thunk_FUN_002a8ffc	532	
003a38b4	FUN_003a38b4	FUN_003a38b4	2	
003a3910	thunk_FUN_002a8ffc	thunk_FUN_002a8ffc	532	
003a3914	FUN_003a3914	FUN_003a3914	2	
003a396c	thunk_FUN_002a8ffc	thunk_FUN_002a8ffc	532	
003a3970	FUN_003a3970	FUN_003a3970	2	
003a39cc	thunk_FUN_002a8ffc	thunk_FUN_002a8ffc	532	
003a39d0	FUN_003a39d0	FUN_003a39d0	2	
003a3a2c	thunk_FUN_002a8ffc	thunk_FUN_002a8ffc	532	
003a3a30	FUN_003a3a30	FUN_003a3a30	2	
003a3a88	thunk_FUN_002a8ffc	thunk_FUN_002a8ffc	532	
003a3a8c	FUN_003a3a8c	FUN_003a3a8c	2	
003a3ae8	thunk_FUN_002a8ffc	thunk_FUN_002a8ffc	532	
003a3aec	FUN_003a3aec	FUN_003a3aec	2	
003a3b48	thunk_FUN_002a8ffc	thunk_FUN_002a8ffc	532	
003a3b4c	FUN_003a3b4c	FUN_003a3b4c	2	
003a3ba4	thunk_FUN_002a8ffc	thunk_FUN_002a8ffc	532	
003a3ba8	FUN_003a3ba8	FUN_003a3ba8	2	
003a3c04	thunk_FUN_002a8ffc	thunk_FUN_002a8ffc	532	
003a3c08	FUN_003a3c08	FUN_003a3c08	2	
003a3c64	thunk_FUN_002a8ffc	thunk_FUN_002a8ffc	532	
003a3c68	FUN_003a3c68	FUN_003a3c68	2	
003a3cc4	thunk_FUN_002a8ffc	thunk_FUN_002a8ffc	532	
003a3cc8	FUN_003a3cc8	FUN_003a3cc8	2	
003a3d20	thunk_FUN_002a8ffc	thunk_FUN_002a8ffc	532	
003a3d24	FUN_003a3d24	FUN_003a3d24	2	
003a3d80	thunk_FUN_002a8ffc	thunk_FUN_002a8ffc	532	
003a3d84	FUN_003a3d84	FUN_003a3d84	2	
003a3ddc	thunk_FUN_002a8ffc	thunk_FUN_002a8ffc	532	
003a3de0	FUN_003a3de0	FUN_003a3de0	2	
003a3e3c	thunk_FUN_002a8ffc	thunk_FUN_002a8ffc	532	
003a3e40	FUN_003a3e40	FUN_003a3e40	2	
003a3e98	thunk_FUN_002a8ffc	thunk_FUN_002a8ffc	532	
003a3e9c	FUN_003a3e9c	FUN_003a3e9c	2	
003a3ef8	thunk_FUN_002a8ffc	thunk_FUN_002a8ffc	532	
003a3efc	FUN_003a3efc	FUN_003a3efc	2	
003a3f58	thunk_FUN_002a8ffc	thunk_FUN_002a8ffc	532	
003a3f5c	FUN_003a3f5c	FUN_003a3f5c	2	
003a3fb8	thunk_FUN_002a8ffc	thunk_FUN_002a8ffc	532	
003a3fbc	FUN_003a3fbc	FUN_003a3fbc	2	
003a4014	thunk_FUN_002a8ffc	thunk_FUN_002a8ffc	532	
003a4018	FUN_003a4018	FUN_003a4018	2	
003a4074	thunk_FUN_002a8ffc	thunk_FUN_002a8ffc	532	
003a4078	FUN_003a4078	FUN_003a4078	2	
003a40d0	thunk_FUN_002a8ffc	thunk_FUN_002a8ffc	532	
003a40d4	FUN_003a40d4	FUN_003a40d4	2	
003a4130	thunk_FUN_002a8ffc	thunk_FUN_002a8ffc	532	
003a4134	FUN_003a4134	FUN_003a4134	2	
003a4190	thunk_FUN_002a8ffc	thunk_FUN_002a8ffc	532	
003a4194	FUN_003a4194	FUN_003a4194	2	
003a41ec	thunk_FUN_002a8ffc	thunk_FUN_002a8ffc	532	
003a41f0	FUN_003a41f0	FUN_003a41f0	2	
003a424c	thunk_FUN_002a8ffc	thunk_FUN_002a8ffc	532	
003a4250	FUN_003a4250	FUN_003a4250	2	
003a42ac	thunk_FUN_002a8ffc	thunk_FUN_002a8ffc	532	
003a42b0	FUN_003a42b0	FUN_003a42b0	2	
003a430c	thunk_FUN_002a8ffc	thunk_FUN_002a8ffc	532	
003a4310	FUN_003a4310	FUN_003a4310	2	
003a436c	thunk_FUN_002a8ffc	thunk_FUN_002a8ffc	532	
003a4370	FUN_003a4370	FUN_003a4370	2	
003a43c8	thunk_FUN_002a8ffc	thunk_FUN_002a8ffc	532	
003a43cc	FUN_003a43cc	FUN_003a43cc	2	
003a4428	thunk_FUN_002a8ffc	thunk_FUN_002a8ffc	532	
003a442c	FUN_003a442c	FUN_003a442c	2	
003a4488	thunk_FUN_002a8ffc	thunk_FUN_002a8ffc	532	
003a448c	FUN_003a448c	FUN_003a448c	2	
003a44e8	thunk_FUN_002a8ffc	thunk_FUN_002a8ffc	532	
003a44ec	FUN_003a44ec	FUN_003a44ec	2	
003a4544	thunk_FUN_002a8ffc	thunk_FUN_002a8ffc	532	
003a4548	FUN_003a4548	FUN_003a4548	2	
003a45a4	thunk_FUN_002a8ffc	thunk_FUN_002a8ffc	532	
003a45a8	FUN_003a45a8	FUN_003a45a8	2	
003a4604	thunk_FUN_002a8ffc	thunk_FUN_002a8ffc	532	
003a4608	FUN_003a4608	FUN_003a4608	2	
003a4664	thunk_FUN_002a8ffc	thunk_FUN_002a8ffc	532	
003a4668	FUN_003a4668	FUN_003a4668	2	
003a46c4	thunk_FUN_002a8ffc	thunk_FUN_002a8ffc	532	
003a46c8	FUN_003a46c8	FUN_003a46c8	2	
003a4724	thunk_FUN_002a8ffc	thunk_FUN_002a8ffc	532	
003a4728	FUN_003a4728	FUN_003a4728	2	
003a4780	thunk_FUN_002a8ffc	thunk_FUN_002a8ffc	532	
003a4784	FUN_003a4784	FUN_003a4784	2	
003a47e0	thunk_FUN_002a8ffc	thunk_FUN_002a8ffc	532	
003a47e4	FUN_003a47e4	FUN_003a47e4	2	
003a4840	thunk_FUN_002a8ffc	thunk_FUN_002a8ffc	532	
003a4844	FUN_003a4844	FUN_003a4844	2	
003a48a0	thunk_FUN_002a8ffc	thunk_FUN_002a8ffc	532	
003a48a4	FUN_003a48a4	FUN_003a48a4	2	
003a48fc	thunk_FUN_002a8ffc	thunk_FUN_002a8ffc	532	
003a4900	FUN_003a4900	FUN_003a4900	2	
003a495c	thunk_FUN_002a8ffc	thunk_FUN_002a8ffc	532	
003a4960	FUN_003a4960	FUN_003a4960	2	
003a49bc	thunk_FUN_002a8ffc	thunk_FUN_002a8ffc	532	
003a49c0	FUN_003a49c0	FUN_003a49c0	2	
003a4a18	thunk_FUN_002a8ffc	thunk_FUN_002a8ffc	532	
003a4a1c	FUN_003a4a1c	FUN_003a4a1c	2	
003a4a78	thunk_FUN_002a8ffc	thunk_FUN_002a8ffc	532	
003a4a7c	FUN_003a4a7c	FUN_003a4a7c	2	
003a4ad8	thunk_FUN_002a8ffc	thunk_FUN_002a8ffc	532	
003a4adc	FUN_003a4adc	FUN_003a4adc	2	
003a4b34	thunk_FUN_002a8ffc	thunk_FUN_002a8ffc	532	
003a4b38	FUN_003a4b38	FUN_003a4b38	2	
003a4b94	thunk_FUN_002a8ffc	thunk_FUN_002a8ffc	532	
003a4b98	FUN_003a4b98	FUN_003a4b98	2	
003a4bf4	thunk_FUN_002a8ffc	thunk_FUN_002a8ffc	532	
003a4bf8	FUN_003a4bf8	FUN_003a4bf8	2	
003a4c50	thunk_FUN_002a8ffc	thunk_FUN_002a8ffc	532	
003a4c54	FUN_003a4c54	FUN_003a4c54	2	
003a4cb0	thunk_FUN_002a8ffc	thunk_FUN_002a8ffc	532	
003a4cb4	FUN_003a4cb4	FUN_003a4cb4	2	
003a4d10	thunk_FUN_002a8ffc	thunk_FUN_002a8ffc	532	
003a4d14	FUN_003a4d14	FUN_003a4d14	2	
003a4d6c	thunk_FUN_002a8ffc	thunk_FUN_002a8ffc	532	
003a4d70	FUN_003a4d70	FUN_003a4d70	2	
003a4dcc	thunk_FUN_002a8ffc	thunk_FUN_002a8ffc	532	
003a4dd0	FUN_003a4dd0	FUN_003a4dd0	2	
003a4e2c	thunk_FUN_002a8ffc	thunk_FUN_002a8ffc	532	
003a4e30	FUN_003a4e30	FUN_003a4e30	2	
003a4e8c	thunk_FUN_002a8ffc	thunk_FUN_002a8ffc	532	
003a4e90	FUN_003a4e90	FUN_003a4e90	2	
003a4eec	thunk_FUN_002a8ffc	thunk_FUN_002a8ffc	532	
003a4ef0	FUN_003a4ef0	FUN_003a4ef0	2	
003a4f4c	thunk_FUN_002a8ffc	thunk_FUN_002a8ffc	532	
003a4f50	FUN_003a4f50	FUN_003a4f50	2	
003a4fa8	thunk_FUN_002a8ffc	thunk_FUN_002a8ffc	532	
003a4fac	FUN_003a4fac	FUN_003a4fac	2	
003a5008	thunk_FUN_002a8ffc	thunk_FUN_002a8ffc	532	
003a500c	FUN_003a500c	FUN_003a500c	2	
003a5068	thunk_FUN_002a8ffc	thunk_FUN_002a8ffc	532	
003a506c	FUN_003a506c	FUN_003a506c	2	
003a50c8	thunk_FUN_002a8ffc	thunk_FUN_002a8ffc	532	
003a50cc	FUN_003a50cc	FUN_003a50cc	2	
003a5128	thunk_FUN_002a8ffc	thunk_FUN_002a8ffc	532	
003a512c	FUN_003a512c	FUN_003a512c	2	
003a5188	thunk_FUN_002a8ffc	thunk_FUN_002a8ffc	532	
003a518c	FUN_003a518c	FUN_003a518c	2	
003a51e8	thunk_FUN_002a8ffc	thunk_FUN_002a8ffc	532	
003a51ec	FUN_003a51ec	FUN_003a51ec	2	
003a5248	thunk_FUN_002a8ffc	thunk_FUN_002a8ffc	532	
003a524c	FUN_003a524c	FUN_003a524c	2	
003a52a8	thunk_FUN_002a8ffc	thunk_FUN_002a8ffc	532	
003a52ac	FUN_003a52ac	FUN_003a52ac	2	
003a5308	thunk_FUN_002a8ffc	thunk_FUN_002a8ffc	532	
003a530c	FUN_003a530c	FUN_003a530c	2	
003a5364	thunk_FUN_002a8ffc	thunk_FUN_002a8ffc	532	
003a5368	FUN_003a5368	FUN_003a5368	2	
003a53c4	thunk_FUN_002a8ffc	thunk_FUN_002a8ffc	532	
003a53c8	FUN_003a53c8	FUN_003a53c8	2	
003a5420	thunk_FUN_002a8ffc	thunk_FUN_002a8ffc	532	
003a5424	FUN_003a5424	FUN_003a5424	2	
003a5480	thunk_FUN_002a8ffc	thunk_FUN_002a8ffc	532	
003a5484	FUN_003a5484	FUN_003a5484	2	
003a54e0	thunk_FUN_002a8ffc	thunk_FUN_002a8ffc	532	
003a54e4	FUN_003a54e4	FUN_003a54e4	2	
003a5540	thunk_FUN_002a8ffc	thunk_FUN_002a8ffc	532	
003a5544	FUN_003a5544	FUN_003a5544	2	
003a55a0	thunk_FUN_002a8ffc	thunk_FUN_002a8ffc	532	
003a55a4	FUN_003a55a4	FUN_003a55a4	2	
003a5600	thunk_FUN_002a8ffc	thunk_FUN_002a8ffc	532	
003a5604	FUN_003a5604	FUN_003a5604	2	
003a5660	thunk_FUN_002a8ffc	thunk_FUN_002a8ffc	532	
003a5664	FUN_003a5664	FUN_003a5664	2	
003a56bc	thunk_FUN_002a8ffc	thunk_FUN_002a8ffc	532	
003a56c0	FUN_003a56c0	FUN_003a56c0	2	
003a571c	thunk_FUN_002a8ffc	thunk_FUN_002a8ffc	532	
003a5720	FUN_003a5720	FUN_003a5720	2	
003a577c	thunk_FUN_002a8ffc	thunk_FUN_002a8ffc	532	
003a5780	FUN_003a5780	FUN_003a5780	2	
003a57dc	thunk_FUN_002a8ffc	thunk_FUN_002a8ffc	532	
003a57e0	FUN_003a57e0	FUN_003a57e0	2	
003a583c	thunk_FUN_002a8ffc	thunk_FUN_002a8ffc	532	
003a5840	FUN_003a5840	FUN_003a5840	2	
003a589c	thunk_FUN_002a8ffc	thunk_FUN_002a8ffc	532	
003a58a0	FUN_003a58a0	FUN_003a58a0	2	
003a58fc	thunk_FUN_002a8ffc	thunk_FUN_002a8ffc	532	
003a5900	FUN_003a5900	FUN_003a5900	2	
003a595c	thunk_FUN_002a8ffc	thunk_FUN_002a8ffc	532	
003a5960	FUN_003a5960	FUN_003a5960	2	
003a59bc	thunk_FUN_002a8ffc	thunk_FUN_002a8ffc	532	
003a59c0	FUN_003a59c0	FUN_003a59c0	2	
003a5a18	thunk_FUN_002a8ffc	thunk_FUN_002a8ffc	532	
003a5a1c	FUN_003a5a1c	FUN_003a5a1c	2	
003a5a78	thunk_FUN_002a8ffc	thunk_FUN_002a8ffc	532	
003a5a7c	FUN_003a5a7c	FUN_003a5a7c	2	
003a5ad8	thunk_FUN_002a8ffc	thunk_FUN_002a8ffc	532	
003a5adc	FUN_003a5adc	FUN_003a5adc	2	
003a5b34	thunk_FUN_002a8ffc	thunk_FUN_002a8ffc	532	
003a5b38	FUN_003a5b38	FUN_003a5b38	2	
003a5b94	thunk_FUN_002a8ffc	thunk_FUN_002a8ffc	532	
003a5b98	FUN_003a5b98	FUN_003a5b98	2	
003a5bf0	thunk_FUN_002a8ffc	thunk_FUN_002a8ffc	532	
003a5bf4	FUN_003a5bf4	FUN_003a5bf4	2	
003a5c50	thunk_FUN_002a8ffc	thunk_FUN_002a8ffc	532	
003a5c54	FUN_003a5c54	FUN_003a5c54	2	
003a5cac	thunk_FUN_002a8ffc	thunk_FUN_002a8ffc	532	
003a5cb0	FUN_003a5cb0	FUN_003a5cb0	2	
003a5d0c	thunk_FUN_002a8ffc	thunk_FUN_002a8ffc	532	
003a5d10	FUN_003a5d10	FUN_003a5d10	2	
003a5d6c	thunk_FUN_002a8ffc	thunk_FUN_002a8ffc	532	
003a5d70	FUN_003a5d70	FUN_003a5d70	2	
003a5dcc	thunk_FUN_002a8ffc	thunk_FUN_002a8ffc	532	
003a5dd0	FUN_003a5dd0	FUN_003a5dd0	2	
003a5e28	thunk_FUN_002a8ffc	thunk_FUN_002a8ffc	532	
003a5e2c	FUN_003a5e2c	FUN_003a5e2c	2	
003a5e88	thunk_FUN_002a8ffc	thunk_FUN_002a8ffc	532	
003a5e8c	FUN_003a5e8c	FUN_003a5e8c	2	
003a5ee8	thunk_FUN_002a8ffc	thunk_FUN_002a8ffc	532	
003a5eec	FUN_003a5eec	FUN_003a5eec	2	
003a5f44	thunk_FUN_002a8ffc	thunk_FUN_002a8ffc	532	
003a5f48	FUN_003a5f48	FUN_003a5f48	2	
003a5fa4	thunk_FUN_002a8ffc	thunk_FUN_002a8ffc	532	
003a5fa8	FUN_003a5fa8	FUN_003a5fa8	2	
003a6000	thunk_FUN_002a8ffc	thunk_FUN_002a8ffc	532	
003a6004	FUN_003a6004	FUN_003a6004	2	
003a6060	thunk_FUN_002a8ffc	thunk_FUN_002a8ffc	532	
003a6064	FUN_003a6064	FUN_003a6064	2	
003a60c0	thunk_FUN_002a8ffc	thunk_FUN_002a8ffc	532	
003a60c4	FUN_003a60c4	FUN_003a60c4	2	
003a6120	thunk_FUN_002a8ffc	thunk_FUN_002a8ffc	532	
003a6124	FUN_003a6124	FUN_003a6124	2	
003a6180	thunk_FUN_002a8ffc	thunk_FUN_002a8ffc	532	
003a6184	FUN_003a6184	FUN_003a6184	2	
003a61e0	thunk_FUN_002a8ffc	thunk_FUN_002a8ffc	532	
003a61e4	FUN_003a61e4	FUN_003a61e4	2	
003a623c	thunk_FUN_002a8ffc	thunk_FUN_002a8ffc	532	
003a6240	FUN_003a6240	FUN_003a6240	2	
003a629c	thunk_FUN_002a8ffc	thunk_FUN_002a8ffc	532	
003a62a0	FUN_003a62a0	FUN_003a62a0	2	
003a62fc	thunk_FUN_002a8ffc	thunk_FUN_002a8ffc	532	
003a6300	FUN_003a6300	FUN_003a6300	2	
003a6358	thunk_FUN_002a8ffc	thunk_FUN_002a8ffc	532	
003a635c	FUN_003a635c	FUN_003a635c	2	
003a63b8	thunk_FUN_002a8ffc	thunk_FUN_002a8ffc	532	
003a63bc	FUN_003a63bc	FUN_003a63bc	2	
003a6418	thunk_FUN_002a8ffc	thunk_FUN_002a8ffc	532	
003a641c	FUN_003a641c	FUN_003a641c	2	
003a6474	thunk_FUN_002a8ffc	thunk_FUN_002a8ffc	532	
003a6478	FUN_003a6478	FUN_003a6478	2	
003a64d4	thunk_FUN_002a8ffc	thunk_FUN_002a8ffc	532	
003a64d8	FUN_003a64d8	FUN_003a64d8	2	
003a6534	thunk_FUN_002a8ffc	thunk_FUN_002a8ffc	532	
003a6538	FUN_003a6538	FUN_003a6538	2	
003a6590	thunk_FUN_002a8ffc	thunk_FUN_002a8ffc	532	
003a6594	FUN_003a6594	FUN_003a6594	2	
003a65f0	thunk_FUN_002a8ffc	thunk_FUN_002a8ffc	532	
003a65f4	FUN_003a65f4	FUN_003a65f4	2	
003a6650	thunk_FUN_002a8ffc	thunk_FUN_002a8ffc	532	
003a6654	FUN_003a6654	FUN_003a6654	2	
003a66b0	thunk_FUN_002a8ffc	thunk_FUN_002a8ffc	532	
003a66b4	FUN_003a66b4	FUN_003a66b4	2	
003a6710	thunk_FUN_002a8ffc	thunk_FUN_002a8ffc	532	
003a6714	FUN_003a6714	FUN_003a6714	2	
003a6770	thunk_FUN_002a8ffc	thunk_FUN_002a8ffc	532	
003a6774	FUN_003a6774	FUN_003a6774	2	
003a67d0	thunk_FUN_002a8ffc	thunk_FUN_002a8ffc	532	
003a67d4	FUN_003a67d4	FUN_003a67d4	2	
003a6830	thunk_FUN_002a8ffc	thunk_FUN_002a8ffc	532	
003a6834	FUN_003a6834	FUN_003a6834	2	
003a6890	thunk_FUN_002a8ffc	thunk_FUN_002a8ffc	532	
003a6894	FUN_003a6894	FUN_003a6894	2	
003a68f0	thunk_FUN_002a8ffc	thunk_FUN_002a8ffc	532	
003a68f4	FUN_003a68f4	FUN_003a68f4	2	
003a691c	FUN_003a691c	FUN_003a691c	2	
003a6ad0	thunk_FUN_002a8ffc	thunk_FUN_002a8ffc	532	
003a6ad4	FUN_003a6ad4	FUN_003a6ad4	2	
003a6b30	thunk_FUN_002a8ffc	thunk_FUN_002a8ffc	532	
003a6b34	FUN_003a6b34	FUN_003a6b34	2	
003a6b90	thunk_FUN_002a8ffc	thunk_FUN_002a8ffc	532	
003a6b94	FUN_003a6b94	FUN_003a6b94	2	
003a6bf0	thunk_FUN_002a8ffc	thunk_FUN_002a8ffc	532	
003a6bf4	FUN_003a6bf4	FUN_003a6bf4	2	
003a6c50	thunk_FUN_002a8ffc	thunk_FUN_002a8ffc	532	
003a6c54	FUN_003a6c54	FUN_003a6c54	2	
003a6cb0	thunk_FUN_002a8ffc	thunk_FUN_002a8ffc	532	
003a6cb4	FUN_003a6cb4	FUN_003a6cb4	2	
003a6cdc	FUN_003a6cdc	FUN_003a6cdc	2	
003a6e90	thunk_FUN_002a8ffc	thunk_FUN_002a8ffc	532	
003a6e94	FUN_003a6e94	FUN_003a6e94	2	
003a6ef0	thunk_FUN_002a8ffc	thunk_FUN_002a8ffc	532	
003a6ef4	FUN_003a6ef4	FUN_003a6ef4	2	
003a6f50	thunk_FUN_002a8ffc	thunk_FUN_002a8ffc	532	
003a6f54	FUN_003a6f54	FUN_003a6f54	2	
003a6fb0	thunk_FUN_002a8ffc	thunk_FUN_002a8ffc	532	
003a6fb4	FUN_003a6fb4	FUN_003a6fb4	2	
003a7010	thunk_FUN_002a8ffc	thunk_FUN_002a8ffc	532	
003a7014	FUN_003a7014	FUN_003a7014	2	
003a7070	thunk_FUN_002a8ffc	thunk_FUN_002a8ffc	532	
003a7074	FUN_003a7074	FUN_003a7074	2	
003a70d0	thunk_FUN_002a8ffc	thunk_FUN_002a8ffc	532	
003a70d4	FUN_003a70d4	FUN_003a70d4	2	
003a7130	thunk_FUN_002a8ffc	thunk_FUN_002a8ffc	532	
003a7134	FUN_003a7134	FUN_003a7134	2	
003a7190	thunk_FUN_002a8ffc	thunk_FUN_002a8ffc	532	
003a7194	FUN_003a7194	FUN_003a7194	2	
003a71f0	thunk_FUN_002a8ffc	thunk_FUN_002a8ffc	532	
003a71f4	FUN_003a71f4	FUN_003a71f4	2	
003a7250	thunk_FUN_002a8ffc	thunk_FUN_002a8ffc	532	
003a7254	FUN_003a7254	FUN_003a7254	2	
003a72b0	thunk_FUN_002a8ffc	thunk_FUN_002a8ffc	532	
003a72b4	FUN_003a72b4	FUN_003a72b4	2	
003a7310	thunk_FUN_002a8ffc	thunk_FUN_002a8ffc	532	
003a7314	FUN_003a7314	FUN_003a7314	2	
003a7370	thunk_FUN_002a8ffc	thunk_FUN_002a8ffc	532	
003a7374	FUN_003a7374	FUN_003a7374	2	
003a73d0	thunk_FUN_002a8ffc	thunk_FUN_002a8ffc	532	
003a73d4	FUN_003a73d4	FUN_003a73d4	2	
003a7430	thunk_FUN_002a8ffc	thunk_FUN_002a8ffc	532	
003a7434	FUN_003a7434	FUN_003a7434	2	
003a7490	thunk_FUN_002a8ffc	thunk_FUN_002a8ffc	532	
003a7494	FUN_003a7494	FUN_003a7494	2	
003a74f0	thunk_FUN_002a8ffc	thunk_FUN_002a8ffc	532	
003a74f4	FUN_003a74f4	FUN_003a74f4	2	
003a7550	thunk_FUN_002a8ffc	thunk_FUN_002a8ffc	532	
003a7554	FUN_003a7554	FUN_003a7554	2	
003a75b0	thunk_FUN_002a8ffc	thunk_FUN_002a8ffc	532	
003a75b4	FUN_003a75b4	FUN_003a75b4	2	
003a7610	thunk_FUN_002a8ffc	thunk_FUN_002a8ffc	532	
003a7614	FUN_003a7614	FUN_003a7614	2	
003a7670	thunk_FUN_002a8ffc	thunk_FUN_002a8ffc	532	
003a7674	FUN_003a7674	FUN_003a7674	2	
003a76d0	thunk_FUN_002a8ffc	thunk_FUN_002a8ffc	532	
003a76d4	FUN_003a76d4	FUN_003a76d4	2	
003a7730	thunk_FUN_002a8ffc	thunk_FUN_002a8ffc	532	
003a7734	FUN_003a7734	FUN_003a7734	2	
003a7790	thunk_FUN_002a8ffc	thunk_FUN_002a8ffc	532	
003a7794	FUN_003a7794	FUN_003a7794	2	
003a77f0	thunk_FUN_002a8ffc	thunk_FUN_002a8ffc	532	
003a77f4	FUN_003a77f4	FUN_003a77f4	2	
003a7854	FUN_003a7854	FUN_003a7854	2	
003a78b0	thunk_FUN_002a8ffc	thunk_FUN_002a8ffc	532	
003a78b4	FUN_003a78b4	FUN_003a78b4	2	
003a7910	thunk_FUN_002a8ffc	thunk_FUN_002a8ffc	532	
003a7914	FUN_003a7914	FUN_003a7914	2	
003a793c	FUN_003a793c	FUN_003a793c	2	
003a7978	thunk_FUN_002a8ffc	thunk_FUN_002a8ffc	532	
003a797c	FUN_003a797c	FUN_003a797c	2	
003a79a4	FUN_003a79a4	FUN_003a79a4	2	
003a79e0	thunk_FUN_002a8ffc	thunk_FUN_002a8ffc	532	
003a79e4	FUN_003a79e4	FUN_003a79e4	2	
003a7a0c	FUN_003a7a0c	FUN_003a7a0c	2	
003a7b4c	thunk_FUN_002a8ffc	thunk_FUN_002a8ffc	532	
003a7b50	FUN_003a7b50	FUN_003a7b50	2	
003a7b78	FUN_003a7b78	FUN_003a7b78	2	
003a7bc4	FUN_003a7bc4	FUN_003a7bc4	2	
003a7bec	FUN_003a7bec	FUN_003a7bec	2	
003a7c38	FUN_003a7c38	FUN_003a7c38	4	
003a7e98	FUN_003a7e98	FUN_003a7e98	2	
003a7f1c	FUN_003a7f1c	FUN_003a7f1c	4	
003a8484	FUN_003a8484	FUN_003a8484	4	
003a8610	FUN_003a8610	FUN_003a8610	4	
003a8754	FUN_003a8754	FUN_003a8754	4	
003a88c0	FUN_003a88c0	FUN_003a88c0	4	
003a8980	FUN_003a8980	FUN_003a8980	4	
003a8af8	FUN_003a8af8	FUN_003a8af8	3	
003a8eb8	FUN_003a8eb8	FUN_003a8eb8	3	
003a8fe4	FUN_003a8fe4	FUN_003a8fe4	4	
003a90b4	FUN_003a90b4	FUN_003a90b4	3	
003a90ec	FUN_003a90ec	FUN_003a90ec	4	
003a9134	FUN_003a9134	FUN_003a9134	3	
003a91d0	FUN_003a91d0	FUN_003a91d0	4	
003a9348	FUN_003a9348	FUN_003a9348	4	
003a93bc	FUN_003a93bc	FUN_003a93bc	3	
003a9408	FUN_003a9408	FUN_003a9408	3	
003a9454	FUN_003a9454	FUN_003a9454	2	
003a978c	FUN_003a978c	FUN_003a978c	4	
003a98ac	FUN_003a98ac	FUN_003a98ac	4	
003a99e4	FUN_003a99e4	FUN_003a99e4	3	
003a9b1c	FUN_003a9b1c	FUN_003a9b1c	3	
003a9c70	FUN_003a9c70	FUN_003a9c70	3	
003a9dc4	FUN_003a9dc4	FUN_003a9dc4	3	
003a9f18	FUN_003a9f18	FUN_003a9f18	4	
003aa000	FUN_003aa000	FUN_003aa000	2	
003aa0d0	FUN_003aa0d0	FUN_003aa0d0	2	
003aa1a0	FUN_003aa1a0	FUN_003aa1a0	2	
003aa274	FUN_003aa274	FUN_003aa274	3	
003aa304	FUN_003aa304	FUN_003aa304	3	
003aa854	FUN_003aa854	FUN_003aa854	3	
003aaf5c	FUN_003aaf5c	FUN_003aaf5c	2	
003ab044	FUN_003ab044	FUN_003ab044	2	
003ab178	FUN_003ab178	FUN_003ab178	4	
003ab3b0	FUN_003ab3b0	FUN_003ab3b0	4	
003ab948	FUN_003ab948	FUN_003ab948	3	
003ab9d0	FUN_003ab9d0	FUN_003ab9d0	4	
003abe58	FUN_003abe58	FUN_003abe58	3	
003ac3e4	FUN_003ac3e4	FUN_003ac3e4	3	
003ac71c	FUN_003ac71c	FUN_003ac71c	2	
003ac774	FUN_003ac774	FUN_003ac774	2	
003ac804	FUN_003ac804	FUN_003ac804	4	
003aca20	FUN_003aca20	FUN_003aca20	3	
003acb78	FUN_003acb78	FUN_003acb78	3	
003accf8	FUN_003accf8	FUN_003accf8	3	
003ace78	FUN_003ace78	FUN_003ace78	4	
003acfd0	FUN_003acfd0	FUN_003acfd0	3	
003ad150	FUN_003ad150	FUN_003ad150	3	
003ad2d0	FUN_003ad2d0	FUN_003ad2d0	3	
003ad428	FUN_003ad428	FUN_003ad428	3	
003ad6cc	FUN_003ad6cc	FUN_003ad6cc	3	
003ad824	FUN_003ad824	FUN_003ad824	3	
003ad9a4	FUN_003ad9a4	FUN_003ad9a4	3	
003adc48	FUN_003adc48	FUN_003adc48	4	
003adeec	FUN_003adeec	FUN_003adeec	3	
003ae0c0	FUN_003ae0c0	FUN_003ae0c0	4	
003ae354	FUN_003ae354	FUN_003ae354	3	
003ae5f4	FUN_003ae5f4	FUN_003ae5f4	4	
003ae894	FUN_003ae894	FUN_003ae894	2	
003ae8b8	FUN_003ae8b8	FUN_003ae8b8	4	
003aeb64	FUN_003aeb64	FUN_003aeb64	4	
003aed70	FUN_003aed70	FUN_003aed70	2	
003aedb4	FUN_003aedb4	FUN_003aedb4	2	
003aeddc	FUN_003aeddc	FUN_003aeddc	2	
003aee00	FUN_003aee00	FUN_003aee00	2	
003aee24	FUN_003aee24	FUN_003aee24	2	
003aee4c	FUN_003aee4c	FUN_003aee4c	2	
003aee70	FUN_003aee70	FUN_003aee70	2	
003aee98	FUN_003aee98	FUN_003aee98	2	
003aeec0	FUN_003aeec0	FUN_003aeec0	4	
003aeff8	FUN_003aeff8	FUN_003aeff8	3	
003af490	FUN_003af490	FUN_003af490	4	
003af5a8	FUN_003af5a8	FUN_003af5a8	4	
003af6e4	FUN_003af6e4	FUN_003af6e4	4	
003afbc0	FUN_003afbc0	FUN_003afbc0	4	
003b0020	FUN_003b0020	FUN_003b0020	4	
003b0490	FUN_003b0490	FUN_003b0490	4	
003b06a0	FUN_003b06a0	FUN_003b06a0	4	
003b0858	FUN_003b0858	FUN_003b0858	4	
003b09dc	FUN_003b09dc	FUN_003b09dc	4	
003b0f94	FUN_003b0f94	FUN_003b0f94	2	
003b1570	FUN_003b1570	FUN_003b1570	2	
003b1b94	FUN_003b1b94	FUN_003b1b94	2	
003b2248	FUN_003b2248	FUN_003b2248	4	
003b22b4	FUN_003b22b4	FUN_003b22b4	2	
003b22fc	FUN_003b22fc	FUN_003b22fc	4	
003b2350	FUN_003b2350	FUN_003b2350	2	
003b2394	FUN_003b2394	FUN_003b2394	3	
003b23a4	FUN_003b23a4	FUN_003b23a4	3	
003b23ac	FUN_003b23ac	FUN_003b23ac	3	
003b2404	FUN_003b2404	FUN_003b2404	4	
003b24a4	FUN_003b24a4	FUN_003b24a4	3	
003b25cc	FUN_003b25cc	FUN_003b25cc	4	
003bab98	FUN_003bab98	FUN_003bab98	2	
003babb8	FUN_003babb8	FUN_003babb8	3	
003cd01c	FUN_003cd01c	FUN_003cd01c	2	
003cd454	FUN_003cd454	FUN_003cd454	2	
003e4fc4	FUN_003e4fc4	FUN_003e4fc4	2	
003e7dc2	FUN_003e7dc2	FUN_003e7dc2	2	
003eb342	FUN_003eb342	FUN_003eb342	2	
003ece00	FUN_003ece00	FUN_003ece00	2	
